cod_ibge,municipio,uf,domicilios,esgoto_inadequado_pct,esgoto_adequado_pct,esgoto_rede_pct,fossa_septica_pct,fossa_rudimentar_pct,sem_banheiro_pct,agua_rede_pct,agua_poco_profundo_pct,agua_poco_raso_pct,agua_nascente_pct,agua_carropipa_pct,agua_chuva_pct,agua_superficial_pct,agua_sem_rede_pct
1100015,Alta Floresta D'Oeste,RO,7695,81.0,18.91,0.47,18.44,80.34,0.14,26.48,22.81,40.21,10.03,0.03,0.04,0.32,66.26
1100023,Ariquemes,RO,34768,66.33,33.57,1.99,31.58,66.08,0.03,54.34,20.05,24.77,0.77,0.0,0.01,0.01,34.64
1100031,Cabixi,RO,1967,83.63,16.37,1.58,14.79,83.48,0.0,39.3,32.99,22.06,5.59,0.0,0.0,0.05,50.64
1100049,Cacoal,RO,31917,21.12,78.78,67.19,11.59,20.71,0.05,80.07,8.05,6.73,5.05,0.0,0.0,0.03,17.47
1100056,Cerejeiras,RO,5873,13.01,86.94,57.99,28.95,12.99,0.0,49.48,24.03,26.15,0.32,0.0,0.0,0.0,31.93
1100064,Colorado do Oeste,RO,5991,66.52,33.32,2.62,30.7,66.15,0.02,70.81,11.25,10.43,7.28,0.0,0.0,0.15,24.59
1100072,Corumbiara,RO,2840,96.83,3.1,0.7,2.39,96.16,0.32,20.99,3.63,67.29,7.89,0.0,0.0,0.07,66.2
1100080,Costa Marques,RO,4161,83.73,15.72,0.05,15.67,83.25,0.41,19.35,19.35,60.39,0.34,0.0,0.0,0.36,78.18
1100098,Espigão D'Oeste,RO,10470,68.62,30.99,6.6,24.39,65.23,0.18,44.87,9.7,35.03,9.55,0.15,0.01,0.59,37.98
1100106,Guajará-Mirim,RO,11803,61.34,37.26,9.01,28.25,56.3,2.68,40.46,32.01,23.23,0.56,0.01,0.02,3.1,53.88
1100114,Jaru,RO,18947,71.77,27.93,1.78,26.15,71.03,0.03,46.12,9.86,40.07,3.84,0.0,0.02,0.04,36.63
1100122,Ji-Paraná,RO,45016,62.0,37.83,7.57,30.26,60.49,0.08,59.95,14.55,24.28,1.03,0.0,0.0,0.05,29.57
1100130,Machadinho D'Oeste,RO,10841,90.54,9.33,3.13,6.21,90.04,0.37,40.39,28.76,20.51,9.95,0.0,0.0,0.25,53.65
1100148,Nova Brasilândia D'Oeste,RO,5798,78.54,21.39,7.0,14.38,78.29,0.09,36.12,13.95,36.39,13.38,0.03,0.0,0.03,60.18
1100155,Ouro Preto do Oeste,RO,13323,83.87,15.99,2.23,13.76,80.23,0.04,56.66,12.2,27.75,3.28,0.0,0.02,0.03,33.65
1100189,Pimenta Bueno,RO,12351,72.87,26.95,9.44,17.5,72.28,0.06,76.36,8.55,8.73,5.83,0.02,0.01,0.44,20.44
1100205,Porto Velho,RO,151905,40.37,59.01,22.99,36.03,37.86,0.17,36.72,35.03,26.51,0.45,0.03,0.03,0.43,55.48
1100254,Presidente Médici,RO,7230,68.8,31.11,5.21,25.89,68.6,0.08,50.1,13.67,29.49,6.61,0.0,0.0,0.12,38.15
1100262,Rio Crespo,RO,1250,96.24,3.76,1.28,2.48,95.44,0.48,9.92,21.52,66.24,2.0,0.0,0.0,0.24,74.08
1100288,Rolim de Moura,RO,20991,69.97,29.88,3.62,26.26,69.26,0.03,66.36,7.94,24.14,1.45,0.01,0.0,0.05,26.63
1100296,Santa Luzia D'Oeste,RO,2758,96.3,3.55,2.86,0.69,95.9,0.11,33.61,17.33,36.58,12.33,0.0,0.0,0.11,55.08
1100304,Vilhena,RO,34975,52.3,47.66,4.91,42.74,52.2,0.01,92.88,4.87,0.66,1.23,0.04,0.02,0.24,5.36
1100320,São Miguel do Guaporé,RO,7884,78.2,21.26,1.81,19.44,77.87,0.14,15.69,17.71,64.7,1.83,0.0,0.0,0.01,72.32
1100338,Nova Mamoré,RO,8447,80.69,18.82,0.82,18.01,79.2,0.88,9.27,15.89,71.79,2.01,0.0,0.02,0.58,88.45
1100346,Alvorada D'Oeste,RO,4814,55.05,44.56,42.52,2.04,54.86,0.04,52.87,16.24,26.4,4.3,0.0,0.0,0.06,39.78
1100379,Alto Alegre dos Parecis,RO,4036,67.62,32.23,0.62,31.62,67.15,0.22,19.8,31.74,34.39,13.63,0.0,0.02,0.35,70.64
1100403,Alto Paraíso,RO,5762,70.29,29.64,0.14,29.5,69.91,0.05,8.8,45.24,45.0,0.9,0.02,0.0,0.02,84.48
1100452,Buritis,RO,9905,78.3,21.65,0.45,21.19,77.91,0.14,15.76,21.72,59.03,3.37,0.0,0.0,0.03,72.57
1100502,Novo Horizonte do Oeste,RO,2798,80.02,19.41,0.32,19.09,79.2,0.07,27.2,27.02,37.71,7.97,0.0,0.0,0.04,68.91
1100601,Cacaulândia,RO,1483,65.61,34.19,32.97,1.21,65.21,0.2,13.96,14.43,64.6,6.61,0.0,0.07,0.34,82.54
1100700,Campo Novo de Rondônia,RO,3066,90.93,8.71,0.26,8.45,89.66,0.49,19.02,12.69,60.4,7.8,0.0,0.0,0.0,74.62
1100809,Candeias do Jamari,RO,7431,77.51,21.95,1.2,20.75,77.12,0.11,53.47,14.17,29.66,0.35,0.0,0.04,0.73,43.41
1100908,Castanheiras,RO,1198,95.08,4.67,0.0,4.67,94.91,0.17,30.3,9.68,52.0,7.51,0.0,0.0,0.42,66.11
1100924,Chupinguaia,RO,3206,60.17,38.18,0.87,37.31,59.3,0.06,61.7,17.0,6.52,13.85,0.03,0.0,0.81,31.66
1100940,Cujubim,RO,5203,93.56,6.38,0.12,6.27,91.47,0.73,10.72,20.07,62.52,5.59,0.02,0.04,0.73,83.55
1101005,Governador Jorge Teixeira,RO,2890,99.34,0.55,0.03,0.52,99.03,0.24,2.01,8.34,79.79,9.79,0.0,0.0,0.07,94.57
1101104,Itapuã do Oeste,RO,2910,62.58,37.39,0.55,36.84,62.27,0.1,7.77,47.56,43.61,0.31,0.0,0.0,0.55,73.57
1101203,Ministro Andreazza,RO,2383,73.02,26.98,5.58,21.4,72.01,0.04,28.24,16.28,28.62,26.69,0.0,0.0,0.17,68.65
1101302,Mirante da Serra,RO,3508,89.97,9.92,7.78,2.14,89.45,0.09,26.34,20.44,49.26,3.85,0.0,0.0,0.0,61.63
1101401,Monte Negro,RO,4223,98.48,1.37,0.17,1.21,97.85,0.17,33.91,10.18,51.17,4.52,0.0,0.02,0.12,62.18
1101435,Nova União,RO,2230,79.42,20.09,0.9,19.19,79.06,0.27,17.76,13.77,47.58,20.63,0.04,0.0,0.18,75.02
1101450,Parecis,RO,1482,92.31,7.49,4.12,3.37,91.23,0.34,30.36,14.17,25.91,28.0,0.0,0.07,1.15,64.51
1101468,Pimenteiras do Oeste,RO,740,83.24,16.35,5.27,11.08,83.11,0.0,47.57,34.32,17.3,0.81,0.0,0.0,0.0,49.86
1101476,Primavera de Rondônia,RO,1133,97.18,2.65,0.26,2.38,96.91,0.0,58.69,19.95,11.74,9.44,0.0,0.0,0.18,38.66
1101484,São Felipe D'Oeste,RO,1962,90.42,9.43,0.0,9.43,90.01,0.0,32.42,26.96,31.75,8.72,0.0,0.0,0.05,62.03
1101492,São Francisco do Guaporé,RO,5799,90.31,9.19,0.26,8.93,90.0,0.24,4.83,11.02,83.01,0.79,0.0,0.0,0.19,90.65
1101500,Seringueiras,RO,3951,83.85,16.07,14.53,1.54,83.14,0.18,21.39,7.77,70.24,0.58,0.0,0.0,0.0,70.49
1101559,Teixeirópolis,RO,1582,95.76,3.79,0.32,3.48,94.94,0.19,10.3,44.31,33.31,11.82,0.0,0.0,0.19,86.85
1101609,Theobroma,RO,3007,84.57,14.97,0.23,14.73,84.24,0.13,11.91,13.54,66.18,8.31,0.0,0.0,0.03,75.79
1101708,Urupá,RO,3950,93.19,6.71,3.59,3.11,93.11,0.03,30.86,23.32,40.28,5.37,0.05,0.03,0.1,60.61
1101757,Vale do Anari,RO,2800,94.43,5.14,0.07,5.07,94.18,0.07,11.57,28.11,51.32,8.79,0.0,0.0,0.0,81.29
1101807,Vale do Paraíso,RO,2446,93.34,6.58,0.04,6.54,92.93,0.0,0.0,9.48,77.15,13.29,0.0,0.0,0.0,97.91
1200013,Acrelândia,AC,4461,73.44,25.26,0.85,24.41,70.63,0.49,27.15,9.24,57.66,2.91,0.67,0.04,1.77,59.11
1200054,Assis Brasil,AC,2426,77.54,18.05,6.6,11.46,56.39,7.25,56.55,5.48,7.75,27.7,0.0,0.04,2.18,40.11
1200104,Brasiléia,AC,8665,51.77,46.34,33.49,12.84,27.24,3.88,61.3,5.82,5.17,25.68,0.08,0.03,1.67,32.98
1200138,Bujari,AC,4193,72.57,19.08,3.74,15.34,51.71,3.53,40.21,7.75,24.49,8.61,0.1,0.38,17.86,57.05
1200179,Capixaba,AC,3468,74.65,18.66,1.12,17.53,69.06,3.52,39.13,18.51,13.73,21.6,0.09,0.03,6.63,57.35
1200203,Cruzeiro do Sul,AC,26737,70.04,25.95,8.59,17.36,46.09,2.02,66.58,11.53,16.32,0.22,0.31,0.17,4.29,27.86
1200252,Epitaciolândia,AC,6477,53.03,39.85,4.66,35.19,40.22,0.74,61.94,10.31,2.47,21.32,0.0,0.05,3.04,35.16
1200302,Feijó,AC,9366,86.34,8.71,3.4,5.32,40.24,12.61,17.29,8.48,44.66,12.47,0.0,0.21,15.71,74.61
1200328,Jordão,AC,2003,79.53,5.74,3.44,2.3,57.81,15.88,46.28,1.65,5.09,8.44,0.0,0.0,37.39,51.57
1200336,Mâncio Lima,AC,5678,88.04,2.78,1.29,1.5,74.62,0.35,59.65,8.74,19.87,3.8,0.0,0.11,7.08,34.96
1200344,Manoel Urbano,AC,3242,70.05,24.68,15.45,9.22,17.92,15.92,49.85,5.0,13.26,17.03,0.06,0.31,14.19,48.74
1200351,Marechal Thaumaturgo,AC,4321,87.39,8.31,1.71,6.6,36.64,23.72,37.1,2.5,26.66,3.91,2.01,2.08,25.16,59.94
1200385,Plácido de Castro,AC,5552,75.18,21.79,5.85,15.94,68.5,0.88,40.78,15.9,36.33,2.79,0.45,0.04,2.95,50.85
1200393,Porto Walter,AC,2611,57.1,26.46,5.17,21.29,22.79,16.93,51.97,11.07,9.0,1.19,0.0,1.23,24.82,41.78
1200401,Rio Branco,AC,123861,19.63,79.41,68.19,11.22,11.25,0.59,58.99,21.55,15.48,1.08,0.7,0.1,1.59,31.81
1200427,Rodrigues Alves,AC,4197,88.71,4.81,1.93,2.88,75.29,3.67,58.14,7.46,28.04,0.74,0.02,0.0,5.17,39.7
1200435,Santa Rosa do Purus,AC,1344,80.8,13.69,4.24,9.45,16.67,29.02,47.54,2.98,2.01,33.78,0.0,0.3,12.28,51.04
1200450,Senador Guiomard,AC,6961,67.88,29.67,0.59,29.08,64.4,0.78,29.74,12.61,49.46,5.47,0.04,0.04,2.17,60.51
1200500,Sena Madureira,AC,12627,53.92,34.88,17.24,17.64,26.59,3.48,41.21,14.64,15.32,24.37,0.26,0.16,3.42,51.7
1200609,Tarauacá,AC,11273,74.47,4.17,2.53,1.64,43.91,4.28,39.14,2.34,28.93,3.38,0.01,0.2,24.64,56.92
1200708,Xapuri,AC,6090,63.48,30.51,21.38,9.13,31.77,11.76,47.22,8.23,9.18,28.08,0.03,0.02,6.83,48.78
1200807,Porto Acre,AC,5448,70.1,25.57,1.4,24.17,62.61,1.65,17.55,37.08,31.39,7.25,0.04,0.09,6.15,80.29
1300029,Alvarães,AM,3398,91.91,6.56,3.88,2.68,74.25,4.91,63.57,26.49,0.24,0.26,0.0,0.35,5.68,20.45
1300060,Amaturá,AM,2156,72.68,25.28,1.86,23.42,56.08,0.65,66.23,7.19,0.14,1.35,0.0,10.39,14.33,31.26
1300086,Anamã,AM,2316,72.88,22.97,3.32,19.65,53.8,0.91,43.74,24.01,2.63,1.17,0.0,2.03,25.56,34.97
1300102,Anori,AM,4147,95.18,4.22,3.95,0.27,69.16,0.12,66.8,2.82,0.65,0.12,0.14,0.96,28.29,32.24
1300144,Apuí,AM,5789,94.52,4.8,1.04,3.77,89.34,0.66,30.68,12.3,35.26,16.69,0.03,0.29,4.44,51.22
1300201,Atalaia do Norte,AM,3390,76.43,7.37,1.95,5.43,27.05,15.19,43.63,0.32,2.57,0.32,0.0,10.68,40.68,55.22
1300300,Autazes,AM,11007,85.42,12.04,7.26,4.78,76.15,1.44,25.46,19.57,30.04,0.85,0.02,0.19,22.89,69.99
1300409,Barcelos,AM,4253,79.87,14.7,9.76,4.94,48.86,23.84,54.97,14.44,0.8,0.28,0.0,1.72,27.44,38.61
1300508,Barreirinha,AM,6895,85.87,10.62,3.13,7.48,82.7,0.7,60.93,21.73,0.67,0.17,0.0,0.12,15.61,28.76
1300607,Benjamin Constant,AM,7742,80.9,16.06,2.7,13.36,53.47,2.07,62.44,0.21,0.8,0.06,0.04,31.44,4.43,32.54
1300631,Beruri,AM,4556,90.98,5.36,2.9,2.46,52.96,2.74,53.56,13.74,2.61,0.86,0.04,5.95,22.41,37.31
1300680,Boa Vista do Ramos,AM,4594,87.94,11.91,4.01,7.9,78.67,0.35,56.6,15.52,0.33,0.48,0.0,0.28,26.64,31.72
1300706,Boca do Acre,AM,10162,72.79,13.18,7.49,5.69,52.27,2.53,46.41,18.93,9.2,6.88,1.23,0.35,15.61,49.83
1300805,Borba,AM,7986,83.83,7.09,1.48,5.61,78.8,1.77,61.34,14.98,2.77,0.36,0.0,0.19,19.35,25.49
1300839,Caapiranga,AM,2967,92.52,1.15,0.47,0.67,69.63,1.95,30.47,58.41,0.67,0.74,0.0,0.88,7.95,55.21
1300904,Canutama,AM,4552,82.43,8.28,4.33,3.95,63.86,1.85,50.44,19.55,16.92,0.77,0.0,0.0,10.22,42.33
1301001,Carauari,AM,7241,77.89,20.23,15.3,4.93,55.39,1.73,73.91,15.65,0.18,0.15,0.0,1.41,8.01,19.67
1301100,Careiro,AM,9067,76.17,19.46,6.13,13.32,65.14,1.24,42.85,25.71,11.3,0.5,0.0,0.46,17.66,54.64
1301159,Careiro da Várzea,AM,5780,95.28,4.19,0.71,3.48,80.71,1.02,19.26,24.53,6.33,0.5,0.02,1.87,47.2,68.91
1301209,Coari,AM,17564,57.73,39.76,33.28,6.48,23.85,1.67,18.44,61.98,1.24,0.32,0.01,0.57,17.09,60.78
1301308,Codajás,AM,5571,57.69,40.41,36.51,3.9,17.68,2.3,57.82,20.21,1.51,0.09,0.0,2.39,15.08,38.57
1301407,Eirunepé,AM,8130,94.32,1.01,0.54,0.47,56.99,7.13,40.84,24.82,15.4,0.71,0.0,0.16,17.45,54.64
1301506,Envira,AM,4185,95.63,1.17,0.91,0.26,65.3,8.79,16.77,11.73,53.93,0.57,0.02,0.26,16.3,73.0
1301605,Fonte Boa,AM,5345,82.15,10.59,1.48,9.11,51.92,3.85,70.89,4.21,0.37,0.07,0.02,15.14,8.53,26.04
1301654,Guajará,AM,3611,74.74,4.68,2.99,1.69,61.7,0.94,37.64,12.16,29.55,2.49,0.0,0.36,17.09,54.14
1301704,Humaitá,AM,14416,73.54,24.3,11.54,12.76,52.13,3.93,73.64,12.33,2.56,0.56,0.15,0.33,9.75,22.92
1301803,Ipixuna,AM,4806,91.49,2.68,2.58,0.1,55.51,9.49,63.3,5.76,1.25,1.19,0.02,0.71,27.01,34.98
1301852,Iranduba,AM,17757,64.27,33.58,4.23,29.35,57.73,0.49,50.63,36.48,1.72,0.75,0.07,0.19,7.23,45.22
1301902,Itacoatiara,AM,27664,64.11,34.36,8.17,26.19,57.79,0.45,70.41,13.92,2.87,1.55,0.03,0.17,10.09,25.88
1301951,Itamarati,AM,2333,96.36,2.44,0.99,1.46,45.18,22.93,36.18,39.61,1.71,0.0,0.0,0.47,21.17,59.28
1302009,Itapiranga,AM,2599,73.84,25.63,8.73,16.89,70.95,0.65,65.56,23.43,0.65,0.42,0.04,0.35,8.5,17.08
1302108,Japurá,AM,1735,85.19,11.87,1.96,9.91,54.29,12.85,58.85,9.05,0.06,0.0,0.12,12.05,18.85,34.24
1302207,Juruá,AM,2529,69.12,23.49,22.62,0.87,17.99,1.46,61.72,18.03,0.12,0.63,0.0,6.88,11.07,25.74
1302306,Jutaí,AM,4845,86.52,2.25,1.28,0.97,19.92,5.12,72.09,10.32,0.1,0.0,0.0,7.08,7.02,19.86
1302405,Lábrea,AM,11269,59.38,35.11,28.71,6.4,25.9,8.51,14.63,62.65,5.02,1.69,0.28,0.54,14.07,71.58
1302504,Manacapuru,AM,26883,73.75,23.25,13.17,10.08,57.54,0.33,52.41,30.21,1.12,0.76,0.0,1.05,13.31,40.87
1302553,Manaquiri,AM,4956,88.52,7.53,1.53,5.99,74.37,0.93,38.88,20.02,3.79,0.56,0.06,2.1,33.64,57.53
1302603,Manaus,AM,630062,27.71,71.23,50.6,20.63,18.33,0.08,76.24,21.87,0.64,0.1,0.03,0.03,0.24,14.88
1302702,Manicoré,AM,12170,85.6,12.97,1.22,11.76,81.79,1.41,45.67,9.24,19.82,1.6,0.0,0.78,22.31,49.39
1302801,Maraã,AM,3021,73.62,14.0,7.41,6.59,24.53,4.37,50.35,10.2,0.5,0.4,0.0,8.01,29.73,43.96
1302900,Maués,AM,13271,69.14,30.07,17.73,12.34,66.42,0.48,54.52,20.26,0.78,0.94,0.01,0.08,22.94,35.33
1303007,Nhamundá,AM,4570,78.18,15.69,4.6,11.09,65.51,0.53,63.5,20.18,0.57,1.36,0.0,0.18,13.09,23.76
1303106,Nova Olinda do Norte,AM,6480,84.83,13.41,6.27,7.15,74.07,0.77,52.95,13.78,11.56,0.12,0.02,0.09,19.88,44.17
1303205,Novo Airão,AM,4165,77.48,22.14,10.18,11.96,62.33,12.44,69.27,14.38,0.43,0.19,0.0,0.24,15.03,23.48
1303304,Novo Aripuanã,AM,4785,71.83,27.23,14.9,12.33,54.9,2.59,39.52,9.89,27.36,1.67,0.23,0.19,19.37,55.86
1303403,Parintins,AM,23900,52.33,46.31,10.0,36.32,49.07,0.31,82.57,8.65,0.25,0.11,0.0,0.07,7.09,13.11
1303502,Pauini,AM,3960,75.73,17.6,5.68,11.92,38.46,13.96,1.01,62.78,3.96,2.88,0.0,0.43,28.18,98.18
1303536,Presidente Figueiredo,AM,9389,32.63,65.2,31.26,33.94,29.84,1.0,56.92,15.05,10.16,9.23,2.96,0.39,4.8,35.87
1303569,Rio Preto da Eva,AM,7806,55.79,43.08,8.48,34.6,52.09,1.24,47.0,25.54,5.8,11.3,0.0,0.86,8.58,49.0
1303601,Santa Isabel do Rio Negro,AM,2740,94.27,5.0,3.91,1.09,51.68,38.03,43.36,10.15,0.0,0.58,0.0,4.31,41.46,49.96
1303700,Santo Antônio do Içá,AM,5253,94.8,4.32,1.68,2.65,72.15,1.05,18.47,54.75,0.49,0.76,0.0,10.91,14.24,75.42
1303809,São Gabriel da Cachoeira,AM,10603,82.01,13.04,3.32,9.72,35.88,39.31,23.78,22.86,7.45,1.61,0.03,19.05,24.06,69.63
1303908,São Paulo de Olivença,AM,6010,75.06,13.18,5.44,7.74,44.64,5.21,42.9,2.46,4.78,0.43,0.07,34.53,14.16,55.47
1303957,São Sebastião do Uatumã,AM,2665,83.19,16.47,0.75,15.72,76.1,0.98,80.83,6.27,0.86,0.53,0.0,0.08,9.98,16.66
1304005,Silves,AM,2825,76.18,17.35,4.11,13.24,69.7,0.78,54.73,13.84,1.49,1.03,0.07,0.11,27.19,39.79
1304062,Tabatinga,AM,13839,63.15,30.35,10.67,19.68,44.96,1.39,45.93,41.76,1.12,0.04,0.03,9.28,1.25,48.33
1304104,Tapauá,AM,4792,89.75,7.55,5.59,1.96,13.11,5.4,53.59,16.03,0.35,0.15,0.0,0.46,27.15,35.68
1304203,Tefé,AM,17460,67.81,31.32,13.97,17.35,29.26,2.19,72.26,21.4,0.45,0.11,0.0,0.64,4.16,20.46
1304237,Tonantins,AM,3380,58.91,40.53,5.03,35.5,50.71,0.24,20.5,56.07,1.18,0.38,0.0,13.58,8.17,76.54
1304260,Uarini,AM,3057,80.57,2.0,1.77,0.23,66.5,4.91,68.79,8.28,1.14,0.13,0.03,6.58,12.46,29.47
1304302,Urucará,AM,4279,87.87,12.04,0.82,11.22,78.9,0.14,75.44,15.63,1.71,0.63,0.0,0.02,6.29,13.95
1304401,Urucurituba,AM,5202,65.24,27.74,3.13,24.61,56.15,0.42,65.47,8.23,1.42,0.79,0.0,0.6,19.22,28.85
1400027,Amajari,RR,2996,55.07,37.92,6.24,31.68,24.7,24.97,47.93,15.42,8.91,2.6,0.07,0.1,24.27,44.03
1400050,Alto Alegre,RR,5060,63.75,32.89,9.78,23.1,33.28,28.7,38.68,20.71,10.38,0.4,0.0,0.14,29.03,56.13
1400100,Boa Vista,RR,119011,11.5,88.3,61.29,27.02,11.1,0.08,93.72,4.51,1.29,0.02,0.1,0.01,0.11,5.2
1400159,Bonfim,RR,3498,57.26,39.59,6.15,33.45,54.37,2.09,60.23,13.69,23.84,0.09,0.0,0.0,0.54,36.88
1400175,Cantá,RR,5429,52.4,41.89,1.47,40.41,49.11,2.06,50.16,12.56,35.03,0.28,0.0,0.02,0.92,47.08
1400209,Caracaraí,RR,6087,36.06,61.84,34.68,27.16,32.46,2.83,62.13,14.42,18.63,0.11,0.02,0.0,3.6,34.78
1400233,Caroebe,RR,3130,75.59,18.91,11.31,7.6,73.1,0.77,60.51,8.79,28.72,0.7,0.0,0.0,0.8,38.56
1400282,Iracema,RR,2925,27.35,71.15,31.76,39.38,14.7,11.35,53.47,10.36,25.3,0.58,0.03,0.07,9.78,43.49
1400308,Mucajaí,RR,5339,26.15,73.42,29.05,44.37,23.17,2.1,64.97,11.24,21.43,0.21,0.0,0.02,1.82,31.3
1400407,Normandia,RR,2719,87.5,11.22,0.44,10.78,80.91,3.46,59.36,8.57,19.75,6.11,0.0,0.0,5.22,28.61
1400456,Pacaraima,RR,3958,39.16,60.33,6.39,53.94,31.88,6.24,71.37,8.56,1.06,14.25,0.0,0.33,3.44,12.76
1400472,Rorainópolis,RR,10064,62.27,36.06,4.39,31.67,59.94,1.46,48.25,13.87,35.31,0.23,0.0,0.09,1.84,44.18
1400506,São João da Baliza,RR,2603,79.1,18.67,4.92,13.75,75.87,0.77,64.46,12.72,21.94,0.15,0.0,0.04,0.54,30.93
1400605,São Luiz do Anauá,RR,2260,84.16,14.2,4.42,9.78,82.79,0.58,69.2,6.73,23.32,0.31,0.0,0.0,0.44,29.82
1400704,Uiramutã,RR,2339,96.19,1.28,0.21,1.07,67.51,20.14,54.3,6.16,0.56,20.52,0.17,0.04,13.64,26.51
1500107,Abaetetuba,PA,43033,57.01,40.53,4.49,36.04,39.84,0.25,17.36,53.84,9.89,0.2,0.02,0.11,17.13,78.31
1500131,Abel Figueiredo,PA,2000,92.5,7.4,2.5,4.9,90.3,0.8,81.25,8.65,7.25,0.2,0.05,0.0,2.5,17.5
1500206,Acará,PA,17057,57.47,37.83,2.2,35.63,47.98,1.16,24.56,51.66,14.22,1.01,0.22,0.09,7.21,62.17
1500305,Afuá,PA,9038,65.71,10.48,2.43,8.04,52.5,0.66,17.82,0.93,0.63,0.01,0.0,0.22,76.82,77.23
1500347,Água Azul do Norte,PA,5618,96.03,2.65,0.2,2.46,92.36,1.66,19.15,36.77,38.91,1.92,0.0,0.0,1.94,73.09
1500404,Alenquer,PA,17906,62.04,36.43,5.94,30.49,55.52,0.33,19.68,48.17,23.39,0.34,0.03,0.03,4.84,75.44
1500503,Almeirim,PA,9116,65.87,27.13,17.56,9.57,55.36,0.5,60.16,15.77,4.82,3.77,0.04,0.03,14.93,33.93
1500602,Altamira,PA,41217,31.91,67.28,49.09,18.19,28.39,1.78,43.98,26.86,22.96,2.09,1.7,0.02,1.46,44.28
1500701,Anajás,PA,6369,79.31,1.02,0.28,0.74,70.86,0.69,6.72,14.18,25.56,0.02,0.0,0.27,53.16,91.8
1500800,Ananindeua,PA,154891,19.55,80.22,31.48,48.74,16.05,0.17,37.33,57.15,3.99,0.05,0.0,0.01,0.01,55.44
1500859,Anapu,PA,9335,88.97,9.53,1.97,7.56,81.29,5.9,7.03,12.19,72.21,3.85,2.2,0.02,1.51,89.33
1500909,Augusto Corrêa,PA,12365,75.7,19.41,3.94,15.47,64.12,0.65,50.83,23.63,23.05,0.17,0.0,0.0,0.53,45.58
1500958,Aurora do Pará,PA,6652,60.39,39.1,0.87,38.23,56.13,1.73,65.33,17.65,12.58,1.43,0.0,0.06,2.5,31.9
1501006,Aveiro,PA,4647,72.84,26.6,5.68,20.92,68.15,0.47,27.89,27.18,27.03,6.61,0.02,0.02,10.67,62.56
1501105,Bagre,PA,5748,83.47,0.63,0.19,0.43,63.9,2.49,43.68,5.34,1.3,0.23,0.0,0.12,43.62,54.09
1501204,Baião,PA,12116,95.19,4.4,2.79,1.61,93.69,0.19,58.5,27.11,6.78,4.05,0.02,0.14,2.01,31.64
1501253,Bannach,PA,1323,97.81,1.36,0.23,1.13,93.8,1.89,45.05,33.41,8.24,11.94,0.0,0.0,0.83,46.26
1501303,Barcarena,PA,37980,52.96,46.08,15.15,30.93,47.55,0.33,31.07,47.86,14.08,0.09,1.07,0.07,1.93,61.96
1501402,Belém,PA,422975,15.64,83.95,59.91,24.04,10.93,0.09,67.13,30.1,1.64,0.04,0.0,0.03,0.17,23.7
1501451,Belterra,PA,5350,73.5,23.85,1.12,22.73,70.37,0.21,69.79,26.22,0.58,0.71,0.8,0.06,0.62,20.88
1501501,Benevides,PA,20497,35.94,63.09,7.17,55.92,31.98,0.2,70.65,23.14,5.38,0.06,0.0,0.03,0.07,26.16
1501576,Bom Jesus do Tocantins,PA,5108,90.09,8.16,1.96,6.21,84.63,2.82,48.39,24.86,22.47,3.31,0.1,0.0,0.57,42.29
1501600,Bonito,PA,4214,82.11,17.25,0.55,16.71,80.4,0.93,73.61,15.57,6.07,3.13,0.0,0.0,0.69,22.05
1501709,Bragança,PA,37060,53.9,44.75,4.6,40.15,42.54,0.41,31.18,58.4,7.51,0.31,0.02,0.01,0.49,64.42
1501725,Brasil Novo,PA,7195,83.75,15.86,5.75,10.1,81.86,1.04,63.81,7.98,11.4,13.87,0.1,0.1,2.32,30.99
1501758,Brejo Grande do Araguaia,PA,2130,71.88,14.84,1.55,13.29,70.66,0.61,69.48,10.47,15.4,2.3,0.0,0.0,2.16,24.13
1501782,Breu Branco,PA,13532,74.71,24.79,11.48,13.31,71.74,1.45,28.13,44.24,21.9,2.03,0.01,0.0,3.24,65.45
1501808,Breves,PA,24356,78.28,13.04,0.75,12.28,65.89,0.8,20.07,23.21,9.37,0.04,0.69,0.29,45.09,77.48
1501907,Bujaru,PA,7099,65.9,27.06,3.44,23.62,59.52,1.62,42.4,30.19,21.12,0.65,0.0,0.03,4.66,55.68
1501956,Cachoeira do Piriá,PA,5620,75.34,22.44,0.27,22.17,68.61,1.1,32.51,7.78,56.28,0.62,0.02,0.07,0.3,62.85
1502004,Cachoeira do Arari,PA,6550,43.42,55.02,5.53,49.5,36.38,0.66,40.99,35.53,13.76,0.85,0.0,0.08,4.81,52.76
1502103,Cametá,PA,33318,77.7,16.51,3.97,12.54,60.47,0.59,45.55,24.32,4.51,0.04,0.0,0.09,22.9,51.18
1502152,Canaã dos Carajás,PA,24376,22.55,77.13,59.78,17.35,21.95,0.15,66.83,15.4,16.81,0.32,0.12,0.02,0.11,22.06
1502202,Capanema,PA,23060,60.45,37.55,5.19,32.36,55.16,0.21,32.3,43.66,22.97,0.33,0.0,0.01,0.18,60.98
1502301,Capitão Poço,PA,18213,78.82,18.7,1.98,16.71,72.31,0.46,67.5,18.14,12.49,0.89,0.0,0.0,0.6,27.55
1502400,Castanhal,PA,63783,34.07,65.53,17.19,48.34,21.07,0.08,43.22,51.14,3.91,0.3,0.0,0.01,0.17,50.44
1502509,Chaves,PA,4748,83.82,3.98,0.99,2.99,67.17,0.59,20.37,6.42,1.18,0.02,0.0,1.62,69.57,78.77
1502608,Colares,PA,3995,54.09,45.01,3.03,41.98,49.04,0.7,84.16,13.27,1.25,0.35,0.0,0.03,0.08,14.49
1502707,Conceição do Araguaia,PA,15172,82.59,16.2,2.29,13.91,79.77,2.06,32.86,54.32,10.15,0.94,0.0,0.04,0.98,52.28
1502756,Concórdia do Pará,PA,7968,57.59,38.2,2.41,35.79,49.7,0.56,23.03,47.28,26.47,0.45,0.0,0.04,0.99,72.85
1502764,Cumaru do Norte,PA,3626,74.6,22.42,3.03,19.39,61.17,12.8,45.37,39.05,3.97,5.18,0.61,0.03,5.07,52.45
1502772,Curionópolis,PA,6416,37.34,61.05,2.23,58.82,34.09,0.81,64.26,17.07,13.61,3.4,0.59,0.0,0.12,24.28
1502806,Curralinho,PA,8164,74.58,2.07,0.44,1.63,64.45,0.53,12.43,13.83,10.77,0.04,0.01,0.07,62.63,81.53
1502855,Curuá,PA,3903,84.91,14.58,4.84,9.74,78.5,0.36,70.23,12.48,0.67,0.03,0.03,0.0,16.14,28.08
1502905,Curuçá,PA,12131,39.29,59.86,6.17,53.69,30.32,0.21,87.78,8.91,1.82,0.15,0.01,0.32,0.45,10.99
1502939,Dom Eliseu,PA,15347,85.2,14.5,3.36,11.14,84.3,0.65,79.74,15.2,2.03,0.18,1.04,0.04,1.61,9.73
1502954,Eldorado do Carajás,PA,8905,65.9,32.58,2.43,30.15,64.71,0.89,42.47,26.1,29.72,0.6,0.11,0.03,0.49,54.09
1503002,Faro,PA,2096,50.05,49.09,2.29,46.8,47.09,0.14,78.67,10.5,0.29,0.14,2.72,0.05,5.87,14.84
1503044,Floresta do Araguaia,PA,5986,88.62,9.86,0.37,9.49,84.15,3.79,12.51,61.54,19.5,1.24,0.0,0.02,0.6,84.35
1503077,Garrafão do Norte,PA,7710,84.76,10.49,0.92,9.57,74.05,0.29,40.06,30.77,26.51,1.37,0.0,0.01,0.74,51.26
1503093,Goianésia do Pará,PA,8289,83.83,14.83,2.1,12.73,77.95,1.13,14.88,28.54,50.22,1.47,0.16,0.1,3.64,78.91
1503101,Gurupá,PA,7375,70.66,28.88,0.37,28.52,58.56,0.56,35.57,14.86,1.14,0.04,0.01,0.11,47.93,60.19
1503200,Igarapé-Açu,PA,11529,81.18,14.73,0.99,13.74,75.84,0.49,72.04,20.35,3.56,0.43,0.01,0.01,1.4,25.65
1503309,Igarapé-Miri,PA,16925,74.63,22.41,4.8,17.61,55.59,0.45,17.61,41.86,10.51,0.05,0.01,0.05,29.32,78.39
1503408,Inhangapi,PA,3213,91.97,1.53,0.62,0.9,90.26,0.16,65.23,17.96,11.08,1.4,0.0,0.0,4.14,32.9
1503457,Ipixuna do Pará,PA,8758,62.91,33.69,12.9,20.79,54.84,1.23,77.11,11.42,6.68,0.42,0.0,0.08,4.01,18.67
1503507,Irituia,PA,9562,52.88,41.35,9.42,31.93,43.55,1.02,61.79,23.27,11.68,0.51,0.0,0.06,1.98,35.07
1503606,Itaituba,PA,36386,76.37,21.92,4.44,17.48,73.2,0.22,25.52,24.4,45.53,2.57,0.04,0.02,1.1,68.59
1503705,Itupiranga,PA,13778,79.47,18.68,5.44,13.25,75.79,0.78,17.64,28.04,48.54,4.05,0.01,0.04,0.86,74.32
1503754,Jacareacanga,PA,5086,87.32,11.29,1.06,10.22,71.61,11.97,39.83,29.91,13.21,1.34,0.59,0.22,14.16,50.2
1503804,Jacundá,PA,12607,74.82,24.53,10.41,14.13,70.78,0.93,30.98,18.92,47.97,0.79,0.06,0.02,0.58,54.58
1503903,Juruti,PA,12346,59.5,39.44,4.05,35.39,54.36,0.49,79.43,10.58,1.29,1.23,0.02,0.01,6.77,18.35
1504000,Limoeiro do Ajuru,PA,7177,95.3,1.34,0.64,0.7,58.13,0.92,26.79,27.76,0.68,0.04,0.0,0.06,43.64,67.33
1504059,Mãe do Rio,PA,9890,75.85,22.81,5.33,17.48,70.91,0.25,25.04,42.1,29.97,0.26,0.0,0.01,0.2,68.79
1504109,Magalhães Barata,PA,2495,72.51,25.81,0.52,25.29,70.86,0.28,92.91,4.41,0.44,1.04,0.0,0.04,0.72,5.49
1504208,Marabá,PA,86027,55.03,44.11,22.2,21.91,51.02,0.43,39.95,37.81,20.56,0.46,0.08,0.02,0.29,50.93
1504307,Maracanã,PA,7716,46.45,51.75,4.22,47.52,40.72,0.3,60.01,33.35,3.81,0.44,0.0,0.01,1.27,31.97
1504406,Marapanim,PA,8375,82.32,16.11,5.52,10.59,75.52,0.08,68.35,22.64,6.16,0.32,0.0,0.01,0.76,27.0
1504422,Marituba,PA,35884,39.03,60.73,22.2,38.54,28.25,0.14,51.07,44.25,3.06,0.03,0.0,0.03,0.02,39.52
1504455,Medicilândia,PA,8955,85.75,13.81,5.65,8.16,82.98,0.86,27.08,13.99,41.61,15.4,0.15,0.03,1.41,65.52
1504505,Melgaço,PA,5715,92.34,6.11,4.06,2.05,72.7,6.75,8.64,7.07,21.05,0.02,0.0,0.1,62.99,88.28
1504604,Mocajuba,PA,6854,83.05,14.47,6.71,7.76,74.91,1.15,40.5,44.19,4.36,1.05,0.0,0.0,8.04,50.41
1504703,Moju,PA,25016,77.51,20.4,1.81,18.59,70.08,1.23,36.24,25.68,28.05,1.14,0.02,0.1,7.78,59.04
1504752,Mojuí dos Campos,PA,7478,84.7,14.08,1.02,13.06,73.43,0.16,45.63,38.53,10.0,2.5,0.62,0.11,1.79,52.69
1504802,Monte Alegre,PA,18315,84.95,14.38,0.75,13.63,82.66,0.56,30.6,42.97,16.27,0.87,1.89,0.02,3.16,66.11
1504901,Muaná,PA,10636,55.48,38.38,1.39,36.99,27.22,0.26,44.47,6.48,2.21,0.03,0.0,0.15,46.11,53.48
1504950,Nova Esperança do Piriá,PA,6025,82.52,9.0,0.43,8.56,79.93,1.06,13.91,17.24,64.96,1.78,0.0,0.07,1.21,82.36
1504976,Nova Ipixuna,PA,4571,72.39,20.35,8.23,12.12,68.26,2.19,17.33,16.25,61.34,0.35,0.02,0.0,3.19,62.96
1505007,Nova Timboteua,PA,4560,44.14,52.28,7.04,45.24,37.79,0.66,79.71,13.79,3.4,1.51,0.02,0.0,1.16,16.32
1505031,Novo Progresso,PA,10452,47.68,52.17,18.29,33.88,47.24,0.07,51.8,21.08,24.1,2.54,0.07,0.0,0.22,37.45
1505064,Novo Repartimento,PA,18530,78.88,19.54,8.26,11.27,68.43,2.9,10.47,31.28,52.97,1.77,0.37,0.02,1.13,85.97
1505106,Óbidos,PA,14537,68.23,27.15,1.02,26.13,61.19,1.07,36.29,41.65,3.52,0.93,0.14,0.08,16.8,42.53
1505205,Oeiras do Pará,PA,8093,92.39,5.38,0.28,5.09,62.37,0.32,43.3,15.17,15.52,0.2,0.0,0.02,25.37,55.16
1505304,Oriximiná,PA,17956,52.73,46.88,13.96,32.91,46.87,1.39,49.82,31.23,2.28,0.75,0.24,0.05,15.32,30.87
1505403,Ourém,PA,5758,76.92,22.47,1.15,21.33,72.77,0.1,57.9,13.74,26.57,0.54,0.0,0.03,0.47,37.5
1505437,Ourilândia do Norte,PA,10381,78.98,20.26,5.88,14.38,75.77,1.3,69.25,19.63,6.84,2.91,0.0,0.03,1.18,27.87
1505486,Pacajá,PA,12474,77.1,20.7,0.42,20.28,69.72,5.68,3.08,19.36,70.51,3.41,0.12,0.05,1.19,87.31
1505494,Palestina do Pará,PA,2200,97.32,1.18,0.18,1.0,92.77,2.05,67.14,19.77,8.45,0.55,0.18,0.0,2.73,28.77
1505502,Paragominas,PA,33006,49.58,50.14,21.34,28.8,43.07,0.22,80.77,14.65,3.56,0.39,0.01,0.02,0.38,14.54
1505536,Parauapebas,PA,87667,32.61,67.08,28.34,38.74,30.54,0.06,70.83,13.01,12.05,0.4,3.44,0.02,0.05,22.13
1505551,Pau D'Arco,PA,2225,88.36,10.02,1.26,8.76,82.74,4.63,62.47,21.62,12.58,0.22,1.75,0.04,0.67,33.84
1505601,Peixe-Boi,PA,2947,91.18,2.04,0.71,1.32,76.69,0.17,69.49,19.88,8.82,0.58,0.0,0.0,0.41,27.66
1505635,Piçarra,PA,4072,66.38,32.83,0.42,32.42,61.67,2.55,6.8,38.02,49.36,0.54,2.92,0.05,1.08,83.28
1505650,Placas,PA,5877,91.39,8.39,0.19,8.2,86.15,2.26,16.03,25.71,42.54,13.27,0.0,0.05,1.26,72.86
1505700,Ponta de Pedras,PA,7084,62.2,33.58,9.33,24.25,37.92,0.3,52.77,19.78,4.71,0.06,0.01,0.06,19.25,43.52
1505809,Portel,PA,13286,96.64,1.92,0.41,1.51,78.96,6.31,7.47,60.03,6.83,2.54,0.02,0.03,21.87,86.81
1505908,Porto de Moz,PA,9065,60.17,33.34,4.85,28.48,51.66,1.35,54.22,19.87,6.22,2.01,0.0,0.15,16.82,38.82
1506005,Prainha,PA,9205,79.72,14.32,0.66,13.66,61.62,0.55,39.2,34.51,4.86,3.53,0.28,0.15,15.7,55.47
1506104,Primavera,PA,3528,55.05,44.16,1.47,42.69,51.62,0.37,79.0,9.27,10.63,0.23,0.0,0.0,0.26,17.32
1506112,Quatipuru,PA,3649,29.49,69.17,3.4,65.77,26.25,0.38,45.71,37.79,15.35,0.08,0.19,0.0,0.05,49.03
1506138,Redenção,PA,28022,53.64,46.05,10.11,35.94,52.9,0.28,38.3,52.23,8.79,0.19,0.19,0.02,0.07,54.96
1506161,Rio Maria,PA,6503,86.16,12.99,1.52,11.47,83.72,0.65,24.62,38.43,34.08,1.12,0.03,0.05,0.37,70.77
1506187,Rondon do Pará,PA,15285,90.03,9.77,3.43,6.34,87.46,1.1,75.62,13.58,6.01,1.5,0.02,0.06,2.94,18.98
1506195,Rurópolis,PA,9079,77.59,21.22,0.46,20.76,75.49,0.85,35.91,23.47,23.36,10.79,5.26,0.02,0.52,58.4
1506203,Salinópolis,PA,13482,45.6,53.61,10.4,43.21,27.41,0.27,75.17,16.37,6.68,0.13,0.7,0.03,0.06,15.87
1506302,Salvaterra,PA,7391,64.27,33.96,5.52,28.44,61.94,0.43,84.4,9.47,4.61,0.03,0.0,0.0,0.11,12.61
1506351,Santa Bárbara do Pará,PA,6801,9.12,90.55,2.93,87.62,6.66,0.44,80.28,12.85,5.76,0.29,0.0,0.01,0.43,16.07
1506401,Santa Cruz do Arari,PA,1771,61.55,38.23,15.64,22.59,34.27,0.62,84.19,1.69,0.28,0.0,0.0,1.47,11.8,13.21
1506500,Santa Izabel do Pará,PA,21491,52.05,47.36,8.09,39.27,48.83,0.17,73.97,20.69,4.11,0.23,0.02,0.11,0.28,23.14
1506559,Santa Luzia do Pará,PA,6312,73.57,24.56,0.81,23.75,70.58,0.22,12.12,16.14,69.5,0.27,0.0,0.02,0.6,82.08
1506583,Santa Maria das Barreiras,PA,5431,76.91,22.04,1.84,20.2,71.4,3.92,16.13,62.11,16.61,4.18,0.0,0.06,0.35,77.74
1506609,Santa Maria do Pará,PA,8460,76.16,22.43,7.83,14.61,69.74,0.33,80.18,13.65,3.52,0.2,0.0,0.0,0.48,14.78
1506708,Santana do Araguaia,PA,10540,74.91,23.72,7.57,16.15,74.32,0.27,21.99,35.77,39.44,1.06,0.07,0.01,1.4,72.28
1506807,Santarém,PA,95606,45.59,52.88,11.12,41.76,41.1,0.14,49.97,43.14,2.0,0.09,0.08,0.03,2.37,42.95
1506906,Santarém Novo,PA,1961,33.55,64.2,1.02,63.18,32.59,0.1,86.69,7.96,3.77,0.36,0.0,0.0,0.92,9.69
1507003,Santo Antônio do Tauá,PA,8807,32.86,66.57,1.95,64.62,28.53,0.18,84.08,13.92,0.76,0.14,0.0,0.05,0.3,14.06
1507102,São Caetano de Odivelas,PA,5177,61.52,31.43,6.97,24.45,47.31,0.42,61.97,35.12,1.7,0.33,0.0,0.04,0.19,25.54
1507151,São Domingos do Araguaia,PA,6800,71.46,26.35,1.37,24.99,69.25,0.97,77.69,11.88,8.24,1.04,0.0,0.01,0.68,21.22
1507201,São Domingos do Capim,PA,8463,84.28,13.91,1.03,12.88,77.14,2.87,43.65,23.09,25.79,0.59,0.0,0.04,6.31,48.81
1507300,São Félix do Xingu,PA,20836,66.45,32.38,2.81,29.56,62.74,2.36,13.78,24.68,52.15,5.27,0.17,0.04,1.7,78.39
1507409,São Francisco do Pará,PA,4949,31.54,65.57,13.15,52.41,29.66,0.26,59.47,35.34,2.59,0.89,0.0,0.02,1.03,32.81
1507458,São Geraldo do Araguaia,PA,7711,49.35,49.58,23.29,26.29,46.56,0.99,60.72,20.66,15.61,1.75,0.14,0.03,0.77,31.47
1507466,São João da Ponta,PA,1456,67.79,31.18,11.47,19.71,66.0,0.76,85.51,8.79,4.19,0.21,0.0,0.0,0.82,13.32
1507474,São João de Pirabas,PA,6553,87.65,11.43,2.79,8.64,85.2,0.6,78.7,8.26,10.93,0.5,0.0,0.03,0.55,15.96
1507508,São João do Araguaia,PA,4390,64.99,30.8,14.12,16.67,55.6,3.26,27.95,40.82,26.06,0.59,0.0,0.0,2.94,68.13
1507607,São Miguel do Guamá,PA,16392,65.15,31.6,5.08,26.53,53.26,0.4,49.02,37.49,8.25,1.08,0.0,0.02,1.56,43.92
1507706,São Sebastião da Boa Vista,PA,6560,59.38,33.16,2.13,31.02,43.81,0.23,26.3,26.34,0.49,0.08,0.0,0.4,45.9,70.46
1507755,Sapucaia,PA,1776,87.95,11.94,1.58,10.36,86.99,0.06,80.07,16.05,3.49,0.34,0.06,0.0,0.0,18.81
1507805,Senador José Porfírio,PA,6498,96.63,2.42,0.35,2.06,91.71,2.86,41.8,10.96,38.2,4.88,0.02,0.11,3.59,55.52
1507904,Soure,PA,7083,44.87,54.33,1.26,53.07,44.04,0.2,78.34,17.59,2.5,0.13,0.0,0.14,0.58,16.79
1507953,Tailândia,PA,21587,62.67,37.08,5.18,31.9,59.18,0.32,37.71,24.34,36.45,0.27,0.01,0.01,0.42,54.46
1507961,Terra Alta,PA,3355,87.9,5.9,0.36,5.54,87.63,0.09,78.0,16.18,2.5,0.3,0.0,0.06,2.21,18.99
1507979,Terra Santa,PA,4998,78.23,18.09,12.91,5.18,71.35,0.08,85.31,4.78,0.06,1.3,0.02,0.02,6.98,13.59
1508001,Tomé-Açu,PA,19818,74.65,22.28,3.73,18.54,58.57,1.12,68.68,16.88,10.03,0.51,0.01,0.05,1.97,25.03
1508035,Tracuateua,PA,8736,86.52,5.44,0.62,4.82,82.34,0.27,31.34,52.62,13.19,0.34,0.0,0.33,0.24,60.05
1508050,Trairão,PA,4688,98.04,0.55,0.06,0.49,93.07,0.32,8.83,6.91,72.42,8.81,0.0,0.04,0.66,82.44
1508084,Tucumã,PA,12825,78.14,21.48,2.26,19.22,76.55,0.38,71.75,14.52,12.27,1.22,0.01,0.0,0.09,24.34
1508100,Tucuruí,PA,27400,65.19,33.96,14.64,19.31,58.8,0.46,84.7,4.66,6.78,0.42,0.39,0.02,2.47,9.26
1508126,Ulianópolis,PA,9700,80.59,18.61,10.99,7.62,78.33,0.4,73.04,15.88,9.88,0.22,0.07,0.01,0.71,22.64
1508159,Uruará,PA,14245,77.55,20.57,7.62,12.94,73.12,3.33,3.69,49.37,33.6,10.62,0.02,0.09,0.88,94.45
1508209,Vigia,PA,15791,61.41,34.63,6.28,28.35,46.72,0.2,45.37,51.38,1.27,0.21,0.02,0.04,0.13,49.93
1508308,Viseu,PA,16235,64.85,33.1,4.2,28.9,55.31,0.51,31.87,28.99,36.19,0.18,0.07,0.03,0.44,62.85
1508357,Vitória do Xingu,PA,4906,88.83,10.19,7.54,2.65,85.41,0.33,48.21,28.25,14.49,4.36,2.69,0.02,1.47,41.56
1508407,Xinguara,PA,17900,40.66,58.71,4.91,53.8,38.86,0.19,36.18,36.82,25.82,0.55,0.06,0.06,0.09,58.68
1600055,Serra do Navio,AP,1364,50.29,49.19,38.12,11.07,47.73,0.95,74.19,5.21,19.28,0.0,0.0,0.0,1.1,17.08
1600105,Amapá,AP,2055,68.52,25.06,8.27,16.79,63.07,1.07,31.82,16.59,44.67,0.15,0.0,4.72,1.46,55.47
1600154,Pedra Branca do Amapari,AP,3290,52.67,46.84,2.86,43.98,41.46,8.57,40.4,25.81,21.0,2.83,1.22,0.0,7.87,45.9
1600204,Calçoene,AP,2778,55.58,43.88,0.25,43.63,48.99,0.43,20.73,20.95,51.62,2.48,0.04,0.11,1.3,67.21
1600212,Cutias,AP,1156,95.93,3.89,1.04,2.85,92.73,0.0,84.95,3.98,1.21,0.09,0.0,0.43,7.96,9.52
1600238,Ferreira Gomes,AP,1796,21.88,77.9,1.06,76.84,20.99,0.06,61.75,23.0,8.96,0.22,0.72,0.06,3.56,35.3
1600253,Itaubal,AP,1361,77.08,22.56,0.88,21.68,74.06,0.44,64.44,9.26,3.45,0.07,0.0,0.37,22.26,33.8
1600279,Laranjal do Jari,AP,10331,75.94,21.94,3.75,18.2,49.54,1.31,65.69,20.87,2.0,0.09,3.63,0.04,4.03,26.42
1600303,Macapá,AP,123482,41.98,57.34,16.91,40.43,30.22,0.11,44.06,35.24,17.23,0.11,0.03,0.07,2.21,49.66
1600402,Mazagão,AP,5321,54.95,38.92,4.53,34.39,49.95,0.96,23.81,27.85,17.33,1.32,0.0,0.19,29.15,66.94
1600501,Oiapoque,AP,7041,89.18,9.71,2.14,7.57,84.82,0.44,7.4,20.32,68.73,0.6,0.82,0.11,0.99,87.35
1600535,Porto Grande,AP,5012,89.05,9.7,1.6,8.1,82.62,0.56,8.68,11.27,74.74,0.4,0.02,0.12,4.41,85.65
1600550,Pracuúba,AP,913,96.82,0.99,0.11,0.88,94.85,1.1,15.22,2.08,79.19,0.22,0.0,0.0,0.11,75.47
1600600,Santana,AP,28794,46.89,52.69,5.04,47.65,35.53,0.24,48.5,32.18,15.41,0.14,0.01,0.02,2.81,45.83
1600709,Tartarugalzinho,AP,3321,77.42,20.87,1.45,19.42,73.5,0.84,32.46,32.52,28.94,0.48,0.0,0.09,4.49,62.24
1600808,Vitória do Jari,AP,3006,77.58,16.3,5.62,10.68,34.86,0.86,68.96,0.77,1.73,5.69,3.53,0.07,14.94,27.81
1700251,Abreulândia,TO,925,90.49,9.08,1.08,8.0,89.19,0.97,58.81,28.97,7.35,1.08,0.0,0.0,3.57,35.57
1700301,Aguiarnópolis,TO,1440,47.64,52.36,31.81,20.56,47.22,0.14,86.25,11.81,0.83,0.35,0.0,0.0,0.76,10.76
1700350,Aliança do Tocantins,TO,1852,81.37,18.63,1.67,16.95,80.72,0.16,67.39,18.74,13.34,0.16,0.0,0.05,0.11,26.89
1700400,Almas,TO,2079,79.65,18.95,0.43,18.52,76.09,3.32,77.01,8.08,3.13,3.7,0.96,1.78,5.15,21.31
1700707,Alvorada,TO,3123,24.27,75.73,1.76,73.97,24.24,0.03,79.57,11.43,8.9,0.03,0.03,0.0,0.0,12.68
1701002,Ananás,TO,3182,33.44,63.42,43.21,20.21,31.27,0.47,80.83,4.62,9.02,2.89,0.31,0.0,2.2,17.47
1701051,Angico,TO,894,12.19,87.47,1.23,86.24,7.94,3.69,79.87,6.38,9.28,0.67,0.0,0.0,3.58,17.9
1701101,Aparecida do Rio Negro,TO,1659,89.21,10.67,1.21,9.46,87.1,1.87,72.45,10.49,4.22,9.46,0.06,0.06,3.07,26.52
1701309,Aragominas,TO,1834,53.11,44.22,0.71,43.51,49.29,1.09,54.85,13.79,24.97,4.8,0.0,0.0,1.47,43.68
1701903,Araguacema,TO,2061,59.58,36.15,32.8,3.35,58.27,0.73,61.57,19.36,16.5,0.24,0.05,0.0,1.5,36.0
1702000,Araguaçu,TO,3052,87.71,12.16,0.49,11.66,87.55,0.1,63.04,21.99,12.75,1.93,0.0,0.0,0.16,34.4
1702109,Araguaína,TO,57633,32.86,66.93,28.36,38.56,32.22,0.14,94.99,2.32,1.55,0.47,0.0,0.01,0.18,3.95
1702158,Araguanã,TO,1468,15.67,82.02,13.76,68.26,14.65,0.61,70.23,20.16,8.99,0.41,0.0,0.0,0.2,24.66
1702208,Araguatins,TO,10210,79.48,17.2,0.9,16.3,76.43,1.25,75.44,12.46,8.2,0.86,0.0,0.02,2.75,20.66
1702307,Arapoema,TO,1962,88.02,11.21,4.94,6.27,87.51,0.15,80.22,15.8,2.4,0.71,0.0,0.0,0.2,17.99
1702406,Arraias,TO,3727,89.29,8.32,1.02,7.3,80.74,8.37,66.0,16.31,0.62,6.33,0.13,0.59,9.53,33.11
1702554,Augustinópolis,TO,5667,53.11,46.21,11.77,34.45,52.21,0.19,90.77,6.74,2.24,0.11,0.02,0.0,0.11,7.46
1702703,Aurora do Tocantins,TO,1273,96.7,2.99,1.81,1.18,94.42,1.49,69.91,13.75,0.31,3.3,0.24,1.1,11.23,29.85
1702901,Axixá do Tocantins,TO,2915,31.53,68.16,43.81,24.36,28.23,0.96,93.69,2.81,2.92,0.21,0.03,0.03,0.03,4.29
1703008,Babaçulândia,TO,2682,72.52,24.38,2.65,21.74,68.34,3.32,53.69,12.34,9.88,14.8,2.39,0.11,6.38,42.84
1703057,Bandeirantes do Tocantins,TO,1161,91.13,8.35,0.69,7.67,89.32,1.29,68.3,12.32,7.15,10.16,0.43,0.0,1.46,30.58
1703073,Barra do Ouro,TO,1363,93.62,3.3,1.54,1.76,86.65,2.42,69.41,15.11,8.51,3.01,0.15,0.0,3.67,29.79
1703107,Barrolândia,TO,1753,95.61,4.22,0.68,3.54,95.27,0.23,80.6,7.36,5.48,4.79,0.0,0.0,1.77,18.08
1703206,Bernardo Sayão,TO,1520,88.75,10.07,0.2,9.87,86.25,1.32,65.39,19.8,10.53,3.16,0.07,0.0,0.92,32.57
1703305,Bom Jesus do Tocantins,TO,1337,97.31,1.94,1.12,0.82,93.12,3.44,77.71,4.49,6.81,8.0,0.0,0.0,2.92,21.24
1703602,Brasilândia do Tocantins,TO,689,85.92,13.64,6.68,6.97,85.2,0.73,74.89,8.71,5.66,10.45,0.0,0.0,0.0,23.51
1703701,Brejinho de Nazaré,TO,1709,72.91,26.51,15.8,10.71,72.56,0.06,61.85,18.78,12.87,4.68,0.0,0.0,1.81,19.19
1703800,Buriti do Tocantins,TO,2851,73.13,25.99,2.91,23.08,70.19,0.49,94.67,2.81,1.82,0.42,0.0,0.0,0.04,4.56
1703826,Cachoeirinha,TO,638,85.74,13.32,10.82,2.51,83.7,1.72,86.68,1.57,2.51,0.63,0.0,0.0,7.68,12.38
1703842,Campos Lindos,TO,2419,33.15,66.14,0.41,65.73,24.43,8.23,72.55,9.14,10.25,3.35,0.0,0.04,4.46,26.79
1703867,Cariri do Tocantins,TO,1280,88.91,10.39,3.52,6.88,88.83,0.0,60.16,19.61,19.45,0.08,0.0,0.0,0.62,35.78
1703883,Carmolândia,TO,747,56.49,43.11,0.67,42.44,56.22,0.0,62.65,16.73,17.54,1.47,0.0,0.0,1.34,20.75
1703891,Carrasco Bonito,TO,1012,85.08,13.83,2.27,11.56,78.95,0.0,82.11,9.39,7.81,0.49,0.0,0.0,0.1,14.62
1703909,Caseara,TO,1629,96.44,2.95,0.49,2.46,94.66,1.6,60.65,15.84,20.56,0.37,0.0,0.0,0.68,33.21
1704105,Centenário,TO,772,66.32,30.96,0.65,30.31,50.65,15.67,65.93,7.64,3.89,12.44,0.13,0.0,9.59,29.53
1704600,Chapada de Areia,TO,563,84.55,15.1,0.71,14.39,82.77,1.6,51.51,25.22,17.05,0.36,4.09,0.0,1.07,46.54
1705102,Chapada da Natividade,TO,1028,95.23,0.58,0.58,0.0,94.46,0.58,53.99,22.37,13.13,4.67,0.19,0.68,4.67,36.77
1705508,Colinas do Tocantins,TO,11817,19.04,80.78,76.6,4.18,18.92,0.08,91.83,5.02,1.9,1.02,0.01,0.0,0.1,5.4
1705557,Combinado,TO,1741,99.31,0.46,0.29,0.17,98.28,0.46,90.47,4.48,0.06,0.11,0.06,0.11,4.48,9.02
1705607,Conceição do Tocantins,TO,1295,89.27,10.5,10.04,0.46,76.06,13.05,70.66,18.53,1.54,0.08,0.46,6.25,2.08,28.42
1706001,Couto Magalhães,TO,1845,79.24,20.16,1.08,19.08,76.91,1.79,56.69,30.35,10.24,1.08,0.27,0.05,1.03,41.19
1706100,Cristalândia,TO,2346,79.2,20.76,0.94,19.82,78.82,0.34,76.04,17.05,6.18,0.55,0.0,0.0,0.17,21.87
1706258,Crixás do Tocantins,TO,508,95.47,3.94,0.59,3.35,95.28,0.0,48.82,35.63,14.96,0.59,0.0,0.0,0.0,35.04
1706506,Darcinópolis,TO,1990,68.14,31.56,29.1,2.46,63.12,4.32,75.98,9.35,6.38,4.67,0.25,0.0,3.22,23.57
1707009,Dianópolis,TO,5817,86.71,12.48,4.09,8.39,84.8,1.7,85.85,7.34,0.76,1.62,0.34,0.98,2.85,13.77
1707108,Divinópolis do Tocantins,TO,2533,75.17,24.71,1.46,23.25,74.69,0.43,59.93,22.78,14.65,1.74,0.0,0.0,0.83,36.12
1707207,Dois Irmãos do Tocantins,TO,2290,77.38,21.44,0.92,20.52,73.23,3.23,46.77,25.63,15.24,6.55,0.17,0.09,5.37,51.7
1707306,Dueré,TO,1626,92.25,7.5,0.92,6.58,91.45,0.43,63.04,21.65,14.02,0.62,0.0,0.0,0.37,35.85
1707405,Esperantina,TO,2317,53.91,45.19,34.79,10.4,51.01,2.81,62.49,17.35,16.53,0.13,0.0,0.04,2.5,33.36
1707553,Fátima,TO,1194,22.03,77.05,23.03,54.02,21.69,0.17,70.18,13.48,15.83,0.25,0.0,0.0,0.0,24.2
1707652,Figueirópolis,TO,1948,82.49,17.4,2.26,15.14,82.34,0.0,63.45,22.33,14.01,0.05,0.05,0.0,0.0,27.93
1707702,Filadélfia,TO,2556,56.85,40.3,2.15,38.15,52.35,3.25,63.65,12.64,9.94,9.23,0.0,0.0,3.99,34.86
1708205,Formoso do Araguaia,TO,6457,46.29,53.37,2.87,50.5,43.44,2.74,64.21,18.75,15.66,0.17,0.0,0.0,0.99,28.6
1708254,Tabocão,TO,1145,96.42,0.96,0.17,0.79,95.46,0.7,79.13,11.18,0.79,8.56,0.0,0.0,0.35,20.17
1708304,Goianorte,TO,1691,94.86,4.67,0.53,4.14,92.79,1.12,38.32,27.91,29.75,3.31,0.0,0.0,0.53,54.88
1709005,Goiatins,TO,3696,65.58,31.79,3.84,27.95,43.89,21.43,73.32,7.63,3.73,5.6,0.0,0.0,5.38,22.92
1709302,Guaraí,TO,8831,41.01,58.88,51.4,7.48,40.67,0.14,88.27,4.78,1.57,3.58,0.65,0.01,1.04,9.25
1709500,Gurupi,TO,30592,24.63,75.34,41.44,33.9,24.5,0.06,89.87,4.33,5.52,0.06,0.0,0.1,0.03,6.59
1709807,Ipueiras,TO,563,9.77,88.99,0.18,88.81,0.89,0.36,57.02,35.17,2.84,0.89,0.0,0.36,2.84,41.03
1710508,Itacajá,TO,2161,61.68,37.95,34.94,3.01,48.03,12.91,75.15,6.29,7.91,6.57,0.14,0.05,3.05,24.43
1710706,Itaguatins,TO,1742,31.34,60.1,35.82,24.28,28.65,1.72,57.75,14.06,19.92,0.11,0.06,0.06,7.35,37.31
1710904,Itapiratins,TO,1274,84.46,14.44,0.31,14.13,78.81,5.26,24.49,5.89,54.24,10.05,0.0,0.0,4.87,40.89
1711100,Itaporã do Tocantins,TO,822,98.78,0.85,0.24,0.61,98.18,0.24,62.29,8.76,19.71,6.81,0.0,0.0,2.43,35.16
1711506,Jaú do Tocantins,TO,1237,97.09,2.51,0.57,1.94,94.91,2.1,52.71,27.24,11.72,2.18,0.32,0.08,5.66,45.68
1711803,Juarina,TO,737,99.19,0.0,0.0,0.0,98.64,0.27,48.71,36.91,12.21,1.22,0.0,0.0,0.54,49.25
1711902,Lagoa da Confusão,TO,4800,78.35,21.27,1.62,19.65,71.56,6.65,67.33,10.6,19.6,0.71,0.02,0.0,1.58,21.6
1711951,Lagoa do Tocantins,TO,1068,90.82,8.71,7.12,1.59,80.43,10.3,70.6,12.45,6.27,7.4,0.19,0.0,3.0,28.56
1712009,Lajeado,TO,1164,26.29,72.94,4.3,68.64,25.52,0.6,69.16,11.34,2.66,11.77,0.0,0.0,4.64,28.35
1712157,Lavandeira,TO,586,98.12,1.54,0.85,0.68,95.05,2.73,64.68,8.19,3.07,2.56,1.19,1.19,18.94,34.13
1712405,Lizarda,TO,987,27.96,71.43,0.81,70.62,10.64,17.33,71.23,4.66,0.81,17.63,0.0,0.0,5.27,28.06
1712454,Luzinópolis,TO,870,96.55,0.92,0.69,0.23,95.86,0.69,76.55,11.95,0.69,8.62,0.0,0.0,2.18,20.92
1712504,Marianópolis do Tocantins,TO,1594,96.49,2.32,0.94,1.38,95.98,0.38,64.99,15.93,18.32,0.44,0.0,0.0,0.13,32.75
1712702,Mateiros,TO,811,93.46,2.59,2.1,0.49,80.64,12.21,57.21,13.56,3.33,5.3,0.12,0.0,20.47,41.06
1712801,Maurilândia do Tocantins,TO,998,92.18,4.01,0.7,3.31,77.96,14.03,68.34,4.31,21.54,0.7,0.2,0.0,4.81,29.26
1713205,Miracema do Tocantins,TO,6365,70.51,29.03,3.41,25.62,69.71,0.53,81.71,6.08,5.55,3.79,0.55,0.0,2.07,16.87
1713304,Miranorte,TO,4398,94.11,5.73,1.14,4.59,93.38,0.14,89.31,2.59,2.36,4.23,0.07,0.05,1.25,10.23
1713601,Monte do Carmo,TO,1929,91.71,6.53,0.47,6.07,88.13,2.85,50.23,18.35,12.7,16.59,0.57,0.05,1.35,48.68
1713700,Monte Santo do Tocantins,TO,882,71.66,27.66,1.25,26.42,70.86,0.68,50.68,18.71,23.13,6.35,0.0,0.0,0.91,47.05
1713809,Palmeiras do Tocantins,TO,1553,98.65,1.03,0.64,0.39,94.59,2.12,73.99,16.55,4.89,1.8,0.13,0.0,2.06,19.12
1713957,Muricilândia,TO,1178,97.2,1.27,0.42,0.85,96.77,0.0,57.56,22.75,12.9,2.97,0.0,0.08,2.72,41.77
1714203,Natividade,TO,3061,95.88,1.27,0.95,0.33,94.35,0.91,81.31,8.04,3.5,1.86,0.07,1.37,3.79,7.45
1714302,Nazaré,TO,1531,93.99,2.74,0.52,2.22,92.88,0.72,83.74,7.64,1.96,6.14,0.0,0.07,0.26,15.15
1714880,Nova Olinda,TO,3517,97.67,1.22,0.88,0.34,94.14,3.44,74.21,6.71,5.32,9.84,0.0,0.0,3.78,24.2
1715002,Nova Rosalândia,TO,1167,36.08,63.84,0.77,63.07,35.73,0.17,60.67,23.56,14.91,0.34,0.0,0.0,0.43,33.59
1715101,Novo Acordo,TO,1330,96.54,2.18,0.68,1.5,93.68,1.88,82.33,2.63,1.28,9.7,0.0,0.0,4.06,17.37
1715150,Novo Alegre,TO,718,67.97,32.03,22.01,10.03,67.41,0.56,76.46,14.35,0.14,1.11,0.0,0.28,7.38,22.56
1715259,Novo Jardim,TO,704,96.02,2.13,0.14,1.99,95.31,0.43,81.39,7.1,0.14,0.14,3.12,0.57,7.1,18.61
1715507,Oliveira de Fátima,TO,398,97.74,1.76,1.76,0.0,97.24,0.0,82.91,10.55,5.03,0.5,1.01,0.0,0.0,16.33
1715705,Palmeirante,TO,1663,94.41,1.56,0.12,1.44,80.88,7.88,48.11,11.91,12.99,10.88,0.96,0.18,14.67,50.81
1715754,Palmeirópolis,TO,2528,97.67,1.86,0.55,1.31,97.39,0.16,81.09,13.33,2.61,1.46,0.0,0.4,1.07,17.84
1716109,Paraíso do Tocantins,TO,18289,60.38,39.56,19.74,19.83,60.23,0.1,91.43,3.78,3.78,0.69,0.01,0.02,0.2,6.44
1716208,Paranã,TO,3670,57.74,41.39,0.79,40.6,39.67,16.16,55.4,21.47,3.6,2.04,1.42,3.0,12.34,43.79
1716307,Pau D'Arco,TO,1372,62.76,36.59,1.6,34.99,62.1,0.29,73.54,15.82,6.85,1.9,0.0,0.07,1.68,24.05
1716505,Pedro Afonso,TO,4739,78.48,21.02,1.86,19.16,77.36,0.87,91.47,2.85,2.24,2.26,0.02,0.0,0.68,7.09
1716604,Peixe,TO,3418,53.95,44.12,23.55,20.57,53.25,0.38,58.54,23.67,15.27,0.38,0.0,0.03,1.84,37.19
1716653,Pequizeiro,TO,1706,98.18,0.76,0.0,0.76,93.85,3.52,51.41,20.05,25.03,2.58,0.0,0.0,0.64,46.95
1716703,Colméia,TO,3209,95.45,4.39,1.56,2.84,93.42,1.37,69.06,8.44,13.34,6.92,0.0,0.03,2.06,28.08
1717008,Pindorama do Tocantins,TO,1490,97.25,2.08,1.81,0.27,91.21,5.97,63.76,10.34,11.01,6.51,0.13,1.14,7.05,35.03
1717206,Piraquê,TO,793,96.34,0.38,0.38,0.0,90.54,2.9,44.89,14.12,21.82,12.36,0.0,0.38,5.8,52.84
1717503,Pium,TO,2374,81.68,14.49,0.25,14.24,79.06,2.19,60.66,25.91,10.7,0.29,0.08,0.04,2.19,31.89
1717800,Ponte Alta do Bom Jesus,TO,1580,31.96,65.76,2.03,63.73,24.05,7.59,58.35,27.03,2.47,0.51,2.09,1.33,7.41,24.49
1717909,Ponte Alta do Tocantins,TO,2498,80.1,17.81,0.48,17.33,75.42,4.0,66.49,10.89,5.6,13.21,0.04,0.04,3.36,32.03
1718006,Porto Alegre do Tocantins,TO,922,98.48,1.3,0.0,1.3,91.54,6.94,73.97,16.16,1.19,0.65,2.82,0.22,4.99,23.21
1718204,Porto Nacional,TO,21365,28.34,71.57,48.77,22.79,27.5,0.22,85.85,8.36,3.58,1.74,0.02,0.01,0.32,11.7
1718303,Praia Norte,TO,2454,66.34,31.5,25.92,5.58,63.37,0.29,84.56,5.87,7.74,0.69,0.0,0.04,0.94,11.61
1718402,Presidente Kennedy,TO,1066,98.69,1.03,1.03,0.0,98.12,0.28,70.17,8.54,16.6,4.32,0.0,0.0,0.09,21.01
1718451,Pugmil,TO,785,98.09,1.66,1.02,0.64,97.83,0.0,69.04,20.25,9.81,0.51,0.38,0.0,0.0,17.58
1718501,Recursolândia,TO,1043,85.91,0.58,0.29,0.29,78.52,5.56,54.94,10.74,5.56,24.45,1.05,0.48,2.4,35.76
1718550,Riachinho,TO,1259,14.85,76.49,0.64,75.85,13.58,0.4,63.46,8.74,18.43,4.45,0.0,0.16,4.53,31.77
1718659,Rio da Conceição,TO,568,97.01,2.29,0.53,1.76,95.25,1.58,81.69,2.29,0.0,0.18,0.35,0.53,14.61,16.02
1718709,Rio dos Bois,TO,961,97.09,1.04,0.42,0.62,90.43,6.66,56.09,15.4,13.42,5.1,1.87,0.0,8.12,41.52
1718758,Rio Sono,TO,1664,75.72,22.9,1.08,21.81,68.15,6.31,60.28,10.1,3.85,23.2,0.0,0.0,2.34,39.3
1718808,Sampaio,TO,1254,31.1,59.01,20.97,38.04,29.67,0.16,82.7,4.7,7.42,0.08,0.08,0.0,4.55,16.91
1718840,Sandolândia,TO,1311,68.12,31.73,8.47,23.26,64.91,2.9,46.22,22.73,23.11,0.46,0.0,0.0,0.23,42.26
1718865,Santa Fé do Araguaia,TO,2362,98.22,1.14,0.38,0.76,95.22,1.99,76.12,13.55,6.82,2.03,0.04,0.04,1.23,22.23
1718881,Santa Maria do Tocantins,TO,922,90.89,7.7,0.65,7.05,83.51,3.15,66.05,10.09,13.02,4.23,0.0,0.11,5.86,31.56
1718899,Santa Rita do Tocantins,TO,780,96.15,3.72,0.77,2.95,95.51,0.38,35.13,55.77,8.33,0.77,0.0,0.0,0.0,51.92
1718907,Santa Rosa do Tocantins,TO,1566,39.97,59.32,0.96,58.37,34.42,4.92,46.36,32.69,17.75,0.57,0.0,1.53,0.89,42.4
1719004,Santa Tereza do Tocantins,TO,853,96.37,2.81,1.41,1.41,95.78,0.35,73.86,12.9,1.17,11.25,0.23,0.0,0.47,21.81
1720002,Santa Terezinha do Tocantins,TO,791,95.45,2.4,0.0,2.4,91.66,3.03,79.14,8.85,7.33,4.3,0.0,0.0,0.38,17.95
1720101,São Bento do Tocantins,TO,1705,55.13,41.64,2.05,39.59,47.57,2.35,68.27,9.03,14.66,1.94,0.0,0.0,5.98,27.27
1720150,São Félix do Tocantins,TO,551,94.56,1.27,0.0,1.27,85.48,3.27,67.88,12.52,1.09,4.72,0.0,0.0,13.79,22.5
1720200,São Miguel do Tocantins,TO,4058,93.4,6.01,0.69,5.32,91.38,0.47,69.74,19.27,9.29,0.17,0.0,0.02,1.13,25.97
1720259,São Salvador do Tocantins,TO,858,80.07,19.58,3.15,16.43,74.94,2.91,61.77,31.24,2.1,1.63,0.58,0.93,1.63,37.06
1720309,São Sebastião do Tocantins,TO,1235,98.06,0.73,0.57,0.16,94.17,2.19,91.82,2.11,3.48,0.0,0.0,0.0,1.86,7.94
1720499,São Valério,TO,1695,99.23,0.53,0.47,0.06,95.46,3.72,56.11,26.02,15.4,0.47,0.06,1.24,0.71,39.65
1720655,Silvanópolis,TO,1728,86.23,13.19,1.74,11.46,85.24,0.93,56.19,27.03,14.24,1.74,0.06,0.35,0.17,32.87
1720804,Sítio Novo do Tocantins,TO,3260,49.79,48.74,17.79,30.95,47.55,0.46,78.34,5.25,15.49,0.4,0.03,0.0,0.12,19.26
1720853,Sucupira,TO,591,99.15,0.85,0.68,0.17,98.31,0.68,59.73,24.03,15.74,0.17,0.0,0.0,0.0,36.89
1720903,Taguatinga,TO,5011,65.5,33.73,24.39,9.34,60.07,2.69,73.36,10.02,1.2,5.09,0.2,1.48,8.38,25.1
1720937,Taipas do Tocantins,TO,680,93.38,5.0,0.44,4.56,90.29,1.76,80.74,12.65,0.29,1.03,0.74,2.06,2.21,15.88
1720978,Talismã,TO,916,41.16,58.73,33.95,24.78,40.83,0.11,62.12,25.98,11.03,0.66,0.0,0.0,0.0,36.46
1721000,Palmas,TO,105997,9.31,90.63,73.26,17.36,9.22,0.05,94.32,3.67,1.25,0.55,0.0,0.02,0.09,4.47
1721109,Tocantínia,TO,2000,68.8,30.2,4.8,25.4,38.8,29.65,66.65,15.0,3.5,5.65,0.0,0.0,8.7,21.05
1721208,Tocantinópolis,TO,7384,26.27,72.82,31.64,41.18,20.34,5.4,87.23,7.79,0.66,0.93,0.04,0.01,2.76,7.75
1721257,Tupirama,TO,658,92.1,7.29,2.58,4.71,89.97,1.37,65.5,14.59,5.62,8.36,0.0,0.0,5.62,34.35
1721307,Tupiratins,TO,678,53.98,45.43,0.15,45.28,47.49,5.75,58.26,14.31,11.95,4.87,0.0,0.0,10.47,40.71
1722081,Wanderlândia,TO,3537,94.49,4.21,0.42,3.79,91.97,1.84,80.77,7.44,4.55,3.87,0.0,0.11,2.8,18.38
1722107,Xambioá,TO,3510,70.0,29.46,1.91,27.55,69.17,0.4,81.23,5.56,8.89,3.22,0.0,0.0,0.8,14.5
2100055,Açailândia,MA,34388,63.35,34.85,10.31,24.53,60.49,0.2,91.99,6.7,0.82,0.07,0.05,0.02,0.18,5.12
2100105,Afonso Cunha,MA,1699,73.57,26.02,5.94,20.07,38.2,28.31,61.15,21.31,8.12,0.53,6.47,0.0,0.0,19.95
2100154,Água Doce do Maranhão,MA,3543,53.15,37.85,7.11,30.74,49.2,3.56,76.43,18.18,1.33,0.51,0.08,0.03,3.08,12.62
2100204,Alcântara,MA,6288,65.81,31.73,5.44,26.29,59.97,2.21,45.85,45.56,7.73,0.21,0.0,0.16,0.05,13.8
2100303,Aldeias Altas,MA,6664,49.23,45.57,7.44,38.13,22.54,16.93,40.32,36.13,19.97,0.45,1.58,0.02,0.44,51.2
2100402,Altamira do Maranhão,MA,1950,49.38,48.51,17.69,30.82,44.56,2.05,68.46,14.05,16.97,0.1,0.0,0.0,0.0,27.38
2100436,Alto Alegre do Maranhão,MA,7540,54.5,42.41,4.31,38.1,48.85,2.93,78.97,17.68,2.36,0.09,0.09,0.08,0.04,12.12
2100477,Alto Alegre do Pindaré,MA,7425,78.69,17.43,1.1,16.32,71.27,1.41,78.32,18.37,3.1,0.05,0.01,0.0,0.03,9.02
2100501,Alto Parnaíba,MA,3405,56.68,39.79,27.64,12.16,42.82,12.83,73.13,9.02,3.99,5.93,0.06,0.06,7.64,22.17
2100550,Amapá do Maranhão,MA,2025,98.37,1.58,1.48,0.1,87.11,0.2,75.41,12.15,12.15,0.05,0.0,0.05,0.1,16.4
2100600,Amarante do Maranhão,MA,10849,80.02,9.09,1.41,7.68,67.83,5.84,70.85,12.74,11.54,0.28,2.03,0.05,1.03,24.44
2100709,Anajatuba,MA,8159,88.01,8.25,0.49,7.76,81.05,4.41,53.17,29.89,9.24,0.04,1.24,3.58,2.1,36.55
2100808,Anapurus,MA,3996,87.74,11.54,0.18,11.36,69.64,16.97,58.68,33.76,7.13,0.08,0.0,0.0,0.05,28.85
2100832,Apicum-Açu,MA,5044,98.59,1.05,0.1,0.95,86.6,0.59,90.82,6.17,1.63,0.38,0.0,0.04,0.1,6.64
2100873,Araguanã,MA,3210,74.42,23.49,0.56,22.93,64.95,2.37,47.29,13.36,38.1,0.12,0.53,0.03,0.0,39.41
2100907,Araioses,MA,11973,86.64,7.31,0.18,7.13,72.35,12.04,42.83,32.78,15.15,0.18,0.12,0.18,6.91,45.41
2100956,Arame,MA,7154,94.52,1.27,0.63,0.64,74.64,15.39,56.29,17.31,21.69,0.04,2.66,0.32,0.18,34.15
2101004,Arari,MA,8966,86.26,8.52,4.46,4.06,81.79,1.9,62.39,20.47,2.0,0.06,1.16,6.0,6.84,31.27
2101103,Axixá,MA,3344,63.16,30.35,0.63,29.72,54.61,2.78,53.08,21.95,19.56,3.32,0.0,0.09,0.84,42.73
2101202,Bacabal,MA,32893,52.4,44.2,22.73,21.46,45.29,1.55,81.41,15.65,1.45,0.05,0.03,0.03,0.16,11.97
2101251,Bacabeira,MA,5290,90.15,7.24,2.51,4.73,84.84,2.44,85.95,12.85,0.72,0.02,0.0,0.0,0.04,10.11
2101301,Bacuri,MA,5126,76.53,17.5,0.82,16.68,74.81,0.9,83.38,8.17,3.14,2.93,0.0,0.02,0.08,11.94
2101350,Bacurituba,MA,1742,61.08,34.5,0.4,34.1,58.67,0.75,76.12,14.24,9.01,0.0,0.0,0.11,0.0,13.2
2101400,Balsas,MA,30817,30.36,68.36,11.91,56.45,27.14,2.16,79.3,8.25,8.88,0.91,0.42,0.01,2.1,16.06
2101509,Barão de Grajaú,MA,6226,51.69,44.65,1.43,43.22,38.26,10.39,53.87,42.69,1.3,0.26,0.31,0.02,1.27,22.13
2101608,Barra do Corda,MA,27087,82.12,15.25,3.41,11.84,77.4,2.99,57.64,27.71,3.3,0.14,4.09,0.28,6.01,25.15
2101707,Barreirinhas,MA,17971,61.35,36.96,8.03,28.93,58.4,1.25,26.15,58.57,12.98,0.24,0.02,0.03,0.97,69.61
2101731,Belágua,MA,2070,97.54,1.79,0.1,1.69,83.96,5.99,55.7,25.85,12.17,0.97,0.1,0.0,2.8,30.0
2101772,Bela Vista do Maranhão,MA,3492,19.7,77.66,0.83,76.83,17.3,1.09,90.92,8.65,0.29,0.0,0.0,0.0,0.0,2.15
2101806,Benedito Leite,MA,1756,92.65,4.61,2.05,2.56,82.63,7.0,84.28,2.16,9.17,0.28,0.11,0.0,3.13,14.75
2101905,Bequimão,MA,6707,92.86,5.83,0.18,5.65,86.52,3.31,41.15,21.59,36.08,0.06,0.0,0.06,0.03,42.22
2101939,Bernardo do Mearim,MA,1803,34.11,64.89,2.27,62.62,33.11,0.06,53.85,21.63,24.07,0.0,0.06,0.06,0.06,37.27
2101970,Boa Vista do Gurupi,MA,2146,92.4,3.68,0.47,3.22,74.09,1.35,38.82,30.71,29.54,0.09,0.0,0.0,0.09,41.94
2102002,Bom Jardim,MA,9753,52.6,45.62,6.4,39.22,45.64,2.24,71.48,17.08,9.39,0.17,0.88,0.0,0.55,18.39
2102036,Bom Jesus das Selvas,MA,8264,95.67,3.39,1.73,1.66,91.2,2.54,75.53,16.52,4.56,0.11,2.08,0.29,0.16,16.75
2102077,Bom Lugar,MA,3560,26.46,70.45,8.12,62.33,24.13,0.65,50.76,35.93,12.72,0.0,0.0,0.0,0.03,35.11
2102101,Brejo,MA,9644,69.35,25.36,1.22,24.14,48.02,18.65,30.98,38.33,21.83,0.29,0.69,0.25,4.9,54.8
2102150,Brejo de Areia,MA,2545,19.1,71.79,0.79,71.0,10.18,8.61,73.24,4.17,22.12,0.04,0.0,0.0,0.12,21.22
2102200,Buriti,MA,8083,96.62,0.63,0.07,0.56,55.92,39.73,19.45,44.28,30.43,2.24,0.58,0.09,2.05,72.39
2102309,Buriti Bravo,MA,6661,87.6,11.02,0.48,10.54,79.24,6.07,78.95,15.76,1.98,0.02,1.02,0.0,0.86,19.35
2102325,Buriticupu,MA,16339,67.1,32.03,8.94,23.1,64.45,0.81,67.7,11.52,2.58,0.01,17.19,0.04,0.08,13.09
2102358,Buritirana,MA,4116,97.4,2.07,0.22,1.85,94.14,0.41,81.46,9.72,8.55,0.02,0.0,0.0,0.07,11.93
2102374,Cachoeira Grande,MA,2681,90.82,6.01,0.11,5.89,75.57,4.96,15.29,39.65,33.2,2.76,0.04,0.0,6.83,78.93
2102408,Cajapió,MA,3145,98.09,1.18,0.32,0.86,85.5,1.18,74.34,16.03,8.78,0.03,0.0,0.0,0.06,20.51
2102507,Cajari,MA,4907,92.13,3.55,0.33,3.22,78.46,4.32,31.55,39.72,21.23,0.04,0.02,0.08,5.83,55.39
2102556,Campestre do Maranhão,MA,3847,38.24,60.75,17.39,43.36,37.41,0.65,90.88,4.99,3.02,0.05,0.0,0.0,0.99,7.75
2102606,Cândido Mendes,MA,5682,92.71,1.21,0.14,1.07,87.91,0.42,38.01,31.08,28.74,0.25,0.05,0.0,0.33,58.18
2102705,Cantanhede,MA,6016,69.75,22.36,1.71,20.64,57.4,7.2,54.45,18.47,12.9,1.7,8.49,1.16,1.6,39.01
2102754,Capinzal do Norte,MA,3579,93.63,2.01,0.61,1.4,86.87,6.23,82.84,6.12,8.97,0.08,0.56,0.84,0.25,13.77
2102804,Carolina,MA,7811,69.25,27.21,23.81,3.39,62.12,6.09,72.51,8.87,4.93,3.1,0.26,0.04,10.1,21.18
2102903,Carutapera,MA,7065,87.43,6.27,3.72,2.55,82.01,0.71,34.08,32.1,26.95,0.07,0.07,0.01,0.2,59.26
2103000,Caxias,MA,48203,48.96,47.39,19.34,28.05,39.66,5.69,77.84,15.86,4.03,0.4,0.19,0.01,0.83,12.31
2103109,Cedral,MA,3206,24.55,74.89,0.84,74.05,23.55,0.37,98.35,1.0,0.06,0.03,0.0,0.03,0.25,0.87
2103125,Central do Maranhão,MA,2210,98.6,1.27,0.18,1.09,92.53,1.49,70.95,17.33,4.16,0.23,1.0,0.18,2.31,22.31
2103158,Centro do Guilherme,MA,3283,23.76,75.21,0.64,74.57,21.17,1.86,73.71,13.4,11.12,0.0,0.0,0.03,0.94,19.46
2103174,Centro Novo do Maranhão,MA,4508,95.28,1.86,0.11,1.75,91.93,1.86,27.42,17.17,52.4,0.22,0.22,0.04,0.53,58.56
2103208,Chapadinha,MA,23972,80.36,18.72,0.87,17.85,67.5,10.39,45.94,22.64,27.33,1.91,0.13,0.03,0.83,46.68
2103257,Cidelândia,MA,4144,25.34,72.88,4.32,68.56,15.93,0.22,79.51,13.9,5.5,0.17,0.0,0.0,0.7,15.01
2103307,Codó,MA,34888,42.52,53.26,13.48,39.78,28.91,8.07,79.12,13.54,4.56,0.15,0.23,0.91,0.64,13.41
2103406,Coelho Neto,MA,11916,52.87,43.12,3.71,39.41,44.2,6.23,86.24,7.87,3.46,0.54,0.13,0.02,0.33,8.69
2103505,Colinas,MA,12482,86.53,10.89,1.47,9.42,75.31,5.67,74.17,16.33,6.53,0.15,0.61,0.03,1.47,16.98
2103554,Conceição do Lago-Açu,MA,4105,33.25,48.06,2.36,45.7,25.46,5.8,78.68,15.49,2.07,0.0,0.58,0.0,1.88,14.23
2103604,Coroatá,MA,18889,47.26,48.53,7.64,40.89,31.69,9.08,73.15,17.63,4.52,2.28,0.12,0.58,0.9,22.75
2103703,Cururupu,MA,10031,61.75,35.05,3.27,31.78,57.2,0.72,75.81,11.31,9.04,0.13,0.0,0.04,0.33,20.87
2103752,Davinópolis,MA,4568,57.49,41.73,9.39,32.33,55.08,0.46,93.67,1.69,4.12,0.02,0.22,0.0,0.04,5.3
2103802,Dom Pedro,MA,7305,55.06,43.29,9.23,34.06,48.65,1.48,77.75,9.76,9.86,0.08,1.3,0.03,0.25,15.51
2103901,Duque Bacelar,MA,2748,94.18,1.64,0.62,1.02,61.94,28.46,38.76,34.97,16.78,0.69,4.59,0.0,1.35,53.02
2104008,Esperantinópolis,MA,5630,12.06,86.09,5.06,81.03,2.86,2.49,82.74,10.02,5.38,0.07,1.14,0.11,0.36,9.04
2104057,Estreito,MA,10763,82.25,16.32,7.93,8.39,78.78,3.08,74.43,14.97,7.95,0.93,0.03,0.01,1.57,11.4
2104073,Feira Nova do Maranhão,MA,2484,90.46,2.05,0.28,1.77,82.45,7.05,41.99,12.64,26.33,9.66,0.12,0.08,9.1,45.81
2104081,Fernando Falcão,MA,2668,84.71,6.75,6.63,0.11,56.63,27.29,72.11,8.7,2.85,4.46,0.0,0.07,10.01,24.81
2104099,Formosa da Serra Negra,MA,5128,96.7,0.92,0.59,0.33,76.25,19.54,44.34,19.52,20.55,6.01,0.02,0.0,9.34,34.52
2104107,Fortaleza dos Nogueiras,MA,3902,83.01,12.87,0.28,12.58,79.34,2.23,55.87,13.89,24.96,2.46,0.08,0.05,2.23,35.96
2104206,Fortuna,MA,5136,88.51,9.03,3.15,5.88,82.79,3.58,88.16,5.69,3.84,0.12,0.64,0.02,1.01,7.81
2104305,Godofredo Viana,MA,3140,96.15,2.83,0.57,2.26,91.43,0.41,83.66,11.24,3.95,0.19,0.03,0.0,0.19,13.03
2104404,Gonçalves Dias,MA,5339,88.46,9.46,1.97,7.49,74.55,11.14,70.24,16.16,5.83,0.04,1.87,0.06,0.36,19.05
2104503,Governador Archer,MA,2967,95.48,3.4,3.17,0.24,88.81,5.93,91.78,2.46,2.36,0.13,2.16,0.0,0.74,6.81
2104552,Governador Edison Lobão,MA,5953,36.07,63.48,4.37,59.11,35.09,0.24,84.55,5.59,8.11,0.29,0.13,0.02,0.77,12.78
2104602,Governador Eugênio Barros,MA,4349,98.87,0.62,0.25,0.37,86.3,9.77,89.05,3.86,5.1,0.11,0.21,0.0,1.08,6.67
2104628,Governador Luiz Rocha,MA,2185,98.44,0.41,0.41,0.0,94.42,3.62,94.19,4.49,1.01,0.0,0.05,0.0,0.0,4.94
2104651,Governador Newton Bello,MA,2806,41.02,58.02,2.14,55.88,33.07,1.75,57.7,23.16,18.42,0.18,0.0,0.0,0.11,18.1
2104677,Governador Nunes Freire,MA,6739,79.82,17.67,6.16,11.52,73.54,0.27,64.58,27.84,6.8,0.03,0.0,0.0,0.22,23.39
2104701,Graça Aranha,MA,1978,97.07,1.57,1.11,0.46,92.72,3.19,95.85,2.33,0.76,0.1,0.25,0.1,0.25,3.24
2104800,Grajaú,MA,21786,86.5,11.8,2.34,9.46,73.28,9.06,72.99,16.91,3.41,1.04,1.35,0.07,3.71,18.58
2104909,Guimarães,MA,3516,61.83,33.93,0.4,33.53,60.21,0.63,70.31,26.02,1.54,0.2,0.6,0.0,0.6,24.06
2105005,Humberto de Campos,MA,6984,64.09,21.06,2.58,18.49,53.98,7.09,34.77,41.07,17.35,0.37,0.03,0.0,3.52,50.04
2105104,Icatu,MA,6914,76.83,14.81,3.28,11.53,69.32,3.12,29.46,64.8,0.67,2.01,0.09,0.03,2.07,52.85
2105153,Igarapé do Meio,MA,4033,72.58,26.53,6.15,20.38,60.72,1.19,85.07,12.77,1.46,0.07,0.07,0.0,0.17,6.4
2105203,Igarapé Grande,MA,3222,65.3,32.06,12.35,19.71,61.73,0.71,59.78,14.09,25.57,0.03,0.0,0.0,0.0,26.97
2105302,Imperatriz,MA,90440,15.86,83.58,46.6,36.97,13.09,0.1,85.98,12.26,1.17,0.04,0.02,0.01,0.03,6.93
2105351,Itaipava do Grajaú,MA,3811,54.5,43.22,3.7,39.52,42.4,8.87,79.14,12.83,3.49,0.0,0.73,0.1,1.02,9.79
2105401,Itapecuru Mirim,MA,18878,69.58,25.96,12.01,13.95,63.06,2.32,59.23,31.02,6.6,0.25,0.46,0.34,0.75,29.8
2105427,Itinga do Maranhão,MA,7302,85.39,14.26,1.11,13.15,84.36,0.37,85.65,10.74,1.88,0.05,0.22,0.0,0.58,10.42
2105450,Jatobá,MA,2280,91.27,6.58,0.88,5.7,86.36,2.41,62.02,33.2,2.37,0.09,1.54,0.0,0.61,11.49
2105476,Jenipapo dos Vieiras,MA,4678,83.16,10.43,10.32,0.11,67.38,12.44,44.31,33.11,5.15,0.06,14.66,0.75,1.11,27.02
2105500,João Lisboa,MA,7626,56.33,42.89,3.23,39.67,51.99,0.42,82.91,12.14,4.0,0.09,0.47,0.01,0.01,8.75
2105609,Joselândia,MA,4466,71.9,22.37,1.37,21.0,64.49,4.23,47.83,45.57,3.52,0.18,0.16,0.04,1.88,31.06
2105658,Junco do Maranhão,MA,1499,94.66,1.4,1.4,0.0,88.53,1.07,42.7,29.15,26.35,0.2,0.07,0.0,0.07,42.7
2105708,Lago da Pedra,MA,13477,64.5,28.84,3.26,25.58,55.82,3.27,27.59,29.93,38.93,0.07,0.61,0.07,0.09,61.32
2105807,Lago do Junco,MA,2869,43.33,53.54,6.0,47.54,31.86,3.52,51.31,23.25,24.78,0.03,0.0,0.0,0.03,39.7
2105906,Lago Verde,MA,4306,51.72,42.55,1.63,40.92,45.75,2.07,57.06,29.33,11.22,0.05,0.05,0.05,0.05,33.42
2105922,Lagoa do Mato,MA,3167,66.88,29.52,0.47,29.05,55.57,11.02,72.62,24.72,1.14,0.6,0.06,0.0,0.47,8.87
2105948,Lago dos Rodrigues,MA,2800,88.89,6.61,1.14,5.46,83.82,0.57,42.32,27.64,27.36,0.04,0.0,0.04,0.0,39.75
2105963,Lagoa Grande do Maranhão,MA,3366,94.27,2.23,0.92,1.31,91.98,1.16,79.98,3.15,9.6,0.33,3.92,0.56,0.59,19.1
2105989,Lajeado Novo,MA,2342,29.63,68.02,1.79,66.23,21.26,1.15,64.65,16.78,11.02,1.37,0.0,0.0,6.11,27.63
2106003,Lima Campos,MA,3659,39.96,57.58,19.27,38.32,22.0,3.06,76.17,18.86,4.26,0.0,0.55,0.03,0.05,7.54
2106102,Loreto,MA,3203,19.08,80.42,1.0,79.43,13.8,2.81,60.57,25.69,6.71,0.22,0.78,0.03,5.65,32.69
2106201,Luís Domingues,MA,2115,94.85,2.36,0.8,1.56,92.34,0.19,40.76,22.36,14.09,0.52,10.35,0.05,0.05,55.08
2106300,Magalhães de Almeida,MA,4214,95.37,3.13,0.95,2.18,86.05,8.83,87.26,7.17,1.09,0.05,1.21,0.24,2.42,7.78
2106326,Maracaçumé,MA,6000,88.15,8.55,0.2,8.35,86.82,0.3,33.7,30.38,34.87,0.02,0.0,0.0,0.0,56.37
2106359,Marajá do Sena,MA,1918,78.68,16.32,0.21,16.11,56.52,14.81,12.36,24.92,46.25,0.1,12.04,1.41,2.45,76.02
2106375,Maranhãozinho,MA,3326,95.79,3.31,2.53,0.78,93.51,1.17,50.51,34.55,13.71,0.03,0.0,0.0,0.87,30.79
2106409,Mata Roma,MA,4803,83.55,13.74,5.04,8.7,67.79,14.6,42.04,46.91,10.08,0.31,0.02,0.0,0.21,32.52
2106508,Matinha,MA,6819,95.66,3.06,0.37,2.7,88.39,1.17,40.53,27.67,30.71,0.01,0.0,0.28,0.44,40.49
2106607,Matões,MA,9369,68.05,23.99,1.99,22.01,52.92,9.38,81.13,9.77,7.41,0.09,0.39,0.02,0.2,10.95
2106631,Matões do Norte,MA,3903,78.48,12.96,7.4,5.56,64.95,8.89,48.86,22.83,6.35,0.54,14.83,1.77,2.25,33.85
2106672,Milagres do Maranhão,MA,2369,97.8,0.63,0.0,0.63,64.46,32.08,34.74,34.07,29.21,0.68,0.17,0.21,0.63,55.89
2106706,Mirador,MA,6233,88.02,5.18,1.38,3.8,67.4,14.63,54.34,33.16,5.71,3.42,0.29,0.02,2.62,23.15
2106755,Miranda do Norte,MA,6595,69.72,28.66,11.48,17.18,66.79,0.7,63.88,19.14,6.85,0.5,2.61,0.53,1.94,17.21
2106805,Mirinzal,MA,4531,35.09,64.2,13.68,50.52,34.14,0.49,64.22,30.63,3.77,0.07,0.02,0.0,0.53,16.31
2106904,Monção,MA,7956,78.82,17.56,1.26,16.3,72.06,1.67,64.61,21.46,9.31,1.24,0.03,0.0,1.29,26.14
2107001,Montes Altos,MA,2888,19.98,77.91,1.39,76.52,10.21,9.11,68.63,10.6,17.94,1.63,0.35,0.07,0.55,30.51
2107100,Morros,MA,5181,86.12,11.29,0.39,10.91,75.35,5.4,32.54,36.42,19.61,2.64,0.14,0.12,6.5,62.25
2107209,Nina Rodrigues,MA,3526,92.82,2.61,1.11,1.5,79.27,12.51,44.55,35.76,10.83,0.6,0.57,0.23,3.63,46.82
2107258,Nova Colinas,MA,1473,98.44,1.36,0.14,1.22,90.36,6.99,57.64,8.55,18.4,3.33,0.0,0.0,12.08,40.94
2107308,Nova Iorque,MA,1334,58.7,41.08,29.09,11.99,40.55,18.14,51.12,33.06,8.32,0.75,2.47,0.07,2.55,24.74
2107357,Nova Olinda do Maranhão,MA,4297,76.5,20.78,1.28,19.5,69.3,1.05,35.05,27.72,35.63,0.14,0.02,0.05,0.51,54.88
2107407,Olho d'Água das Cunhãs,MA,5668,47.74,49.24,2.56,46.68,39.33,0.95,62.49,31.97,4.75,0.04,0.0,0.0,0.0,26.31
2107456,Olinda Nova do Maranhão,MA,4161,84.09,5.74,3.39,2.36,78.66,3.05,54.7,11.75,31.03,0.14,1.63,0.02,0.1,29.56
2107506,Paço do Lumiar,MA,47860,14.43,84.95,42.38,42.57,13.45,0.22,77.8,20.5,0.41,0.02,0.04,0.01,0.01,15.36
2107605,Palmeirândia,MA,6061,67.1,31.03,2.29,28.74,55.09,5.31,58.14,27.92,13.31,0.08,0.23,0.0,0.05,28.15
2107704,Paraibano,MA,5883,90.7,4.57,4.33,0.24,89.24,1.29,70.0,23.75,0.59,0.25,4.23,0.0,0.02,8.35
2107803,Parnarama,MA,9448,54.1,42.83,23.25,19.58,43.4,8.82,74.82,14.26,8.1,0.32,0.76,0.01,0.93,16.81
2107902,Passagem Franca,MA,5296,91.5,6.82,1.06,5.76,84.44,6.34,83.91,14.8,0.25,0.08,0.19,0.02,0.06,8.95
2108009,Pastos Bons,MA,5712,95.73,3.68,0.25,3.43,90.48,4.04,70.92,20.82,3.19,3.38,1.07,0.04,0.3,10.57
2108058,Paulino Neves,MA,4418,89.61,7.51,0.09,7.42,73.43,12.09,25.15,48.76,21.75,1.09,0.0,0.0,2.35,66.05
2108108,Paulo Ramos,MA,5957,63.19,30.82,1.59,29.23,58.82,3.16,27.7,17.21,50.58,0.12,2.72,0.4,0.35,62.57
2108207,Pedreiras,MA,12106,47.41,49.81,28.33,21.48,36.92,0.55,84.51,6.98,4.6,0.05,2.98,0.02,0.58,11.47
2108256,Pedro do Rosário,MA,6940,84.39,10.62,0.29,10.33,74.42,2.46,20.29,16.83,61.53,0.1,0.07,0.0,0.01,60.98
2108306,Penalva,MA,9678,84.83,8.34,0.69,7.65,72.5,2.31,40.56,21.71,36.17,0.12,0.03,0.06,0.24,51.81
2108405,Peri Mirim,MA,3782,83.47,8.04,0.48,7.56,77.71,0.77,38.92,17.85,41.8,0.34,0.16,0.08,0.19,48.97
2108454,Peritoró,MA,6198,81.17,16.6,1.05,15.55,59.87,18.97,57.31,25.62,14.04,0.44,0.02,0.89,0.1,36.22
2108504,Pindaré-Mirim,MA,9431,30.01,66.93,20.32,46.61,23.63,0.76,66.58,31.6,1.37,0.03,0.02,0.0,0.07,21.44
2108603,Pinheiro,MA,26145,79.59,18.26,2.81,15.44,74.71,1.08,34.68,35.71,26.48,0.61,0.01,0.19,0.72,56.75
2108702,Pio XII,MA,6514,45.43,48.34,8.5,39.84,31.85,5.02,58.52,38.53,2.63,0.05,0.0,0.0,0.03,32.07
2108801,Pirapemas,MA,5240,79.87,11.11,0.67,10.44,71.76,5.34,49.52,39.68,6.22,1.15,0.0,0.78,1.11,41.97
2108900,Poção de Pedras,MA,5705,37.0,62.0,13.29,48.71,27.99,2.86,43.7,23.59,31.9,0.14,0.0,0.05,0.09,38.19
2109007,Porto Franco,MA,7807,76.57,22.45,7.35,15.1,74.14,2.02,85.35,7.38,4.09,0.13,0.03,0.04,2.66,12.26
2109056,Porto Rico do Maranhão,MA,1873,9.02,88.89,0.48,88.41,5.66,0.69,89.75,8.7,0.59,0.0,0.0,0.0,0.11,5.77
2109106,Presidente Dutra,MA,14340,70.1,28.74,8.84,19.9,67.02,0.72,79.14,16.83,1.85,0.02,1.24,0.01,0.09,8.19
2109205,Presidente Juscelino,MA,3161,83.39,14.62,0.28,14.33,68.71,9.46,35.08,40.97,10.0,7.88,0.0,0.03,4.78,56.18
2109239,Presidente Médici,MA,1386,97.11,1.23,0.87,0.36,91.77,1.95,86.08,9.74,3.9,0.14,0.0,0.07,0.0,9.31
2109270,Presidente Sarney,MA,4934,88.49,11.19,4.26,6.93,73.55,0.69,32.21,16.44,49.29,0.12,1.32,0.0,0.06,46.82
2109304,Presidente Vargas,MA,3111,91.22,6.62,2.76,3.86,83.06,4.6,25.97,35.87,34.94,1.45,0.0,0.1,1.29,55.48
2109403,Primeira Cruz,MA,3604,80.36,7.52,0.33,7.19,63.96,13.49,45.31,30.58,19.28,0.72,0.0,0.03,1.86,44.34
2109452,Raposa,MA,9508,61.06,37.47,7.48,30.0,51.64,1.05,86.15,12.54,0.43,0.02,0.07,0.04,0.02,7.44
2109502,Riachão,MA,7145,79.23,20.17,0.27,19.9,68.58,10.12,58.12,11.76,14.57,4.58,1.65,0.0,9.07,38.77
2109551,Ribamar Fiquene,MA,2427,82.61,14.42,12.24,2.18,78.45,1.48,68.56,13.64,13.39,1.52,0.04,0.12,2.22,24.06
2109601,Rosário,MA,12124,56.21,40.41,5.01,35.4,49.42,2.02,54.35,28.54,14.21,0.77,0.05,0.02,1.14,40.72
2109700,Sambaíba,MA,1679,80.7,18.4,0.48,17.93,62.06,17.03,37.28,26.68,18.28,0.3,3.39,0.0,12.63,46.87
2109759,Santa Filomena do Maranhão,MA,2001,87.81,12.04,0.5,11.54,77.71,10.09,94.9,3.2,1.15,0.1,0.05,0.0,0.1,4.6
2109809,Santa Helena,MA,11022,84.59,11.95,0.41,11.54,76.79,5.6,21.61,61.46,13.53,0.06,0.93,0.05,0.15,74.7
2109908,Santa Inês,MA,26886,29.97,69.38,26.3,43.08,26.16,0.29,85.43,13.1,0.48,0.03,0.7,0.01,0.01,8.13
2110005,Santa Luzia,MA,17039,77.47,20.79,6.04,14.74,71.51,2.54,67.62,22.83,5.41,0.23,2.95,0.06,0.05,19.83
2110039,Santa Luzia do Paruá,MA,7134,93.54,4.85,0.36,4.49,88.27,0.31,55.33,20.89,23.06,0.03,0.01,0.01,0.07,34.09
2110104,Santa Quitéria do Maranhão,MA,6491,47.57,46.05,2.42,43.63,32.48,8.87,58.59,27.05,9.89,0.06,1.68,0.02,1.97,30.52
2110203,Santa Rita,MA,11311,89.1,5.14,1.02,4.12,80.88,3.68,46.35,36.72,11.33,0.5,1.63,0.19,2.17,44.98
2110237,Santana do Maranhão,MA,2952,84.25,11.69,5.59,6.1,68.9,11.69,80.12,13.55,4.1,0.51,0.27,0.0,0.91,15.92
2110278,Santo Amaro do Maranhão,MA,3550,45.38,52.37,0.25,52.11,24.48,15.13,4.25,69.92,20.82,0.59,0.0,0.03,1.21,93.55
2110302,Santo Antônio dos Lopes,MA,4360,65.83,30.55,13.0,17.55,37.36,3.94,77.8,12.8,8.0,0.07,0.07,0.0,0.69,19.82
2110401,São Benedito do Rio Preto,MA,5019,86.65,10.0,0.5,9.5,68.44,8.39,28.45,25.58,40.84,0.9,1.2,0.08,2.21,64.89
2110500,São Bento,MA,11901,90.43,4.72,0.82,3.91,81.51,3.46,60.18,11.01,27.92,0.04,0.0,0.02,0.02,36.35
2110609,São Bernardo,MA,7765,63.12,31.8,1.16,30.64,57.1,3.53,42.64,51.86,1.71,0.33,0.36,0.0,2.72,41.07
2110658,São Domingos do Azeitão,MA,2249,78.84,19.88,0.36,19.52,75.41,2.45,67.99,10.98,14.14,1.56,1.78,0.0,0.98,20.28
2110708,São Domingos do Maranhão,MA,10769,81.39,15.31,4.09,11.23,76.77,1.83,81.85,15.61,1.55,0.01,0.49,0.01,0.0,8.51
2110807,São Félix de Balsas,MA,1415,94.84,3.89,0.14,3.75,73.43,20.57,37.95,28.2,15.12,0.07,3.18,0.28,13.85,39.51
2110856,São Francisco do Brejão,MA,2837,87.24,12.48,0.32,12.16,84.31,0.42,70.85,21.22,7.68,0.0,0.04,0.04,0.11,23.55
2110906,São Francisco do Maranhão,MA,3808,89.76,1.65,0.16,1.5,66.6,22.74,54.65,40.86,1.42,0.34,0.03,0.0,2.05,32.41
2111003,São João Batista,MA,5903,81.77,12.89,0.1,12.79,74.0,2.0,43.47,24.38,26.75,0.15,0.12,1.64,2.08,47.25
2111029,São João do Carú,MA,3316,92.34,5.13,1.03,4.1,86.73,2.77,78.56,8.56,12.12,0.0,0.0,0.03,0.24,16.98
2111052,São João do Paraíso,MA,3207,95.14,1.28,0.75,0.53,90.27,4.37,65.14,10.73,13.63,0.94,0.03,0.03,9.29,20.52
2111078,São João do Soter,MA,5135,49.81,48.61,1.75,46.85,26.04,20.45,75.5,20.1,2.32,0.04,0.41,0.08,0.76,8.45
2111102,São João dos Patos,MA,8272,91.92,6.2,1.85,4.35,88.83,2.57,78.25,17.35,1.16,0.06,2.32,0.06,0.08,13.3
2111201,São José de Ribamar,MA,81056,19.95,79.18,32.27,46.91,18.47,0.32,75.63,22.81,0.44,0.01,0.03,0.01,0.0,13.95
2111250,São José dos Basílios,MA,2108,95.07,1.09,0.62,0.47,89.23,4.36,91.65,6.02,0.81,0.14,0.33,0.0,0.43,3.18
2111300,São Luís,MA,348724,16.19,83.24,53.64,29.6,10.88,0.27,68.08,30.19,0.48,0.05,0.46,0.01,0.01,18.56
2111409,São Luís Gonzaga do Maranhão,MA,5560,32.7,59.44,18.9,40.54,18.18,6.37,62.37,33.56,3.26,0.18,0.0,0.04,0.13,20.05
2111508,São Mateus do Maranhão,MA,11953,71.27,27.23,9.37,17.86,62.24,4.41,52.23,42.32,3.22,0.11,0.73,0.14,0.25,37.04
2111532,São Pedro da Água Branca,MA,3936,94.51,4.22,2.54,1.68,92.45,0.84,82.65,10.11,3.28,0.94,0.25,0.0,2.18,12.58
2111573,São Pedro dos Crentes,MA,1709,90.64,7.61,6.96,0.64,84.79,3.92,60.27,2.17,22.94,4.15,0.06,0.0,10.01,38.44
2111607,São Raimundo das Mangabeiras,MA,5794,82.05,16.78,3.59,13.19,74.97,6.09,69.04,18.02,4.82,0.26,2.12,0.02,4.95,27.25
2111631,São Raimundo do Doca Bezerra,MA,1685,86.05,13.83,0.18,13.65,79.29,3.26,84.33,3.62,9.14,0.0,1.66,0.47,0.3,12.23
2111672,São Roberto,MA,1365,65.35,33.41,2.86,30.55,53.48,3.0,77.88,12.6,2.42,0.0,4.84,0.07,0.37,8.5
2111706,São Vicente Ferrer,MA,6243,76.12,16.37,0.27,16.1,68.7,3.7,42.66,15.79,41.02,0.1,0.06,0.02,0.19,45.76
2111722,Satubinha,MA,2450,79.88,19.35,1.35,18.0,72.49,4.45,81.92,15.39,2.08,0.04,0.0,0.0,0.2,15.76
2111748,Senador Alexandre Costa,MA,3027,92.96,0.46,0.0,0.46,82.42,6.97,70.47,2.44,25.87,0.07,0.26,0.03,0.23,14.24
2111763,Senador La Rocque,MA,4605,72.18,26.51,16.13,10.38,67.1,0.65,84.78,8.73,5.71,0.04,0.09,0.0,0.2,13.44
2111789,Serrano do Maranhão,MA,3148,60.99,38.6,1.43,37.17,59.53,1.27,70.04,9.18,16.87,0.89,0.67,0.06,0.57,27.45
2111805,Sítio Novo,MA,5197,81.76,12.87,2.31,10.56,67.27,9.76,49.47,22.9,18.26,2.62,0.02,0.02,6.43,38.87
2111904,Sucupira do Norte,MA,3127,86.92,10.81,2.43,8.38,79.88,6.08,68.08,7.04,6.4,2.46,12.34,0.26,1.66,15.89
2111953,Sucupira do Riachão,MA,1566,31.23,64.62,0.57,64.05,17.18,10.54,77.71,19.67,1.92,0.26,0.13,0.0,0.0,4.85
2112001,Tasso Fragoso,MA,2638,59.21,37.79,26.54,11.26,49.09,9.89,78.47,6.18,6.67,1.59,0.0,0.04,6.97,19.86
2112100,Timbiras,MA,7575,57.7,28.92,3.25,25.68,40.66,13.17,52.12,22.36,18.1,5.76,0.2,0.48,0.61,41.69
2112209,Timon,MA,54199,44.94,52.6,21.75,30.84,40.43,2.45,91.96,6.14,0.95,0.08,0.06,0.01,0.06,5.76
2112233,Trizidela do Vale,MA,7272,37.97,60.73,20.68,40.04,21.58,0.98,83.43,9.16,5.58,0.04,1.22,0.03,0.17,12.53
2112274,Tufilândia,MA,1567,81.75,18.0,5.49,12.51,75.49,3.64,78.94,19.78,1.15,0.0,0.0,0.0,0.0,20.74
2112308,Tuntum,MA,11376,81.52,14.58,11.98,2.6,72.2,5.0,79.0,15.75,2.77,0.18,0.28,0.06,1.02,7.5
2112407,Turiaçu,MA,10226,89.04,0.56,0.32,0.23,73.99,0.84,36.57,26.44,30.78,1.86,2.73,0.17,0.15,53.73
2112456,Turilândia,MA,7213,85.8,3.65,0.51,3.13,77.98,0.31,31.19,47.84,10.09,8.44,0.03,0.12,0.06,61.31
2112506,Tutóia,MA,14744,86.64,8.91,2.73,6.18,82.0,3.17,58.16,36.58,3.36,0.23,0.43,0.0,0.21,32.35
2112605,Urbano Santos,MA,8599,88.87,9.57,0.76,8.81,77.86,4.98,44.06,41.62,9.98,0.07,0.09,0.03,1.35,42.53
2112704,Vargem Grande,MA,12882,79.48,12.85,5.85,6.99,64.73,12.2,41.31,14.62,28.76,4.78,6.06,0.31,2.06,49.74
2112803,Viana,MA,15784,64.97,29.45,7.43,22.02,57.15,1.68,29.14,18.28,49.25,0.1,0.28,0.84,1.69,63.95
2112852,Vila Nova dos Martírios,MA,3312,94.02,4.35,1.51,2.84,90.31,0.75,75.21,8.91,12.38,1.03,0.0,0.0,2.48,22.71
2112902,Vitória do Mearim,MA,9357,94.13,1.87,1.26,0.61,85.56,1.14,74.53,17.88,3.41,0.47,0.03,0.42,2.43,19.89
2113009,Vitorino Freire,MA,9768,81.19,16.32,1.33,14.99,76.65,1.71,51.8,14.73,32.02,0.03,0.06,0.0,0.08,35.04
2114007,Zé Doca,MA,12629,66.75,28.13,5.06,23.07,60.37,0.69,58.9,13.51,25.16,0.02,1.25,0.01,0.05,30.79
2200053,Acauã,PI,2216,94.77,2.3,0.09,2.21,79.51,12.23,25.5,9.12,2.48,0.18,20.44,33.12,8.57,73.33
2200103,Agricolândia,PI,1722,89.08,10.22,5.57,4.65,88.27,0.46,97.5,1.92,0.12,0.0,0.0,0.06,0.0,1.51
2200202,Água Branca,PI,5880,33.62,66.11,26.04,40.07,32.5,0.43,91.99,6.33,1.07,0.0,0.12,0.0,0.0,5.63
2200251,Alagoinha do Piauí,PI,2575,70.56,28.27,15.88,12.39,56.08,6.06,54.49,14.1,0.43,0.04,28.74,0.74,0.16,44.08
2200277,Alegrete do Piauí,PI,1595,91.1,4.2,0.69,3.51,86.58,2.01,61.0,28.97,0.19,0.13,8.09,0.38,0.0,14.67
2200301,Alto Longá,PI,4665,91.94,6.11,0.94,5.17,87.52,4.09,63.3,33.93,1.03,0.54,0.19,0.19,0.51,34.06
2200400,Altos,PI,15172,19.29,77.37,15.23,62.14,8.19,3.16,63.92,27.73,3.99,0.05,0.1,0.06,0.07,24.0
2200459,Alvorada do Gurguéia,PI,1670,63.77,31.14,0.54,30.6,61.26,2.46,63.83,32.87,3.05,0.0,0.0,0.0,0.06,9.4
2200509,Amarante,PI,5523,38.84,58.3,4.76,53.54,15.97,5.0,79.14,19.05,0.63,0.2,0.0,0.09,0.16,11.73
2200608,Angical do Piauí,PI,2454,87.61,12.1,1.22,10.88,85.66,1.75,85.04,14.1,0.16,0.2,0.04,0.0,0.04,13.0
2200707,Anísio de Abreu,PI,3186,66.04,32.96,1.19,31.76,60.33,4.49,59.64,4.52,0.06,0.35,12.81,16.7,0.06,34.56
2200806,Antônio Almeida,PI,1040,64.04,35.87,18.85,17.02,58.46,5.38,94.04,3.46,1.63,0.29,0.0,0.0,0.48,5.0
2200905,Aroazes,PI,1817,61.81,35.17,4.13,31.04,59.16,2.26,67.47,26.64,0.88,0.11,4.29,0.11,0.17,25.04
2200954,Aroeiras do Itaim,PI,940,64.57,32.02,0.43,31.6,49.68,12.98,63.94,27.98,4.68,1.06,1.91,0.0,0.11,9.68
2201002,Arraial,PI,1533,97.52,2.22,2.02,0.2,82.26,8.74,90.8,4.57,3.52,0.13,0.07,0.07,0.26,6.2
2201051,Assunção do Piauí,PI,2352,84.01,13.05,2.3,10.76,67.52,13.86,79.63,9.99,1.32,0.94,5.99,1.23,0.09,16.37
2201101,Avelino Lopes,PI,3663,84.22,13.68,0.19,13.49,79.25,4.53,64.54,16.3,7.21,0.55,1.2,6.5,3.33,32.84
2201150,Baixa Grande do Ribeiro,PI,3883,55.91,41.69,15.4,26.29,40.77,13.19,83.49,9.04,4.2,0.13,0.1,0.0,2.86,11.69
2201176,Barra D'Alcântara,PI,1463,48.8,50.72,0.14,50.58,45.73,3.01,96.79,2.8,0.14,0.0,0.0,0.0,0.0,2.19
2201200,Barras,PI,14533,93.17,4.95,0.82,4.13,75.2,17.39,62.77,24.46,10.65,0.02,0.01,1.17,0.39,25.63
2201309,Barreiras do Piauí,PI,1011,90.41,1.68,1.38,0.3,79.53,10.29,68.15,27.4,0.99,2.47,0.0,0.1,0.69,18.99
2201408,Barro Duro,PI,2177,59.94,39.37,2.2,37.16,57.74,1.01,85.03,14.38,0.18,0.0,0.18,0.0,0.0,6.43
2201507,Batalha,PI,8691,61.74,35.95,0.92,35.02,51.82,6.35,64.92,28.44,1.77,0.39,0.07,3.01,0.3,18.58
2201556,Bela Vista do Piauí,PI,1233,96.43,2.68,0.89,1.78,94.73,0.97,96.51,2.6,0.0,0.0,0.24,0.41,0.08,2.51
2201572,Belém do Piauí,PI,1131,90.36,1.15,0.8,0.35,89.83,0.18,60.57,13.62,0.0,0.18,23.78,0.53,0.62,35.9
2201606,Beneditinos,PI,3510,42.05,52.42,23.3,29.12,20.0,13.5,80.54,16.87,0.97,0.26,0.14,0.23,0.66,18.32
2201705,Bertolínia,PI,1763,94.95,3.18,0.17,3.01,92.63,2.04,89.79,8.79,0.57,0.0,0.17,0.0,0.0,6.52
2201739,Betânia do Piauí,PI,2048,81.15,18.07,0.05,18.02,61.43,18.75,0.0,3.17,0.39,0.0,84.03,3.52,8.25,99.85
2201770,Boa Hora,PI,2082,88.86,10.52,0.91,9.61,71.18,17.24,88.95,7.73,2.64,0.0,0.14,0.14,0.0,7.01
2201804,Bocaina,PI,1577,27.14,67.47,13.06,54.41,24.1,3.04,94.29,5.2,0.0,0.38,0.0,0.0,0.0,3.93
2201903,Bom Jesus,PI,8991,57.47,39.64,23.43,16.21,53.11,1.71,86.3,11.5,1.13,0.2,0.41,0.02,0.08,10.51
2201919,Bom Princípio do Piauí,PI,1819,96.48,1.04,0.11,0.93,85.54,9.57,84.77,11.87,1.04,0.11,0.82,0.82,0.16,9.18
2201929,Bonfim do Piauí,PI,1986,79.15,20.44,0.0,20.44,49.4,29.2,15.41,4.98,0.2,1.46,10.57,60.17,5.04,67.77
2201945,Boqueirão do Piauí,PI,2096,73.71,24.38,0.57,23.81,68.32,3.48,93.08,5.63,1.0,0.0,0.0,0.0,0.0,5.87
2201960,Brasileira,PI,2820,95.67,1.35,0.74,0.6,93.01,2.3,67.55,30.71,0.67,0.11,0.14,0.14,0.35,29.47
2201988,Brejo do Piauí,PI,1382,95.51,3.91,0.07,3.84,85.17,8.61,58.61,40.45,0.07,0.07,0.43,0.14,0.07,40.52
2202000,Buriti dos Lopes,PI,6185,92.22,5.4,2.55,2.85,84.32,6.03,67.45,22.55,3.22,0.02,0.97,1.49,2.23,25.56
2202026,Buriti dos Montes,PI,2363,97.46,0.93,0.34,0.59,87.09,10.03,84.93,11.72,0.17,0.25,1.02,0.89,0.08,10.24
2202059,Cabeceiras do Piauí,PI,3208,30.36,65.8,12.25,53.55,19.2,10.94,46.66,48.72,3.21,0.03,0.03,0.94,0.0,39.74
2202075,Cajazeiras do Piauí,PI,1047,83.57,9.74,0.0,9.74,75.55,7.93,93.41,4.39,0.29,0.38,1.05,0.1,0.0,3.72
2202083,Cajueiro da Praia,PI,2500,40.92,58.56,0.16,58.4,35.32,2.32,3.08,12.04,64.0,0.0,10.52,9.48,0.04,92.24
2202091,Caldeirão Grande do Piauí,PI,1857,93.81,0.22,0.05,0.16,82.39,6.79,0.0,4.04,0.32,0.0,76.2,13.35,2.21,99.84
2202109,Campinas do Piauí,PI,1771,73.12,24.56,4.12,20.44,55.84,11.29,40.99,45.51,0.68,0.0,6.66,2.15,3.5,55.45
2202117,Campo Alegre do Fidalgo,PI,1597,63.56,28.55,1.0,27.55,54.29,4.82,36.63,40.58,0.25,0.06,14.72,5.45,0.31,42.27
2202133,Campo Grande do Piauí,PI,2083,76.38,19.83,6.77,13.06,59.53,6.53,42.01,37.93,0.14,0.05,18.58,0.53,0.14,36.1
2202174,Campo Largo do Piauí,PI,2193,86.73,12.77,0.14,12.63,52.94,31.37,69.27,11.08,17.28,0.73,0.09,0.46,0.18,22.75
2202208,Campo Maior,PI,15484,66.75,31.81,9.0,22.81,64.38,0.9,84.04,15.27,0.15,0.06,0.01,0.09,0.03,14.52
2202251,Canavieira,PI,1126,48.76,45.47,17.41,28.06,46.45,1.51,70.78,26.55,1.42,0.27,0.0,0.09,0.0,10.04
2202307,Canto do Buriti,PI,6803,75.38,21.84,8.92,12.92,69.31,3.34,70.62,27.03,0.49,0.04,0.81,0.28,0.13,16.76
2202406,Capitão de Campos,PI,3620,71.77,25.14,0.77,24.36,68.12,2.27,68.51,29.03,1.8,0.0,0.14,0.11,0.0,25.19
2202455,Capitão Gervásio Oliveira,PI,1448,57.11,42.54,2.62,39.92,33.84,20.86,33.43,13.67,1.17,0.07,35.29,12.91,2.83,38.12
2202505,Caracol,PI,3322,69.48,28.99,0.18,28.81,59.06,9.78,18.75,24.32,0.06,0.3,39.4,14.39,0.9,67.61
2202539,Caraúbas do Piauí,PI,1909,86.75,12.52,0.1,12.41,60.19,20.9,66.89,20.9,1.99,0.26,0.26,8.59,0.21,28.92
2202554,Caridade do Piauí,PI,1607,85.63,9.02,2.8,6.22,78.28,5.16,56.5,7.09,0.06,0.06,29.25,5.16,0.81,35.78
2202604,Castelo do Piauí,PI,6566,93.59,2.95,2.15,0.81,85.87,7.05,67.73,23.97,5.85,0.27,0.35,0.93,0.09,27.05
2202653,Caxingó,PI,1768,81.39,18.21,0.62,17.59,63.01,10.07,79.3,11.88,3.17,0.06,0.57,3.17,1.02,18.61
2202703,Cocal,PI,8943,87.72,7.19,0.65,6.54,77.07,8.92,52.31,36.2,4.31,0.57,0.12,2.76,0.17,39.99
2202711,Cocal de Telha,PI,1649,87.69,11.89,1.09,10.79,80.96,6.31,82.41,14.43,2.0,0.0,0.73,0.18,0.0,9.7
2202729,Cocal dos Alves,PI,2207,91.26,0.54,0.27,0.27,85.82,5.07,67.69,25.78,4.89,0.86,0.05,0.0,0.05,18.76
2202737,Coivaras,PI,1287,73.97,21.06,0.23,20.82,60.45,3.89,57.5,39.01,1.86,0.78,0.0,0.23,0.16,39.16
2202752,Colônia do Gurguéia,PI,2063,80.71,16.58,1.07,15.51,78.57,0.39,82.55,16.82,0.1,0.0,0.19,0.0,0.0,4.12
2202778,Colônia do Piauí,PI,2364,47.04,51.99,1.73,50.25,38.66,4.19,80.46,18.49,0.13,0.04,0.55,0.04,0.0,14.64
2202802,Conceição do Canindé,PI,1705,67.8,29.91,2.05,27.86,57.6,3.46,69.79,24.52,0.53,0.0,4.05,0.41,0.23,11.09
2202851,Coronel José Dias,PI,1485,97.37,2.15,0.0,2.15,71.18,21.14,30.51,7.34,0.94,0.13,32.93,23.91,0.88,54.01
2202901,Corrente,PI,8573,66.13,32.3,12.64,19.65,54.82,10.59,75.57,12.04,5.05,0.21,1.61,0.22,4.29,17.31
2203008,Cristalândia do Piauí,PI,2301,80.49,17.64,1.65,15.99,67.97,8.69,16.25,48.67,21.86,0.61,6.43,0.3,0.96,66.75
2203107,Cristino Castro,PI,3298,90.9,5.4,4.31,1.09,86.66,2.79,75.8,22.83,0.24,0.03,0.33,0.24,0.0,18.47
2203206,Curimatá,PI,3644,83.75,14.24,0.99,13.25,78.4,4.64,68.74,8.45,9.74,0.55,1.78,3.62,1.48,29.01
2203230,Currais,PI,1450,93.79,2.14,2.0,0.14,85.17,7.79,84.83,9.93,3.86,0.07,0.41,0.14,0.69,7.03
2203255,Curralinhos,PI,1423,47.29,51.86,0.0,51.86,39.49,7.38,88.97,9.49,0.35,0.14,0.84,0.0,0.0,4.85
2203271,Curral Novo do Piauí,PI,1575,98.86,0.83,0.06,0.76,76.51,14.16,28.51,5.46,0.06,0.0,58.79,2.73,0.95,62.86
2203305,Demerval Lobão,PI,5460,14.78,78.1,19.73,58.37,6.21,1.04,87.22,11.96,0.35,0.02,0.05,0.02,0.0,11.28
2203354,Dirceu Arcoverde,PI,2264,78.09,7.24,0.84,6.4,57.24,15.64,30.34,17.98,0.22,0.8,34.67,11.09,3.89,64.09
2203404,Dom Expedito Lopes,PI,2235,26.04,73.47,0.72,72.75,25.77,0.04,89.26,9.26,0.4,0.0,0.76,0.0,0.0,8.19
2203420,Domingos Mourão,PI,1318,52.43,46.97,0.68,46.28,46.66,5.16,50.99,46.43,0.23,1.52,0.0,0.38,0.3,45.83
2203453,Dom Inocêncio,PI,3177,83.16,15.2,0.03,15.17,59.52,20.68,15.39,16.12,2.49,1.32,39.25,17.85,6.42,74.5
2203503,Elesbão Veloso,PI,4806,70.64,23.51,10.97,12.55,66.5,3.16,80.05,18.48,0.21,0.02,0.65,0.1,0.1,16.87
2203602,Eliseu Martins,PI,1534,4.3,94.85,2.93,91.92,2.41,1.89,92.63,6.71,0.2,0.0,0.07,0.2,0.07,6.39
2203701,Esperantina,PI,13333,91.37,7.4,4.01,3.4,82.2,8.68,78.53,13.04,4.64,0.08,0.13,2.17,0.2,15.73
2203750,Fartura do Piauí,PI,1743,72.98,16.64,0.29,16.35,46.93,25.07,23.35,24.96,0.17,4.19,31.44,12.22,0.57,73.9
2203800,Flores do Piauí,PI,1567,91.07,6.0,0.45,5.55,85.13,4.21,79.64,13.02,0.32,1.66,4.02,0.38,0.64,12.19
2203859,Floresta do Piauí,PI,862,93.74,3.13,3.13,0.0,84.69,9.05,88.28,10.09,0.0,0.12,1.28,0.12,0.0,9.05
2203909,Floriano,PI,20941,24.03,72.85,23.42,49.43,18.97,1.45,88.41,9.98,0.53,0.11,0.1,0.08,0.21,7.72
2204006,Francinópolis,PI,1643,5.72,93.43,0.37,93.06,1.22,4.26,83.38,14.18,0.3,0.0,0.79,0.12,0.0,15.82
2204105,Francisco Ayres,PI,1522,68.73,23.78,0.26,23.52,59.59,8.21,93.63,5.65,0.0,0.0,0.59,0.0,0.07,5.52
2204154,Francisco Macedo,PI,1020,90.98,0.39,0.1,0.29,88.04,1.57,53.24,20.59,0.0,0.0,12.65,11.96,1.18,19.12
2204204,Francisco Santos,PI,2937,92.92,5.79,4.9,0.89,84.47,4.26,60.74,33.64,1.09,0.0,3.88,0.17,0.0,29.49
2204303,Fronteiras,PI,3540,40.03,55.79,39.35,16.44,32.12,3.81,68.42,16.13,0.4,0.08,2.97,9.77,0.51,29.77
2204352,Geminiano,PI,1932,98.14,1.5,0.31,1.19,96.64,1.45,86.96,12.89,0.16,0.0,0.0,0.0,0.0,9.37
2204402,Gilbués,PI,3373,98.25,1.42,0.56,0.86,84.82,12.24,66.5,10.52,18.29,0.62,2.76,0.0,0.95,23.95
2204501,Guadalupe,PI,3336,25.93,72.81,56.47,16.34,23.65,1.68,91.16,4.62,2.16,0.03,0.06,0.03,0.75,6.92
2204550,Guaribas,PI,1313,89.34,2.51,0.38,2.13,71.9,17.06,55.52,21.93,5.86,5.03,2.82,4.49,0.69,43.18
2204600,Hugo Napoleão,PI,1187,67.65,32.01,4.13,27.89,65.12,0.42,88.29,10.45,0.42,0.08,0.34,0.0,0.0,5.56
2204659,Ilha Grande,PI,2778,36.86,61.52,21.92,39.6,32.69,1.15,87.94,3.06,4.5,0.0,0.0,0.0,2.02,9.47
2204709,Inhuma,PI,5222,94.81,4.21,1.13,3.08,92.4,2.14,91.65,7.55,0.23,0.0,0.4,0.0,0.02,4.6
2204808,Ipiranga do Piauí,PI,3146,47.9,51.08,16.78,34.3,45.65,0.22,87.92,7.22,0.19,0.0,0.54,0.0,0.0,8.84
2204907,Isaías Coelho,PI,2586,64.5,27.8,19.57,8.24,47.8,14.04,45.78,46.29,0.27,0.12,3.29,2.9,0.5,18.48
2205003,Itainópolis,PI,3951,61.12,30.73,7.92,22.8,52.77,5.11,62.09,28.58,0.25,0.33,7.8,0.08,0.08,18.4
2205102,Itaueira,PI,3681,70.06,29.07,2.42,26.65,60.09,9.48,59.36,32.14,4.21,0.08,1.36,1.44,0.98,30.05
2205151,Jacobina do Piauí,PI,1958,97.34,0.26,0.05,0.2,88.61,6.49,44.94,26.51,0.26,0.0,17.21,5.26,5.52,39.68
2205201,Jaicós,PI,6047,60.86,32.79,6.7,26.1,52.79,5.72,39.01,46.88,1.79,0.18,10.77,0.2,0.08,45.82
2205250,Jardim do Mulato,PI,1431,84.0,12.93,1.82,11.11,81.2,2.38,94.48,4.96,0.0,0.0,0.14,0.0,0.0,3.49
2205276,Jatobá do Piauí,PI,1475,97.9,1.56,0.61,0.95,90.03,7.46,61.83,34.17,1.36,0.68,0.0,0.14,1.49,30.37
2205300,Jerumenha,PI,1493,64.84,34.16,2.28,31.88,57.87,6.16,76.76,20.16,1.0,0.67,0.6,0.13,0.2,20.5
2205359,João Costa,PI,994,88.13,11.27,5.23,6.04,41.45,0.5,77.97,16.1,0.0,0.0,5.13,0.1,0.2,6.14
2205409,Joaquim Pires,PI,4270,59.72,39.63,9.23,30.4,39.48,13.07,72.67,22.67,1.45,0.26,0.23,1.12,0.4,8.5
2205458,Joca Marques,PI,1629,51.81,26.21,0.12,26.09,41.25,10.44,69.67,28.91,0.25,0.0,0.43,0.0,0.37,11.79
2205508,José de Freitas,PI,13258,37.92,58.93,12.59,46.34,30.69,5.63,65.31,32.46,1.46,0.04,0.01,0.06,0.02,31.78
2205516,Juazeiro do Piauí,PI,1771,99.6,0.28,0.06,0.23,87.46,12.14,74.2,18.8,0.11,1.41,0.68,3.5,0.11,20.05
2205524,Júlio Borges,PI,1705,99.47,0.0,0.0,0.0,82.58,16.3,56.07,28.21,8.56,0.41,0.47,3.46,1.47,41.99
2205532,Jurema,PI,1524,96.78,0.33,0.26,0.07,93.83,1.57,44.55,14.3,0.0,2.3,15.16,21.52,0.13,42.78
2205540,Lagoinha do Piauí,PI,1011,83.68,15.53,1.58,13.95,81.4,1.78,97.63,1.29,1.09,0.0,0.0,0.0,0.0,0.89
2205557,Lagoa Alegre,PI,2533,64.75,33.79,7.07,26.73,40.86,18.99,40.62,55.19,3.24,0.04,0.04,0.12,0.0,51.95
2205565,Lagoa do Barro do Piauí,PI,1622,73.18,26.33,3.02,23.3,63.63,7.77,28.42,17.51,0.43,0.06,26.08,22.56,3.21,59.31
2205573,Lagoa de São Francisco,PI,1996,79.51,19.29,0.4,18.89,75.3,4.16,69.44,14.83,0.0,0.0,0.1,8.37,0.0,15.88
2205581,Lagoa do Piauí,PI,1591,39.16,60.21,1.82,58.39,29.23,7.73,86.61,12.07,0.63,0.63,0.06,0.0,0.0,7.04
2205599,Lagoa do Sítio,PI,1581,81.34,16.38,0.76,15.62,76.79,3.1,89.75,8.48,0.06,0.13,0.32,0.89,0.0,2.72
2205607,Landri Sales,PI,1794,72.19,26.76,4.57,22.19,68.28,2.68,84.89,11.76,2.17,0.0,0.95,0.0,0.0,9.09
2205706,Luís Correia,PI,9387,73.59,23.76,0.82,22.94,64.99,5.85,49.22,18.4,11.33,0.66,7.21,8.91,0.76,46.13
2205805,Luzilândia,PI,7890,60.05,37.55,1.83,35.73,47.22,10.6,60.38,30.03,1.05,0.15,2.45,4.44,1.01,35.67
2205854,Madeiro,PI,2262,74.93,24.23,0.44,23.78,54.73,20.03,68.39,22.02,7.43,0.0,0.04,0.13,1.24,9.81
2205904,Manoel Emídio,PI,1729,97.69,0.98,0.69,0.29,95.49,1.91,74.26,23.31,2.08,0.0,0.0,0.06,0.0,19.9
2205953,Marcolândia,PI,2822,99.01,0.35,0.14,0.21,93.59,3.97,0.25,0.67,0.04,0.0,90.61,3.3,0.04,97.94
2206001,Marcos Parente,PI,1545,70.94,28.54,12.43,16.12,68.61,2.01,93.79,4.98,0.0,0.0,0.97,0.0,0.0,5.31
2206050,Massapê do Piauí,PI,1742,78.82,14.29,8.04,6.26,58.9,16.48,32.61,21.3,4.36,0.06,34.44,5.91,0.8,35.42
2206100,Matias Olímpio,PI,3202,96.19,3.03,1.22,1.81,77.8,17.4,62.87,24.77,6.62,0.94,0.22,0.37,3.15,30.92
2206209,Miguel Alves,PI,9272,78.74,16.89,2.9,13.99,47.37,29.67,51.92,34.33,9.78,0.19,0.01,2.09,0.38,31.02
2206308,Miguel Leão,PI,406,7.39,92.36,1.23,91.13,1.23,0.49,66.01,33.25,0.25,0.0,0.0,0.0,0.49,33.74
2206357,Milton Brandão,PI,2138,99.16,0.19,0.05,0.14,85.64,12.49,58.98,33.49,0.42,3.04,1.08,2.06,0.28,30.4
2206407,Monsenhor Gil,PI,3515,4.81,94.77,3.56,91.21,0.63,4.04,81.05,17.04,0.65,0.2,0.14,0.23,0.31,15.68
2206506,Monsenhor Hipólito,PI,2667,60.89,30.86,9.26,21.6,54.29,3.15,51.74,42.56,0.0,0.07,4.8,0.26,0.0,9.82
2206605,Monte Alegre do Piauí,PI,3273,93.22,2.29,0.49,1.8,81.06,9.59,76.41,19.4,3.15,0.46,0.03,0.0,0.37,7.73
2206654,Morro Cabeça no Tempo,PI,1375,98.55,0.22,0.0,0.22,80.15,18.33,12.15,53.24,1.75,1.53,17.89,10.62,2.18,60.51
2206670,Morro do Chapéu do Piauí,PI,2078,80.94,14.87,0.72,14.15,64.24,14.0,77.05,10.3,5.0,0.14,0.19,5.87,0.29,18.53
2206696,Murici dos Portelas,PI,2952,39.36,59.25,9.99,49.25,19.0,12.13,55.39,32.86,4.1,0.03,1.12,2.78,3.08,26.96
2206704,Nazaré do Piauí,PI,2330,96.22,2.45,0.34,2.1,86.39,9.4,83.61,15.24,0.39,0.04,0.09,0.39,0.04,11.97
2206720,Nazária,PI,3258,76.27,19.09,1.04,18.05,46.22,4.45,73.48,21.36,3.87,0.12,0.0,0.03,0.31,21.73
2206753,Nossa Senhora de Nazaré,PI,1712,53.62,45.85,0.53,45.33,42.64,3.74,57.77,40.89,1.11,0.06,0.0,0.0,0.0,32.36
2206803,Nossa Senhora dos Remédios,PI,2549,93.88,3.84,0.55,3.3,58.34,33.74,55.59,22.36,14.87,1.96,0.04,2.79,1.06,41.15
2206902,Novo Oriente do Piauí,PI,2255,99.11,0.22,0.04,0.18,92.73,6.34,94.24,4.83,0.09,0.13,0.0,0.44,0.09,4.17
2206951,Novo Santo Antônio,PI,1005,92.54,4.38,2.69,1.69,82.59,9.25,61.59,36.42,0.0,0.1,0.1,1.19,0.2,35.32
2207009,Oeiras,PI,13501,51.78,46.43,35.98,10.45,46.54,4.03,88.62,10.46,0.19,0.21,0.07,0.02,0.07,7.46
2207108,Olho D'Água do Piauí,PI,894,96.09,2.35,0.67,1.68,93.29,2.68,64.77,34.68,0.34,0.0,0.0,0.0,0.0,3.36
2207207,Padre Marcos,PI,2351,91.24,6.04,0.68,5.36,78.86,12.25,56.83,8.42,0.3,0.04,20.33,12.51,1.06,41.68
2207306,Paes Landim,PI,1353,82.93,15.67,4.07,11.6,79.75,2.37,78.57,14.41,0.0,0.07,1.03,0.0,0.07,17.29
2207355,Pajeú do Piauí,PI,1097,98.09,1.82,1.73,0.09,94.71,3.37,63.54,35.82,0.0,0.0,0.55,0.0,0.0,34.55
2207405,Palmeira do Piauí,PI,1604,98.38,0.87,0.12,0.75,89.46,8.54,73.88,15.46,8.98,0.94,0.0,0.06,0.06,23.25
2207504,Palmeirais,PI,4296,55.17,40.48,1.21,39.27,42.41,11.41,81.08,15.43,1.51,0.44,0.12,0.14,0.58,15.92
2207553,Paquetá,PI,1292,18.11,79.72,0.39,79.33,14.4,3.33,52.94,43.73,0.08,1.86,0.7,0.31,0.08,4.1
2207603,Parnaguá,PI,3034,71.42,27.69,2.77,24.92,57.09,14.11,57.48,21.62,11.63,0.13,2.67,0.63,0.23,32.86
2207702,Parnaíba,PI,51548,24.35,74.63,31.21,43.42,22.97,0.48,91.85,4.28,0.89,0.02,0.33,0.02,0.85,6.08
2207751,Passagem Franca do Piauí,PI,1218,59.52,39.98,36.37,3.61,49.34,9.36,80.95,15.27,0.82,0.74,0.57,0.16,0.41,5.83
2207777,Patos do Piauí,PI,2075,48.1,31.71,8.92,22.8,26.84,11.57,56.34,31.9,1.73,0.24,5.2,1.06,2.8,29.16
2207793,Pau D'Arco do Piauí,PI,1307,51.26,29.99,4.97,25.02,32.52,13.08,58.53,32.67,5.81,0.31,0.38,0.92,0.31,36.88
2207801,Paulistana,PI,7306,81.28,16.26,3.22,13.04,66.97,11.52,64.33,6.32,0.53,0.21,9.32,14.58,3.82,32.25
2207850,Pavussu,PI,1296,90.2,3.63,1.77,1.85,85.03,3.86,73.61,15.35,0.08,0.0,9.34,0.23,0.54,10.57
2207900,Pedro II,PI,12132,79.71,18.47,2.24,16.23,74.03,3.01,65.3,27.84,0.95,2.01,0.22,1.86,0.12,29.72
2207934,Pedro Laurentino,PI,812,99.38,0.25,0.25,0.0,97.91,1.48,69.83,28.45,0.0,0.0,1.48,0.12,0.0,3.45
2207959,Nova Santa Rita,PI,1372,99.78,0.15,0.15,0.0,90.89,6.41,62.32,36.66,0.0,0.0,0.58,0.15,0.0,5.32
2208007,Picos,PI,28842,23.05,75.36,51.26,24.1,18.95,0.68,87.22,12.32,0.11,0.01,0.11,0.0,0.01,7.25
2208106,Pimenteiras,PI,3869,92.81,2.66,0.23,2.43,84.7,7.86,79.81,9.33,0.13,0.05,8.63,1.06,0.23,18.33
2208205,Pio IX,PI,6095,62.17,33.17,13.09,20.08,52.99,8.24,36.52,21.38,0.36,0.07,35.8,4.4,0.74,59.18
2208304,Piracuruca,PI,10018,61.56,33.67,4.89,28.78,55.12,2.97,68.27,19.85,2.45,0.1,0.1,1.55,0.75,25.65
2208403,Piripiri,PI,21718,45.78,51.88,14.28,37.6,41.36,1.54,80.63,16.75,1.06,0.32,0.1,0.03,0.43,14.29
2208502,Porto,PI,3373,50.99,44.44,28.61,15.83,34.66,15.59,63.95,16.07,13.28,0.27,0.27,0.09,1.84,32.79
2208551,Porto Alegre do Piauí,PI,768,60.55,37.89,37.89,0.0,55.6,4.82,70.83,25.39,1.82,0.0,0.26,0.0,1.43,11.46
2208601,Prata do Piauí,PI,1091,7.15,91.84,0.09,91.75,0.92,6.14,89.18,9.35,0.18,0.18,0.0,0.09,0.55,4.49
2208650,Queimada Nova,PI,2882,97.57,0.59,0.24,0.35,88.48,8.64,25.75,5.45,0.56,0.14,43.82,11.03,12.66,64.33
2208700,Redenção do Gurguéia,PI,2573,85.93,12.55,0.78,11.78,80.06,5.29,92.85,6.02,0.27,0.0,0.19,0.08,0.0,3.61
2208809,Regeneração,PI,5671,78.93,19.1,3.46,15.64,58.53,9.17,61.22,29.04,0.39,0.19,1.66,0.42,0.53,33.59
2208858,Riacho Frio,PI,1292,96.9,2.09,1.16,0.93,80.19,16.64,63.47,13.78,15.33,0.15,5.96,0.15,0.93,30.42
2208874,Ribeira do Piauí,PI,1395,95.05,4.3,0.5,3.8,85.09,9.03,63.01,28.67,6.95,0.14,0.79,0.07,0.14,10.75
2208908,Ribeiro Gonçalves,PI,1866,18.86,80.39,35.1,45.28,11.09,7.45,75.03,14.68,2.79,2.73,0.05,0.0,3.8,17.15
2209005,Rio Grande do Piauí,PI,2115,98.44,0.33,0.19,0.14,90.78,7.57,92.01,2.84,0.52,0.0,3.31,0.24,0.33,5.3
2209104,Santa Cruz do Piauí,PI,1972,7.05,91.73,3.45,88.29,1.72,5.27,69.78,27.08,0.0,0.46,2.23,0.05,0.2,25.86
2209153,Santa Cruz dos Milagres,PI,1181,98.22,1.44,1.1,0.34,92.38,4.32,87.47,9.4,0.08,0.42,1.1,0.0,0.68,11.94
2209203,Santa Filomena,PI,1831,82.14,14.04,6.01,8.03,72.42,9.45,44.95,43.97,3.44,0.33,0.22,0.0,6.61,23.21
2209302,Santa Luz,PI,1714,96.85,2.28,0.41,1.87,94.87,1.93,77.25,21.82,0.12,0.0,0.35,0.0,0.0,18.14
2209351,Santana do Piauí,PI,1400,88.21,8.36,4.21,4.14,84.36,1.71,97.86,1.29,0.07,0.5,0.21,0.0,0.0,1.0
2209377,Santa Rosa do Piauí,PI,1692,76.24,21.57,0.0,21.57,73.94,2.07,92.97,5.67,0.06,0.18,0.53,0.0,0.0,2.48
2209401,Santo Antônio de Lisboa,PI,2092,62.09,36.71,1.77,34.94,54.97,6.02,86.19,11.57,0.1,0.24,1.2,0.0,0.05,9.27
2209450,Santo Antônio dos Milagres,PI,606,70.3,28.22,1.82,26.4,67.82,2.48,59.24,39.77,0.17,0.0,0.0,0.0,0.0,30.69
2209500,Santo Inácio do Piauí,PI,1333,66.09,29.71,3.75,25.96,65.64,0.45,76.82,22.58,0.08,0.0,0.38,0.0,0.0,19.35
2209559,São Braz do Piauí,PI,1519,53.65,43.58,0.2,43.38,48.85,3.69,1.51,19.62,0.39,0.13,23.04,54.58,0.07,92.96
2209609,São Félix do Piauí,PI,1029,98.06,1.65,0.19,1.46,97.38,0.29,72.69,27.02,0.0,0.19,0.0,0.1,0.0,27.11
2209658,São Francisco de Assis do Piauí,PI,1885,86.53,7.75,0.11,7.64,68.65,15.76,43.29,14.48,1.01,0.11,20.64,16.39,1.33,43.61
2209708,São Francisco do Piauí,PI,2082,52.45,46.16,2.64,43.52,34.92,8.12,78.0,10.76,0.34,0.19,0.62,0.1,0.19,18.97
2209757,São Gonçalo do Gurguéia,PI,929,97.85,1.94,1.18,0.75,82.24,15.18,86.44,7.0,0.65,0.22,0.32,0.32,4.84,7.97
2209807,São Gonçalo do Piauí,PI,1568,98.09,1.79,0.77,1.02,96.62,1.08,94.45,4.66,0.26,0.0,0.19,0.0,0.0,5.23
2209856,São João da Canabrava,PI,1565,93.87,5.5,0.83,4.66,87.22,3.39,94.5,2.94,0.13,1.28,0.38,0.13,0.13,3.32
2209872,São João da Fronteira,PI,1880,81.7,17.71,17.29,0.43,74.63,6.49,47.02,49.26,1.17,0.0,0.16,0.9,0.69,43.35
2209906,São João da Serra,PI,2165,90.81,3.23,3.09,0.14,83.46,4.85,56.86,37.18,0.28,0.79,2.49,1.25,0.88,38.01
2209955,São João da Varjota,PI,1470,83.33,13.67,0.34,13.33,78.64,3.74,94.29,2.11,0.0,2.59,0.68,0.0,0.0,4.22
2209971,São João do Arraial,PI,2534,70.64,26.05,0.51,25.53,60.26,9.0,92.34,6.63,0.39,0.0,0.08,0.08,0.04,3.79
2210003,São João do Piauí,PI,7165,78.1,20.99,6.06,14.93,72.25,4.37,85.72,11.05,0.1,0.0,1.69,0.15,0.59,11.89
2210052,São José do Divino,PI,1669,83.1,15.94,2.46,13.48,70.94,5.09,70.58,23.37,0.72,0.18,0.12,0.66,3.65,25.4
2210102,São José do Peixe,PI,1159,30.2,66.95,0.0,66.95,17.26,6.04,67.82,25.19,0.35,0.0,0.52,0.0,0.09,14.06
2210201,São José do Piauí,PI,2287,76.96,21.99,0.35,21.64,72.41,2.84,95.45,2.06,0.0,0.04,1.92,0.13,0.0,2.36
2210300,São Julião,PI,2195,93.85,2.05,1.78,0.27,83.01,7.65,76.81,6.29,0.32,0.0,10.39,3.69,1.41,21.46
2210359,São Lourenço do Piauí,PI,1487,81.64,14.93,0.4,14.53,60.52,16.41,32.08,24.88,0.61,0.13,20.17,18.7,1.95,54.67
2210375,São Luis do Piauí,PI,832,97.12,1.92,0.6,1.32,72.96,2.16,98.56,0.6,0.12,0.0,0.0,0.0,0.12,1.08
2210383,São Miguel da Baixa Grande,PI,807,29.62,60.47,8.67,51.8,24.04,4.58,84.26,11.65,0.25,1.98,0.0,0.74,1.12,11.9
2210391,São Miguel do Fidalgo,PI,931,6.77,90.66,6.77,83.89,0.64,4.83,70.25,28.89,0.0,0.11,0.75,0.0,0.0,27.6
2210409,São Miguel do Tapuio,PI,5934,81.92,15.77,5.12,10.65,68.17,13.04,75.31,20.04,1.01,1.42,0.57,0.54,0.34,23.22
2210508,São Pedro do Piauí,PI,4400,85.61,11.16,0.57,10.59,83.48,0.57,86.82,10.64,1.52,0.0,0.11,0.02,0.0,11.64
2210607,São Raimundo Nonato,PI,13117,32.58,64.12,10.84,53.27,25.39,6.41,69.22,5.96,0.19,0.12,15.55,5.99,0.56,27.76
2210623,Sebastião Barros,PI,982,94.7,3.16,0.2,2.95,71.59,23.01,43.79,38.49,7.13,0.31,8.45,0.0,1.32,45.62
2210631,Sebastião Leal,PI,1443,97.09,1.94,1.73,0.21,95.43,1.39,77.69,18.92,2.01,0.21,0.14,0.0,0.76,21.41
2210656,Sigefredo Pacheco,PI,3261,91.38,6.87,0.18,6.69,85.16,5.34,61.27,30.76,3.56,0.0,0.03,0.58,0.09,34.74
2210706,Simões,PI,4566,50.59,41.52,32.9,8.63,34.98,14.1,48.09,1.4,0.11,0.22,40.87,7.01,1.62,48.31
2210805,Simplício Mendes,PI,4686,76.01,21.79,14.83,6.96,72.02,2.56,83.31,13.59,0.45,0.21,1.6,0.11,0.02,12.21
2210904,Socorro do Piauí,PI,1451,96.76,2.34,2.27,0.07,93.73,2.0,69.61,29.15,0.41,0.0,0.41,0.0,0.21,13.09
2210938,Sussuapara,PI,2195,15.81,83.42,1.41,82.0,14.08,0.91,87.79,11.98,0.14,0.0,0.0,0.0,0.05,5.01
2210953,Tamboril do Piauí,PI,1005,92.24,0.3,0.1,0.2,74.93,17.11,82.29,13.83,0.0,0.0,1.39,2.09,0.0,13.43
2210979,Tanque do Piauí,PI,870,81.72,14.37,0.11,14.25,76.55,3.33,91.15,1.49,0.34,0.11,6.78,0.11,0.0,2.3
2211001,Teresina,PI,279882,19.99,79.19,40.17,39.01,17.66,0.37,94.15,4.99,0.45,0.01,0.01,0.01,0.01,3.45
2211100,União,PI,14050,26.83,69.34,31.29,38.05,14.73,9.72,56.85,25.84,13.47,0.23,0.0,0.39,0.78,38.09
2211209,Uruçuí,PI,7639,53.46,43.19,9.56,33.63,49.55,3.14,87.76,7.13,2.02,0.45,0.09,0.05,2.04,6.98
2211308,Valença do Piauí,PI,7961,83.14,11.31,1.97,9.33,81.79,0.75,91.68,7.25,0.19,0.03,0.03,0.33,0.16,5.63
2211357,Várzea Branca,PI,1657,75.92,23.3,0.66,22.63,38.87,36.69,21.97,27.34,0.12,2.23,12.31,31.74,1.81,62.88
2211407,Várzea Grande,PI,1635,83.06,16.02,0.43,15.6,71.56,6.54,83.24,15.41,0.24,0.0,0.61,0.18,0.0,15.23
2211506,Vera Mendes,PI,1221,48.81,45.7,1.47,44.23,38.25,3.69,69.53,29.24,0.25,0.0,0.66,0.0,0.0,14.5
2211605,Vila Nova do Piauí,PI,1093,80.15,18.57,0.37,18.21,67.25,4.76,37.69,37.97,0.27,0.09,22.23,0.91,0.46,46.57
2211704,Wall Ferraz,PI,1389,83.95,10.22,7.34,2.88,82.22,1.66,80.06,19.01,0.5,0.0,0.22,0.07,0.0,9.94
2300101,Abaiara,CE,3495,93.39,4.09,3.0,1.09,89.79,2.0,52.07,36.57,5.52,0.29,3.61,0.94,0.03,34.99
2300150,Acarape,CE,4439,53.37,45.28,32.28,13.0,50.48,0.52,86.39,5.25,0.25,0.05,1.87,3.45,1.17,12.32
2300200,Acaraú,CE,20955,64.12,35.01,8.31,26.7,60.2,1.46,67.63,16.49,13.64,0.64,0.04,0.41,0.29,23.65
2300309,Acopiara,CE,16398,52.26,44.77,28.71,16.06,41.94,3.93,64.51,8.49,3.12,0.1,2.56,4.09,16.45,31.14
2300408,Aiuaba,CE,4923,64.57,33.01,17.02,15.99,46.9,10.66,60.88,8.27,0.35,0.28,19.48,2.88,6.74,35.61
2300507,Alcântaras,CE,3780,75.61,23.04,22.09,0.95,69.97,3.89,47.91,24.79,8.89,0.48,6.11,9.95,0.03,50.77
2300606,Altaneira,CE,2485,66.28,32.6,16.7,15.9,65.84,0.36,92.35,2.33,3.18,0.0,0.44,0.12,0.0,5.55
2300705,Alto Santo,CE,4972,19.33,76.17,23.65,52.51,10.88,0.16,79.93,2.84,0.76,0.1,11.18,0.14,4.55,15.12
2300754,Amontada,CE,13230,76.46,21.5,7.91,13.59,69.69,3.09,48.85,17.06,23.48,0.36,1.38,3.21,4.69,45.98
2300804,Antonina do Norte,CE,2594,41.67,57.56,47.49,10.06,37.2,1.73,85.81,2.24,0.77,0.04,6.52,0.04,2.58,12.72
2300903,Apuiarés,CE,4548,74.23,24.08,10.91,13.17,70.91,0.26,78.67,9.12,0.86,0.24,1.1,1.63,7.63,16.45
2301000,Aquiraz,CE,27749,43.72,55.6,14.88,40.72,42.52,0.24,26.37,44.22,27.72,0.57,0.07,0.1,0.26,65.08
2301109,Aracati,CE,26020,46.88,51.73,26.49,25.24,45.34,1.07,78.9,10.72,6.32,0.07,1.41,0.74,0.05,16.97
2301208,Aracoiaba,CE,8711,74.6,20.46,7.53,12.93,67.65,0.39,71.14,5.2,0.84,0.15,6.97,4.2,9.9,27.03
2301257,Ararendá,CE,3960,98.21,0.81,0.51,0.3,93.84,2.55,88.26,8.76,0.08,0.05,1.19,0.38,0.88,7.78
2301307,Araripe,CE,6746,64.42,33.06,23.27,9.78,53.9,9.13,61.09,6.61,0.61,0.15,20.34,6.98,2.03,36.24
2301406,Aratuba,CE,3579,46.02,52.14,19.42,32.72,37.33,1.17,30.68,56.3,2.1,2.82,2.88,3.88,0.56,47.47
2301505,Arneiroz,CE,2599,30.4,67.83,18.08,49.75,24.12,4.81,64.79,15.39,1.42,0.04,6.81,1.54,8.46,30.05
2301604,Assaré,CE,7745,74.41,24.26,11.97,12.29,67.81,4.13,64.2,15.89,10.39,0.22,2.49,3.65,2.7,32.47
2301703,Aurora,CE,8422,66.8,32.2,12.46,19.75,62.94,2.52,57.68,17.56,13.43,0.13,1.16,2.1,7.37,38.6
2301802,Baixio,CE,2011,59.32,27.25,13.23,14.02,56.24,1.49,74.24,13.77,7.66,0.0,3.13,0.2,0.3,23.77
2301851,Banabuiú,CE,5585,63.97,33.5,32.61,0.9,60.07,1.79,85.46,0.79,0.21,0.02,5.91,1.36,5.64,13.18
2301901,Barbalha,CE,24142,37.77,60.78,20.38,40.4,35.7,0.62,70.04,18.72,0.76,8.57,1.32,0.05,0.02,22.26
2301950,Barreira,CE,7572,79.28,19.45,15.21,4.24,78.17,0.21,59.44,27.8,4.78,0.24,1.85,4.32,0.45,33.2
2302008,Barro,CE,6946,44.98,46.89,16.02,30.87,41.09,1.32,66.82,12.01,13.68,0.92,1.27,1.15,3.54,28.45
2302057,Barroquinha,CE,4755,55.02,41.43,14.91,26.52,50.91,3.13,70.18,6.83,15.9,0.11,5.03,1.03,0.02,24.44
2302107,Baturité,CE,11850,40.09,59.02,43.32,15.7,27.38,0.14,72.34,10.15,1.79,4.55,0.11,4.03,5.76,25.97
2302206,Beberibe,CE,18251,57.65,41.37,9.35,32.02,55.94,1.13,27.79,32.2,34.07,0.41,1.19,1.65,1.28,66.25
2302305,Bela Cruz,CE,11009,54.84,43.99,22.99,21.0,53.89,0.45,63.77,6.64,24.24,0.15,0.96,3.09,0.27,26.89
2302404,Boa Viagem,CE,18079,43.89,52.54,42.86,9.68,34.23,2.73,71.38,14.1,3.06,0.14,2.2,1.89,6.23,16.59
2302503,Brejo Santo,CE,17032,25.57,73.86,59.62,14.24,24.31,0.27,82.36,9.64,3.6,0.23,3.22,0.23,0.06,11.58
2302602,Camocim,CE,20367,26.77,70.97,43.28,27.69,24.39,1.74,85.47,5.44,6.94,0.08,0.61,0.35,0.24,12.33
2302701,Campos Sales,CE,8972,55.96,39.0,28.86,10.14,42.28,3.64,75.17,8.36,0.21,0.04,8.31,3.31,3.04,21.01
2302800,Canindé,CE,25279,58.46,40.14,26.47,13.67,50.79,2.99,65.42,15.18,3.28,0.45,2.21,2.85,8.72,28.43
2302909,Capistrano,CE,5914,76.06,21.86,8.22,13.65,69.68,0.63,53.42,21.83,1.93,1.0,0.24,6.8,12.72,33.83
2303006,Caridade,CE,5354,73.07,23.57,3.88,19.69,69.74,1.38,74.9,9.08,0.69,0.09,3.32,4.15,4.5,21.14
2303105,Cariré,CE,6137,50.22,47.66,26.2,21.46,46.39,1.47,90.16,4.19,0.77,0.08,0.72,0.46,2.88,8.55
2303204,Caririaçu,CE,8814,92.07,7.06,5.46,1.6,90.19,1.28,66.7,4.69,14.49,0.26,5.03,3.07,4.96,28.78
2303303,Cariús,CE,6290,69.06,30.37,4.04,26.33,64.15,2.7,58.74,16.87,13.66,0.03,2.29,1.19,6.68,33.37
2303402,Carnaubal,CE,5722,82.35,16.97,1.19,15.78,81.56,0.35,85.48,13.37,0.26,0.09,0.19,0.23,0.05,12.79
2303501,Cascavel,CE,25306,69.3,28.96,4.35,24.61,68.2,0.4,51.3,17.91,25.98,0.18,2.03,0.29,0.79,43.67
2303600,Catarina,CE,3651,53.36,45.41,29.96,15.45,44.97,4.96,69.16,5.18,0.11,0.11,3.31,3.23,17.47,27.36
2303659,Catunda,CE,3432,65.33,32.37,18.39,13.99,58.86,4.49,72.47,12.5,4.25,0.2,5.68,3.09,0.9,25.55
2303709,Caucaia,CE,120668,26.44,72.93,47.36,25.56,24.62,0.27,80.21,9.59,5.94,0.13,0.82,0.66,1.31,15.99
2303808,Cedro,CE,8075,76.17,18.48,14.24,4.24,68.05,2.63,86.06,3.26,5.18,0.04,0.38,2.49,1.61,10.28
2303907,Chaval,CE,3922,94.14,0.43,0.33,0.1,89.52,3.29,74.09,9.26,5.23,0.41,3.67,1.76,3.31,25.73
2303931,Choró,CE,3997,81.59,13.66,5.53,8.13,66.42,4.73,47.21,10.86,6.98,0.15,7.58,15.51,11.16,42.86
2303956,Chorozinho,CE,7143,72.24,27.44,0.71,26.73,71.09,0.22,57.27,26.31,5.21,0.07,0.73,5.0,3.37,37.83
2304004,Coreaú,CE,7031,67.6,30.52,17.98,12.54,58.55,5.06,81.04,10.61,0.67,0.11,0.26,3.39,2.63,14.05
2304103,Crateús,CE,27119,30.38,67.61,50.49,17.12,26.93,1.77,78.5,13.86,2.15,0.1,0.55,2.58,1.55,16.21
2304202,Crato,CE,44610,27.95,70.66,43.32,27.34,22.47,1.01,89.4,3.9,2.25,1.85,1.42,0.28,0.3,7.4
2304236,Croatá,CE,6103,65.38,34.33,15.81,18.52,63.89,1.34,95.97,3.67,0.07,0.02,0.0,0.02,0.03,3.21
2304251,Cruz,CE,10352,77.37,21.51,2.37,19.15,76.52,0.35,83.42,8.56,7.1,0.07,0.05,0.15,0.01,12.02
2304269,Deputado Irapuan Pinheiro,CE,3344,90.79,6.16,1.5,4.67,84.3,2.9,71.35,10.44,3.32,0.42,2.12,0.6,11.42,19.47
2304277,Ereré,CE,2248,97.06,2.22,2.09,0.13,96.0,0.4,72.46,13.12,3.07,0.18,1.29,0.93,7.12,24.15
2304285,Eusébio,CE,25105,18.45,80.93,34.83,46.1,17.94,0.04,78.17,13.55,7.4,0.14,0.19,0.02,0.0,10.99
2304301,Farias Brito,CE,6414,72.59,25.57,14.98,10.59,63.81,2.26,75.88,7.7,11.4,0.23,1.22,0.67,2.29,20.5
2304350,Forquilha,CE,8102,22.98,76.35,64.38,11.97,20.86,0.93,93.25,2.65,0.14,0.05,1.58,0.42,1.48,6.2
2304400,Fortaleza,CE,860139,10.72,88.57,71.72,16.86,8.41,0.03,90.74,7.1,1.35,0.02,0.0,0.01,0.01,5.16
2304459,Fortim,CE,5938,56.16,42.78,2.73,40.05,54.56,0.3,58.3,15.38,21.89,0.17,1.53,2.09,0.08,36.86
2304509,Frecheirinha,CE,5420,32.75,65.3,17.99,47.31,30.04,0.87,76.94,19.28,0.66,0.54,0.42,0.89,0.11,12.38
2304608,General Sampaio,CE,2193,71.27,25.35,13.36,11.99,54.17,1.69,85.91,4.38,1.5,0.14,1.82,1.96,3.69,12.95
2304657,Graça,CE,4832,51.72,47.02,8.26,38.76,47.89,2.5,63.87,17.67,5.03,4.39,0.54,2.24,5.82,25.89
2304707,Granja,CE,17092,68.7,24.08,9.09,14.98,53.55,12.86,54.84,23.6,6.93,4.31,1.33,3.93,4.0,33.03
2304806,Granjeiro,CE,1540,63.31,36.17,23.44,12.73,61.1,1.75,80.39,4.42,12.66,0.13,0.0,1.23,0.65,16.49
2304905,Groaíras,CE,4009,48.59,49.76,40.33,9.43,45.02,0.95,93.17,1.52,1.05,0.02,1.7,0.5,1.32,5.51
2304954,Guaiúba,CE,7757,67.9,30.58,18.13,12.45,62.73,0.26,87.06,0.43,0.43,0.08,3.12,0.35,6.41,11.29
2305001,Guaraciaba do Norte,CE,13494,67.46,31.78,12.45,19.33,66.59,0.42,89.6,7.54,2.27,0.06,0.06,0.13,0.0,6.38
2305100,Guaramiranga,CE,1916,19.89,79.59,16.86,62.73,17.85,0.99,35.18,47.03,2.71,6.73,5.64,1.25,1.15,50.1
2305209,Hidrolândia,CE,6340,87.81,9.94,3.75,6.18,79.89,5.02,65.32,17.43,6.12,0.08,1.58,0.96,7.9,32.65
2305233,Horizonte,CE,25611,44.05,55.03,24.72,30.32,43.27,0.06,75.01,10.35,13.83,0.18,0.1,0.25,0.06,18.78
2305266,Ibaretama,CE,4021,88.73,8.46,3.73,4.73,80.95,3.08,54.89,2.11,0.5,0.25,10.99,10.74,18.9,43.7
2305308,Ibiapina,CE,7898,34.1,64.31,5.72,58.58,33.19,0.52,58.56,33.78,5.48,0.48,0.1,0.57,0.29,33.13
2305332,Ibicuitinga,CE,4074,71.08,24.74,24.42,0.32,67.67,0.74,77.17,1.72,0.12,0.12,1.37,3.95,14.38,19.83
2305357,Icapuí,CE,7177,83.85,15.05,1.67,13.38,82.3,0.31,85.54,5.43,4.36,0.03,4.0,0.18,0.0,11.66
2305407,Icó,CE,21424,54.61,44.4,33.85,10.54,49.19,1.44,73.46,10.06,7.06,0.49,1.67,3.81,2.88,23.51
2305506,Iguatu,CE,34954,40.73,55.69,34.28,21.41,34.71,0.44,86.37,9.51,1.77,0.03,0.31,0.31,1.49,9.8
2305605,Independência,CE,8466,45.46,48.48,31.46,17.02,34.02,4.67,59.6,26.82,2.29,0.28,3.61,3.05,3.33,31.63
2305654,Ipaporanga,CE,4296,87.76,10.75,2.23,8.52,83.29,3.38,72.67,22.37,1.51,0.81,0.58,0.68,0.7,10.01
2305704,Ipaumirim,CE,4072,48.6,49.39,29.49,19.89,43.84,0.91,69.3,14.44,11.2,0.02,1.4,0.88,0.93,29.37
2305803,Ipu,CE,13935,46.75,51.2,16.07,35.13,43.37,0.62,71.36,14.12,2.15,4.57,0.26,0.55,5.55,20.36
2305902,Ipueiras,CE,13285,77.53,20.99,16.93,4.06,72.45,2.94,88.86,7.35,0.61,1.33,0.0,0.6,0.44,7.8
2306009,Iracema,CE,4795,49.34,49.22,30.51,18.71,47.45,0.71,87.26,4.65,0.83,0.0,1.94,1.23,3.46,11.35
2306108,Irauçuba,CE,7330,37.68,60.55,33.29,27.26,31.28,1.87,74.83,6.88,1.8,0.18,10.14,2.02,1.6,22.61
2306207,Itaiçaba,CE,2816,96.66,2.77,0.64,2.13,95.06,0.71,82.07,2.49,11.97,0.0,2.02,0.39,0.25,11.65
2306256,Itaitinga,CE,19522,50.55,48.78,8.84,39.94,50.14,0.04,95.06,1.58,2.02,0.11,0.35,0.17,0.15,3.34
2306306,Itapajé,CE,15629,49.75,48.93,30.49,18.45,42.68,1.96,76.74,4.46,5.19,3.61,3.12,3.36,2.08,19.05
2306405,Itapipoca,CE,41579,44.39,53.32,31.91,21.41,40.78,1.57,68.47,4.71,13.13,2.27,1.57,6.18,2.55,27.92
2306504,Itapiúna,CE,6115,80.25,9.86,5.77,4.09,71.56,1.42,63.4,10.32,0.62,0.07,2.45,6.97,14.78,34.39
2306553,Itarema,CE,12954,87.52,11.76,7.68,4.08,85.26,1.17,56.77,22.19,19.25,0.24,0.2,0.42,0.07,33.95
2306603,Itatira,CE,6688,66.0,30.31,16.54,13.77,52.81,6.68,51.48,10.33,1.35,0.04,13.92,15.09,6.18,36.11
2306702,Jaguaretama,CE,6050,71.65,20.83,6.53,14.3,59.4,1.26,71.8,0.86,0.36,0.05,14.79,2.03,9.62,22.69
2306801,Jaguaribara,CE,3361,18.3,80.3,62.57,17.73,16.51,0.65,92.56,1.49,0.09,0.0,5.18,0.15,0.3,6.34
2306900,Jaguaribe,CE,12399,23.61,75.03,62.38,12.65,16.19,1.0,90.18,2.05,1.94,0.15,1.71,0.91,2.44,7.11
2307007,Jaguaruana,CE,11726,61.92,18.28,13.43,4.84,56.07,0.95,81.65,5.67,6.24,0.5,3.53,0.32,0.45,13.14
2307106,Jardim,CE,8745,48.76,47.64,31.25,16.39,37.53,6.61,46.88,11.22,9.35,5.59,23.64,1.56,0.51,39.58
2307205,Jati,CE,2620,40.5,58.82,28.66,30.15,33.66,1.18,71.98,14.54,2.48,0.15,5.23,0.46,1.6,21.11
2307254,Jijoca de Jericoacoara,CE,8795,63.41,36.05,19.64,16.42,62.85,0.19,79.26,6.22,13.83,0.06,0.16,0.09,0.08,13.52
2307304,Juazeiro do Norte,CE,97385,25.01,74.32,41.32,32.99,24.44,0.1,94.16,4.23,0.64,0.02,0.04,0.01,0.09,4.46
2307403,Jucás,CE,8224,34.79,63.92,22.92,41.0,30.31,2.66,79.71,4.91,3.12,0.0,0.88,2.41,8.69,16.5
2307502,Lavras da Mangabeira,CE,10477,55.74,43.07,30.46,12.61,42.67,3.19,69.63,15.6,5.74,0.1,0.75,1.7,5.71,21.44
2307601,Limoeiro do Norte,CE,21437,40.58,59.05,36.17,22.89,39.23,0.07,91.42,6.01,1.42,0.0,0.01,0.12,0.69,5.67
2307635,Madalena,CE,5603,63.18,31.04,13.12,17.92,54.33,1.32,60.84,21.56,2.27,0.09,8.46,1.95,3.48,22.11
2307650,Maracanaú,CE,79675,18.92,80.71,53.53,27.18,17.7,0.11,96.95,1.02,1.12,0.04,0.21,0.03,0.06,2.33
2307700,Maranguape,CE,35066,38.25,59.03,31.89,27.14,35.38,0.21,87.83,2.02,3.67,0.58,0.47,1.15,3.41,9.69
2307809,Marco,CE,7594,69.88,29.22,11.86,17.36,65.67,0.8,80.18,4.83,1.82,0.26,4.1,0.88,7.1,11.76
2307908,Martinópole,CE,3698,93.86,5.11,4.65,0.46,83.83,4.54,72.63,22.34,0.27,0.0,2.97,0.14,0.57,22.53
2308005,Massapê,CE,12335,58.53,38.88,29.59,9.29,50.15,4.97,76.81,6.3,1.71,2.4,0.47,4.24,5.4,19.6
2308104,Mauriti,CE,14873,69.55,26.44,12.16,14.28,64.24,1.4,64.67,31.15,1.27,0.15,1.87,0.12,0.26,29.12
2308203,Meruoca,CE,4824,62.04,37.06,7.9,29.17,58.21,1.31,58.0,22.12,12.42,1.53,0.91,2.36,1.62,37.77
2308302,Milagres,CE,8755,31.66,65.7,27.69,38.01,27.13,0.42,60.43,37.08,0.85,0.23,0.55,0.26,0.03,20.5
2308351,Milhã,CE,4660,53.33,44.7,23.39,21.31,48.05,0.39,56.46,12.49,2.6,0.04,8.91,0.86,18.11,32.55
2308377,Miraíma,CE,4259,70.58,26.53,3.66,22.87,64.31,4.25,71.31,1.64,3.87,1.1,1.2,6.15,13.17,26.46
2308401,Missão Velha,CE,11841,65.51,28.13,7.69,20.44,58.9,1.39,78.45,11.07,5.59,2.11,0.52,0.65,0.15,14.47
2308500,Mombaça,CE,13653,37.63,59.17,37.74,21.43,30.41,2.58,57.36,22.25,1.65,0.84,3.21,4.75,9.14,30.07
2308609,Monsenhor Tabosa,CE,5827,34.0,61.68,13.45,48.22,28.09,2.04,66.83,15.38,1.24,0.29,10.04,2.06,2.25,21.98
2308708,Morada Nova,CE,22663,68.23,28.11,17.59,10.51,61.9,1.16,88.09,1.75,0.38,0.04,2.49,3.73,2.69,10.51
2308807,Moraújo,CE,2710,49.34,47.12,20.18,26.94,40.66,8.34,69.89,10.11,2.95,0.04,2.36,1.81,10.66,28.93
2308906,Morrinhos,CE,7285,63.4,31.98,24.37,7.62,53.95,2.59,67.28,16.61,1.21,1.37,2.9,6.95,1.59,27.11
2309003,Mucambo,CE,4994,59.49,39.93,22.77,17.16,57.15,1.86,79.84,15.36,1.22,0.44,0.54,1.08,0.78,13.9
2309102,Mulungu,CE,3332,38.51,60.35,29.62,30.73,34.0,0.54,48.35,37.45,6.42,2.76,2.07,2.13,0.45,41.06
2309201,Nova Olinda,CE,5178,31.92,66.9,44.59,22.31,28.83,1.29,74.58,5.43,6.86,0.77,8.42,2.09,0.68,22.48
2309300,Nova Russas,CE,10843,45.6,52.14,32.89,19.25,39.75,0.94,87.84,7.12,2.61,0.11,0.48,0.74,0.4,9.23
2309409,Novo Oriente,CE,9816,48.12,49.11,28.55,20.57,43.23,2.61,90.99,5.62,0.61,0.33,0.37,0.87,0.23,5.92
2309458,Ocara,CE,8790,92.15,7.39,5.62,1.77,91.06,0.23,85.64,1.92,0.59,0.05,1.42,6.99,2.23,11.43
2309508,Orós,CE,7171,49.69,49.7,42.81,6.89,37.68,0.42,91.06,1.2,0.03,0.04,0.42,2.59,2.76,6.39
2309607,Pacajus,CE,24053,75.99,23.78,5.45,18.34,75.4,0.15,61.53,18.99,17.54,0.17,0.3,0.39,0.33,31.19
2309706,Pacatuba,CE,27103,23.47,76.22,62.38,13.84,22.29,0.07,96.27,0.87,1.05,0.42,0.31,0.06,0.13,2.87
2309805,Pacoti,CE,3663,54.79,44.72,27.35,17.36,52.99,0.11,47.17,28.72,13.27,4.37,0.63,3.6,1.53,42.01
2309904,Pacujá,CE,2199,62.12,37.11,35.29,1.82,58.62,2.36,82.26,7.78,0.86,1.32,2.77,1.05,2.05,15.73
2310001,Palhano,CE,3256,48.16,46.22,8.51,37.71,46.78,0.52,82.59,0.43,0.12,0.03,4.27,5.74,0.83,16.12
2310100,Palmácia,CE,3378,66.7,31.26,14.86,16.4,61.81,0.71,59.74,7.73,13.56,3.02,6.78,5.09,3.4,37.69
2310209,Paracuru,CE,12982,61.49,36.91,12.55,24.36,60.09,0.44,27.75,37.62,31.3,0.05,0.96,0.2,1.11,63.4
2310258,Paraipaba,CE,10786,54.17,45.44,24.62,20.81,52.92,0.79,62.5,14.87,20.95,0.15,0.76,0.2,0.1,31.59
2310308,Parambu,CE,11134,34.6,62.84,30.51,32.33,26.75,4.08,48.38,19.41,1.08,0.19,23.42,2.51,2.98,38.64
2310407,Paramoti,CE,3566,81.86,17.19,12.65,4.54,76.58,3.56,65.4,14.19,2.69,0.06,3.31,4.18,9.76,27.9
2310506,Pedra Branca,CE,14235,48.63,46.36,36.66,9.7,41.85,1.69,54.46,17.95,1.35,0.15,9.81,6.03,9.39,31.35
2310605,Penaforte,CE,2919,12.06,84.89,63.34,21.55,7.74,0.27,81.98,14.32,0.45,0.03,2.06,0.24,0.24,13.84
2310704,Pentecoste,CE,12719,61.44,37.48,25.82,11.66,57.74,1.4,80.51,8.39,0.68,0.13,3.55,3.3,2.82,15.92
2310803,Pereiro,CE,5281,50.41,49.29,8.52,40.77,45.65,0.51,51.6,6.14,2.92,0.04,35.35,2.94,0.66,46.92
2310852,Pindoretama,CE,7999,59.74,39.52,5.38,34.14,58.38,0.94,27.33,19.31,51.71,0.24,0.33,0.08,0.04,65.67
2310902,Piquet Carneiro,CE,5737,90.85,7.95,7.83,0.12,85.29,1.95,79.69,4.08,0.92,0.45,1.76,3.54,8.87,16.77
2310951,Pires Ferreira,CE,3261,84.27,15.21,1.29,13.92,81.02,1.53,59.61,23.49,9.48,3.22,0.18,0.71,2.82,28.43
2311009,Poranga,CE,4214,70.19,27.41,23.35,4.06,68.3,1.35,71.9,20.74,0.55,5.55,0.45,0.17,0.19,21.26
2311108,Porteiras,CE,5565,69.67,29.22,23.86,5.35,66.11,0.84,79.95,10.24,4.56,3.05,0.36,1.22,0.04,13.33
2311207,Potengi,CE,3133,71.88,27.32,6.22,21.1,69.1,2.27,71.69,11.39,0.89,0.38,3.61,4.31,6.96,24.67
2311231,Potiretama,CE,2131,7.13,85.27,13.14,72.13,4.41,1.22,50.12,6.05,0.75,0.0,34.4,4.88,2.82,49.55
2311264,Quiterianópolis,CE,6944,67.89,28.95,16.89,12.05,55.62,6.22,61.51,15.51,10.51,0.45,4.93,3.83,2.76,31.45
2311306,Quixadá,CE,28971,43.1,55.76,48.5,7.26,38.93,1.57,76.15,6.12,0.96,0.07,4.75,3.98,6.27,21.26
2311355,Quixelô,CE,5839,68.47,30.57,28.79,1.78,59.92,3.07,75.89,16.44,3.03,0.22,0.5,0.72,2.67,15.74
2311405,Quixeramobim,CE,28609,31.2,68.13,48.82,19.31,25.31,0.84,76.63,10.4,1.2,0.07,1.64,0.87,8.49,13.93
2311504,Quixeré,CE,7743,71.68,26.63,7.46,19.17,68.8,0.14,91.95,4.11,2.47,0.0,0.28,0.09,0.17,6.2
2311603,Redenção,CE,9138,72.47,25.22,5.34,19.88,69.28,0.49,78.23,7.06,4.31,1.59,0.2,4.98,1.7,18.1
2311702,Reriutaba,CE,6583,89.32,4.69,2.43,2.26,81.57,3.68,76.85,11.74,8.89,0.26,0.65,0.58,0.11,21.04
2311801,Russas,CE,26409,33.76,65.53,26.98,38.54,32.72,0.31,80.85,8.86,5.63,0.02,2.28,1.08,0.58,15.37
2311900,Saboeiro,CE,4926,81.1,16.85,15.92,0.93,67.78,8.61,55.83,10.17,0.95,0.12,3.47,5.36,22.92,26.45
2311959,Salitre,CE,5367,88.6,9.89,5.81,4.08,67.95,18.32,30.35,8.16,0.93,0.06,41.18,8.81,4.58,61.6
2312007,Santana do Acaraú,CE,9656,56.84,41.79,36.96,4.83,45.24,6.8,67.36,7.76,1.49,0.81,1.08,6.63,13.71,27.37
2312106,Santana do Cariri,CE,5630,74.74,22.5,18.79,3.71,63.91,7.1,59.17,3.96,3.25,6.54,17.55,3.78,1.46,36.43
2312205,Santa Quitéria,CE,13977,62.8,34.03,29.56,4.47,53.22,4.36,70.37,13.51,2.85,0.61,3.18,2.49,6.05,25.5
2312304,São Benedito,CE,15616,47.76,51.76,26.81,24.96,46.09,0.51,79.53,15.55,3.94,0.17,0.04,0.12,0.14,15.08
2312403,São Gonçalo do Amarante,CE,17957,42.25,57.29,28.71,28.58,40.71,0.73,44.04,29.13,13.21,0.38,3.61,1.3,7.93,47.64
2312502,São João do Jaguaribe,CE,2371,55.12,41.97,27.16,14.8,54.24,0.34,86.88,4.77,6.24,0.04,0.63,0.46,0.59,1.18
2312601,São Luís do Curu,CE,3865,45.98,52.91,19.74,33.17,40.05,0.62,75.76,7.5,0.6,0.34,1.19,0.78,11.51,21.35
2312700,Senador Pompeu,CE,8958,46.83,51.76,43.3,8.46,41.86,0.41,78.53,6.79,1.9,0.12,0.26,2.77,9.21,16.96
2312809,Senador Sá,CE,2426,56.51,42.7,3.96,38.75,47.53,7.54,71.1,13.31,2.6,0.04,0.21,2.1,8.53,24.81
2312908,Sobral,CE,68018,16.35,82.67,74.7,7.97,13.14,0.52,93.8,2.95,0.24,0.03,0.84,0.6,0.64,4.66
2313005,Solonópole,CE,6590,50.32,49.53,18.45,31.08,46.4,0.53,79.47,3.2,1.41,0.11,3.0,1.93,10.52,15.31
2313104,Tabuleiro do Norte,CE,11737,47.66,46.85,18.61,28.24,44.7,0.49,75.17,15.67,5.21,0.05,2.46,0.65,0.28,22.17
2313203,Tamboril,CE,8624,66.06,30.94,16.63,14.31,58.08,5.6,71.56,16.79,3.43,0.13,1.32,3.17,2.9,19.46
2313252,Tarrafas,CE,2661,22.25,76.44,10.6,65.84,16.12,1.92,52.65,18.83,22.1,0.04,2.37,1.01,2.78,42.16
2313302,Tauá,CE,21105,52.4,45.07,26.54,18.53,44.95,2.12,69.08,21.12,1.53,0.18,4.02,2.18,1.36,22.95
2313351,Tejuçuoca,CE,5603,49.97,48.3,9.08,39.21,44.69,2.34,77.48,4.12,0.62,0.02,2.43,4.87,6.28,19.06
2313401,Tianguá,CE,25654,36.53,62.43,35.07,27.36,34.83,1.08,82.98,10.76,4.14,0.32,0.17,0.58,0.46,13.97
2313500,Trairi,CE,18908,81.34,17.09,4.82,12.27,79.88,0.95,34.66,34.02,24.23,0.07,1.01,4.57,0.34,57.36
2313559,Tururu,CE,5077,83.51,15.5,1.3,14.2,80.07,0.37,88.54,2.82,2.13,0.3,0.45,1.16,1.63,9.79
2313609,Ubajara,CE,10508,62.62,36.82,20.96,15.85,60.74,0.44,68.24,27.16,3.08,0.3,0.43,0.13,0.34,24.68
2313708,Umari,CE,2406,65.71,31.3,25.77,5.53,61.64,0.96,62.64,25.64,3.7,0.04,0.67,1.41,3.2,30.17
2313757,Umirim,CE,5656,43.79,54.83,10.02,44.8,33.79,2.9,78.85,4.6,1.04,1.36,2.88,2.55,6.28,18.83
2313807,Uruburetama,CE,6399,60.73,34.05,23.03,11.02,50.8,2.69,75.0,3.64,4.41,12.52,0.06,0.91,1.69,22.33
2313906,Uruoca,CE,4664,75.75,22.41,21.87,0.54,69.73,4.89,72.62,15.39,1.97,1.67,1.61,1.03,4.55,22.04
2313955,Varjota,CE,6118,71.8,27.59,14.3,13.29,65.48,0.59,86.47,7.45,3.07,0.16,0.6,0.59,0.67,7.68
2314003,Várzea Alegre,CE,14046,53.57,42.0,37.65,4.35,50.07,0.93,73.86,6.08,13.99,1.05,0.38,0.98,3.35,21.18
2314102,Viçosa do Ceará,CE,18273,74.03,23.01,5.68,17.33,66.3,6.46,56.94,27.8,5.08,4.38,0.01,1.77,1.85,36.69
2400109,Acari,RN,3810,11.23,87.93,84.17,3.75,10.5,0.18,85.12,6.59,0.37,0.05,4.83,0.39,2.07,11.0
2400208,Assú,RN,19231,70.32,27.82,2.63,25.19,67.53,0.48,78.55,16.61,0.66,0.01,2.14,0.22,0.76,19.25
2400307,Afonso Bezerra,RN,3368,43.68,52.82,36.34,16.48,40.41,0.92,53.36,25.77,0.33,0.06,3.89,1.28,12.14,33.58
2400406,Água Nova,RN,991,86.58,13.02,0.81,12.21,86.28,0.2,60.95,27.45,0.71,0.0,2.22,0.91,4.84,35.02
2400505,Alexandria,RN,4841,18.2,80.62,63.02,17.6,13.98,2.4,72.96,12.08,3.49,0.21,6.07,2.89,1.22,26.19
2400604,Almino Afonso,RN,1662,54.69,44.95,7.58,37.36,54.15,0.3,56.26,26.35,7.34,0.54,3.13,1.14,4.45,36.94
2400703,Alto do Rodrigues,RN,4210,88.24,10.43,6.44,3.99,87.7,0.07,87.81,2.42,0.1,0.14,0.55,0.0,8.55,11.62
2400802,Angicos,RN,3949,60.14,35.17,13.83,21.35,48.14,0.48,92.96,0.63,0.2,0.03,4.0,0.1,0.99,6.74
2400901,Antônio Martins,RN,2372,57.72,41.27,23.36,17.92,56.16,0.55,42.28,23.27,11.55,0.72,9.99,2.4,5.56,53.08
2401008,Apodi,RN,12898,65.21,33.8,4.81,28.99,60.33,0.5,57.35,29.83,6.05,0.07,3.52,0.18,2.19,41.9
2401107,Areia Branca,RN,8177,24.3,75.15,33.4,41.75,20.25,0.06,83.69,7.58,0.49,0.0,7.51,0.01,0.05,14.38
2401206,Arez,RN,4260,55.45,44.15,17.42,26.74,53.0,0.35,77.79,21.46,0.14,0.02,0.0,0.0,0.02,20.96
2401305,Campo Grande,RN,3233,66.41,19.05,3.56,15.5,64.58,0.77,59.17,5.32,0.49,0.06,1.67,9.65,21.87,36.1
2401404,Baía Formosa,RN,2780,83.67,16.33,4.6,11.73,83.38,0.22,77.45,21.83,0.4,0.14,0.0,0.0,0.07,8.13
2401453,Baraúna,RN,8870,86.4,13.34,1.21,12.13,84.67,0.05,76.02,16.41,2.56,0.02,3.18,0.26,0.0,22.46
2401503,Barcelona,RN,1388,94.31,5.48,4.18,1.3,93.08,0.36,84.94,0.79,0.72,0.0,4.83,0.72,1.3,14.84
2401602,Bento Fernandes,RN,1553,81.65,17.77,1.29,16.48,60.85,0.06,86.03,1.74,0.0,0.39,3.54,3.54,0.77,13.84
2401651,Bodó,RN,765,89.28,10.33,8.5,1.83,85.75,0.65,81.83,1.31,0.0,0.0,11.5,4.05,0.0,15.42
2401701,Bom Jesus,RN,3455,77.37,20.35,7.79,12.56,63.7,0.06,96.76,0.61,0.03,0.03,1.36,0.55,0.03,2.78
2401800,Brejinho,RN,4197,53.75,45.53,28.71,16.82,49.87,0.02,82.27,5.69,5.17,0.02,5.96,0.12,0.07,11.79
2401859,Caiçara do Norte,RN,1976,68.78,30.97,27.33,3.64,67.41,0.66,48.94,44.38,0.46,0.15,0.76,2.48,0.0,30.62
2401909,Caiçara do Rio do Vento,RN,1050,51.52,45.81,25.14,20.67,50.48,0.67,90.38,0.19,0.0,0.0,8.48,0.1,0.1,9.43
2402006,Caicó,RN,22067,10.11,88.56,74.29,14.27,7.45,0.09,93.35,2.27,0.49,0.01,1.09,0.09,1.9,5.56
2402105,Campo Redondo,RN,3467,27.6,71.56,41.02,30.55,25.5,0.37,58.96,0.75,0.03,0.0,20.07,14.08,3.46,38.91
2402204,Canguaretama,RN,9169,85.81,13.45,2.77,10.68,75.05,0.14,87.09,8.35,1.88,0.04,0.0,0.02,0.38,10.98
2402303,Caraúbas,RN,7039,45.15,47.15,11.44,35.72,33.84,0.68,74.44,9.79,1.97,0.01,6.98,1.66,2.87,19.8
2402402,Carnaúba dos Dantas,RN,2800,15.68,77.36,42.96,34.39,14.29,0.21,78.96,11.11,0.46,0.0,7.89,0.11,0.36,17.43
2402501,Carnaubais,RN,3234,42.76,53.71,26.87,26.84,41.37,0.8,82.1,2.2,0.53,0.0,6.15,0.12,1.67,15.06
2402600,Ceará-Mirim,RN,24896,38.79,60.79,25.37,35.42,34.62,0.45,85.77,10.74,2.09,0.08,0.35,0.1,0.07,7.55
2402709,Cerro Corá,RN,3684,61.56,37.13,23.56,13.57,60.37,0.16,69.16,3.99,0.24,0.16,16.4,6.3,0.98,26.93
2402808,Coronel Ezequiel,RN,1883,46.84,48.11,16.62,31.49,42.11,1.38,56.19,4.67,0.32,0.96,17.15,7.28,0.48,43.49
2402907,Coronel João Pessoa,RN,1439,82.84,7.71,3.54,4.17,64.0,1.46,33.29,19.94,41.07,2.02,0.49,0.42,2.08,59.14
2403004,Cruzeta,RN,2936,17.98,81.4,72.82,8.58,16.28,0.0,78.64,7.25,0.72,0.03,4.26,0.24,7.43,18.63
2403103,Currais Novos,RN,14620,15.14,83.29,73.96,9.33,13.02,0.13,81.1,6.86,1.03,0.0,9.19,0.2,1.05,15.4
2403202,Doutor Severiano,RN,2407,64.94,34.73,29.46,5.28,62.73,0.87,69.13,5.98,3.41,0.62,10.55,6.73,2.33,27.42
2403251,Parnamirim,RN,90152,30.75,68.66,16.18,52.48,30.39,0.01,95.62,4.0,0.18,0.02,0.02,0.0,0.0,2.74
2403301,Encanto,RN,2015,52.85,46.4,13.05,33.35,41.64,0.15,69.83,17.12,0.69,0.0,1.59,1.09,8.98,27.49
2403400,Equador,RN,1960,32.55,66.43,45.51,20.92,30.51,0.46,74.18,11.73,0.26,0.36,5.15,0.15,1.02,20.87
2403509,Espírito Santo,RN,3557,78.04,21.31,16.45,4.86,71.83,0.14,57.07,15.66,15.57,0.65,5.85,0.14,3.88,30.81
2403608,Extremoz,RN,20471,13.97,85.84,5.56,80.28,13.64,0.02,87.84,11.26,0.29,0.01,0.03,0.05,0.03,7.93
2403707,Felipe Guerra,RN,2064,74.52,23.11,0.78,22.34,72.67,0.73,72.87,16.67,3.2,0.0,4.02,0.1,1.02,24.52
2403756,Fernando Pedroza,RN,1053,57.55,40.27,3.23,37.04,37.8,0.0,86.61,0.57,3.89,0.0,6.93,0.19,0.0,13.3
2403806,Florânia,RN,3398,16.77,82.02,63.42,18.6,15.54,0.29,82.58,5.44,0.65,0.12,6.86,0.5,2.5,16.45
2403905,Francisco Dantas,RN,987,73.86,24.32,13.88,10.44,61.6,0.71,62.11,11.55,4.66,0.0,5.78,0.81,13.98,37.39
2404002,Frutuoso Gomes,RN,1529,39.83,52.84,0.92,51.93,39.37,0.2,76.78,9.68,4.19,2.55,1.24,0.98,3.01,18.51
2404101,Galinhos,RN,624,81.89,17.15,1.44,15.71,81.41,0.0,14.42,33.49,49.52,0.16,1.12,0.0,0.0,85.26
2404200,Goianinha,RN,8322,33.29,66.25,38.42,27.83,28.57,0.35,77.52,20.69,0.85,0.04,0.2,0.06,0.13,18.12
2404309,Governador Dix-Sept Rosado,RN,4062,74.2,24.25,0.42,23.83,69.08,1.4,58.12,18.56,1.65,0.02,12.09,0.25,7.24,21.54
2404408,Grossos,RN,3385,87.83,3.78,1.54,2.25,87.12,0.03,78.32,7.59,8.3,0.0,4.19,0.0,0.0,18.02
2404507,Guamaré,RN,4911,40.44,58.5,27.75,30.75,39.12,0.12,29.79,26.59,4.72,0.14,35.53,0.1,0.12,61.88
2404606,Ielmo Marinho,RN,3873,76.81,22.26,13.3,8.96,69.66,1.19,54.82,10.12,7.62,0.26,23.6,2.53,0.08,30.54
2404705,Ipanguaçu,RN,4471,80.88,11.36,1.19,10.18,69.36,0.96,70.23,12.61,6.4,0.07,2.35,0.76,7.07,14.34
2404804,Ipueira,RN,777,22.52,77.09,77.09,0.0,14.41,0.13,93.05,2.19,0.0,0.0,2.57,0.51,1.29,6.44
2404853,Itajá,RN,2398,81.23,15.76,4.46,11.3,75.94,0.88,88.99,3.17,1.79,0.04,3.25,0.0,1.75,5.88
2404903,Itaú,RN,1900,64.16,35.58,23.53,12.05,63.95,0.21,96.95,0.05,0.0,0.0,1.58,0.05,0.26,2.79
2405009,Jaçanã,RN,2752,23.66,75.94,25.91,50.04,23.0,0.18,61.05,9.96,6.72,2.87,13.01,1.82,0.07,34.27
2405108,Jandaíra,RN,2092,65.3,34.42,1.34,33.08,64.91,0.19,76.05,19.07,0.14,0.05,2.1,0.24,0.0,7.03
2405207,Janduís,RN,1541,66.13,31.47,30.82,0.65,53.15,1.1,78.65,1.23,0.39,0.19,3.18,1.88,13.43,20.18
2405306,Januário Cicco,RN,3066,63.08,35.09,16.08,19.02,59.56,0.42,83.04,5.77,0.0,0.1,5.97,2.12,0.1,15.46
2405405,Japi,RN,1776,39.02,60.53,41.55,18.98,10.19,2.03,80.74,0.39,0.0,0.11,13.06,0.79,0.06,18.86
2405504,Jardim de Angicos,RN,795,61.26,31.57,0.63,30.94,59.37,0.38,51.82,3.52,0.63,0.0,27.67,1.01,10.94,45.41
2405603,Jardim de Piranhas,RN,4962,41.66,36.6,26.16,10.44,29.58,0.73,80.79,2.44,0.22,0.02,0.6,0.46,14.01,18.0
2405702,Jardim do Seridó,RN,4467,15.31,84.17,72.76,11.42,9.96,0.13,90.04,2.69,1.5,0.0,0.9,0.31,4.07,7.77
2405801,João Câmara,RN,10870,46.43,52.22,31.49,20.73,41.27,0.56,76.93,10.92,0.63,0.05,7.81,1.9,0.4,17.6
2405900,João Dias,RN,754,2.65,96.02,19.36,76.66,0.4,1.33,32.76,3.71,24.93,0.0,31.56,1.72,4.51,63.93
2406007,José da Penha,RN,2142,90.29,9.06,7.52,1.54,89.78,0.33,80.25,2.89,5.42,0.0,2.47,0.61,4.39,16.85
2406106,Jucurutu,RN,6346,47.67,47.34,37.98,9.36,42.99,1.26,81.01,2.87,2.92,0.05,2.51,1.29,8.04,17.65
2406155,Jundiá,RN,1245,98.15,1.2,0.32,0.88,96.95,0.24,31.65,25.38,8.67,0.56,30.52,0.96,0.72,43.78
2406205,Lagoa d'Anta,RN,2195,86.74,12.94,1.0,11.94,85.97,0.09,89.57,0.91,0.32,0.0,6.7,0.68,0.05,9.2
2406304,Lagoa de Pedras,RN,2575,98.68,0.35,0.12,0.23,95.69,0.19,56.97,34.49,0.35,0.0,4.85,1.51,0.31,32.97
2406403,Lagoa de Velhos,RN,869,96.43,2.42,0.58,1.84,95.63,0.0,94.25,0.81,0.12,0.0,2.42,0.0,0.0,5.29
2406502,Lagoa Nova,RN,5106,61.22,38.09,23.05,15.04,60.03,0.33,81.16,5.25,2.64,0.0,4.03,4.56,0.02,14.88
2406601,Lagoa Salgada,RN,2825,68.81,23.04,0.53,22.51,67.96,0.07,77.84,14.37,0.42,0.0,4.74,1.1,0.18,20.85
2406700,Lajes,RN,3211,22.17,75.62,57.27,18.34,21.61,0.31,83.0,5.23,0.09,0.06,9.09,0.34,0.12,16.29
2406809,Lajes Pintadas,RN,1708,61.94,36.12,29.86,6.26,54.98,1.87,71.02,0.94,0.18,0.06,17.51,7.49,0.7,28.69
2406908,Lucrécia,RN,1200,2.0,97.83,56.92,40.92,0.83,0.08,61.17,25.0,6.17,0.0,0.75,0.5,5.08,26.75
2407005,Luís Gomes,RN,3002,79.55,16.96,9.76,7.2,77.12,2.0,58.96,9.49,3.93,0.0,12.23,8.49,1.0,34.98
2407104,Macaíba,RN,28190,54.62,44.49,10.33,34.15,52.27,0.08,84.85,9.05,1.38,0.05,2.99,0.38,0.11,12.13
2407203,Macau,RN,9656,7.81,91.41,58.7,32.72,6.67,0.1,73.75,12.12,5.99,0.08,5.43,0.02,0.56,23.79
2407252,Major Sales,RN,1345,45.87,53.98,25.06,28.92,45.5,0.07,98.66,0.15,0.15,0.0,0.59,0.0,0.37,1.34
2407302,Marcelino Vieira,RN,2729,39.76,58.85,29.57,29.28,29.28,3.0,68.82,8.13,9.64,0.07,3.08,0.95,8.68,30.67
2407401,Martins,RN,2961,63.15,35.8,2.4,33.4,61.63,0.17,72.37,18.51,1.22,0.17,0.98,1.05,4.63,24.89
2407500,Maxaranguape,RN,3208,86.75,9.91,1.0,8.92,75.72,0.22,72.79,25.65,0.72,0.09,0.03,0.03,0.16,4.99
2407609,Messias Targino,RN,1432,45.25,52.16,27.44,24.72,43.3,0.77,64.11,3.14,5.17,0.0,25.14,0.14,0.63,34.78
2407708,Montanhas,RN,3771,82.92,16.31,0.88,15.43,76.16,0.4,89.92,2.17,0.61,0.03,3.77,0.16,0.5,7.85
2407807,Monte Alegre,RN,7736,75.56,23.44,10.54,12.9,73.95,0.06,86.26,4.82,5.91,0.01,2.04,0.16,0.05,11.69
2407906,Monte das Gameleiras,RN,796,23.37,74.25,39.57,34.67,21.61,0.0,76.88,0.5,0.25,0.0,12.06,8.42,0.38,22.24
2408003,Mossoró,RN,92467,16.38,81.87,53.67,28.2,14.96,0.09,91.56,4.71,0.49,0.02,2.03,0.07,0.15,5.73
2408102,Natal,RN,270045,23.91,75.64,45.29,30.35,22.86,0.02,98.29,1.2,0.09,0.01,0.02,0.01,0.01,0.76
2408201,Nísia Floresta,RN,9842,71.6,27.71,4.58,23.13,69.18,0.14,63.89,32.47,1.84,0.15,0.1,0.03,0.37,33.03
2408300,Nova Cruz,RN,11514,33.46,65.39,39.69,25.7,26.99,0.57,81.38,1.37,0.11,0.05,9.28,5.46,0.65,17.77
2408409,Olho d'Água do Borges,RN,1399,64.4,29.66,13.72,15.94,53.68,0.36,87.21,2.29,2.79,0.0,5.65,0.07,0.0,11.08
2408508,Ouro Branco,RN,1770,18.19,79.04,57.8,21.24,12.09,0.17,74.18,18.42,0.56,0.0,3.39,0.06,3.11,17.29
2408607,Paraná,RN,1295,95.98,3.78,3.63,0.15,84.32,4.4,47.88,39.23,0.93,0.0,8.11,0.54,2.86,46.33
2408706,Paraú,RN,1227,63.16,31.62,30.32,1.3,59.01,0.65,78.32,3.34,0.24,0.24,14.51,0.73,1.39,18.09
2408805,Parazinho,RN,1492,10.86,88.54,44.71,43.83,10.72,0.0,73.19,10.25,4.22,0.0,9.25,0.47,0.0,22.86
2408904,Parelhas,RN,7754,17.91,80.04,74.43,5.61,15.71,0.3,81.84,9.44,1.37,0.14,3.06,0.22,0.99,16.17
2408953,Rio do Fogo,RN,3128,70.4,27.3,2.4,24.9,56.04,0.1,90.22,7.99,0.93,0.0,0.06,0.06,0.32,7.13
2409100,Passa e Fica,RN,3791,33.16,66.63,53.79,12.85,32.29,0.29,78.48,0.08,0.0,0.11,9.73,9.1,0.66,20.6
2409209,Passagem,RN,1077,79.57,19.59,2.04,17.55,71.68,0.0,55.15,9.1,16.06,0.19,14.95,0.65,0.09,42.15
2409308,Patu,RN,4030,53.28,45.01,16.1,28.91,51.29,0.57,67.62,5.51,2.7,0.17,19.33,2.16,0.65,30.25
2409332,Santa Maria,RN,1630,83.74,13.56,6.75,6.81,76.32,0.18,63.31,2.09,0.25,0.0,26.38,4.29,0.8,35.46
2409407,Pau dos Ferros,RN,10776,36.94,61.88,48.77,13.11,35.45,0.13,89.11,6.25,0.68,0.04,1.71,0.48,0.6,7.51
2409506,Pedra Grande,RN,1093,34.49,63.4,0.82,62.58,34.13,0.09,72.46,10.61,11.99,0.0,1.1,0.09,0.0,19.4
2409605,Pedra Preta,RN,780,96.41,3.46,1.67,1.79,68.59,0.13,40.64,1.41,0.13,0.13,49.36,6.28,0.38,59.36
2409704,Pedro Avelino,RN,2064,45.54,53.2,40.46,12.74,40.55,1.26,61.43,19.48,0.29,0.1,12.06,0.73,0.48,32.95
2409803,Pedro Velho,RN,4496,45.0,54.0,35.52,18.48,43.55,0.47,89.9,4.2,2.89,0.31,0.31,0.07,1.45,8.94
2409902,Pendências,RN,4206,21.68,74.68,63.39,11.29,20.49,0.1,88.25,2.4,2.52,0.07,0.93,0.12,1.93,7.61
2410009,Pilões,RN,1045,6.22,77.03,52.92,24.11,2.58,0.29,87.08,7.56,0.0,0.19,2.58,0.29,1.72,12.34
2410108,Poço Branco,RN,3841,69.57,28.07,14.81,13.25,57.8,0.1,87.74,1.72,0.44,0.1,2.6,4.63,0.34,10.8
2410207,Portalegre,RN,2689,73.56,25.7,0.6,25.1,70.81,0.63,59.91,1.6,0.19,1.52,1.71,2.08,32.39,39.46
2410256,Porto do Mangue,RN,1737,93.72,3.22,2.13,1.09,75.42,0.35,47.61,26.14,1.67,0.0,23.2,0.0,0.0,50.83
2410306,Serra Caiada,RN,3209,46.24,48.8,31.04,17.76,44.66,0.34,89.84,1.56,0.34,0.0,4.95,0.93,0.06,8.51
2410405,Pureza,RN,3027,89.46,9.61,2.84,6.77,86.69,0.2,41.69,47.24,2.81,1.55,2.87,2.61,0.2,47.37
2410504,Rafael Fernandes,RN,1879,93.67,4.84,1.54,3.3,90.79,0.8,35.66,37.25,9.1,0.32,5.64,1.22,9.58,50.29
2410603,Rafael Godeiro,RN,1070,80.75,17.76,0.37,17.38,79.53,0.09,64.11,11.78,8.04,0.0,6.45,2.15,6.73,32.62
2410702,Riacho da Cruz,RN,932,40.24,56.01,43.99,12.02,40.02,0.0,88.09,1.82,0.11,0.0,4.29,1.29,3.65,11.59
2410801,Riacho de Santana,RN,1439,87.77,7.92,7.78,0.14,75.89,0.49,27.94,24.53,42.81,0.07,3.06,0.76,0.49,66.09
2410900,Riachuelo,RN,2345,13.65,85.54,52.07,33.48,13.52,0.09,80.09,2.56,0.09,0.0,13.56,0.94,0.04,19.28
2411007,Rodolfo Fernandes,RN,1518,28.33,71.67,59.88,11.79,28.26,0.07,92.56,0.53,0.13,0.0,5.01,0.4,0.53,7.25
2411056,Tibau,RN,1843,96.36,3.64,3.53,0.11,96.31,0.05,39.28,57.35,0.27,0.16,2.44,0.11,0.0,51.82
2411106,Ruy Barbosa,RN,1090,94.68,5.05,1.19,3.85,93.49,0.0,78.99,0.18,0.09,0.0,16.97,0.46,0.28,20.37
2411205,Santa Cruz,RN,12786,12.88,85.57,79.65,5.92,9.75,1.65,87.53,1.92,0.12,0.08,6.71,0.93,0.12,11.81
2411403,Santana do Matos,RN,4476,47.34,48.48,47.61,0.87,36.62,2.03,66.4,8.27,3.04,0.07,7.22,2.14,10.55,27.32
2411429,Santana do Seridó,RN,921,30.18,69.82,69.6,0.22,21.93,0.11,56.57,19.54,17.48,0.11,1.74,0.43,3.15,30.94
2411502,Santo Antônio,RN,7694,60.84,37.33,28.71,8.62,55.39,0.3,59.54,6.17,0.64,0.01,27.75,4.11,0.56,27.75
2411601,São Bento do Norte,RN,1046,97.32,2.58,2.49,0.1,95.12,0.0,72.37,23.8,1.63,0.0,0.1,0.48,0.1,17.97
2411700,São Bento do Trairí,RN,1295,18.61,77.3,59.07,18.22,15.91,0.85,69.42,7.72,1.85,0.0,14.9,2.39,0.31,30.35
2411809,São Fernando,RN,1242,24.56,72.95,71.66,1.29,20.45,0.08,85.35,1.85,0.48,0.0,1.21,0.08,10.87,14.57
2411908,São Francisco do Oeste,RN,1480,82.5,17.3,3.11,14.19,79.39,0.14,83.04,11.28,0.0,0.07,3.11,0.61,1.35,16.28
2412005,São Gonçalo do Amarante,RN,39827,9.5,90.31,33.45,56.86,8.96,0.04,95.93,3.01,0.67,0.01,0.02,0.01,0.01,2.46
2412104,São João do Sabugi,RN,2256,45.83,47.43,46.5,0.93,39.41,0.22,85.9,2.97,0.44,0.04,0.75,0.04,9.53,6.56
2412203,São José de Mipibu,RN,15663,60.06,38.34,5.35,32.99,58.26,0.49,55.92,36.83,4.74,0.06,0.19,0.05,0.59,36.81
2412302,São José do Campestre,RN,3718,65.79,30.26,28.91,1.34,63.58,0.35,89.35,0.05,0.03,0.0,8.9,0.59,0.03,10.09
2412401,São José do Seridó,RN,1546,24.26,75.68,64.36,11.32,23.61,0.39,57.05,13.26,1.16,0.13,19.4,0.26,8.41,32.79
2412500,São Miguel,RN,8266,87.81,11.5,7.29,4.21,85.1,0.67,37.82,17.64,2.12,0.25,32.01,6.32,1.34,54.89
2412559,São Miguel do Gostoso,RN,3210,53.24,45.98,35.05,10.93,50.5,0.28,69.16,13.8,14.21,0.31,1.12,0.28,0.06,16.36
2412609,São Paulo do Potengi,RN,5875,31.42,67.44,55.9,11.54,29.41,0.15,86.84,0.46,0.24,0.0,9.94,0.29,0.07,11.59
2412708,São Pedro,RN,1925,89.25,9.66,6.6,3.06,87.69,0.05,78.08,1.3,0.0,0.0,17.25,0.52,0.1,20.94
2412807,São Rafael,RN,2734,27.25,71.32,57.83,13.5,23.85,1.06,82.52,3.88,0.37,0.07,4.79,0.18,6.55,16.72
2412906,São Tomé,RN,3523,18.82,78.82,26.65,52.17,14.14,1.42,68.83,6.22,0.14,0.09,16.55,3.55,2.87,27.93
2413003,São Vicente,RN,2220,22.43,77.12,61.89,15.23,19.91,0.27,85.23,10.81,0.81,0.0,1.04,0.63,0.77,12.93
2413102,Senador Elói de Souza,RN,2039,65.08,10.84,4.56,6.28,44.83,0.1,93.28,0.49,0.05,0.05,3.78,0.74,0.0,6.42
2413201,Senador Georgino Avelino,RN,1251,89.45,9.11,2.0,7.11,88.17,0.0,86.09,10.71,1.44,0.0,0.48,0.0,0.0,11.11
2413300,Serra de São Bento,RN,1929,88.75,7.41,5.75,1.66,86.63,0.98,78.07,0.16,0.1,0.05,4.3,6.17,0.16,21.2
2413359,Serra do Mel,RN,4239,69.4,29.54,0.5,29.04,66.48,0.17,57.66,20.62,0.0,0.0,18.99,1.2,0.0,7.48
2413409,Serra Negra do Norte,RN,2592,26.39,72.34,70.6,1.74,23.26,0.39,74.31,4.17,3.94,0.04,1.7,0.81,14.78,25.19
2413508,Serrinha,RN,2245,95.41,4.41,3.16,1.25,91.71,1.07,67.13,17.42,0.0,0.0,11.22,2.09,0.27,25.43
2413557,Serrinha dos Pintos,RN,1681,97.44,2.38,0.3,2.08,97.2,0.24,81.74,6.48,1.61,0.18,0.54,0.65,2.74,15.17
2413607,Severiano Melo,RN,1983,61.78,35.91,9.68,26.22,48.41,0.2,88.5,1.01,0.05,0.0,6.71,1.11,0.76,9.43
2413706,Sítio Novo,RN,1673,50.69,47.1,29.47,17.63,50.15,0.36,73.1,0.48,0.0,0.12,19.73,4.24,0.0,25.34
2413805,Taboleiro Grande,RN,824,33.01,64.44,24.15,40.29,22.45,1.21,83.74,2.55,1.21,0.0,5.1,0.85,4.49,15.78
2413904,Taipu,RN,3643,68.19,30.85,16.83,14.03,54.98,0.05,66.79,17.54,0.63,0.47,5.76,6.15,1.04,26.38
2414001,Tangará,RN,4485,19.0,76.37,54.67,21.69,16.43,0.11,95.23,0.13,0.02,0.0,2.68,0.2,0.04,4.46
2414100,Tenente Ananias,RN,3396,59.66,35.1,29.86,5.24,40.02,2.21,80.12,6.04,1.77,0.06,1.94,3.18,5.21,18.52
2414159,Tenente Laurentino Cruz,RN,1977,91.05,7.84,5.36,2.48,90.79,0.25,84.93,9.26,0.35,0.05,2.58,0.56,0.0,12.75
2414209,Tibau do Sul,RN,5985,53.92,45.73,23.32,22.41,53.05,0.2,77.38,20.97,0.74,0.05,0.02,0.0,0.0,13.13
2414308,Timbaúba dos Batistas,RN,844,7.58,88.03,26.9,61.14,6.64,0.24,85.78,3.79,0.12,0.0,3.67,0.47,6.04,14.22
2414407,Touros,RN,10430,55.57,42.4,11.67,30.73,52.22,0.28,84.63,9.9,0.32,0.04,3.84,0.48,0.07,7.81
2414456,Triunfo Potiguar,RN,1128,70.12,19.68,14.27,5.41,64.45,5.5,77.39,2.48,2.39,0.0,1.15,8.24,5.67,20.57
2414506,Umarizal,RN,3696,53.92,45.67,5.17,40.5,53.52,0.3,86.28,4.09,2.08,0.11,2.14,1.41,2.27,13.1
2414605,Upanema,RN,4678,60.69,38.99,17.21,21.78,52.63,0.88,71.7,18.26,1.65,0.02,5.52,0.6,1.05,18.28
2414704,Várzea,RN,1810,85.14,13.7,11.1,2.6,65.47,0.39,85.41,3.43,1.27,0.0,7.62,0.17,0.44,13.7
2414753,Venha-Ver,RN,1017,91.05,8.75,6.49,2.26,89.38,1.18,67.35,7.37,0.79,0.79,18.19,4.13,1.28,31.37
2414803,Vera Cruz,RN,3553,76.27,16.35,2.22,14.13,71.32,0.23,77.37,11.79,2.42,0.14,4.0,0.28,0.0,18.94
2414902,Viçosa,RN,636,3.14,96.86,95.13,1.73,3.14,0.0,95.6,1.26,1.73,0.31,0.63,0.0,0.0,3.46
2415008,Vila Flor,RN,987,83.99,15.81,4.66,11.14,83.49,0.51,91.59,6.99,0.0,0.0,0.0,0.0,0.1,7.19
2500106,Água Branca,PB,3267,35.08,62.81,36.67,26.14,27.82,5.11,60.54,8.08,3.92,0.0,20.57,2.08,3.92,37.28
2500205,Aguiar,PB,1836,50.33,48.37,45.37,3.0,27.29,7.95,55.17,4.96,19.55,0.05,4.03,5.94,9.91,44.12
2500304,Alagoa Grande,PB,8782,36.01,59.9,49.41,10.49,29.91,0.34,75.63,7.34,1.73,0.68,1.75,7.87,3.38,21.57
2500403,Alagoa Nova,PB,6993,34.08,63.15,41.71,21.44,18.68,1.66,39.48,9.7,14.04,0.94,8.74,19.43,3.75,57.94
2500502,Alagoinha,PB,4425,71.25,27.59,15.01,12.59,52.56,0.16,72.43,15.66,0.14,0.34,2.89,5.76,2.55,21.45
2500536,Alcantil,PB,1999,67.13,26.46,4.55,21.91,64.18,0.9,0.0,2.6,0.2,0.0,74.24,19.41,1.65,96.8
2500577,Algodão de Jandaíra,PB,968,84.19,15.5,15.39,0.1,72.83,2.79,0.0,1.34,0.0,0.0,92.77,5.79,0.1,100.0
2500601,Alhandra,PB,7140,75.92,22.94,12.02,10.92,68.24,0.71,85.04,8.89,4.41,0.41,0.06,0.07,0.67,12.76
2500700,São João do Rio do Peixe,PB,6317,42.82,55.26,35.3,19.96,34.38,1.65,44.07,41.71,3.06,0.25,1.77,3.91,3.31,52.24
2500734,Amparo,PB,792,43.81,55.43,26.01,29.42,38.01,0.38,68.69,15.15,0.51,0.63,12.75,1.26,0.63,28.41
2500775,Aparecida,PB,2693,53.55,44.08,16.71,27.37,44.04,2.67,64.05,22.95,7.61,0.0,1.75,2.38,0.89,31.82
2500809,Araçagi,PB,5694,87.51,10.54,8.08,2.46,75.48,0.58,68.07,10.78,4.44,0.11,5.88,3.39,6.02,28.54
2500908,Arara,PB,4333,27.86,70.41,65.11,5.31,19.06,0.81,44.31,2.08,0.74,0.05,35.8,15.74,0.69,26.68
2501005,Araruna,PB,5768,42.04,55.81,37.64,18.17,40.14,0.85,32.63,5.01,10.87,0.21,8.22,40.57,0.54,58.01
2501104,Areia,PB,7361,42.98,54.68,37.13,17.55,38.54,1.01,65.19,5.3,13.68,2.38,4.16,5.87,2.08,34.22
2501153,Areia de Baraúnas,PB,673,42.5,41.01,39.52,1.49,33.73,2.53,52.9,3.86,0.3,1.04,25.85,11.74,1.04,41.01
2501203,Areial,PB,2469,37.87,61.73,56.42,5.31,36.86,0.57,27.01,0.53,1.86,0.2,2.35,59.09,1.09,55.53
2501302,Aroeiras,PB,6588,65.53,31.47,26.43,5.04,47.39,2.31,27.93,0.44,0.09,0.0,10.11,52.91,7.24,65.15
2501351,Assunção,PB,1395,35.63,62.51,41.79,20.72,34.27,0.43,61.08,2.94,0.07,0.0,30.97,1.86,0.72,34.91
2501401,Baía da Traição,PB,2794,83.18,15.21,1.29,13.92,81.35,0.82,97.64,1.83,0.04,0.04,0.0,0.07,0.21,0.86
2501500,Bananeiras,PB,7524,80.04,18.67,5.44,13.24,65.4,1.99,27.63,21.84,19.58,2.51,10.98,12.2,3.1,59.95
2501534,Baraúna,PB,1729,41.64,57.43,51.65,5.78,40.54,0.29,0.46,0.17,0.17,0.06,84.56,12.67,0.69,98.03
2501575,Barra de Santana,PB,2938,74.57,15.32,7.96,7.35,55.65,2.38,5.65,2.52,0.03,0.1,50.17,36.83,2.35,89.14
2501609,Barra de Santa Rosa,PB,4843,33.45,63.84,58.79,5.06,22.3,3.72,56.56,1.05,0.04,0.1,20.26,19.29,0.91,41.38
2501708,Barra de São Miguel,PB,2105,79.05,20.62,12.49,8.12,69.5,0.19,60.33,12.11,0.0,0.0,15.34,4.61,5.99,23.33
2501807,Bayeux,PB,28049,51.48,47.89,19.55,28.34,36.63,0.06,96.97,1.81,0.56,0.0,0.01,0.02,0.03,1.73
2501906,Belém,PB,5838,17.44,80.88,75.93,4.95,10.4,0.38,84.4,4.06,0.89,0.22,0.94,4.57,1.99,14.82
2502003,Belém do Brejo do Cruz,PB,2107,16.33,80.64,58.38,22.26,13.0,0.71,55.62,2.04,1.19,0.24,33.93,0.66,6.07,40.86
2502052,Bernardino Batista,PB,1124,4.8,93.86,0.36,93.51,2.58,1.69,79.54,4.72,2.14,0.36,8.19,1.87,1.6,9.16
2502102,Boa Ventura,PB,1733,37.45,57.41,31.39,26.02,29.49,2.37,68.15,23.72,1.9,0.0,2.19,0.29,2.37,23.6
2502151,Boa Vista,PB,2150,21.58,71.95,30.51,41.44,17.12,0.37,62.98,1.58,0.05,0.05,32.79,1.02,0.6,36.93
2502201,Bom Jesus,PB,805,85.84,9.57,8.57,0.99,83.85,0.62,63.73,23.23,0.87,0.0,1.37,0.0,5.96,18.63
2502300,Bom Sucesso,PB,1725,28.7,70.49,35.59,34.9,12.06,0.23,52.75,20.87,17.74,0.0,4.29,0.17,2.14,44.46
2502409,Bonito de Santa Fé,PB,3349,30.34,68.2,64.32,3.88,24.51,2.99,74.38,2.06,0.27,0.0,12.27,2.39,7.46,23.26
2502508,Boqueirão,PB,5966,26.1,73.05,62.09,10.96,14.3,0.3,78.28,1.21,0.02,0.02,9.67,0.54,9.27,20.48
2502607,Igaracy,PB,2022,46.09,52.92,44.91,8.01,39.02,1.29,79.33,11.33,1.78,0.1,1.53,1.68,3.17,16.96
2502706,Borborema,PB,1393,29.58,66.76,62.46,4.31,15.51,0.14,60.37,24.55,2.3,1.08,0.43,0.36,9.83,19.74
2502805,Brejo do Cruz,PB,4646,14.74,82.01,77.03,4.97,8.24,5.36,78.39,2.48,2.56,0.02,4.2,0.67,8.91,20.81
2502904,Brejo dos Santos,PB,1982,6.96,92.68,24.77,67.91,2.42,1.26,81.99,6.46,2.72,0.0,6.96,0.5,0.81,17.31
2503001,Caaporã,PB,6834,60.4,38.73,16.62,22.11,58.05,0.25,86.57,9.23,1.67,0.1,0.51,0.31,0.2,7.65
2503100,Cabaceiras,PB,1877,42.41,57.49,33.08,24.4,30.1,0.16,42.19,37.56,3.3,0.69,10.87,0.21,3.84,55.67
2503209,Cabedelo,PB,22773,34.53,65.1,24.83,40.27,30.75,0.06,98.8,0.83,0.07,0.01,0.0,0.0,0.0,0.38
2503308,Cachoeira dos Índios,PB,3132,72.09,24.71,20.59,4.12,68.42,1.09,45.15,40.04,10.09,0.06,0.73,0.8,2.46,47.35
2503407,Cacimba de Areia,PB,1128,35.55,60.55,32.62,27.93,7.89,0.18,51.06,20.21,0.71,0.0,13.48,2.75,10.73,43.26
2503506,Cacimba de Dentro,PB,5426,63.38,35.37,20.55,14.82,58.99,0.87,47.36,1.4,2.32,0.11,5.68,39.88,1.12,42.63
2503555,Cacimbas,PB,2291,38.5,55.39,35.01,20.38,28.72,9.6,27.41,2.58,0.74,0.04,46.31,20.56,0.92,53.6
2503605,Caiçara,PB,2258,35.96,63.02,59.21,3.81,33.22,0.49,74.8,0.58,0.0,0.0,4.16,18.47,0.44,24.67
2503704,Cajazeiras,PB,22352,22.5,76.71,53.67,23.04,20.12,0.71,83.03,11.13,1.54,0.07,0.91,0.34,2.48,15.35
2503753,Cajazeirinhas,PB,883,51.3,46.32,27.18,19.14,41.22,3.51,66.14,3.4,1.36,0.11,14.38,2.15,11.66,32.84
2503803,Caldas Brandão,PB,2015,90.67,8.29,3.52,4.76,84.12,0.05,82.48,3.03,0.05,0.15,8.83,3.37,0.74,17.02
2503902,Camalaú,PB,2423,57.57,36.73,25.71,11.02,45.48,5.86,58.03,4.54,0.87,0.21,23.57,1.4,8.21,40.2
2504009,Campina Grande,PB,147149,6.83,91.89,87.51,4.38,4.35,0.05,98.0,0.3,0.05,0.02,0.75,0.34,0.07,1.59
2504033,Capim,PB,2194,93.85,5.93,5.01,0.91,93.53,0.09,36.55,8.02,53.56,0.23,1.6,0.0,0.0,57.25
2504074,Caraúbas,PB,1453,49.48,50.38,50.17,0.21,24.36,2.62,55.26,12.73,0.69,0.0,24.91,2.13,3.58,23.95
2504108,Carrapateira,PB,754,69.23,26.53,9.81,16.71,67.9,0.8,70.69,3.85,1.19,0.0,1.33,0.4,22.02,26.13
2504157,Casserengue,PB,2412,46.43,51.33,46.68,4.64,29.81,1.78,22.55,0.08,0.0,0.0,51.0,21.06,1.7,59.87
2504207,Catingueira,PB,1452,60.26,39.39,38.71,0.69,56.82,0.69,64.19,19.49,0.28,0.14,3.31,4.27,7.85,35.12
2504306,Catolé do Rocha,PB,10631,21.85,75.71,53.9,21.81,20.51,0.74,75.9,5.71,6.02,0.0,9.46,1.52,0.92,21.12
2504355,Caturité,PB,1802,71.92,25.58,12.38,13.21,52.94,0.44,32.63,3.55,0.0,0.0,61.15,0.83,0.06,65.82
2504405,Conceição,PB,6227,43.5,55.55,41.74,13.81,34.69,2.54,62.31,19.85,5.22,0.06,3.9,0.8,6.18,34.96
2504504,Condado,PB,2275,36.44,61.93,48.97,12.97,23.52,2.37,78.29,9.45,4.88,0.0,2.33,1.49,2.55,20.44
2504603,Conde,PB,8966,63.34,35.94,1.9,34.04,59.48,0.54,52.65,42.62,2.44,0.69,0.16,0.12,0.61,40.26
2504702,Congo,PB,1869,23.01,70.63,66.56,4.07,14.71,0.54,79.35,4.44,0.27,0.21,6.37,0.54,8.08,11.45
2504801,Coremas,PB,5086,18.86,79.02,72.47,6.55,13.94,0.69,89.3,3.52,0.26,0.02,0.73,0.65,5.41,7.55
2504850,Coxixola,PB,734,49.86,40.6,39.1,1.5,34.2,0.41,85.83,11.31,0.0,0.0,1.63,0.41,0.68,9.54
2504900,Cruz do Espírito Santo,PB,5362,51.77,46.34,27.73,18.61,50.41,0.58,55.89,29.9,5.67,4.55,1.19,0.3,1.1,32.53
2505006,Cubati,PB,2627,30.83,66.96,37.57,29.39,25.92,0.72,64.71,0.91,0.3,0.19,22.38,7.04,1.45,33.73
2505105,Cuité,PB,6930,72.91,25.09,10.79,14.3,70.14,1.73,1.0,38.31,0.75,0.01,41.4,11.62,0.19,91.26
2505204,Cuitegi,PB,2198,57.6,41.77,27.93,13.83,37.03,0.18,91.31,3.0,0.27,0.0,3.69,0.32,0.18,7.96
2505238,Cuité de Mamanguape,PB,2102,95.43,1.57,0.57,1.0,90.06,0.81,48.67,10.89,13.99,1.19,18.36,1.52,0.62,46.81
2505279,Curral de Cima,PB,1759,98.41,0.57,0.17,0.4,94.71,0.4,59.07,26.38,3.35,2.62,0.06,1.36,6.65,17.17
2505303,Curral Velho,PB,739,56.29,43.3,24.49,18.81,40.73,2.71,63.06,20.7,1.35,0.27,2.3,0.54,11.5,25.44
2505352,Damião,PB,1788,86.19,13.31,9.79,3.52,82.83,1.85,1.68,0.5,0.06,0.06,33.28,62.7,0.28,90.49
2505402,Desterro,PB,2842,53.69,42.89,42.61,0.28,43.98,1.9,60.1,3.06,0.25,0.14,26.28,4.01,5.07,35.54
2505501,Vista Serrana,PB,1197,48.71,48.71,33.42,15.29,38.43,3.76,58.48,34.25,3.68,0.0,0.92,1.34,1.09,40.94
2505600,Diamante,PB,2097,52.17,43.78,34.62,9.16,46.49,4.48,69.67,10.97,0.1,0.0,11.06,0.38,7.53,24.51
2505709,Dona Inês,PB,3581,78.16,20.72,12.09,8.63,63.08,7.26,0.47,1.37,5.08,0.25,23.12,63.78,3.91,91.04
2505808,Duas Estradas,PB,1166,46.23,53.0,35.51,17.5,42.71,0.26,78.73,3.0,0.26,0.0,6.43,3.52,5.06,19.64
2505907,Emas,PB,974,19.71,71.87,69.4,2.46,15.09,3.59,76.18,9.86,1.75,0.1,8.62,0.21,2.77,23.61
2506004,Esperança,PB,10821,27.52,71.28,58.93,12.35,22.87,0.52,16.68,0.7,0.74,0.59,49.03,25.91,1.68,50.47
2506103,Fagundes,PB,3784,75.69,16.78,13.56,3.22,69.08,1.08,45.11,7.06,0.95,0.34,4.36,34.38,4.81,53.7
2506202,Frei Martinho,PB,1085,31.89,68.11,66.91,1.2,26.73,0.09,65.99,3.59,2.95,0.0,11.24,0.46,14.29,33.36
2506251,Gado Bravo,PB,2749,85.38,2.18,2.15,0.04,65.48,3.49,0.4,1.38,0.04,0.04,36.78,57.44,2.62,94.65
2506301,Guarabira,PB,19743,20.87,78.52,65.0,13.53,16.14,0.1,92.74,3.45,0.34,0.03,0.31,0.29,1.43,5.2
2506400,Gurinhém,PB,4535,41.81,57.64,2.29,55.35,32.08,1.63,58.57,12.88,0.44,0.04,13.8,9.02,2.6,35.94
2506509,Gurjão,PB,1145,36.86,61.57,61.57,0.0,35.72,0.17,69.69,3.14,1.31,0.0,23.32,1.14,0.61,29.96
2506608,Ibiara,PB,2017,59.2,28.46,25.68,2.78,47.55,3.67,72.53,7.44,2.03,0.05,3.87,0.89,10.96,24.74
2506707,Imaculada,PB,3408,47.24,51.61,37.44,14.17,32.6,9.36,45.83,3.55,5.58,0.06,23.06,12.12,5.46,46.13
2506806,Ingá,PB,6077,75.93,21.11,8.49,12.62,64.08,0.77,69.13,11.16,1.42,0.36,3.26,11.17,1.43,27.97
2506905,Itabaiana,PB,8292,60.6,38.07,28.35,9.72,44.14,0.3,75.43,4.98,5.19,0.12,4.17,5.58,1.33,20.44
2507002,Itaporanga,PB,8186,17.68,80.42,64.73,15.69,15.53,1.16,75.23,15.44,1.5,0.07,1.44,0.23,5.01,22.05
2507101,Itapororoca,PB,6058,83.05,16.04,12.68,3.37,77.78,0.23,53.62,28.13,4.23,2.91,7.48,0.3,2.26,30.32
2507200,Itatuba,PB,3484,71.87,26.06,25.34,0.72,63.06,0.8,61.77,11.22,0.2,0.03,0.75,10.28,12.14,37.11
2507309,Jacaraú,PB,4970,70.42,28.69,9.11,19.58,67.89,0.87,70.93,6.04,5.39,3.76,8.69,1.35,2.01,23.08
2507408,Jericó,PB,2518,41.7,57.03,41.9,15.13,34.11,2.03,62.19,24.5,5.72,0.04,4.41,0.44,1.35,30.26
2507507,João Pessoa,PB,296249,10.01,89.77,70.33,19.44,8.23,0.02,93.51,5.94,0.22,0.01,0.01,0.02,0.01,2.94
2507606,Juarez Távora,PB,2799,85.07,13.61,11.4,2.22,78.99,0.82,69.1,15.15,0.36,0.0,5.0,5.25,1.5,28.94
2507705,Juazeirinho,PB,5410,40.18,58.45,46.95,11.5,33.4,3.05,50.04,1.85,0.15,0.02,27.97,14.25,1.83,48.71
2507804,Junco do Seridó,PB,2324,33.61,65.23,62.56,2.67,30.98,0.69,6.5,19.54,0.82,0.26,46.0,0.17,0.22,92.3
2507903,Juripiranga,PB,3316,72.04,26.87,22.5,4.37,60.89,0.66,76.66,5.82,4.76,0.18,0.78,0.36,0.48,18.94
2508000,Juru,PB,3208,44.83,52.03,48.53,3.49,33.6,1.09,62.03,20.92,1.84,0.03,5.3,4.27,4.89,34.26
2508109,Lagoa,PB,1488,57.53,42.14,32.33,9.81,43.62,4.77,56.59,14.31,13.71,0.13,8.33,5.38,0.87,41.33
2508208,Lagoa de Dentro,PB,2630,77.57,21.9,12.17,9.73,75.67,0.3,44.37,10.95,0.84,0.3,13.8,12.93,15.25,52.24
2508307,Lagoa Seca,PB,9172,47.09,49.75,35.0,14.75,43.95,0.25,56.37,9.81,2.41,0.32,10.24,17.89,1.22,40.62
2508406,Lastro,PB,973,40.18,52.21,8.22,43.99,24.97,4.73,47.79,10.48,8.12,0.0,13.05,4.83,9.46,49.23
2508505,Livramento,PB,2420,41.57,55.12,38.18,16.94,31.86,1.45,54.26,8.02,2.89,0.0,14.79,7.4,10.54,44.55
2508554,Logradouro,PB,1537,35.26,64.48,35.72,28.76,30.77,0.07,70.2,0.2,0.0,0.0,21.47,6.25,0.91,29.08
2508604,Lucena,PB,3928,40.81,58.76,1.37,57.38,38.29,0.15,73.04,15.22,10.01,0.13,0.74,0.13,0.18,23.09
2508703,Mãe d'Água,PB,1323,34.16,62.96,54.27,8.69,21.69,7.33,66.06,9.07,5.37,0.0,10.58,5.82,2.49,29.48
2508802,Malta,PB,2053,12.42,86.75,83.58,3.17,6.87,0.05,89.09,6.43,0.1,0.0,2.53,0.0,1.36,10.81
2508901,Mamanguape,PB,14486,56.29,42.1,19.8,22.3,52.4,0.61,63.27,18.41,13.01,0.31,2.19,0.08,1.23,32.72
2509008,Manaíra,PB,3577,64.52,30.86,30.58,0.28,59.52,2.82,65.42,5.2,6.35,0.14,8.19,8.83,4.33,34.13
2509057,Marcação,PB,2762,36.53,62.13,2.39,59.74,34.47,0.94,71.83,27.3,0.25,0.0,0.18,0.0,0.14,11.08
2509107,Mari,PB,7354,88.44,11.16,1.54,9.63,87.88,0.2,62.5,5.58,28.16,0.11,0.37,0.23,0.42,32.92
2509156,Marizópolis,PB,2208,55.16,43.93,39.4,4.53,49.5,0.14,89.86,3.22,0.0,0.0,1.9,3.53,0.63,6.79
2509206,Massaranduba,PB,4859,74.25,24.31,21.32,2.98,63.08,0.29,59.37,1.48,0.72,0.78,3.29,29.04,4.01,38.38
2509305,Mataraca,PB,2680,49.4,48.77,2.39,46.38,46.87,0.67,95.0,3.47,0.63,0.19,0.22,0.04,0.22,2.84
2509339,Matinhas,PB,1488,18.62,79.5,10.69,68.82,9.54,1.21,18.21,7.73,3.97,1.28,17.14,44.09,6.25,80.38
2509370,Mato Grosso,PB,826,46.85,53.15,51.94,1.21,37.17,2.91,46.85,22.52,20.46,0.12,7.26,0.97,1.33,52.3
2509396,Maturéia,PB,2305,43.47,55.88,42.47,13.41,41.3,1.43,40.69,4.21,5.68,0.04,33.49,8.72,1.91,40.39
2509404,Mogeiro,PB,4796,71.46,27.46,4.21,23.25,64.51,1.86,33.34,13.74,3.5,0.21,4.13,30.46,12.2,60.88
2509503,Montadas,PB,1951,44.54,55.15,50.23,4.92,44.08,0.31,28.7,0.1,0.21,0.05,26.76,42.44,0.1,62.63
2509602,Monte Horebe,PB,1573,16.34,81.12,66.82,14.3,10.43,1.72,62.49,15.0,0.89,0.13,9.66,1.91,7.12,36.68
2509701,Monteiro,PB,12129,24.22,72.94,61.03,11.91,18.78,1.88,63.43,18.17,1.24,0.1,7.79,4.55,2.42,33.39
2509800,Mulungu,PB,3036,74.77,23.75,11.2,12.55,67.13,1.71,64.79,7.67,5.27,0.03,3.33,5.76,11.46,32.81
2509909,Natuba,PB,3082,67.26,21.22,18.14,3.08,56.75,2.01,43.8,2.14,3.89,7.14,24.37,10.8,6.39,55.48
2510006,Nazarezinho,PB,2524,52.26,45.96,24.96,21.0,32.77,4.24,51.19,31.46,3.09,0.12,3.65,1.03,7.61,47.9
2510105,Nova Floresta,PB,3577,97.4,2.21,0.92,1.29,96.67,0.17,2.54,83.56,2.1,0.03,6.12,2.01,0.06,88.48
2510204,Nova Olinda,PB,1970,73.55,20.2,8.73,11.47,61.83,0.41,64.47,31.37,0.0,0.05,2.08,0.91,0.25,34.42
2510303,Nova Palmeira,PB,1544,34.72,62.63,61.92,0.71,29.21,0.52,43.07,4.4,0.45,0.13,42.81,5.96,2.2,52.2
2510402,Olho d'Água,PB,2039,42.72,53.56,52.67,0.88,28.0,10.89,64.54,18.64,0.25,0.15,5.89,2.16,7.6,34.97
2510501,Olivedos,PB,1286,38.57,58.01,41.37,16.64,37.01,1.17,54.59,0.16,0.08,0.08,26.52,14.62,2.49,44.71
2510600,Ouro Velho,PB,1120,24.91,74.64,29.2,45.45,12.5,1.16,63.21,26.25,0.54,0.27,5.36,1.16,0.0,36.43
2510659,Parari,PB,644,43.32,53.11,21.89,31.21,39.91,0.78,39.29,27.33,0.16,0.0,23.91,6.37,1.09,56.68
2510709,Passagem,PB,860,28.72,60.0,57.67,2.33,9.88,0.58,71.28,4.19,1.05,0.0,14.07,3.14,3.49,27.91
2510808,Patos,PB,36246,6.42,92.27,82.61,9.66,3.65,0.12,94.95,2.64,0.09,0.01,0.58,0.21,0.9,4.06
2510907,Paulista,PB,4125,25.36,65.6,35.32,30.28,14.84,3.01,54.64,12.02,5.26,0.07,5.65,0.32,21.62,35.49
2511004,Pedra Branca,PB,1269,48.94,47.52,47.52,0.0,44.44,2.92,73.92,19.86,1.26,0.0,0.47,0.71,3.47,25.69
2511103,Pedra Lavrada,PB,2479,57.48,41.99,41.83,0.16,47.88,1.13,45.38,2.94,0.08,0.0,36.59,10.37,3.43,54.34
2511202,Pedras de Fogo,PB,9752,62.6,35.61,18.07,17.55,59.83,0.74,42.33,31.57,21.15,1.33,0.69,0.09,0.77,49.34
2511301,Piancó,PB,5638,40.51,57.61,42.37,15.24,33.42,2.18,65.66,26.34,0.39,0.04,0.89,2.25,3.12,29.92
2511400,Picuí,PB,6560,30.11,67.3,63.2,4.1,23.22,0.59,44.19,3.98,1.08,0.06,42.26,6.23,0.52,45.96
2511509,Pilar,PB,4152,83.38,13.9,4.24,9.66,80.54,1.01,60.21,29.7,1.23,0.72,2.6,0.36,1.83,35.5
2511608,Pilões,PB,2084,83.35,10.75,9.45,1.3,69.39,0.86,30.85,33.3,15.45,2.21,4.89,1.01,3.02,65.98
2511707,Pilõezinhos,PB,1737,57.8,40.18,25.91,14.28,19.75,0.4,56.76,37.82,1.55,1.38,1.55,0.0,0.35,32.3
2511806,Pirpirituba,PB,3088,23.51,66.9,55.47,11.43,18.39,1.17,77.07,10.75,1.1,1.04,2.27,2.56,3.3,19.85
2511905,Pitimbu,PB,5403,63.96,32.74,6.87,25.87,60.87,0.52,67.54,23.06,6.27,1.09,0.31,0.11,0.93,22.51
2512002,Pocinhos,PB,5759,37.94,61.1,43.71,17.4,35.41,0.35,67.03,0.38,0.47,0.21,22.92,6.96,0.24,32.35
2512036,Poço Dantas,PB,1277,32.34,66.64,16.29,50.35,27.96,2.43,11.51,40.17,19.11,0.78,17.46,5.32,1.64,81.44
2512077,Poço de José de Moura,PB,1450,28.28,63.59,35.31,28.28,25.93,1.38,29.93,61.38,0.21,0.0,6.0,0.41,1.45,66.97
2512101,Pombal,PB,11299,17.95,79.8,69.78,10.03,13.45,1.0,85.08,3.64,1.34,0.04,2.27,0.89,6.39,14.63
2512200,Prata,PB,1428,44.89,52.45,40.27,12.18,39.71,0.42,64.08,20.31,0.21,0.0,12.39,0.98,0.7,34.73
2512309,Princesa Isabel,PB,7352,35.15,63.03,60.77,2.26,30.32,2.09,73.29,5.79,3.03,0.14,3.93,9.82,1.01,23.9
2512408,Puxinanã,PB,4802,72.22,26.8,10.91,15.89,66.72,0.19,61.89,3.04,0.06,0.0,4.98,28.26,1.06,36.11
2512507,Queimadas,PB,16565,36.17,62.76,47.15,15.62,30.38,0.31,73.75,0.63,0.02,0.02,21.98,2.2,0.26,25.75
2512606,Quixaba,PB,574,39.9,53.66,47.74,5.92,38.33,0.35,50.35,7.67,0.0,0.52,33.28,4.88,1.92,49.3
2512705,Remígio,PB,5974,23.23,74.89,66.54,8.35,16.79,1.36,8.12,2.06,2.64,0.4,64.96,19.5,0.49,30.42
2512721,Pedro Régis,PB,1948,97.43,1.59,0.87,0.72,96.41,0.31,60.37,11.24,1.08,2.72,12.73,2.46,4.98,36.6
2512747,Riachão,PB,1016,75.3,24.7,24.02,0.69,73.03,0.49,14.07,2.17,0.1,0.1,41.24,41.44,0.69,54.04
2512754,Riachão do Bacamarte,PB,1597,38.26,61.49,12.96,48.53,28.99,0.44,44.4,13.65,3.26,0.0,5.57,31.62,1.13,51.6
2512762,Riachão do Poço,PB,1597,98.56,0.19,0.0,0.19,97.5,0.88,9.52,86.29,0.63,0.0,2.32,0.5,0.63,32.12
2512788,Riacho de Santo Antônio,PB,657,40.18,59.82,47.95,11.87,30.44,0.76,0.3,3.35,0.0,0.0,88.89,3.2,0.0,96.65
2512804,Riacho dos Cavalos,PB,2832,47.49,44.35,42.37,1.98,32.77,2.19,43.08,23.16,6.96,0.04,10.13,3.92,6.6,46.05
2512903,Rio Tinto,PB,8204,32.08,66.82,17.1,49.72,30.7,0.44,75.76,19.71,3.43,0.05,0.1,0.13,0.6,15.85
2513000,Salgadinho,PB,1110,73.78,24.77,24.05,0.72,60.45,5.59,18.83,29.28,0.45,0.36,36.4,4.32,8.92,71.71
2513109,Salgado de São Félix,PB,4067,77.45,20.7,2.14,18.56,66.66,1.35,45.49,5.02,12.76,1.23,4.7,13.47,16.72,49.18
2513158,Santa Cecília,PB,2622,80.09,4.0,3.74,0.27,72.46,2.29,0.0,0.23,0.11,0.23,78.3,19.49,1.26,95.42
2513208,Santa Cruz,PB,2053,14.71,78.08,40.57,37.51,10.28,0.15,62.98,16.22,10.76,0.1,3.8,3.6,2.0,34.53
2513307,Santa Helena,PB,2078,35.66,60.3,45.81,14.49,34.07,0.77,61.16,31.18,3.03,0.05,1.25,0.43,1.15,38.07
2513356,Santa Inês,PB,1057,81.55,15.7,13.43,2.27,61.12,15.89,46.74,33.59,2.37,0.09,3.5,2.93,10.5,52.51
2513406,Santa Luzia,PB,5259,8.02,91.54,87.39,4.15,7.3,0.19,83.53,10.69,0.08,0.15,2.8,0.3,0.29,12.76
2513505,Santana de Mangueira,PB,1616,57.05,28.65,28.65,0.0,42.95,5.75,49.81,21.23,12.38,0.12,0.0,1.73,13.68,49.63
2513604,Santana dos Garrotes,PB,2301,68.36,28.68,16.12,12.56,54.72,2.39,59.76,33.16,1.26,0.09,1.09,2.35,1.74,19.47
2513653,Joca Claudino,PB,875,57.6,41.83,39.54,2.29,51.31,0.0,49.14,15.66,5.26,0.8,16.8,7.89,3.09,49.83
2513703,Santa Rita,PB,49517,57.61,41.98,7.23,34.75,55.05,0.2,85.37,11.43,1.57,0.12,0.04,0.02,0.12,11.6
2513802,Santa Teresinha,PB,1486,26.18,72.95,55.32,17.63,23.22,0.54,59.76,28.06,0.94,0.0,2.56,1.95,6.06,38.96
2513851,Santo André,PB,997,69.91,27.88,0.5,27.38,58.88,1.81,26.08,12.64,0.7,0.0,35.11,12.74,11.74,67.7
2513901,São Bento,PB,10940,18.05,81.17,74.25,6.92,5.23,0.68,82.49,3.12,0.34,0.01,3.43,0.15,9.57,13.3
2513927,São Bentinho,PB,1491,21.66,77.73,57.61,20.12,13.21,1.81,73.04,16.36,0.4,0.0,5.1,1.74,2.82,16.57
2513943,São Domingos do Cariri,PB,920,42.17,56.52,42.83,13.7,29.67,0.11,62.5,26.09,0.11,0.11,4.24,0.11,6.41,31.85
2513968,São Domingos,PB,921,75.9,23.89,23.02,0.87,71.77,0.76,50.6,20.85,3.69,0.0,2.71,7.82,14.12,39.85
2513984,São Francisco,PB,1120,33.84,49.91,23.3,26.61,28.3,0.18,39.73,10.8,41.7,0.09,0.45,0.54,6.25,56.34
2514008,São João do Cariri,PB,1526,46.07,50.26,49.15,1.11,33.03,0.26,62.65,14.29,1.31,0.07,13.5,2.29,4.19,33.42
2514107,São João do Tigre,PB,1701,49.74,44.8,29.69,15.11,35.98,11.35,2.94,5.82,1.18,2.18,62.79,12.29,2.06,84.42
2514206,São José da Lagoa Tapada,PB,2529,70.11,25.82,17.91,7.91,49.15,6.8,48.52,24.12,6.25,0.0,4.55,2.89,12.26,48.79
2514305,São José de Caiana,PB,1675,39.04,56.96,10.03,46.93,32.54,3.16,67.4,5.25,0.06,0.06,2.63,0.96,21.85,31.76
2514404,São José de Espinharas,PB,1344,26.93,68.6,39.51,29.09,21.95,0.74,48.07,19.35,2.31,0.07,7.07,2.68,19.72,30.28
2514453,São José dos Ramos,PB,1956,96.52,2.04,0.1,1.94,94.48,0.36,42.28,31.85,1.79,0.56,11.2,6.75,4.35,52.81
2514503,São José de Piranhas,PB,6659,25.8,71.41,60.1,11.31,19.73,1.85,70.39,16.95,4.42,0.15,1.1,0.86,5.78,26.78
2514552,São José de Princesa,PB,1173,92.16,2.73,2.3,0.43,80.22,7.93,19.1,16.54,38.36,0.85,13.55,7.76,3.15,79.71
2514602,São José do Bonfim,PB,1100,36.91,55.18,52.82,2.36,34.64,0.64,59.82,28.45,1.91,0.0,3.55,1.0,3.18,35.73
2514651,São José do Brejo do Cruz,PB,542,11.62,87.08,56.09,31.0,6.09,0.37,74.72,2.58,0.0,0.0,11.62,1.29,8.12,23.25
2514701,São José do Sabugi,PB,1412,21.46,78.4,66.29,12.11,20.25,0.07,65.01,21.39,0.71,0.14,7.65,1.27,0.35,33.99
2514800,São José dos Cordeiros,PB,1288,47.83,51.09,47.05,4.04,31.99,1.16,60.09,13.66,0.31,0.0,22.98,1.63,1.01,39.52
2514909,São Mamede,PB,2673,18.29,81.22,78.75,2.47,16.42,0.11,81.37,9.02,0.94,0.04,3.4,1.46,3.22,17.58
2515005,São Miguel de Taipu,PB,2281,44.45,52.3,28.06,24.24,38.49,0.57,45.55,31.83,5.74,0.39,7.63,0.66,6.23,49.1
2515104,São Sebastião de Lagoa de Roça,PB,3764,46.55,52.92,41.66,11.26,42.88,1.12,48.67,2.31,3.29,0.29,4.04,38.63,2.1,50.5
2515203,São Sebastião do Umbuzeiro,PB,1260,38.81,56.27,53.33,2.94,31.35,3.97,50.63,26.59,0.08,0.0,15.95,4.52,0.95,35.08
2515302,Sapé,PB,16897,51.44,46.82,21.97,24.84,49.27,0.5,63.32,9.27,19.82,1.69,0.67,0.18,4.21,33.59
2515401,São Vicente do Seridó,PB,3405,82.35,16.15,0.23,15.92,80.94,1.12,39.0,2.82,0.12,0.38,36.45,13.07,1.09,59.77
2515500,Serra Branca,PB,5054,54.19,43.93,28.0,15.93,51.39,0.61,69.33,12.19,0.36,0.22,10.07,4.77,1.03,27.8
2515609,Serra da Raiz,PB,1000,85.4,14.5,8.9,5.6,79.3,0.2,80.2,1.5,1.8,0.1,3.7,7.2,4.6,18.5
2515708,Serra Grande,PB,1046,17.97,78.97,41.49,37.48,12.52,0.48,78.68,0.86,0.76,0.1,5.45,1.24,12.33,14.44
2515807,Serra Redonda,PB,2430,64.61,34.07,28.27,5.8,46.79,0.49,56.75,2.59,1.93,0.41,1.89,29.22,6.75,37.45
2515906,Serraria,PB,1636,51.96,17.36,3.61,13.75,42.42,1.65,68.89,7.7,8.07,0.98,0.24,8.44,4.28,30.07
2515930,Sertãozinho,PB,1716,30.24,69.0,46.45,22.55,25.06,0.29,81.12,9.5,0.52,0.0,2.56,2.45,2.86,17.07
2515971,Sobrado,PB,2762,84.4,14.55,7.02,7.53,82.11,0.29,58.15,37.91,2.43,0.47,0.76,0.14,0.04,28.49
2516003,Solânea,PB,9096,45.1,52.31,6.63,45.68,39.16,0.74,56.21,11.21,2.32,0.63,14.89,8.42,1.14,38.74
2516102,Soledade,PB,4780,24.64,74.69,64.85,9.83,21.36,0.56,74.44,1.3,0.13,0.4,14.92,5.98,1.46,24.94
2516151,Sossêgo,PB,1160,23.88,68.97,42.84,26.12,23.1,0.26,0.0,1.81,0.09,0.09,90.95,3.1,0.78,99.66
2516201,Sousa,PB,22551,15.11,82.71,76.42,6.29,9.53,0.59,86.64,9.75,0.51,0.09,0.61,0.58,1.24,8.92
2516300,Sumé,PB,6633,23.84,75.49,57.42,18.06,20.55,0.47,76.21,12.41,0.26,0.02,4.78,1.81,3.32,21.29
2516409,Tacima,PB,2728,64.74,32.55,17.41,15.14,56.56,1.47,18.22,1.91,0.11,0.26,42.82,32.18,3.34,54.0
2516508,Taperoá,PB,4973,21.86,75.13,63.88,11.24,8.43,1.69,67.1,5.33,1.53,0.06,13.71,2.77,6.84,32.05
2516607,Tavares,PB,4796,65.55,32.92,32.57,0.35,57.36,0.35,66.56,7.74,2.15,0.13,3.4,16.66,3.11,28.11
2516706,Teixeira,PB,5027,50.77,47.42,40.02,7.4,46.69,1.63,58.66,1.09,1.39,0.16,25.26,8.22,2.57,37.82
2516755,Tenório,PB,1076,76.12,23.7,0.0,23.7,73.98,0.84,0.0,3.81,0.09,0.09,63.29,6.41,0.09,91.17
2516805,Triunfo,PB,3172,34.49,61.98,30.2,31.78,29.6,1.2,43.51,44.51,2.33,0.35,4.0,2.93,0.54,53.06
2516904,Uiraúna,PB,5096,18.29,79.51,64.54,14.97,14.09,0.63,68.72,16.92,2.3,0.02,7.71,1.59,2.1,27.04
2517001,Umbuzeiro,PB,2998,45.06,41.56,28.25,13.31,20.45,1.33,25.25,1.0,1.27,0.3,37.36,28.79,2.0,73.58
2517100,Várzea,PB,991,25.03,74.67,73.36,1.31,21.7,0.61,77.09,9.28,0.1,0.0,9.08,2.93,1.11,22.7
2517209,Vieirópolis,PB,1622,52.9,43.59,2.03,41.55,46.24,1.17,28.55,29.53,1.79,6.23,10.6,2.65,6.29,50.92
2517407,Zabelê,PB,835,36.17,63.59,53.65,9.94,23.59,3.11,67.9,21.56,0.24,0.0,8.5,1.44,0.24,22.51
2600054,Abreu e Lima,PE,34672,49.05,50.27,37.11,13.16,42.54,0.16,84.86,9.81,3.74,0.07,0.37,0.16,0.03,12.76
2600104,Afogados da Ingazeira,PE,14825,21.69,76.58,69.81,6.77,18.06,0.82,81.54,9.7,1.32,0.07,1.85,2.83,1.55,15.78
2600203,Afrânio,PE,5813,44.57,47.98,21.13,26.85,39.67,2.0,43.63,0.83,0.05,0.12,47.94,0.62,5.76,51.13
2600302,Agrestina,PE,8551,25.37,73.89,71.42,2.47,21.37,0.33,85.51,1.56,0.33,1.37,3.61,3.33,3.25,12.97
2600401,Água Preta,PE,8781,47.39,51.67,48.33,3.34,37.08,1.84,61.51,13.42,19.02,3.84,0.27,0.01,1.33,36.18
2600500,Águas Belas,PE,13433,38.52,57.22,45.51,11.7,26.19,4.46,33.51,0.61,0.46,5.13,33.66,12.71,1.42,50.55
2600609,Alagoinha,PE,4882,28.8,69.21,50.41,18.8,24.29,1.13,41.68,1.5,0.84,0.37,24.81,17.19,5.53,53.54
2600708,Aliança,PE,12258,34.43,65.11,54.1,11.01,29.47,0.51,80.51,5.78,6.61,0.55,2.1,0.65,0.74,16.47
2600807,Altinho,PE,7896,33.35,62.16,58.93,3.23,18.21,2.67,71.57,0.15,0.52,4.91,5.56,10.68,5.67,24.34
2600906,Amaraji,PE,6408,29.45,68.95,63.25,5.7,14.03,0.2,77.4,2.23,8.77,6.84,0.0,0.05,4.1,22.0
2601003,Angelim,PE,3476,26.58,72.61,57.88,14.73,21.81,0.52,69.48,8.72,1.87,9.44,5.96,3.19,0.49,26.38
2601052,Araçoiaba,PE,6292,82.79,13.16,5.59,7.57,79.48,0.48,41.02,13.08,33.41,0.24,3.42,0.16,0.52,53.83
2601102,Araripina,PE,27498,44.5,52.39,42.57,9.82,34.15,7.02,49.95,1.48,0.81,0.06,40.19,3.49,1.66,47.48
2601201,Arcoverde,PE,27693,6.97,92.07,86.06,6.02,5.02,0.42,85.7,0.47,0.12,0.05,7.57,1.24,1.26,11.53
2601300,Barra de Guabiraba,PE,4052,35.76,63.75,62.64,1.11,17.47,0.12,85.0,2.15,7.7,3.78,0.0,0.05,0.99,14.29
2601409,Barreiros,PE,13356,21.16,78.01,67.71,10.29,13.75,0.46,79.09,12.42,6.21,0.21,0.01,0.1,0.34,17.92
2601508,Belém de Maria,PE,3410,28.45,70.65,62.05,8.59,17.01,0.59,64.81,14.84,11.09,2.64,0.06,0.23,0.82,33.93
2601607,Belém do São Francisco,PE,5621,36.61,53.9,49.07,4.84,20.0,11.9,72.75,0.46,0.02,0.02,11.42,0.87,13.15,26.38
2601706,Belo Jardim,PE,29197,18.61,80.06,74.49,5.57,7.39,0.94,88.46,0.63,0.85,1.43,5.26,1.58,0.92,10.46
2601805,Betânia,PE,3774,32.06,60.55,30.58,29.97,16.03,4.35,45.18,33.86,2.2,0.26,12.27,2.25,0.98,46.56
2601904,Bezerros,PE,23798,18.51,80.54,71.42,9.12,10.01,0.22,77.28,0.51,0.69,0.47,15.36,1.87,1.76,18.87
2602001,Bodocó,PE,11130,56.69,40.65,28.86,11.79,38.35,12.1,40.66,7.43,1.16,0.54,29.34,11.79,5.9,54.75
2602100,Bom Conselho,PE,15188,29.21,66.89,57.25,9.65,18.54,2.29,60.32,2.88,3.96,5.36,14.5,6.27,4.18,35.78
2602209,Bom Jardim,PE,13250,74.05,24.47,17.22,7.25,58.78,0.22,48.52,9.47,6.26,1.09,13.97,17.61,2.05,40.72
2602308,Bonito,PE,13257,22.31,76.67,67.62,9.05,12.07,0.5,77.62,1.12,5.96,8.46,0.83,0.45,4.11,21.17
2602407,Brejão,PE,3049,47.43,49.52,27.55,21.97,46.61,0.43,61.56,17.05,10.92,0.33,2.39,2.0,1.9,25.68
2602506,Brejinho,PE,2882,28.94,68.88,46.67,22.21,24.46,3.54,51.7,10.44,0.69,0.0,7.56,14.71,13.53,38.72
2602605,Brejo da Madre de Deus,PE,17173,27.16,70.57,63.01,7.56,17.44,2.22,35.78,4.75,3.24,1.41,42.78,1.68,3.16,59.51
2602704,Buenos Aires,PE,4424,75.23,22.22,16.43,5.79,67.52,1.4,74.53,9.58,8.75,0.59,4.34,0.41,0.95,21.7
2602803,Buíque,PE,17119,59.87,34.98,29.51,5.47,43.27,7.86,34.63,19.39,5.7,1.41,9.19,16.85,6.45,61.27
2602902,Cabo de Santo Agostinho,PE,71735,20.79,78.87,49.44,29.43,12.09,0.16,80.87,14.75,3.27,0.2,0.07,0.06,0.07,16.64
2603009,Cabrobó,PE,9997,18.71,78.71,69.87,8.84,8.31,1.52,89.5,0.46,0.02,0.2,4.99,0.24,2.79,8.84
2603108,Cachoeirinha,PE,7317,18.14,80.4,78.26,2.15,12.15,1.09,79.76,1.05,0.52,0.23,11.07,3.83,1.65,18.2
2603207,Caetés,PE,9272,46.89,44.45,29.41,15.03,38.77,1.81,21.74,1.39,0.59,0.26,47.31,23.59,2.24,75.82
2603306,Calçado,PE,3765,57.26,42.18,38.14,4.04,51.1,0.58,30.15,17.24,0.93,0.37,33.44,13.65,1.41,68.18
2603405,Calumbi,PE,1795,45.63,46.85,36.55,10.31,28.69,0.33,66.96,14.37,11.7,0.11,2.23,1.23,2.34,31.87
2603454,Camaragibe,PE,53357,39.88,59.22,35.61,23.61,29.42,0.04,66.92,15.77,14.76,0.18,1.26,0.26,0.04,24.92
2603504,Camocim de São Félix,PE,6305,15.53,83.73,78.91,4.82,13.89,0.21,74.89,2.54,2.28,1.89,5.28,0.32,1.24,19.9
2603603,Camutanga,PE,2555,70.49,25.91,9.51,16.4,43.29,1.02,73.97,7.59,7.44,1.06,0.86,2.54,2.86,23.44
2603702,Canhotinho,PE,7838,36.72,60.7,54.47,6.24,27.85,0.87,69.01,4.57,11.21,2.59,6.15,4.78,0.6,27.56
2603801,Capoeiras,PE,6031,49.11,45.58,36.05,9.53,23.99,1.84,34.57,2.67,0.88,0.18,14.96,38.5,5.44,62.13
2603900,Carnaíba,PE,6798,34.16,62.83,47.88,14.95,28.39,2.21,64.2,17.77,4.94,0.34,4.3,4.43,1.94,30.57
2603926,Carnaubeira da Penha,PE,3410,77.3,19.56,16.1,3.46,44.63,28.91,20.56,27.3,1.32,1.17,39.15,7.48,1.41,70.41
2604007,Carpina,PE,27652,64.55,34.71,4.22,30.49,62.06,0.08,76.12,10.24,5.67,0.14,6.63,0.25,0.21,16.23
2604106,Caruaru,PE,138486,12.45,86.6,81.59,5.01,6.78,0.2,87.27,0.57,0.14,0.35,8.27,1.27,0.85,9.99
2604155,Casinhas,PE,4210,85.11,12.04,11.16,0.88,67.93,1.47,24.77,1.85,0.02,0.86,21.64,47.29,2.28,71.78
2604205,Catende,PE,10858,33.16,65.33,62.06,3.28,14.09,0.99,79.32,6.68,5.56,4.16,0.06,0.04,3.27,16.26
2604304,Cedro,PE,3403,34.76,63.86,58.98,4.88,30.18,0.47,73.93,22.51,0.18,0.0,2.82,0.03,0.21,21.54
2604403,Chã de Alegria,PE,4384,28.95,70.05,30.77,39.28,22.42,1.94,45.85,27.65,6.02,1.73,15.6,0.91,0.11,36.18
2604502,Chã Grande,PE,7287,41.92,57.17,51.3,5.87,31.6,0.69,56.35,4.14,16.45,3.97,13.31,1.85,2.87,42.16
2604601,Condado,PE,8301,84.82,14.54,3.06,11.48,83.29,0.11,29.66,37.48,26.67,0.34,1.39,0.06,0.34,44.62
2604700,Correntes,PE,5159,27.62,68.97,60.3,8.66,16.82,0.64,66.16,1.8,8.99,8.28,2.23,0.45,8.84,29.79
2604809,Cortês,PE,3611,23.21,74.94,74.63,0.3,16.51,0.06,82.66,0.08,8.89,7.53,0.03,0.08,0.5,16.37
2604908,Cumaru,PE,5675,60.07,38.36,21.85,16.51,45.07,0.62,33.39,2.08,0.51,0.09,25.92,33.39,3.07,58.27
2605004,Cupira,PE,8469,9.82,89.1,87.8,1.3,3.44,0.14,93.78,0.09,0.2,1.0,1.23,0.8,1.56,4.92
2605103,Custódia,PE,13447,35.67,62.94,57.73,5.21,20.89,1.78,53.6,21.31,2.07,0.1,15.35,5.21,1.51,38.98
2605152,Dormentes,PE,5812,51.74,45.8,20.91,24.9,47.76,2.87,30.64,0.4,0.02,0.15,58.14,0.48,9.12,59.88
2605202,Escada,PE,21041,57.03,42.01,31.96,10.05,27.83,0.5,78.17,12.83,7.25,0.71,0.04,0.01,0.27,18.91
2605301,Exu,PE,10157,60.39,35.71,14.98,20.72,52.42,4.66,42.06,11.48,3.63,1.76,23.21,13.56,1.81,56.17
2605400,Feira Nova,PE,7693,44.43,54.54,31.54,23.01,43.09,0.17,71.08,10.18,5.07,0.23,9.88,0.91,0.73,24.46
2605459,Fernando de Noronha,PE,717,7.95,91.91,79.22,12.69,7.53,0.0,94.42,4.32,0.0,0.0,0.0,0.0,0.28,4.18
2605509,Ferreiros,PE,4937,34.21,65.28,53.43,11.85,30.93,0.73,76.56,5.57,1.68,0.69,8.73,1.88,2.01,20.11
2605608,Flores,PE,7520,51.78,42.86,34.34,8.52,43.82,2.1,49.83,29.88,3.68,0.19,7.01,4.59,2.11,45.53
2605707,Floresta,PE,9418,24.3,74.29,62.0,12.3,12.09,7.07,73.78,3.75,0.3,0.21,16.62,0.23,2.55,25.51
2605806,Frei Miguelinho,PE,5143,59.77,35.23,15.44,19.79,51.08,1.63,27.4,1.63,0.06,0.08,30.49,34.32,3.91,70.83
2605905,Gameleira,PE,6189,38.97,58.91,56.26,2.65,26.5,1.36,64.15,17.77,14.09,1.44,0.11,0.06,0.44,32.67
2606002,Garanhuns,PE,49029,18.82,80.52,59.57,20.94,17.02,0.29,85.87,6.15,2.13,0.54,2.81,0.53,0.22,11.96
2606101,Glória do Goitá,PE,10182,23.89,73.51,52.09,21.42,17.87,0.51,53.06,17.43,1.86,0.29,22.16,0.9,1.51,40.97
2606200,Goiana,PE,27962,40.09,58.53,28.42,30.11,34.5,0.41,47.03,37.45,12.7,0.52,0.67,0.11,0.24,46.7
2606309,Granito,PE,2257,33.94,60.57,39.88,20.69,29.86,2.79,53.17,8.46,2.7,0.0,17.63,9.66,6.16,44.57
2606408,Gravatá,PE,32074,29.8,68.03,60.21,7.82,17.62,0.65,83.61,1.57,3.47,1.63,5.7,0.5,2.49,15.43
2606507,Iati,PE,5674,55.46,40.32,35.78,4.55,47.29,3.26,22.22,5.02,1.6,1.62,42.42,19.53,0.78,39.83
2606606,Ibimirim,PE,8861,33.87,64.2,51.06,13.15,27.36,2.9,57.32,23.81,2.39,0.06,14.72,0.23,0.09,30.11
2606705,Ibirajuba,PE,2641,25.18,70.84,44.3,26.54,20.18,2.27,56.99,0.27,0.0,0.11,8.1,27.83,2.95,42.48
2606804,Igarassu,PE,40513,47.21,51.83,15.63,36.2,43.97,0.17,66.52,25.54,6.61,0.11,0.26,0.06,0.11,25.85
2606903,Iguaracy,PE,4054,47.51,49.16,45.24,3.92,39.42,3.01,51.53,30.24,0.67,0.05,7.75,5.77,2.32,45.17
2607000,Inajá,PE,7310,57.35,36.61,27.44,9.17,49.27,4.54,46.7,38.55,0.51,0.19,9.56,0.9,0.18,41.61
2607109,Ingazeira,PE,1692,27.01,64.48,42.32,22.16,20.33,0.95,46.99,33.39,2.3,0.06,9.87,1.95,3.72,45.45
2607208,Ipojuca,PE,33191,36.61,62.87,48.15,14.71,25.83,0.28,52.86,32.97,12.13,1.14,0.14,0.03,0.24,36.56
2607307,Ipubi,PE,9330,57.17,41.25,31.79,9.46,50.16,5.82,31.96,6.23,1.35,0.06,54.98,2.62,0.18,62.56
2607406,Itacuruba,PE,1344,16.52,82.51,74.55,7.96,5.95,5.06,78.42,0.07,0.0,0.0,12.87,0.22,7.07,20.46
2607505,Itaíba,PE,10727,56.19,40.69,32.07,8.62,36.09,10.35,49.5,0.2,0.05,0.08,18.3,26.36,4.04,49.11
2607604,Ilha de Itamaracá,PE,7778,82.6,16.6,2.3,14.3,76.37,0.22,66.73,16.53,15.12,0.21,0.37,0.22,0.0,26.59
2607653,Itambé,PE,11542,75.62,23.57,12.72,10.85,71.81,0.55,74.29,13.4,7.02,0.85,1.78,0.12,0.33,20.73
2607703,Itapetim,PE,5489,26.8,71.23,61.61,9.62,19.79,1.68,60.78,17.67,1.57,0.69,3.86,7.76,6.49,29.57
2607752,Itapissuma,PE,8221,29.91,69.87,9.99,59.88,27.92,0.1,81.74,16.07,1.4,0.07,0.27,0.1,0.09,16.75
2607802,Itaquitinga,PE,5143,73.42,24.89,22.81,2.08,68.81,0.87,67.86,17.69,6.46,0.97,1.63,0.23,0.45,22.9
2607901,Jaboatão dos Guararapes,PE,235151,36.04,62.77,42.05,20.72,23.66,0.12,74.3,16.98,7.14,0.16,0.44,0.1,0.04,19.27
2607950,Jaqueira,PE,3262,19.1,72.93,52.97,19.96,7.76,1.26,43.93,12.32,19.74,18.27,0.0,0.18,1.72,41.45
2608008,Jataúba,PE,5766,51.46,47.59,45.42,2.17,31.41,6.38,15.52,5.06,4.8,0.73,58.74,11.24,1.86,76.15
2608057,Jatobá,PE,4687,34.99,59.01,53.79,5.23,27.91,1.13,74.67,0.21,0.06,0.43,18.75,0.32,4.29,24.32
2608107,João Alfredo,PE,10271,53.72,45.52,40.74,4.78,37.0,0.44,51.36,9.99,3.23,0.64,6.13,24.34,2.26,42.07
2608206,Joaquim Nabuco,PE,4378,39.88,59.52,56.42,3.11,28.69,1.55,65.76,13.5,16.83,1.99,0.07,0.02,0.43,31.18
2608255,Jucati,PE,3812,39.11,59.58,42.16,17.42,29.41,2.28,30.04,15.29,1.65,0.45,43.15,4.49,1.73,68.28
2608305,Jupi,PE,5313,29.46,70.19,56.41,13.78,27.39,0.51,5.61,38.96,3.84,1.04,39.09,3.18,1.13,90.72
2608404,Jurema,PE,4791,21.79,76.83,66.31,10.52,15.51,1.4,77.85,3.72,5.87,1.27,6.49,1.29,0.96,20.81
2608453,Lagoa do Carro,PE,6337,71.56,27.98,19.6,8.38,66.25,0.17,51.81,19.5,4.21,0.52,19.71,0.63,0.28,40.56
2608503,Lagoa de Itaenga,PE,6707,63.53,32.12,24.9,7.22,57.15,0.15,34.77,41.57,3.25,0.28,3.7,0.34,0.33,51.24
2608602,Lagoa do Ouro,PE,4152,45.62,52.79,50.29,2.5,39.4,2.0,85.33,0.46,2.84,3.88,2.12,2.67,2.0,10.48
2608701,Lagoa dos Gatos,PE,4967,45.26,50.35,48.6,1.75,31.41,1.39,66.96,3.22,10.33,5.17,4.61,0.95,5.01,31.85
2608750,Lagoa Grande,PE,8055,34.65,64.01,58.98,5.03,28.5,3.1,73.51,0.96,0.01,0.02,14.55,0.15,3.38,22.56
2608800,Lajedo,PE,13932,36.51,62.25,59.31,2.94,33.38,0.19,69.45,5.27,2.76,0.1,19.32,1.08,0.17,24.68
2608909,Limoeiro,PE,20188,38.96,59.76,40.44,19.32,31.27,0.28,63.27,13.73,3.39,0.13,12.6,3.14,1.57,29.7
2609006,Macaparana,PE,7957,21.58,75.48,71.51,3.97,12.63,0.43,79.9,1.87,6.15,5.49,0.2,0.13,5.4,17.86
2609105,Machados,PE,3841,63.06,36.03,8.51,27.52,60.74,0.7,76.23,3.25,11.2,2.79,1.48,2.76,0.39,21.53
2609154,Manari,PE,6694,89.81,4.96,2.91,2.05,74.72,7.98,38.69,1.0,0.01,0.64,38.71,17.48,0.82,59.32
2609204,Maraial,PE,3094,53.85,43.08,25.47,17.61,18.58,3.39,51.26,9.86,15.0,17.42,0.26,0.23,4.82,33.58
2609303,Mirandiba,PE,4467,42.62,52.52,46.9,5.62,29.08,7.16,62.95,12.65,0.29,0.02,17.53,1.84,2.26,34.95
2609402,Moreno,PE,19595,29.29,69.64,50.01,19.63,17.14,0.13,73.13,4.33,15.95,0.31,3.15,0.38,0.21,22.5
2609501,Nazaré da Mata,PE,10664,18.36,80.88,72.38,8.5,12.89,0.16,79.89,11.35,2.0,0.27,4.89,0.18,0.23,16.53
2609600,Olinda,PE,127261,24.33,74.77,53.84,20.93,13.68,0.14,79.47,14.55,3.4,0.09,0.61,0.15,0.02,13.34
2609709,Orobó,PE,7391,66.74,31.52,27.37,4.15,55.24,0.7,16.4,20.0,4.15,4.25,33.77,17.07,2.99,59.42
2609808,Orocó,PE,4286,30.21,65.89,36.58,29.3,17.43,4.41,90.48,0.47,0.07,0.05,2.54,0.02,3.43,8.17
2609907,Ouricuri,PE,21487,33.47,64.76,50.25,14.51,18.5,11.05,64.13,2.73,0.23,0.09,23.21,4.46,3.63,33.63
2610004,Palmares,PE,18422,24.15,74.31,63.26,11.05,16.79,0.81,79.02,8.22,7.99,2.75,0.05,0.02,0.56,18.89
2610103,Palmeirina,PE,2476,54.08,42.04,40.15,1.9,22.74,1.66,67.77,2.3,12.76,11.43,0.08,0.12,1.13,29.73
2610202,Panelas,PE,8199,33.13,64.04,56.96,7.09,25.27,2.65,63.98,1.65,10.62,1.1,3.5,14.37,3.32,34.24
2610301,Paranatama,PE,4207,74.23,20.44,3.0,17.45,68.91,3.61,23.51,11.93,9.82,0.52,46.97,2.02,0.38,72.85
2610400,Parnamirim,PE,6086,44.33,47.27,40.45,6.82,23.22,7.8,69.06,0.72,0.07,0.02,27.72,0.81,0.56,29.25
2610509,Passira,PE,10376,70.74,26.16,17.03,9.13,64.49,0.23,50.65,16.74,2.33,0.1,16.17,11.14,0.63,40.93
2610608,Paudalho,PE,18912,47.18,52.23,27.43,24.8,37.71,0.27,63.7,13.74,16.88,1.14,2.19,0.19,0.52,33.35
2610707,Paulista,PE,124313,23.84,75.34,51.63,23.71,17.63,0.06,72.88,18.68,6.94,0.04,0.39,0.07,0.04,16.97
2610806,Pedra,PE,7725,40.54,52.92,40.14,12.78,28.16,1.46,47.61,7.56,1.63,0.23,16.01,9.68,13.18,45.49
2610905,Pesqueira,PE,22033,30.13,67.25,60.89,6.36,22.38,2.04,59.47,5.35,5.11,0.61,20.42,4.57,2.01,33.78
2611002,Petrolândia,PE,10915,39.06,60.41,59.53,0.88,37.22,0.35,85.19,0.6,0.05,0.03,3.1,0.16,8.15,13.81
2611101,Petrolina,PE,128380,18.17,80.87,70.51,10.36,16.91,0.27,93.77,0.11,0.03,0.04,1.55,0.1,2.85,4.99
2611200,Poção,PE,3844,32.0,66.65,54.84,11.81,27.76,1.59,1.82,8.66,5.78,1.95,53.56,22.58,3.17,89.18
2611309,Pombos,PE,9861,39.07,58.44,51.8,6.64,21.63,0.99,67.95,2.34,5.85,3.39,12.75,0.88,5.55,29.5
2611408,Primavera,PE,4490,61.67,34.57,27.95,6.61,20.24,1.31,51.22,14.01,13.3,14.25,0.04,0.0,3.03,39.73
2611507,Quipapá,PE,6123,31.98,66.19,63.27,2.92,23.39,1.26,70.36,0.72,21.64,1.44,1.18,0.11,3.72,25.98
2611533,Quixaba,PE,2277,52.26,45.89,41.06,4.83,42.34,5.53,47.47,9.71,3.07,0.13,12.17,21.52,4.74,52.26
2611606,Recife,PE,547461,21.52,77.83,67.44,10.4,13.28,0.07,84.04,13.62,1.46,0.04,0.06,0.04,0.03,7.4
2611705,Riacho das Almas,PE,7743,41.78,53.08,48.48,4.6,31.0,1.54,49.39,1.24,0.28,0.03,28.58,16.07,2.43,48.29
2611804,Ribeirão,PE,11917,30.86,67.89,58.12,9.78,17.78,0.43,70.72,14.58,9.89,2.1,0.02,0.03,1.92,26.53
2611903,Rio Formoso,PE,6438,46.57,53.25,34.28,18.97,34.23,0.71,58.93,25.92,13.13,0.64,0.0,0.05,0.54,39.24
2612000,Sairé,PE,4118,56.58,42.86,27.08,15.78,52.38,0.51,62.34,3.5,12.02,3.28,9.45,5.54,2.96,36.38
2612109,Salgadinho,PE,2051,86.98,12.24,11.21,1.02,73.62,0.44,29.89,9.41,2.73,0.34,11.99,39.2,5.17,62.21
2612208,Salgueiro,PE,20397,25.65,69.1,64.79,4.31,14.79,3.72,86.34,1.29,0.12,0.02,9.54,0.52,0.5,12.12
2612307,Saloá,PE,4791,42.66,56.48,49.76,6.72,33.19,1.25,44.08,22.5,14.76,7.08,7.49,1.82,0.52,44.9
2612406,Sanharó,PE,6603,37.76,59.61,50.42,9.19,27.64,0.41,71.19,2.0,0.48,0.76,15.7,5.69,1.23,24.9
2612455,Santa Cruz,PE,4366,55.18,39.72,34.15,5.57,34.26,10.83,42.26,0.66,0.07,0.07,50.11,1.4,4.54,56.39
2612471,Santa Cruz da Baixa Verde,PE,3982,40.88,55.6,49.27,6.33,32.6,2.46,2.13,16.27,64.11,0.93,3.69,12.18,0.4,95.86
2612505,Santa Cruz do Capibaribe,PE,34712,8.92,90.57,88.96,1.62,3.48,0.19,39.04,2.95,0.18,0.05,56.32,0.67,0.07,48.43
2612554,Santa Filomena,PE,4091,82.89,14.1,9.34,4.77,66.83,9.22,21.8,0.66,0.02,0.07,70.15,1.69,4.6,64.56
2612604,Santa Maria da Boa Vista,PE,12529,55.06,41.46,39.86,1.6,50.56,2.47,81.09,0.27,0.05,0.04,8.27,0.28,7.06,16.03
2612703,Santa Maria do Cambucá,PE,4940,74.86,23.16,19.41,3.74,70.26,1.44,33.58,0.61,0.18,0.18,44.11,17.81,2.17,60.18
2612802,Santa Terezinha,PE,3734,8.44,90.73,77.02,13.71,3.88,1.31,67.78,7.15,0.48,0.05,8.81,9.94,4.71,28.98
2612901,São Benedito do Sul,PE,3851,34.8,58.63,40.07,18.57,28.1,0.8,62.45,1.45,16.36,16.13,0.13,0.1,2.23,24.67
2613008,São Bento do Una,PE,17189,42.75,55.19,50.36,4.82,27.22,1.92,48.8,0.49,0.24,0.05,31.34,11.29,3.3,47.34
2613107,São Caitano,PE,13465,23.92,74.18,59.73,14.46,18.85,0.56,68.18,0.51,0.44,0.47,17.55,9.02,1.07,26.97
2613206,São João,PE,7923,68.33,30.92,24.31,6.61,62.94,1.03,60.48,6.05,4.48,1.54,22.01,1.35,0.43,36.75
2613305,São Joaquim do Monte,PE,7203,22.44,74.26,71.18,3.08,17.13,1.15,74.16,1.39,7.44,6.89,3.51,1.25,4.58,23.23
2613404,São José da Coroa Grande,PE,6103,74.5,25.33,1.08,24.25,73.16,0.43,64.61,25.5,2.13,7.23,0.1,0.02,0.15,26.79
2613503,São José do Belmonte,PE,11524,36.75,60.54,40.4,20.14,30.12,2.47,51.28,38.94,0.9,0.06,4.26,2.31,0.63,34.29
2613602,São José do Egito,PE,11850,27.46,71.27,60.89,10.38,18.39,1.7,69.78,20.7,0.52,0.04,1.54,2.6,3.62,28.13
2613701,São Lourenço da Mata,PE,39423,47.92,51.68,40.35,11.32,33.09,0.16,69.31,8.01,18.6,0.15,0.56,0.27,2.43,23.61
2613800,São Vicente Férrer,PE,5669,36.3,61.9,52.32,9.58,26.6,0.6,55.32,5.79,8.84,9.58,5.17,0.23,13.11,36.25
2613909,Serra Talhada,PE,32415,19.05,79.24,76.84,2.4,9.01,2.86,77.05,11.93,1.88,0.14,2.48,3.05,2.04,20.38
2614006,Serrita,PE,5578,64.43,33.02,27.97,5.06,46.97,8.1,51.52,15.27,0.54,0.25,25.22,1.43,4.77,39.17
2614105,Sertânia,PE,11767,35.13,62.26,50.11,12.15,26.06,2.07,51.36,21.69,1.34,0.16,13.55,4.44,1.73,43.33
2614204,Sirinhaém,PE,11889,54.15,45.32,33.66,11.66,43.33,1.27,53.86,28.14,14.47,1.13,0.13,0.08,0.45,41.69
2614303,Moreilândia,PE,3487,61.94,36.33,16.0,20.33,52.91,6.6,46.66,7.31,0.11,3.96,33.64,2.04,2.35,45.51
2614402,Solidão,PE,1796,59.74,34.8,32.68,2.12,53.01,3.01,30.62,34.24,1.17,0.17,7.29,17.2,5.79,64.64
2614501,Surubim,PE,22722,42.7,53.83,48.9,4.93,21.78,0.33,76.23,0.87,0.1,0.05,10.92,8.96,1.16,18.96
2614600,Tabira,PE,9976,23.16,74.34,71.11,3.23,15.31,0.92,77.5,13.38,0.44,0.03,2.68,2.48,2.19,19.09
2614709,Tacaimbó,PE,4827,39.49,58.15,44.44,13.71,32.77,4.04,56.35,0.33,0.15,0.0,13.78,22.25,0.75,42.01
2614808,Tacaratu,PE,7343,39.43,56.88,27.73,29.16,34.84,1.5,53.81,16.72,1.1,8.05,16.51,0.31,0.57,39.6
2614857,Tamandaré,PE,7632,35.46,63.36,53.21,10.15,32.44,0.92,63.86,21.97,11.78,1.38,0.14,0.24,0.2,31.67
2615003,Taquaritinga do Norte,PE,8905,30.04,68.68,53.94,14.74,24.82,0.44,11.67,4.01,1.48,0.82,74.41,5.08,0.45,75.04
2615102,Terezinha,PE,2153,45.94,46.08,43.2,2.88,41.48,2.51,37.34,2.69,4.51,1.9,40.13,9.66,2.83,57.78
2615201,Terra Nova,PE,2839,25.68,65.52,64.07,1.44,15.43,3.17,78.16,0.32,0.0,0.0,20.75,0.07,0.11,19.23
2615300,Timbaúba,PE,16204,19.5,79.07,64.98,14.08,11.6,0.31,80.23,3.7,1.83,1.12,3.25,1.02,5.12,15.34
2615409,Toritama,PE,14213,18.92,80.46,77.68,2.78,13.88,0.15,47.88,6.18,1.24,0.3,41.58,0.61,0.05,44.16
2615508,Tracunhaém,PE,4665,67.8,29.77,27.01,2.77,56.81,0.17,75.99,11.92,3.82,0.17,7.03,0.24,0.0,20.28
2615607,Trindade,PE,9899,48.6,47.95,40.29,7.67,46.85,0.85,65.93,2.66,0.03,0.02,29.55,0.18,0.35,27.98
2615706,Triunfo,PE,5276,64.1,34.12,20.92,13.19,61.87,1.29,38.48,18.88,28.7,1.27,2.63,8.55,0.57,55.34
2615805,Tupanatinga,PE,7917,60.58,35.73,34.65,1.09,40.62,5.22,54.74,7.69,3.9,0.15,23.19,7.81,1.04,43.99
2615904,Tuparetama,PE,2953,32.2,66.27,61.63,4.64,30.38,0.34,80.12,11.92,0.2,0.0,3.89,1.66,1.66,19.51
2616001,Venturosa,PE,5797,29.62,67.95,56.74,11.21,10.87,1.19,45.37,5.12,0.48,0.28,27.13,13.46,5.23,50.34
2616100,Verdejante,PE,2958,38.88,44.93,37.09,7.84,31.74,2.67,71.6,7.88,0.74,0.0,16.16,0.1,0.47,26.37
2616183,Vertente do Lério,PE,2655,87.31,11.68,11.22,0.45,75.07,2.34,12.43,2.11,1.28,0.41,36.76,42.45,2.94,83.35
2616209,Vertentes,PE,7860,46.51,52.38,52.14,0.24,43.8,1.4,42.71,2.42,0.13,0.13,45.14,6.82,1.49,52.77
2616308,Vicência,PE,9077,42.84,54.61,47.2,7.41,32.9,0.68,73.87,14.55,5.67,2.59,1.69,0.06,0.41,20.51
2616407,Vitória de Santo Antão,PE,48335,20.55,76.98,69.74,7.24,9.49,0.19,73.14,9.48,3.47,0.34,11.26,0.14,0.99,21.59
2616506,Xexéu,PE,3951,22.55,76.74,75.42,1.32,10.43,0.0,85.9,8.96,2.94,1.09,0.05,0.0,0.61,10.58
2700102,Água Branca,AL,5710,63.87,31.93,29.44,2.49,56.78,3.06,71.31,0.49,0.0,2.45,9.05,12.0,1.44,26.81
2700201,Anadia,AL,4783,46.75,50.95,31.21,19.74,43.65,0.38,47.9,26.45,20.87,3.85,0.02,0.13,0.06,43.24
2700300,Arapiraca,AL,77704,56.3,43.11,20.72,22.39,54.78,0.14,77.6,3.48,15.27,0.13,1.51,0.38,0.05,16.16
2700409,Atalaia,AL,11955,71.74,26.58,22.14,4.44,63.53,0.84,67.85,10.91,15.8,0.67,2.26,0.08,0.22,25.96
2700508,Barra de Santo Antônio,AL,5229,88.62,10.84,8.4,2.45,85.22,0.98,94.93,4.11,0.54,0.06,0.02,0.0,0.19,1.86
2700607,Barra de São Miguel,AL,2528,2.93,96.56,39.87,56.69,1.58,0.08,87.22,11.47,1.07,0.04,0.0,0.0,0.08,7.0
2700706,Batalha,AL,5123,44.97,51.88,40.07,11.81,31.56,3.03,70.49,0.1,0.02,0.02,17.72,2.13,0.51,25.59
2700805,Belém,AL,1676,90.45,7.94,7.34,0.6,83.35,0.36,26.91,30.25,35.2,0.89,4.36,0.78,0.84,60.32
2700904,Belo Monte,AL,1844,82.97,1.84,1.46,0.38,73.75,0.7,46.69,0.98,0.16,0.11,46.69,2.49,1.25,52.98
2701001,Boca da Mata,AL,7023,31.35,67.91,65.17,2.73,25.44,0.37,73.39,9.98,13.88,1.58,0.09,0.0,0.06,18.52
2701100,Branquinha,AL,3064,31.36,66.09,58.68,7.41,22.26,3.39,65.99,0.91,8.98,21.51,0.0,0.1,1.17,31.53
2701209,Cacimbinhas,AL,3581,37.45,62.27,0.64,61.63,34.43,2.46,25.33,0.84,0.92,0.25,40.41,26.45,1.79,70.68
2701308,Cajueiro,AL,4961,54.83,44.81,28.56,16.25,39.13,0.46,92.56,1.17,2.42,3.23,0.12,0.02,0.12,6.79
2701357,Campestre,AL,2090,26.7,72.68,69.9,2.78,9.38,1.48,44.07,22.15,18.23,1.58,0.0,0.0,0.57,49.71
2701407,Campo Alegre,AL,10301,65.95,33.86,29.67,4.19,64.64,0.24,85.78,9.6,2.07,0.17,0.05,0.01,1.95,4.22
2701506,Campo Grande,AL,2655,79.81,17.51,16.57,0.94,75.52,0.34,89.38,0.34,1.09,0.56,0.6,4.86,0.53,9.08
2701605,Canapi,AL,5047,89.34,6.14,4.14,2.0,78.32,8.12,32.36,0.38,0.06,0.3,25.5,35.11,1.03,67.05
2701704,Capela,AL,4650,20.32,78.92,72.17,6.75,6.02,1.38,60.28,3.4,26.58,1.1,0.15,0.06,7.74,34.71
2701803,Carneiros,AL,2742,86.83,12.29,4.92,7.37,83.3,3.46,64.88,1.39,0.04,0.0,20.13,6.71,0.07,32.9
2701902,Chã Preta,AL,1931,41.17,57.69,21.44,36.25,21.13,1.45,68.51,7.77,6.89,16.05,0.05,0.0,0.21,27.76
2702009,Coité do Nóia,AL,3609,98.45,1.19,0.28,0.91,97.56,0.28,19.23,19.04,9.5,0.11,36.63,13.47,0.53,74.79
2702108,Colônia Leopoldina,AL,5176,18.53,79.6,78.46,1.14,8.67,3.69,68.99,4.5,14.06,5.35,0.06,0.15,6.32,27.32
2702207,Coqueiro Seco,AL,1859,1.02,98.66,59.28,39.38,0.32,0.11,88.86,10.33,0.27,0.16,0.05,0.0,0.0,5.81
2702306,Coruripe,AL,16396,45.14,54.01,26.32,27.7,39.82,0.22,93.38,5.45,0.73,0.09,0.04,0.02,0.03,3.39
2702355,Craíbas,AL,8074,84.31,15.25,7.11,8.14,81.06,1.31,71.43,0.01,0.14,0.02,18.18,3.49,0.53,27.16
2702405,Delmiro Gouveia,AL,17074,23.9,74.86,66.73,8.12,18.94,0.84,93.63,0.11,0.04,0.03,1.28,0.25,1.37,5.28
2702504,Dois Riachos,AL,3265,98.59,0.58,0.12,0.46,92.62,5.05,41.62,0.21,0.03,0.09,28.3,26.03,0.52,55.62
2702553,Estrela de Alagoas,AL,5540,94.01,2.15,1.55,0.6,92.69,0.72,35.97,1.41,0.11,0.05,11.44,48.29,0.97,60.9
2702603,Feira Grande,AL,7399,94.32,4.28,1.68,2.61,93.19,0.23,35.22,26.4,31.11,0.43,3.77,2.14,0.31,60.25
2702702,Feliz Deserto,AL,1327,62.62,36.32,4.3,32.03,52.07,0.15,98.12,0.6,0.45,0.08,0.08,0.08,0.0,1.36
2702801,Flexeiras,AL,3103,32.39,67.13,59.97,7.15,25.2,0.93,54.75,18.11,21.17,4.51,0.06,0.1,0.48,42.25
2702900,Girau do Ponciano,AL,11035,90.0,9.03,6.34,2.68,86.91,2.26,48.57,2.99,3.02,0.36,34.54,6.24,0.45,50.63
2703007,Ibateguara,AL,4585,27.61,69.27,64.78,4.49,17.86,0.5,81.09,1.53,4.8,8.27,0.17,0.02,3.66,17.69
2703106,Igaci,AL,8423,90.97,8.18,7.88,0.3,87.32,2.79,39.94,3.7,1.13,0.43,13.49,34.58,2.2,55.67
2703205,Igreja Nova,AL,7097,69.59,29.2,16.73,12.47,66.28,0.44,78.17,8.78,5.33,2.3,2.13,0.8,2.11,7.64
2703304,Inhapi,AL,4793,70.5,28.27,2.36,25.91,62.05,7.39,41.89,0.81,0.06,0.15,30.04,22.12,0.42,56.27
2703403,Jacaré dos Homens,AL,1632,17.95,69.24,2.94,66.3,13.91,0.92,86.58,0.06,0.06,0.0,3.8,4.04,0.67,12.81
2703502,Jacuípe,AL,1751,41.58,57.97,47.17,10.79,25.81,5.2,59.74,13.14,22.22,0.51,0.29,0.0,1.54,38.61
2703601,Japaratinga,AL,2873,74.31,23.67,7.1,16.57,66.55,2.89,32.72,50.33,12.6,1.32,0.31,0.28,0.24,60.53
2703700,Jaramataia,AL,1595,64.2,32.23,32.16,0.06,60.38,3.32,45.83,0.13,0.0,0.0,42.95,3.7,0.5,53.98
2703759,Jequiá da Praia,AL,2985,21.98,76.18,9.88,66.3,20.07,0.4,87.54,10.25,0.47,1.17,0.03,0.0,0.07,9.31
2703809,Joaquim Gomes,AL,5335,81.37,17.32,8.32,9.0,57.86,7.29,61.95,0.84,17.64,12.58,2.66,0.11,1.91,37.21
2703908,Jundiá,AL,1367,70.59,27.87,21.65,6.22,53.84,3.15,60.2,4.17,28.46,1.02,0.0,0.0,4.75,38.33
2704005,Junqueiro,AL,8022,87.14,11.63,5.62,6.01,86.75,0.12,67.46,2.34,27.49,0.35,0.59,0.14,0.05,23.81
2704104,Lagoa da Canoa,AL,5935,86.39,6.15,5.31,0.84,84.8,0.35,53.33,7.31,18.33,0.05,14.25,1.79,0.15,37.44
2704203,Limoeiro de Anadia,AL,8055,98.32,1.34,0.45,0.89,95.93,0.31,58.22,8.01,28.03,0.34,4.05,1.03,0.0,30.83
2704302,Maceió,AL,335771,30.64,68.33,48.29,20.04,25.18,0.03,67.78,30.41,0.66,0.08,0.2,0.01,0.35,17.56
2704401,Major Isidoro,AL,5880,91.9,5.51,1.96,3.55,86.04,4.35,45.7,0.27,0.03,0.05,23.15,15.85,3.21,52.67
2704500,Maragogi,AL,10035,33.45,64.61,33.3,31.31,28.76,1.19,63.18,22.53,10.89,1.47,0.04,0.06,1.62,32.49
2704609,Maravilha,AL,3205,94.51,0.59,0.12,0.47,81.87,9.61,52.79,0.09,0.09,0.16,24.34,12.51,0.87,45.8
2704708,Marechal Deodoro,AL,19623,29.18,70.01,28.75,41.26,27.03,0.15,95.76,2.13,0.54,0.23,0.61,0.03,0.1,2.67
2704807,Maribondo,AL,4435,23.38,75.9,68.66,7.24,10.01,0.59,42.75,30.42,23.25,2.59,0.11,0.02,0.23,51.97
2704906,Mar Vermelho,AL,1062,73.63,23.92,23.45,0.47,67.7,0.38,46.8,8.47,12.9,29.47,0.09,0.38,0.85,52.26
2705002,Mata Grande,AL,7057,81.52,12.29,9.32,2.96,64.45,7.14,45.23,2.24,0.54,7.51,15.37,25.68,0.61,53.46
2705101,Matriz de Camaragibe,AL,7342,89.04,8.69,4.62,4.07,85.34,1.21,55.13,9.6,30.9,1.17,0.08,0.01,0.3,34.64
2705200,Messias,AL,4979,19.78,80.06,42.46,37.6,15.85,0.7,84.43,3.17,11.73,0.2,0.06,0.02,0.2,14.68
2705309,Minador do Negrão,AL,1621,82.73,8.39,0.31,8.08,75.88,2.16,39.48,0.19,0.06,0.19,17.64,38.19,2.59,56.94
2705408,Monteirópolis,AL,2211,3.26,96.25,0.63,95.61,1.67,1.27,76.8,0.59,0.23,0.0,15.47,0.77,0.23,19.67
2705507,Murici,AL,7707,9.65,89.92,86.61,3.31,5.45,0.97,85.92,0.53,4.09,4.0,1.93,0.03,0.36,11.38
2705606,Novo Lino,AL,3241,34.68,63.71,54.52,9.19,19.78,3.36,53.16,23.7,18.85,1.6,0.0,0.0,1.42,42.89
2705705,Olho d'Água das Flores,AL,6787,92.07,6.56,3.01,3.55,87.28,1.3,84.97,0.12,0.18,0.03,7.99,2.4,0.15,13.64
2705804,Olho d'Água do Casado,AL,2600,61.5,34.5,25.62,8.88,57.38,1.69,70.19,0.23,0.12,0.0,21.73,1.38,0.31,26.65
2705903,Olho d'Água Grande,AL,1377,92.74,0.51,0.22,0.29,85.62,2.4,49.38,3.7,1.02,13.14,1.38,23.89,1.45,31.45
2706000,Olivença,AL,3575,88.25,9.76,4.7,5.06,82.57,3.86,50.49,0.17,0.14,0.17,19.83,23.75,0.31,48.39
2706109,Ouro Branco,AL,3970,88.34,6.95,0.4,6.55,81.81,2.14,18.29,0.53,0.18,0.3,55.82,16.4,0.08,77.1
2706208,Palestina,AL,1321,84.78,3.79,2.2,1.59,81.38,1.59,78.43,0.08,0.08,0.08,17.87,0.3,0.0,16.43
2706307,Palmeira dos Índios,AL,24453,64.0,35.22,18.59,16.63,61.33,0.56,80.69,5.07,2.73,0.95,1.89,5.95,1.13,16.62
2706406,Pão de Açúcar,AL,7567,81.38,16.27,8.62,7.65,69.46,1.84,81.08,0.36,0.11,0.01,14.89,0.9,0.82,18.38
2706422,Pariconha,AL,3262,80.29,16.49,5.92,10.58,75.48,2.36,71.89,0.12,0.06,0.12,16.65,7.3,0.06,27.62
2706448,Paripueira,AL,4383,64.04,35.52,7.51,28.02,61.26,0.14,54.0,41.3,3.83,0.39,0.0,0.05,0.16,32.38
2706505,Passo de Camaragibe,AL,4229,93.66,4.4,3.95,0.45,88.32,3.0,35.09,34.97,23.86,5.01,0.02,0.09,0.26,59.02
2706604,Paulo Jacinto,AL,2291,48.97,49.37,34.96,14.4,40.68,0.26,79.97,5.72,2.05,4.58,3.75,1.0,1.05,18.59
2706703,Penedo,AL,19611,69.15,29.18,17.93,11.25,63.08,0.27,93.23,5.0,0.33,0.18,0.07,0.26,0.49,2.56
2706802,Piaçabuçu,AL,5247,72.19,26.61,24.24,2.36,67.85,0.46,73.66,8.1,0.61,0.08,0.55,0.65,12.65,12.52
2706901,Pilar,AL,11594,42.82,56.99,33.44,23.56,37.3,0.05,88.51,10.09,0.39,0.82,0.03,0.02,0.03,2.24
2707008,Pindoba,AL,829,96.26,0.84,0.72,0.12,49.34,0.48,38.12,0.6,55.97,3.26,0.12,0.24,0.6,58.26
2707107,Piranhas,AL,7024,32.59,65.93,48.05,17.88,28.22,2.15,79.23,0.09,0.0,0.03,16.36,0.58,0.19,18.92
2707206,Poço das Trincheiras,AL,4049,87.5,8.0,2.74,5.26,73.65,10.4,28.65,1.41,6.99,0.67,11.9,43.47,3.06,70.02
2707305,Porto Calvo,AL,7636,76.24,22.38,10.48,11.9,58.38,1.81,64.85,17.14,14.79,2.28,0.09,0.05,0.41,28.85
2707404,Porto de Pedras,AL,2820,75.85,19.04,17.16,1.88,63.62,8.23,51.17,14.4,30.96,1.95,0.07,0.25,0.39,38.51
2707503,Porto Real do Colégio,AL,6511,58.5,39.53,33.51,6.02,50.38,0.89,75.55,15.48,5.96,0.0,0.15,1.69,0.74,9.11
2707602,Quebrangulo,AL,3683,40.75,56.42,39.45,16.97,30.87,1.06,72.82,1.36,4.15,7.96,3.37,6.3,3.48,26.5
2707701,Rio Largo,AL,31230,43.59,56.17,47.5,8.66,37.74,0.09,51.33,44.16,1.99,1.03,0.61,0.03,0.5,27.67
2707800,Roteiro,AL,1987,19.22,80.27,46.96,33.32,17.31,0.96,88.32,10.62,0.75,0.0,0.1,0.0,0.0,0.45
2707909,Santa Luzia do Norte,AL,2184,56.36,42.49,23.35,19.14,39.97,0.0,67.17,30.49,1.47,0.18,0.0,0.05,0.05,7.74
2708006,Santana do Ipanema,AL,15098,53.46,42.36,23.58,18.78,47.93,2.39,73.35,0.25,0.07,0.26,3.07,18.81,0.32,25.48
2708105,Santana do Mundaú,AL,3815,49.83,45.53,44.8,0.73,20.81,1.39,55.07,1.34,8.2,34.91,0.0,0.0,0.21,40.87
2708204,São Brás,AL,2129,73.56,26.02,11.46,14.56,58.1,0.56,95.21,0.33,0.09,0.09,0.42,0.8,2.07,4.09
2708303,São José da Laje,AL,6822,25.27,73.31,71.64,1.67,16.37,1.19,73.07,1.3,22.05,0.89,0.01,0.0,1.04,23.67
2708402,São José da Tapera,AL,9534,72.2,22.94,7.32,15.62,65.46,1.98,65.42,0.12,0.17,0.09,24.37,3.27,0.28,31.54
2708501,São Luís do Quitunde,AL,9300,82.67,14.05,4.34,9.71,70.83,4.28,40.46,22.16,16.35,3.13,0.01,0.09,17.11,33.78
2708600,São Miguel dos Campos,AL,16921,18.63,81.2,63.6,17.6,17.23,0.17,97.05,1.31,0.24,1.22,0.02,0.04,0.02,1.86
2708709,São Miguel dos Milagres,AL,2685,81.12,16.76,9.09,7.67,72.85,1.27,86.18,5.59,5.96,0.78,0.15,0.37,0.74,7.3
2708808,São Sebastião,AL,10475,97.46,1.76,1.39,0.36,96.83,0.38,28.62,6.08,59.81,0.53,0.37,0.83,0.15,67.87
2708907,Satuba,AL,7880,10.65,89.23,77.92,11.31,3.53,0.04,39.92,54.85,4.51,0.18,0.14,0.03,0.05,14.96
2708956,Senador Rui Palmeira,AL,3681,46.7,48.33,16.0,32.33,19.89,13.83,26.38,0.08,0.11,0.05,39.8,26.3,1.09,72.15
2709004,Tanque d'Arca,AL,2063,97.48,0.73,0.48,0.24,88.95,0.92,37.86,29.04,30.83,1.16,0.05,0.05,0.58,41.54
2709103,Taquarana,AL,6492,93.79,5.78,4.24,1.54,91.44,0.46,25.94,29.42,35.27,0.23,5.22,2.65,0.14,59.04
2709152,Teotônio Vilela,AL,12346,46.98,52.14,41.24,10.9,46.04,0.28,87.06,5.8,5.72,0.74,0.03,0.07,0.08,5.74
2709202,Traipu,AL,7354,89.84,7.0,4.77,2.23,79.41,6.99,29.87,14.88,1.78,0.92,21.74,21.23,8.35,68.98
2709301,União dos Palmares,AL,19749,17.16,81.03,80.0,1.03,9.86,0.81,85.19,1.05,8.08,4.89,0.41,0.02,0.15,13.56
2709400,Viçosa,AL,7917,74.31,24.37,21.41,2.96,52.05,0.58,76.49,7.7,13.24,1.79,0.14,0.01,0.29,19.31
2800100,Amparo do São Francisco,SE,743,47.11,52.76,33.51,19.25,34.99,0.13,90.85,0.0,0.0,0.0,0.27,0.0,5.25,9.02
2800209,Aquidabã,SE,7417,53.27,44.68,41.49,3.2,51.37,0.35,80.05,3.05,11.06,0.15,0.05,0.44,1.15,17.82
2800308,Aracaju,SE,218513,4.99,94.63,87.45,7.18,3.17,0.02,97.43,1.67,0.2,0.04,0.01,0.01,0.01,1.75
2800407,Arauá,SE,3630,96.01,3.64,0.36,3.28,94.82,0.55,58.54,32.45,6.25,0.22,1.38,0.03,0.03,34.49
2800506,Areia Branca,SE,6149,96.23,2.46,1.82,0.63,95.43,0.5,65.57,21.86,6.8,0.99,0.03,0.05,0.29,33.18
2800605,Barra dos Coqueiros,SE,14525,15.67,83.3,73.07,10.24,12.25,0.05,92.16,5.84,1.55,0.1,0.01,0.03,0.0,5.83
2800670,Boquim,SE,8867,82.49,16.85,3.86,12.99,81.97,0.29,58.72,5.32,30.86,0.79,0.5,0.09,0.25,34.54
2800704,Brejo Grande,SE,2471,49.62,49.17,33.83,15.34,45.97,0.57,66.82,16.07,2.27,0.28,7.24,0.2,5.46,28.85
2801009,Campo do Brito,SE,6792,57.32,41.65,18.17,23.48,56.15,0.27,81.96,9.25,7.11,0.22,0.07,0.13,0.21,14.28
2801108,Canhoba,SE,1268,83.2,15.77,8.99,6.78,74.68,2.05,85.65,0.24,0.0,0.08,3.39,0.0,6.39,13.56
2801207,Canindé de São Francisco,SE,8712,22.34,75.01,48.19,26.83,18.18,0.56,77.18,0.51,0.02,0.03,13.68,0.21,0.45,17.6
2801306,Capela,SE,10837,44.11,54.11,11.51,42.6,41.56,0.33,89.21,1.08,0.86,0.98,7.02,0.1,0.07,9.2
2801405,Carira,SE,7399,73.24,23.31,10.68,12.64,70.35,1.14,77.82,0.36,0.39,0.01,6.61,8.45,0.46,21.67
2801504,Carmópolis,SE,4689,14.65,85.2,80.19,5.01,14.05,0.11,96.97,1.3,0.04,0.13,1.24,0.04,0.0,1.73
2801603,Cedro de São João,SE,1933,30.01,69.06,48.84,20.23,23.95,0.1,94.77,2.9,0.05,0.26,1.03,0.05,0.0,2.74
2801702,Cristinápolis,SE,5757,94.11,4.0,1.29,2.71,93.12,0.49,68.58,8.84,13.5,4.6,2.1,0.03,0.35,29.15
2801900,Cumbe,SE,1368,76.02,22.95,20.25,2.7,74.2,0.22,89.33,1.54,1.46,0.15,4.39,0.51,0.0,9.94
2802007,Divina Pastora,SE,1453,78.73,19.89,17.14,2.75,77.84,0.28,88.37,8.95,0.0,1.1,0.07,0.21,0.07,3.85
2802106,Estância,SE,23221,40.94,57.79,34.59,23.19,37.29,0.11,82.07,13.35,2.01,0.4,1.44,0.06,0.22,12.71
2802205,Feira Nova,SE,2120,37.55,60.09,40.38,19.72,32.78,0.42,91.23,0.05,0.0,0.09,0.52,0.14,0.09,7.17
2802304,Frei Paulo,SE,5066,24.81,65.04,46.09,18.95,22.76,0.43,86.0,2.01,0.06,0.1,5.67,4.01,0.1,12.81
2802403,Gararu,SE,3949,71.36,19.93,15.8,4.13,63.1,5.65,71.61,0.0,0.0,0.2,20.76,0.79,2.68,26.01
2802502,General Maynard,SE,1111,60.85,37.89,36.81,1.08,59.32,0.0,89.29,7.56,0.54,1.98,0.0,0.09,0.09,2.97
2802601,Graccho Cardoso,SE,2115,69.13,30.26,28.51,1.75,65.91,0.24,92.58,0.33,0.0,0.28,3.03,0.38,1.23,6.43
2802700,Ilha das Flores,SE,2767,47.52,51.72,16.77,34.95,45.57,0.18,87.86,1.59,0.0,0.0,0.0,0.07,2.96,11.6
2802809,Indiaroba,SE,5261,83.1,15.97,5.46,10.51,78.71,1.33,69.0,19.33,6.16,2.2,0.1,0.29,0.76,24.75
2802908,Itabaiana,SE,37878,12.71,86.63,77.16,9.47,11.48,0.18,89.19,7.46,0.99,0.48,0.05,0.14,0.62,9.16
2803005,Itabaianinha,SE,13332,36.64,62.54,53.68,8.86,34.65,0.6,69.88,13.16,9.51,2.06,0.76,0.44,1.51,23.84
2803104,Itabi,SE,1829,35.54,60.58,29.52,31.06,17.99,0.93,95.46,0.0,0.0,0.05,1.09,0.0,0.16,4.1
2803203,Itaporanga d'Ajuda,SE,12179,67.1,31.3,20.68,10.62,63.62,0.32,69.22,21.91,5.03,1.81,0.38,0.22,0.26,18.39
2803302,Japaratuba,SE,5679,70.1,27.87,12.19,15.69,67.41,0.28,78.2,13.73,2.27,1.3,2.52,0.14,0.35,18.79
2803401,Japoatã,SE,4575,79.04,18.05,13.9,4.15,76.66,0.85,84.26,2.69,4.63,0.52,1.11,1.49,0.63,12.92
2803500,Lagarto,SE,36747,47.66,50.92,26.83,24.09,44.17,0.44,75.44,14.29,6.05,0.45,0.3,0.91,0.68,21.39
2803609,Laranjeiras,SE,7833,44.94,53.57,49.62,3.94,36.22,0.09,91.97,4.25,1.2,0.78,0.88,0.19,0.01,4.06
2803708,Macambira,SE,2486,49.16,49.44,35.4,14.04,47.71,0.08,61.71,18.79,0.16,0.56,1.53,16.49,0.2,36.77
2803807,Malhada dos Bois,SE,1197,24.64,66.42,16.04,50.38,24.39,0.08,94.07,1.17,0.0,0.17,0.17,0.17,0.08,4.43
2803906,Malhador,SE,4176,37.67,59.22,32.45,26.77,37.16,0.24,84.17,7.35,2.01,1.34,0.86,0.14,2.32,12.91
2804003,Maruim,SE,5251,28.03,71.55,60.1,11.45,20.15,0.91,75.34,19.23,0.42,1.52,0.8,0.23,0.55,16.66
2804102,Moita Bonita,SE,4204,38.65,59.66,51.33,8.33,37.3,0.33,59.11,30.88,2.14,2.59,1.5,0.12,0.05,35.8
2804201,Monte Alegre de Sergipe,SE,4814,42.36,55.11,49.56,5.55,39.2,1.64,76.05,0.04,0.0,0.08,19.84,1.37,0.46,20.38
2804300,Muribeca,SE,2775,92.07,5.69,4.86,0.83,87.39,0.22,92.79,1.66,0.5,0.4,0.11,0.0,0.11,6.09
2804409,Neópolis,SE,5729,53.78,29.48,18.35,11.14,43.22,0.45,76.24,15.38,3.63,0.52,1.13,0.12,0.87,18.31
2804458,Nossa Senhora Aparecida,SE,3376,32.05,67.0,55.04,11.97,23.67,1.42,94.55,1.18,0.15,0.21,1.63,0.56,0.12,5.3
2804508,Nossa Senhora da Glória,SE,14291,20.9,77.31,58.46,18.86,17.02,0.57,92.01,0.36,0.03,0.15,5.31,0.2,0.1,7.47
2804607,Nossa Senhora das Dores,SE,9129,75.18,23.91,17.48,6.43,74.41,0.16,76.84,7.8,6.61,1.91,4.0,0.69,0.15,18.65
2804706,Nossa Senhora de Lourdes,SE,2244,73.22,22.19,19.83,2.36,64.97,1.34,91.27,0.0,0.0,0.0,4.06,0.0,0.53,8.47
2804805,Nossa Senhora do Socorro,SE,67033,19.93,78.78,60.58,18.19,15.49,0.11,97.46,1.29,0.13,0.15,0.07,0.05,0.05,2.05
2804904,Pacatuba,SE,4190,9.19,88.54,5.06,83.48,7.33,1.0,55.8,37.4,1.91,0.67,0.36,1.55,0.24,39.81
2805000,Pedra Mole,SE,957,64.89,33.44,26.23,7.21,58.2,0.21,90.8,0.84,0.0,0.1,3.66,3.66,0.0,8.99
2805109,Pedrinhas,SE,2682,84.49,14.32,4.06,10.25,84.19,0.19,30.95,22.11,43.18,2.09,0.0,0.07,0.04,55.82
2805208,Pinhão,SE,2028,47.78,49.61,26.73,22.88,43.69,0.35,64.99,1.78,0.05,0.05,7.5,22.68,0.05,33.23
2805307,Pirambu,SE,2629,14.19,80.41,26.74,53.67,12.06,0.68,78.93,14.45,0.11,0.8,2.09,0.0,0.42,18.87
2805406,Poço Redondo,SE,10755,62.2,35.12,29.89,5.23,57.32,2.16,69.6,0.07,0.02,0.01,21.05,0.65,0.47,27.6
2805505,Poço Verde,SE,8211,23.6,74.42,55.01,19.41,22.3,0.6,76.73,4.3,1.27,0.39,5.97,9.79,0.46,20.7
2805604,Porto da Folha,SE,9167,40.72,53.33,43.1,10.23,31.94,0.31,81.5,0.07,0.0,0.05,13.86,0.61,0.63,17.45
2805703,Propriá,SE,9183,20.9,77.37,73.29,4.08,13.6,0.24,96.44,0.11,0.03,0.03,0.83,0.07,0.95,3.27
2805802,Riachão do Dantas,SE,6273,81.72,16.8,16.02,0.78,76.65,2.22,62.06,8.39,7.92,1.69,0.7,11.35,6.41,34.82
2805901,Riachuelo,SE,2815,13.18,82.88,73.46,9.41,9.2,0.53,84.72,2.2,0.07,2.74,6.54,0.14,1.78,11.94
2806008,Ribeirópolis,SE,6528,24.57,74.69,67.34,7.35,23.44,0.14,87.38,8.41,0.37,0.31,0.2,2.22,0.21,11.0
2806107,Rosário do Catete,SE,3148,17.12,82.05,55.43,26.62,13.91,0.13,93.2,1.65,0.67,2.57,0.48,0.16,0.0,5.91
2806206,Salgado,SE,7332,85.07,14.03,7.94,6.1,83.87,0.4,56.96,23.77,16.19,0.5,0.23,0.14,0.31,35.62
2806305,Santa Luzia do Itanhy,SE,4513,70.29,28.25,16.22,12.03,68.29,0.66,63.99,17.46,10.17,3.39,2.9,0.11,0.16,19.14
2806404,Santana do São Francisco,SE,2366,95.22,3.76,3.68,0.08,91.5,0.13,85.93,4.61,0.04,1.99,0.59,0.04,1.39,10.78
2806503,Santa Rosa de Lima,SE,1365,7.25,92.6,35.82,56.78,5.57,0.22,94.21,2.12,0.44,0.22,0.0,0.29,0.0,5.42
2806602,Santo Amaro das Brotas,SE,3791,79.72,19.31,15.33,3.98,74.12,0.29,64.55,25.88,1.5,5.38,0.16,0.18,0.08,30.73
2806701,São Cristóvão,SE,33252,30.16,68.2,47.62,20.59,24.12,0.19,88.72,8.23,0.59,0.87,0.05,0.05,0.23,9.8
2806800,São Domingos,SE,3851,80.29,19.55,13.06,6.49,80.03,0.13,74.86,22.46,0.08,0.03,1.3,0.03,0.03,19.76
2806909,São Francisco,SE,1142,47.81,43.26,18.48,24.78,46.85,0.09,90.19,3.15,0.09,0.26,2.98,0.61,0.18,9.02
2807006,São Miguel do Aleixo,SE,1281,37.16,61.75,49.18,12.57,32.63,2.5,81.81,2.26,0.23,0.62,4.37,6.79,0.08,15.38
2807105,Simão Dias,SE,15526,45.58,53.73,45.48,8.24,42.3,0.59,64.41,7.68,1.12,0.17,0.2,23.15,1.0,27.7
2807204,Siriri,SE,2708,64.7,34.53,19.28,15.25,55.35,1.92,76.18,15.81,1.14,0.74,4.28,0.37,0.41,20.42
2807303,Telha,SE,1117,67.68,31.78,30.17,1.61,61.86,0.27,92.57,0.27,0.0,0.0,3.49,0.18,0.18,7.16
2807402,Tobias Barreto,SE,18570,19.93,78.95,76.45,2.5,17.29,0.85,82.52,1.28,0.07,0.78,4.14,5.06,3.25,16.07
2807501,Tomar do Geru,SE,4364,47.82,46.61,23.12,23.49,43.72,1.72,52.82,20.55,7.72,1.33,8.0,0.6,5.55,40.24
2807600,Umbaúba,SE,8285,88.15,10.03,3.42,6.61,87.7,0.18,35.56,22.4,38.72,0.68,0.12,0.01,0.04,56.21
2900108,Abaíra,BA,2722,69.95,29.87,24.69,5.18,69.43,0.26,85.78,1.54,0.0,9.99,1.58,0.37,0.59,4.92
2900207,Abaré,BA,5545,25.46,72.28,53.38,18.9,12.35,7.54,87.75,0.16,0.05,0.04,8.39,0.27,2.45,10.5
2900306,Acajutiba,BA,4768,90.23,9.46,0.19,9.27,89.79,0.25,87.92,2.45,7.93,0.4,0.15,0.06,0.08,8.75
2900355,Adustina,BA,5207,57.9,41.21,40.91,0.31,53.16,3.44,76.38,0.48,0.1,1.94,2.69,14.35,0.12,20.11
2900405,Água Fria,BA,5448,88.93,6.98,4.75,2.22,84.86,1.43,62.81,24.39,0.04,0.22,6.63,3.41,0.48,24.43
2900504,Érico Cardoso,BA,3107,99.42,0.48,0.35,0.13,98.74,0.06,57.58,2.83,0.0,36.79,0.1,0.48,1.74,30.16
2900603,Aiquara,BA,1506,17.53,80.54,68.59,11.95,8.37,0.33,60.42,31.41,0.46,3.78,0.0,0.2,3.59,6.77
2900702,Alagoinhas,BA,55585,24.27,75.24,63.77,11.47,22.45,0.26,94.75,3.03,0.53,0.62,0.15,0.04,0.05,3.29
2900801,Alcobaça,BA,8511,50.95,48.2,27.44,20.76,46.26,0.54,58.64,28.13,10.53,1.87,0.12,0.18,0.29,33.38
2900900,Almadina,BA,2050,18.49,80.98,80.44,0.54,10.29,0.34,85.17,0.98,0.1,12.73,0.0,0.2,0.54,14.39
2901007,Amargosa,BA,13442,59.46,39.5,29.94,9.56,56.85,1.0,81.59,4.53,0.57,6.61,2.05,1.92,2.11,17.79
2901106,Amélia Rodrigues,BA,8600,69.51,29.99,7.55,22.44,68.23,0.28,82.06,11.41,2.47,1.59,0.51,0.24,0.02,11.85
2901155,América Dourada,BA,5148,16.69,80.48,1.28,79.2,13.64,2.7,82.25,12.72,0.27,0.0,1.9,1.44,0.02,15.11
2901205,Anagé,BA,8875,69.62,26.82,11.04,15.77,63.75,3.48,27.34,4.01,0.16,0.56,19.71,17.37,30.55,70.51
2901304,Andaraí,BA,4455,67.36,31.94,16.5,15.44,63.14,2.49,60.67,24.76,0.18,5.01,2.54,1.37,4.09,30.39
2901353,Andorinha,BA,5961,46.4,48.03,37.81,10.22,35.09,8.56,60.68,0.92,0.1,0.37,24.14,10.17,0.29,38.58
2901403,Angical,BA,4546,96.17,1.28,0.48,0.79,93.86,1.94,65.44,24.37,0.57,1.41,0.0,2.75,5.26,23.56
2901502,Anguera,BA,3150,49.52,48.1,26.92,21.17,44.67,1.87,87.02,0.41,0.16,0.98,1.49,8.19,0.16,12.19
2901601,Antas,BA,4484,19.58,75.87,60.55,15.32,15.32,1.27,79.73,16.01,0.47,0.31,0.89,0.8,0.18,7.83
2901700,Antônio Cardoso,BA,3438,70.86,22.08,11.31,10.76,66.61,2.73,67.68,2.04,0.03,0.35,0.32,15.1,7.36,28.48
2901809,Antônio Gonçalves,BA,3548,78.3,20.74,7.1,13.64,59.33,1.07,81.37,4.88,0.51,2.03,0.25,2.48,7.53,12.8
2901908,Aporá,BA,5647,94.6,4.52,0.73,3.79,91.78,0.8,90.44,2.41,3.58,0.64,0.8,0.19,0.19,7.1
2901957,Apuarema,BA,2489,54.76,43.79,42.75,1.04,24.27,1.65,66.45,6.07,5.79,13.78,0.12,0.2,2.41,27.68
2902005,Aracatu,BA,4607,74.8,21.94,1.37,20.58,70.41,0.56,43.95,7.14,0.15,0.41,10.07,27.61,10.14,51.64
2902054,Araçás,BA,4117,83.26,15.13,6.8,8.33,79.5,3.04,78.89,17.25,1.77,0.49,0.56,0.05,0.29,9.5
2902104,Araci,BA,16939,48.5,46.0,33.87,12.13,38.91,6.64,64.34,0.87,0.12,0.34,14.52,16.68,1.36,32.39
2902203,Aramari,BA,3492,79.98,18.61,10.11,8.51,72.97,1.6,80.81,17.35,0.4,0.29,0.2,0.11,0.17,4.27
2902252,Arataca,BA,3471,54.13,43.16,30.05,13.11,41.46,1.01,61.42,4.06,4.44,22.04,0.03,0.43,6.8,24.49
2902302,Aratuípe,BA,3114,58.48,37.57,28.84,8.73,40.66,5.01,59.41,5.84,26.49,5.01,0.0,0.06,1.19,39.92
2902401,Aurelino Leal,BA,3950,40.18,58.76,55.27,3.49,8.89,1.24,85.06,3.67,1.29,4.15,0.08,1.54,3.27,13.92
2902500,Baianópolis,BA,4416,99.32,0.45,0.25,0.2,95.56,3.74,78.8,19.32,0.5,0.36,0.02,0.25,0.5,4.48
2902609,Baixa Grande,BA,6490,41.59,56.93,34.93,22.0,33.88,5.73,63.93,0.12,0.03,0.05,5.78,27.13,1.06,34.21
2902658,Banzaê,BA,3935,86.58,12.66,3.33,9.33,81.98,0.46,74.03,25.11,0.03,0.05,0.03,0.36,0.03,6.99
2902708,Barra,BA,15476,42.69,51.32,31.7,19.62,36.22,5.56,67.96,13.12,5.38,0.94,1.85,0.93,9.29,25.68
2902807,Barra da Estiva,BA,8633,43.65,54.98,48.36,6.61,35.6,1.37,75.74,13.03,0.12,2.61,0.13,1.32,6.73,10.01
2902906,Barra do Choça,BA,12260,67.06,32.51,20.73,11.79,65.74,0.38,78.84,7.21,3.43,6.55,0.69,1.46,1.44,18.19
2903003,Barra do Mendes,BA,5044,89.18,10.29,0.32,9.97,87.77,1.03,64.81,27.76,0.14,4.4,0.65,0.89,0.38,13.66
2903102,Barra do Rocha,BA,2141,30.36,69.17,53.06,16.11,18.4,0.98,63.24,17.7,13.92,2.57,0.0,0.33,1.96,32.46
2903201,Barreiras,BA,54356,9.53,90.25,75.67,14.58,8.98,0.36,93.97,2.67,0.07,0.7,0.07,0.13,2.1,4.43
2903235,Barro Alto,BA,4748,97.68,1.98,1.1,0.88,96.12,0.99,64.32,29.13,0.06,0.06,3.07,2.78,0.06,22.18
2903276,Barrocas,BA,5209,35.0,63.39,30.31,33.08,33.88,0.75,85.12,0.12,0.02,0.04,7.64,3.07,0.4,13.17
2903300,Barro Preto,BA,2242,13.07,84.26,81.0,3.26,8.21,0.8,85.15,2.72,1.12,3.84,0.04,1.29,5.53,13.92
2903409,Belmonte,BA,7259,28.43,69.69,52.38,17.32,26.55,0.87,66.01,19.98,6.32,2.07,0.08,0.29,4.28,22.83
2903508,Belo Campo,BA,6361,94.76,3.84,1.29,2.55,93.24,1.07,38.01,27.76,19.48,0.16,4.65,4.53,4.72,49.32
2903607,Biritinga,BA,5358,72.84,21.89,20.7,1.19,69.82,2.5,77.55,18.66,0.11,0.02,0.67,1.03,0.02,8.53
2903706,Boa Nova,BA,4728,65.91,32.09,31.68,0.4,57.02,2.98,69.4,0.27,0.38,12.54,7.51,4.95,3.36,29.48
2903805,Boa Vista do Tupim,BA,5925,85.11,11.66,4.86,6.8,80.73,3.54,68.51,0.54,0.02,0.14,8.86,15.75,4.79,28.81
2903904,Bom Jesus da Lapa,BA,20927,37.68,60.87,48.65,12.22,34.82,2.29,78.59,8.94,0.53,0.08,4.65,4.87,1.8,10.41
2903953,Bom Jesus da Serra,BA,3170,95.21,0.79,0.16,0.63,85.55,7.6,40.54,0.32,0.28,0.95,31.58,20.82,5.14,59.05
2904001,Boninal,BA,4339,97.95,1.45,0.97,0.48,96.77,0.92,97.42,1.73,0.02,0.28,0.21,0.12,0.05,1.61
2904050,Bonito,BA,5413,91.39,8.17,1.02,7.15,89.67,1.2,88.31,7.26,0.26,0.54,1.24,0.76,0.35,6.28
2904100,Boquira,BA,6448,81.95,14.97,4.31,10.65,78.16,2.73,48.95,11.97,0.45,18.83,10.41,8.44,0.36,20.6
2904209,Botuporã,BA,3637,56.04,43.41,31.84,11.58,54.72,1.1,67.72,15.15,0.0,0.85,1.73,12.48,1.4,17.93
2904308,Brejões,BA,4728,56.92,41.67,29.25,12.42,53.13,1.16,70.71,2.75,0.49,1.8,14.76,6.54,1.33,25.23
2904407,Brejolândia,BA,3190,99.31,0.44,0.25,0.19,97.84,1.29,48.5,42.7,1.29,1.35,0.06,4.51,1.35,39.18
2904506,Brotas de Macaúbas,BA,4252,55.62,42.71,19.92,22.79,52.96,1.95,67.9,19.68,0.75,3.69,2.07,5.5,0.14,17.07
2904605,Brumado,BA,24535,32.64,66.88,61.42,5.45,31.47,0.86,79.99,6.9,0.13,0.17,4.1,5.66,2.56,19.56
2904704,Buerarema,BA,5719,25.09,72.93,71.32,1.61,16.3,0.66,80.0,1.61,2.1,8.22,0.07,1.03,6.22,17.1
2904753,Buritirama,BA,5900,88.78,9.17,6.63,2.54,73.69,13.37,47.24,16.49,2.9,0.64,30.95,1.29,0.2,41.64
2904803,Caatiba,BA,2175,30.25,69.56,69.33,0.23,27.59,0.6,69.61,2.21,0.05,23.13,0.18,0.14,4.64,30.21
2904852,Cabaceiras do Paraguaçu,BA,5197,89.69,8.62,6.64,1.98,88.15,0.48,82.2,6.79,2.62,2.06,3.69,0.17,1.1,14.26
2904902,Cachoeira,BA,10718,32.47,66.65,52.63,14.02,29.05,1.13,69.08,18.28,4.2,5.55,0.95,0.14,0.71,22.05
2905008,Caculé,BA,7827,70.1,29.77,17.06,12.71,69.45,0.2,90.32,1.92,0.89,0.14,3.55,1.57,1.33,8.5
2905107,Caém,BA,3564,71.91,24.55,14.09,10.47,63.05,4.26,74.33,8.19,0.14,3.96,2.47,5.27,2.81,15.32
2905156,Caetanos,BA,3672,70.02,25.25,14.35,10.89,58.17,5.72,30.8,1.99,0.14,2.23,23.83,20.7,20.18,63.81
2905206,Caetité,BA,17668,42.76,55.94,36.02,19.92,39.51,1.49,71.43,15.53,1.41,2.81,1.82,5.74,0.94,20.85
2905305,Cafarnaum,BA,5814,71.41,27.4,4.9,22.5,69.9,0.52,77.52,17.8,0.05,0.02,1.5,1.58,0.0,10.65
2905404,Cairu,BA,6534,47.26,52.14,35.94,16.21,37.53,0.58,84.47,9.41,0.57,2.1,0.03,0.15,2.86,5.17
2905503,Caldeirão Grande,BA,4290,62.7,36.43,15.62,20.82,57.55,4.64,90.26,0.44,0.05,0.12,3.68,3.1,0.26,9.09
2905602,Camacan,BA,8288,24.65,73.83,70.29,3.54,13.07,0.54,82.28,3.39,1.65,5.47,0.02,0.22,6.01,16.93
2905701,Camaçari,BA,109948,17.55,82.03,68.02,14.01,14.88,0.07,95.22,3.2,0.23,0.28,0.13,0.06,0.05,3.74
2905800,Camamu,BA,10433,58.41,38.59,35.97,2.62,36.54,4.64,63.74,6.54,7.01,16.8,0.06,0.25,4.47,31.46
2905909,Campo Alegre de Lourdes,BA,10093,97.29,0.9,0.44,0.47,81.92,14.7,26.29,20.06,0.42,4.27,6.9,37.18,2.71,64.42
2906006,Campo Formoso,BA,24287,57.86,40.32,14.37,25.95,52.32,3.62,67.75,13.95,0.37,1.84,2.42,12.53,0.33,23.47
2906105,Canápolis,BA,3307,60.54,38.4,28.36,10.04,53.73,6.26,58.94,36.01,0.24,0.97,0.18,0.7,1.84,36.92
2906204,Canarana,BA,8304,82.25,16.65,2.32,14.33,80.19,0.6,85.54,6.2,0.23,0.06,1.61,5.14,0.02,10.96
2906303,Canavieiras,BA,11903,24.13,74.22,52.63,21.59,20.42,0.64,65.97,23.83,1.92,2.94,0.01,0.3,4.13,29.58
2906402,Candeal,BA,2774,91.17,5.91,0.4,5.52,88.68,1.08,66.22,0.61,0.11,2.27,2.92,26.82,0.65,32.16
2906501,Candeias,BA,26441,14.24,84.78,73.49,11.29,8.09,0.1,95.99,0.82,0.1,2.11,0.02,0.04,0.03,3.13
2906600,Candiba,BA,4479,98.41,1.29,0.78,0.51,97.86,0.29,67.63,22.53,0.69,0.47,5.4,2.39,0.51,24.11
2906709,Cândido Sales,BA,8890,90.67,8.68,7.41,1.27,88.89,0.98,77.18,8.44,3.46,0.09,5.05,4.39,0.8,18.53
2906808,Cansanção,BA,12743,48.95,48.14,31.99,16.15,37.83,6.29,71.35,0.71,0.08,0.31,8.44,10.04,5.3,25.88
2906824,Canudos,BA,5446,59.68,35.15,25.1,10.04,52.59,4.11,69.32,9.24,0.99,0.04,13.35,3.32,2.57,29.14
2906857,Capela do Alto Alegre,BA,4309,51.43,46.32,39.57,6.75,44.84,2.97,81.99,0.09,0.07,0.09,0.67,15.73,0.42,12.3
2906873,Capim Grosso,BA,12296,77.91,20.9,11.78,9.12,75.5,1.59,93.9,0.41,0.04,0.05,2.64,1.77,0.48,5.34
2906899,Caraíbas,BA,3450,91.83,7.16,6.78,0.38,86.29,4.41,36.7,5.01,0.06,0.17,22.23,5.65,29.8,60.52
2906907,Caravelas,BA,7218,32.89,65.21,29.73,35.48,30.94,0.71,79.34,8.91,8.8,0.6,0.1,0.19,1.5,18.45
2907004,Cardeal da Silva,BA,2825,61.24,35.04,4.32,30.73,53.59,3.58,76.21,14.16,1.56,2.94,1.88,0.18,1.2,16.88
2907103,Carinhanha,BA,9304,56.26,43.29,32.67,10.62,52.74,3.44,72.68,20.13,2.09,0.27,0.38,1.49,1.64,19.99
2907202,Casa Nova,BA,23409,44.29,52.93,36.82,16.11,35.93,6.98,63.87,3.75,0.3,0.2,24.27,2.4,4.43,35.28
2907301,Castro Alves,BA,8706,33.37,64.59,60.43,4.16,31.71,0.38,89.17,2.41,0.08,0.62,2.18,3.19,1.61,5.94
2907400,Catolândia,BA,1123,80.32,19.41,2.05,17.36,73.02,1.69,65.27,17.28,0.8,0.0,0.27,0.36,15.85,3.83
2907509,Catu,BA,18304,22.63,76.13,73.09,3.04,17.73,0.3,90.09,7.15,0.93,1.28,0.05,0.06,0.04,4.44
2907558,Caturama,BA,3015,68.56,30.68,21.59,9.09,63.85,3.32,61.46,10.38,0.0,3.22,6.87,15.49,2.35,36.48
2907608,Central,BA,5726,85.43,13.19,0.94,12.24,83.62,1.57,92.96,0.73,0.0,0.0,2.97,0.93,0.02,6.5
2907707,Chorrochó,BA,3214,54.73,43.56,31.92,11.64,32.58,18.95,62.01,0.68,0.03,0.03,33.32,1.37,1.21,32.61
2907806,Cícero Dantas,BA,11672,44.24,54.19,52.06,2.12,40.96,1.53,82.54,9.48,0.08,0.21,0.28,6.46,0.13,9.49
2907905,Cipó,BA,5711,95.45,2.21,1.52,0.68,94.03,0.72,82.05,15.11,0.88,0.44,0.23,0.11,0.04,11.98
2908002,Coaraci,BA,6661,10.85,87.55,85.33,2.22,4.64,0.63,86.56,1.74,1.17,7.54,0.02,0.33,1.88,11.88
2908101,Cocos,BA,6295,93.01,4.19,1.27,2.92,86.93,5.58,65.91,5.8,0.02,4.0,0.27,0.78,23.07,27.82
2908200,Conceição da Feira,BA,6923,87.01,12.21,8.78,3.42,85.51,0.3,86.75,10.43,1.18,0.58,0.01,0.23,0.16,8.8
2908309,Conceição do Almeida,BA,5744,83.74,15.98,11.26,4.72,79.35,0.35,58.93,31.84,2.8,3.41,2.0,0.56,0.0,28.46
2908408,Conceição do Coité,BA,24342,46.51,51.68,33.13,18.55,44.62,1.15,83.96,0.82,0.15,0.24,3.73,8.77,0.2,13.31
2908507,Conceição do Jacuípe,BA,12812,81.72,18.0,6.08,11.92,81.18,0.26,51.73,35.58,5.8,0.52,3.51,0.09,0.01,39.09
2908606,Conde,BA,7680,71.43,24.6,16.22,8.37,67.77,3.19,67.9,18.09,4.31,1.5,0.36,0.2,5.57,28.15
2908705,Condeúba,BA,5875,89.4,10.09,5.14,4.95,88.39,0.85,74.81,9.33,1.94,0.39,3.44,4.58,5.36,15.05
2908804,Contendas do Sincorá,BA,1518,69.89,29.58,0.79,28.79,67.19,0.07,67.85,9.22,0.07,1.78,3.1,3.62,13.83,25.43
2908903,Coração de Maria,BA,8932,93.03,5.28,2.63,2.65,91.5,0.22,42.75,41.75,3.18,0.95,6.67,3.43,0.1,42.52
2909000,Cordeiros,BA,2639,74.57,24.97,4.93,20.05,74.38,0.11,70.44,11.1,0.15,8.0,1.78,3.26,5.04,15.57
2909109,Coribe,BA,4986,98.28,0.88,0.58,0.3,95.25,2.93,81.71,7.84,0.2,0.56,0.52,2.61,5.05,11.97
2909208,Coronel João Sá,BA,6026,53.6,45.22,35.1,10.12,42.6,8.3,57.1,0.33,0.05,0.32,29.46,8.13,1.56,39.93
2909307,Correntina,BA,11278,56.06,43.54,8.72,34.83,52.41,2.97,67.42,2.69,0.07,0.12,0.45,0.2,28.35,30.26
2909406,Cotegipe,BA,4411,98.91,0.52,0.32,0.2,93.29,4.87,66.88,20.31,0.05,0.18,0.25,1.43,10.59,21.42
2909505,Cravolândia,BA,1619,33.72,62.94,61.33,1.61,26.44,0.12,80.85,6.36,0.12,8.52,0.25,0.31,2.04,12.85
2909604,Crisópolis,BA,7269,92.02,7.18,1.62,5.56,90.15,1.14,76.94,20.15,0.73,0.03,1.13,0.47,0.11,14.65
2909703,Cristópolis,BA,4675,97.18,0.79,0.34,0.45,95.04,2.1,76.26,21.84,0.45,0.58,0.24,0.32,0.0,11.08
2909802,Cruz das Almas,BA,21726,27.48,72.22,55.1,17.13,26.17,0.13,86.53,7.65,4.6,0.26,0.21,0.17,0.02,8.74
2909901,Curaçá,BA,11240,40.84,54.88,36.22,18.66,30.34,3.4,77.24,6.47,0.25,0.12,9.42,1.54,1.96,18.59
2910008,Dário Meira,BA,3793,43.45,53.76,52.33,1.42,27.5,1.32,66.04,4.56,5.98,19.77,0.26,0.37,2.66,31.87
2910057,Dias d'Ávila,BA,25852,28.37,71.19,57.14,14.05,26.31,0.13,92.2,4.73,0.44,0.32,0.13,0.25,0.08,5.81
2910107,Dom Basílio,BA,3782,76.68,21.55,3.33,18.22,73.64,2.78,64.73,5.24,0.11,4.26,9.02,4.28,12.03,30.83
2910206,Dom Macedo Costa,BA,1639,92.01,7.44,7.02,0.43,90.91,0.06,76.63,9.88,1.59,11.35,0.0,0.0,0.0,9.95
2910305,Elísio Medrado,BA,2982,88.03,11.13,0.6,10.53,85.92,0.44,73.81,10.93,0.91,2.88,0.84,10.06,0.37,21.23
2910404,Encruzilhada,BA,6763,43.56,55.15,44.14,11.02,36.6,1.32,65.21,13.06,3.31,5.19,5.03,4.42,3.05,26.48
2910503,Entre Rios,BA,13675,86.4,12.5,9.7,2.81,83.96,1.73,73.64,19.47,2.01,0.67,1.95,0.18,0.73,17.83
2910602,Esplanada,BA,10824,80.12,18.77,1.58,17.19,78.74,1.0,79.19,14.37,1.75,1.15,0.2,0.18,1.59,16.23
2910701,Euclides da Cunha,BA,21720,54.45,43.68,20.6,23.08,51.0,2.09,74.99,14.97,0.17,0.21,4.57,2.46,0.07,11.44
2910727,Eunápolis,BA,41385,44.98,53.96,30.02,23.93,40.01,0.2,85.73,9.62,2.8,0.52,0.03,0.13,0.57,11.13
2910750,Fátima,BA,6801,46.55,51.6,42.67,8.93,42.46,1.53,90.43,1.69,0.03,0.4,2.09,3.04,0.4,8.2
2910776,Feira da Mata,BA,1976,98.94,0.51,0.2,0.3,97.27,1.57,70.45,17.81,0.05,0.4,0.56,3.54,6.78,18.42
2910800,Feira de Santana,BA,221592,18.8,80.84,64.63,16.21,17.05,0.14,89.33,8.04,0.93,0.51,0.06,0.53,0.04,7.11
2910859,Filadélfia,BA,6075,59.88,37.88,23.19,14.68,52.84,4.71,82.02,0.3,0.03,0.05,9.3,5.0,1.23,16.94
2910909,Firmino Alves,BA,1800,14.44,83.83,83.44,0.39,3.83,0.06,95.33,0.33,0.11,3.39,0.0,0.28,0.5,3.33
2911006,Floresta Azul,BA,3862,26.57,72.48,69.21,3.26,13.78,1.32,78.92,2.18,2.8,3.44,0.13,2.18,10.15,19.68
2911105,Formosa do Rio Preto,BA,8150,34.82,63.94,7.51,56.43,31.8,2.72,71.51,15.62,0.6,0.27,4.47,0.07,5.8,21.17
2911204,Gandu,BA,11898,27.62,71.64,67.88,3.77,9.61,0.69,80.39,7.97,5.21,5.08,0.06,0.08,0.38,17.85
2911253,Gavião,BA,1660,94.64,4.58,4.52,0.06,79.94,13.01,74.16,0.6,0.06,0.0,0.72,16.08,7.71,24.94
2911303,Gentio do Ouro,BA,3651,80.44,18.73,16.05,2.68,76.88,3.04,72.94,23.47,0.27,1.21,0.19,1.45,0.0,10.46
2911402,Glória,BA,5408,62.56,31.53,23.26,8.27,54.11,2.37,74.45,17.68,0.09,0.04,2.63,0.11,4.2,23.37
2911501,Gongogi,BA,1986,26.08,72.26,70.19,2.06,15.71,1.41,73.16,15.31,0.05,1.61,0.2,0.35,8.71,11.83
2911600,Governador Mangabeira,BA,7000,81.6,17.77,1.19,16.59,80.49,0.29,67.64,15.07,6.81,4.51,4.81,0.14,0.19,23.79
2911659,Guajeru,BA,2770,97.55,1.95,0.43,1.52,96.5,0.9,58.99,14.48,0.0,3.54,4.62,10.83,7.26,21.7
2911709,Guanambi,BA,30379,22.97,76.68,60.42,16.26,22.15,0.45,85.88,8.29,0.42,0.34,1.03,3.02,0.8,12.92
2911808,Guaratinga,BA,7244,41.74,57.05,52.73,4.32,27.29,3.88,65.43,4.07,10.23,15.38,0.04,0.19,4.2,30.47
2911857,Heliópolis,BA,4479,73.21,24.47,10.34,14.13,71.76,0.71,68.01,27.77,1.72,0.13,0.45,0.45,0.07,17.84
2911907,Iaçu,BA,9006,54.74,44.24,35.41,8.83,49.56,3.94,83.12,0.29,0.04,0.17,9.88,2.51,2.84,15.83
2912004,Ibiassucê,BA,3531,98.41,1.33,0.51,0.82,98.07,0.14,62.56,11.67,2.8,0.17,2.92,0.91,5.44,35.49
2912103,Ibicaraí,BA,8317,25.92,71.0,69.2,1.8,5.76,1.23,94.49,0.69,0.14,1.21,0.01,0.77,1.72,5.15
2912202,Ibicoara,BA,6808,68.85,30.13,18.46,11.66,64.56,0.47,56.54,34.94,0.32,5.2,0.6,0.28,1.91,14.6
2912301,Ibicuí,BA,5314,27.34,72.24,68.91,3.33,13.29,0.88,81.13,2.24,0.88,10.65,0.02,0.43,4.33,16.64
2912400,Ibipeba,BA,5819,86.3,13.15,1.03,12.12,82.73,1.74,84.46,11.82,0.09,0.21,0.64,0.93,0.33,12.48
2912509,Ibipitanga,BA,4755,90.22,8.2,1.18,7.02,89.42,0.42,58.28,21.7,0.04,0.76,1.07,12.41,5.38,22.61
2912608,Ibiquera,BA,1286,91.45,5.91,4.9,1.01,89.27,1.4,77.6,0.16,0.0,0.08,10.03,11.43,0.08,22.16
2912707,Ibirapitanga,BA,8359,39.59,58.09,50.19,7.91,27.67,2.01,60.31,9.93,5.4,20.92,0.12,0.13,2.25,37.84
2912806,Ibirapuã,BA,3219,40.91,58.65,50.45,8.2,39.05,0.37,62.16,18.83,11.99,5.31,0.03,0.0,1.43,25.1
2912905,Ibirataia,BA,6913,29.29,69.0,68.47,0.54,12.43,2.44,76.35,3.89,9.11,7.2,0.03,0.06,2.69,21.71
2913002,Ibitiara,BA,5086,83.96,14.65,8.3,6.35,81.2,1.97,67.91,11.42,0.1,3.03,1.65,10.18,3.54,18.6
2913101,Ibititá,BA,6003,75.35,23.54,2.1,21.44,73.71,0.57,95.29,2.47,0.07,0.17,0.27,0.4,0.0,4.45
2913200,Ibotirama,BA,9147,21.57,77.89,64.94,12.96,20.13,1.2,85.49,10.29,0.25,1.1,0.26,0.26,2.23,5.55
2913309,Ichu,BA,2173,90.38,9.16,4.19,4.97,89.09,1.01,89.37,0.09,0.0,0.18,1.79,7.18,0.0,8.01
2913408,Igaporã,BA,4886,44.41,54.99,44.45,10.54,43.82,0.55,80.35,16.52,0.53,0.45,0.41,1.37,0.18,12.87
2913457,Igrapiúna,BA,4484,59.75,36.98,23.68,13.29,37.96,2.54,50.04,6.02,9.32,28.86,0.02,0.13,5.04,47.97
2913507,Iguaí,BA,7951,35.23,62.65,60.12,2.53,24.78,2.1,65.66,3.22,2.16,21.68,0.1,0.13,6.24,26.14
2913606,Ilhéus,BA,66586,21.26,77.51,65.38,12.14,13.03,0.87,82.4,8.35,2.4,3.09,0.1,0.33,2.37,15.05
2913705,Inhambupe,BA,12152,58.54,40.4,35.12,5.28,55.95,1.22,83.26,14.91,0.16,0.08,0.33,0.26,0.07,14.41
2913804,Ipecaetá,BA,4102,77.35,18.26,2.85,15.41,67.94,3.39,67.28,1.0,0.34,2.32,10.82,17.53,0.17,31.37
2913903,Ipiaú,BA,14843,17.4,81.55,78.68,2.87,5.42,0.3,90.52,5.36,0.46,1.69,0.0,0.22,1.13,8.95
2914000,Ipirá,BA,21217,33.12,64.94,53.63,11.31,21.25,7.93,72.45,0.71,0.09,1.11,7.06,16.57,0.63,26.84
2914109,Ipupiara,BA,3551,55.14,43.87,43.42,0.45,54.13,0.34,83.38,11.63,0.03,0.37,0.28,2.73,0.96,8.98
2914208,Irajuba,BA,2191,97.63,1.83,0.91,0.91,92.61,1.83,66.82,2.05,0.37,2.33,11.36,14.29,0.27,30.53
2914307,Iramaia,BA,3684,93.57,5.62,4.37,1.25,90.93,0.98,57.71,11.32,0.03,1.17,7.19,18.92,3.31,32.79
2914406,Iraquara,BA,8146,93.48,5.59,2.57,3.02,91.3,1.67,84.93,9.18,0.16,0.56,3.79,0.33,0.12,11.58
2914505,Irará,BA,9942,95.35,3.66,1.35,2.31,92.44,0.81,71.61,23.6,0.59,0.18,2.75,0.56,0.04,13.29
2914604,Irecê,BA,25983,37.45,62.21,28.9,33.31,36.87,0.07,98.95,0.64,0.03,0.01,0.03,0.03,0.01,0.77
2914653,Itabela,BA,9620,87.97,11.57,4.77,6.8,84.51,0.78,80.55,7.71,4.43,3.98,0.11,0.29,1.05,17.91
2914703,Itaberaba,BA,23503,16.09,82.03,70.55,11.48,13.76,0.9,90.63,0.28,0.05,0.18,4.25,2.8,0.87,8.92
2914802,Itabuna,BA,71961,12.13,86.76,84.01,2.75,2.13,0.22,93.46,2.0,0.84,0.34,0.67,1.2,0.36,4.86
2914901,Itacaré,BA,9880,38.26,59.91,48.61,11.3,28.78,4.16,61.75,4.1,5.2,23.74,0.08,0.41,4.25,35.6
2915007,Itaeté,BA,4536,66.6,31.92,21.94,9.99,64.0,2.29,73.24,11.6,0.04,2.82,2.71,1.59,6.46,7.69
2915106,Itagi,BA,4652,32.48,65.74,61.44,4.3,18.23,1.53,76.7,2.6,0.84,15.54,0.13,0.17,3.72,21.9
2915205,Itagibá,BA,5441,28.51,69.07,66.53,2.54,19.32,1.62,77.98,13.99,0.59,2.54,0.7,0.81,2.57,18.2
2915304,Itagimirim,BA,2345,20.77,78.08,77.06,1.02,15.01,0.47,81.45,5.33,6.18,2.39,0.85,0.04,3.03,16.76
2915353,Itaguaçu da Bahia,BA,4088,86.57,12.6,6.41,6.19,81.68,3.89,61.35,30.55,0.05,0.07,1.76,3.2,1.71,24.9
2915403,Itaju do Colônia,BA,2106,16.1,82.43,79.06,3.37,8.02,1.95,81.05,2.37,0.05,0.71,0.85,2.75,10.92,18.71
2915502,Itajuípe,BA,6999,27.02,72.15,66.27,5.89,7.6,0.46,89.1,2.81,1.54,3.14,0.04,0.79,1.79,9.37
2915601,Itamaraju,BA,21747,19.82,79.64,75.2,4.44,15.01,0.28,82.64,6.88,4.29,4.91,0.03,0.06,0.8,15.11
2915700,Itamari,BA,2555,28.92,66.65,37.03,29.63,13.97,2.86,74.05,9.86,3.29,8.45,0.0,0.2,2.11,18.4
2915809,Itambé,BA,8090,19.0,80.43,80.25,0.19,14.47,0.07,83.51,3.19,0.02,8.64,0.31,0.32,3.68,13.96
2915908,Itanagra,BA,2069,63.17,35.72,7.88,27.84,57.23,2.03,75.4,7.06,6.14,4.25,3.29,0.14,2.9,21.12
2916005,Itanhém,BA,6806,28.3,70.61,68.59,2.03,21.54,0.29,72.22,4.88,8.11,12.67,0.01,0.0,1.88,24.07
2916104,Itaparica,BA,7389,27.32,71.43,52.24,19.19,25.51,0.14,94.29,1.16,0.32,2.45,0.01,0.14,0.04,4.43
2916203,Itapé,BA,3715,22.02,75.4,73.51,1.88,6.11,0.22,85.17,5.14,0.4,0.13,0.11,3.01,5.3,13.84
2916302,Itapebi,BA,3310,72.66,24.65,1.57,23.08,51.21,1.0,72.6,2.45,0.73,13.72,0.24,0.27,9.21,19.94
2916401,Itapetinga,BA,24058,4.07,95.6,94.03,1.58,1.91,0.03,96.67,0.68,0.07,0.13,0.54,0.46,1.01,3.09
2916500,Itapicuru,BA,11341,61.86,35.12,23.46,11.66,57.55,2.27,80.2,11.3,2.31,0.44,1.19,2.06,0.55,11.73
2916609,Itapitanga,BA,3028,15.39,83.88,82.93,0.96,6.27,1.19,82.6,0.86,0.17,12.88,0.83,0.5,1.72,16.61
2916708,Itaquara,BA,2775,45.51,53.62,52.76,0.86,40.94,0.18,77.62,3.5,1.15,12.72,0.4,0.65,3.14,9.87
2916807,Itarantim,BA,6280,18.14,79.86,79.62,0.24,7.9,0.51,82.87,1.13,0.18,7.5,0.25,1.18,6.27,13.03
2916856,Itatim,BA,5542,92.19,6.23,1.93,4.29,86.99,1.68,94.88,0.16,0.13,0.11,2.22,0.29,0.4,4.66
2916906,Itiruçu,BA,3973,53.89,45.76,39.79,5.97,53.54,0.15,85.45,4.63,2.64,0.86,1.86,2.94,0.86,12.94
2917003,Itiúba,BA,12063,47.17,50.2,25.03,25.18,30.59,11.08,61.47,1.18,0.2,1.07,14.24,16.68,2.25,37.46
2917102,Itororó,BA,6210,11.21,87.54,86.07,1.47,3.32,0.35,92.32,0.74,0.03,3.12,0.0,0.14,3.14,7.29
2917201,Ituaçu,BA,6191,67.92,29.8,6.91,22.89,66.48,0.76,60.93,11.4,0.11,7.17,0.29,0.78,19.16,18.12
2917300,Ituberá,BA,8039,38.64,58.83,47.51,11.32,11.47,0.98,67.51,2.13,2.26,18.37,0.05,0.07,8.78,25.29
2917334,Iuiu,BA,3501,37.42,62.13,44.13,17.99,36.5,0.66,77.95,19.99,0.57,0.11,0.11,0.49,0.23,13.08
2917359,Jaborandi,BA,3257,60.49,38.69,32.55,6.14,57.91,2.06,77.34,3.5,0.0,0.03,0.18,0.25,12.96,20.29
2917409,Jacaraci,BA,4565,80.83,19.08,16.52,2.56,80.26,0.18,91.39,4.34,0.94,0.83,0.2,0.7,1.31,4.16
2917508,Jacobina,BA,30907,27.51,71.71,58.99,12.71,25.15,1.09,90.86,1.68,0.11,1.98,1.38,1.84,0.94,6.93
2917607,Jaguaquara,BA,15915,48.2,50.82,45.6,5.22,43.72,0.43,83.79,2.16,1.8,8.38,0.92,0.62,1.28,15.44
2917706,Jaguarari,BA,11861,24.26,74.85,59.62,15.23,19.46,1.82,78.46,1.12,0.03,1.56,15.94,1.46,0.2,18.08
2917805,Jaguaripe,BA,6380,84.47,14.23,6.43,7.81,76.36,2.77,57.41,8.97,20.34,9.64,0.02,0.34,1.72,40.13
2917904,Jandaíra,BA,3099,92.16,6.03,2.48,3.55,89.61,1.03,76.19,14.62,3.29,2.19,0.0,0.1,2.45,14.75
2918001,Jequié,BA,57855,14.09,84.8,83.39,1.41,8.14,0.49,92.13,0.24,0.35,3.78,0.76,0.3,1.59,7.15
2918100,Jeremoabo,BA,13560,49.03,47.37,34.31,13.07,43.53,3.48,72.79,18.58,0.27,0.18,4.73,2.23,0.49,13.27
2918209,Jiquiriçá,BA,4812,63.59,33.92,31.57,2.35,51.77,1.31,49.25,7.42,0.85,36.06,0.75,0.12,5.11,49.98
2918308,Jitaúna,BA,5121,42.06,55.01,48.56,6.44,24.62,0.55,63.33,12.97,4.18,14.26,0.0,0.8,3.67,28.06
2918357,João Dourado,BA,8250,49.04,50.18,1.9,48.28,48.01,0.69,91.1,5.94,0.04,0.04,0.62,1.37,0.06,7.1
2918407,Juazeiro,BA,78819,13.53,85.95,78.09,7.85,10.48,0.66,94.84,0.5,0.03,0.11,1.99,0.09,1.13,4.54
2918456,Jucuruçu,BA,3499,61.82,35.41,35.12,0.29,43.18,5.03,39.1,16.4,6.94,30.49,0.0,0.11,6.14,47.59
2918506,Jussara,BA,5560,97.59,0.97,0.83,0.14,95.47,1.78,86.46,9.64,0.07,0.25,0.16,0.7,0.18,12.52
2918555,Jussari,BA,2080,25.14,74.09,66.78,7.31,5.43,0.14,86.88,1.06,0.43,1.78,0.91,3.22,5.67,12.45
2918605,Jussiape,BA,2533,59.34,39.64,17.73,21.91,57.24,0.79,75.92,2.05,0.04,9.08,1.5,1.3,9.71,22.74
2918704,Lafaiete Coutinho,BA,1603,36.37,63.19,51.28,11.92,33.87,0.19,60.57,11.92,0.06,0.69,2.12,23.39,0.5,21.77
2918753,Lagoa Real,BA,4373,96.27,1.51,0.25,1.26,95.01,1.23,67.35,20.35,3.36,0.05,0.78,1.67,5.79,25.34
2918803,Laje,BA,7523,75.14,23.91,21.63,2.29,59.42,3.02,45.45,9.7,9.94,31.96,0.12,0.47,1.79,43.71
2918902,Lajedão,BA,1486,26.65,72.81,25.44,47.38,24.76,0.61,73.42,8.88,10.97,2.69,0.87,0.07,2.09,22.75
2919009,Lajedinho,BA,1276,35.42,63.17,29.31,33.86,31.82,2.35,69.83,5.56,0.31,0.0,17.01,4.39,1.41,29.78
2919058,Lajedo do Tabocal,BA,2730,96.56,3.3,0.55,2.75,95.42,0.11,65.35,5.9,6.23,1.43,18.02,1.47,0.95,30.51
2919108,Lamarão,BA,3131,74.19,24.08,16.64,7.44,62.5,5.24,88.85,0.83,0.1,0.38,2.68,3.7,0.26,9.81
2919157,Lapão,BA,8725,66.77,32.33,16.79,15.54,66.01,0.49,94.61,3.07,0.13,0.01,0.13,0.72,0.01,4.37
2919207,Lauro de Freitas,BA,75302,11.01,88.73,72.83,15.91,6.97,0.02,97.74,1.51,0.17,0.27,0.03,0.03,0.01,1.13
2919306,Lençóis,BA,3919,47.89,51.49,47.51,3.98,40.16,3.47,87.91,4.67,0.13,1.99,1.45,0.66,2.81,11.38
2919405,Licínio de Almeida,BA,4014,98.21,1.67,1.1,0.57,97.76,0.22,76.43,12.86,3.26,0.82,1.27,1.15,3.91,10.11
2919504,Livramento de Nossa Senhora,BA,14710,38.15,60.74,33.74,27.0,36.13,1.4,71.37,10.9,0.98,2.66,1.4,6.7,4.74,25.04
2919553,Luís Eduardo Magalhães,BA,36342,12.55,87.39,65.2,22.19,12.41,0.01,92.05,7.71,0.04,0.01,0.0,0.01,0.04,4.33
2919603,Macajuba,BA,3881,55.66,43.21,39.19,4.02,47.36,7.6,70.73,0.18,0.05,0.18,7.63,19.07,0.85,28.45
2919702,Macarani,BA,7239,15.18,84.21,83.37,0.84,10.29,0.07,85.3,3.7,0.28,6.13,0.41,0.07,3.8,13.57
2919801,Macaúbas,BA,14083,66.34,32.84,27.03,5.82,62.88,2.9,82.93,6.89,0.07,1.9,0.98,6.06,0.75,7.9
2919900,Macururé,BA,2436,39.66,52.67,35.55,17.12,26.93,10.14,69.95,8.74,0.04,0.04,18.14,1.4,0.29,17.61
2919926,Madre de Deus,BA,6773,4.89,94.89,91.55,3.34,1.82,0.07,99.57,0.03,0.0,0.03,0.01,0.0,0.0,0.32
2919959,Maetinga,BA,2439,53.71,45.8,38.38,7.42,48.42,3.65,61.05,2.05,0.0,1.93,21.48,7.54,5.82,33.87
2920007,Maiquinique,BA,3173,25.43,73.87,73.18,0.69,10.09,1.01,79.1,1.83,0.41,8.92,1.67,0.5,6.74,19.07
2920106,Mairi,BA,6377,30.01,69.37,48.09,21.28,21.81,4.85,66.63,0.71,0.27,0.17,2.81,26.5,1.66,30.97
2920205,Malhada,BA,4811,97.3,1.23,0.6,0.62,95.51,1.23,59.86,32.22,0.69,0.12,0.58,3.37,2.47,28.14
2920304,Malhada de Pedras,BA,2989,73.2,26.56,12.24,14.32,69.32,3.14,48.14,11.21,0.0,0.1,7.83,21.68,10.94,44.4
2920403,Manoel Vitorino,BA,4825,90.22,8.5,0.48,8.02,82.57,3.32,57.82,1.22,0.04,0.15,11.09,22.32,6.8,40.48
2920452,Mansidão,BA,3572,99.1,0.34,0.31,0.03,94.93,3.58,61.79,25.64,0.11,0.08,2.3,1.85,7.03,29.9
2920502,Maracás,BA,9980,73.66,25.99,2.44,23.55,71.07,1.61,54.99,11.31,16.76,0.68,10.4,2.3,2.6,40.03
2920601,Maragogipe,BA,12953,48.81,46.14,42.87,3.27,32.46,1.16,64.73,5.12,9.6,17.28,0.63,0.41,1.05,34.35
2920700,Maraú,BA,8580,72.17,23.78,9.24,14.53,64.84,3.44,22.14,37.33,15.91,20.75,0.05,0.29,2.7,74.29
2920809,Marcionílio Souza,BA,3243,86.59,11.5,0.4,11.1,83.23,3.02,74.99,0.89,0.28,0.4,7.55,9.19,5.49,23.87
2920908,Mascote,BA,4797,40.38,59.04,57.35,1.69,34.1,0.67,84.24,5.88,1.13,3.67,0.13,0.48,4.27,14.26
2921005,Mata de São João,BA,15325,34.84,64.64,47.73,16.91,32.1,0.21,89.77,6.71,0.91,1.1,0.21,0.14,0.27,7.73
2921054,Matina,BA,3230,97.06,0.59,0.19,0.4,90.87,5.51,45.17,36.01,0.31,2.48,2.29,9.23,3.47,35.88
2921104,Medeiros Neto,BA,8470,47.34,52.07,48.8,3.27,41.03,0.21,84.23,5.87,6.15,2.2,0.05,0.06,0.66,14.69
2921203,Miguel Calmon,BA,9294,40.7,57.09,44.07,13.02,35.73,1.4,87.45,4.63,0.17,1.26,1.4,2.69,1.17,9.41
2921302,Milagres,BA,3986,68.24,27.65,3.09,24.56,62.02,1.1,90.77,0.25,0.03,0.25,6.7,0.88,0.08,7.98
2921401,Mirangaba,BA,5576,64.76,34.11,18.49,15.62,61.15,2.26,68.9,10.87,0.22,0.95,1.9,15.85,0.56,21.27
2921450,Mirante,BA,3448,80.63,14.79,14.47,0.32,73.96,3.77,28.54,3.22,0.0,1.02,36.86,21.69,8.27,68.88
2921500,Monte Santo,BA,16912,79.84,12.39,4.13,8.26,64.62,11.38,41.73,0.59,0.03,0.89,23.63,29.25,1.29,57.67
2921609,Morpará,BA,2766,63.23,36.23,30.33,5.89,61.03,1.01,67.5,27.95,0.98,0.9,0.07,1.99,0.33,14.93
2921708,Morro do Chapéu,BA,11882,53.96,45.1,40.09,5.02,49.98,3.51,69.28,18.62,0.49,0.73,2.42,4.23,2.77,17.39
2921807,Mortugaba,BA,3841,68.89,30.96,4.84,26.11,68.63,0.13,65.69,18.22,6.95,0.21,1.77,3.62,2.99,29.52
2921906,Mucugê,BA,4226,64.25,35.4,34.48,0.92,62.47,1.47,63.87,28.42,0.05,3.72,0.05,0.14,3.57,13.61
2922003,Mucuri,BA,13376,51.88,47.66,36.33,11.33,50.28,0.17,50.08,25.63,23.03,0.34,0.05,0.08,0.34,39.19
2922052,Mulungu do Morro,BA,4502,79.54,18.84,0.62,18.21,75.32,3.78,70.84,3.02,0.11,0.22,18.5,4.95,0.27,25.88
2922102,Mundo Novo,BA,6437,68.96,30.08,23.94,6.14,51.19,2.67,73.57,1.8,2.84,1.57,2.17,16.14,0.71,25.56
2922201,Muniz Ferreira,BA,2771,56.69,40.38,27.43,12.96,26.34,0.43,61.42,12.38,15.08,10.25,0.0,0.04,0.25,30.13
2922250,Muquém do São Francisco,BA,3368,60.96,38.39,9.53,28.86,57.66,2.67,73.34,14.19,0.21,1.07,5.7,2.35,2.7,15.88
2922300,Muritiba,BA,9991,47.87,51.66,43.45,8.21,47.1,0.1,89.97,7.4,1.51,0.13,0.13,0.11,0.01,6.36
2922409,Mutuípe,BA,7460,47.73,47.25,46.94,0.31,40.16,0.42,54.91,4.97,1.85,34.89,0.48,0.23,1.69,42.83
2922508,Nazaré,BA,9972,44.13,54.63,53.45,1.18,18.11,2.31,80.25,1.73,7.2,8.91,0.07,0.14,0.63,18.67
2922607,Nilo Peçanha,BA,4292,70.92,23.46,21.48,1.98,42.52,4.08,62.37,13.23,1.56,17.38,0.02,0.05,4.24,33.83
2922656,Nordestina,BA,5719,61.36,26.11,1.77,24.34,55.36,3.44,57.65,1.54,2.57,0.33,14.46,21.49,0.21,40.6
2922706,Nova Canaã,BA,4995,44.9,53.35,48.65,4.7,38.82,1.12,56.98,8.59,4.02,25.41,0.04,0.4,3.96,37.54
2922730,Nova Fátima,BA,3052,16.74,81.62,69.56,12.06,14.71,0.95,91.19,0.39,0.0,0.82,0.88,5.6,0.43,5.24
2922755,Nova Ibiá,BA,2401,46.36,48.31,46.9,1.42,27.53,1.62,44.94,25.45,12.29,14.7,0.0,0.29,1.37,34.36
2922805,Nova Itarana,BA,2660,87.56,11.17,2.37,8.8,84.36,1.73,78.98,0.9,0.11,0.79,9.81,1.92,0.56,20.23
2922854,Nova Redenção,BA,2646,95.84,2.46,2.42,0.04,93.88,1.51,91.16,0.72,0.0,0.23,0.83,2.8,3.29,6.27
2922904,Nova Soure,BA,8691,79.37,15.26,1.58,13.68,78.1,0.82,76.32,18.7,1.39,0.05,2.21,0.4,0.01,14.79
2923001,Nova Viçosa,BA,13677,53.93,45.92,19.13,26.79,52.08,0.32,58.5,24.03,16.66,0.23,0.01,0.01,0.24,29.18
2923035,Novo Horizonte,BA,3796,98.66,0.45,0.13,0.32,98.31,0.32,90.52,5.82,0.03,0.97,0.84,1.69,0.0,3.06
2923050,Novo Triunfo,BA,3262,18.03,76.55,65.11,11.43,13.95,2.18,85.38,6.19,1.13,0.83,3.46,2.15,0.09,10.58
2923100,Olindina,BA,8327,39.99,59.22,46.91,12.31,37.43,0.58,89.2,7.73,0.86,0.08,1.38,0.05,0.02,6.56
2923209,Oliveira dos Brejinhos,BA,7530,89.54,9.38,5.95,3.43,86.61,2.31,80.76,5.71,0.53,4.26,0.73,7.26,0.36,8.55
2923308,Ouriçangas,BA,2783,85.41,13.04,12.0,1.04,77.83,2.12,74.31,23.03,0.07,1.4,0.04,0.14,0.04,15.85
2923357,Ourolândia,BA,6100,43.28,55.98,15.67,40.31,42.18,0.23,54.15,41.72,0.33,0.13,1.36,1.33,0.03,30.69
2923407,Palmas de Monte Alto,BA,6773,91.04,8.4,0.78,7.62,86.22,4.65,46.27,31.85,3.78,0.58,1.4,11.1,3.93,46.2
2923506,Palmeiras,BA,3592,35.77,61.08,31.24,29.84,34.13,1.31,64.11,22.24,0.33,7.85,0.36,0.86,2.9,25.19
2923605,Paramirim,BA,6762,65.14,34.25,27.83,6.42,60.1,0.7,89.19,5.43,0.06,1.95,1.52,1.43,0.16,9.69
2923704,Paratinga,BA,9008,76.59,19.16,1.09,18.07,73.28,3.08,46.7,32.95,2.05,3.36,4.42,5.73,3.95,20.05
2923803,Paripiranga,BA,9664,59.79,38.37,21.71,16.66,58.56,0.65,64.71,0.86,0.01,0.76,0.81,31.31,0.03,25.03
2923902,Pau Brasil,BA,3294,32.09,64.78,64.15,0.64,14.45,3.4,71.13,1.03,1.31,3.64,6.41,3.37,12.08,23.19
2924009,Paulo Afonso,BA,38770,13.14,86.18,82.45,3.73,11.23,0.18,87.2,5.02,0.01,0.03,3.47,0.13,3.28,10.62
2924058,Pé de Serra,BA,4878,70.66,25.97,13.82,12.16,63.88,4.41,67.2,0.16,0.04,2.75,9.0,16.32,2.85,30.09
2924108,Pedrão,BA,2107,70.72,28.0,5.03,22.97,67.06,2.14,80.07,2.94,0.76,4.41,8.69,2.04,0.28,15.19
2924207,Pedro Alexandre,BA,4717,68.58,22.92,7.48,15.43,48.91,17.07,39.62,0.17,0.02,0.42,40.45,10.73,6.15,60.04
2924306,Piatã,BA,6544,76.42,22.97,3.5,19.47,75.21,0.87,57.23,29.71,0.24,9.6,0.35,0.24,2.09,9.2
2924405,Pilão Arcado,BA,10728,73.83,19.91,19.07,0.84,51.63,19.81,43.15,14.04,5.38,1.64,7.93,18.27,8.48,53.12
2924504,Pindaí,BA,5018,98.11,0.74,0.38,0.36,96.59,1.0,38.12,47.23,0.64,5.92,1.18,5.86,0.88,50.68
2924603,Pindobaçu,BA,6759,60.48,38.25,35.6,2.65,57.05,2.34,73.58,12.71,1.89,2.34,0.7,4.99,1.48,12.86
2924652,Pintadas,BA,3566,48.6,50.59,47.95,2.64,40.75,5.41,66.77,1.01,0.0,0.08,1.88,27.2,1.57,31.88
2924678,Piraí do Norte,BA,3218,56.4,40.93,30.02,10.91,25.05,0.53,44.9,9.57,10.01,31.67,0.12,0.44,2.64,49.13
2924702,Piripá,BA,3254,81.87,17.73,4.61,13.12,81.5,0.18,65.03,16.66,0.03,2.74,2.64,1.6,11.12,24.06
2924801,Piritiba,BA,6579,50.33,47.59,36.21,11.38,47.67,1.66,83.61,0.44,0.03,0.14,2.07,4.44,8.45,11.92
2924900,Planaltino,BA,2922,95.76,3.25,0.89,2.36,92.54,1.13,68.72,0.65,0.14,2.05,19.88,7.63,0.38,28.03
2925006,Planalto,BA,8313,96.15,2.89,0.42,2.47,90.45,1.0,68.74,8.54,2.89,4.66,1.24,6.48,6.92,30.45
2925105,Poções,BA,16865,29.33,70.03,67.55,2.48,24.87,1.71,82.9,0.65,0.18,2.19,7.34,3.66,2.15,15.49
2925204,Pojuca,BA,11843,15.47,84.02,80.02,3.99,12.81,0.19,85.65,9.21,0.72,2.52,0.86,0.11,0.07,8.19
2925253,Ponto Novo,BA,6302,73.82,25.75,3.14,22.61,67.72,4.06,87.34,0.75,0.0,0.0,7.12,1.16,1.36,11.54
2925303,Porto Seguro,BA,60234,23.09,76.52,59.36,17.15,21.37,0.75,65.69,29.36,2.51,0.85,0.04,0.08,0.4,26.23
2925402,Potiraguá,BA,3340,15.63,78.35,76.2,2.16,4.64,0.15,87.07,0.9,0.3,4.82,0.72,2.1,3.74,9.52
2925501,Prado,BA,11470,73.39,25.74,5.61,20.12,70.31,1.93,60.63,22.0,11.27,1.81,0.14,0.19,2.26,31.69
2925600,Presidente Dutra,BA,5401,91.69,8.15,1.78,6.37,90.52,0.46,96.45,1.67,0.02,0.11,0.06,0.48,0.0,3.13
2925709,Presidente Jânio Quadros,BA,4429,77.11,19.3,18.63,0.68,73.22,2.48,41.72,23.91,0.09,1.26,7.95,14.81,7.9,47.44
2925758,Presidente Tancredo Neves,BA,9570,67.78,30.91,27.38,3.53,57.64,2.81,54.89,4.55,24.8,13.09,0.19,0.09,1.04,41.22
2925808,Queimadas,BA,9032,50.69,46.46,33.55,12.91,42.4,5.39,66.66,1.54,0.17,0.3,10.89,13.04,5.17,30.79
2925907,Quijingue,BA,8778,76.58,20.06,8.2,11.86,62.99,8.51,78.35,4.37,0.03,0.4,8.82,4.59,0.21,18.33
2925931,Quixabeira,BA,3610,88.01,9.81,0.47,9.34,85.35,2.24,82.88,0.64,0.0,0.5,4.74,8.75,1.27,15.32
2925956,Rafael Jambeiro,BA,6644,60.66,33.87,20.02,13.85,51.4,3.45,62.34,13.52,0.56,1.9,10.26,9.18,1.02,25.62
2926004,Remanso,BA,13337,37.74,60.64,54.25,6.4,25.61,11.34,63.48,2.84,0.11,0.16,25.53,5.41,0.58,32.92
2926103,Retirolândia,BA,4969,56.01,40.89,28.82,12.07,51.22,1.73,83.01,0.06,0.02,0.06,5.96,7.37,0.34,14.89
2926202,Riachão das Neves,BA,7168,98.24,1.0,0.78,0.22,91.66,5.78,68.44,16.62,0.28,0.25,0.01,5.94,7.63,20.79
2926301,Riachão do Jacuípe,BA,12502,30.58,68.4,59.55,8.85,25.42,2.22,86.11,0.26,0.08,0.32,1.42,10.41,0.46,12.23
2926400,Riacho de Santana,BA,10101,85.74,13.58,0.75,12.83,81.05,4.46,63.73,17.43,0.63,4.86,0.19,12.01,0.68,20.89
2926509,Ribeira do Amparo,BA,4811,93.74,4.01,3.82,0.19,89.0,3.93,82.19,8.79,5.59,0.21,0.46,0.23,0.48,11.91
2926608,Ribeira do Pombal,BA,19303,42.56,54.96,23.52,31.43,38.65,0.93,90.6,6.98,1.16,0.06,0.35,0.23,0.01,6.57
2926657,Ribeirão do Largo,BA,3308,73.22,24.4,23.97,0.42,65.78,3.23,54.08,3.26,3.78,17.17,1.36,5.74,13.97,41.32
2926707,Rio de Contas,BA,4556,61.87,37.38,29.17,8.21,60.47,0.26,80.33,4.37,0.09,8.21,0.04,0.88,4.52,16.64
2926806,Rio do Antônio,BA,4604,48.02,50.28,24.22,26.06,45.92,1.61,66.94,6.97,0.15,1.78,3.82,12.01,8.01,30.76
2926905,Rio do Pires,BA,3503,50.7,48.3,5.22,43.08,48.42,1.86,65.37,2.28,0.0,2.11,2.54,2.14,25.01,23.29
2927002,Rio Real,BA,12639,93.79,4.36,3.09,1.27,90.95,0.4,78.66,10.52,8.81,0.51,0.46,0.05,0.25,16.84
2927101,Rodelas,BA,3199,16.57,82.74,71.05,11.69,5.22,0.34,96.28,0.16,0.03,0.0,1.0,0.0,1.53,3.25
2927200,Ruy Barbosa,BA,10131,27.69,71.27,63.51,7.76,21.8,3.83,80.78,1.63,0.01,1.12,4.52,9.84,0.47,16.92
2927309,Salinas da Margarida,BA,5330,52.5,47.17,23.1,24.07,51.28,0.08,98.18,0.58,0.0,0.09,0.04,0.09,0.09,1.54
2927408,Salvador,BA,958575,3.69,96.11,94.97,1.14,1.18,0.03,99.13,0.31,0.03,0.1,0.03,0.02,0.01,0.47
2927507,Santa Bárbara,BA,7281,82.75,13.01,9.38,3.63,77.13,2.68,71.83,0.6,0.12,2.38,1.19,20.34,0.3,25.07
2927606,Santa Brígida,BA,5246,61.95,32.88,31.91,0.97,56.33,3.91,49.47,24.08,0.04,0.61,15.82,7.47,0.67,46.66
2927705,Santa Cruz Cabrália,BA,10434,31.61,67.78,36.75,31.02,30.65,0.62,68.47,22.63,3.82,2.05,0.5,0.23,1.34,25.02
2927804,Santa Cruz da Vitória,BA,1692,24.35,75.53,75.12,0.41,9.4,0.35,90.48,5.08,0.0,1.18,0.12,0.77,2.19,8.57
2927903,Santa Inês,BA,3601,19.3,78.64,77.48,1.17,17.69,0.86,89.86,0.08,0.06,0.17,4.53,2.55,0.5,9.78
2928000,Santaluz,BA,13465,30.24,68.67,53.78,14.89,22.64,5.14,73.66,1.08,0.02,0.56,6.74,13.15,2.58,25.49
2928059,Santa Luzia,BA,4743,41.47,57.14,51.61,5.52,27.35,2.38,62.28,9.38,9.51,7.65,0.0,0.67,9.76,36.64
2928109,Santa Maria da Vitória,BA,13252,63.61,34.75,19.85,14.9,61.12,2.02,83.69,8.43,0.34,0.35,1.55,1.76,3.49,8.24
2928208,Santana,BA,8397,85.2,13.55,5.26,8.29,82.7,1.91,74.75,18.34,0.08,3.22,0.71,1.06,1.62,15.67
2928307,Santanópolis,BA,3033,77.65,21.13,1.68,19.45,61.59,3.0,65.02,3.46,0.13,0.86,17.54,10.15,0.07,32.87
2928406,Santa Rita de Cássia,BA,9133,86.77,12.81,12.15,0.66,77.94,8.64,62.51,24.03,2.05,0.32,0.25,3.07,7.4,32.42
2928505,Santa Terezinha,BA,4013,88.39,9.64,9.24,0.4,84.75,1.45,86.17,0.42,0.1,0.75,7.05,2.07,0.57,11.01
2928604,Santo Amaro,BA,20671,30.32,68.37,58.4,9.97,21.61,0.49,82.05,12.63,1.0,1.74,0.67,0.14,0.15,10.77
2928703,Santo Antônio de Jesus,BA,38249,18.61,80.76,73.58,7.17,14.5,0.18,91.64,5.72,1.67,0.5,0.01,0.04,0.04,6.33
2928802,Santo Estêvão,BA,17409,50.47,47.93,19.25,28.67,48.29,0.67,87.5,4.02,5.06,0.19,0.51,0.79,0.2,9.33
2928901,São Desidério,BA,10440,78.36,19.95,1.1,18.85,73.53,4.58,73.89,17.11,0.16,2.18,0.09,0.17,6.29,11.01
2928950,São Domingos,BA,3321,15.6,82.26,73.68,8.58,10.21,2.02,92.08,0.27,0.0,1.32,0.48,4.82,0.24,6.96
2929008,São Félix,BA,3930,35.19,62.7,60.59,2.11,30.0,1.07,64.17,8.27,4.27,13.28,6.9,1.15,0.28,31.63
2929057,São Félix do Coribe,BA,5271,88.86,10.81,4.04,6.77,87.12,1.52,80.59,9.94,1.65,0.06,1.54,2.37,3.59,11.72
2929107,São Felipe,BA,7340,76.96,22.1,16.57,5.53,73.9,0.34,50.46,18.32,24.88,5.3,0.2,0.05,0.05,40.37
2929206,São Francisco do Conde,BA,14008,33.96,65.31,55.58,9.73,20.11,0.3,95.4,0.21,0.14,1.08,1.61,0.06,0.53,3.4
2929255,São Gabriel,BA,6409,85.43,13.15,1.78,11.37,83.84,1.17,81.71,15.46,0.06,0.05,0.45,0.56,0.2,6.46
2929305,São Gonçalo dos Campos,BA,13404,66.5,32.11,13.2,18.91,64.07,0.25,82.19,11.53,2.05,0.81,1.02,0.1,0.58,15.17
2929354,São José da Vitória,BA,2061,19.31,77.68,75.45,2.23,9.9,0.68,83.84,0.53,0.24,6.31,0.05,0.78,7.62,16.06
2929370,São José do Jacuípe,BA,3816,62.76,35.9,35.19,0.71,56.39,4.61,83.96,0.42,0.0,0.37,2.18,10.82,0.73,13.65
2929404,São Miguel das Matas,BA,3816,78.54,19.44,19.03,0.42,70.73,1.83,52.78,10.38,9.8,23.61,0.13,1.49,1.21,38.52
2929503,São Sebastião do Passé,BA,15128,27.74,69.63,56.64,12.98,17.33,0.85,75.88,19.34,0.36,2.9,0.81,0.09,0.05,15.2
2929602,Sapeaçu,BA,6357,67.67,31.7,10.22,21.47,65.82,0.83,81.5,8.68,2.67,0.19,4.36,1.48,0.03,15.57
2929701,Sátiro Dias,BA,5669,68.34,29.35,24.7,4.66,62.62,2.58,86.28,12.15,0.07,0.02,0.14,0.18,0.05,4.55
2929750,Saubara,BA,4431,55.68,44.21,33.04,11.17,54.05,0.32,96.55,1.4,0.74,0.77,0.0,0.18,0.05,3.07
2929800,Saúde,BA,3957,52.46,46.12,29.47,16.65,50.59,1.04,76.85,6.92,0.03,4.75,1.31,3.74,5.0,22.11
2929909,Seabra,BA,15891,74.92,23.62,3.08,20.54,72.57,1.42,78.25,19.61,0.14,0.38,0.65,0.47,0.1,8.68
2930006,Sebastião Laranjeiras,BA,3183,97.24,2.42,2.36,0.06,96.2,0.72,78.48,14.7,0.03,0.35,2.58,3.14,0.6,7.51
2930105,Senhor do Bonfim,BA,26895,26.22,73.08,63.25,9.83,24.89,0.57,95.84,0.53,0.02,0.68,1.22,0.5,0.11,3.69
2930154,Serra do Ramalho,BA,11309,80.0,19.72,3.24,16.48,79.12,0.68,89.48,5.51,0.45,0.04,0.17,0.75,3.15,6.82
2930204,Sento Sé,BA,11702,49.83,49.21,37.18,12.02,44.27,3.63,82.57,8.94,0.48,0.96,1.42,1.89,2.71,13.05
2930303,Serra Dourada,BA,5898,93.51,6.17,0.97,5.21,92.78,0.64,58.8,37.13,1.41,0.19,0.05,1.98,0.03,25.55
2930402,Serra Preta,BA,5831,58.98,38.84,20.77,18.08,50.87,3.24,58.26,1.32,0.02,1.53,5.11,31.57,0.84,40.4
2930501,Serrinha,BA,28893,35.17,63.52,57.43,6.09,32.39,0.39,93.97,0.89,0.2,0.15,0.8,1.37,0.08,4.66
2930600,Serrolândia,BA,5200,86.38,12.19,4.79,7.4,85.21,0.83,94.69,0.12,0.0,0.06,0.46,3.31,0.21,4.48
2930709,Simões Filho,BA,42150,21.08,78.54,71.96,6.58,14.87,0.07,94.18,3.32,0.41,0.48,0.12,0.06,0.61,4.74
2930758,Sítio do Mato,BA,4006,58.81,38.52,31.88,6.64,57.16,1.55,87.12,6.86,0.67,0.0,0.77,2.12,1.3,12.48
2930766,Sítio do Quinto,BA,5121,64.56,32.47,32.12,0.35,61.92,1.76,72.27,21.42,0.06,0.2,1.97,3.28,0.1,12.54
2930774,Sobradinho,BA,8348,10.13,89.25,83.7,5.56,8.59,1.28,92.09,0.16,0.42,0.04,3.08,0.11,2.49,6.22
2930808,Souto Soares,BA,5711,87.94,11.24,0.74,10.51,84.61,2.8,73.33,9.65,0.07,0.05,5.66,10.35,0.09,12.92
2930907,Tabocas do Brejo Velho,BA,3919,97.88,1.45,0.23,1.22,94.97,2.81,62.44,31.62,1.35,0.61,0.08,3.27,0.0,9.82
2931004,Tanhaçu,BA,7310,76.8,22.0,19.08,2.91,72.85,2.16,47.61,7.59,0.14,2.37,5.03,12.53,24.31,46.44
2931053,Tanque Novo,BA,5500,83.91,15.42,4.25,11.16,82.22,1.58,65.78,14.27,0.16,1.53,1.35,14.18,1.93,27.11
2931103,Tanquinho,BA,2595,36.57,60.12,49.94,10.17,32.91,1.39,82.16,0.35,0.04,1.27,1.39,11.98,0.12,15.88
2931202,Taperoá,BA,6308,57.02,40.28,31.88,8.4,38.86,6.77,59.72,3.14,9.04,21.48,0.06,0.63,5.26,36.87
2931301,Tapiramutá,BA,5106,96.61,2.8,1.37,1.43,94.54,1.16,80.06,8.03,0.96,0.61,0.98,2.31,6.03,15.26
2931350,Teixeira de Freitas,BA,52472,13.79,85.67,76.11,9.56,11.84,0.11,78.44,11.69,8.3,0.69,0.0,0.02,0.41,13.94
2931400,Teodoro Sampaio,BA,2608,62.92,36.35,25.38,10.97,57.55,0.84,85.2,7.82,0.77,3.64,0.04,0.84,0.27,13.11
2931509,Teofilândia,BA,7371,41.85,54.73,26.01,28.72,37.82,1.76,82.17,1.3,0.01,0.08,9.23,2.29,0.43,15.64
2931608,Teolândia,BA,4735,62.01,35.59,25.36,10.22,44.84,4.67,41.22,9.19,13.56,33.18,0.02,0.27,1.46,49.23
2931707,Terra Nova,BA,3790,20.82,77.55,68.44,9.1,7.63,0.37,84.3,9.08,0.24,3.64,0.5,0.05,0.16,11.77
2931806,Tremedal,BA,5882,82.15,13.97,10.03,3.94,75.11,3.37,38.37,12.04,2.64,0.77,10.17,13.41,22.27,55.42
2931905,Tucano,BA,17387,35.07,62.4,49.57,12.83,30.9,2.02,73.31,18.84,2.47,0.35,2.8,0.78,0.09,21.07
2932002,Uauá,BA,8736,81.06,14.64,13.68,0.96,66.63,6.56,54.44,4.9,0.33,0.52,24.55,13.59,0.48,40.91
2932101,Ubaíra,BA,6851,49.72,48.85,41.88,6.98,38.24,0.98,54.31,0.93,0.61,31.38,0.38,0.54,10.9,40.37
2932200,Ubaitaba,BA,6493,18.79,80.3,76.08,4.22,5.05,1.31,88.73,3.4,1.39,1.56,0.0,0.17,3.33,8.15
2932309,Ubatã,BA,5862,25.03,71.34,68.76,2.58,6.47,0.58,85.47,5.56,2.88,4.28,0.27,0.1,0.7,11.86
2932408,Uibaí,BA,4874,67.09,31.86,1.23,30.63,65.59,0.33,96.9,2.01,0.04,0.02,0.06,0.27,0.0,2.85
2932457,Umburanas,BA,4485,39.24,58.62,22.14,36.48,36.86,1.98,74.4,8.74,0.13,0.04,11.66,2.74,0.13,20.04
2932507,Una,BA,6938,48.07,49.44,35.83,13.61,40.13,1.46,67.54,4.76,9.3,10.18,0.06,0.39,7.05,24.83
2932606,Urandi,BA,5135,89.04,10.52,10.4,0.12,85.43,0.88,71.3,6.5,0.1,3.31,3.1,13.73,0.93,15.37
2932705,Uruçuca,BA,7856,34.83,63.61,58.62,4.99,25.47,2.69,71.07,3.5,13.43,7.98,0.01,1.06,2.41,27.32
2932804,Utinga,BA,5926,73.52,24.86,1.81,23.05,71.89,1.52,82.97,7.78,0.0,0.27,1.16,2.19,4.93,11.83
2932903,Valença,BA,32290,27.88,69.83,60.86,8.97,18.62,1.29,74.88,5.05,10.27,7.06,0.0,0.24,1.47,23.97
2933000,Valente,BA,9062,15.13,83.28,56.28,27.0,11.5,0.57,90.71,0.07,0.11,0.18,2.32,5.14,0.14,8.59
2933059,Várzea da Roça,BA,5031,80.1,19.14,16.9,2.25,75.63,3.88,75.45,0.16,0.0,0.18,2.72,19.0,1.51,19.6
2933109,Várzea do Poço,BA,3220,58.54,40.71,32.11,8.6,56.58,0.71,81.8,0.37,0.03,0.22,0.87,11.71,4.07,16.24
2933158,Várzea Nova,BA,4860,38.31,60.47,59.44,1.03,36.26,1.69,79.98,13.4,0.1,0.02,1.63,3.31,0.08,15.23
2933174,Varzedo,BA,3622,68.14,31.28,29.43,1.85,65.41,0.86,57.21,28.02,2.24,10.3,0.03,0.11,0.72,17.01
2933208,Vera Cruz,BA,16549,48.46,50.99,30.17,20.82,45.22,0.18,96.58,1.03,0.54,0.69,0.01,0.04,0.0,2.17
2933257,Vereda,BA,2253,55.88,43.76,40.61,3.15,31.03,0.89,59.43,8.66,8.21,15.09,0.0,0.09,8.48,35.15
2933307,Vitória da Conquista,BA,129081,15.93,83.77,80.87,2.9,15.25,0.26,90.52,4.26,1.7,0.37,1.49,0.66,0.47,7.47
2933406,Wagner,BA,3280,95.0,4.12,0.79,3.32,93.87,0.85,85.49,2.47,0.06,0.24,0.95,3.78,6.28,11.65
2933455,Wanderley,BA,4251,78.08,21.74,3.25,18.49,74.31,3.08,64.71,27.31,0.02,0.05,0.14,1.79,5.55,26.98
2933505,Wenceslau Guimarães,BA,8317,59.67,35.77,28.66,7.11,42.86,2.9,46.04,23.21,8.78,15.14,0.04,0.3,4.67,46.18
2933604,Xique-Xique,BA,13521,61.75,36.86,20.62,16.24,57.64,3.41,81.09,14.37,0.16,0.34,0.48,0.4,2.26,11.09
3100104,Abadia dos Dourados,MG,2579,16.01,83.95,70.45,13.49,14.46,0.0,70.88,13.38,8.53,3.92,0.0,0.04,3.22,21.48
3100203,Abaeté,MG,9026,11.37,88.6,85.19,3.41,11.11,0.04,87.67,9.13,2.51,0.14,0.0,0.0,0.27,8.99
3100302,Abre Campo,MG,4896,41.03,58.8,53.47,5.33,9.64,0.0,62.5,10.44,4.76,22.16,0.02,0.02,0.04,28.45
3100401,Acaiaca,MG,1507,46.58,52.75,42.34,10.42,6.9,0.0,74.65,15.46,3.85,5.91,0.0,0.0,0.13,19.58
3100500,Açucena,MG,3285,50.5,49.1,46.15,2.95,13.97,0.12,43.32,22.53,3.44,29.98,0.0,0.06,0.58,44.11
3100609,Água Boa,MG,4467,61.74,37.0,36.18,0.83,44.91,1.32,53.91,19.52,15.2,8.93,0.09,0.02,1.97,44.44
3100708,Água Comprida,MG,822,0.36,99.64,74.57,25.06,0.24,0.0,73.24,25.06,1.58,0.0,0.0,0.0,0.12,26.28
3100807,Aguanil,MG,1622,7.4,92.29,73.49,18.8,6.29,0.0,72.63,19.24,2.96,5.12,0.0,0.0,0.06,20.72
3100906,Águas Formosas,MG,6600,21.83,77.76,76.88,0.88,18.41,0.65,77.32,5.36,1.94,13.71,0.0,0.02,1.35,17.29
3101003,Águas Vermelhas,MG,4185,58.02,41.82,39.83,1.98,56.77,1.05,88.15,3.46,1.24,0.05,2.77,0.33,3.66,11.09
3101102,Aimorés,MG,9535,14.34,85.47,78.94,6.53,7.86,0.02,82.79,9.32,0.88,6.21,0.06,0.01,0.44,16.31
3101201,Aiuruoca,MG,2481,42.52,56.67,40.95,15.72,21.36,0.12,47.24,4.55,3.39,40.19,0.08,0.0,4.55,49.98
3101300,Alagoa,MG,1024,42.38,57.52,53.22,4.3,13.67,0.0,66.8,1.17,0.68,31.35,0.0,0.0,0.0,30.37
3101409,Albertina,MG,1035,21.16,78.84,70.92,7.92,15.65,0.0,70.43,1.93,0.39,27.25,0.0,0.0,0.0,28.41
3101508,Além Paraíba,MG,11692,29.77,69.98,69.04,0.94,1.06,0.03,95.24,1.1,0.59,2.83,0.01,0.0,0.1,4.44
3101607,Alfenas,MG,29127,3.04,96.91,94.14,2.78,2.78,0.0,94.15,3.03,0.85,1.92,0.0,0.01,0.01,5.18
3101631,Alfredo Vasconcelos,MG,2464,29.06,70.86,69.44,1.42,14.81,0.0,75.0,15.99,0.77,7.71,0.0,0.0,0.49,23.46
3101706,Almenara,MG,14479,15.86,83.44,81.77,1.68,13.34,0.77,85.14,1.62,0.46,7.37,0.28,0.08,4.51,13.26
3101805,Alpercata,MG,2755,13.87,85.99,76.26,9.73,6.53,0.0,74.23,16.26,7.48,1.74,0.04,0.07,0.04,21.89
3101904,Alpinópolis,MG,6594,12.13,87.82,82.68,5.14,11.83,0.0,82.0,6.13,0.86,10.87,0.0,0.02,0.03,14.42
3102001,Alterosa,MG,5280,23.66,76.33,75.81,0.51,23.18,0.0,76.12,11.1,1.65,11.1,0.0,0.0,0.02,23.03
3102050,Alto Caparaó,MG,2176,31.62,67.83,67.19,0.64,8.41,0.05,81.62,5.93,0.05,11.81,0.0,0.05,0.32,17.51
3102100,Alto Rio Doce,MG,3990,45.56,54.14,46.89,7.24,10.83,0.18,59.27,10.25,6.27,23.81,0.05,0.0,0.28,39.35
3102209,Alvarenga,MG,1542,44.55,52.08,44.88,7.2,10.51,0.06,50.0,9.4,3.76,35.21,0.06,0.0,1.36,34.24
3102308,Alvinópolis,MG,5592,27.54,72.16,71.44,0.72,4.43,0.05,72.01,9.46,3.7,14.41,0.0,0.02,0.21,19.21
3102407,Alvorada de Minas,MG,1366,44.29,55.12,37.92,17.2,37.85,0.81,47.29,16.25,7.83,25.33,2.42,0.0,0.59,44.14
3102506,Amparo do Serra,MG,1574,32.97,66.14,56.8,9.34,4.0,0.0,65.12,19.82,2.99,11.88,0.0,0.0,0.0,32.27
3102605,Andradas,MG,15157,13.96,85.95,79.37,6.58,9.12,0.0,78.6,4.95,1.43,14.98,0.01,0.0,0.0,20.58
3102704,Cachoeira de Pajeú,MG,2928,45.15,54.3,48.57,5.74,42.42,0.92,66.26,13.22,12.19,4.95,1.2,0.51,1.33,31.32
3102803,Andrelândia,MG,4523,14.81,85.01,81.36,3.65,10.97,0.0,83.35,2.87,0.31,12.69,0.0,0.0,0.69,14.84
3102852,Angelândia,MG,2607,39.09,60.64,58.46,2.19,38.4,0.08,65.98,4.03,19.26,8.59,0.69,0.0,1.38,26.54
3102902,Antônio Carlos,MG,4073,29.98,69.87,64.72,5.16,10.53,0.12,77.58,9.55,5.06,7.46,0.0,0.02,0.27,17.97
3103009,Antônio Dias,MG,3210,53.61,44.3,42.18,2.12,7.63,0.03,51.56,12.4,0.56,33.18,0.03,0.03,0.12,30.28
3103108,Antônio Prado de Minas,MG,599,25.21,73.62,73.46,0.17,9.35,0.0,66.94,4.34,0.5,28.21,0.0,0.0,0.0,30.55
3103207,Araçaí,MG,826,20.22,79.66,69.85,9.81,19.85,0.0,86.2,9.56,2.18,0.48,0.0,0.0,1.57,9.56
3103306,Aracitaba,MG,854,16.04,83.96,83.14,0.82,1.17,0.0,81.97,5.39,0.47,12.06,0.0,0.0,0.12,14.87
3103405,Araçuaí,MG,12188,21.53,77.63,54.74,22.88,19.29,1.56,78.52,3.57,0.67,1.78,3.44,5.41,6.07,19.67
3103504,Araguari,MG,44069,5.36,94.6,91.82,2.78,5.31,0.01,92.48,4.74,0.72,1.32,0.01,0.0,0.17,4.96
3103603,Arantina,MG,1112,10.61,89.03,88.76,0.27,5.94,0.0,91.55,0.36,0.0,7.73,0.0,0.0,0.36,7.46
3103702,Araponga,MG,2862,47.31,51.78,37.6,14.19,22.5,0.0,44.79,8.77,5.38,40.08,0.0,0.03,0.94,54.26
3103751,Araporã,MG,2878,2.61,97.39,94.3,3.09,2.5,0.0,94.93,2.08,2.36,0.38,0.03,0.0,0.21,3.41
3103801,Arapuá,MG,1045,19.81,79.43,78.09,1.34,18.18,0.0,79.33,3.35,1.24,15.79,0.0,0.0,0.29,18.76
3103900,Araújos,MG,3354,16.49,83.51,83.24,0.27,14.64,0.0,86.05,9.72,3.4,0.21,0.0,0.0,0.42,9.51
3104007,Araxá,MG,40329,1.19,98.77,97.27,1.49,0.81,0.01,96.46,2.18,0.22,0.64,0.32,0.0,0.09,1.82
3104106,Arceburgo,MG,3368,6.68,93.23,88.27,4.96,6.15,0.0,90.05,4.22,0.5,5.14,0.03,0.03,0.0,9.47
3104205,Arcos,MG,15057,4.2,95.76,93.44,2.31,4.01,0.01,95.66,2.63,0.57,0.56,0.03,0.01,0.12,2.77
3104304,Areado,MG,5102,3.86,96.14,87.42,8.72,3.65,0.0,86.97,5.14,1.8,6.08,0.0,0.0,0.0,11.86
3104403,Argirita,MG,1012,17.59,81.92,78.75,3.16,2.77,0.0,73.81,14.72,0.79,10.38,0.0,0.0,0.3,16.21
3104452,Aricanduva,MG,1676,45.82,52.8,52.09,0.72,44.63,1.07,59.49,4.83,19.81,11.52,0.36,0.18,3.64,34.01
3104502,Arinos,MG,6166,39.07,60.54,46.74,13.8,37.51,0.99,69.28,17.69,2.63,4.7,0.89,0.39,4.23,24.88
3104601,Astolfo Dutra,MG,5177,12.5,87.5,86.19,1.31,1.16,0.0,89.99,2.3,0.68,6.86,0.04,0.0,0.04,6.88
3104700,Ataléia,MG,4948,37.53,60.87,50.71,10.17,27.59,0.71,59.2,8.85,4.91,25.51,0.0,0.04,1.29,37.09
3104809,Augusto de Lima,MG,1707,85.53,14.29,8.26,6.03,84.07,0.12,62.62,27.83,0.06,8.44,0.0,0.06,0.82,21.97
3104908,Baependi,MG,6787,10.23,89.42,79.49,9.93,7.38,0.01,79.95,2.31,0.34,16.91,0.0,0.01,0.41,16.86
3105004,Baldim,MG,2935,27.73,72.1,55.74,16.35,24.16,0.14,80.31,9.23,6.64,0.99,0.0,0.03,2.15,16.35
3105103,Bambuí,MG,9593,9.92,90.07,87.87,2.2,9.53,0.07,87.98,5.45,2.74,2.78,0.0,0.05,0.95,10.28
3105202,Bandeira,MG,1754,31.58,66.19,63.06,3.14,23.49,0.97,64.77,3.08,0.46,27.25,0.06,0.34,3.71,34.78
3105301,Bandeira do Sul,MG,2232,9.32,90.68,86.16,4.53,2.64,0.0,90.14,3.63,0.27,5.82,0.0,0.0,0.09,9.63
3105400,Barão de Cocais,MG,10617,13.5,86.43,85.79,0.64,2.78,0.03,90.26,2.03,0.18,6.59,0.52,0.03,0.24,6.23
3105509,Barão do Monte Alto,MG,1896,17.99,81.75,79.96,1.79,4.06,0.05,80.06,10.55,3.11,6.07,0.05,0.0,0.0,17.04
3105608,Barbacena,MG,46664,9.36,90.47,88.66,1.81,4.04,0.01,88.21,6.49,2.86,2.23,0.01,0.01,0.06,8.68
3105707,Barra Longa,MG,2017,60.09,39.46,37.58,1.88,3.57,0.05,55.97,22.26,1.93,19.14,0.0,0.0,0.5,14.43
3105905,Barroso,MG,7290,5.29,94.61,93.16,1.45,2.03,0.0,97.49,1.11,0.22,0.99,0.01,0.04,0.08,2.02
3106002,Bela Vista de Minas,MG,3595,21.84,78.05,77.44,0.61,1.2,0.0,90.07,2.45,0.08,7.32,0.0,0.0,0.06,5.67
3106101,Belmiro Braga,MG,1171,49.7,49.79,42.02,7.77,5.38,0.0,60.72,8.2,0.85,29.46,0.0,0.09,0.51,35.53
3106200,Belo Horizonte,MG,889584,2.27,97.41,97.22,0.19,0.58,0.01,99.33,0.22,0.01,0.02,0.0,0.01,0.01,0.27
3106309,Belo Oriente,MG,8096,14.98,84.65,82.55,2.1,8.36,0.01,72.28,19.43,5.19,2.42,0.05,0.0,0.15,15.48
3106408,Belo Vale,MG,3244,52.77,46.61,40.17,6.44,47.16,0.0,51.51,28.55,0.03,19.61,0.0,0.0,0.28,27.4
3106507,Berilo,MG,3569,55.39,43.37,39.51,3.87,53.38,1.32,53.46,10.73,0.62,15.07,2.97,2.1,14.65,25.13
3106606,Bertópolis,MG,1499,28.75,63.38,62.91,0.47,14.01,0.07,74.32,4.47,5.14,14.94,0.07,0.0,0.87,25.42
3106655,Berizal,MG,1392,80.82,19.04,17.96,1.08,80.39,0.43,83.41,8.19,1.72,1.51,2.95,0.65,1.36,13.36
3106705,Betim,MG,146858,5.66,94.21,91.12,3.09,4.1,0.01,98.37,0.72,0.21,0.13,0.25,0.0,0.01,1.24
3106804,Bias Fortes,MG,1275,73.65,25.96,25.41,0.55,4.31,0.31,53.49,3.14,2.12,32.71,0.0,0.0,8.31,35.45
3106903,Bicas,MG,5463,12.25,87.72,87.57,0.15,1.23,0.0,93.85,1.76,0.75,3.51,0.0,0.04,0.04,3.0
3107000,Biquinhas,MG,1027,93.57,6.04,3.41,2.63,93.28,0.0,73.22,17.43,2.24,6.43,0.0,0.0,0.58,24.34
3107109,Boa Esperança,MG,13804,6.64,93.33,89.51,3.82,6.56,0.0,87.61,5.68,2.39,4.22,0.0,0.0,0.05,8.7
3107208,Bocaina de Minas,MG,2211,61.51,38.49,30.3,8.19,42.02,0.0,42.24,1.0,0.5,55.81,0.05,0.0,0.36,55.5
3107307,Bocaiúva,MG,16839,16.66,83.22,79.83,3.38,16.42,0.1,83.42,13.12,0.39,1.16,0.17,0.11,1.35,7.29
3107406,Bom Despacho,MG,19174,5.13,94.83,92.42,2.4,4.81,0.02,93.72,4.07,1.52,0.52,0.0,0.01,0.11,5.58
3107505,Bom Jardim de Minas,MG,2680,16.53,83.43,81.53,1.9,6.53,0.0,88.88,1.75,0.22,8.69,0.0,0.0,0.45,8.62
3107604,Bom Jesus da Penha,MG,1644,25.97,73.78,72.26,1.52,25.43,0.0,73.11,5.35,1.09,20.38,0.0,0.0,0.06,26.82
3107703,Bom Jesus do Amparo,MG,1974,28.57,70.31,52.03,18.29,15.15,0.0,54.26,28.57,0.91,14.18,1.52,0.0,0.25,14.39
3107802,Bom Jesus do Galho,MG,5560,30.67,68.38,62.03,6.35,8.26,0.09,67.43,10.83,3.83,17.5,0.0,0.02,0.32,28.97
3107901,Bom Repouso,MG,4472,38.53,61.27,59.75,1.52,14.29,0.04,57.58,10.29,2.1,30.01,0.0,0.0,0.0,37.08
3108008,Bom Sucesso,MG,6375,9.82,90.12,85.32,4.8,9.62,0.03,89.52,2.84,1.05,6.42,0.0,0.0,0.11,9.87
3108107,Bonfim,MG,3054,48.36,51.47,45.51,5.96,46.82,0.0,67.03,16.5,2.98,13.03,0.0,0.03,0.23,27.93
3108206,Bonfinópolis de Minas,MG,2094,26.84,72.97,68.48,4.49,25.74,0.67,71.06,8.55,1.29,8.02,1.19,0.05,9.74,19.2
3108255,Bonito de Minas,MG,3041,96.58,2.56,0.49,2.07,79.91,16.31,51.23,16.77,1.35,0.16,0.59,0.39,27.56,21.7
3108305,Borda da Mata,MG,6663,14.63,85.22,81.93,3.29,9.06,0.05,77.77,8.04,5.15,8.93,0.02,0.03,0.03,19.87
3108404,Botelhos,MG,5605,20.0,79.79,74.22,5.57,9.26,0.04,77.79,3.78,0.45,17.91,0.0,0.02,0.04,19.25
3108503,Botumirim,MG,2086,72.48,27.47,26.27,1.2,66.59,5.61,62.56,5.7,5.99,15.44,2.06,0.24,7.72,24.5
3108552,Brasilândia de Minas,MG,5255,31.8,68.16,41.79,26.37,31.44,0.1,88.49,8.07,1.9,0.23,0.06,0.02,1.05,9.65
3108602,Brasília de Minas,MG,10748,42.1,57.64,54.54,3.1,40.66,1.38,59.3,33.77,0.59,1.39,0.34,0.18,4.23,20.15
3108701,Brás Pires,MG,1634,48.84,51.1,50.43,0.67,14.87,0.12,56.61,20.07,3.06,19.77,0.0,0.06,0.43,34.33
3108800,Braúnas,MG,1604,52.99,46.63,38.4,8.23,7.42,0.06,42.33,20.57,13.84,23.13,0.0,0.0,0.06,47.44
3108909,Brazópolis,MG,5441,35.89,63.76,59.36,4.39,14.91,0.02,64.8,2.06,1.38,31.63,0.02,0.0,0.06,27.38
3109006,Brumadinho,MG,13868,28.42,71.4,52.34,19.06,23.8,0.04,78.82,11.05,0.84,6.8,2.14,0.01,0.12,12.58
3109105,Bueno Brandão,MG,4196,41.47,58.29,51.62,6.67,30.43,0.12,52.1,5.53,6.79,35.2,0.0,0.0,0.31,46.59
3109204,Buenópolis,MG,3425,26.1,73.66,71.91,1.75,25.2,0.53,83.36,9.31,0.06,3.56,0.18,0.03,3.3,7.47
3109253,Bugre,MG,1438,24.69,75.31,57.51,17.8,4.31,0.14,47.43,17.39,26.08,9.11,0.0,0.0,0.0,42.35
3109303,Buritis,MG,8737,39.56,60.33,39.36,20.97,39.2,0.17,73.0,15.44,1.67,7.02,0.01,0.05,2.67,19.39
3109402,Buritizeiro,MG,8176,49.76,50.09,5.42,44.67,49.54,0.2,89.65,5.71,0.33,1.17,0.71,0.04,2.31,7.49
3109451,Cabeceira Grande,MG,2602,93.58,6.3,0.96,5.34,93.12,0.19,80.51,9.42,1.92,7.03,0.0,0.0,1.0,17.83
3109501,Cabo Verde,MG,4200,24.83,74.9,64.0,10.9,21.02,0.0,64.1,7.1,0.48,28.33,0.0,0.0,0.0,27.0
3109600,Cachoeira da Prata,MG,1377,12.42,87.51,85.91,1.6,7.7,0.07,93.68,3.92,1.67,0.36,0.0,0.0,0.15,3.12
3109709,Cachoeira de Minas,MG,4359,18.17,81.53,68.52,13.01,12.04,0.0,69.33,12.2,2.64,15.23,0.0,0.05,0.25,29.8
3109808,Cachoeira Dourada,MG,867,4.27,95.73,91.81,3.92,4.15,0.0,87.77,6.57,2.54,2.77,0.0,0.0,0.12,11.19
3109907,Caetanópolis,MG,4208,26.71,73.19,70.25,2.95,26.47,0.02,78.75,9.08,4.28,0.69,4.78,0.0,0.02,18.82
3110004,Caeté,MG,13577,12.49,87.3,81.98,5.33,8.22,0.03,90.62,3.67,0.6,4.6,0.12,0.03,0.22,8.01
3110103,Caiana,MG,1982,50.0,48.69,47.28,1.41,19.53,0.0,50.96,11.35,1.36,36.23,0.05,0.0,0.0,47.53
3110202,Cajuri,MG,1432,43.92,55.66,50.56,5.1,2.51,0.0,62.01,28.91,2.65,5.87,0.0,0.0,0.21,31.08
3110301,Caldas,MG,5717,36.1,61.75,48.24,13.5,23.63,0.02,58.44,4.43,1.4,34.86,0.44,0.12,0.17,39.37
3110400,Camacho,MG,1050,39.81,60.1,58.67,1.43,34.67,0.1,63.14,20.29,11.05,4.67,0.1,0.67,0.1,27.9
3110509,Camanducaia,MG,9668,25.18,74.3,67.17,7.13,19.2,0.0,70.34,4.9,3.58,20.95,0.01,0.0,0.05,24.76
3110608,Cambuí,MG,11323,14.76,85.17,83.01,2.16,12.68,0.02,84.97,2.55,5.2,7.22,0.0,0.02,0.04,13.62
3110707,Cambuquira,MG,4597,26.65,73.31,70.2,3.11,21.38,0.09,87.8,2.87,1.7,7.35,0.0,0.04,0.15,11.42
3110806,Campanário,MG,1086,6.45,93.19,87.2,5.99,3.78,0.0,84.9,10.68,0.92,2.67,0.0,0.0,0.28,14.36
3110905,Campanha,MG,5702,11.35,88.58,86.41,2.17,9.79,0.0,82.55,7.72,3.47,6.0,0.0,0.02,0.21,13.21
3111002,Campestre,MG,7842,31.38,68.45,60.94,7.51,24.55,0.03,60.89,4.53,2.47,32.01,0.0,0.0,0.1,36.84
3111101,Campina Verde,MG,7296,7.17,92.72,79.14,13.58,6.51,0.04,77.22,11.35,4.51,5.28,0.03,0.0,1.32,19.98
3111150,Campo Azul,MG,1276,99.61,0.31,0.31,0.0,96.0,3.45,45.22,39.11,0.08,1.25,3.37,0.31,10.5,22.49
3111200,Campo Belo,MG,19817,3.02,96.94,95.42,1.52,2.38,0.02,95.0,3.11,0.44,1.41,0.0,0.01,0.01,3.44
3111309,Campo do Meio,MG,4075,12.37,87.56,85.4,2.16,11.88,0.15,84.66,6.33,7.34,1.55,0.0,0.0,0.02,13.64
3111408,Campo Florido,MG,3032,4.06,95.91,83.31,12.6,3.5,0.0,82.72,10.29,2.18,4.42,0.0,0.0,0.36,16.75
3111507,Campos Altos,MG,4679,5.21,94.59,90.38,4.21,4.92,0.02,90.17,1.43,0.24,7.82,0.0,0.0,0.24,8.12
3111606,Campos Gerais,MG,9474,13.01,86.88,75.6,11.28,12.71,0.01,73.47,9.5,6.95,9.99,0.0,0.01,0.03,24.42
3111705,Canaã,MG,1703,47.8,52.08,36.52,15.56,7.99,0.0,45.16,29.54,5.05,18.67,0.0,0.0,1.59,53.85
3111804,Canápolis,MG,4034,4.39,95.59,91.72,3.87,3.67,0.0,88.82,7.86,1.26,1.36,0.02,0.0,0.62,9.64
3111903,Cana Verde,MG,1942,20.7,79.25,76.67,2.57,12.67,0.0,82.54,15.96,0.05,0.88,0.0,0.0,0.41,9.53
3112000,Candeias,MG,5419,22.35,77.43,76.23,1.2,19.63,0.06,78.22,9.8,5.52,5.81,0.02,0.0,0.59,16.83
3112059,Cantagalo,MG,1387,49.17,50.68,49.1,1.59,29.13,0.14,55.08,6.2,30.93,7.43,0.0,0.0,0.14,39.37
3112109,Caparaó,MG,1852,58.05,40.98,39.9,1.08,27.48,0.0,44.17,14.47,0.27,41.04,0.0,0.0,0.05,50.05
3112208,Capela Nova,MG,1667,55.91,43.37,36.71,6.66,43.19,0.0,66.41,4.86,15.24,13.38,0.0,0.0,0.0,29.45
3112307,Capelinha,MG,14149,20.14,79.67,76.44,3.23,19.11,0.42,82.99,2.95,6.56,5.53,0.27,0.17,1.31,16.08
3112406,Capetinga,MG,2384,9.61,90.35,86.2,4.15,7.8,0.0,87.75,2.73,0.46,8.98,0.0,0.0,0.08,11.45
3112505,Capim Branco,MG,3598,33.69,66.06,34.21,31.85,33.1,0.0,93.33,4.59,1.03,0.58,0.0,0.0,0.17,5.73
3112604,Capinópolis,MG,5574,1.31,98.56,96.99,1.58,0.7,0.04,93.72,2.76,2.19,1.09,0.09,0.0,0.05,5.6
3112653,Capitão Andrade,MG,1791,18.76,79.96,76.94,3.02,3.35,0.0,76.88,12.79,4.19,5.64,0.0,0.0,0.0,12.06
3112703,Capitão Enéas,MG,4573,37.0,62.83,53.6,9.23,36.69,0.2,73.08,26.28,0.09,0.07,0.09,0.11,0.04,14.54
3112802,Capitólio,MG,3885,11.94,87.95,78.02,9.94,11.71,0.0,77.4,8.29,1.0,12.43,0.13,0.0,0.69,14.49
3112901,Caputira,MG,3089,41.5,57.88,48.79,9.1,6.9,0.0,48.24,22.37,3.11,26.0,0.0,0.0,0.06,46.49
3113008,Caraí,MG,6871,55.6,43.56,41.09,2.47,42.86,1.85,49.22,15.27,6.42,24.1,0.17,1.34,2.98,44.87
3113107,Caranaíba,MG,1047,52.34,47.47,43.36,4.11,33.24,0.1,70.58,7.83,5.83,15.47,0.0,0.0,0.29,23.59
3113206,Carandaí,MG,8201,26.62,73.22,71.58,1.65,6.97,0.04,86.15,6.0,2.27,5.24,0.0,0.04,0.15,12.51
3113305,Carangola,MG,12170,22.42,77.42,75.77,1.65,7.21,0.0,84.7,1.43,0.58,13.09,0.02,0.02,0.12,14.75
3113404,Caratinga,MG,32668,17.07,82.67,77.66,5.01,5.45,0.01,79.37,6.05,5.23,8.96,0.02,0.02,0.07,18.69
3113503,Carbonita,MG,3419,17.08,82.71,81.54,1.17,16.5,0.15,87.34,1.96,0.12,6.76,0.61,0.03,3.1,11.99
3113602,Careaçu,MG,2435,20.94,79.06,76.06,3.0,18.64,0.0,77.41,10.14,4.27,7.97,0.0,0.0,0.21,21.31
3113701,Carlos Chagas,MG,7123,28.61,71.01,70.24,0.77,26.21,0.14,72.53,2.19,3.06,16.19,0.24,0.06,5.49,27.21
3113800,Carmésia,MG,910,45.16,54.4,47.36,7.03,21.87,0.66,74.51,0.99,2.09,21.54,0.0,0.0,0.77,21.98
3113909,Carmo da Cachoeira,MG,3939,18.25,81.72,77.96,3.76,15.89,0.0,78.9,1.85,0.96,18.0,0.03,0.08,0.1,20.49
3114006,Carmo da Mata,MG,4252,11.83,88.08,85.84,2.23,10.94,0.02,92.07,4.61,0.52,2.45,0.02,0.0,0.09,6.28
3114105,Carmo de Minas,MG,4641,21.14,78.73,77.18,1.55,7.71,0.02,79.4,3.6,1.66,14.52,0.0,0.0,0.75,18.21
3114204,Carmo do Cajuru,MG,8653,12.48,87.48,85.31,2.17,12.27,0.0,90.67,3.48,4.17,1.48,0.03,0.02,0.13,8.67
3114303,Carmo do Paranaíba,MG,11056,10.81,89.06,88.04,1.02,10.64,0.04,84.08,5.29,2.99,7.43,0.01,0.0,0.05,9.53
3114402,Carmo do Rio Claro,MG,7945,11.33,88.57,77.94,10.64,10.99,0.04,74.6,10.53,3.65,10.91,0.0,0.0,0.26,22.08
3114501,Carmópolis de Minas,MG,6347,15.44,84.53,76.81,7.72,11.96,0.05,79.99,8.29,5.86,5.69,0.0,0.0,0.11,16.97
3114550,Carneirinho,MG,3750,8.88,91.01,76.96,14.05,8.69,0.03,74.83,19.01,5.84,0.24,0.0,0.0,0.03,19.55
3114600,Carrancas,MG,1508,28.58,70.95,67.44,3.51,24.07,0.0,72.68,3.05,1.39,22.41,0.0,0.07,0.33,17.31
3114709,Carvalhópolis,MG,1222,22.5,77.25,75.45,1.8,21.77,0.0,75.61,8.92,2.05,13.34,0.0,0.0,0.08,24.14
3114808,Carvalhos,MG,1685,44.93,52.82,47.95,4.87,14.18,0.0,64.09,1.6,0.89,31.69,0.06,0.0,1.31,31.45
3114907,Casa Grande,MG,765,42.35,57.39,53.07,4.31,23.4,0.0,70.2,8.76,12.29,8.5,0.0,0.0,0.0,26.93
3115003,Cascalho Rico,MG,1058,45.84,54.16,45.09,9.07,45.56,0.09,69.28,19.09,2.08,5.01,0.0,0.0,3.4,30.62
3115102,Cássia,MG,6408,7.44,92.49,90.07,2.42,6.76,0.02,86.64,3.92,1.26,8.1,0.0,0.0,0.05,9.38
3115201,Conceição da Barra de Minas,MG,1324,40.03,59.89,54.91,4.98,38.67,0.0,73.41,7.25,6.04,12.01,0.0,0.0,0.98,25.45
3115300,Cataguases,MG,25400,17.02,82.78,81.8,0.98,0.91,0.0,95.44,2.28,0.44,1.72,0.0,0.0,0.04,3.67
3115359,Catas Altas,MG,1988,7.19,92.35,86.52,5.84,5.84,0.1,89.08,4.58,0.05,5.84,0.15,0.05,0.25,5.23
3115409,Catas Altas da Noruega,MG,1092,49.27,50.27,46.34,3.94,30.31,0.09,49.63,7.51,0.37,41.85,0.46,0.09,0.0,43.77
3115458,Catuji,MG,2489,57.37,41.74,39.57,2.17,48.09,0.68,40.42,13.22,5.22,40.02,0.0,0.08,0.88,42.43
3115474,Catuti,MG,1712,71.09,28.91,28.74,0.18,70.85,0.18,49.71,49.94,0.0,0.06,0.06,0.12,0.06,34.29
3115508,Caxambu,MG,8154,1.64,98.26,96.92,1.34,0.83,0.0,97.56,0.44,0.2,1.66,0.0,0.01,0.02,2.15
3115607,Cedro do Abaeté,MG,449,10.47,89.53,21.38,68.15,10.47,0.0,90.2,3.56,0.0,3.12,0.0,0.0,2.9,9.35
3115706,Central de Minas,MG,2507,17.99,80.49,77.54,2.95,6.26,0.04,85.68,4.43,3.43,6.34,0.0,0.0,0.08,13.52
3115805,Centralina,MG,3754,3.49,96.51,59.8,36.71,3.41,0.03,83.38,12.76,2.21,1.36,0.03,0.03,0.24,4.08
3115904,Chácara,MG,1203,20.45,79.55,67.66,11.89,8.81,0.0,78.64,5.07,1.75,13.8,0.0,0.0,0.08,17.79
3116001,Chalé,MG,2227,48.81,50.97,40.91,10.06,6.47,0.09,62.86,8.22,0.85,27.75,0.0,0.0,0.31,32.56
3116100,Chapada do Norte,MG,3479,51.88,46.74,24.09,22.65,43.78,1.81,54.21,28.69,1.38,2.7,2.47,2.1,8.34,32.25
3116159,Chapada Gaúcha,MG,3882,62.29,37.56,0.95,36.6,59.17,2.45,68.32,10.87,1.26,0.95,1.42,0.7,16.15,28.05
3116209,Chiador,MG,1038,14.26,85.74,83.82,1.93,6.74,0.1,83.14,1.64,1.06,13.01,0.77,0.0,0.39,14.74
3116308,Cipotânea,MG,2042,58.72,40.45,39.13,1.32,23.36,0.0,59.45,15.96,7.69,16.06,0.0,0.0,0.44,38.59
3116407,Claraval,MG,1661,42.5,57.5,52.2,5.3,41.0,0.06,53.58,14.03,1.38,31.01,0.0,0.0,0.0,44.79
3116506,Claro dos Poções,MG,2797,63.78,36.11,33.57,2.54,63.21,0.43,75.69,14.62,0.25,0.89,0.32,0.14,6.11,22.24
3116605,Cláudio,MG,10794,12.94,86.99,84.48,2.51,11.25,0.0,82.91,9.39,4.62,2.62,0.01,0.02,0.17,15.31
3116704,Coimbra,MG,2833,34.8,64.95,59.27,5.68,3.35,0.0,64.95,28.49,2.4,4.09,0.0,0.0,0.04,28.31
3116803,Coluna,MG,2977,51.36,48.37,47.2,1.18,43.53,0.24,66.64,3.33,20.62,8.46,0.0,0.0,0.91,29.96
3116902,Comendador Gomes,MG,1084,21.49,78.04,63.75,14.3,18.54,0.0,58.21,25.83,7.01,8.49,0.09,0.0,0.09,35.06
3117009,Comercinho,MG,2539,56.2,43.64,39.7,3.94,53.01,1.3,47.38,23.24,9.96,13.78,1.89,2.24,1.22,31.23
3117108,Conceição da Aparecida,MG,3804,24.97,74.95,69.87,5.07,24.55,0.0,68.95,6.23,2.18,22.48,0.03,0.03,0.11,23.13
3117207,Conceição das Pedras,MG,1019,23.75,76.15,75.47,0.69,6.18,0.0,84.59,1.18,0.2,13.54,0.0,0.0,0.49,14.82
3117306,Conceição das Alagoas,MG,9881,3.41,96.53,92.57,3.96,3.19,0.03,93.12,3.64,2.0,1.13,0.0,0.0,0.07,6.26
3117405,Conceição de Ipanema,MG,1680,51.55,48.39,43.63,4.76,12.08,0.0,52.98,10.18,3.21,33.57,0.0,0.0,0.06,35.54
3117504,Conceição do Mato Dentro,MG,7962,32.22,66.83,63.75,3.08,26.0,0.3,66.68,2.3,1.12,24.96,2.1,0.03,1.67,28.55
3117603,Conceição do Pará,MG,2067,46.78,52.98,43.98,9.0,35.66,0.05,68.26,25.16,5.13,0.53,0.1,0.0,0.05,29.32
3117702,Conceição do Rio Verde,MG,4567,10.4,89.45,86.67,2.78,7.34,0.0,90.17,3.94,1.31,4.29,0.0,0.02,0.24,9.15
3117801,Conceição dos Ouros,MG,3966,16.04,83.86,78.21,5.65,7.29,0.03,87.14,3.76,1.84,7.19,0.0,0.03,0.03,10.64
3117836,Cônego Marinho,MG,2373,98.86,0.46,0.17,0.29,94.4,3.96,82.72,11.72,2.02,0.13,0.63,0.17,2.44,11.97
3117876,Confins,MG,2498,47.64,52.32,3.12,49.2,47.2,0.0,98.48,1.08,0.32,0.04,0.0,0.0,0.0,1.24
3117900,Congonhal,MG,4162,16.41,83.52,76.74,6.78,13.84,0.0,74.44,6.17,9.01,10.0,0.0,0.1,0.22,23.04
3118007,Congonhas,MG,17985,15.3,84.35,80.86,3.5,6.24,0.01,91.48,1.74,0.47,5.27,0.75,0.03,0.08,5.81
3118106,Congonhas do Norte,MG,1720,45.87,53.84,50.23,3.6,43.6,0.17,79.01,5.12,0.93,10.93,0.0,0.06,3.84,18.9
3118205,Conquista,MG,2573,6.76,93.16,85.46,7.7,6.61,0.0,87.91,4.16,0.27,7.58,0.0,0.0,0.04,11.62
3118304,Conselheiro Lafaiete,MG,47587,5.48,94.36,93.03,1.33,1.82,0.01,96.85,1.57,0.64,0.66,0.11,0.02,0.01,2.54
3118403,Conselheiro Pena,MG,7998,13.62,86.08,79.97,6.11,9.96,0.01,82.9,3.16,0.84,12.33,0.01,0.01,0.6,15.93
3118502,Consolação,MG,622,17.52,81.99,69.94,12.06,11.41,0.16,72.35,0.96,4.18,21.86,0.0,0.0,0.48,26.37
3118601,Contagem,MG,228783,3.69,96.07,94.46,1.61,2.66,0.01,99.34,0.29,0.09,0.04,0.01,0.0,0.02,0.48
3118700,Coqueiral,MG,3250,12.89,87.08,81.23,5.85,12.83,0.0,79.82,6.25,1.91,12.03,0.0,0.0,0.0,16.95
3118809,Coração de Jesus,MG,9295,67.82,31.95,29.64,2.31,65.23,2.02,65.68,26.12,0.99,3.18,0.23,0.32,3.23,16.13
3118908,Cordisburgo,MG,2965,42.93,56.96,46.51,10.46,42.77,0.03,69.78,14.5,10.12,2.09,0.1,0.0,2.83,25.16
3119005,Cordislândia,MG,1147,14.12,85.53,83.44,2.09,11.94,0.0,83.09,5.84,2.01,8.28,0.09,0.0,0.0,16.13
3119104,Corinto,MG,8668,13.94,85.87,74.87,10.99,13.43,0.09,89.39,7.97,0.55,0.57,0.0,0.02,0.98,8.95
3119203,Coroaci,MG,3298,46.57,53.31,51.64,1.67,38.05,0.15,59.4,13.25,11.25,15.86,0.0,0.0,0.21,31.81
3119302,Coromandel,MG,11454,13.32,86.61,78.6,8.01,12.97,0.03,82.18,8.38,1.77,5.76,0.01,0.0,1.82,16.94
3119401,Coronel Fabriciano,MG,38423,8.36,91.49,90.9,0.6,0.7,0.01,90.17,7.21,1.58,0.84,0.0,0.01,0.03,4.31
3119500,Coronel Murta,MG,2882,36.85,62.07,48.89,13.19,30.99,1.49,77.83,5.27,0.21,8.15,1.98,1.08,5.24,20.85
3119609,Coronel Pacheco,MG,990,23.64,76.16,65.56,10.61,4.34,0.0,74.04,7.88,1.92,16.06,0.0,0.0,0.0,23.33
3119708,Coronel Xavier Chaves,MG,1262,29.87,70.05,56.81,13.23,24.8,0.0,62.36,20.05,6.5,10.86,0.0,0.0,0.08,27.97
3119807,Córrego Danta,MG,1197,32.16,67.5,64.83,2.67,30.74,0.5,71.01,7.69,5.6,13.12,0.17,0.17,2.26,28.24
3119906,Córrego do Bom Jesus,MG,1689,38.48,61.28,51.92,9.35,26.94,0.06,60.92,3.67,4.56,30.55,0.0,0.0,0.24,36.06
3119955,Córrego Fundo,MG,2196,18.99,80.87,71.04,9.84,18.35,0.0,89.62,3.51,2.78,3.42,0.0,0.41,0.05,7.33
3120003,Córrego Novo,MG,1070,32.9,65.98,58.5,7.48,16.07,0.0,65.7,14.11,12.15,7.76,0.0,0.0,0.19,33.08
3120102,Couto de Magalhães de Minas,MG,1480,11.42,88.31,86.96,1.35,10.68,0.0,90.81,1.28,0.2,5.34,0.0,0.0,2.36,8.72
3120151,Crisólita,MG,1890,49.74,49.31,48.99,0.32,31.43,1.06,64.55,11.48,6.77,14.87,0.05,0.0,2.01,33.97
3120201,Cristais,MG,4494,4.65,95.13,85.22,9.9,4.49,0.0,82.73,6.36,7.63,2.11,0.0,0.0,0.04,16.31
3120300,Cristália,MG,1724,62.3,37.59,37.06,0.52,60.32,1.97,61.48,8.99,2.09,21.29,1.04,0.06,4.87,37.59
3120409,Cristiano Otoni,MG,1621,27.76,71.87,70.94,0.93,11.84,0.0,82.29,10.92,2.22,4.38,0.0,0.06,0.0,15.85
3120508,Cristina,MG,3671,41.92,58.0,56.99,1.01,1.17,0.0,67.26,4.9,0.25,27.02,0.03,0.05,0.46,25.58
3120607,Crucilândia,MG,2119,20.62,79.33,77.96,1.37,15.53,0.0,76.69,13.83,1.13,7.98,0.0,0.0,0.33,5.76
3120706,Cruzeiro da Fortaleza,MG,1245,10.44,89.56,85.78,3.78,9.64,0.0,83.45,11.97,2.25,2.01,0.0,0.0,0.24,14.62
3120805,Cruzília,MG,5763,7.91,91.91,88.51,3.4,4.49,0.0,91.71,3.26,0.26,4.39,0.02,0.03,0.14,7.77
3120839,Cuparaque,MG,1608,12.0,87.62,86.26,1.37,9.14,0.12,85.82,4.29,1.93,7.71,0.0,0.0,0.0,12.69
3120870,Curral de Dentro,MG,2441,21.26,78.62,52.64,25.97,20.89,0.25,74.19,11.27,11.1,1.35,1.68,0.0,0.29,16.76
3120904,Curvelo,MG,29782,9.95,89.91,81.84,8.07,9.56,0.06,89.52,7.53,1.58,0.81,0.06,0.03,0.24,7.03
3121001,Datas,MG,1818,24.86,75.03,72.11,2.92,19.8,0.0,72.11,9.9,0.28,17.44,0.0,0.0,0.17,10.73
3121100,Delfim Moreira,MG,2980,62.45,37.52,22.28,15.23,2.35,0.03,43.46,0.23,0.0,55.5,0.03,0.0,0.77,44.66
3121209,Delfinópolis,MG,2987,19.52,80.11,70.74,9.37,19.18,0.0,71.34,11.99,1.64,14.23,0.0,0.03,0.64,24.47
3121258,Delta,MG,3536,2.63,97.37,90.41,6.96,2.52,0.03,95.02,4.36,0.17,0.23,0.0,0.0,0.14,4.55
3121308,Descoberto,MG,1821,21.2,78.69,75.23,3.46,11.53,0.0,79.35,2.14,1.21,16.91,0.05,0.0,0.33,19.38
3121407,Desterro de Entre Rios,MG,2999,26.64,72.52,54.82,17.71,22.64,0.03,62.69,2.7,17.74,14.9,0.0,0.0,1.77,35.98
3121506,Desterro do Melo,MG,1149,48.22,51.78,51.35,0.44,4.87,0.0,51.0,9.75,0.44,38.64,0.0,0.0,0.09,48.04
3121605,Diamantina,MG,16904,17.65,81.91,78.05,3.86,13.03,0.16,85.74,3.17,0.22,8.93,0.05,0.06,1.56,9.54
3121704,Diogo de Vasconcelos,MG,1396,64.18,35.03,29.08,5.95,6.3,0.0,54.94,20.49,10.74,13.4,0.0,0.0,0.29,21.49
3121803,Dionísio,MG,2590,24.13,75.87,72.43,3.44,5.91,0.12,80.97,4.17,4.9,9.65,0.0,0.04,0.15,13.4
3121902,Divinésia,MG,1579,17.23,82.52,68.97,13.55,0.44,0.0,70.8,22.04,1.52,5.51,0.0,0.0,0.06,26.28
3122009,Divino,MG,7697,37.43,62.01,59.54,2.47,16.23,0.0,61.18,5.25,3.38,29.93,0.01,0.01,0.22,36.23
3122108,Divino das Laranjeiras,MG,1646,9.54,88.52,78.55,9.96,3.34,0.0,80.01,11.0,2.13,6.5,0.0,0.0,0.06,17.01
3122207,Divinolândia de Minas,MG,2305,28.94,70.89,69.72,1.17,7.64,0.0,82.13,1.56,12.54,3.34,0.0,0.0,0.3,15.49
3122306,Divinópolis,MG,87088,7.8,92.07,88.3,3.77,6.65,0.01,96.38,2.02,1.24,0.19,0.01,0.05,0.01,3.06
3122355,Divisa Alegre,MG,2173,77.73,22.09,21.35,0.74,77.45,0.23,97.24,1.38,0.0,0.05,0.97,0.0,0.0,1.52
3122405,Divisa Nova,MG,2086,16.63,83.22,82.21,1.01,15.44,0.0,85.47,3.26,0.77,10.5,0.0,0.0,0.0,14.09
3122454,Divisópolis,MG,3156,48.61,50.73,46.29,4.44,47.94,0.22,78.9,6.59,0.51,6.75,2.34,0.63,3.3,20.53
3122470,Dom Bosco,MG,1406,58.18,41.68,33.0,8.68,57.68,0.07,72.19,22.62,0.28,3.56,0.0,0.0,0.43,24.04
3122504,Dom Cavati,MG,1917,15.91,83.83,82.89,0.94,4.69,0.0,85.92,3.81,3.5,6.78,0.0,0.0,0.0,11.48
3122603,Dom Joaquim,MG,1728,39.41,59.61,52.31,7.29,15.91,0.69,71.64,5.61,11.4,9.9,0.0,0.06,1.16,26.91
3122702,Dom Silvério,MG,1972,52.69,46.5,45.59,0.91,4.26,0.0,79.56,4.92,2.33,13.18,0.0,0.0,0.0,19.22
3122801,Dom Viçoso,MG,1174,33.56,66.44,64.4,2.04,3.66,0.0,76.15,2.13,2.04,19.08,0.0,0.0,0.6,20.87
3122900,Dona Euzébia,MG,2164,13.54,86.04,78.74,7.3,0.83,0.0,86.0,4.53,1.89,7.53,0.0,0.0,0.0,10.95
3123007,Dores de Campos,MG,3675,11.07,88.84,88.05,0.79,6.86,0.03,91.18,5.22,1.55,1.69,0.0,0.0,0.35,5.12
3123106,Dores de Guanhães,MG,1744,67.95,31.88,29.13,2.75,12.84,0.23,65.54,9.35,9.23,15.65,0.0,0.0,0.17,29.13
3123205,Dores do Indaiá,MG,5247,5.15,94.57,93.12,1.45,4.97,0.0,94.09,3.03,2.08,0.57,0.0,0.0,0.13,5.53
3123304,Dores do Turvo,MG,1890,55.13,44.44,43.7,0.74,8.94,0.05,44.44,28.36,12.38,14.5,0.0,0.0,0.21,46.08
3123403,Doresópolis,MG,577,15.94,83.88,83.19,0.69,15.25,0.0,83.71,3.12,1.73,11.09,0.0,0.0,0.0,14.73
3123502,Douradoquara,MG,719,24.48,75.38,72.6,2.78,24.2,0.0,79.14,11.27,6.95,2.23,0.0,0.0,0.42,20.58
3123528,Durandé,MG,2732,62.59,36.79,35.47,1.32,17.35,0.0,44.11,19.25,9.88,26.65,0.0,0.04,0.07,46.93
3123601,Elói Mendes,MG,9398,10.53,89.43,87.75,1.68,10.16,0.0,84.75,2.21,0.8,12.22,0.0,0.0,0.01,13.35
3123700,Engenheiro Caldas,MG,4718,13.16,86.77,73.15,13.63,2.88,0.0,69.71,26.75,0.53,2.95,0.0,0.0,0.06,26.73
3123809,Engenheiro Navarro,MG,2295,14.51,85.1,60.17,24.92,14.42,0.09,69.15,27.06,2.96,0.0,0.83,0.0,0.0,28.28
3123858,Entre Folhas,MG,1930,41.14,58.39,56.22,2.18,8.29,0.0,74.2,6.06,2.69,16.32,0.0,0.16,0.16,21.14
3123908,Entre Rios de Minas,MG,5464,12.01,87.94,72.27,15.67,10.18,0.0,82.5,9.39,1.06,6.48,0.0,0.2,0.31,15.63
3124005,Ervália,MG,7668,51.66,48.17,43.6,4.58,3.29,0.0,62.17,17.55,5.29,14.54,0.0,0.01,0.29,34.92
3124104,Esmeraldas,MG,30198,27.98,71.69,21.63,50.06,26.25,0.03,83.3,9.74,3.27,1.28,1.83,0.01,0.05,13.77
3124203,Espera Feliz,MG,9292,28.94,70.78,64.24,6.54,12.48,0.0,64.58,9.12,1.07,24.56,0.0,0.01,0.1,33.17
3124302,Espinosa,MG,10383,72.72,26.97,14.06,12.91,71.9,0.55,83.59,7.56,0.03,5.11,1.24,0.88,1.27,14.35
3124401,Espírito Santo do Dourado,MG,2141,40.03,59.83,48.34,11.49,29.99,0.0,50.26,10.04,5.0,34.14,0.19,0.09,0.14,48.06
3124500,Estiva,MG,4198,45.88,54.07,49.52,4.55,29.37,0.0,58.15,6.96,18.22,16.58,0.0,0.0,0.05,40.71
3124609,Estrela Dalva,MG,861,9.18,90.82,87.11,3.72,0.7,0.0,92.57,2.79,0.58,4.07,0.0,0.0,0.0,4.41
3124708,Estrela do Indaiá,MG,1177,18.95,80.88,71.37,9.52,18.78,0.0,84.45,10.11,0.42,3.82,0.0,0.08,0.76,11.98
3124807,Estrela do Sul,MG,2661,27.32,72.64,67.08,5.56,24.05,0.19,80.42,9.66,3.42,5.22,0.0,0.04,1.16,18.23
3124906,Eugenópolis,MG,4243,21.92,77.96,74.29,3.68,10.44,0.0,77.0,7.57,0.92,14.09,0.0,0.0,0.42,13.15
3125002,Ewbank da Câmara,MG,1363,57.67,42.04,39.77,2.27,1.47,0.0,70.73,9.76,0.22,18.93,0.0,0.0,0.37,22.67
3125101,Extrema,MG,18330,13.38,86.24,74.54,11.7,12.38,0.0,81.33,6.26,5.5,6.76,0.01,0.02,0.06,16.84
3125200,Fama,MG,1003,19.94,79.96,68.0,11.96,19.54,0.0,69.59,20.54,0.3,9.57,0.0,0.0,0.0,30.41
3125309,Faria Lemos,MG,1186,31.96,67.54,57.0,10.54,2.45,0.25,74.2,8.26,0.34,16.61,0.0,0.08,0.51,24.62
3125408,Felício dos Santos,MG,1904,98.42,1.21,0.37,0.84,98.37,0.05,92.28,2.42,0.05,3.26,0.05,0.0,1.94,4.15
3125507,São Gonçalo do Rio Preto,MG,1149,39.77,60.05,38.29,21.76,39.69,0.09,67.54,7.48,0.44,22.11,0.35,0.0,1.48,24.11
3125606,Felisburgo,MG,2329,15.07,84.33,81.24,3.09,12.32,0.0,79.95,1.76,0.3,17.65,0.13,0.04,0.17,18.94
3125705,Felixlândia,MG,5369,44.51,55.26,34.68,20.58,44.35,0.09,73.98,21.05,2.27,1.42,0.0,0.35,0.19,20.32
3125804,Fernandes Tourinho,MG,1111,16.47,82.09,69.13,12.96,9.9,0.0,63.01,17.28,16.02,3.51,0.0,0.0,0.09,31.86
3125903,Ferros,MG,3647,76.78,21.58,20.15,1.43,10.94,0.33,41.16,15.71,5.84,33.29,0.0,1.56,0.9,48.29
3125952,Fervedouro,MG,3800,49.03,50.32,46.13,4.18,10.53,0.0,51.53,5.82,3.39,38.87,0.0,0.0,0.29,47.0
3126000,Florestal,MG,3019,15.63,84.07,80.46,3.61,13.58,0.03,81.25,6.69,7.35,3.78,0.17,0.03,0.0,17.62
3126109,Formiga,MG,26165,6.42,93.45,89.69,3.76,4.51,0.02,93.44,2.85,1.76,1.61,0.0,0.0,0.15,5.3
3126208,Formoso,MG,2737,87.65,11.91,2.27,9.65,86.63,0.91,69.75,6.17,2.85,12.82,0.4,0.4,5.37,27.37
3126307,Fortaleza de Minas,MG,1390,6.76,93.24,82.52,10.72,5.76,0.0,73.53,6.69,0.22,19.14,0.0,0.0,0.43,15.83
3126406,Fortuna de Minas,MG,1124,32.38,67.44,62.63,4.8,32.3,0.0,83.9,8.72,5.16,1.07,0.71,0.0,0.27,11.03
3126505,Francisco Badaró,MG,2832,64.87,33.62,13.63,19.99,60.7,1.38,53.32,26.77,0.42,0.67,2.37,5.19,11.12,25.95
3126604,Francisco Dumont,MG,1691,49.67,50.09,37.32,12.77,49.5,0.18,72.03,9.58,0.41,8.4,0.18,0.12,9.11,4.55
3126703,Francisco Sá,MG,7981,38.96,60.66,52.88,7.78,37.93,0.86,69.19,25.65,0.1,1.43,0.3,0.8,2.14,24.85
3126752,Franciscópolis,MG,1811,46.11,53.18,48.65,4.53,42.63,1.38,48.76,22.58,9.22,17.28,0.5,0.06,1.38,31.25
3126802,Frei Gaspar,MG,2011,41.07,58.03,56.94,1.09,37.99,0.4,58.93,11.79,16.11,11.93,0.0,0.05,0.6,39.28
3126901,Frei Inocêncio,MG,3021,21.28,78.52,72.62,5.89,15.39,0.13,78.78,15.76,0.79,4.01,0.0,0.07,0.07,18.27
3126950,Frei Lagonegro,MG,1190,70.0,29.66,27.98,1.68,58.57,0.34,37.48,1.34,42.69,17.82,0.0,0.08,0.5,58.66
3127008,Fronteira,MG,5464,8.35,91.36,86.93,4.43,8.11,0.0,86.71,8.11,4.58,0.37,0.0,0.02,0.02,11.49
3127057,Fronteira dos Vales,MG,1519,49.31,50.3,48.72,1.58,32.78,1.38,64.91,1.18,1.58,25.08,0.0,0.0,7.24,34.3
3127073,Fruta de Leite,MG,1613,96.28,3.16,0.31,2.85,92.62,3.35,62.18,9.61,0.37,16.37,2.29,0.5,8.12,18.41
3127107,Frutal,MG,23081,4.28,95.67,92.44,3.22,3.99,0.01,88.58,8.6,1.93,0.68,0.01,0.02,0.11,7.05
3127206,Funilândia,MG,1707,37.84,61.75,42.53,19.21,37.49,0.0,76.45,16.23,5.62,0.94,0.0,0.0,0.59,17.28
3127305,Galiléia,MG,2305,18.09,81.43,78.61,2.82,12.02,0.04,73.49,8.46,5.08,11.02,0.0,0.04,0.09,18.66
3127339,Gameleiras,MG,1747,98.28,0.46,0.4,0.06,96.79,1.37,75.9,22.32,0.0,0.23,0.46,0.4,0.11,12.42
3127354,Glaucilândia,MG,1081,28.31,71.32,43.2,28.12,28.12,0.0,49.49,47.09,0.28,0.37,1.11,0.09,1.57,7.31
3127370,Goiabeira,MG,1141,16.13,80.72,79.05,1.67,11.83,0.18,84.05,3.77,10.78,1.31,0.09,0.0,0.0,14.55
3127388,Goianá,MG,1561,18.19,81.74,75.53,6.21,13.65,0.0,74.89,6.66,12.17,5.77,0.0,0.06,0.45,21.14
3127404,Gonçalves,MG,1826,46.6,52.68,30.12,22.56,33.84,0.0,39.87,2.46,1.53,55.42,0.0,0.0,0.71,50.55
3127503,Gonzaga,MG,1797,36.89,63.05,56.54,6.51,12.8,0.0,68.45,7.12,3.78,19.76,0.0,0.0,0.83,22.31
3127602,Gouveia,MG,4003,15.71,84.11,72.57,11.54,15.04,0.1,83.76,2.15,0.57,10.17,0.0,0.0,3.32,15.54
3127701,Governador Valadares,MG,97764,3.93,95.97,94.54,1.43,2.05,0.02,94.91,2.73,1.13,0.99,0.02,0.01,0.04,3.35
3127800,Grão Mogol,MG,4805,63.89,35.3,26.24,9.05,60.19,3.25,44.72,31.68,0.65,14.09,1.66,0.19,6.83,37.44
3127909,Grupiara,MG,563,98.05,1.6,0.36,1.24,97.69,0.18,84.9,9.06,3.91,0.89,0.0,0.0,1.24,15.1
3128006,Guanhães,MG,11920,21.47,78.38,76.51,1.87,5.51,0.16,84.37,1.95,6.59,6.86,0.0,0.02,0.06,12.79
3128105,Guapé,MG,5179,25.24,74.69,65.26,9.42,24.99,0.04,72.33,4.15,8.53,12.09,0.0,0.04,2.22,26.74
3128204,Guaraciaba,MG,3522,48.24,51.56,34.19,17.38,12.07,0.09,46.25,33.56,3.63,16.13,0.0,0.0,0.17,51.53
3128253,Guaraciama,MG,1857,95.58,4.2,0.22,3.98,95.1,0.38,72.32,23.21,0.27,0.54,0.7,0.22,1.56,10.45
3128303,Guaranésia,MG,6867,7.81,92.19,91.35,0.84,6.33,0.0,91.96,1.4,0.15,6.48,0.0,0.0,0.0,7.63
3128402,Guarani,MG,2867,21.87,78.03,74.75,3.28,3.7,0.03,81.58,9.07,1.95,5.79,0.03,0.0,0.1,14.72
3128501,Guarará,MG,1150,46.78,52.96,52.26,0.7,3.74,0.0,90.35,4.09,0.52,4.87,0.0,0.09,0.0,6.61
3128600,Guarda-Mor,MG,2407,35.06,64.69,59.24,5.44,34.4,0.12,64.48,16.24,5.98,10.14,0.17,0.04,2.83,31.87
3128709,Guaxupé,MG,19114,3.75,96.2,93.94,2.26,2.83,0.02,95.12,0.81,0.3,3.74,0.0,0.01,0.01,4.51
3128808,Guidoval,MG,2764,23.37,75.76,66.71,9.04,0.51,0.0,73.66,14.33,0.69,11.29,0.0,0.0,0.0,24.46
3128907,Guimarânia,MG,2922,12.9,86.86,83.06,3.8,12.49,0.03,82.17,7.53,2.5,6.71,0.0,0.0,0.92,16.08
3129004,Guiricema,MG,3039,45.25,54.59,47.22,7.37,3.16,0.0,55.54,14.54,8.49,21.16,0.0,0.0,0.23,39.12
3129103,Gurinhatã,MG,2139,23.75,76.2,52.83,23.38,23.33,0.09,51.47,25.81,8.74,13.18,0.0,0.0,0.0,48.06
3129202,Heliodora,MG,2322,15.85,84.07,78.98,5.08,6.8,0.0,78.68,8.18,1.77,11.28,0.0,0.09,0.0,16.41
3129301,Iapu,MG,4054,17.66,82.12,63.2,18.92,9.57,0.0,64.16,9.0,15.66,11.03,0.02,0.05,0.02,25.21
3129400,Ibertioga,MG,1930,26.58,73.37,69.17,4.2,13.26,0.1,78.29,7.46,2.69,10.93,0.0,0.0,0.62,20.31
3129509,Ibiá,MG,8377,10.74,89.05,82.27,6.78,8.58,0.1,83.71,4.62,0.88,8.83,0.11,0.06,1.64,11.7
3129608,Ibiaí,MG,2214,35.14,63.73,52.57,11.16,34.15,0.23,75.84,9.49,3.03,3.61,4.7,0.32,0.9,12.74
3129657,Ibiracatu,MG,1774,98.76,1.18,0.68,0.51,97.18,1.07,83.6,12.57,0.28,0.9,1.35,1.07,0.0,12.57
3129707,Ibiraci,MG,3810,13.25,86.75,78.9,7.85,12.73,0.0,78.48,3.99,2.57,14.93,0.0,0.0,0.03,21.29
3129806,Ibirité,MG,58753,7.34,92.05,89.73,2.31,3.03,0.02,99.21,0.21,0.09,0.23,0.02,0.0,0.07,0.45
3129905,Ibitiúra de Minas,MG,1323,8.31,91.53,69.92,21.62,0.53,0.0,69.16,3.85,0.45,26.53,0.0,0.0,0.0,28.72
3130002,Ibituruna,MG,967,6.93,93.07,88.93,4.14,4.86,0.0,90.07,3.52,0.41,5.69,0.0,0.0,0.0,9.1
3130051,Icaraí de Minas,MG,3276,77.53,21.86,21.25,0.61,76.22,1.01,72.74,23.14,0.18,0.31,1.34,0.15,1.83,15.45
3130101,Igarapé,MG,15895,17.34,82.5,58.39,24.11,15.36,0.03,94.94,2.2,1.07,1.17,0.3,0.0,0.06,3.06
3130200,Igaratinga,MG,3839,10.73,89.03,79.71,9.33,10.29,0.0,78.2,18.89,2.47,0.26,0.0,0.0,0.05,13.28
3130309,Iguatama,MG,2706,8.57,91.35,85.74,5.62,4.95,0.04,89.21,6.87,2.03,1.07,0.0,0.0,0.78,3.99
3130408,Ijaci,MG,2366,12.43,87.4,79.75,7.65,12.05,0.0,84.62,7.44,3.8,4.02,0.04,0.0,0.04,14.03
3130507,Ilicínea,MG,4616,25.48,74.52,74.09,0.43,20.75,0.0,76.91,3.31,3.88,15.71,0.0,0.0,0.09,22.08
3130556,Imbé de Minas,MG,2542,52.87,46.34,33.08,13.26,21.05,0.0,32.69,16.84,30.21,20.18,0.0,0.0,0.0,58.97
3130606,Inconfidentes,MG,2763,37.71,61.96,59.57,2.39,17.19,0.0,58.2,8.18,7.42,25.73,0.04,0.04,0.0,41.26
3130655,Indaiabira,MG,2158,75.35,23.68,19.83,3.85,71.59,2.97,57.14,13.48,8.53,6.58,3.99,0.83,9.22,37.21
3130705,Indianópolis,MG,2263,14.63,85.37,67.26,18.12,14.58,0.0,69.77,19.31,1.94,7.95,0.0,0.57,0.31,28.06
3130804,Ingaí,MG,936,30.45,69.02,65.49,3.53,29.49,0.0,67.95,4.49,1.92,24.25,0.11,0.11,0.85,29.81
3130903,Inhapim,MG,8620,55.2,43.86,37.76,6.1,11.29,0.02,51.58,12.02,10.79,24.1,0.0,0.03,1.38,43.91
3131000,Inhaúma,MG,2232,65.77,34.09,25.58,8.51,65.37,0.0,84.63,6.81,6.9,1.3,0.0,0.0,0.0,11.74
3131109,Inimutaba,MG,2767,36.94,62.52,45.03,17.49,35.89,0.07,81.53,16.66,0.33,0.98,0.0,0.0,0.22,12.47
3131158,Ipaba,MG,5747,11.64,88.24,82.29,5.95,10.48,0.0,84.25,5.83,6.44,3.1,0.14,0.02,0.0,10.91
3131208,Ipanema,MG,7570,13.51,86.35,82.62,3.74,4.35,0.03,85.35,4.73,0.71,9.13,0.0,0.0,0.05,14.37
3131307,Ipatinga,MG,85709,0.92,98.92,98.54,0.38,0.31,0.01,90.09,6.95,1.98,0.75,0.0,0.07,0.01,4.53
3131406,Ipiaçu,MG,1533,3.52,96.48,93.28,3.2,3.52,0.0,91.78,3.65,4.11,0.39,0.0,0.0,0.07,7.83
3131505,Ipuiúna,MG,3347,34.48,65.43,64.36,1.08,12.88,0.0,72.87,1.22,2.0,23.84,0.03,0.0,0.0,25.81
3131604,Iraí de Minas,MG,2493,9.27,90.57,89.25,1.32,9.19,0.0,81.83,8.58,3.61,5.5,0.04,0.04,0.36,5.17
3131703,Itabira,MG,39739,5.22,94.52,92.94,1.58,2.55,0.03,92.91,1.94,0.43,4.48,0.02,0.02,0.11,5.24
3131802,Itabirinha,MG,3915,22.53,77.11,75.71,1.4,13.21,0.1,78.75,6.28,2.78,11.8,0.0,0.0,0.1,17.06
3131901,Itabirito,MG,18149,7.15,92.61,85.5,7.11,4.93,0.01,92.2,1.55,0.4,5.2,0.05,0.07,0.18,6.36
3132008,Itacambira,MG,1457,91.49,8.1,7.82,0.27,88.81,2.33,37.41,21.76,4.19,18.19,1.03,0.21,16.68,48.25
3132107,Itacarambi,MG,5336,45.24,53.82,47.68,6.15,43.1,1.84,85.63,9.24,0.45,0.3,2.1,0.41,1.54,9.82
3132206,Itaguara,MG,5202,18.22,81.72,77.99,3.73,17.74,0.0,78.3,7.77,7.17,6.21,0.0,0.02,0.1,20.3
3132305,Itaipé,MG,3497,53.45,46.15,43.52,2.63,49.16,1.4,56.93,16.44,6.41,18.36,0.0,0.06,1.26,38.86
3132404,Itajubá,MG,33627,8.24,91.58,90.43,1.15,1.2,0.0,93.97,0.42,0.14,5.29,0.0,0.01,0.02,4.58
3132503,Itamarandiba,MG,11699,24.52,75.14,72.46,2.68,23.13,0.17,76.55,3.27,1.65,14.89,0.21,0.06,3.11,17.37
3132602,Itamarati de Minas,MG,1385,16.61,83.25,81.08,2.17,6.43,0.0,81.23,3.75,0.51,14.01,0.0,0.0,0.36,15.38
3132701,Itambacuri,MG,7402,32.0,67.41,60.93,6.48,24.01,0.61,75.79,9.24,5.61,7.94,0.2,0.11,0.8,21.89
3132800,Itambé do Mato Dentro,MG,828,35.14,64.37,61.84,2.54,25.6,0.12,55.31,3.26,0.0,40.82,0.0,0.0,0.6,32.49
3132909,Itamogi,MG,4048,16.58,83.35,79.84,3.51,16.21,0.02,79.47,4.52,3.46,12.43,0.0,0.0,0.05,20.36
3133006,Itamonte,MG,5289,37.95,61.92,58.4,3.52,10.76,0.0,78.46,1.27,0.26,19.7,0.0,0.06,0.25,19.78
3133105,Itanhandu,MG,5491,4.75,95.21,94.23,0.98,1.42,0.0,95.32,1.91,0.62,2.11,0.0,0.0,0.0,3.84
3133204,Itanhomi,MG,4286,19.6,79.28,77.39,1.89,5.39,0.0,79.3,8.56,6.11,5.76,0.0,0.0,0.05,13.21
3133303,Itaobim,MG,6895,42.31,57.2,46.7,10.5,40.46,1.51,88.46,1.77,0.1,2.12,5.31,0.33,1.2,10.44
3133402,Itapagipe,MG,5425,12.53,87.35,79.41,7.94,11.54,0.02,79.24,9.77,7.82,2.69,0.0,0.0,0.29,18.38
3133501,Itapecerica,MG,7975,13.84,85.92,76.68,9.24,12.29,0.03,81.43,10.01,4.82,3.5,0.0,0.0,0.19,15.69
3133600,Itapeva,MG,4448,31.32,68.46,58.14,10.32,28.84,0.0,66.7,9.85,9.11,14.3,0.0,0.0,0.02,28.46
3133709,Itatiaiuçu,MG,4590,21.9,78.08,65.29,12.79,21.07,0.0,72.98,11.35,6.78,7.91,0.5,0.0,0.24,22.31
3133758,Itaú de Minas,MG,5389,1.04,98.96,97.27,1.69,0.82,0.0,97.74,1.19,0.09,0.87,0.0,0.0,0.11,2.25
3133808,Itaúna,MG,36796,4.0,95.96,93.71,2.25,3.91,0.01,96.96,1.46,0.77,0.62,0.01,0.01,0.06,2.71
3133907,Itaverava,MG,1995,65.71,33.03,31.48,1.55,33.83,0.15,33.28,9.12,4.16,52.93,0.0,0.0,0.45,65.36
3134004,Itinga,MG,4573,30.79,68.69,51.48,17.21,25.83,4.0,67.81,7.94,4.18,5.01,1.01,1.42,12.16,30.31
3134103,Itueta,MG,2235,29.8,69.31,58.3,11.01,24.79,0.09,58.21,23.49,7.25,9.26,1.21,0.0,0.4,38.88
3134202,Ituiutaba,MG,39977,2.39,97.56,96.25,1.31,2.04,0.01,96.37,1.85,0.8,0.83,0.01,0.0,0.07,3.19
3134301,Itumirim,MG,2413,45.88,54.08,46.75,7.34,39.74,0.0,86.41,4.19,2.82,6.3,0.0,0.04,0.21,13.3
3134400,Iturama,MG,14911,0.95,98.98,91.17,7.81,0.72,0.01,91.25,7.6,0.76,0.27,0.02,0.0,0.01,5.42
3134509,Itutinga,MG,1631,31.82,67.69,62.78,4.9,31.02,0.06,78.6,3.68,5.21,10.61,0.0,0.37,1.41,20.91
3134608,Jaboticatubas,MG,7730,48.82,51.0,34.48,16.52,47.74,0.04,60.41,23.65,8.91,4.39,0.26,0.0,1.89,26.8
3134707,Jacinto,MG,4184,36.74,62.14,58.77,3.37,29.9,0.88,78.32,1.74,1.86,8.72,1.7,0.26,7.05,13.91
3134806,Jacuí,MG,2816,36.54,63.42,62.11,1.31,35.62,0.0,63.88,3.66,0.43,31.89,0.0,0.04,0.04,20.21
3134905,Jacutinga,MG,9082,11.11,88.88,85.2,3.68,7.49,0.0,87.91,2.31,2.36,7.31,0.02,0.0,0.04,11.08
3135001,Jaguaraçu,MG,1118,18.6,81.22,68.52,12.7,6.98,0.0,66.64,15.56,2.68,15.03,0.0,0.0,0.09,27.37
3135050,Jaíba,MG,12100,61.24,38.54,27.63,10.91,60.83,0.23,86.75,8.84,0.16,0.14,1.34,0.1,1.03,7.75
3135076,Jampruca,MG,1573,43.29,51.81,47.43,4.39,26.45,1.27,59.19,18.18,12.08,9.98,0.0,0.06,0.13,39.29
3135100,Janaúba,MG,24287,60.44,39.44,32.44,7.0,60.09,0.23,94.54,4.1,0.04,0.09,0.3,0.16,0.56,4.63
3135209,Januária,MG,21452,59.5,40.2,24.48,15.72,55.9,3.4,77.27,12.86,1.3,0.29,0.39,0.29,6.77,14.99
3135308,Japaraíba,MG,1542,24.84,75.16,74.51,0.65,24.84,0.0,84.5,2.98,9.66,2.59,0.0,0.06,0.0,13.1
3135357,Japonvar,MG,2860,83.39,16.5,1.19,15.31,81.68,0.94,71.43,23.81,0.35,2.55,1.71,0.07,0.03,12.9
3135407,Jeceaba,MG,2262,60.92,38.9,34.84,4.07,36.03,0.04,71.04,5.0,1.9,18.7,0.13,0.0,2.87,24.01
3135456,Jenipapo de Minas,MG,2081,35.51,63.48,45.46,18.02,34.21,1.11,65.11,29.65,0.1,1.2,2.02,1.35,0.34,17.78
3135506,Jequeri,MG,4489,35.73,63.78,62.93,0.85,8.73,0.11,67.92,13.57,1.6,16.71,0.0,0.02,0.09,27.6
3135605,Jequitaí,MG,2465,64.06,35.33,2.72,32.62,63.2,0.2,79.63,9.45,1.58,4.18,1.1,0.37,3.57,18.3
3135704,Jequitibá,MG,2248,46.66,53.25,30.03,23.22,46.22,0.09,52.4,35.63,9.16,1.02,0.04,0.0,0.89,38.88
3135803,Jequitinhonha,MG,8310,28.34,70.96,59.74,11.23,25.48,2.36,79.33,1.67,1.77,10.37,1.18,0.24,4.99,18.4
3135902,Jesuânia,MG,1914,31.3,68.6,66.3,2.3,20.17,0.0,71.32,11.81,0.47,16.25,0.0,0.0,0.16,27.85
3136009,Joaíma,MG,4681,32.73,66.2,58.47,7.73,24.01,0.96,73.0,2.35,0.92,18.61,0.58,0.34,3.46,26.49
3136108,Joanésia,MG,1681,56.63,42.06,40.63,1.43,6.66,0.06,22.49,30.4,36.05,8.51,0.0,0.0,2.26,36.23
3136207,João Monlevade,MG,29255,5.62,94.29,93.94,0.35,0.43,0.01,96.9,0.88,0.15,1.57,0.31,0.0,0.02,1.69
3136306,João Pinheiro,MG,17082,15.23,84.69,80.63,4.05,14.85,0.09,84.23,8.86,1.64,3.22,0.02,0.02,1.69,9.89
3136405,Joaquim Felício,MG,1462,32.49,66.96,38.99,27.98,30.92,1.23,65.39,31.12,0.41,1.23,0.21,0.21,0.75,23.05
3136504,Jordânia,MG,3472,23.93,71.28,70.97,0.32,13.08,1.41,78.17,1.99,1.27,14.03,0.4,0.4,3.08,19.9
3136520,José Gonçalves de Minas,MG,1384,36.71,62.93,45.09,17.85,36.56,0.07,36.42,32.3,1.3,21.68,2.02,0.07,5.92,36.56
3136553,José Raydan,MG,1576,30.84,68.97,60.91,8.06,25.89,0.44,55.9,21.7,19.35,2.35,0.0,0.0,0.7,36.93
3136579,Josenópolis,MG,1232,43.91,53.73,51.95,1.79,42.37,1.3,69.4,7.14,0.08,6.57,3.98,0.32,12.34,22.73
3136603,Nova União,MG,2172,19.84,79.93,71.18,8.75,16.71,0.0,73.3,7.5,1.89,16.44,0.05,0.05,0.55,17.17
3136652,Juatuba,MG,10650,35.02,64.87,44.48,20.39,30.33,0.02,96.54,1.35,0.38,0.61,0.42,0.0,0.01,2.14
3136702,Juiz de Fora,MG,210953,4.11,95.81,94.33,1.48,0.54,0.01,96.42,1.6,0.52,1.25,0.07,0.01,0.03,2.81
3136801,Juramento,MG,1384,42.99,57.01,54.91,2.1,42.63,0.07,72.83,10.19,0.14,0.43,0.65,0.14,8.74,21.53
3136900,Juruaia,MG,4009,42.83,57.15,53.73,3.42,38.61,0.02,53.73,4.91,2.1,39.19,0.0,0.0,0.05,41.86
3136959,Juvenília,MG,1836,40.36,59.48,15.36,44.12,37.36,2.83,85.19,4.25,0.38,0.33,0.6,0.16,7.52,13.94
3137007,Ladainha,MG,4706,65.98,33.55,30.64,2.91,62.62,2.59,44.14,15.51,16.02,19.76,0.17,0.21,3.68,40.42
3137106,Lagamar,MG,2781,25.57,74.18,69.97,4.21,24.99,0.22,75.66,12.87,4.67,3.7,0.18,0.04,2.77,23.09
3137205,Lagoa da Prata,MG,18388,1.48,98.48,97.4,1.09,1.39,0.01,97.34,1.77,0.51,0.29,0.01,0.01,0.05,1.77
3137304,Lagoa dos Patos,MG,1206,13.76,86.07,66.83,19.24,13.43,0.17,76.78,16.5,1.82,2.99,1.16,0.0,0.75,21.97
3137403,Lagoa Dourada,MG,4109,26.38,73.5,69.07,4.43,17.74,0.02,83.38,4.02,5.94,6.55,0.0,0.0,0.05,13.31
3137502,Lagoa Formosa,MG,7046,18.11,81.78,79.69,2.09,17.26,0.04,80.58,6.54,2.68,9.84,0.0,0.0,0.2,16.32
3137536,Lagoa Grande,MG,3389,35.41,64.33,58.51,5.81,35.29,0.0,79.73,17.91,0.86,1.09,0.06,0.03,0.3,17.91
3137601,Lagoa Santa,MG,27431,13.52,86.4,69.24,17.17,13.37,0.01,96.53,2.45,0.57,0.16,0.13,0.01,0.03,2.41
3137700,Lajinha,MG,7644,36.05,63.72,52.69,11.03,7.4,0.04,62.05,12.51,1.75,23.57,0.0,0.01,0.1,35.64
3137809,Lambari,MG,7577,19.69,80.07,75.07,5.0,10.51,0.0,82.13,3.42,1.14,11.61,0.0,0.04,1.62,17.28
3137908,Lamim,MG,1192,56.71,42.87,39.43,3.44,15.35,0.0,58.47,16.11,1.26,16.61,0.08,0.0,0.08,37.84
3138005,Laranjal,MG,2294,10.77,89.15,82.82,6.32,0.61,0.0,84.52,5.49,0.22,9.68,0.0,0.0,0.0,15.21
3138104,Lassance,MG,2556,88.65,10.99,4.38,6.61,88.26,0.27,71.71,20.19,0.35,2.27,0.86,0.0,4.34,26.6
3138203,Lavras,MG,38931,3.65,96.32,95.08,1.24,3.39,0.01,95.71,2.51,0.5,1.14,0.0,0.04,0.05,4.01
3138302,Leandro Ferreira,MG,1210,27.93,71.9,69.17,2.73,27.02,0.08,71.24,17.44,1.65,1.74,0.0,0.0,1.24,27.11
3138351,Leme do Prado,MG,1526,28.96,70.12,68.94,1.18,28.11,0.07,71.23,6.75,0.26,18.61,1.7,0.0,1.44,13.5
3138401,Leopoldina,MG,19187,9.05,90.86,89.07,1.8,2.26,0.02,91.76,4.61,0.45,3.03,0.01,0.01,0.03,6.57
3138500,Liberdade,MG,1812,25.33,74.39,72.3,2.1,16.06,0.0,76.05,2.48,0.44,20.7,0.0,0.0,0.33,22.96
3138609,Lima Duarte,MG,6876,35.91,64.01,59.08,4.93,4.2,0.01,80.67,3.81,0.61,14.75,0.03,0.0,0.1,16.62
3138625,Limeira do Oeste,MG,3320,6.57,93.4,82.14,11.27,6.33,0.0,76.66,18.16,4.94,0.15,0.0,0.0,0.0,19.01
3138658,Lontra,MG,3028,45.71,54.19,38.31,15.89,44.58,0.73,93.66,2.58,0.43,0.63,0.26,2.18,0.07,3.1
3138674,Luisburgo,MG,2436,55.25,43.51,30.38,13.14,24.51,0.0,30.67,9.89,10.59,48.44,0.0,0.04,0.37,68.31
3138682,Luislândia,MG,1981,94.35,5.05,0.4,4.64,91.82,2.42,44.37,50.68,0.2,0.2,1.16,0.0,3.13,15.55
3138708,Luminárias,MG,2122,22.2,77.8,76.01,1.79,20.74,0.05,81.24,1.46,0.47,16.31,0.0,0.0,0.52,8.2
3138807,Luz,MG,6769,8.48,91.45,90.91,0.53,8.42,0.0,91.22,3.59,3.13,1.79,0.03,0.0,0.18,7.79
3138906,Machacalis,MG,2434,5.26,94.58,94.04,0.53,0.33,0.08,80.57,13.06,1.89,3.82,0.0,0.0,0.49,0.29
3139003,Machado,MG,13105,13.91,85.94,82.96,2.98,10.65,0.01,83.85,3.09,1.14,11.8,0.02,0.0,0.02,14.29
3139102,Madre de Deus de Minas,MG,1914,28.74,70.69,66.56,4.13,11.86,0.05,84.22,5.54,2.56,6.37,0.0,0.1,1.15,10.66
3139201,Malacacheta,MG,6424,25.23,73.74,67.76,5.98,23.96,0.16,70.1,9.53,6.86,11.85,0.02,0.05,1.18,26.57
3139250,Mamonas,MG,2352,89.67,10.29,8.93,1.36,89.46,0.13,61.61,5.7,0.09,24.06,3.57,4.0,0.55,33.72
3139300,Manga,MG,6117,57.23,41.64,27.02,14.62,55.34,1.34,79.11,11.44,0.08,0.13,0.77,0.49,7.65,12.38
3139409,Manhuaçu,MG,33275,14.69,84.93,79.49,5.44,4.35,0.0,82.75,4.58,1.55,10.98,0.01,0.0,0.09,13.87
3139508,Manhumirim,MG,7653,29.27,70.34,67.73,2.61,9.85,0.04,82.09,4.61,0.44,12.74,0.0,0.0,0.09,16.58
3139607,Mantena,MG,10157,14.22,84.77,81.12,3.65,7.69,0.03,85.7,2.76,1.16,10.14,0.01,0.03,0.15,13.98
3139706,Maravilhas,MG,2527,32.77,67.19,66.92,0.28,32.49,0.12,76.45,18.96,2.77,1.19,0.12,0.0,0.08,11.87
3139805,Mar de Espanha,MG,4768,10.26,89.68,88.02,1.66,2.03,0.0,93.2,1.28,0.99,4.36,0.0,0.0,0.02,5.45
3139904,Maria da Fé,MG,4782,28.46,71.29,69.36,1.92,1.61,0.0,65.43,4.1,1.48,28.82,0.0,0.0,0.1,29.59
3140001,Mariana,MG,21714,20.19,79.49,78.37,1.12,2.56,0.01,89.53,0.92,0.07,7.81,1.08,0.02,0.07,5.42
3140100,Marilac,MG,1565,17.25,82.43,81.85,0.58,15.72,0.0,83.96,12.33,1.09,2.11,0.0,0.06,0.13,11.69
3140159,Mário Campos,MG,5434,15.48,84.52,52.21,32.32,15.05,0.0,92.62,3.9,0.57,2.32,0.15,0.0,0.06,3.09
3140209,Maripá de Minas,MG,1233,27.25,72.75,72.1,0.65,4.3,0.0,77.78,10.54,5.76,5.92,0.0,0.0,0.0,20.6
3140308,Marliéria,MG,1712,27.1,72.84,60.28,12.56,4.32,0.06,49.18,37.44,6.48,6.6,0.0,0.0,0.23,34.64
3140407,Marmelópolis,MG,1189,59.8,39.53,36.42,3.11,5.72,0.0,56.1,1.26,0.0,41.72,0.0,0.67,0.08,39.19
3140506,Martinho Campos,MG,5315,25.51,74.39,65.64,8.75,25.08,0.04,84.12,10.22,4.29,0.9,0.04,0.02,0.34,12.61
3140530,Martins Soares,MG,2997,50.12,49.08,41.07,8.01,9.61,0.0,51.55,20.29,4.77,22.86,0.0,0.0,0.5,45.51
3140555,Mata Verde,MG,2914,15.55,83.7,77.39,6.31,13.73,0.1,78.28,4.12,2.99,13.11,0.1,0.1,0.96,19.66
3140605,Materlândia,MG,1417,38.96,60.62,51.38,9.24,31.62,0.21,55.54,17.64,18.98,7.27,0.07,0.0,0.21,37.4
3140704,Mateus Leme,MG,13856,29.3,70.55,59.53,11.01,27.89,0.03,87.07,5.15,2.87,2.97,1.41,0.09,0.1,10.54
3140803,Matias Barbosa,MG,5234,16.22,83.68,76.61,7.07,1.2,0.04,86.61,6.65,2.58,3.82,0.0,0.0,0.17,8.65
3140852,Matias Cardoso,MG,2885,90.23,8.49,8.11,0.38,87.94,1.73,72.76,14.7,0.38,0.03,1.91,0.69,8.73,21.28
3140902,Matipó,MG,6209,23.34,76.31,74.42,1.88,0.71,0.0,80.06,14.61,0.26,4.9,0.02,0.0,0.1,7.68
3141009,Mato Verde,MG,4630,67.17,32.59,24.3,8.29,66.78,0.09,76.54,2.66,0.02,11.51,1.99,0.37,6.7,20.91
3141108,Matozinhos,MG,13310,5.66,94.28,79.61,14.67,5.42,0.05,97.19,1.53,0.87,0.22,0.0,0.04,0.03,1.7
3141207,Matutina,MG,1575,27.37,72.44,72.19,0.25,25.21,0.0,84.25,1.59,0.0,14.1,0.0,0.0,0.0,14.1
3141306,Medeiros,MG,1428,27.94,71.85,58.75,13.1,27.52,0.0,60.71,5.25,0.14,33.12,0.0,0.0,0.63,38.17
3141405,Medina,MG,7244,25.44,73.96,71.92,2.04,23.3,1.01,75.68,7.7,8.2,6.42,0.7,0.37,0.73,19.49
3141504,Mendes Pimentel,MG,2240,34.82,63.12,55.18,7.95,22.63,0.04,59.2,9.91,13.93,16.74,0.0,0.0,0.09,39.64
3141603,Mercês,MG,4065,29.13,70.73,69.08,1.65,10.75,0.0,76.06,6.96,1.53,14.93,0.02,0.0,0.42,22.71
3141702,Mesquita,MG,1837,28.85,70.88,61.46,9.42,5.23,0.05,46.11,21.56,19.05,11.27,0.49,0.0,1.42,22.48
3141801,Minas Novas,MG,8231,59.63,39.47,30.52,8.95,57.84,0.92,63.81,18.84,0.78,8.65,0.84,0.52,6.26,19.99
3141900,Minduri,MG,1353,11.83,88.1,85.81,2.29,7.54,0.0,92.17,3.03,0.22,4.29,0.0,0.07,0.22,7.54
3142007,Mirabela,MG,4539,26.17,73.54,49.22,24.32,25.64,0.44,85.04,12.73,0.11,0.24,0.42,0.13,1.06,11.81
3142106,Miradouro,MG,3531,27.19,72.56,66.19,6.37,6.32,0.03,67.23,4.62,0.96,26.88,0.0,0.0,0.31,29.0
3142205,Miraí,MG,4990,18.72,81.26,80.58,0.68,2.16,0.0,88.54,2.16,0.16,8.98,0.04,0.04,0.08,11.22
3142254,Miravânia,MG,1354,94.53,3.55,0.15,3.4,93.43,0.96,70.24,22.45,0.22,0.59,4.06,0.44,1.55,24.74
3142304,Moeda,MG,1857,53.96,44.53,30.91,13.62,42.97,0.11,55.14,14.65,1.13,28.59,0.0,0.11,0.11,39.15
3142403,Moema,MG,2824,13.21,86.72,84.84,1.88,13.03,0.0,93.13,5.59,0.71,0.5,0.0,0.0,0.07,4.0
3142502,Monjolos,MG,828,95.89,3.38,1.57,1.81,94.57,0.0,66.67,24.52,0.12,4.11,0.0,0.12,4.11,20.89
3142601,Monsenhor Paulo,MG,3004,18.71,81.19,77.26,3.93,17.88,0.0,77.33,7.96,2.73,11.78,0.1,0.0,0.1,22.27
3142700,Montalvânia,MG,4796,76.69,23.02,17.24,5.78,75.56,0.88,73.0,4.25,0.08,0.17,1.17,0.38,20.66,26.48
3142809,Monte Alegre de Minas,MG,7826,13.14,86.21,81.83,4.38,12.14,0.01,81.05,10.52,3.58,3.82,0.01,0.0,0.55,15.01
3142908,Monte Azul,MG,7727,66.27,33.22,17.33,15.89,64.99,0.18,72.78,8.98,0.05,10.19,0.43,3.08,4.09,22.0
3143005,Monte Belo,MG,4888,24.98,74.96,72.09,2.86,24.32,0.06,75.84,1.41,2.17,20.52,0.0,0.0,0.02,23.98
3143104,Monte Carmelo,MG,18237,5.92,94.03,86.97,7.06,5.71,0.01,90.1,5.06,3.21,1.21,0.0,0.01,0.24,7.95
3143153,Monte Formoso,MG,1454,57.43,42.09,40.85,1.24,54.33,2.54,46.49,5.85,8.18,34.59,0.14,2.13,1.38,48.97
3143203,Monte Santo de Minas,MG,7973,11.02,88.8,85.19,3.61,10.69,0.0,83.43,4.97,0.9,10.64,0.0,0.0,0.03,11.24
3143302,Montes Claros,MG,144797,5.32,94.59,93.69,0.91,5.11,0.06,92.08,6.73,0.52,0.15,0.06,0.03,0.17,3.76
3143401,Monte Sião,MG,9215,14.72,85.15,84.23,0.92,11.3,0.01,83.46,2.75,6.25,7.48,0.04,0.0,0.02,15.02
3143450,Montezuma,MG,2267,64.84,33.97,33.83,0.13,63.7,1.01,67.09,11.87,8.07,4.32,5.51,0.62,2.12,22.1
3143500,Morada Nova de Minas,MG,3432,28.5,71.24,67.69,3.55,28.21,0.15,76.43,20.05,1.43,0.2,0.0,0.03,1.31,22.64
3143609,Morro da Garça,MG,917,31.52,68.48,64.45,4.03,30.86,0.0,68.38,27.48,2.84,1.09,0.11,0.0,0.11,18.87
3143708,Morro do Pilar,MG,1117,29.99,69.2,67.86,1.34,20.68,0.0,80.84,0.0,0.0,16.29,0.0,0.0,2.78,17.99
3143807,Munhoz,MG,2671,62.3,37.66,35.49,2.17,33.21,0.0,57.73,15.69,3.59,22.73,0.0,0.07,0.07,39.72
3143906,Muriaé,MG,39416,7.22,92.67,92.05,0.62,1.36,0.0,93.67,2.88,0.54,2.8,0.01,0.01,0.04,4.12
3144003,Mutum,MG,10226,39.67,59.68,49.82,9.86,20.48,0.05,46.96,17.99,10.49,24.32,0.02,0.0,0.08,44.54
3144102,Muzambinho,MG,8154,19.44,80.35,76.48,3.88,18.18,0.0,76.54,3.46,0.53,18.57,0.01,0.0,0.82,20.25
3144201,Nacip Raydan,MG,925,27.46,72.43,70.05,2.38,19.24,0.0,71.89,11.78,4.0,12.0,0.0,0.0,0.22,25.08
3144300,Nanuque,MG,13272,15.45,83.64,82.26,1.38,7.45,0.08,94.45,1.13,2.6,1.06,0.0,0.01,0.26,5.17
3144359,Naque,MG,2180,16.33,83.62,82.89,0.73,2.43,0.0,92.84,5.6,1.01,0.14,0.05,0.0,0.18,6.19
3144375,Natalândia,MG,1299,7.62,92.22,69.36,22.86,7.39,0.08,81.76,14.86,0.38,1.15,0.0,0.0,1.54,8.31
3144409,Natércia,MG,1814,47.08,52.76,51.82,0.94,8.05,0.0,71.61,3.53,3.14,21.39,0.0,0.06,0.22,25.3
3144508,Nazareno,MG,2976,19.29,80.54,78.19,2.35,18.78,0.0,85.48,7.12,1.78,4.7,0.0,0.0,0.84,13.81
3144607,Nepomuceno,MG,8845,13.33,86.35,83.81,2.54,12.59,0.02,83.75,3.12,0.59,12.4,0.02,0.0,0.02,14.03
3144656,Ninheira,MG,3313,92.12,7.52,7.12,0.39,90.19,1.66,73.44,8.78,0.45,0.21,3.86,1.72,11.02,10.35
3144672,Nova Belém,MG,1181,31.92,67.65,46.06,21.59,23.96,0.17,40.56,22.18,11.35,25.06,0.08,0.0,0.68,48.52
3144706,Nova Era,MG,6224,13.74,86.04,85.41,0.63,1.57,0.06,88.19,1.19,0.31,10.03,0.03,0.06,0.13,6.52
3144805,Nova Lima,MG,39805,3.79,95.7,81.98,13.72,2.72,0.01,91.19,6.24,0.56,1.39,0.26,0.03,0.07,6.71
3144904,Nova Módica,MG,1414,22.07,70.51,69.09,1.41,16.9,0.14,68.67,6.01,9.62,15.35,0.0,0.28,0.07,30.69
3145000,Nova Ponte,MG,5100,1.86,98.12,94.0,4.12,1.84,0.0,92.82,2.41,0.33,4.08,0.0,0.0,0.33,5.9
3145059,Nova Porteirinha,MG,2254,55.15,44.41,32.3,12.11,54.88,0.13,95.56,2.88,0.0,0.09,0.04,0.09,0.35,3.64
3145109,Nova Resende,MG,5941,39.12,60.78,55.6,5.18,38.93,0.03,56.88,9.64,2.0,31.36,0.02,0.02,0.05,28.03
3145208,Nova Serrana,MG,36992,5.71,94.21,93.53,0.68,5.25,0.02,94.1,4.17,0.74,0.13,0.01,0.01,0.0,4.01
3145307,Novo Cruzeiro,MG,9071,52.07,44.8,41.31,3.49,45.71,3.13,45.67,15.65,16.56,14.32,0.79,2.86,3.48,50.55
3145356,Novo Oriente de Minas,MG,3691,42.29,56.57,55.7,0.87,36.6,2.33,62.07,5.2,9.08,20.89,0.0,0.08,2.3,36.49
3145372,Novorizonte,MG,1618,89.37,10.63,10.2,0.43,88.63,0.62,83.68,2.29,0.06,7.17,2.04,0.0,4.64,14.22
3145406,Olaria,MG,751,54.59,45.14,44.21,0.93,2.8,0.0,80.96,1.33,0.0,17.31,0.0,0.0,0.4,11.98
3145455,Olhos-d'Água,MG,1943,95.73,4.12,2.73,1.39,94.29,1.24,68.14,9.01,0.15,13.48,2.42,0.1,6.54,30.16
3145505,Olímpio Noronha,MG,942,4.25,95.75,94.59,1.17,2.97,0.0,92.89,1.27,0.11,5.63,0.0,0.0,0.11,7.11
3145604,Oliveira,MG,14114,5.91,94.06,91.88,2.18,4.7,0.01,92.11,3.97,1.09,2.74,0.01,0.01,0.03,3.53
3145703,Oliveira Fortes,MG,758,33.91,65.17,63.06,2.11,4.62,0.13,68.47,12.66,0.13,18.34,0.0,0.0,0.26,28.5
3145802,Onça de Pitangui,MG,1118,58.59,41.06,36.4,4.65,57.25,0.0,51.07,18.07,9.66,17.44,0.09,0.09,3.49,42.22
3145851,Oratórios,MG,1658,22.38,77.44,76.42,1.03,9.29,0.06,70.57,19.78,1.87,7.3,0.0,0.06,0.42,27.56
3145877,Orizânia,MG,3015,54.26,45.61,41.72,3.88,20.2,0.0,48.76,11.44,10.58,28.86,0.0,0.0,0.33,36.05
3145901,Ouro Branco,MG,13657,8.63,91.04,89.45,1.59,7.49,0.02,91.88,3.17,0.89,2.78,0.15,0.0,0.21,5.02
3146008,Ouro Fino,MG,12246,21.3,78.59,75.8,2.79,10.77,0.06,79.87,3.28,6.13,10.67,0.0,0.0,0.02,19.71
3146107,Ouro Preto,MG,26578,16.76,82.72,77.49,5.23,4.87,0.03,89.28,1.54,0.79,7.78,0.12,0.07,0.17,7.34
3146206,Ouro Verde de Minas,MG,1984,29.89,69.86,58.17,11.69,25.55,0.35,60.43,11.19,16.28,11.24,0.0,0.0,0.5,27.72
3146255,Padre Carvalho,MG,1637,45.63,54.12,48.56,5.56,43.19,2.32,81.37,3.3,0.06,8.19,0.55,0.0,6.29,17.9
3146305,Padre Paraíso,MG,5955,32.53,67.09,64.47,2.62,28.25,0.42,68.8,8.14,4.18,17.13,0.34,0.25,0.64,25.68
3146404,Paineiras,MG,1780,96.24,3.71,2.81,0.9,96.01,0.0,78.65,15.34,4.66,0.62,0.0,0.0,0.67,15.79
3146503,Pains,MG,3043,4.67,95.33,88.2,7.13,4.04,0.0,90.08,4.7,1.41,2.4,0.0,0.0,1.28,7.53
3146552,Pai Pedro,MG,1978,98.48,1.26,0.25,1.01,96.16,1.72,35.39,50.4,0.1,0.51,6.07,3.03,3.34,62.64
3146602,Paiva,MG,580,37.24,62.76,61.03,1.72,1.03,0.0,83.62,8.45,0.0,7.76,0.0,0.0,0.17,14.83
3146701,Palma,MG,2149,15.5,84.5,81.48,3.02,4.09,0.0,81.81,5.44,2.47,10.19,0.05,0.0,0.0,13.22
3146750,Palmópolis,MG,2368,35.47,62.75,56.29,6.46,14.61,0.68,80.62,2.11,1.44,12.88,0.0,0.21,2.28,19.05
3146909,Papagaios,MG,4768,20.81,79.09,74.43,4.66,20.66,0.02,92.81,3.21,3.12,0.46,0.06,0.0,0.23,6.33
3147006,Paracatu,MG,32736,11.28,88.57,83.15,5.42,10.92,0.04,85.36,8.76,3.41,1.31,0.12,0.01,0.9,10.49
3147105,Pará de Minas,MG,35488,3.67,96.22,93.53,2.69,3.4,0.0,94.82,3.27,1.39,0.43,0.01,0.0,0.02,4.47
3147204,Paraguaçu,MG,7705,9.4,90.46,85.46,5.0,8.92,0.03,81.73,4.5,4.04,9.63,0.04,0.0,0.04,14.95
3147303,Paraisópolis,MG,7878,14.29,85.44,82.43,3.01,8.75,0.01,85.2,0.79,1.26,12.64,0.01,0.01,0.08,12.55
3147402,Paraopeba,MG,8773,10.99,88.94,76.37,12.57,10.63,0.19,87.47,6.12,3.69,0.9,0.74,0.02,0.24,10.84
3147501,Passabém,MG,610,87.21,12.3,12.13,0.16,7.38,0.0,65.41,8.03,0.98,23.93,0.0,0.0,0.66,29.34
3147600,Passa Quatro,MG,5595,19.61,80.32,78.18,2.14,0.57,0.02,87.85,1.14,0.2,10.26,0.0,0.02,0.45,10.47
3147709,Passa Tempo,MG,3257,17.75,82.19,81.61,0.58,14.86,0.0,81.24,6.66,2.98,7.03,0.0,0.0,0.06,14.89
3147808,Passa Vinte,MG,890,32.58,67.42,63.6,3.82,15.96,0.0,63.26,0.11,0.11,35.73,0.11,0.0,0.67,36.07
3147907,Passos,MG,41262,2.63,97.35,95.92,1.42,2.55,0.0,95.92,1.3,0.41,2.24,0.0,0.0,0.06,3.77
3147956,Patis,MG,1672,39.95,59.45,2.63,56.82,37.74,1.79,89.11,4.61,0.12,1.32,1.02,0.42,3.23,5.92
3148004,Patos de Minas,MG,61097,5.38,94.56,93.12,1.44,5.11,0.05,92.46,3.93,0.68,2.3,0.01,0.0,0.29,5.95
3148103,Patrocínio,MG,31745,5.36,94.56,89.99,4.57,5.26,0.01,88.55,6.59,1.15,3.07,0.01,0.01,0.41,8.65
3148202,Patrocínio do Muriaé,MG,2194,17.78,81.54,78.76,2.78,2.1,0.0,79.81,12.58,3.05,4.38,0.0,0.05,0.0,16.73
3148301,Paula Cândido,MG,3092,28.3,71.28,61.06,10.22,10.35,0.0,58.21,29.75,4.79,7.12,0.0,0.0,0.1,37.29
3148400,Paulistas,MG,1522,54.34,45.6,42.9,2.69,40.93,0.2,64.98,6.04,23.26,4.99,0.0,0.0,0.72,32.79
3148509,Pavão,MG,2730,35.75,63.96,62.71,1.25,31.9,0.92,66.04,11.43,12.6,9.08,0.04,0.04,0.62,33.41
3148608,Peçanha,MG,5629,45.07,54.5,47.49,7.02,41.89,0.44,60.08,5.47,20.59,12.52,0.0,0.05,1.07,37.88
3148707,Pedra Azul,MG,7450,14.11,84.95,83.58,1.37,12.67,0.12,85.74,5.02,1.25,5.49,1.07,0.13,0.27,11.52
3148756,Pedra Bonita,MG,2365,55.31,44.61,30.53,14.08,25.71,0.0,29.47,11.33,12.81,44.31,0.0,0.17,1.86,61.18
3148806,Pedra do Anta,MG,1265,23.0,76.84,69.49,7.35,4.9,0.16,65.14,19.84,2.69,12.09,0.0,0.0,0.0,32.73
3148905,Pedra do Indaiá,MG,1533,15.46,84.54,65.23,19.31,14.48,0.0,69.54,10.7,8.41,10.83,0.0,0.0,0.46,28.11
3149002,Pedra Dourada,MG,1004,14.54,85.26,75.2,10.06,11.25,0.0,76.29,0.4,0.2,22.91,0.0,0.0,0.2,23.11
3149101,Pedralva,MG,3885,40.64,58.89,54.03,4.86,2.5,0.05,55.32,7.31,4.17,29.76,0.0,0.05,3.24,42.57
3149150,Pedras de Maria da Cruz,MG,3497,74.64,24.99,20.1,4.89,71.0,2.75,59.19,33.57,0.26,0.37,2.06,0.6,3.23,18.56
3149200,Pedrinópolis,MG,1223,4.82,94.93,90.52,4.42,4.82,0.0,87.24,3.84,0.41,7.69,0.08,0.0,0.41,7.69
3149309,Pedro Leopoldo,MG,22633,12.03,87.88,76.07,11.81,10.93,0.03,93.83,4.09,0.65,0.35,0.03,0.0,0.06,3.99
3149408,Pedro Teixeira,MG,722,32.13,67.73,66.62,1.11,3.19,0.14,77.01,4.85,0.69,17.45,0.0,0.0,0.0,22.16
3149507,Pequeri,MG,1290,5.04,94.96,94.88,0.08,0.23,0.0,94.34,0.39,0.31,4.96,0.0,0.0,0.0,4.88
3149606,Pequi,MG,1553,53.77,46.17,36.83,9.34,53.64,0.0,78.94,13.78,4.31,2.7,0.0,0.06,0.13,11.91
3149705,Perdigão,MG,4467,13.7,86.3,83.55,2.75,12.65,0.0,87.11,8.8,3.6,0.45,0.0,0.0,0.02,11.28
3149804,Perdizes,MG,5936,8.89,91.0,81.0,10.01,8.47,0.0,74.51,12.69,1.4,9.94,0.05,0.0,1.35,17.79
3149903,Perdões,MG,7773,15.31,84.55,84.03,0.51,7.74,0.0,89.53,7.09,0.41,2.89,0.0,0.0,0.01,9.93
3149952,Periquito,MG,2293,24.16,75.36,72.13,3.23,13.26,0.04,76.84,15.09,7.06,0.74,0.0,0.0,0.04,15.87
3150000,Pescador,MG,1270,23.78,76.14,72.13,4.02,11.97,0.47,77.01,12.6,3.31,6.61,0.0,0.0,0.16,20.47
3150109,Piau,MG,1088,43.84,56.16,46.6,9.56,4.87,0.0,58.18,24.08,2.85,14.61,0.0,0.0,0.18,39.34
3150158,Piedade de Caratinga,MG,3187,9.48,90.46,66.11,24.35,3.29,0.03,59.4,17.41,12.33,10.54,0.0,0.03,0.16,34.04
3150208,Piedade de Ponte Nova,MG,1322,26.4,73.6,70.35,3.25,3.03,0.0,82.38,6.96,3.33,7.34,0.0,0.0,0.0,17.47
3150307,Piedade do Rio Grande,MG,1842,29.75,70.25,67.05,3.2,24.86,0.0,79.53,7.82,2.77,9.17,0.0,0.0,0.65,17.59
3150406,Piedade dos Gerais,MG,1964,85.74,13.75,3.05,10.69,85.39,0.0,52.29,18.99,5.4,17.16,0.0,0.0,1.22,46.84
3150505,Pimenta,MG,3314,10.92,89.02,81.89,7.12,10.5,0.0,91.64,4.1,1.6,2.47,0.0,0.0,0.12,7.66
3150539,Pingo-d'Água,MG,1635,7.34,92.48,87.58,4.89,5.57,0.18,88.62,6.48,3.67,1.04,0.0,0.0,0.06,10.34
3150570,Pintópolis,MG,2276,75.09,23.95,2.28,21.66,71.09,3.69,50.35,32.86,1.36,1.89,1.93,1.27,9.89,44.86
3150604,Piracema,MG,2614,42.81,57.12,52.95,4.17,39.29,0.15,57.77,18.44,9.07,13.66,0.0,0.04,0.99,26.59
3150703,Pirajuba,MG,2043,0.73,99.27,96.62,2.64,0.29,0.0,93.69,4.85,1.47,0.0,0.0,0.0,0.0,3.13
3150802,Piranga,MG,5892,64.04,35.42,31.57,3.85,16.48,0.24,42.29,11.59,9.45,35.9,0.02,0.1,0.49,51.65
3150901,Piranguçu,MG,2202,37.01,62.17,49.09,13.08,14.67,0.05,54.31,1.5,0.5,35.15,0.0,0.09,0.41,40.15
3151008,Piranguinho,MG,3217,27.88,71.93,61.05,10.88,13.86,0.03,71.59,8.08,7.12,13.15,0.0,0.0,0.03,25.12
3151107,Pirapetinga,MG,4244,13.93,86.03,85.63,0.4,3.56,0.0,88.55,6.2,0.8,4.38,0.0,0.0,0.05,10.46
3151206,Pirapora,MG,19076,11.33,88.58,49.71,38.87,10.88,0.03,97.67,0.8,0.83,0.03,0.21,0.0,0.1,1.37
3151305,Piraúba,MG,4318,11.53,88.47,86.98,1.48,5.65,0.0,79.02,15.28,3.33,2.32,0.0,0.0,0.05,17.04
3151404,Pitangui,MG,9528,10.25,89.58,87.2,2.38,7.51,0.01,82.98,14.52,1.09,0.89,0.0,0.07,0.38,8.22
3151503,Piumhi,MG,13801,4.06,95.89,94.01,1.88,3.92,0.0,94.32,2.44,1.03,1.71,0.01,0.0,0.33,4.37
3151602,Planura,MG,4063,1.94,98.03,94.91,3.13,1.85,0.0,95.87,2.26,1.6,0.1,0.0,0.0,0.12,3.32
3151701,Poço Fundo,MG,6118,32.58,66.31,60.62,5.69,29.23,0.03,60.38,4.69,0.42,34.39,0.0,0.05,0.07,38.74
3151800,Poços de Caldas,MG,63169,0.54,99.44,97.97,1.47,0.45,0.0,97.77,0.44,0.11,1.65,0.0,0.0,0.01,1.14
3151909,Pocrane,MG,3265,42.33,57.24,50.02,7.23,8.94,0.15,66.25,11.58,9.4,11.49,0.06,0.12,1.04,31.09
3152006,Pompéu,MG,11154,11.25,88.64,84.52,4.12,10.7,0.09,87.4,6.15,4.47,0.77,0.26,0.01,0.78,11.05
3152105,Ponte Nova,MG,21250,14.96,84.83,83.64,1.19,1.97,0.02,92.18,3.2,2.06,2.29,0.0,0.0,0.14,7.11
3152131,Ponto Chique,MG,1272,36.95,62.66,39.7,22.96,36.24,0.71,70.68,23.19,2.91,0.0,1.02,0.08,1.42,24.53
3152170,Ponto dos Volantes,MG,3750,63.65,36.16,33.89,2.27,59.68,2.37,54.19,9.15,9.33,17.55,2.32,3.2,4.08,41.79
3152204,Porteirinha,MG,13668,68.99,30.74,28.56,2.17,67.8,0.87,79.39,5.56,0.08,3.11,1.93,1.19,8.17,18.31
3152303,Porto Firme,MG,3709,35.75,64.2,61.93,2.26,16.07,0.0,63.55,17.66,5.85,10.97,0.0,0.0,0.16,28.31
3152402,Poté,MG,5052,39.23,60.41,57.72,2.69,38.04,0.38,66.25,18.51,8.25,5.76,0.0,0.12,0.81,31.33
3152501,Pouso Alegre,MG,55931,4.65,95.27,90.61,4.65,4.06,0.0,90.35,3.9,4.51,0.82,0.01,0.05,0.14,8.64
3152600,Pouso Alto,MG,2472,44.94,54.81,52.35,2.47,7.28,0.0,64.48,4.53,3.48,27.22,0.0,0.04,0.12,22.78
3152709,Prados,MG,3261,16.28,83.1,76.66,6.44,9.51,0.03,83.13,5.46,4.66,6.47,0.03,0.06,0.12,13.86
3152808,Prata,MG,10439,11.09,88.72,81.07,7.64,10.2,0.03,78.72,13.93,1.68,4.2,0.63,0.04,0.34,18.87
3152907,Pratápolis,MG,3312,8.82,91.15,87.38,3.77,8.39,0.03,87.5,4.44,1.48,6.52,0.0,0.03,0.0,10.93
3153004,Pratinha,MG,1355,27.82,71.66,63.25,8.41,26.94,0.0,58.89,9.37,1.18,29.82,0.0,0.0,0.52,40.44
3153103,Presidente Bernardes,MG,1778,81.83,17.77,16.09,1.69,19.91,0.06,49.33,14.06,8.1,28.01,0.0,0.06,0.39,49.16
3153202,Presidente Juscelino,MG,1315,48.29,51.48,45.02,6.46,47.38,0.08,64.71,25.63,2.97,2.21,0.0,0.08,4.18,22.66
3153301,Presidente Kubitschek,MG,972,20.47,79.32,78.7,0.62,19.55,0.0,79.32,2.06,0.21,17.8,0.0,0.0,0.51,20.06
3153400,Presidente Olegário,MG,7318,23.04,76.69,71.44,5.25,22.27,0.07,77.81,4.81,0.89,12.79,0.37,0.04,3.24,13.9
3153509,Alto Jequitibá,MG,3249,62.97,36.41,32.9,3.51,18.93,0.0,56.45,9.91,1.32,32.23,0.0,0.0,0.0,37.0
3153608,Prudente de Morais,MG,3961,16.38,83.56,72.03,11.54,15.8,0.03,95.99,2.65,0.63,0.4,0.03,0.0,0.13,3.41
3153707,Quartel Geral,MG,1302,54.69,45.31,38.79,6.53,54.69,0.0,82.8,7.37,5.45,2.92,0.0,0.0,1.38,9.52
3153806,Queluzito,MG,678,41.74,57.82,53.24,4.57,33.63,0.0,71.39,7.23,4.42,15.49,0.15,0.0,1.18,26.25
3153905,Raposos,MG,5594,9.92,90.04,89.88,0.16,1.61,0.02,97.34,0.07,0.04,2.47,0.02,0.0,0.07,1.64
3154002,Raul Soares,MG,8894,35.2,63.92,58.62,5.3,11.99,0.03,70.15,3.46,10.48,15.76,0.0,0.01,0.08,28.78
3154101,Recreio,MG,3896,11.96,87.99,85.83,2.16,1.03,0.0,88.12,9.09,1.21,1.46,0.0,0.03,0.03,7.42
3154150,Reduto,MG,2790,27.53,72.37,58.39,13.98,1.18,0.0,61.94,14.48,0.79,22.33,0.0,0.0,0.39,35.73
3154200,Resende Costa,MG,4264,40.36,59.38,47.4,11.98,38.32,0.09,84.47,3.05,1.1,10.39,0.0,0.0,0.56,13.13
3154309,Resplendor,MG,6604,14.04,85.6,76.53,9.07,7.01,0.02,76.7,8.07,2.77,7.43,4.1,0.03,0.85,18.32
3154408,Ressaquinha,MG,1640,55.61,44.02,42.56,1.46,21.22,0.0,67.68,12.13,0.18,19.57,0.06,0.0,0.37,25.61
3154457,Riachinho,MG,2576,88.9,10.83,0.5,10.33,87.23,0.93,59.43,22.83,6.17,4.23,0.27,1.28,5.28,38.2
3154507,Riacho dos Machados,MG,2761,57.23,42.34,41.4,0.94,53.02,4.02,73.52,14.7,0.25,6.08,1.3,0.76,3.01,21.66
3154606,Ribeirão das Neves,MG,113092,9.57,89.91,87.29,2.62,4.4,0.01,97.88,0.6,0.43,0.13,0.01,0.01,0.03,1.36
3154705,Ribeirão Vermelho,MG,1470,2.04,97.82,90.41,7.41,0.75,0.0,92.04,4.29,0.54,3.13,0.0,0.0,0.0,7.55
3154804,Rio Acima,MG,3646,11.68,88.21,80.09,8.12,6.94,0.0,87.22,4.61,0.22,4.91,0.33,0.0,2.44,7.32
3154903,Rio Casca,MG,4686,31.63,68.16,66.47,1.69,4.33,0.06,77.89,12.21,4.76,4.25,0.0,0.81,0.02,20.36
3155009,Rio Doce,MG,921,14.88,84.91,82.41,2.5,2.82,0.11,79.15,9.66,1.85,9.01,0.11,0.0,0.0,13.14
3155108,Rio do Prado,MG,1731,33.16,64.12,63.66,0.46,25.42,1.44,72.15,4.62,2.37,15.19,0.81,0.06,4.39,26.4
3155207,Rio Espera,MG,2064,73.21,26.65,22.38,4.26,19.43,0.15,51.11,19.62,13.52,15.5,0.0,0.05,0.0,41.42
3155306,Rio Manso,MG,2177,94.63,5.28,3.35,1.93,94.12,0.0,67.29,12.36,7.85,12.26,0.0,0.09,0.0,28.57
3155405,Rio Novo,MG,3115,14.45,85.46,84.37,1.09,5.39,0.03,85.43,5.75,4.37,4.21,0.0,0.1,0.03,12.26
3155504,Rio Paranaíba,MG,5619,17.12,82.81,80.6,2.21,16.75,0.05,81.28,4.06,1.39,12.37,0.12,0.02,0.52,14.06
3155603,Rio Pardo de Minas,MG,9260,75.01,23.75,20.46,3.28,73.7,0.94,48.08,15.42,8.35,13.76,1.84,0.71,11.19,47.83
3155702,Rio Piracicaba,MG,5281,24.64,75.18,74.1,1.08,2.73,0.04,82.98,8.52,1.78,6.59,0.0,0.0,0.06,13.08
3155801,Rio Pomba,MG,6773,11.44,88.45,87.45,1.0,2.08,0.0,86.59,8.33,0.61,4.34,0.0,0.01,0.06,5.21
3155900,Rio Preto,MG,2034,20.45,79.45,74.48,4.97,6.24,0.0,82.35,1.77,0.15,15.09,0.0,0.0,0.59,15.19
3156007,Rio Vermelho,MG,4344,59.88,39.48,35.45,4.03,52.37,0.71,45.74,11.74,10.84,27.21,1.86,0.16,2.19,44.84
3156106,Ritápolis,MG,1984,67.84,32.01,16.08,15.93,66.13,0.05,78.28,10.53,0.55,10.33,0.0,0.0,0.05,11.64
3156205,Rochedo de Minas,MG,836,51.44,48.56,47.61,0.96,2.39,0.0,92.46,1.32,0.12,5.74,0.0,0.0,0.36,6.1
3156304,Rodeiro,MG,3081,6.78,93.09,90.49,2.6,0.58,0.0,91.14,5.45,0.75,2.66,0.0,0.0,0.0,7.47
3156403,Romaria,MG,1207,13.09,86.41,76.3,10.11,12.59,0.0,77.71,11.1,1.82,8.86,0.0,0.0,0.17,21.71
3156452,Rosário da Limeira,MG,1888,39.62,59.48,55.72,3.76,9.43,0.0,55.61,13.56,1.32,29.34,0.0,0.0,0.11,23.99
3156502,Rubelita,MG,2120,77.12,22.45,20.75,1.7,68.82,5.99,66.18,10.57,0.8,5.85,2.08,2.59,11.84,27.74
3156601,Rubim,MG,3395,20.74,78.2,76.97,1.24,15.52,1.3,79.82,2.89,0.59,11.69,0.15,0.68,3.3,19.59
3156700,Sabará,MG,45809,12.15,87.47,85.5,1.97,5.75,0.01,95.59,1.52,0.41,0.86,0.75,0.03,0.05,3.84
3156809,Sabinópolis,MG,5199,39.55,59.86,58.22,1.63,22.79,0.38,68.05,6.31,17.06,8.06,0.0,0.0,0.4,31.03
3156908,Sacramento,MG,9701,3.9,96.03,86.36,9.67,3.65,0.01,82.83,6.4,0.54,9.84,0.1,0.0,0.27,14.09
3157005,Salinas,MG,14892,22.39,77.37,73.56,3.81,20.4,0.54,91.72,2.67,0.19,1.42,0.71,0.35,2.81,7.67
3157104,Salto da Divisa,MG,2106,21.65,76.4,76.07,0.33,13.72,1.0,82.86,0.09,0.09,2.23,2.9,0.14,11.54,12.16
3157203,Santa Bárbara,MG,10596,10.83,89.08,87.56,1.52,3.9,0.03,90.43,3.2,0.38,4.91,0.3,0.01,0.6,5.14
3157252,Santa Bárbara do Leste,MG,3066,57.73,41.88,36.14,5.74,24.76,0.03,45.69,3.65,16.21,33.92,0.03,0.1,0.2,48.86
3157278,Santa Bárbara do Monte Verde,MG,1209,31.68,68.24,65.67,2.56,9.59,0.0,68.16,1.65,0.33,29.78,0.0,0.0,0.08,19.35
3157302,Santa Bárbara do Tugúrio,MG,1565,53.67,43.51,41.85,1.66,8.18,0.06,56.93,16.42,3.45,21.66,0.0,0.0,1.47,38.4
3157336,Santa Cruz de Minas,MG,2944,0.34,99.59,99.52,0.07,0.31,0.0,99.05,0.71,0.2,0.0,0.0,0.0,0.0,0.1
3157377,Santa Cruz de Salinas,MG,1455,64.74,34.71,34.16,0.55,63.44,0.96,51.75,23.71,11.82,5.02,3.92,1.17,0.96,42.41
3157401,Santa Cruz do Escalvado,MG,1724,43.85,54.81,40.2,14.62,10.73,0.0,46.93,20.82,10.85,21.0,0.06,0.06,0.23,36.19
3157500,Santa Efigênia de Minas,MG,1470,28.23,71.56,67.89,3.67,11.36,0.0,65.1,12.04,8.57,12.79,0.07,0.07,0.82,29.39
3157609,Santa Fé de Minas,MG,1236,97.49,1.54,0.4,1.13,95.23,2.1,69.98,11.17,1.54,3.07,3.72,0.08,10.03,21.76
3157658,Santa Helena de Minas,MG,1925,36.78,52.21,49.97,2.23,28.99,0.16,77.97,2.55,4.21,14.29,0.05,0.0,0.31,21.35
3157708,Santa Juliana,MG,5379,3.03,96.73,93.38,3.35,2.92,0.04,89.91,4.63,0.65,4.65,0.0,0.0,0.13,7.68
3157807,Santa Luzia,MG,75910,10.82,88.9,86.07,2.82,6.33,0.02,97.4,1.37,0.17,0.26,0.11,0.01,0.09,2.14
3157906,Santa Margarida,MG,5565,36.28,63.34,50.37,12.97,7.83,0.04,51.75,14.97,6.04,27.12,0.0,0.02,0.07,43.29
3158003,Santa Maria de Itabira,MG,3435,41.54,58.02,56.42,1.6,9.72,0.09,60.12,15.23,1.25,22.77,0.0,0.0,0.41,28.06
3158102,Santa Maria do Salto,MG,1786,30.01,68.2,66.69,1.51,21.22,1.51,75.2,0.5,0.45,20.44,0.17,0.11,2.97,23.91
3158201,Santa Maria do Suaçuí,MG,4558,31.55,67.97,65.56,2.41,21.68,0.29,72.6,12.53,8.71,4.91,0.0,0.02,0.88,23.19
3158300,Santana da Vargem,MG,2347,10.86,89.14,86.41,2.73,9.2,0.13,82.96,4.47,1.79,10.23,0.04,0.13,0.34,14.36
3158409,Santana de Cataguases,MG,1326,18.85,80.92,79.71,1.21,3.02,0.0,86.43,5.2,1.43,6.86,0.08,0.0,0.0,12.52
3158508,Santana de Pirapama,MG,2770,60.51,38.88,36.25,2.64,59.39,0.51,41.99,12.67,31.08,3.14,0.04,0.04,10.29,52.38
3158607,Santana do Deserto,MG,1326,39.44,60.48,56.03,4.45,2.71,0.08,65.23,23.3,1.73,9.73,0.0,0.0,0.0,31.6
3158706,Santana do Garambéu,MG,779,26.32,73.68,70.99,2.7,16.56,0.0,69.83,1.03,0.13,27.73,0.26,0.13,0.77,12.84
3158805,Santana do Jacaré,MG,1625,3.14,96.62,96.18,0.43,2.09,0.06,97.78,0.68,0.0,1.35,0.0,0.0,0.06,2.22
3158904,Santana do Manhuaçu,MG,3160,51.77,47.09,40.89,6.2,12.88,0.0,48.16,11.52,1.3,37.31,0.0,0.09,0.16,28.83
3158953,Santana do Paraíso,MG,16720,7.34,92.34,90.81,1.53,0.65,0.0,85.49,9.92,3.1,1.42,0.02,0.0,0.03,6.86
3159001,Santana do Riacho,MG,1956,28.22,70.19,4.86,65.34,27.51,0.2,71.52,8.03,0.92,13.39,0.82,0.1,5.06,22.09
3159100,Santana dos Montes,MG,1304,40.03,59.89,58.82,1.07,13.96,0.0,70.4,4.68,4.29,20.48,0.0,0.08,0.0,27.99
3159209,Santa Rita de Caldas,MG,3356,37.87,61.8,61.08,0.72,17.4,0.03,66.87,1.25,0.95,30.84,0.0,0.0,0.06,32.51
3159308,Santa Rita de Jacutinga,MG,1905,37.17,62.78,62.2,0.58,5.51,0.05,81.05,1.31,0.1,17.43,0.0,0.0,0.05,11.13
3159357,Santa Rita de Minas,MG,2498,38.67,61.17,57.21,3.96,10.93,0.0,75.58,3.92,4.8,15.61,0.0,0.04,0.04,22.5
3159407,Santa Rita de Ibitipoca,MG,1200,48.67,51.0,50.5,0.5,11.75,0.0,60.33,12.25,0.58,26.0,0.0,0.0,0.67,36.42
3159506,Santa Rita do Itueto,MG,2203,63.64,35.95,24.19,11.76,21.47,0.0,46.07,22.38,2.32,28.64,0.0,0.0,0.54,38.04
3159605,Santa Rita do Sapucaí,MG,14172,8.81,91.12,87.28,3.83,5.49,0.03,87.75,3.54,1.69,6.91,0.01,0.0,0.07,11.54
3159704,Santa Rosa da Serra,MG,1206,35.32,64.68,57.13,7.55,34.91,0.0,90.71,1.0,0.41,7.63,0.08,0.0,0.08,8.62
3159803,Santa Vitória,MG,8276,9.67,90.29,85.52,4.76,9.15,0.05,85.42,8.28,4.66,1.2,0.0,0.0,0.3,13.74
3159902,Santo Antônio do Amparo,MG,5993,13.4,86.55,85.58,0.97,10.68,0.03,87.77,8.68,0.5,2.84,0.02,0.0,0.1,8.09
3160009,Santo Antônio do Aventureiro,MG,1455,54.43,45.5,43.44,2.06,1.44,0.0,74.23,1.79,3.78,20.07,0.0,0.0,0.07,22.82
3160108,Santo Antônio do Grama,MG,1498,9.35,90.39,81.84,8.54,1.87,0.0,81.98,9.81,1.34,6.74,0.0,0.0,0.0,16.15
3160207,Santo Antônio do Itambé,MG,1340,78.51,20.6,18.73,1.87,64.03,0.45,35.67,18.28,5.22,37.16,0.0,0.15,3.28,45.9
3160306,Santo Antônio do Jacinto,MG,3782,42.6,53.68,51.59,2.09,23.98,1.19,60.5,2.91,10.02,20.97,0.03,0.61,4.23,30.51
3160405,Santo Antônio do Monte,MG,10148,10.25,89.59,87.91,1.69,9.28,0.02,88.35,5.43,3.06,2.44,0.02,0.0,0.66,9.47
3160454,Santo Antônio do Retiro,MG,2202,71.3,28.07,27.79,0.27,70.03,1.14,58.08,3.72,2.18,28.61,4.0,0.0,3.32,35.33
3160504,Santo Antônio do Rio Abaixo,MG,651,76.34,23.5,23.35,0.15,2.0,0.0,54.53,12.6,0.46,30.88,0.0,0.0,1.54,38.1
3160603,Santo Hipólito,MG,1107,93.77,5.87,1.81,4.07,93.04,0.18,73.89,23.22,0.81,1.54,0.0,0.0,0.45,22.04
3160702,Santos Dumont,MG,15930,27.11,72.71,72.04,0.67,0.74,0.04,86.11,7.36,0.48,5.81,0.01,0.0,0.14,10.37
3160801,São Bento Abade,MG,1593,6.15,93.66,91.65,2.01,5.4,0.06,93.28,1.0,0.38,5.02,0.0,0.0,0.0,6.4
3160900,São Brás do Suaçuí,MG,1491,26.29,73.57,6.98,66.6,25.96,0.0,91.35,3.96,0.4,4.09,0.0,0.07,0.07,8.38
3160959,São Domingos das Dores,MG,1944,9.88,90.02,50.46,39.56,3.6,0.0,32.87,28.14,15.59,23.2,0.0,0.0,0.05,58.9
3161007,São Domingos do Prata,MG,6639,34.93,64.66,63.41,1.25,4.25,0.03,65.73,14.1,4.58,14.99,0.02,0.02,0.44,22.22
3161056,São Félix de Minas,MG,1250,31.76,66.4,57.36,9.04,5.92,0.08,68.08,9.44,8.72,13.76,0.0,0.0,0.0,27.2
3161106,São Francisco,MG,16489,51.08,47.76,41.11,6.65,49.29,1.54,78.2,14.88,1.29,0.36,1.12,1.23,2.27,11.59
3161205,São Francisco de Paula,MG,2288,20.67,79.24,78.15,1.09,20.28,0.0,84.79,8.48,3.5,3.06,0.0,0.0,0.04,11.84
3161304,São Francisco de Sales,MG,2309,9.27,90.73,83.85,6.89,9.22,0.0,78.3,16.15,4.76,0.78,0.0,0.0,0.0,15.29
3161403,São Francisco do Glória,MG,1798,58.4,41.21,37.99,3.23,10.96,0.0,62.35,5.62,0.33,31.37,0.0,0.0,0.28,34.87
3161502,São Geraldo,MG,3943,17.7,82.22,78.75,3.47,4.79,0.0,81.38,9.76,1.29,7.46,0.0,0.0,0.05,17.42
3161601,São Geraldo da Piedade,MG,1259,39.71,60.29,53.53,6.75,8.42,0.0,71.33,9.05,2.3,17.24,0.0,0.0,0.08,22.0
3161650,São Geraldo do Baixio,MG,1280,17.58,81.33,71.88,9.45,6.88,0.0,74.14,6.64,0.47,18.2,0.0,0.0,0.31,24.53
3161700,São Gonçalo do Abaeté,MG,2691,27.28,72.65,69.53,3.12,25.38,0.11,82.05,10.55,0.67,3.53,0.07,0.22,2.53,17.13
3161809,São Gonçalo do Pará,MG,4319,17.18,82.8,77.56,5.23,16.32,0.05,84.79,11.48,3.01,0.49,0.0,0.0,0.05,9.42
3161908,São Gonçalo do Rio Abaixo,MG,3946,37.4,62.21,56.36,5.85,7.2,0.03,76.0,14.39,0.94,7.7,0.53,0.03,0.08,9.68
3162005,São Gonçalo do Sapucaí,MG,8358,10.98,88.96,88.54,0.42,6.46,0.0,84.77,6.94,1.09,7.0,0.02,0.0,0.11,9.6
3162104,São Gotardo,MG,14386,8.85,91.07,90.52,0.56,7.72,0.01,91.57,3.4,0.28,4.66,0.0,0.01,0.04,5.64
3162203,São João Batista do Glória,MG,2808,11.57,88.39,85.58,2.81,11.18,0.0,86.18,5.84,3.03,4.31,0.0,0.14,0.43,13.25
3162252,São João da Lagoa,MG,1848,98.86,0.7,0.6,0.11,98.0,0.32,59.96,28.25,3.52,1.14,0.97,0.22,5.84,24.24
3162302,São João da Mata,MG,1144,21.07,78.93,75.61,3.32,17.4,0.09,65.82,5.77,0.09,28.23,0.0,0.0,0.0,30.24
3162401,São João da Ponte,MG,7897,65.38,34.43,15.59,18.84,63.43,1.61,88.76,9.36,0.92,0.15,0.06,0.16,0.34,7.17
3162450,São João das Missões,MG,3600,94.56,1.06,0.47,0.58,71.39,22.92,59.64,34.67,0.03,0.17,3.89,0.25,0.83,3.86
3162500,São João del Rei,MG,34506,8.59,91.27,87.09,4.18,4.66,0.01,91.89,4.0,1.86,2.01,0.01,0.0,0.13,4.87
3162559,São João do Manhuaçu,MG,3922,44.11,55.66,51.66,4.0,19.81,0.0,47.78,17.87,9.89,24.3,0.0,0.03,0.1,45.77
3162575,São João do Manteninha,MG,2119,8.59,88.34,84.1,4.25,3.21,0.05,70.84,7.31,15.9,5.38,0.05,0.0,0.47,22.23
3162609,São João do Oriente,MG,2774,13.01,85.87,84.03,1.84,5.05,0.0,83.53,7.1,4.54,4.72,0.0,0.0,0.04,12.69
3162658,São João do Pacuí,MG,1438,98.47,1.25,1.11,0.14,96.11,2.23,48.05,43.39,0.21,0.35,0.42,0.0,7.3,8.48
3162708,São João do Paraíso,MG,7694,56.95,42.28,41.59,0.69,55.58,0.99,72.5,11.39,3.78,5.38,2.05,0.64,4.12,18.85
3162807,São João Evangelista,MG,5619,33.07,66.84,62.93,3.92,22.14,0.09,74.14,9.5,10.48,5.59,0.02,0.0,0.23,21.07
3162906,São João Nepomuceno,MG,9840,6.67,93.19,91.66,1.53,2.14,0.01,95.23,1.31,0.48,2.86,0.0,0.0,0.03,4.19
3162922,São Joaquim de Bicas,MG,10617,38.85,60.88,49.42,11.46,37.52,0.08,95.4,1.63,0.55,0.68,1.0,0.01,0.02,3.42
3162948,São José da Barra,MG,2759,19.57,80.36,74.66,5.69,19.43,0.04,74.66,12.21,3.81,8.59,0.0,0.0,0.65,15.62
3162955,São José da Lapa,MG,8973,7.43,92.49,87.87,4.61,6.39,0.01,97.78,1.58,0.23,0.17,0.12,0.0,0.0,1.14
3163003,São José da Safira,MG,1318,20.33,78.53,73.9,4.63,12.22,0.53,77.16,12.75,3.95,4.55,0.0,0.0,0.38,16.84
3163102,São José da Varginha,MG,1739,34.1,65.84,56.07,9.78,33.58,0.0,66.88,26.39,3.62,1.44,1.44,0.0,0.17,26.97
3163201,São José do Alegre,MG,1510,5.76,93.84,74.11,19.74,1.66,0.0,81.66,6.89,3.05,8.34,0.0,0.0,0.07,17.81
3163300,São José do Divino,MG,1296,19.37,78.78,74.31,4.48,13.19,0.08,73.15,7.02,5.94,13.5,0.0,0.0,0.31,22.3
3163409,São José do Goiabal,MG,1982,26.14,73.71,71.39,2.32,14.28,0.1,70.94,15.94,8.53,4.34,0.0,0.0,0.05,28.0
3163508,São José do Jacuri,MG,2211,59.48,39.57,38.67,0.9,51.11,0.18,40.03,19.99,26.05,13.43,0.0,0.0,0.45,49.07
3163607,São José do Mantimento,MG,1001,4.3,91.11,62.84,28.27,0.7,0.0,67.93,7.09,1.7,23.18,0.0,0.1,0.0,25.37
3163706,São Lourenço,MG,17098,2.81,97.12,96.67,0.45,0.69,0.02,98.58,0.44,0.19,0.75,0.0,0.0,0.0,1.27
3163805,São Miguel do Anta,MG,2276,43.67,56.28,50.22,6.06,5.01,0.04,56.68,18.06,11.91,13.18,0.0,0.0,0.18,42.4
3163904,São Pedro da União,MG,1908,32.02,67.82,66.77,1.05,26.05,0.0,68.97,1.0,0.58,29.25,0.05,0.05,0.0,29.87
3164001,São Pedro dos Ferros,MG,2635,15.71,84.1,81.78,2.31,5.96,0.04,85.69,3.87,4.82,5.62,0.0,0.0,0.0,13.7
3164100,São Pedro do Suaçuí,MG,1849,59.11,40.18,37.86,2.33,34.4,0.22,56.3,20.55,14.33,6.65,0.0,0.0,1.41,42.89
3164209,São Romão,MG,2956,22.06,77.33,48.68,28.65,20.6,0.85,73.11,16.81,0.95,2.81,1.05,0.03,4.33,9.95
3164308,São Roque de Minas,MG,2730,28.02,71.83,65.6,6.23,27.25,0.11,70.81,3.0,1.65,23.19,0.04,0.04,1.21,26.41
3164407,São Sebastião da Bela Vista,MG,2229,29.3,70.35,62.67,7.67,19.02,0.0,58.82,23.28,6.86,10.86,0.0,0.0,0.09,35.31
3164431,São Sebastião da Vargem Alegre,MG,1177,27.7,70.94,61.94,9.01,0.51,0.08,62.62,7.05,1.1,28.97,0.0,0.0,0.17,35.34
3164472,São Sebastião do Anta,MG,2274,16.89,83.03,67.06,15.96,1.93,0.0,46.0,20.8,25.02,8.09,0.0,0.0,0.04,42.7
3164506,São Sebastião do Maranhão,MG,3347,63.1,36.66,33.88,2.78,57.9,0.27,46.76,16.1,16.13,18.31,0.0,0.03,2.45,48.13
3164605,São Sebastião do Oeste,MG,3095,28.34,71.57,66.01,5.56,28.05,0.13,72.25,15.74,8.89,2.13,0.03,0.0,0.26,26.69
3164704,São Sebastião do Paraíso,MG,26679,4.23,95.72,93.53,2.2,4.06,0.02,93.23,2.84,0.28,3.55,0.0,0.01,0.04,5.36
3164803,São Sebastião do Rio Preto,MG,474,93.88,5.27,4.85,0.42,7.59,0.0,57.59,7.59,2.11,32.07,0.0,0.0,0.63,40.3
3164902,São Sebastião do Rio Verde,MG,881,4.54,95.35,94.89,0.45,1.7,0.0,95.46,0.23,0.45,3.86,0.0,0.0,0.0,3.41
3165008,São Tiago,MG,4128,18.73,81.2,73.21,7.99,17.27,0.0,82.32,7.82,1.41,7.56,0.0,0.19,0.31,13.28
3165107,São Tomás de Aquino,MG,2444,23.0,76.96,76.02,0.94,17.64,0.0,80.81,3.68,0.25,15.26,0.0,0.0,0.0,13.34
3165206,São Tomé das Letras,MG,2790,32.4,67.06,57.03,10.04,29.75,0.36,58.67,7.89,2.44,29.07,0.07,0.04,1.76,30.43
3165305,São Vicente de Minas,MG,2502,10.95,88.81,87.29,1.52,9.95,0.0,89.77,5.96,0.12,4.12,0.0,0.0,0.04,9.87
3165404,Sapucaí-Mirim,MG,2323,25.18,74.52,62.38,12.14,16.4,0.04,65.91,3.92,1.46,28.71,0.0,0.0,0.0,32.29
3165503,Sardoá,MG,1861,41.48,58.3,45.89,12.41,34.71,0.05,65.23,13.49,12.31,8.7,0.0,0.0,0.05,30.31
3165537,Sarzedo,MG,12670,3.39,96.29,93.79,2.5,1.99,0.0,97.2,2.05,0.24,0.2,0.01,0.06,0.09,1.34
3165552,Setubinha,MG,2971,70.55,29.28,27.1,2.19,66.48,3.33,42.41,11.51,10.47,29.69,1.14,0.57,4.11,54.16
3165560,Sem-Peixe,MG,962,43.14,51.04,48.44,2.6,12.16,0.0,52.6,8.63,2.08,33.47,0.1,0.0,0.94,38.05
3165578,Senador Amaral,MG,2091,28.12,71.59,62.51,9.09,18.94,0.05,63.61,7.03,1.58,27.59,0.0,0.0,0.0,33.67
3165602,Senador Cortes,MG,801,21.22,78.65,78.03,0.62,2.0,0.0,70.79,15.11,2.87,11.24,0.0,0.0,0.0,14.61
3165701,Senador Firmino,MG,2914,42.79,57.07,55.46,1.61,7.14,0.0,73.51,11.39,9.16,5.83,0.0,0.07,0.0,23.68
3165800,Senador José Bento,MG,792,57.58,42.05,39.9,2.15,46.97,0.0,44.95,3.28,14.65,36.99,0.0,0.0,0.13,52.78
3165909,Senador Modestino Gonçalves,MG,1501,56.03,43.24,41.57,1.67,54.7,0.53,48.23,29.25,6.4,10.26,0.27,0.0,5.0,40.57
3166006,Senhora de Oliveira,MG,2018,27.55,72.3,68.78,3.52,0.64,0.0,74.03,20.17,0.45,4.81,0.0,0.0,0.55,20.96
3166105,Senhora do Porto,MG,1114,52.33,47.04,46.14,0.9,19.75,1.08,58.71,4.49,15.17,20.92,0.09,0.0,0.36,41.02
3166204,Senhora dos Remédios,MG,3720,44.49,55.08,52.85,2.23,21.88,0.05,79.09,9.6,1.64,9.19,0.05,0.0,0.38,11.61
3166303,Sericita,MG,2577,35.12,64.73,50.87,13.85,12.61,0.16,54.02,16.03,3.22,23.59,0.08,0.0,3.07,44.82
3166402,Seritinga,MG,693,13.28,86.15,84.13,2.02,9.09,0.0,86.0,2.16,0.72,10.39,0.0,0.0,0.43,12.27
3166501,Serra Azul de Minas,MG,1251,25.74,74.1,66.75,7.35,23.5,0.16,65.95,18.23,0.4,15.03,0.16,0.0,0.0,15.99
3166600,Serra da Saudade,MG,337,33.53,66.47,66.17,0.3,33.23,0.0,66.77,15.43,0.3,17.51,0.0,0.0,0.0,31.16
3166709,Serra dos Aimorés,MG,2675,26.58,73.05,62.88,10.17,20.97,0.04,89.76,4.9,4.37,0.79,0.0,0.0,0.04,7.7
3166808,Serra do Salitre,MG,4018,14.91,84.94,78.35,6.6,14.66,0.0,76.9,11.37,2.19,8.93,0.0,0.0,0.52,22.42
3166907,Serrania,MG,2743,8.35,91.62,90.59,1.02,7.55,0.0,92.34,0.95,0.04,6.6,0.0,0.0,0.0,5.98
3166956,Serranópolis de Minas,MG,1526,98.3,1.44,0.13,1.31,97.64,0.66,68.09,10.81,0.07,10.22,1.44,1.31,7.86,24.18
3167004,Serranos,MG,753,18.06,80.61,73.84,6.77,9.16,0.0,81.41,3.85,0.4,14.08,0.0,0.0,0.27,12.62
3167103,Serro,MG,7317,47.55,52.07,48.63,3.44,45.73,0.34,66.13,4.93,1.44,26.68,0.07,0.0,0.57,30.07
3167202,Sete Lagoas,MG,81943,3.42,96.5,94.65,1.85,3.03,0.01,97.57,1.34,0.61,0.13,0.08,0.01,0.04,1.65
3167301,Silveirânia,MG,898,28.73,71.05,67.59,3.45,11.69,0.0,72.16,11.58,3.56,12.36,0.0,0.0,0.11,25.95
3167400,Silvianópolis,MG,2438,36.26,63.21,59.15,4.06,32.2,0.04,61.77,6.89,9.23,21.7,0.04,0.0,0.29,32.32
3167509,Simão Pereira,MG,1073,21.81,78.01,67.47,10.53,8.39,0.09,74.28,8.48,0.93,15.84,0.19,0.0,0.28,23.11
3167608,Simonésia,MG,7016,38.93,60.19,46.12,14.07,20.03,0.04,49.5,7.51,4.25,37.37,0.01,0.0,0.13,47.98
3167707,Sobrália,MG,2010,22.59,75.67,66.72,8.96,5.52,0.0,69.95,18.96,5.82,5.27,0.0,0.0,0.0,27.51
3167806,Soledade de Minas,MG,2121,30.88,68.79,63.37,5.42,16.6,0.05,70.01,6.36,1.65,21.55,0.0,0.05,0.24,29.14
3167905,Tabuleiro,MG,1554,25.16,74.65,73.68,0.97,4.57,0.0,72.27,10.23,2.51,14.54,0.0,0.0,0.39,22.01
3168002,Taiobeiras,MG,11732,26.79,73.0,60.44,12.56,26.36,0.1,78.19,7.74,10.69,0.53,1.46,0.13,1.12,12.37
3168051,Taparuba,MG,1314,16.44,83.03,70.7,12.33,4.79,0.0,72.6,10.27,0.38,16.44,0.0,0.0,0.3,25.65
3168101,Tapira,MG,1435,25.37,73.87,61.46,12.4,14.49,0.07,59.37,7.32,0.7,27.6,0.35,0.0,4.53,32.96
3168200,Tapiraí,MG,657,35.77,63.47,57.38,6.09,34.25,0.3,59.67,4.72,2.44,28.92,0.0,0.0,4.26,39.57
3168309,Taquaraçu de Minas,MG,1593,53.99,45.32,30.32,15.0,51.48,0.31,59.57,17.01,4.52,14.31,0.38,0.06,3.58,36.47
3168408,Tarumirim,MG,5230,30.46,68.97,63.94,5.03,10.23,0.06,65.91,12.75,6.65,14.03,0.02,0.02,0.11,27.53
3168507,Teixeiras,MG,4736,38.37,61.32,56.5,4.81,3.78,0.13,66.74,20.78,4.94,6.9,0.0,0.0,0.02,29.54
3168606,Teófilo Otoni,MG,49858,19.06,80.53,78.84,1.69,13.87,0.31,84.52,4.88,3.05,6.5,0.13,0.02,0.51,13.95
3168705,Timóteo,MG,30026,4.79,95.15,94.53,0.62,1.41,0.01,91.46,5.4,1.01,1.16,0.73,0.02,0.02,4.27
3168804,Tiradentes,MG,2866,17.59,82.14,72.89,9.25,11.69,0.0,84.58,5.76,3.14,5.37,0.0,0.1,0.87,11.03
3168903,Tiros,MG,3107,22.85,76.99,75.73,1.26,17.86,0.03,77.86,1.64,0.45,19.41,0.19,0.0,0.29,8.82
3169000,Tocantins,MG,6154,15.88,84.11,83.21,0.89,8.51,0.02,82.35,8.95,5.51,3.07,0.0,0.0,0.1,15.5
3169059,Tocos do Moji,MG,1470,72.59,26.87,23.88,2.99,8.98,0.0,55.71,6.05,4.63,33.47,0.0,0.0,0.07,32.24
3169109,Toledo,MG,2599,33.74,65.45,54.56,10.89,26.51,0.0,55.44,5.93,13.89,24.43,0.04,0.04,0.23,43.4
3169208,Tombos,MG,3297,21.17,78.65,75.95,2.7,6.16,0.0,86.05,1.94,0.03,11.86,0.0,0.0,0.09,10.8
3169307,Três Corações,MG,26358,5.74,94.19,90.97,3.22,3.48,0.0,92.68,3.48,0.91,2.77,0.0,0.01,0.06,6.0
3169356,Três Marias,MG,10782,10.81,89.09,83.25,5.84,9.32,0.06,92.05,4.03,1.19,0.92,0.62,0.04,0.78,7.21
3169406,Três Pontas,MG,19288,5.94,94.01,92.57,1.45,5.36,0.01,91.91,2.91,0.8,4.24,0.01,0.03,0.06,6.46
3169505,Tumiritinga,MG,2259,37.89,61.75,54.14,7.61,32.76,0.0,75.52,11.78,2.74,5.44,0.13,0.0,1.06,14.48
3169604,Tupaciguara,MG,9774,2.6,97.25,93.61,3.64,2.3,0.02,91.84,5.16,0.76,1.25,0.0,0.0,0.26,6.06
3169703,Turmalina,MG,7436,25.55,74.3,70.35,3.95,25.07,0.26,86.9,1.29,0.4,4.79,1.14,0.5,4.85,9.74
3169802,Turvolândia,MG,1798,29.81,70.19,67.19,3.0,28.48,0.0,67.07,11.18,4.0,17.58,0.0,0.0,0.11,24.25
3169901,Ubá,MG,39042,11.72,87.83,86.13,1.7,1.01,0.02,87.57,9.68,1.62,1.02,0.0,0.0,0.04,7.9
3170008,Ubaí,MG,3598,56.84,42.05,3.59,38.47,55.36,1.28,62.42,31.55,0.78,0.31,1.14,1.64,2.0,5.28
3170057,Ubaporanga,MG,4666,29.88,69.76,51.35,18.41,13.16,0.04,44.96,18.0,12.69,24.02,0.04,0.0,0.28,46.23
3170107,Uberaba,MG,127349,1.15,98.82,97.18,1.64,1.1,0.01,96.24,2.55,0.53,0.56,0.01,0.0,0.03,2.87
3170206,Uberlândia,MG,268012,2.03,97.93,96.09,1.84,1.97,0.01,97.77,0.99,0.19,0.2,0.0,0.0,0.04,1.78
3170305,Umburatiba,MG,1040,30.1,69.23,66.15,3.08,13.65,0.19,82.69,3.56,1.25,6.63,0.58,0.0,5.0,17.21
3170404,Unaí,MG,31515,16.36,83.5,79.44,4.06,16.19,0.05,83.58,10.64,1.35,2.46,0.04,0.02,1.68,13.73
3170438,União de Minas,MG,1509,7.69,92.18,64.08,28.1,7.42,0.0,61.3,30.68,6.83,0.8,0.0,0.0,0.2,34.92
3170479,Uruana de Minas,MG,1266,39.42,60.51,58.61,1.9,39.18,0.0,72.27,10.9,0.87,8.53,1.11,0.08,6.08,26.38
3170503,Urucânia,MG,3566,16.38,82.73,81.04,1.68,4.51,0.0,78.27,10.32,8.1,3.11,0.0,0.0,0.0,15.37
3170529,Urucuia,MG,4173,69.28,29.64,16.06,13.59,67.65,1.53,56.19,19.31,1.49,1.8,3.07,0.6,17.13,36.57
3170578,Vargem Alegre,MG,2207,13.05,86.77,84.69,2.08,4.58,0.05,86.09,6.71,1.5,5.57,0.0,0.0,0.14,12.87
3170602,Vargem Bonita,MG,876,20.55,79.34,74.66,4.68,19.52,0.57,76.48,4.34,4.22,14.16,0.23,0.11,0.46,23.52
3170651,Vargem Grande do Rio Pardo,MG,1419,98.87,1.13,0.28,0.85,98.45,0.21,76.74,1.9,4.51,14.38,1.48,0.07,0.49,21.21
3170701,Varginha,MG,49488,1.49,98.47,96.75,1.72,1.38,0.0,96.92,0.99,0.28,1.73,0.0,0.01,0.03,2.92
3170750,Varjão de Minas,MG,2478,10.37,89.63,86.04,3.59,10.33,0.0,83.45,4.96,0.04,9.28,0.08,0.04,2.06,8.27
3170800,Várzea da Palma,MG,12988,31.76,67.61,51.71,15.9,31.41,0.15,92.25,5.44,0.42,0.67,0.54,0.03,0.48,7.0
3170909,Varzelândia,MG,6295,81.68,18.16,15.01,3.15,79.38,2.14,71.37,23.05,1.65,0.33,1.46,1.72,0.08,26.42
3171006,Vazante,MG,7548,11.55,88.41,84.86,3.55,10.2,0.01,87.02,6.27,1.06,1.66,0.48,0.0,3.44,12.06
3171030,Verdelândia,MG,2516,52.54,46.86,23.01,23.85,49.32,2.86,66.02,25.79,2.94,0.08,3.02,0.72,0.83,29.29
3171071,Veredinha,MG,1917,33.91,65.78,62.49,3.29,32.66,1.1,82.37,3.34,1.56,5.74,2.56,0.63,3.6,14.81
3171105,Veríssimo,MG,1379,18.64,81.07,56.06,25.02,18.27,0.0,60.33,12.55,9.86,17.19,0.0,0.0,0.0,39.3
3171154,Vermelho Novo,MG,1798,43.27,56.4,37.82,18.58,18.97,0.17,40.55,4.34,26.64,27.7,0.28,0.11,0.28,58.68
3171204,Vespasiano,MG,45984,3.16,96.38,94.58,1.8,1.76,0.01,98.83,0.84,0.14,0.05,0.01,0.0,0.01,0.46
3171303,Viçosa,MG,29055,7.48,92.31,89.2,3.1,1.13,0.01,91.12,6.63,1.1,1.02,0.0,0.01,0.02,7.34
3171402,Vieiras,MG,1418,30.54,69.39,49.44,19.96,5.78,0.0,57.19,7.9,1.34,33.29,0.0,0.07,0.07,40.55
3171501,Mathias Lobato,MG,1097,13.4,86.6,85.87,0.73,10.03,0.0,88.06,9.57,0.18,2.1,0.0,0.0,0.09,11.67
3171600,Virgem da Lapa,MG,4327,35.78,63.28,57.57,5.71,30.97,3.3,76.43,3.05,0.09,4.6,4.32,2.98,8.3,19.34
3171709,Virgínia,MG,3297,41.43,58.57,57.66,0.91,3.82,0.06,58.87,2.0,0.39,37.97,0.0,0.03,0.42,40.25
3171808,Virginópolis,MG,3742,34.58,65.15,62.16,2.99,13.5,0.16,59.49,5.4,24.53,10.13,0.0,0.0,0.13,36.64
3171907,Virgolândia,MG,1785,30.7,68.85,67.34,1.51,25.1,0.22,73.84,12.21,2.97,9.8,0.0,0.0,0.9,20.34
3172004,Visconde do Rio Branco,MG,14770,11.57,88.0,85.94,2.06,1.98,0.02,86.59,7.16,2.9,3.1,0.09,0.01,0.04,11.29
3172103,Volta Grande,MG,1672,5.56,94.32,89.17,5.14,3.83,0.0,90.85,4.43,0.36,4.31,0.0,0.0,0.0,6.7
3172202,Wenceslau Braz,MG,867,95.04,4.84,3.34,1.5,4.61,0.0,45.91,0.92,0.23,52.48,0.0,0.0,0.35,48.21
3200102,Afonso Cláudio,ES,11496,41.36,58.43,46.17,12.26,30.52,0.05,55.33,8.66,11.41,24.36,0.0,0.01,0.17,42.9
3200136,Águia Branca,ES,3649,43.63,56.18,33.08,23.1,39.63,0.03,36.97,41.08,6.11,15.37,0.0,0.0,0.38,61.93
3200169,Água Doce do Norte,ES,4595,57.95,41.57,35.89,5.68,38.35,0.11,59.65,17.82,3.22,19.02,0.0,0.0,0.22,38.96
3200201,Alegre,ES,11364,32.8,66.98,60.82,6.16,5.09,0.0,80.08,6.45,0.17,13.16,0.0,0.0,0.1,17.59
3200300,Alfredo Chaves,ES,5196,26.71,73.15,48.33,24.83,25.35,0.02,48.92,10.72,0.33,39.95,0.02,0.0,0.04,48.44
3200359,Alto Rio Novo,ES,2865,45.1,54.59,51.06,3.53,35.71,0.03,57.84,17.49,9.77,13.37,0.03,0.0,1.43,40.73
3200409,Anchieta,ES,11037,21.36,78.58,42.8,35.78,20.58,0.05,83.42,9.95,0.86,5.35,0.15,0.0,0.11,12.78
3200508,Apiacá,ES,2746,25.31,74.36,63.47,10.89,9.65,0.0,71.81,10.2,0.18,17.08,0.04,0.0,0.47,24.18
3200607,Aracruz,ES,32774,11.24,88.64,81.81,6.83,9.91,0.02,90.09,7.37,1.69,0.51,0.27,0.01,0.02,8.66
3200706,Atílio Vivácqua,ES,3844,22.16,77.47,59.55,17.92,17.2,0.03,73.36,17.22,0.81,8.48,0.05,0.0,0.03,23.65
3200805,Baixo Guandu,ES,11404,15.23,84.54,80.34,4.2,10.99,0.03,84.52,4.54,1.67,8.25,0.06,0.0,0.87,14.54
3200904,Barra de São Francisco,ES,16054,33.7,66.11,60.17,5.94,25.84,0.08,68.54,14.29,9.47,7.52,0.0,0.0,0.07,30.03
3201001,Boa Esperança,ES,5039,20.2,79.64,66.88,12.76,19.15,0.02,74.74,13.32,10.64,1.11,0.02,0.02,0.1,16.37
3201100,Bom Jesus do Norte,ES,4013,6.35,93.32,92.57,0.75,3.44,0.0,93.77,1.84,0.2,3.79,0.0,0.0,0.15,5.36
3201159,Brejetuba,ES,4535,41.28,58.43,30.12,28.31,24.76,0.0,33.38,22.91,1.85,41.57,0.04,0.0,0.22,61.9
3201209,Cachoeiro de Itapemirim,ES,70983,5.75,93.96,91.73,2.23,4.22,0.01,94.19,3.64,0.39,1.63,0.02,0.01,0.1,5.13
3201308,Cariacica,ES,130112,15.08,84.75,81.37,3.38,8.98,0.01,97.1,1.94,0.31,0.52,0.01,0.01,0.02,1.83
3201407,Castelo,ES,14229,24.7,75.22,66.35,8.87,15.1,0.0,74.8,4.65,4.39,15.88,0.0,0.0,0.27,24.09
3201506,Colatina,ES,45911,10.36,89.6,86.03,3.57,7.53,0.01,89.92,4.85,1.04,3.95,0.08,0.01,0.1,8.76
3201605,Conceição da Barra,ES,9557,38.8,60.92,26.7,34.22,37.14,0.25,81.08,11.02,6.77,0.72,0.06,0.0,0.06,17.78
3201704,Conceição do Castelo,ES,4466,19.23,80.5,58.91,21.59,15.23,0.02,57.08,15.92,2.93,23.85,0.02,0.04,0.16,38.18
3201803,Divino de São Lourenço,ES,1902,36.96,62.09,41.59,20.5,20.56,0.0,46.95,11.62,2.21,36.12,0.0,0.05,3.0,51.31
3201902,Domingos Martins,ES,13148,30.71,68.92,30.7,38.23,23.59,0.05,34.87,30.62,9.04,25.24,0.0,0.04,0.17,61.07
3202009,Dores do Rio Preto,ES,2485,36.66,63.06,50.95,12.11,22.9,0.0,56.86,11.47,0.89,30.34,0.0,0.04,0.4,40.76
3202108,Ecoporanga,ES,8612,42.41,56.77,51.47,5.29,30.31,0.16,68.93,8.74,10.17,11.27,0.14,0.01,0.41,29.73
3202207,Fundão,ES,6715,28.71,71.05,56.11,14.94,17.38,0.03,83.77,6.21,4.38,5.2,0.0,0.03,0.36,15.29
3202256,Governador Lindenberg,ES,3983,41.07,58.75,47.4,11.35,32.76,0.0,42.08,34.5,13.73,9.39,0.0,0.0,0.28,45.22
3202306,Guaçuí,ES,10952,18.48,81.43,73.32,8.11,4.89,0.01,79.13,7.82,0.48,12.47,0.02,0.0,0.04,19.07
3202405,Guarapari,ES,46731,19.98,79.71,65.13,14.57,15.45,0.02,89.45,6.63,0.83,2.8,0.0,0.03,0.1,8.69
3202454,Ibatiba,ES,9296,31.87,67.82,55.94,11.89,7.92,0.0,50.42,26.81,0.76,21.93,0.0,0.0,0.03,42.82
3202504,Ibiraçu,ES,4249,18.24,81.1,77.29,3.81,12.03,0.0,87.5,3.67,0.78,7.91,0.0,0.0,0.02,10.47
3202553,Ibitirama,ES,3389,45.77,53.56,36.8,16.76,21.92,0.0,45.62,15.4,0.91,36.41,0.03,0.0,1.56,48.16
3202603,Iconha,ES,4640,38.25,61.62,49.63,11.98,20.71,0.02,65.67,2.87,0.17,31.25,0.0,0.02,0.0,30.6
3202652,Irupi,ES,5025,36.86,62.71,41.29,21.41,14.03,0.0,37.77,30.79,1.75,29.65,0.0,0.0,0.02,59.72
3202702,Itaguaçu,ES,5263,20.22,78.19,55.52,22.67,19.82,0.0,61.2,15.01,3.23,20.16,0.02,0.0,0.15,34.18
3202801,Itapemirim,ES,14039,43.99,55.74,21.97,33.77,37.84,0.02,81.05,15.73,2.17,0.66,0.0,0.0,0.04,14.79
3202900,Itarana,ES,3913,50.42,49.42,42.96,6.47,49.71,0.0,53.51,5.6,9.71,30.92,0.03,0.0,0.18,39.97
3203007,Iúna,ES,10716,33.01,66.39,56.97,9.42,14.46,0.0,61.52,11.01,0.89,25.36,0.01,0.02,1.19,37.17
3203056,Jaguaré,ES,10251,30.3,69.61,60.37,9.24,28.4,0.03,69.46,19.64,9.38,1.39,0.0,0.01,0.04,27.52
3203106,Jerônimo Monteiro,ES,4367,13.83,85.6,74.15,11.45,5.75,0.0,80.17,10.46,2.04,7.05,0.02,0.02,0.07,17.91
3203130,João Neiva,ES,5158,14.13,85.73,85.11,0.62,9.48,0.02,90.91,1.59,0.6,6.82,0.0,0.02,0.06,8.72
3203163,Laranja da Terra,ES,4210,43.3,56.41,36.32,20.1,41.83,0.0,39.29,20.38,27.29,12.61,0.0,0.0,0.21,53.16
3203205,Linhares,ES,58662,13.38,86.54,80.76,5.78,11.34,0.01,87.43,9.84,1.17,0.73,0.24,0.02,0.45,11.32
3203304,Mantenópolis,ES,4988,38.81,60.99,57.36,3.63,21.73,0.02,63.29,14.09,8.26,14.01,0.0,0.06,0.22,32.7
3203320,Marataízes,ES,14966,22.41,77.47,55.74,21.73,19.02,0.03,87.16,5.77,6.66,0.11,0.21,0.0,0.0,11.43
3203346,Marechal Floriano,ES,6607,29.6,69.8,43.11,26.7,14.77,0.0,53.9,26.61,3.89,15.38,0.0,0.05,0.06,43.2
3203353,Marilândia,ES,4709,30.9,68.97,62.96,6.01,22.49,0.02,59.14,24.63,5.8,9.77,0.32,0.0,0.28,33.94
3203403,Mimoso do Sul,ES,9435,44.14,55.64,43.8,11.84,11.49,0.03,64.89,12.6,4.43,17.82,0.01,0.01,0.19,33.8
3203502,Montanha,ES,7017,16.49,83.23,78.97,4.26,14.72,0.19,76.94,7.95,13.62,0.68,0.07,0.01,0.17,20.45
3203601,Mucurici,ES,2119,16.89,82.54,76.4,6.13,16.09,0.14,69.61,12.6,15.76,1.13,0.0,0.0,0.28,25.06
3203700,Muniz Freire,ES,6712,60.24,39.48,36.43,3.05,35.49,0.01,46.2,13.3,0.42,39.94,0.01,0.0,0.1,32.36
3203809,Muqui,ES,5050,33.52,66.32,55.47,10.85,14.38,0.04,71.54,13.05,0.57,14.79,0.0,0.0,0.02,25.68
3203908,Nova Venécia,ES,18589,31.63,68.23,59.39,8.84,24.94,0.01,72.56,14.11,9.95,3.1,0.09,0.0,0.09,23.86
3204005,Pancas,ES,7140,49.75,49.3,45.81,3.49,42.28,0.01,49.99,21.68,10.27,17.86,0.0,0.0,0.15,46.12
3204054,Pedro Canário,ES,7801,14.92,84.9,75.3,9.6,14.04,0.06,90.18,3.35,5.33,0.45,0.08,0.0,0.32,8.51
3204104,Pinheiros,ES,8538,15.06,84.76,78.36,6.41,14.79,0.05,78.7,14.24,6.09,0.68,0.0,0.0,0.06,18.85
3204203,Piúma,ES,8500,13.33,86.54,63.94,22.6,7.26,0.05,96.12,3.11,0.36,0.33,0.0,0.0,0.01,2.32
3204252,Ponto Belo,ES,2486,19.83,78.64,74.7,3.94,18.14,0.08,80.57,5.03,12.43,1.41,0.0,0.0,0.4,16.73
3204302,Presidente Kennedy,ES,5115,60.04,39.86,30.99,8.88,47.33,0.12,67.86,23.73,5.18,1.04,1.97,0.0,0.08,29.33
3204351,Rio Bananal,ES,6923,49.11,50.76,45.02,5.73,47.23,0.0,43.1,28.5,19.98,8.42,0.0,0.0,0.0,52.2
3204401,Rio Novo do Sul,ES,4130,32.78,66.63,46.8,19.83,13.15,0.02,57.89,11.82,1.14,29.1,0.0,0.0,0.02,38.57
3204500,Santa Leopoldina,ES,4954,55.65,41.68,10.98,30.7,43.82,0.02,24.49,16.37,12.86,45.4,0.0,0.0,0.79,72.63
3204559,Santa Maria de Jetibá,ES,14711,41.38,58.51,33.63,24.88,35.57,0.02,28.6,6.3,47.92,17.07,0.01,0.01,0.07,66.62
3204609,Santa Teresa,ES,8667,26.99,72.93,59.63,13.3,22.38,0.01,55.17,21.85,2.3,19.3,0.0,0.03,1.32,36.83
3204658,São Domingos do Norte,ES,3096,60.17,39.79,35.53,4.26,46.93,0.0,44.96,42.09,4.84,8.07,0.0,0.0,0.03,51.91
3204708,São Gabriel da Palha,ES,12624,20.4,79.39,72.43,6.96,13.74,0.02,67.98,26.24,2.93,2.81,0.0,0.0,0.02,27.1
3204807,São José do Calçado,ES,4265,22.42,77.26,74.0,3.26,8.32,0.0,82.56,6.54,0.42,10.08,0.0,0.0,0.12,16.23
3204906,São Mateus,ES,45226,27.13,72.77,54.0,18.77,23.87,0.06,68.31,21.85,7.76,0.92,1.0,0.01,0.04,24.27
3204955,São Roque do Canaã,ES,4095,45.1,54.85,45.54,9.3,35.21,0.02,49.96,35.38,1.05,13.41,0.02,0.0,0.1,42.54
3205002,Serra,ES,191936,5.25,94.37,91.23,3.14,3.18,0.01,94.88,4.59,0.09,0.12,0.01,0.0,0.01,2.35
3205010,Sooretama,ES,9185,23.86,76.07,59.72,16.35,23.38,0.0,73.22,23.3,3.08,0.29,0.0,0.0,0.04,21.92
3205036,Vargem Alta,ES,7122,55.84,44.03,24.19,19.84,25.79,0.0,46.74,15.88,0.34,36.76,0.0,0.03,0.22,36.0
3205069,Venda Nova do Imigrante,ES,8902,8.95,90.84,65.73,25.12,8.05,0.0,61.27,24.7,2.35,11.65,0.0,0.0,0.01,32.48
3205101,Viana,ES,25552,14.45,85.32,79.03,6.3,9.5,0.03,89.54,5.64,1.59,2.47,0.34,0.0,0.09,8.57
3205150,Vila Pavão,ES,3341,65.43,34.36,23.8,10.57,48.91,0.0,38.61,39.21,14.25,7.72,0.0,0.0,0.15,59.68
3205176,Vila Valério,ES,4930,56.82,43.12,37.59,5.54,53.75,0.06,32.05,41.48,21.62,4.73,0.0,0.0,0.12,63.59
3205200,Vila Velha,ES,177116,5.06,94.81,90.59,4.22,3.35,0.01,98.83,0.83,0.06,0.02,0.0,0.0,0.01,0.83
3205309,Vitória,ES,128617,0.16,99.78,99.67,0.11,0.05,0.01,99.52,0.41,0.01,0.01,0.0,0.0,0.0,0.06
3300100,Angra dos Reis,RJ,62126,14.5,85.19,70.49,14.7,8.25,0.02,87.74,0.93,0.11,10.7,0.01,0.02,0.24,8.69
3300159,Aperibé,RJ,4334,12.62,87.33,85.0,2.33,4.94,0.05,86.78,10.91,1.62,0.6,0.0,0.0,0.0,9.97
3300209,Araruama,RJ,48144,8.42,91.31,32.84,58.47,5.1,0.01,95.18,2.59,1.28,0.23,0.3,0.06,0.01,3.7
3300225,Areal,RJ,4231,45.24,54.6,41.95,12.64,8.72,0.0,71.17,8.01,5.41,14.39,0.17,0.02,0.76,24.65
3300233,Armação dos Búzios,RJ,14920,7.16,91.94,31.87,60.07,6.62,0.01,94.41,2.29,0.18,0.08,2.33,0.06,0.02,3.7
3300258,Arraial do Cabo,RJ,11542,2.37,96.9,69.41,27.49,1.64,0.01,78.6,18.93,0.29,0.28,1.51,0.09,0.01,15.08
3300308,Barra do Piraí,RJ,34992,16.1,83.52,78.29,5.24,1.41,0.04,80.64,6.37,8.02,3.06,1.69,0.02,0.08,10.07
3300407,Barra Mansa,RJ,62890,16.04,83.63,82.06,1.57,0.61,0.0,93.5,3.43,1.41,1.36,0.1,0.06,0.08,3.96
3300456,Belford Roxo,RJ,180893,9.45,89.67,88.11,1.56,2.42,0.01,74.24,23.05,0.71,0.12,0.15,0.05,0.03,19.17
3300506,Bom Jardim,RJ,10878,37.98,61.79,44.39,17.39,7.04,0.01,57.8,13.33,2.01,26.52,0.23,0.0,0.09,37.43
3300605,Bom Jesus do Itabapoana,RJ,13384,15.52,84.05,81.28,2.77,3.24,0.02,86.87,6.28,1.05,5.35,0.22,0.01,0.07,10.55
3300704,Cabo Frio,RJ,82015,4.58,95.05,61.54,33.51,4.25,0.02,87.16,9.32,0.84,0.06,1.87,0.09,0.01,7.29
3300803,Cachoeiras de Macacu,RJ,22265,18.74,80.97,66.4,14.57,11.16,0.01,75.47,9.77,1.89,12.64,0.02,0.02,0.05,21.79
3300902,Cambuci,RJ,5799,35.68,60.87,55.2,5.67,4.74,0.07,73.56,11.48,3.81,10.21,0.02,0.0,0.19,24.5
3300936,Carapebus,RJ,5034,23.16,76.4,59.36,17.04,17.08,0.02,23.36,26.1,45.39,0.32,4.41,0.02,0.04,69.23
3300951,Comendador Levy Gasparian,RJ,3015,22.39,77.58,74.99,2.59,0.33,0.0,94.23,2.06,0.2,3.12,0.03,0.07,0.2,4.38
3301009,Campos dos Goytacazes,RJ,175744,21.83,77.86,64.81,13.05,19.36,0.04,81.01,11.2,6.82,0.33,0.15,0.02,0.07,14.7
3301108,Cantagalo,RJ,7289,14.28,85.59,76.06,9.53,4.14,0.0,81.08,7.61,0.38,10.15,0.04,0.05,0.55,17.44
3301157,Cardoso Moreira,RJ,4985,37.29,61.79,50.15,11.63,14.6,0.0,72.36,16.27,5.94,4.75,0.38,0.0,0.1,25.72
3301207,Carmo,RJ,6683,11.12,88.72,85.81,2.9,2.98,0.01,91.62,2.3,0.42,5.34,0.0,0.0,0.03,6.6
3301306,Casimiro de Abreu,RJ,16907,5.23,94.59,66.78,27.81,3.05,0.01,87.98,6.3,0.89,3.08,0.6,0.36,0.04,9.91
3301405,Conceição de Macabu,RJ,7901,33.22,66.57,61.81,4.76,4.04,0.01,44.68,40.06,10.54,4.43,0.1,0.01,0.05,25.69
3301504,Cordeiro,RJ,7959,9.05,90.85,86.08,4.77,1.03,0.01,94.71,1.34,0.13,3.64,0.01,0.03,0.01,4.5
3301603,Duas Barras,RJ,4151,57.87,41.99,34.45,7.54,10.55,0.0,70.34,7.2,0.48,21.61,0.19,0.0,0.12,22.62
3301702,Duque de Caxias,RJ,298064,8.05,91.69,89.26,2.43,2.13,0.04,59.29,35.76,2.27,0.46,0.92,0.09,0.04,30.88
3301801,Engenheiro Paulo de Frontin,RJ,4791,47.11,52.45,45.25,7.2,7.33,0.04,49.61,20.87,16.49,12.44,0.02,0.06,0.4,41.37
3301850,Guapimirim,RJ,18498,15.76,83.59,56.65,26.94,6.44,0.01,63.54,24.24,3.31,6.97,0.17,0.06,0.35,32.59
3301876,Iguaba Grande,RJ,10312,5.18,93.25,52.44,40.81,1.13,0.01,96.61,0.76,0.14,0.34,1.72,0.11,0.09,2.49
3301900,Itaboraí,RJ,86584,19.2,79.87,65.99,13.88,6.96,0.04,25.24,53.59,15.79,0.15,2.62,0.19,0.21,64.81
3302007,Itaguaí,RJ,42279,11.06,86.92,82.96,3.96,2.95,0.01,80.8,14.79,0.46,1.61,0.02,0.02,0.75,12.74
3302056,Italva,RJ,5598,12.7,86.66,82.03,4.63,5.54,0.02,86.37,6.72,2.11,1.96,2.2,0.0,0.09,12.36
3302106,Itaocara,RJ,9046,19.93,79.62,73.67,5.95,5.91,0.04,81.41,14.26,2.49,1.3,0.08,0.0,0.33,16.1
3302205,Itaperuna,RJ,38479,6.37,92.85,90.82,2.03,1.68,0.03,91.96,3.71,1.27,2.49,0.02,0.01,0.16,5.3
3302254,Itatiaia,RJ,11374,11.12,88.56,69.64,18.92,7.58,0.01,88.85,0.33,0.25,9.47,0.62,0.0,0.4,4.56
3302270,Japeri,RJ,32110,22.58,75.26,71.68,3.59,6.98,0.03,61.9,31.26,2.95,0.86,0.24,0.07,0.35,26.47
3302304,Laje do Muriaé,RJ,2728,26.03,73.79,65.18,8.61,1.69,0.0,76.39,15.95,1.43,5.94,0.0,0.07,0.07,15.43
3302403,Macaé,RJ,92716,8.27,91.48,84.21,7.28,4.09,0.02,81.22,12.51,0.53,2.39,1.9,0.04,0.23,14.25
3302452,Macuco,RJ,1940,7.68,92.27,86.19,6.08,0.98,0.0,90.57,3.45,0.21,5.62,0.0,0.0,0.0,7.89
3302502,Magé,RJ,82906,24.03,75.34,68.57,6.77,6.89,0.04,30.7,56.21,3.65,6.3,0.34,0.18,1.27,59.73
3302601,Mangaratiba,RJ,15765,24.36,75.24,36.41,38.83,21.2,0.01,51.08,4.64,0.27,35.98,0.03,0.04,7.4,36.35
3302700,Maricá,RJ,73454,7.03,91.44,34.66,56.79,4.46,0.03,35.22,55.36,4.07,0.5,3.72,0.52,0.08,50.43
3302809,Mendes,RJ,6917,26.41,73.23,64.91,8.31,4.96,0.01,71.37,8.7,12.1,5.83,1.82,0.03,0.04,19.86
3302858,Mesquita,RJ,62611,2.6,97.27,97.06,0.21,0.26,0.03,91.05,5.29,0.27,1.55,0.22,0.07,0.09,6.04
3302908,Miguel Pereira,RJ,10250,10.28,89.24,69.88,19.36,4.35,0.02,70.18,12.82,8.39,7.95,0.02,0.0,0.6,21.15
3303005,Miracema,RJ,9601,5.44,94.48,91.41,3.07,0.5,0.01,87.85,9.05,1.02,1.9,0.0,0.0,0.0,9.24
3303104,Natividade,RJ,5691,23.97,75.94,69.79,6.15,1.97,0.04,81.66,10.0,0.69,6.59,0.16,0.04,0.74,15.02
3303203,Nilópolis,RJ,57005,1.02,98.89,98.8,0.09,0.14,0.01,92.0,7.38,0.15,0.06,0.08,0.01,0.01,4.51
3303302,Niterói,RJ,194492,3.66,96.12,92.49,3.63,0.53,0.01,97.96,1.42,0.22,0.05,0.15,0.02,0.01,1.24
3303401,Nova Friburgo,RJ,76597,8.62,91.2,74.54,16.66,4.25,0.01,78.1,6.66,0.53,14.53,0.04,0.03,0.05,18.16
3303500,Nova Iguaçu,RJ,287615,8.95,90.46,88.68,1.79,1.43,0.02,67.86,27.65,1.64,0.28,0.82,0.07,0.05,21.88
3303609,Paracambi,RJ,16107,22.75,76.84,73.66,3.18,2.34,0.02,60.27,29.42,2.38,7.18,0.07,0.05,0.12,30.25
3303708,Paraíba do Sul,RJ,15203,13.91,85.98,81.17,4.81,4.16,0.01,90.8,2.86,1.57,4.35,0.11,0.03,0.18,7.62
3303807,Paraty,RJ,16138,12.41,87.01,17.72,69.3,11.36,0.08,63.48,0.39,0.22,34.9,0.02,0.03,0.28,20.54
3303856,Paty do Alferes,RJ,10881,26.62,72.7,49.19,23.52,9.88,0.03,60.58,8.76,15.15,15.04,0.19,0.04,0.03,35.6
3303906,Petrópolis,RJ,108238,15.52,84.25,75.93,8.32,3.64,0.01,72.94,7.31,2.66,16.56,0.16,0.04,0.24,18.04
3303955,Pinheiral,RJ,8814,5.5,94.35,91.58,2.77,1.7,0.02,91.98,4.83,0.94,1.93,0.01,0.02,0.0,5.13
3304003,Piraí,RJ,10089,11.7,87.95,73.49,14.46,4.07,0.0,86.83,5.05,2.32,4.99,0.41,0.01,0.16,11.94
3304102,Porciúncula,RJ,6421,19.34,80.47,75.13,5.34,3.22,0.0,78.49,7.99,2.21,11.03,0.03,0.03,0.19,19.02
3304110,Porto Real,RJ,7187,2.5,97.37,94.5,2.87,1.32,0.01,98.44,0.72,0.54,0.18,0.03,0.0,0.0,0.83
3304128,Quatis,RJ,5035,10.59,89.31,86.1,3.22,2.13,0.06,86.36,4.77,3.56,4.23,0.08,0.06,0.85,9.75
3304144,Queimados,RJ,51217,8.76,90.96,88.87,2.09,2.25,0.02,77.44,17.0,3.89,0.35,0.28,0.03,0.01,13.68
3304151,Quissamã,RJ,8099,7.53,92.39,76.94,15.46,7.07,0.02,72.19,15.04,8.74,0.16,3.51,0.01,0.02,24.29
3304201,Resende,RJ,48207,4.03,95.91,93.85,2.06,2.03,0.01,96.01,0.39,0.16,2.73,0.11,0.01,0.49,3.42
3304300,Rio Bonito,RJ,21187,14.69,85.09,76.82,8.27,3.85,0.01,49.41,38.97,3.3,7.1,0.08,0.03,0.8,39.99
3304409,Rio Claro,RJ,6415,35.78,63.96,55.68,8.28,8.2,0.02,74.19,4.66,2.43,17.86,0.0,0.0,0.78,21.93
3304508,Rio das Flores,RJ,3122,22.1,77.9,73.83,4.07,2.75,0.03,85.33,4.55,0.42,9.35,0.13,0.0,0.16,11.02
3304524,Rio das Ostras,RJ,59069,2.76,96.69,62.46,34.23,2.2,0.02,64.38,24.35,2.7,0.07,7.88,0.25,0.01,25.27
3304557,Rio de Janeiro,RJ,2436971,3.8,96.0,94.9,1.1,0.39,0.01,98.36,0.78,0.06,0.39,0.04,0.02,0.04,1.01
3304607,Santa Maria Madalena,RJ,3989,38.58,60.97,49.81,11.16,12.46,0.05,51.99,7.14,6.52,32.77,0.0,0.03,1.35,37.83
3304706,Santo Antônio de Pádua,RJ,15817,10.92,88.96,84.65,4.31,1.99,0.0,87.0,6.23,2.19,4.27,0.05,0.01,0.09,10.91
3304755,São Francisco de Itabapoana,RJ,17278,94.91,4.87,3.21,1.67,90.88,0.17,22.54,25.69,49.9,0.25,0.02,0.01,0.03,70.37
3304805,São Fidélis,RJ,14908,23.78,75.66,70.66,5.0,7.16,0.02,80.33,8.73,1.14,7.46,0.09,0.03,1.42,18.74
3304904,São Gonçalo,RJ,358103,12.01,87.44,83.72,3.73,2.29,0.02,84.57,9.89,1.68,0.06,1.52,0.12,0.03,9.81
3305000,São João da Barra,RJ,14464,36.14,63.82,26.56,37.26,35.92,0.01,76.83,10.63,11.87,0.12,0.48,0.0,0.01,13.78
3305109,São João de Meriti,RJ,168771,2.01,97.85,97.6,0.24,0.23,0.02,91.59,6.64,0.35,0.03,0.22,0.04,0.02,5.26
3305133,São José de Ubá,RJ,2682,25.13,74.53,59.69,14.84,7.87,0.22,60.03,8.2,23.12,8.5,0.11,0.0,0.0,33.86
3305158,São José do Vale do Rio Preto,RJ,8263,24.16,75.61,54.35,21.26,5.06,0.0,52.86,29.73,1.03,16.18,0.04,0.01,0.1,39.07
3305208,São Pedro da Aldeia,RJ,38338,5.26,94.36,67.86,26.5,4.0,0.02,95.32,1.56,0.1,0.04,2.25,0.12,0.01,3.77
3305307,São Sebastião do Alto,RJ,2926,32.91,66.44,46.86,19.58,8.1,0.03,53.04,29.6,1.54,14.94,0.0,0.0,0.51,44.77
3305406,Sapucaia,RJ,6693,20.6,79.22,70.18,9.04,6.08,0.03,73.87,11.0,1.26,12.57,0.07,0.01,1.05,24.64
3305505,Saquarema,RJ,34117,11.43,88.14,27.36,60.78,7.91,0.03,50.37,41.73,2.15,0.86,3.92,0.56,0.07,38.75
3305554,Seropédica,RJ,29321,18.27,80.57,73.79,6.78,5.76,0.03,96.07,2.67,0.32,0.28,0.14,0.05,0.03,3.12
3305604,Silva Jardim,RJ,7887,21.03,78.31,57.2,21.11,9.97,0.01,40.9,44.15,5.16,9.41,0.0,0.01,0.09,45.63
3305703,Sumidouro,RJ,5889,48.09,51.69,25.54,26.15,14.2,0.0,27.25,25.59,3.04,43.88,0.05,0.0,0.15,68.36
3305752,Tanguá,RJ,11548,19.74,79.7,70.76,8.95,6.61,0.03,42.6,28.89,24.45,2.05,1.16,0.03,0.45,40.54
3305802,Teresópolis,RJ,64415,20.01,79.43,54.91,24.53,8.04,0.0,69.98,10.93,0.6,18.26,0.03,0.02,0.04,24.99
3305901,Trajano de Moraes,RJ,3895,49.88,49.88,33.84,16.05,17.79,0.03,40.0,4.62,0.49,53.58,0.18,0.03,1.1,55.22
3306008,Três Rios,RJ,28427,16.47,83.28,78.04,5.24,0.84,0.01,95.18,1.99,0.89,1.64,0.06,0.0,0.04,3.54
3306107,Valença,RJ,25919,20.6,79.12,76.22,2.9,2.47,0.02,81.7,5.87,3.34,8.36,0.05,0.01,0.58,13.94
3306156,Varre-Sai,RJ,3627,31.04,68.54,58.26,10.28,5.65,0.0,39.21,18.06,17.15,21.84,3.58,0.0,0.14,51.28
3306206,Vassouras,RJ,12879,22.69,77.16,70.11,7.06,9.58,0.01,82.65,7.51,3.61,5.37,0.03,0.01,0.16,12.71
3306305,Volta Redonda,RJ,97991,3.25,96.69,95.99,0.7,0.21,0.01,99.17,0.38,0.1,0.26,0.01,0.01,0.01,0.54
3500105,Adamantina,SP,13583,1.91,98.08,97.04,1.04,1.88,0.0,97.02,2.58,0.33,0.04,0.01,0.0,0.0,2.86
3500204,Adolfo,SP,1650,0.42,99.58,92.97,6.61,0.42,0.0,88.42,10.42,1.15,0.0,0.0,0.0,0.0,7.09
3500303,Aguaí,SP,11480,3.73,96.12,93.22,2.9,3.67,0.0,93.36,3.87,1.96,0.69,0.08,0.0,0.0,5.89
3500402,Águas da Prata,SP,2830,6.4,93.18,88.37,4.81,5.02,0.0,89.86,1.77,0.53,7.77,0.04,0.0,0.04,9.12
3500501,Águas de Lindóia,SP,6799,4.52,95.35,92.76,2.59,4.13,0.0,94.1,1.69,0.51,3.63,0.01,0.0,0.01,3.85
3500550,Águas de Santa Bárbara,SP,2710,2.25,97.49,60.26,37.23,1.77,0.04,87.38,9.48,0.26,2.03,0.41,0.0,0.11,11.99
3500600,Águas de São Pedro,SP,1153,0.0,100.0,99.65,0.35,0.0,0.0,100.0,0.0,0.0,0.0,0.0,0.0,0.0,0.0
3500709,Agudos,SP,12936,1.2,98.73,94.28,4.45,0.73,0.02,95.1,3.86,0.22,0.72,0.02,0.0,0.02,3.49
3500758,Alambari,SP,2139,33.05,66.95,52.73,14.21,33.01,0.0,81.72,15.76,0.37,2.06,0.0,0.0,0.0,16.46
3500808,Alfredo Marcondes,SP,1726,4.35,95.42,84.94,10.49,4.23,0.0,88.01,9.73,1.74,0.41,0.0,0.0,0.0,10.89
3500907,Altair,SP,1278,8.92,91.0,87.01,3.99,8.76,0.0,83.96,14.48,1.17,0.23,0.0,0.0,0.08,10.64
3501004,Altinópolis,SP,6078,3.08,96.92,91.05,5.87,3.06,0.0,91.26,3.06,0.25,5.38,0.02,0.0,0.0,6.4
3501103,Alto Alegre,SP,1518,1.84,98.09,82.94,15.15,1.78,0.0,81.62,17.33,0.72,0.26,0.0,0.0,0.07,15.35
3501152,Alumínio,SP,5944,4.36,95.07,74.04,21.03,1.78,0.0,90.97,4.17,2.84,0.84,0.59,0.02,0.17,7.07
3501202,Álvares Florence,SP,1533,24.85,75.15,68.88,6.26,24.85,0.0,68.95,28.77,1.83,0.33,0.07,0.0,0.0,29.48
3501301,Álvares Machado,SP,9869,5.02,94.93,89.47,5.46,4.83,0.0,90.41,8.66,0.63,0.2,0.0,0.0,0.0,9.12
3501400,Álvaro de Carvalho,SP,1168,1.63,98.03,93.32,4.71,1.46,0.09,91.87,6.25,0.94,0.94,0.0,0.0,0.0,2.91
3501509,Alvinlândia,SP,1007,0.7,99.21,93.94,5.26,0.7,0.0,93.25,5.16,0.6,0.99,0.0,0.0,0.0,6.16
3501608,Americana,SP,89205,0.93,99.03,98.29,0.74,0.72,0.0,95.71,3.7,0.14,0.08,0.27,0.02,0.04,1.53
3501707,Américo Brasiliense,SP,11411,0.25,99.74,99.25,0.49,0.18,0.01,99.33,0.42,0.16,0.07,0.02,0.0,0.0,0.41
3501806,Américo de Campos,SP,2361,9.06,90.89,89.16,1.74,9.02,0.0,89.16,8.81,1.86,0.08,0.0,0.0,0.04,4.53
3501905,Amparo,SP,24491,7.99,91.89,85.96,5.93,6.51,0.0,89.82,5.76,0.72,3.03,0.56,0.01,0.03,9.13
3502002,Analândia,SP,1679,10.24,89.64,83.68,5.96,9.77,0.0,85.23,6.61,0.54,7.44,0.06,0.0,0.06,3.1
3502101,Andradina,SP,21911,4.02,95.96,93.65,2.31,4.0,0.01,95.37,4.22,0.3,0.02,0.04,0.01,0.0,4.39
3502200,Angatuba,SP,8493,22.27,77.56,70.06,7.5,21.85,0.06,83.42,5.13,3.96,6.22,0.93,0.02,0.19,15.11
3502309,Anhembi,SP,2054,15.38,84.23,81.26,2.97,14.85,0.0,78.82,11.39,1.95,7.69,0.0,0.0,0.0,17.04
3502408,Anhumas,SP,1481,7.7,92.23,86.02,6.21,7.56,0.07,85.35,10.94,1.42,2.23,0.0,0.0,0.0,14.25
3502507,Aparecida,SP,11364,2.67,97.14,96.37,0.77,1.61,0.01,98.53,0.31,0.04,0.94,0.09,0.01,0.02,1.35
3502606,Aparecida d'Oeste,SP,1616,8.04,91.77,83.79,7.98,7.92,0.06,83.79,15.41,0.19,0.0,0.0,0.0,0.0,15.53
3502705,Apiaí,SP,8822,29.27,70.37,58.72,11.65,21.28,0.05,80.64,1.82,2.62,14.34,0.09,0.06,0.11,18.02
3502754,Araçariguama,SP,7399,18.61,81.23,60.78,20.45,13.0,0.0,79.05,9.01,5.51,4.88,1.42,0.0,0.04,18.49
3502804,Araçatuba,SP,77774,1.08,98.9,97.4,1.5,1.04,0.01,97.31,2.43,0.2,0.03,0.0,0.0,0.01,1.94
3502903,Araçoiaba da Serra,SP,11778,19.55,80.26,37.56,42.7,19.43,0.02,84.84,7.73,6.87,0.21,0.08,0.02,0.03,10.76
3503000,Aramina,SP,2002,3.55,96.35,94.36,2.0,3.45,0.05,93.66,3.95,1.6,0.75,0.0,0.0,0.05,4.9
3503109,Arandu,SP,2383,7.81,92.15,78.18,13.97,7.81,0.0,77.89,15.27,0.88,5.54,0.17,0.08,0.04,14.14
3503158,Arapeí,SP,885,9.27,90.62,72.54,18.08,4.86,0.0,80.34,2.94,1.92,14.35,0.0,0.11,0.0,17.85
3503208,Araraquara,SP,92512,0.59,99.38,98.73,0.65,0.58,0.0,98.55,1.06,0.25,0.08,0.01,0.0,0.0,1.05
3503307,Araras,SP,47974,1.53,98.42,97.13,1.29,1.48,0.01,96.35,2.44,0.74,0.21,0.19,0.01,0.02,2.13
3503356,Arco-Íris,SP,733,0.55,99.32,99.18,0.14,0.41,0.0,75.03,22.65,1.23,0.95,0.0,0.0,0.0,0.41
3503406,Arealva,SP,3079,11.08,88.92,72.49,16.43,11.04,0.0,77.04,19.26,2.21,1.33,0.0,0.0,0.1,18.77
3503505,Areias,SP,1231,19.58,80.34,71.0,9.34,6.01,0.0,78.72,3.09,1.14,16.98,0.0,0.0,0.08,20.96
3503604,Areiópolis,SP,3400,2.12,97.79,94.68,3.12,1.97,0.0,94.85,4.18,0.32,0.65,0.0,0.0,0.0,4.65
3503703,Ariranha,SP,2874,2.75,97.11,96.87,0.24,2.64,0.0,96.38,3.44,0.1,0.07,0.0,0.0,0.0,3.24
3503802,Artur Nogueira,SP,18150,4.38,95.5,88.98,6.52,4.34,0.01,88.66,7.53,3.54,0.2,0.01,0.01,0.01,9.56
3503901,Arujá,SP,29348,6.58,93.2,81.25,11.95,5.34,0.0,94.89,2.22,1.78,0.56,0.21,0.01,0.15,4.12
3503950,Aspásia,SP,679,15.02,84.98,82.92,2.06,15.02,0.0,79.68,19.0,1.33,0.0,0.0,0.0,0.0,11.05
3504008,Assis,SP,38161,1.18,98.79,96.23,2.55,1.17,0.0,96.94,2.4,0.46,0.16,0.0,0.0,0.01,2.73
3504107,Atibaia,SP,56522,15.22,84.55,60.93,23.62,12.82,0.01,76.26,9.3,12.76,0.93,0.34,0.03,0.2,21.49
3504206,Auriflama,SP,5393,3.84,96.14,91.19,4.95,3.8,0.0,91.28,8.31,0.39,0.0,0.0,0.0,0.0,5.43
3504305,Avaí,SP,1649,6.25,93.51,69.07,24.44,5.76,0.24,78.78,17.04,1.7,2.37,0.0,0.0,0.0,20.92
3504404,Avanhandava,SP,3539,0.0,100.0,97.12,2.88,0.0,0.0,96.44,3.5,0.03,0.0,0.0,0.0,0.0,3.16
3504503,Avaré,SP,33478,2.75,97.21,93.92,3.29,2.69,0.04,94.15,4.42,0.3,0.96,0.04,0.01,0.01,2.83
3504602,Bady Bassitt,SP,9958,2.98,96.99,95.52,1.47,2.96,0.0,95.39,4.49,0.05,0.01,0.0,0.0,0.0,4.17
3504701,Balbinos,SP,542,5.72,94.28,92.25,2.03,5.72,0.0,91.88,6.46,0.37,1.29,0.0,0.0,0.0,7.38
3504800,Bálsamo,SP,3708,3.53,96.44,94.74,1.7,3.53,0.0,92.91,6.93,0.16,0.0,0.0,0.0,0.0,5.07
3504909,Bananal,SP,3710,8.98,90.86,81.51,9.35,5.71,0.0,82.1,1.97,0.38,15.44,0.0,0.0,0.08,17.06
3505005,Barão de Antonina,SP,1336,8.23,91.77,74.85,16.92,8.23,0.0,75.52,16.62,0.6,6.96,0.0,0.0,0.22,18.11
3505104,Barbosa,SP,2110,5.36,94.64,91.99,2.65,5.36,0.0,91.9,8.06,0.05,0.0,0.0,0.0,0.0,7.35
3505203,Bariri,SP,11749,2.54,97.39,96.45,0.94,2.43,0.01,96.3,2.09,1.04,0.54,0.0,0.0,0.0,3.06
3505302,Barra Bonita,SP,12894,0.47,99.53,98.44,1.09,0.35,0.01,98.56,0.81,0.05,0.5,0.03,0.0,0.02,1.09
3505351,Barra do Chapéu,SP,1876,46.22,53.68,37.1,16.58,42.16,0.37,51.33,5.38,1.33,41.04,0.0,0.0,0.8,47.76
3505401,Barra do Turvo,SP,2575,35.15,63.92,40.39,23.53,30.49,0.0,46.1,2.06,2.14,48.12,0.04,0.04,1.32,53.48
3505500,Barretos,SP,46316,0.91,99.08,97.89,1.19,0.87,0.0,97.12,2.58,0.16,0.07,0.0,0.0,0.02,1.98
3505609,Barrinha,SP,11196,1.04,98.94,98.17,0.77,0.8,0.0,98.49,1.32,0.14,0.03,0.0,0.0,0.01,1.11
3505708,Barueri,SP,109460,0.77,98.93,97.64,1.28,0.17,0.0,99.64,0.23,0.03,0.03,0.03,0.01,0.01,0.18
3505807,Bastos,SP,7537,9.74,90.25,86.2,4.05,9.67,0.0,85.02,14.28,0.61,0.07,0.0,0.03,0.0,8.23
3505906,Batatais,SP,21423,1.35,98.62,97.18,1.45,1.31,0.01,97.2,1.62,0.2,0.9,0.0,0.0,0.0,2.04
3506003,Bauru,SP,140033,1.65,98.29,97.07,1.22,1.54,0.01,95.97,3.61,0.07,0.09,0.02,0.01,0.02,1.41
3506102,Bebedouro,SP,28032,2.6,97.39,97.06,0.33,2.42,0.01,96.55,3.05,0.35,0.03,0.0,0.0,0.0,1.88
3506201,Bento de Abreu,SP,929,6.89,93.11,93.11,0.0,6.89,0.0,93.0,6.35,0.54,0.11,0.0,0.0,0.0,2.37
3506300,Bernardino de Campos,SP,3884,6.54,93.46,91.81,1.65,6.46,0.0,91.92,5.05,0.85,2.19,0.0,0.0,0.0,7.78
3506359,Bertioga,SP,22728,10.41,89.17,72.21,16.95,5.51,0.09,93.11,2.12,0.41,1.23,0.07,0.07,1.5,5.59
3506409,Bilac,SP,2798,4.82,95.18,94.42,0.75,4.75,0.0,93.1,6.33,0.39,0.14,0.0,0.0,0.04,5.61
3506508,Birigui,SP,45368,1.75,98.23,97.82,0.41,1.72,0.0,96.5,3.04,0.37,0.04,0.0,0.0,0.01,2.47
3506607,Biritiba Mirim,SP,10436,16.82,82.74,63.14,19.61,14.68,0.0,67.31,19.19,10.43,2.07,0.05,0.14,0.23,31.03
3506706,Boa Esperança do Sul,SP,4655,2.06,97.92,94.59,3.33,1.93,0.02,94.52,4.25,0.19,0.79,0.21,0.0,0.0,3.11
3506805,Bocaina,SP,4079,3.24,96.76,94.02,2.75,2.72,0.0,94.53,3.09,0.27,2.08,0.0,0.0,0.02,5.2
3506904,Bofete,SP,3940,15.63,84.21,64.8,19.42,15.53,0.03,70.58,17.39,7.11,4.34,0.08,0.05,0.25,27.54
3507001,Boituva,SP,21719,7.26,92.63,84.4,8.23,7.2,0.0,91.34,4.95,3.32,0.12,0.2,0.0,0.02,7.74
3507100,Bom Jesus dos Perdões,SP,7725,8.53,91.2,81.36,9.84,8.25,0.01,86.23,6.69,4.18,2.33,0.03,0.03,0.08,11.48
3507159,Bom Sucesso de Itararé,SP,1175,23.4,76.34,68.34,8.0,22.38,0.0,71.49,1.02,1.02,25.53,0.0,0.17,0.68,28.43
3507209,Borá,SP,322,7.45,92.55,84.78,7.76,7.14,0.0,82.92,14.6,0.31,2.17,0.0,0.0,0.0,16.15
3507308,Boracéia,SP,1635,3.73,96.27,94.37,1.9,3.49,0.0,92.84,4.4,0.37,2.2,0.0,0.06,0.06,4.4
3507407,Borborema,SP,5483,4.49,95.46,92.54,2.92,4.47,0.0,92.27,4.09,3.06,0.58,0.0,0.0,0.0,7.17
3507456,Borebi,SP,966,7.45,92.55,88.1,4.45,7.35,0.0,88.72,5.18,2.38,2.28,1.35,0.0,0.1,10.35
3507506,Botucatu,SP,54424,1.63,98.31,95.7,2.6,1.5,0.0,97.21,1.86,0.26,0.59,0.0,0.0,0.0,2.23
3507605,Bragança Paulista,SP,63444,5.25,94.72,84.74,9.97,4.82,0.01,88.85,5.77,4.72,0.56,0.0,0.01,0.04,9.75
3507704,Braúna,SP,1965,5.8,94.15,91.04,3.1,5.8,0.0,91.2,7.58,0.66,0.51,0.0,0.0,0.0,6.36
3507753,Brejo Alegre,SP,962,10.19,89.4,80.46,8.94,10.08,0.0,86.38,11.95,0.83,0.42,0.1,0.0,0.0,13.51
3507803,Brodowski,SP,8879,1.37,98.59,97.49,1.1,1.23,0.0,97.29,1.11,0.44,0.95,0.05,0.0,0.14,1.88
3507902,Brotas,SP,8624,3.66,96.32,92.8,3.53,3.65,0.0,92.83,4.71,0.77,1.63,0.0,0.0,0.01,3.42
3508009,Buri,SP,6972,15.55,84.41,79.3,5.11,15.29,0.01,83.15,7.64,2.9,6.01,0.03,0.04,0.13,14.11
3508108,Buritama,SP,6694,3.51,96.49,85.57,10.92,3.5,0.0,92.29,6.98,0.69,0.01,0.0,0.0,0.01,5.81
3508207,Buritizal,SP,1661,10.72,89.28,87.36,1.93,10.48,0.0,85.49,4.33,4.82,5.3,0.0,0.0,0.06,13.55
3508306,Cabrália Paulista,SP,1597,9.83,90.04,82.65,7.39,9.71,0.13,82.78,15.47,0.13,1.63,0.0,0.0,0.0,15.9
3508405,Cabreúva,SP,15550,10.56,89.29,84.24,5.05,10.08,0.01,88.09,4.87,5.07,1.28,0.06,0.02,0.34,10.55
3508504,Caçapava,SP,33656,4.48,95.43,87.07,8.36,3.52,0.01,95.78,1.76,1.93,0.37,0.01,0.01,0.01,3.44
3508603,Cachoeira Paulista,SP,10905,5.75,94.17,88.92,5.25,2.08,0.01,93.62,2.71,1.32,2.23,0.0,0.01,0.02,6.07
3508702,Caconde,SP,6212,23.23,76.22,69.48,6.75,18.56,0.0,70.01,5.39,0.98,23.41,0.1,0.0,0.02,27.72
3508801,Cafelândia,SP,6247,4.9,95.07,92.56,2.51,4.66,0.03,92.06,6.03,1.28,0.53,0.02,0.03,0.0,5.47
3508900,Caiabu,SP,1467,4.64,95.36,80.44,14.93,4.57,0.0,85.07,14.72,0.14,0.0,0.0,0.0,0.0,13.43
3509007,Caieiras,SP,32684,5.9,93.93,87.54,6.39,1.71,0.02,96.7,0.32,0.38,1.97,0.11,0.02,0.03,2.92
3509106,Caiuá,SP,1694,29.34,70.54,55.08,15.47,29.28,0.0,59.39,39.67,0.77,0.0,0.0,0.06,0.0,12.22
3509205,Cajamar,SP,32640,14.61,85.19,79.9,5.29,7.63,0.0,92.33,2.06,4.0,0.54,0.65,0.0,0.02,7.31
3509254,Cajati,SP,9915,8.9,90.85,71.6,19.25,2.87,0.08,80.38,4.4,2.81,8.18,0.02,0.02,4.05,18.3
3509304,Cajobi,SP,3513,2.96,97.01,96.53,0.48,2.93,0.0,94.02,5.58,0.34,0.03,0.0,0.0,0.0,4.04
3509403,Cajuru,SP,8609,5.23,94.69,89.34,5.35,5.02,0.01,88.27,5.9,0.66,4.88,0.0,0.0,0.06,8.99
3509452,Campina do Monte Alegre,SP,2194,4.65,95.35,80.17,15.18,4.65,0.0,87.97,5.97,4.83,1.23,0.0,0.0,0.0,11.17
3509502,Campinas,SP,429543,3.65,96.21,94.2,2.01,1.88,0.01,98.86,0.59,0.15,0.06,0.13,0.01,0.01,0.68
3509601,Campo Limpo Paulista,SP,26667,10.3,89.61,79.84,9.76,9.28,0.0,92.02,3.69,3.5,0.25,0.04,0.02,0.06,6.73
3509700,Campos do Jordão,SP,16144,7.74,92.08,84.59,7.49,4.35,0.02,89.54,0.61,0.14,9.14,0.11,0.01,0.06,8.88
3509809,Campos Novos Paulista,SP,1808,15.27,84.68,82.19,2.49,15.1,0.06,82.08,13.55,2.32,1.83,0.0,0.0,0.11,17.15
3509908,Cananéia,SP,4394,5.03,94.63,80.84,13.79,3.1,0.09,85.89,3.8,1.34,6.76,0.02,0.02,1.18,11.49
3509957,Canas,SP,1575,9.33,90.54,86.35,4.19,5.97,0.06,93.97,4.44,1.08,0.51,0.0,0.0,0.0,5.71
3510005,Cândido Mota,SP,10895,3.56,96.41,93.8,2.61,3.53,0.0,94.41,3.69,1.41,0.39,0.03,0.0,0.02,5.2
3510104,Cândido Rodrigues,SP,1102,8.89,91.11,89.66,1.45,7.8,0.0,89.29,10.44,0.0,0.27,0.0,0.0,0.0,10.62
3510153,Canitar,SP,2077,2.36,97.64,96.73,0.91,2.36,0.0,93.74,5.1,0.0,1.16,0.0,0.0,0.0,2.07
3510203,Capão Bonito,SP,16045,15.79,84.18,79.58,4.6,15.46,0.04,87.7,2.77,4.89,4.2,0.01,0.01,0.36,11.01
3510302,Capela do Alto,SP,7119,14.65,85.31,69.5,15.8,14.54,0.03,83.76,11.74,3.75,0.24,0.04,0.03,0.03,15.03
3510401,Capivari,SP,17193,3.27,96.67,92.29,4.38,1.83,0.01,96.94,2.34,0.18,0.16,0.09,0.0,0.02,1.9
3510500,Caraguatatuba,SP,48632,5.7,94.1,84.37,9.74,4.23,0.0,95.45,0.93,0.12,1.7,0.0,0.01,0.19,3.37
3510609,Carapicuíba,SP,136793,8.21,91.48,88.35,3.13,1.56,0.01,99.2,0.36,0.13,0.1,0.01,0.01,0.04,0.48
3510708,Cardoso,SP,4603,5.11,94.89,90.25,4.65,5.08,0.0,90.7,8.04,1.0,0.24,0.0,0.0,0.0,7.1
3510807,Casa Branca,SP,9748,6.97,92.96,90.46,2.5,6.65,0.01,89.05,7.37,1.57,1.74,0.02,0.0,0.17,9.16
3510906,Cássia dos Coqueiros,SP,1076,26.77,73.14,64.78,8.36,26.58,0.09,70.07,14.03,2.23,13.2,0.0,0.0,0.19,29.93
3511003,Castilho,SP,7326,14.43,85.38,77.05,8.33,14.37,0.03,75.58,22.77,1.05,0.03,0.19,0.0,0.07,16.53
3511102,Catanduva,SP,44061,0.54,99.42,98.24,1.19,0.48,0.0,97.96,1.73,0.24,0.02,0.0,0.01,0.0,1.5
3511201,Catiguá,SP,2510,3.55,96.45,95.66,0.8,3.43,0.0,95.62,3.94,0.36,0.0,0.04,0.0,0.04,0.24
3511300,Cedral,SP,4656,4.34,95.66,88.17,7.5,4.32,0.0,88.83,9.75,1.4,0.02,0.0,0.0,0.0,9.15
3511409,Cerqueira César,SP,7399,7.54,92.43,90.05,2.38,7.45,0.0,90.97,5.96,0.39,2.58,0.0,0.0,0.04,8.1
3511508,Cerquilho,SP,15904,4.33,95.67,93.71,1.97,4.24,0.0,94.49,3.68,0.7,0.53,0.51,0.0,0.09,5.06
3511607,Cesário Lange,SP,6140,21.16,78.78,73.0,5.78,21.14,0.0,82.43,5.93,10.18,0.81,0.08,0.0,0.0,15.07
3511706,Charqueada,SP,5340,14.48,85.47,83.45,2.02,13.22,0.02,97.3,1.22,0.96,0.43,0.04,0.0,0.06,2.49
3511904,Clementina,SP,2566,1.52,98.44,96.45,1.99,1.52,0.0,96.14,3.43,0.27,0.08,0.0,0.0,0.0,3.59
3512001,Colina,SP,6560,0.87,99.07,97.07,2.0,0.2,0.02,95.43,3.52,0.52,0.43,0.0,0.0,0.0,2.73
3512100,Colômbia,SP,2323,5.34,94.62,86.14,8.48,5.25,0.04,83.0,13.17,3.62,0.04,0.0,0.0,0.04,7.79
3512209,Conchal,SP,9456,4.83,95.15,93.75,1.4,3.64,0.0,93.46,2.47,2.05,1.88,0.01,0.0,0.06,5.13
3512308,Conchas,SP,5593,12.57,87.27,76.13,11.14,11.35,0.02,79.81,9.55,6.22,3.04,0.29,0.02,0.68,19.69
3512407,Cordeirópolis,SP,8530,5.11,94.89,93.04,1.85,4.7,0.01,95.94,2.79,0.97,0.23,0.0,0.0,0.0,2.61
3512506,Coroados,SP,2021,5.94,94.06,92.03,2.03,5.94,0.0,86.0,12.02,1.93,0.05,0.0,0.0,0.0,11.38
3512605,Coronel Macedo,SP,1654,8.65,91.17,80.71,10.46,8.4,0.0,84.1,6.23,0.79,8.89,0.0,0.0,0.0,15.6
3512704,Corumbataí,SP,1458,17.9,81.55,63.44,18.11,16.87,0.07,68.31,17.22,3.5,9.47,0.75,0.0,0.14,29.77
3512803,Cosmópolis,SP,21683,3.96,96.02,93.72,2.3,2.78,0.0,94.97,2.18,1.66,0.1,0.86,0.01,0.0,4.65
3512902,Cosmorama,SP,3267,7.77,92.19,82.64,9.55,7.59,0.03,82.25,15.27,2.11,0.34,0.0,0.0,0.0,16.56
3513009,Cotia,SP,95935,14.37,85.31,64.58,20.73,8.76,0.01,93.49,2.96,2.7,0.19,0.33,0.02,0.03,5.08
3513108,Cravinhos,SP,11349,1.16,98.79,98.15,0.64,1.13,0.0,98.2,0.7,0.09,0.99,0.03,0.0,0.0,1.67
3513207,Cristais Paulista,SP,3262,5.82,93.93,76.49,17.44,5.76,0.0,75.75,18.06,1.1,4.94,0.03,0.0,0.0,22.87
3513306,Cruzália,SP,822,13.14,86.86,85.28,1.58,13.02,0.12,85.16,8.64,5.96,0.24,0.0,0.0,0.0,14.11
3513405,Cruzeiro,SP,26776,4.28,95.67,94.68,0.99,1.43,0.0,98.3,0.25,0.21,0.8,0.04,0.01,0.3,1.4
3513504,Cubatão,SP,40091,20.15,79.72,77.97,1.75,2.77,0.02,96.31,0.14,0.02,2.9,0.07,0.01,0.1,1.77
3513603,Cunha,SP,8574,37.95,61.76,57.84,3.92,31.01,0.06,59.73,3.32,6.71,29.92,0.0,0.01,0.28,39.72
3513702,Descalvado,SP,11400,3.26,96.61,92.94,3.68,3.11,0.0,91.84,4.98,0.44,2.68,0.0,0.0,0.01,6.57
3513801,Diadema,SP,144824,0.48,99.46,98.82,0.64,0.07,0.01,99.84,0.08,0.01,0.01,0.02,0.0,0.0,0.09
3513850,Dirce Reis,SP,642,13.71,86.29,86.14,0.16,13.71,0.0,86.76,12.62,0.62,0.0,0.0,0.0,0.0,11.99
3513900,Divinolândia,SP,4189,32.66,65.6,61.85,3.75,15.97,0.02,68.42,1.36,0.72,29.39,0.0,0.0,0.1,30.48
3514007,Dobrada,SP,3076,1.4,98.54,97.85,0.68,1.2,0.0,97.59,1.82,0.07,0.16,0.26,0.0,0.0,1.95
3514106,Dois Córregos,SP,8856,1.05,98.88,97.65,1.23,0.81,0.0,95.99,2.45,0.25,1.23,0.01,0.0,0.05,1.61
3514205,Dolcinópolis,SP,887,6.54,93.46,91.09,2.37,6.43,0.0,90.64,8.57,0.79,0.0,0.0,0.0,0.0,8.68
3514304,Dourado,SP,3103,0.23,99.71,95.84,3.87,0.16,0.0,94.91,2.84,0.39,1.87,0.0,0.0,0.0,3.87
3514403,Dracena,SP,17101,3.75,96.22,93.01,3.2,3.7,0.01,96.01,3.52,0.3,0.06,0.0,0.02,0.01,3.23
3514502,Duartina,SP,4790,2.71,97.18,88.79,8.39,2.61,0.0,88.68,9.98,0.31,0.79,0.0,0.0,0.0,10.77
3514601,Dumont,SP,3296,0.7,99.3,97.79,1.52,0.64,0.0,97.79,1.0,0.18,0.97,0.03,0.0,0.0,1.97
3514700,Echaporã,SP,2283,10.51,89.49,84.41,5.08,10.51,0.0,85.55,10.16,1.58,2.67,0.0,0.0,0.04,12.92
3514809,Eldorado,SP,4598,23.77,75.99,56.13,19.86,17.73,0.22,57.24,4.07,12.83,24.99,0.02,0.02,0.72,39.84
3514908,Elias Fausto,SP,5967,7.32,92.66,84.58,8.08,7.31,0.0,84.98,12.72,1.22,0.97,0.0,0.0,0.0,12.75
3514924,Elisiário,SP,1184,4.48,95.44,93.83,1.6,4.48,0.0,93.33,6.08,0.59,0.0,0.0,0.0,0.0,6.33
3514957,Embaúba,SP,896,7.81,92.08,89.06,3.01,7.7,0.0,87.83,11.27,0.33,0.45,0.0,0.0,0.0,11.16
3515004,Embu das Artes,SP,87990,14.67,84.94,79.49,5.46,5.29,0.03,98.39,0.45,0.54,0.04,0.04,0.01,0.06,1.22
3515103,Embu-Guaçu,SP,23396,28.15,71.55,45.68,25.88,25.03,0.01,78.98,16.09,3.67,0.5,0.2,0.03,0.03,16.84
3515129,Emilianópolis,SP,1177,6.46,93.46,87.94,5.52,6.37,0.0,88.53,10.11,1.02,0.25,0.0,0.0,0.08,7.48
3515152,Engenheiro Coelho,SP,6884,5.23,94.71,73.04,21.67,5.17,0.0,73.58,23.05,2.92,0.38,0.0,0.0,0.0,22.97
3515186,Espírito Santo do Pinhal,SP,14377,4.97,94.8,91.54,3.26,4.74,0.0,91.28,4.17,0.64,3.83,0.01,0.01,0.01,5.8
3515194,Espírito Santo do Turvo,SP,1482,11.4,88.6,86.44,2.16,11.4,0.0,86.17,12.75,0.07,1.01,0.0,0.0,0.0,7.09
3515202,Estrela d'Oeste,SP,3464,5.77,94.23,84.3,9.93,5.57,0.0,85.62,13.77,0.46,0.09,0.03,0.0,0.03,13.71
3515301,Estrela do Norte,SP,971,15.35,84.65,81.57,3.09,14.83,0.0,80.84,15.14,1.96,2.06,0.0,0.0,0.0,18.74
3515350,Euclides da Cunha Paulista,SP,3022,35.31,64.53,62.54,1.99,35.18,0.0,69.92,26.54,3.14,0.17,0.0,0.0,0.0,27.93
3515400,Fartura,SP,6221,12.14,87.78,80.9,6.88,11.75,0.02,81.9,4.53,1.33,11.4,0.0,0.0,0.8,17.67
3515509,Fernandópolis,SP,27621,1.89,98.1,96.79,1.31,1.88,0.01,96.63,3.06,0.25,0.03,0.0,0.0,0.0,3.02
3515608,Fernando Prestes,SP,2238,8.36,91.6,91.06,0.54,8.18,0.0,90.71,8.94,0.27,0.09,0.0,0.0,0.0,9.07
3515657,Fernão,SP,613,20.72,79.28,60.69,18.6,20.72,0.0,60.69,34.26,1.31,3.43,0.16,0.0,0.0,38.34
3515707,Ferraz de Vasconcelos,SP,61301,7.35,92.18,89.19,2.99,2.16,0.02,98.16,0.5,0.14,0.07,0.01,0.01,0.01,1.15
3515806,Flora Rica,SP,610,5.08,94.92,85.9,9.02,4.92,0.0,85.74,13.77,0.16,0.16,0.0,0.0,0.0,13.44
3515905,Floreal,SP,1124,0.27,99.73,86.65,13.08,0.27,0.0,86.12,13.88,0.0,0.0,0.0,0.0,0.0,13.17
3516002,Flórida Paulista,SP,4315,3.55,96.13,92.68,3.45,3.5,0.0,91.75,7.53,0.58,0.09,0.0,0.0,0.0,7.07
3516101,Florínea,SP,1054,9.96,90.04,87.76,2.28,9.96,0.0,88.52,10.06,0.47,0.95,0.0,0.0,0.0,11.1
3516200,Franca,SP,127921,0.79,99.17,97.92,1.25,0.74,0.0,98.36,0.83,0.39,0.37,0.0,0.0,0.01,1.35
3516309,Francisco Morato,SP,57668,20.74,78.85,68.59,10.26,7.43,0.03,97.97,0.96,0.54,0.16,0.01,0.02,0.02,1.29
3516408,Franco da Rocha,SP,49319,15.26,84.45,78.89,5.56,6.7,0.01,98.18,1.04,0.3,0.22,0.05,0.01,0.02,1.38
3516507,Gabriel Monteiro,SP,1071,2.71,97.11,88.8,8.31,2.71,0.0,88.52,11.3,0.09,0.09,0.0,0.0,0.0,11.11
3516606,Gália,SP,2441,7.62,92.34,83.98,8.36,7.33,0.04,80.83,13.76,1.11,4.22,0.04,0.0,0.04,18.11
3516705,Garça,SP,15523,1.17,98.79,96.44,2.35,1.09,0.01,95.68,2.96,0.32,1.0,0.0,0.0,0.03,3.3
3516804,Gastão Vidigal,SP,1246,7.06,92.94,90.61,2.33,6.98,0.0,90.05,9.23,0.64,0.0,0.0,0.0,0.0,9.23
3516853,Gavião Peixoto,SP,1640,0.12,99.88,94.82,5.06,0.06,0.0,95.06,3.66,0.12,1.16,0.0,0.0,0.0,4.82
3516903,General Salgado,SP,4019,2.94,97.06,89.75,7.32,2.94,0.0,90.84,8.68,0.32,0.15,0.0,0.0,0.0,8.34
3517000,Getulina,SP,3408,6.13,93.84,88.12,5.72,5.99,0.0,88.41,10.45,1.0,0.12,0.0,0.0,0.0,4.14
3517109,Glicério,SP,1552,14.3,85.7,78.22,7.47,14.24,0.0,81.06,16.37,2.58,0.0,0.0,0.0,0.0,18.04
3517208,Guaiçara,SP,3997,2.38,97.6,91.42,6.18,2.38,0.0,91.62,7.41,0.78,0.2,0.0,0.0,0.0,7.91
3517307,Guaimbê,SP,2060,5.15,94.71,89.81,4.9,5.1,0.0,89.51,8.16,1.65,0.58,0.0,0.0,0.0,10.39
3517406,Guaíra,SP,14707,1.78,98.18,97.72,0.46,1.7,0.01,97.06,1.89,0.93,0.11,0.0,0.0,0.0,2.38
3517505,Guapiaçu,SP,7735,2.9,97.08,87.86,9.22,2.86,0.0,92.82,6.77,0.26,0.12,0.0,0.0,0.0,6.27
3517604,Guapiara,SP,6156,55.98,43.03,38.0,5.04,52.75,0.03,60.4,5.38,7.39,26.07,0.0,0.05,0.6,37.04
3517703,Guará,SP,6681,2.36,97.37,96.9,0.46,2.26,0.01,89.21,5.0,5.25,0.42,0.0,0.0,0.01,6.45
3517802,Guaraçaí,SP,2941,10.68,89.26,83.07,6.19,10.51,0.0,83.65,15.03,0.82,0.24,0.0,0.03,0.0,13.12
3517901,Guaraci,SP,3915,6.05,93.95,88.38,5.57,5.77,0.03,86.67,10.65,1.92,0.64,0.05,0.0,0.0,7.64
3518008,Guarani d'Oeste,SP,808,8.66,91.34,87.13,4.21,8.66,0.0,86.51,11.14,0.87,1.24,0.0,0.0,0.0,12.0
3518107,Guarantã,SP,2295,14.9,84.88,81.53,3.36,14.73,0.0,82.14,16.73,0.35,0.74,0.0,0.0,0.0,17.82
3518206,Guararapes,SP,11649,2.48,97.48,95.52,1.96,2.45,0.0,95.02,3.73,1.06,0.13,0.03,0.0,0.0,4.55
3518305,Guararema,SP,11086,13.33,86.51,61.19,25.31,10.77,0.01,72.7,16.14,7.84,2.0,0.06,0.05,0.03,24.05
3518404,Guaratinguetá,SP,41905,8.63,91.27,89.34,1.93,5.11,0.01,95.84,1.28,1.17,1.53,0.0,0.01,0.09,3.69
3518503,Guareí,SP,4516,26.77,73.14,59.19,13.95,26.33,0.0,84.77,7.62,4.14,2.83,0.2,0.0,0.31,12.89
3518602,Guariba,SP,12902,0.9,99.07,98.4,0.67,0.84,0.0,95.22,4.08,0.4,0.28,0.0,0.0,0.0,2.7
3518701,Guarujá,SP,99388,9.51,89.49,85.54,3.95,0.69,0.02,94.24,0.56,0.08,2.91,0.01,0.03,0.03,4.8
3518800,Guarulhos,SP,450559,6.61,93.15,92.02,1.13,0.6,0.01,98.78,0.39,0.18,0.07,0.03,0.01,0.03,0.67
3518859,Guatapará,SP,2533,1.46,98.5,93.64,4.86,1.38,0.0,90.8,6.71,0.28,1.7,0.51,0.0,0.0,7.11
3518909,Guzolândia,SP,1630,7.36,92.64,90.06,2.58,7.24,0.0,89.45,9.57,0.92,0.06,0.0,0.0,0.0,8.71
3519006,Herculândia,SP,3307,5.08,94.89,92.68,2.21,5.08,0.0,87.51,12.28,0.12,0.06,0.0,0.0,0.0,0.91
3519055,Holambra,SP,5163,4.82,95.14,77.71,17.43,4.55,0.0,78.44,15.42,5.58,0.52,0.0,0.04,0.0,18.19
3519071,Hortolândia,SP,80802,1.65,98.31,96.36,1.95,0.75,0.01,98.61,0.26,0.11,0.01,0.0,0.0,0.0,0.86
3519105,Iacanga,SP,3957,0.38,99.62,89.56,10.06,0.33,0.03,91.33,8.09,0.43,0.13,0.0,0.0,0.0,8.14
3519204,Iacri,SP,2260,13.89,86.02,84.65,1.37,13.81,0.09,85.97,11.86,2.12,0.04,0.0,0.0,0.0,12.21
3519253,Iaras,SP,1791,16.3,83.58,64.49,19.1,16.3,0.0,66.33,26.91,3.96,1.56,0.0,0.06,0.5,32.61
3519303,Ibaté,SP,11092,0.69,99.31,98.22,1.08,0.69,0.0,98.41,1.08,0.16,0.3,0.0,0.0,0.0,1.14
3519402,Ibirá,SP,4404,0.91,99.09,95.05,4.04,0.77,0.02,93.05,6.34,0.27,0.3,0.0,0.0,0.05,5.5
3519501,Ibirarema,SP,2403,1.33,98.67,94.59,4.08,1.33,0.0,93.42,5.7,0.37,0.5,0.0,0.0,0.0,5.83
3519600,Ibitinga,SP,22213,2.07,97.92,97.08,0.84,1.79,0.0,96.6,2.41,0.37,0.6,0.0,0.0,0.0,2.49
3519709,Ibiúna,SP,26352,41.72,58.07,29.11,28.95,39.07,0.03,48.75,11.73,35.78,3.02,0.16,0.11,0.13,45.58
3519808,Icém,SP,2594,4.82,95.14,94.06,1.08,4.74,0.0,90.02,8.02,1.23,0.58,0.0,0.04,0.0,6.32
3519907,Iepê,SP,2901,7.65,92.28,88.07,4.21,7.62,0.0,89.25,8.62,0.72,1.0,0.31,0.0,0.07,4.03
3520004,Igaraçu do Tietê,SP,8193,1.53,98.46,97.88,0.59,1.46,0.0,98.61,0.59,0.06,0.59,0.13,0.0,0.01,1.29
3520103,Igarapava,SP,9857,1.24,98.73,97.68,1.06,0.98,0.02,95.61,2.18,0.47,1.6,0.02,0.0,0.06,3.14
3520202,Igaratá,SP,3926,33.32,66.53,39.86,26.67,30.62,0.0,65.94,10.29,11.84,10.09,0.1,0.05,1.4,32.17
3520301,Iguape,SP,10838,16.39,83.36,64.5,18.87,14.19,0.23,74.95,7.59,4.12,10.96,0.88,0.28,0.18,23.71
3520400,Ilhabela,SP,12710,4.26,95.13,62.44,32.69,3.52,0.02,84.03,0.42,0.09,9.17,0.0,0.04,6.1,13.34
3520426,Ilha Comprida,SP,5258,9.09,90.78,47.34,43.44,9.0,0.0,93.32,5.04,0.27,0.08,0.0,0.02,0.0,5.48
3520442,Ilha Solteira,SP,9704,10.77,89.23,87.64,1.59,10.73,0.0,94.6,2.81,2.33,0.2,0.05,0.01,0.0,5.22
3520509,Indaiatuba,SP,90749,0.88,99.08,96.04,3.04,0.86,0.0,96.38,2.14,1.27,0.13,0.02,0.01,0.0,2.97
3520608,Indiana,SP,1919,9.38,90.52,87.34,3.18,9.38,0.0,86.45,12.66,0.52,0.31,0.0,0.0,0.0,11.46
3520707,Indiaporã,SP,1662,12.58,87.36,80.02,7.34,12.58,0.0,82.37,14.74,2.41,0.18,0.12,0.06,0.06,16.49
3520806,Inúbia Paulista,SP,1316,2.36,97.64,93.62,4.03,2.13,0.0,92.55,7.45,0.0,0.0,0.0,0.0,0.0,0.0
3520905,Ipaussu,SP,4885,1.47,98.44,95.93,2.52,1.31,0.0,92.28,6.16,0.02,1.37,0.0,0.0,0.12,2.4
3521002,Iperó,SP,11765,17.05,82.79,67.24,15.55,16.88,0.0,86.26,7.6,4.37,0.85,0.57,0.03,0.01,12.27
3521101,Ipeúna,SP,2392,5.77,94.15,84.36,9.78,5.27,0.0,92.31,3.14,1.67,2.8,0.04,0.0,0.0,6.61
3521150,Ipiguá,SP,2445,14.44,85.56,68.06,17.51,14.4,0.0,65.89,32.84,0.86,0.16,0.0,0.0,0.0,25.89
3521200,Iporanga,SP,1459,33.72,66.21,56.34,9.87,30.84,0.69,56.89,0.07,0.27,40.51,0.0,0.07,2.19,34.54
3521309,Ipuã,SP,5339,0.62,99.38,98.05,1.33,0.58,0.0,97.6,1.82,0.28,0.28,0.0,0.0,0.0,2.14
3521408,Iracemápolis,SP,7543,0.24,99.71,99.59,0.12,0.23,0.0,99.5,0.16,0.09,0.19,0.0,0.01,0.03,0.34
3521507,Irapuã,SP,2461,6.05,93.9,91.79,2.11,6.05,0.0,91.02,7.35,1.58,0.04,0.0,0.0,0.0,8.33
3521606,Irapuru,SP,2360,8.6,91.31,89.28,2.03,8.47,0.08,90.04,8.26,1.53,0.04,0.0,0.0,0.0,9.19
3521705,Itaberá,SP,6517,23.6,76.35,66.43,9.93,22.65,0.02,69.85,13.55,3.3,13.21,0.03,0.0,0.03,25.64
3521804,Itaí,SP,8665,7.61,92.34,80.43,11.91,6.66,0.01,81.85,12.26,1.48,4.34,0.0,0.01,0.01,16.85
3521903,Itajobi,SP,6216,4.78,95.14,88.72,6.42,4.71,0.0,88.05,11.44,0.39,0.13,0.0,0.0,0.0,11.62
3522000,Itaju,SP,1307,12.7,87.3,78.35,8.95,12.47,0.15,76.59,16.45,3.9,3.06,0.0,0.0,0.0,20.28
3522109,Itanhaém,SP,41964,9.45,90.44,63.14,27.3,5.83,0.01,93.46,3.35,0.36,0.83,0.02,0.02,0.08,5.23
3522158,Itaoca,SP,1262,53.33,46.2,31.77,14.42,45.4,0.0,69.97,0.48,0.32,24.56,0.0,0.0,4.52,25.91
3522208,Itapecerica da Serra,SP,54563,14.58,85.2,63.5,21.7,10.67,0.02,90.84,5.36,2.69,0.47,0.33,0.03,0.02,8.43
3522307,Itapetininga,SP,54547,6.65,93.28,90.05,3.24,6.3,0.02,94.16,2.59,2.27,0.84,0.07,0.01,0.02,5.13
3522406,Itapeva,SP,31773,15.87,84.09,80.64,3.45,14.48,0.02,88.97,4.17,1.89,4.6,0.2,0.01,0.06,10.23
3522505,Itapevi,SP,81808,10.62,87.44,82.0,5.44,3.36,0.01,96.56,1.42,0.8,0.16,0.51,0.01,0.06,2.25
3522604,Itapira,SP,26200,2.17,97.81,93.44,4.37,2.02,0.0,93.15,4.78,0.85,1.19,0.01,0.0,0.0,5.85
3522653,Itapirapuã Paulista,SP,1559,37.08,62.8,60.23,2.57,31.24,0.19,71.97,3.98,0.13,23.67,0.0,0.0,0.13,26.75
3522703,Itápolis,SP,15001,5.35,94.62,93.33,1.29,4.75,0.03,93.37,3.87,2.43,0.29,0.0,0.0,0.0,5.46
3522802,Itaporanga,SP,5221,13.85,86.08,75.73,10.34,13.12,0.0,82.4,5.82,2.51,9.12,0.0,0.0,0.04,16.99
3522901,Itapuí,SP,4749,1.03,98.97,96.61,2.36,0.97,0.0,96.5,2.17,0.93,0.38,0.0,0.0,0.02,1.64
3523008,Itapura,SP,1520,13.75,86.25,78.42,7.83,13.62,0.0,84.28,15.2,0.2,0.2,0.0,0.0,0.07,7.83
3523107,Itaquaquecetuba,SP,122134,16.61,82.88,76.62,6.27,6.87,0.01,97.95,0.7,0.24,0.11,0.02,0.01,0.05,1.02
3523206,Itararé,SP,16525,8.05,91.89,88.98,2.9,6.15,0.02,94.43,1.48,0.57,3.39,0.0,0.0,0.05,5.27
3523305,Itariri,SP,5654,14.82,84.77,67.24,17.53,12.42,0.09,77.24,5.06,1.26,15.12,0.0,0.11,0.76,21.93
3523404,Itatiba,SP,43750,4.27,95.6,86.34,9.26,3.94,0.0,92.31,3.04,3.98,0.39,0.11,0.0,0.13,6.91
3523503,Itatinga,SP,6025,5.43,94.46,87.72,6.74,5.21,0.0,89.53,6.67,0.81,2.77,0.05,0.0,0.1,9.98
3523602,Itirapina,SP,4788,6.81,93.17,77.9,15.27,6.68,0.04,91.69,4.87,0.52,2.76,0.0,0.02,0.06,7.35
3523701,Itirapuã,SP,2005,7.98,91.97,90.67,1.3,7.78,0.0,86.73,5.69,0.1,7.48,0.0,0.0,0.0,12.52
3523800,Itobi,SP,2906,6.33,93.57,88.89,4.68,5.92,0.07,88.51,4.03,2.79,4.06,0.0,0.0,0.03,11.32
3523909,Itu,SP,59545,3.49,96.29,90.56,5.73,3.06,0.01,92.04,4.65,1.39,0.42,1.09,0.04,0.16,6.17
3524006,Itupeva,SP,23690,9.97,89.95,78.9,11.04,9.17,0.0,83.66,9.52,4.96,1.22,0.19,0.01,0.03,10.08
3524105,Ituverava,SP,14031,1.4,98.52,97.22,1.3,1.32,0.01,96.24,2.22,0.52,0.88,0.0,0.0,0.01,3.11
3524204,Jaborandi,SP,2278,4.08,95.92,95.04,0.88,3.86,0.0,82.57,13.13,4.04,0.13,0.04,0.0,0.04,8.78
3524303,Jaboticabal,SP,27393,1.57,98.39,97.79,0.6,1.48,0.01,95.92,3.54,0.3,0.19,0.0,0.0,0.01,1.97
3524402,Jacareí,SP,85076,2.69,97.26,93.22,4.04,1.84,0.01,97.07,1.19,1.11,0.45,0.08,0.01,0.0,2.63
3524501,Jaci,SP,2637,0.19,99.77,90.48,9.29,0.19,0.0,90.29,9.4,0.04,0.23,0.0,0.0,0.0,8.76
3524600,Jacupiranga,SP,5828,18.43,81.23,65.92,15.31,14.57,0.07,69.9,5.49,8.36,15.99,0.02,0.0,0.21,29.65
3524709,Jaguariúna,SP,21443,1.74,98.23,94.26,3.96,1.6,0.0,96.52,2.57,0.62,0.25,0.02,0.0,0.0,1.89
3524808,Jales,SP,19080,3.37,96.6,94.45,2.15,3.36,0.0,94.2,5.42,0.31,0.04,0.0,0.0,0.0,5.29
3524907,Jambeiro,SP,2297,29.69,70.09,48.93,21.16,24.03,0.0,68.7,12.45,4.31,14.11,0.04,0.17,0.04,28.47
3525003,Jandira,SP,42009,6.84,92.81,87.1,5.71,0.15,0.0,99.05,0.33,0.04,0.03,0.0,0.0,0.11,0.63
3525102,Jardinópolis,SP,14872,1.42,98.45,96.23,2.22,1.26,0.0,94.55,4.26,0.22,0.75,0.1,0.0,0.07,2.55
3525201,Jarinu,SP,12965,29.96,69.86,38.9,30.95,29.53,0.0,68.53,20.15,9.36,0.94,0.16,0.02,0.73,27.38
3525300,Jaú,SP,48521,0.64,99.33,97.58,1.76,0.58,0.0,97.49,1.57,0.29,0.59,0.01,0.0,0.0,2.11
3525409,Jeriquara,SP,1318,7.59,92.41,88.01,4.4,7.36,0.0,88.32,7.89,1.21,2.43,0.0,0.0,0.08,11.53
3525508,Joanópolis,SP,4663,10.14,89.64,72.25,17.39,9.39,0.0,73.43,8.73,6.33,11.28,0.0,0.0,0.11,25.35
3525607,João Ramalho,SP,1543,8.68,91.32,88.2,3.11,8.55,0.0,90.02,8.88,0.39,0.58,0.0,0.0,0.06,9.4
3525706,José Bonifácio,SP,13333,2.63,97.35,93.58,3.77,2.56,0.0,92.4,6.94,0.52,0.13,0.0,0.01,0.0,4.59
3525805,Júlio Mesquita,SP,1562,0.13,99.87,99.87,0.0,0.13,0.0,97.63,2.11,0.0,0.26,0.0,0.0,0.0,0.26
3525854,Jumirim,SP,1002,17.07,82.83,56.99,25.85,16.47,0.0,79.04,19.06,0.8,1.1,0.0,0.0,0.0,16.97
3525904,Jundiaí,SP,163219,1.74,98.21,95.02,3.19,1.55,0.0,95.88,2.0,1.47,0.43,0.15,0.01,0.01,3.2
3526001,Junqueirópolis,SP,7151,6.32,93.55,92.63,0.92,6.26,0.0,92.94,5.72,1.12,0.14,0.07,0.0,0.0,5.27
3526100,Juquiá,SP,6343,19.79,80.07,61.55,18.52,12.34,0.02,69.67,4.76,5.79,18.37,0.0,0.06,1.21,28.49
3526209,Juquitiba,SP,10005,36.32,63.38,33.18,30.19,34.4,0.03,59.45,15.37,15.06,9.43,0.06,0.15,0.22,38.11
3526308,Lagoinha,SP,2079,29.15,70.51,57.91,12.6,23.91,0.0,60.56,2.45,13.13,23.76,0.0,0.0,0.05,39.01
3526407,Laranjal Paulista,SP,9287,9.57,90.33,87.54,2.79,9.25,0.0,88.98,5.28,4.71,0.86,0.02,0.01,0.0,9.58
3526506,Lavínia,SP,1837,6.7,93.25,85.79,7.46,6.59,0.11,84.98,14.04,0.98,0.0,0.0,0.0,0.0,10.34
3526605,Lavrinhas,SP,2392,14.84,85.12,80.14,4.97,6.23,0.04,94.15,0.63,0.29,3.68,0.08,0.04,1.05,5.14
3526704,Leme,SP,35758,1.19,98.79,98.28,0.51,1.09,0.0,97.6,1.17,0.62,0.57,0.01,0.01,0.01,1.18
3526803,Lençóis Paulista,SP,22822,1.74,98.24,96.53,1.7,1.61,0.0,97.17,2.13,0.09,0.59,0.0,0.0,0.0,1.89
3526902,Limeira,SP,104444,1.18,98.79,96.53,2.26,1.13,0.0,96.21,2.38,1.03,0.19,0.13,0.01,0.01,3.21
3527009,Lindóia,SP,2591,7.29,92.71,82.86,9.84,5.87,0.0,89.58,4.21,0.5,5.52,0.04,0.04,0.0,9.38
3527108,Lins,SP,28432,0.18,99.8,98.24,1.55,0.17,0.01,98.16,1.55,0.19,0.05,0.01,0.0,0.01,1.65
3527207,Lorena,SP,30025,1.8,98.18,96.14,2.04,1.27,0.01,96.2,1.7,0.68,1.32,0.0,0.01,0.03,3.47
3527256,Lourdes,SP,772,10.36,89.51,86.4,3.11,10.36,0.0,86.53,13.21,0.26,0.0,0.0,0.0,0.0,8.16
3527306,Louveira,SP,17902,4.92,94.99,87.91,7.08,3.59,0.01,90.69,4.68,1.99,0.34,2.21,0.0,0.02,7.08
3527405,Lucélia,SP,6603,1.94,97.96,95.29,2.67,1.91,0.02,95.52,3.92,0.41,0.08,0.06,0.0,0.0,4.27
3527504,Lucianópolis,SP,890,11.69,88.09,78.43,9.66,11.69,0.0,81.35,14.72,0.9,2.92,0.0,0.0,0.0,16.74
3527603,Luís Antônio,SP,4169,1.01,98.94,97.41,1.54,1.01,0.0,97.48,1.97,0.1,0.36,0.0,0.0,0.0,2.28
3527702,Luiziânia,SP,1729,2.08,97.86,92.54,5.32,2.02,0.0,92.37,6.77,0.64,0.23,0.0,0.0,0.0,7.4
3527801,Lupércio,SP,1472,3.4,96.6,91.03,5.57,3.4,0.0,90.83,7.34,0.41,1.43,0.0,0.0,0.0,9.17
3527900,Lutécia,SP,1036,15.83,83.98,80.69,3.28,15.44,0.0,81.18,14.58,1.74,2.51,0.0,0.0,0.0,17.86
3528007,Macatuba,SP,5654,0.3,99.66,98.05,1.61,0.23,0.04,96.0,2.76,0.23,0.97,0.0,0.0,0.0,2.12
3528106,Macaubal,SP,3008,3.36,96.61,89.73,6.88,3.32,0.0,89.99,9.24,0.66,0.07,0.0,0.0,0.0,9.08
3528205,Macedônia,SP,1513,18.04,81.96,74.95,7.01,17.98,0.07,73.5,22.93,3.5,0.0,0.0,0.0,0.0,24.59
3528304,Magda,SP,1257,5.65,94.35,84.96,9.39,5.65,0.0,85.04,14.48,0.4,0.08,0.0,0.0,0.0,14.56
3528403,Mairinque,SP,17025,25.19,74.78,69.15,5.63,24.51,0.01,83.54,9.96,4.42,0.98,0.91,0.04,0.07,15.82
3528502,Mairiporã,SP,33058,24.69,75.15,35.26,39.89,23.22,0.02,63.0,13.33,10.33,9.17,2.96,0.14,0.21,34.24
3528601,Manduri,SP,3689,7.81,92.11,88.7,3.42,6.59,0.0,87.86,8.86,0.52,2.76,0.0,0.0,0.0,11.44
3528700,Marabá Paulista,SP,1383,45.12,54.45,51.99,2.46,44.76,0.0,59.65,32.18,4.12,3.04,0.0,0.0,0.43,32.68
3528809,Maracaí,SP,4828,8.22,91.71,88.61,3.11,8.12,0.0,88.65,9.36,1.45,0.54,0.0,0.0,0.0,9.57
3528858,Marapoama,SP,1238,8.64,91.36,89.9,1.45,8.56,0.0,89.66,9.94,0.32,0.08,0.0,0.0,0.0,9.29
3528908,Mariápolis,SP,1382,10.71,89.15,86.76,2.39,10.64,0.0,88.21,11.29,0.22,0.14,0.0,0.0,0.0,11.58
3529005,Marília,SP,88399,1.29,98.57,97.55,1.02,0.61,0.0,97.65,2.1,0.11,0.07,0.0,0.01,0.01,1.26
3529104,Marinópolis,SP,717,16.46,83.54,81.45,2.09,16.46,0.0,81.45,17.85,0.7,0.0,0.0,0.0,0.0,17.71
3529203,Martinópolis,SP,8845,7.53,92.45,88.0,4.44,7.48,0.0,89.85,9.68,0.29,0.14,0.01,0.0,0.0,4.96
3529302,Matão,SP,28821,0.2,99.76,99.09,0.67,0.1,0.0,98.06,1.76,0.1,0.05,0.0,0.0,0.0,0.79
3529401,Mauá,SP,152619,5.47,93.97,93.24,0.73,0.59,0.01,98.87,0.22,0.06,0.06,0.05,0.01,0.05,0.78
3529500,Mendonça,SP,2315,1.68,98.32,93.82,4.49,1.68,0.0,87.78,11.02,1.12,0.04,0.0,0.0,0.0,2.42
3529609,Meridiano,SP,1726,16.98,82.73,81.17,1.56,16.69,0.06,81.69,17.56,0.58,0.06,0.0,0.0,0.0,17.5
3529658,Mesópolis,SP,743,11.84,88.16,83.71,4.44,11.84,0.0,83.18,13.86,2.69,0.0,0.0,0.0,0.13,11.71
3529708,Miguelópolis,SP,7138,2.75,96.99,94.0,2.98,2.54,0.04,87.15,10.02,2.4,0.08,0.01,0.0,0.01,8.8
3529807,Mineiros do Tietê,SP,4138,1.76,98.24,95.14,3.09,1.72,0.0,95.82,2.42,0.02,1.69,0.02,0.0,0.0,3.19
3529906,Miracatu,SP,6846,19.34,80.11,58.08,22.03,14.14,0.03,62.23,5.89,4.79,26.7,0.01,0.01,0.19,36.55
3530003,Mira Estrela,SP,1243,15.85,84.15,76.67,7.48,15.77,0.0,74.74,24.38,0.72,0.16,0.0,0.0,0.0,15.61
3530102,Mirandópolis,SP,9108,11.41,88.56,82.74,5.82,11.29,0.04,85.67,13.47,0.7,0.03,0.02,0.0,0.01,11.8
3530201,Mirante do Paranapanema,SP,6122,32.8,67.07,58.13,8.93,32.64,0.0,63.62,30.56,5.16,0.51,0.0,0.0,0.02,32.02
3530300,Mirassol,SP,23213,0.25,99.74,96.21,3.52,0.25,0.0,96.42,3.47,0.08,0.0,0.0,0.01,0.0,2.88
3530409,Mirassolândia,SP,1721,13.13,86.81,68.68,18.13,13.13,0.0,87.1,12.67,0.17,0.06,0.0,0.0,0.0,11.5
3530508,Mococa,SP,24696,4.61,95.35,93.25,2.11,4.32,0.01,93.06,4.61,0.96,1.27,0.0,0.02,0.04,5.56
3530607,Mogi das Cruzes,SP,158693,8.75,90.89,81.42,9.47,5.92,0.01,90.63,4.29,3.84,0.69,0.04,0.02,0.03,8.22
3530706,Mogi Guaçu,SP,54720,1.77,98.22,96.31,1.91,1.69,0.0,97.24,1.9,0.45,0.38,0.01,0.0,0.0,1.88
3530805,Mogi Mirim,SP,33795,4.67,95.3,92.66,2.65,4.55,0.0,94.81,3.31,1.33,0.52,0.0,0.0,0.0,4.45
3530904,Mombuca,SP,1232,8.12,91.88,85.23,6.66,7.39,0.0,86.2,9.98,2.35,1.22,0.0,0.0,0.24,13.07
3531001,Monções,SP,799,7.76,92.24,91.49,0.75,7.63,0.0,91.24,8.64,0.13,0.0,0.0,0.0,0.0,5.88
3531100,Mongaguá,SP,21572,4.43,95.44,86.12,9.32,3.36,0.04,95.17,1.17,0.24,1.21,0.0,0.02,0.04,3.73
3531209,Monte Alegre do Sul,SP,3244,22.29,77.47,56.6,20.87,14.15,0.0,70.13,9.03,4.13,16.34,0.06,0.03,0.12,27.56
3531308,Monte Alto,SP,18050,0.79,99.16,96.65,2.51,0.63,0.0,96.31,3.41,0.18,0.07,0.0,0.01,0.01,3.24
3531407,Monte Aprazível,SP,8641,3.96,96.01,93.02,2.99,3.93,0.0,92.36,6.89,0.53,0.15,0.0,0.0,0.0,5.39
3531506,Monte Azul Paulista,SP,6769,3.99,95.98,94.9,1.08,3.62,0.0,93.77,5.95,0.06,0.22,0.0,0.0,0.0,3.22
3531605,Monte Castelo,SP,1626,0.18,99.82,84.26,15.56,0.18,0.0,83.95,15.68,0.37,0.0,0.0,0.0,0.0,14.88
3531704,Monteiro Lobato,SP,1568,22.7,76.34,40.43,35.91,20.41,0.0,47.51,3.57,2.55,45.92,0.0,0.0,0.13,51.4
3531803,Monte Mor,SP,22385,4.86,95.03,86.3,8.73,4.44,0.0,91.84,6.1,1.59,0.34,0.01,0.0,0.0,6.41
3531902,Morro Agudo,SP,10018,0.87,99.11,95.96,3.15,0.69,0.0,90.12,9.2,0.14,0.53,0.0,0.0,0.01,2.69
3532009,Morungaba,SP,4779,9.14,90.77,84.75,6.03,8.5,0.0,85.0,9.69,2.85,2.26,0.08,0.0,0.13,11.99
3532058,Motuca,SP,1412,18.2,81.66,74.65,7.01,18.2,0.0,82.08,15.72,1.84,0.35,0.0,0.0,0.0,12.32
3532108,Murutinga do Sul,SP,1480,15.47,84.46,77.09,7.36,15.14,0.07,74.46,23.65,1.76,0.0,0.07,0.0,0.0,21.76
3532157,Nantes,SP,1027,3.02,96.4,95.23,1.17,3.02,0.0,91.92,6.23,0.1,1.75,0.0,0.0,0.0,3.31
3532207,Narandiba,SP,2063,6.06,93.8,88.85,4.94,5.96,0.0,89.48,8.73,0.82,0.82,0.05,0.0,0.0,10.23
3532306,Natividade da Serra,SP,2838,36.15,63.57,42.67,20.89,28.37,0.0,49.65,4.44,2.68,42.95,0.07,0.0,0.21,48.7
3532405,Nazaré Paulista,SP,6724,36.97,62.79,21.4,41.39,35.66,0.03,53.3,12.33,16.52,17.12,0.09,0.15,0.28,43.16
3532504,Neves Paulista,SP,3718,3.58,96.4,85.91,10.49,3.55,0.0,88.78,11.0,0.13,0.08,0.0,0.0,0.0,11.03
3532603,Nhandeara,SP,4016,7.02,92.95,85.61,7.35,7.02,0.0,84.14,13.82,1.94,0.07,0.0,0.02,0.0,15.16
3532702,Nipoã,SP,1761,8.18,91.82,91.25,0.57,7.89,0.06,89.1,10.51,0.17,0.17,0.0,0.0,0.06,7.33
3532801,Nova Aliança,SP,2501,4.0,96.0,90.16,5.84,3.96,0.0,89.56,10.24,0.04,0.12,0.0,0.04,0.0,9.84
3532827,Nova Campina,SP,2920,30.07,69.86,58.87,10.99,27.5,0.0,72.36,6.58,2.71,17.23,0.17,0.0,0.75,21.71
3532843,Nova Canaã Paulista,SP,819,30.89,69.11,66.18,2.93,30.65,0.0,66.91,24.42,8.67,0.0,0.0,0.0,0.0,0.37
3532868,Nova Castilho,SP,398,20.1,79.15,74.87,4.27,20.1,0.0,74.62,24.62,0.25,0.5,0.0,0.0,0.0,24.87
3532900,Nova Europa,SP,3373,1.07,98.93,96.18,2.76,1.01,0.0,96.26,2.99,0.44,0.3,0.0,0.0,0.0,3.32
3533007,Nova Granada,SP,7285,4.89,95.09,92.35,2.73,4.87,0.01,91.57,7.76,0.6,0.01,0.0,0.01,0.01,7.87
3533106,Nova Guataporanga,SP,867,0.58,99.19,91.35,7.84,0.58,0.0,90.89,9.0,0.12,0.0,0.0,0.0,0.0,8.77
3533205,Nova Independência,SP,1471,9.59,90.35,90.35,0.0,9.52,0.07,88.17,11.49,0.2,0.0,0.14,0.0,0.0,11.83
3533254,Novais,SP,1593,4.83,95.17,93.72,1.44,4.83,0.0,93.53,6.4,0.06,0.0,0.0,0.0,0.0,6.4
3533304,Nova Luzitânia,SP,1122,4.81,95.19,94.92,0.27,4.81,0.0,91.53,6.68,1.78,0.0,0.0,0.0,0.0,7.93
3533403,Nova Odessa,SP,22197,0.75,99.22,97.96,1.26,0.73,0.0,98.09,1.5,0.31,0.05,0.02,0.0,0.0,1.17
3533502,Novo Horizonte,SP,14750,2.13,97.84,95.08,2.77,2.12,0.01,93.94,4.98,0.86,0.18,0.01,0.0,0.0,4.76
3533601,Nuporanga,SP,2686,3.8,96.2,93.63,2.57,3.72,0.0,93.56,4.02,0.07,2.35,0.0,0.0,0.0,6.37
3533700,Ocauçu,SP,1622,3.02,96.98,96.12,0.86,2.71,0.0,85.7,13.5,0.18,0.62,0.0,0.0,0.0,2.9
3533809,Óleo,SP,973,28.26,71.74,70.91,0.82,27.75,0.0,80.06,11.61,0.41,7.91,0.0,0.0,0.0,5.34
3533908,Olímpia,SP,20418,1.05,98.9,96.68,2.22,1.02,0.0,95.58,4.05,0.19,0.12,0.0,0.0,0.0,3.15
3534005,Onda Verde,SP,1703,9.4,90.55,85.38,5.17,9.34,0.0,84.38,14.5,0.76,0.12,0.0,0.0,0.0,15.38
3534104,Oriente,SP,2202,2.82,97.09,93.69,3.41,2.63,0.0,93.46,5.5,0.18,0.73,0.14,0.0,0.0,6.22
3534203,Orindiúva,SP,2117,5.57,94.38,93.2,1.18,5.43,0.0,91.97,6.05,0.66,1.28,0.0,0.0,0.0,1.09
3534302,Orlândia,SP,13559,0.73,99.14,98.57,0.58,0.5,0.01,97.93,1.59,0.02,0.34,0.1,0.0,0.01,0.97
3534401,Osasco,SP,261473,5.01,94.65,93.72,0.94,0.44,0.01,99.6,0.22,0.01,0.01,0.0,0.0,0.02,0.09
3534500,Oscar Bressane,SP,960,5.52,94.38,83.54,10.83,4.9,0.0,83.96,12.81,0.1,2.81,0.0,0.0,0.0,15.73
3534609,Osvaldo Cruz,SP,11761,1.24,98.73,96.23,2.5,1.24,0.0,96.25,3.21,0.49,0.03,0.0,0.0,0.0,2.98
3534708,Ourinhos,SP,38002,0.76,99.21,97.86,1.35,0.66,0.02,97.54,2.04,0.18,0.15,0.0,0.01,0.02,1.99
3534757,Ouroeste,SP,4044,3.46,96.54,91.67,4.87,3.46,0.0,91.47,6.23,2.0,0.1,0.0,0.0,0.15,7.59
3534807,Ouro Verde,SP,2929,1.88,98.12,93.27,4.85,1.88,0.0,94.61,5.26,0.1,0.0,0.0,0.0,0.0,5.09
3534906,Pacaembu,SP,3834,9.34,90.58,88.97,1.62,9.31,0.0,91.73,6.99,1.12,0.1,0.0,0.0,0.0,6.36
3535002,Palestina,SP,4452,8.74,91.26,90.27,0.99,8.67,0.04,88.41,10.22,0.94,0.36,0.0,0.0,0.0,5.44
3535101,Palmares Paulista,SP,3433,1.43,98.51,98.19,0.32,1.37,0.0,97.52,2.21,0.09,0.12,0.0,0.0,0.0,1.81
3535200,Palmeira d'Oeste,SP,3535,13.07,86.93,84.19,2.74,13.04,0.0,83.39,15.08,1.5,0.0,0.03,0.0,0.0,15.05
3535309,Palmital,SP,7363,2.7,97.18,95.08,2.09,2.66,0.0,94.84,4.12,0.45,0.43,0.0,0.04,0.03,4.64
3535408,Panorama,SP,5489,3.37,96.61,91.33,5.28,3.3,0.02,96.23,3.33,0.44,0.0,0.0,0.0,0.0,3.15
3535507,Paraguaçu Paulista,SP,14825,3.12,96.84,93.51,3.33,3.07,0.0,92.61,6.08,0.5,0.61,0.0,0.01,0.01,7.06
3535606,Paraibuna,SP,6628,34.91,64.83,40.15,24.68,22.95,0.02,62.4,10.43,7.08,19.63,0.03,0.08,0.24,35.27
3535705,Paraíso,SP,2268,4.85,95.11,88.4,6.7,4.63,0.0,86.02,13.67,0.31,0.0,0.0,0.0,0.0,12.52
3535804,Paranapanema,SP,6843,21.5,78.4,71.31,7.09,21.2,0.01,81.48,10.58,3.93,3.36,0.01,0.06,0.44,16.92
3535903,Paranapuã,SP,1531,4.51,95.43,93.01,2.42,4.51,0.0,91.7,7.97,0.33,0.0,0.0,0.0,0.0,6.53
3536000,Parapuã,SP,4102,5.19,94.69,88.71,5.97,5.14,0.0,87.49,11.38,0.9,0.07,0.0,0.0,0.0,9.61
3536109,Pardinho,SP,2504,11.7,88.3,76.92,11.38,11.66,0.0,75.16,16.77,2.04,5.99,0.0,0.0,0.04,12.58
3536208,Pariquera-Açu,SP,6871,12.71,87.06,70.18,16.88,11.0,0.04,75.35,8.73,14.06,1.5,0.01,0.03,0.09,24.1
3536257,Parisi,SP,1108,10.83,89.17,87.73,1.44,10.83,0.0,88.0,10.74,1.26,0.0,0.0,0.0,0.0,12.0
3536307,Patrocínio Paulista,SP,5023,1.27,98.71,83.34,15.37,1.0,0.02,84.27,8.54,0.82,6.29,0.0,0.0,0.08,12.1
3536406,Paulicéia,SP,2930,25.9,74.03,49.22,24.81,25.77,0.0,89.04,10.2,0.55,0.14,0.0,0.0,0.0,9.25
3536505,Paulínia,SP,37896,2.14,97.79,96.83,0.96,0.59,0.01,99.19,0.28,0.39,0.04,0.06,0.01,0.0,0.61
3536570,Paulistânia,SP,766,12.79,87.21,68.15,19.06,12.53,0.0,69.19,26.76,0.39,3.52,0.0,0.0,0.0,15.8
3536604,Paulo de Faria,SP,2916,2.37,97.63,91.39,6.24,2.19,0.03,91.12,6.24,1.2,1.23,0.0,0.0,0.03,8.54
3536703,Pederneiras,SP,15611,3.95,96.02,91.67,4.35,3.84,0.0,92.14,5.68,1.24,0.8,0.01,0.05,0.03,7.66
3536802,Pedra Bela,SP,2462,69.46,30.42,19.98,10.44,55.77,0.0,24.9,18.16,36.96,19.13,0.04,0.08,0.69,74.25
3536901,Pedranópolis,SP,1052,22.34,77.66,61.12,16.54,22.24,0.0,63.59,29.09,7.13,0.19,0.0,0.0,0.0,32.89
3537008,Pedregulho,SP,5570,10.25,89.66,83.99,5.67,9.82,0.0,83.27,7.45,1.22,5.85,0.05,0.02,2.12,16.12
3537107,Pedreira,SP,15759,1.97,97.96,96.5,1.46,1.47,0.0,96.87,1.68,0.09,0.96,0.39,0.01,0.01,2.27
3537156,Pedrinhas Paulista,SP,1063,8.28,91.72,88.05,3.67,8.28,0.0,86.45,9.13,4.05,0.38,0.0,0.0,0.0,11.85
3537206,Pedro de Toledo,SP,3945,20.2,79.67,60.61,19.06,19.44,0.0,72.98,5.45,3.24,17.72,0.05,0.08,0.3,25.4
3537305,Penápolis,SP,23212,2.41,97.58,95.96,1.62,2.4,0.0,95.92,3.74,0.29,0.04,0.0,0.0,0.0,3.0
3537404,Pereira Barreto,SP,9238,4.71,95.29,92.52,2.77,4.68,0.02,92.84,6.83,0.17,0.0,0.12,0.01,0.01,6.88
3537503,Pereiras,SP,3111,6.56,93.38,70.01,23.37,6.4,0.0,79.3,11.99,7.88,0.19,0.16,0.03,0.16,17.07
3537602,Peruíbe,SP,25016,4.65,95.21,73.51,21.7,3.23,0.03,93.83,2.34,0.58,1.79,0.08,0.03,0.01,5.4
3537701,Piacatu,SP,2081,6.73,93.27,92.7,0.58,6.73,0.0,92.55,6.87,0.43,0.14,0.0,0.0,0.0,6.68
3537800,Piedade,SP,19056,44.0,55.8,39.11,16.69,39.85,0.04,57.5,8.26,25.22,7.91,0.62,0.06,0.12,37.78
3537909,Pilar do Sul,SP,9571,23.05,76.88,68.07,8.81,22.84,0.02,82.44,5.27,8.49,3.1,0.38,0.0,0.23,16.07
3538006,Pindamonhangaba,SP,57994,1.86,98.1,95.23,2.87,1.69,0.01,97.34,0.85,0.66,1.04,0.04,0.01,0.01,2.41
3538105,Pindorama,SP,5459,1.06,98.88,95.48,3.41,0.9,0.0,94.3,5.2,0.44,0.02,0.0,0.0,0.0,4.52
3538204,Pinhalzinho,SP,5652,36.8,63.15,47.95,15.2,34.73,0.02,55.68,20.28,21.23,2.57,0.02,0.0,0.05,43.28
3538303,Piquerobi,SP,1284,14.41,85.59,84.35,1.25,14.41,0.0,84.58,14.02,0.47,0.16,0.0,0.0,0.0,14.8
3538501,Piquete,SP,4570,17.96,81.99,74.44,7.55,2.25,0.02,91.82,1.58,1.2,5.16,0.0,0.0,0.2,7.31
3538600,Piracaia,SP,9524,11.12,88.67,71.97,16.71,8.31,0.01,82.8,6.24,5.39,5.37,0.0,0.04,0.06,14.38
3538709,Piracicaba,SP,155428,1.07,98.81,97.02,1.79,0.68,0.01,98.67,0.54,0.25,0.15,0.01,0.01,0.02,0.7
3538808,Piraju,SP,11021,5.97,94.01,91.87,2.14,5.6,0.0,92.7,4.07,0.15,2.98,0.0,0.0,0.06,3.72
3538907,Pirajuí,SP,7484,1.76,98.22,96.07,2.15,1.0,0.0,93.96,4.93,0.19,0.84,0.0,0.0,0.04,3.62
3539004,Pirangi,SP,4028,7.03,92.95,92.8,0.15,6.98,0.0,91.96,7.99,0.05,0.0,0.0,0.0,0.0,0.05
3539103,Pirapora do Bom Jesus,SP,6100,25.66,74.18,70.7,3.48,13.79,0.0,92.08,2.43,0.97,1.43,2.66,0.02,0.1,6.98
3539202,Pirapozinho,SP,9237,3.8,96.14,92.72,3.41,3.72,0.02,95.43,4.04,0.3,0.15,0.0,0.0,0.02,3.95
3539301,Pirassununga,SP,27609,1.93,97.95,95.94,2.01,1.87,0.0,96.11,0.97,1.77,1.04,0.02,0.0,0.01,3.74
3539400,Piratininga,SP,5246,8.04,91.94,76.13,15.8,7.99,0.0,76.73,21.81,0.23,1.07,0.0,0.02,0.04,9.4
3539509,Pitangueiras,SP,11906,3.01,96.97,96.38,0.59,2.55,0.01,96.23,2.69,1.0,0.06,0.01,0.0,0.0,3.17
3539608,Planalto,SP,1645,9.91,90.09,89.36,0.73,9.91,0.0,87.9,11.79,0.24,0.06,0.0,0.0,0.0,10.94
3539707,Platina,SP,1133,5.83,94.09,84.64,9.44,5.83,0.0,82.97,15.36,0.62,0.97,0.09,0.0,0.0,14.83
3539806,Poá,SP,35377,2.57,97.28,96.76,0.52,1.3,0.0,99.07,0.23,0.04,0.01,0.0,0.0,0.0,0.7
3539905,Poloni,SP,2168,4.24,95.76,92.3,3.46,4.24,0.0,91.19,8.58,0.23,0.0,0.0,0.0,0.0,7.93
3540002,Pompéia,SP,7313,1.72,98.19,97.03,1.16,1.65,0.0,95.65,3.71,0.23,0.36,0.0,0.0,0.0,2.17
3540101,Pongaí,SP,1363,9.76,90.24,88.04,2.2,9.54,0.0,87.31,7.34,4.04,1.25,0.0,0.0,0.0,11.89
3540200,Pontal,SP,13115,0.33,99.65,99.03,0.62,0.28,0.01,98.67,1.24,0.07,0.0,0.01,0.0,0.01,0.26
3540259,Pontalinda,SP,1549,10.91,89.09,83.8,5.29,10.72,0.0,84.31,15.04,0.39,0.26,0.0,0.0,0.0,15.17
3540309,Pontes Gestal,SP,957,7.31,92.69,91.54,1.15,7.31,0.0,91.12,6.37,1.67,0.63,0.1,0.0,0.0,8.57
3540408,Populina,SP,1614,2.73,97.27,88.04,9.23,2.73,0.0,87.73,10.47,1.73,0.06,0.0,0.0,0.0,11.83
3540507,Porangaba,SP,3923,24.45,75.48,49.6,25.87,24.27,0.0,81.06,10.12,5.63,0.61,2.09,0.05,0.18,14.38
3540606,Porto Feliz,SP,18661,8.39,91.53,85.28,6.25,8.04,0.01,86.93,10.57,1.16,1.13,0.03,0.01,0.04,10.55
3540705,Porto Ferreira,SP,19049,1.52,98.43,96.99,1.44,0.93,0.01,98.29,1.08,0.24,0.32,0.0,0.0,0.02,1.32
3540754,Potim,SP,5742,0.8,99.09,98.87,0.23,0.8,0.0,97.63,1.88,0.38,0.03,0.0,0.0,0.0,1.32
3540804,Potirendaba,SP,6808,5.64,94.33,91.19,3.14,5.45,0.0,91.07,8.65,0.13,0.07,0.07,0.0,0.0,7.95
3540853,Pracinha,SP,541,1.11,98.89,92.79,6.1,1.11,0.0,93.16,4.81,1.48,0.0,0.0,0.0,0.0,5.55
3540903,Pradópolis,SP,5865,6.02,93.98,92.96,1.02,5.78,0.0,97.03,2.51,0.24,0.12,0.05,0.0,0.05,0.94
3541000,Praia Grande,SP,130046,0.99,98.88,97.85,1.03,0.2,0.02,99.52,0.02,0.01,0.16,0.01,0.01,0.03,0.37
3541059,Pratânia,SP,1750,4.63,95.31,91.14,4.17,4.51,0.0,85.71,10.86,1.26,2.17,0.0,0.0,0.0,13.83
3541109,Presidente Alves,SP,1447,7.33,92.67,87.98,4.7,6.91,0.0,87.21,11.61,0.28,0.9,0.0,0.0,0.0,12.09
3541208,Presidente Bernardes,SP,4771,17.4,82.56,75.43,7.13,15.11,0.02,78.56,18.84,1.38,1.17,0.0,0.0,0.0,20.77
3541307,Presidente Epitácio,SP,15043,5.81,94.12,86.71,7.41,5.78,0.01,93.11,5.68,1.15,0.01,0.01,0.0,0.0,5.05
3541406,Presidente Prudente,SP,85268,0.67,99.27,98.03,1.25,0.59,0.01,97.96,1.82,0.11,0.05,0.0,0.0,0.01,1.87
3541505,Presidente Venceslau,SP,13692,2.58,97.41,94.79,2.61,2.55,0.01,95.36,4.31,0.15,0.07,0.0,0.0,0.01,4.32
3541604,Promissão,SP,12865,4.37,95.62,87.46,8.15,4.35,0.01,84.11,13.31,2.46,0.06,0.0,0.0,0.02,9.85
3541653,Quadra,SP,1195,55.9,43.93,34.31,9.62,55.4,0.0,55.23,31.21,10.38,0.67,2.09,0.25,0.08,34.14
3541703,Quatá,SP,4827,2.63,97.37,95.59,1.78,2.59,0.0,95.63,3.69,0.33,0.27,0.0,0.02,0.06,4.12
3541802,Queiroz,SP,1225,8.41,91.59,90.78,0.82,8.41,0.0,90.12,8.57,0.33,0.16,0.0,0.0,0.0,8.24
3541901,Queluz,SP,3249,10.06,89.9,84.24,5.66,3.29,0.0,88.89,2.19,0.34,6.89,0.0,0.06,1.57,9.54
3542008,Quintana,SP,2520,2.86,97.14,93.93,3.21,2.78,0.0,94.56,4.56,0.16,0.67,0.0,0.04,0.0,4.56
3542107,Rafard,SP,3101,5.16,94.84,93.61,1.23,3.13,0.0,91.94,6.87,0.42,0.68,0.0,0.0,0.06,6.48
3542206,Rancharia,SP,10746,5.95,94.0,90.82,3.17,5.9,0.01,90.35,8.11,0.61,0.8,0.04,0.01,0.03,7.68
3542305,Redenção da Serra,SP,1680,50.6,49.29,37.32,11.96,44.29,0.06,42.92,14.82,9.17,32.2,0.0,0.12,0.6,53.04
3542404,Regente Feijó,SP,7519,3.44,96.54,91.36,5.19,3.43,0.0,91.99,7.17,0.24,0.52,0.0,0.01,0.0,7.77
3542503,Reginópolis,SP,2142,3.36,96.64,93.84,2.8,2.47,0.0,90.29,7.98,0.51,1.17,0.0,0.0,0.0,5.09
3542602,Registro,SP,21368,5.11,94.73,84.85,9.88,2.91,0.01,88.88,2.63,7.25,0.92,0.0,0.01,0.14,10.62
3542701,Restinga,SP,2183,11.82,88.04,83.46,4.58,11.64,0.0,82.5,9.48,0.32,6.69,0.92,0.0,0.05,10.54
3542800,Ribeira,SP,1163,42.05,57.35,36.54,20.81,38.69,0.52,69.05,0.0,0.09,25.62,0.09,0.0,5.16,30.61
3542909,Ribeirão Bonito,SP,4036,1.93,98.07,94.23,3.84,1.71,0.0,93.19,5.35,0.47,0.97,0.0,0.0,0.0,4.76
3543006,Ribeirão Branco,SP,6565,34.12,65.7,60.46,5.24,29.61,0.03,74.12,6.05,3.67,16.01,0.03,0.0,0.11,18.14
3543105,Ribeirão Corrente,SP,1584,13.89,85.92,81.38,4.55,13.83,0.0,80.05,13.64,0.82,5.37,0.0,0.0,0.06,19.57
3543204,Ribeirão do Sul,SP,1736,11.35,88.59,73.21,15.38,10.89,0.0,68.89,25.63,3.74,1.61,0.0,0.0,0.06,22.12
3543238,Ribeirão dos Índios,SP,816,9.93,90.07,87.5,2.57,9.8,0.0,88.85,10.05,0.74,0.37,0.0,0.0,0.0,11.03
3543253,Ribeirão Grande,SP,2673,35.35,64.57,41.26,23.31,33.97,0.0,81.67,6.02,3.93,7.93,0.04,0.0,0.37,16.2
3543303,Ribeirão Pires,SP,41451,6.01,93.53,88.49,5.04,1.49,0.0,96.95,1.67,0.87,0.3,0.05,0.01,0.03,2.22
3543402,Ribeirão Preto,SP,265935,0.93,99.02,98.26,0.76,0.77,0.01,99.17,0.56,0.04,0.05,0.0,0.01,0.0,0.44
3543501,Riversul,SP,2115,21.89,77.83,73.48,4.35,20.95,0.05,78.2,5.48,1.56,14.52,0.05,0.05,0.0,21.37
3543600,Rifaina,SP,1455,1.99,98.01,87.35,10.65,1.79,0.07,86.25,10.1,0.69,2.61,0.0,0.0,0.27,12.23
3543709,Rincão,SP,3319,6.45,93.43,89.48,3.95,6.12,0.0,91.99,7.11,0.63,0.15,0.03,0.0,0.0,6.93
3543808,Rinópolis,SP,3498,5.32,94.65,92.42,2.23,5.2,0.0,90.74,7.38,1.29,0.57,0.0,0.0,0.0,2.09
3543907,Rio Claro,SP,74084,1.23,98.71,97.56,1.16,1.13,0.0,98.42,0.61,0.41,0.32,0.02,0.02,0.01,1.25
3544004,Rio das Pedras,SP,10674,1.41,98.58,94.02,4.55,1.1,0.0,94.52,3.54,1.47,0.43,0.03,0.0,0.0,3.8
3544103,Rio Grande da Serra,SP,15740,10.27,87.92,82.02,5.9,3.79,0.0,96.53,1.45,1.13,0.58,0.01,0.01,0.03,2.69
3544202,Riolândia,SP,3005,5.39,94.51,93.94,0.57,5.29,0.0,93.84,4.26,0.63,1.2,0.0,0.0,0.0,5.86
3544251,Rosana,SP,6534,16.24,83.69,77.15,6.54,16.13,0.02,79.35,11.72,7.09,0.12,0.99,0.02,0.58,19.61
3544301,Roseira,SP,3637,3.11,96.89,87.79,9.1,2.67,0.0,88.67,7.34,1.7,2.23,0.0,0.0,0.03,10.97
3544400,Rubiácea,SP,1000,8.0,91.9,90.5,1.4,7.9,0.0,90.0,9.7,0.3,0.0,0.0,0.0,0.0,9.4
3544509,Rubinéia,SP,1501,0.27,99.73,76.28,23.45,0.27,0.0,85.54,13.39,0.87,0.0,0.0,0.0,0.0,11.39
3544608,Sabino,SP,2035,2.41,97.59,88.16,9.43,2.41,0.0,89.24,8.4,2.36,0.0,0.0,0.0,0.0,7.42
3544707,Sagres,SP,917,10.91,88.99,80.04,8.94,10.91,0.0,82.99,15.16,1.31,0.55,0.0,0.0,0.0,12.0
3544806,Sales,SP,2474,2.67,97.17,90.26,6.91,2.63,0.0,89.57,10.02,0.28,0.12,0.0,0.0,0.0,7.44
3544905,Sales Oliveira,SP,4096,4.37,95.63,94.43,1.2,4.2,0.0,94.95,3.54,0.24,1.22,0.02,0.0,0.0,1.17
3545001,Salesópolis,SP,5397,22.81,76.41,56.16,20.25,20.72,0.0,61.44,7.37,19.16,11.58,0.07,0.04,0.13,37.85
3545100,Salmourão,SP,1798,3.67,96.22,92.83,3.39,3.62,0.0,92.71,7.06,0.11,0.11,0.0,0.0,0.0,6.56
3545159,Saltinho,SP,2915,11.11,88.82,83.67,5.15,10.53,0.0,84.05,6.14,8.89,0.69,0.21,0.0,0.0,14.82
3545209,Salto,SP,46795,1.59,98.39,94.14,4.25,1.47,0.0,96.87,2.13,0.56,0.11,0.05,0.03,0.21,2.25
3545308,Salto de Pirapora,SP,15302,9.94,89.96,77.41,12.55,9.73,0.0,96.2,1.98,1.3,0.45,0.01,0.01,0.0,3.4
3545407,Salto Grande,SP,3354,18.72,81.16,73.49,7.66,18.04,0.06,91.62,6.98,0.6,0.48,0.0,0.0,0.12,5.69
3545506,Sandovalina,SP,1219,25.18,74.82,72.93,1.89,24.86,0.0,72.68,22.97,2.54,1.56,0.0,0.0,0.08,27.24
3545605,Santa Adélia,SP,5249,3.39,96.59,96.23,0.36,3.3,0.02,94.84,4.86,0.23,0.06,0.0,0.0,0.0,1.77
3545704,Santa Albertina,SP,2569,8.99,90.89,86.84,4.05,8.76,0.0,87.19,11.21,1.4,0.16,0.04,0.0,0.0,10.35
3545803,Santa Bárbara d'Oeste,SP,66074,0.44,99.54,99.05,0.48,0.4,0.0,99.43,0.36,0.11,0.06,0.0,0.0,0.0,0.37
3546009,Santa Branca,SP,5161,18.45,81.28,65.24,16.04,12.96,0.0,71.56,8.33,11.84,6.37,1.28,0.25,0.31,27.71
3546108,Santa Clara d'Oeste,SP,949,0.21,99.79,79.14,20.65,0.21,0.0,80.08,19.92,0.0,0.0,0.0,0.0,0.0,19.7
3546207,Santa Cruz da Conceição,SP,1631,13.49,86.45,79.15,7.3,13.43,0.0,82.46,9.07,5.46,2.7,0.06,0.0,0.18,13.98
3546256,Santa Cruz da Esperança,SP,768,2.6,97.27,82.03,15.23,1.95,0.0,71.35,19.53,1.17,7.55,0.0,0.0,0.0,14.84
3546306,Santa Cruz das Palmeiras,SP,10419,1.55,98.4,97.42,0.98,1.2,0.0,96.88,1.57,0.12,1.25,0.0,0.01,0.12,1.76
3546405,Santa Cruz do Rio Pardo,SP,16715,5.25,94.69,91.91,2.78,5.09,0.01,92.89,5.16,0.31,1.59,0.01,0.0,0.0,6.8
3546504,Santa Ernestina,SP,2204,0.54,99.32,96.64,2.68,0.27,0.0,95.78,3.54,0.41,0.18,0.05,0.0,0.0,3.68
3546603,Santa Fé do Sul,SP,13404,2.72,97.25,95.81,1.45,2.68,0.0,95.62,3.73,0.61,0.01,0.0,0.0,0.0,3.83
3546702,Santa Gertrudes,SP,8141,0.9,99.08,98.58,0.5,0.82,0.0,98.48,0.97,0.12,0.31,0.11,0.0,0.01,1.36
3546801,Santa Isabel,SP,18733,29.2,70.59,53.5,17.09,23.21,0.01,71.75,8.47,14.99,3.54,0.41,0.04,0.65,26.52
3546900,Santa Lúcia,SP,2463,0.45,99.39,98.25,1.14,0.08,0.0,92.69,6.33,0.2,0.73,0.0,0.0,0.0,1.34
3547007,Santa Maria da Serra,SP,1854,3.07,96.93,91.1,5.83,3.02,0.05,89.86,7.61,0.54,2.0,0.0,0.0,0.0,6.74
3547106,Santa Mercedes,SP,1142,5.25,94.75,78.37,16.37,5.17,0.0,91.59,7.97,0.09,0.0,0.18,0.0,0.0,8.14
3547205,Santana da Ponte Pensa,SP,667,11.99,88.01,77.06,10.94,11.99,0.0,77.06,22.04,0.9,0.0,0.0,0.0,0.0,22.34
3547304,Santana de Parnaíba,SP,52312,12.99,86.95,75.03,11.92,10.62,0.0,94.85,2.25,1.26,0.32,1.22,0.02,0.02,4.59
3547403,Santa Rita d'Oeste,SP,1089,13.22,86.5,76.49,10.01,13.22,0.0,79.52,18.46,1.74,0.28,0.0,0.0,0.0,20.11
3547502,Santa Rita do Passa Quatro,SP,9468,3.96,95.98,92.57,3.4,3.6,0.01,93.24,2.59,0.53,3.63,0.0,0.0,0.0,6.36
3547601,Santa Rosa de Viterbo,SP,8597,0.55,99.29,97.21,2.08,0.49,0.0,96.63,2.75,0.06,0.42,0.0,0.01,0.08,2.95
3547650,Santa Salete,SP,646,19.81,80.19,74.3,5.88,19.81,0.0,75.39,22.91,1.55,0.15,0.0,0.0,0.0,24.46
3547700,Santo Anastácio,SP,6888,3.11,96.85,92.93,3.92,3.06,0.01,93.32,5.26,0.81,0.16,0.22,0.0,0.03,5.87
3547809,Santo André,SP,280389,2.15,97.68,96.68,1.0,0.75,0.03,99.02,0.27,0.21,0.08,0.19,0.0,0.01,0.64
3547908,Santo Antônio da Alegria,SP,2566,15.47,84.49,79.93,4.56,15.35,0.0,80.55,7.91,2.65,8.81,0.0,0.0,0.04,18.16
3548005,Santo Antônio de Posse,SP,7986,2.54,97.35,82.82,14.53,2.19,0.03,91.61,6.11,1.19,0.85,0.04,0.05,0.0,7.0
3548054,Santo Antônio do Aracanguá,SP,3141,12.0,87.97,72.4,15.57,11.94,0.0,72.05,26.33,1.02,0.57,0.0,0.0,0.0,26.62
3548104,Santo Antônio do Jardim,SP,2146,24.84,74.93,65.28,9.65,22.32,0.0,64.54,12.26,5.73,17.33,0.0,0.0,0.05,35.04
3548203,Santo Antônio do Pinhal,SP,2606,24.48,74.79,40.25,34.54,14.39,0.04,53.26,7.94,1.69,36.95,0.0,0.04,0.08,43.82
3548302,Santo Expedito,SP,1194,4.44,95.48,88.94,6.53,4.27,0.0,92.63,6.87,0.17,0.0,0.17,0.0,0.0,4.19
3548401,Santópolis do Aguapeí,SP,1470,0.07,99.86,98.23,1.63,0.07,0.0,96.19,3.13,0.54,0.14,0.0,0.0,0.0,2.52
3548500,Santos,SP,167478,3.05,96.79,96.29,0.5,0.28,0.01,99.16,0.4,0.04,0.22,0.01,0.01,0.01,0.46
3548609,São Bento do Sapucaí,SP,4289,22.34,77.55,53.23,24.32,8.39,0.0,67.2,0.96,0.33,31.38,0.05,0.0,0.09,29.89
3548708,São Bernardo do Campo,SP,300683,3.62,96.26,93.86,2.4,1.04,0.01,98.8,0.54,0.29,0.05,0.16,0.01,0.03,0.81
3548807,São Caetano do Sul,SP,61995,0.02,99.95,99.95,0.01,0.01,0.0,99.77,0.18,0.0,0.0,0.0,0.02,0.0,0.01
3548906,São Carlos,SP,96622,1.07,98.89,96.68,2.21,0.99,0.01,96.63,2.48,0.28,0.29,0.07,0.01,0.02,2.37
3549003,São Francisco,SP,1044,9.29,90.33,82.18,8.14,9.29,0.0,81.32,17.34,1.15,0.1,0.0,0.0,0.1,16.76
3549102,São João da Boa Vista,SP,34670,2.97,96.96,95.4,1.55,2.71,0.0,95.23,2.16,0.44,2.09,0.0,0.0,0.01,3.42
3549201,São João das Duas Pontes,SP,980,6.63,93.27,89.69,3.57,6.53,0.0,85.2,14.18,0.51,0.1,0.0,0.0,0.0,14.18
3549250,São João de Iracema,SP,687,13.54,86.46,83.11,3.35,13.54,0.0,84.86,11.06,3.78,0.29,0.0,0.0,0.0,14.99
3549300,São João do Pau d'Alho,SP,925,0.54,99.46,88.11,11.35,0.54,0.0,89.19,10.49,0.11,0.22,0.0,0.0,0.0,9.62
3549409,São Joaquim da Barra,SP,17407,1.17,98.78,97.95,0.83,0.79,0.0,96.19,2.88,0.13,0.47,0.0,0.03,0.16,1.56
3549508,São José da Bela Vista,SP,2667,4.87,95.13,90.7,4.42,4.69,0.0,80.73,15.67,0.37,3.15,0.0,0.0,0.04,16.87
3549607,São José do Barreiro,SP,1446,29.25,70.61,63.0,7.61,18.81,0.0,73.58,1.73,0.83,23.58,0.0,0.0,0.28,25.93
3549706,São José do Rio Pardo,SP,18754,8.58,91.15,88.54,2.62,4.29,0.0,91.54,3.06,0.49,4.79,0.01,0.03,0.02,6.75
3549805,São José do Rio Preto,SP,185633,1.81,98.17,95.42,2.74,1.79,0.0,89.73,9.89,0.19,0.11,0.02,0.0,0.03,3.5
3549904,São José dos Campos,SP,247894,2.46,97.46,95.86,1.6,1.99,0.0,97.3,1.15,0.38,0.75,0.27,0.01,0.01,2.02
3549953,São Lourenço da Serra,SP,5841,28.56,70.98,42.95,28.03,26.49,0.02,58.89,16.97,13.78,9.38,0.09,0.27,0.15,37.82
3550001,São Luiz do Paraitinga,SP,4165,31.43,68.31,53.35,14.96,26.96,0.0,56.06,5.4,10.68,27.68,0.0,0.07,0.0,43.22
3550100,São Manuel,SP,13529,2.54,97.4,94.8,2.6,2.03,0.02,95.98,2.17,0.3,1.51,0.0,0.01,0.0,2.85
3550209,São Miguel Arcanjo,SP,11243,33.43,66.46,59.39,7.07,33.22,0.01,73.47,9.53,12.29,4.47,0.0,0.01,0.18,25.03
3550308,São Paulo,SP,4307665,3.65,96.08,95.23,0.86,0.58,0.01,99.15,0.25,0.12,0.03,0.01,0.01,0.02,0.53
3550407,São Pedro,SP,13923,3.66,96.3,85.81,10.49,3.58,0.01,91.01,4.8,2.72,1.33,0.06,0.01,0.03,5.42
3550506,São Pedro do Turvo,SP,2609,17.55,82.45,76.43,6.02,17.09,0.0,76.16,14.72,1.42,7.67,0.0,0.0,0.0,22.31
3550605,São Roque,SP,28469,21.15,78.72,63.84,14.89,17.95,0.01,81.48,6.55,9.61,1.56,0.48,0.03,0.12,16.37
3550704,São Sebastião,SP,28979,9.66,89.8,64.26,25.54,7.43,0.01,69.02,1.96,0.24,22.61,0.02,0.03,5.85,28.18
3550803,São Sebastião da Grama,SP,3862,7.33,92.41,90.42,1.99,5.39,0.0,85.5,2.33,0.57,11.6,0.0,0.0,0.0,9.76
3550902,São Simão,SP,4878,4.92,95.0,91.08,3.92,4.86,0.02,90.67,5.97,0.12,2.83,0.27,0.0,0.0,8.53
3551009,São Vicente,SP,119683,5.08,94.53,92.13,2.4,0.68,0.01,98.39,0.22,0.01,0.17,0.02,0.01,0.08,0.98
3551108,Sarapuí,SP,3710,27.49,72.45,58.6,13.85,26.93,0.03,85.31,5.58,4.58,3.21,0.13,0.03,0.11,12.72
3551207,Sarutaiá,SP,1362,10.5,89.43,88.03,1.4,9.32,0.0,91.92,2.57,0.66,4.77,0.0,0.0,0.0,5.58
3551306,Sebastianópolis do Sul,SP,1249,10.97,89.03,85.59,3.44,10.97,0.0,83.43,16.41,0.0,0.16,0.0,0.0,0.0,14.73
3551405,Serra Azul,SP,3092,6.05,93.82,87.13,6.69,5.92,0.03,87.03,9.18,2.2,1.52,0.0,0.0,0.06,10.41
3551504,Serrana,SP,14890,0.52,99.46,98.76,0.7,0.38,0.0,98.8,1.03,0.05,0.09,0.02,0.0,0.0,0.94
3551603,Serra Negra,SP,11182,5.0,94.94,74.03,20.91,4.1,0.01,82.41,7.15,1.48,8.75,0.17,0.0,0.02,13.44
3551702,Sertãozinho,SP,45875,0.42,99.55,99.29,0.26,0.3,0.0,98.97,0.65,0.24,0.12,0.0,0.0,0.0,0.66
3551801,Sete Barras,SP,4483,14.57,85.08,57.1,27.97,9.41,0.13,66.09,5.13,14.1,13.85,0.07,0.0,0.54,32.41
3551900,Severínia,SP,5058,1.5,98.4,98.06,0.34,1.25,0.04,95.67,4.25,0.02,0.02,0.0,0.0,0.0,1.29
3552007,Silveiras,SP,2230,39.87,60.0,52.6,7.4,23.09,0.0,56.14,4.3,2.96,35.78,0.0,0.0,0.67,41.43
3552106,Socorro,SP,15115,25.11,74.57,58.04,16.53,19.33,0.0,60.73,12.53,13.25,13.27,0.01,0.04,0.06,36.54
3552205,Sorocaba,SP,261545,1.29,98.66,97.28,1.38,0.86,0.01,98.63,0.65,0.2,0.06,0.05,0.01,0.01,0.93
3552304,Sud Mennucci,SP,2810,8.75,91.25,87.58,3.67,8.72,0.0,86.55,12.7,0.57,0.18,0.0,0.0,0.0,11.78
3552403,Sumaré,SP,98547,5.1,94.68,94.01,0.67,2.52,0.01,96.41,1.8,0.9,0.11,0.66,0.0,0.04,2.77
3552502,Suzano,SP,105752,5.41,94.4,89.76,4.64,3.3,0.01,94.85,2.17,1.6,0.22,0.28,0.01,0.01,4.42
3552551,Suzanápolis,SP,1279,13.84,86.16,82.8,3.36,13.84,0.0,79.98,19.16,0.31,0.0,0.0,0.0,0.08,17.12
3552601,Tabapuã,SP,4336,3.44,96.54,93.24,3.3,3.3,0.02,92.39,7.52,0.07,0.02,0.0,0.0,0.0,4.64
3552700,Tabatinga,SP,5519,4.26,95.62,94.06,1.56,2.97,0.0,91.03,4.53,3.88,0.42,0.0,0.0,0.0,7.81
3552809,Taboão da Serra,SP,99423,2.37,97.56,96.54,1.02,0.49,0.0,99.34,0.17,0.03,0.14,0.06,0.0,0.03,0.34
3552908,Taciba,SP,2323,5.34,94.45,90.83,3.62,5.21,0.0,85.36,11.41,0.26,2.93,0.0,0.04,0.0,14.33
3553005,Taguaí,SP,4353,6.46,92.97,89.96,3.01,6.39,0.0,89.48,2.66,1.52,6.02,0.07,0.0,0.07,9.99
3553104,Taiaçu,SP,2086,4.79,95.16,93.38,1.77,4.6,0.05,93.58,6.04,0.24,0.14,0.0,0.0,0.0,6.38
3553203,Taiúva,SP,2093,5.45,94.55,94.12,0.43,5.45,0.0,93.74,5.92,0.24,0.1,0.0,0.0,0.0,2.91
3553302,Tambaú,SP,7621,4.66,95.32,90.67,4.65,4.49,0.01,93.28,3.66,0.73,2.23,0.04,0.0,0.04,6.53
3553401,Tanabi,SP,9549,4.33,95.62,90.64,4.98,4.23,0.0,89.7,9.55,0.48,0.23,0.0,0.0,0.01,7.94
3553500,Tapiraí,SP,2812,26.71,73.04,62.02,11.02,24.36,0.82,65.26,5.05,8.64,20.55,0.0,0.11,0.21,31.15
3553609,Tapiratiba,SP,4205,2.57,97.38,91.08,6.3,1.74,0.0,91.25,2.71,0.83,4.97,0.0,0.0,0.12,6.94
3553658,Taquaral,SP,949,3.27,96.73,96.21,0.53,3.06,0.0,96.0,3.48,0.42,0.0,0.11,0.0,0.0,3.69
3553708,Taquaritinga,SP,19812,3.24,96.73,96.1,0.63,2.87,0.01,95.57,3.52,0.71,0.16,0.01,0.0,0.01,3.9
3553807,Taquarituba,SP,8369,7.31,92.62,88.12,4.49,6.85,0.01,89.1,2.83,1.59,6.44,0.0,0.0,0.0,9.26
3553856,Taquarivaí,SP,2332,46.44,53.43,43.44,9.99,46.4,0.04,78.43,11.11,2.92,6.6,0.13,0.0,0.04,20.41
3553906,Tarabai,SP,2321,3.45,96.51,91.21,5.3,3.27,0.0,91.81,7.8,0.22,0.04,0.0,0.0,0.0,8.06
3553955,Tarumã,SP,5231,2.37,97.63,96.08,1.55,2.37,0.0,96.06,3.1,0.54,0.25,0.0,0.0,0.04,3.8
3554003,Tatuí,SP,44201,3.15,96.79,89.58,7.21,2.8,0.01,94.73,4.34,0.51,0.29,0.0,0.0,0.06,4.18
3554102,Taubaté,SP,112842,1.9,97.97,95.44,2.53,1.66,0.01,97.19,1.18,0.73,0.81,0.01,0.01,0.01,2.54
3554201,Tejupá,SP,1434,31.03,67.15,61.72,5.44,17.09,0.0,70.92,11.3,0.49,17.09,0.14,0.0,0.07,27.82
3554300,Teodoro Sampaio,SP,8104,10.11,89.89,85.24,4.65,9.95,0.01,87.03,9.38,3.21,0.1,0.12,0.01,0.01,11.82
3554409,Terra Roxa,SP,2927,2.87,96.86,96.79,0.07,2.7,0.0,86.54,9.02,4.0,0.44,0.0,0.0,0.0,6.39
3554508,Tietê,SP,13834,1.79,98.2,89.37,8.83,1.71,0.0,92.58,5.88,0.79,0.67,0.05,0.0,0.02,6.63
3554607,Timburi,SP,975,13.85,86.05,76.92,9.13,13.23,0.0,77.95,3.9,0.1,17.74,0.0,0.21,0.0,18.26
3554656,Torre de Pedra,SP,814,6.14,93.49,73.59,19.9,5.41,0.0,89.31,1.6,1.97,5.77,0.37,0.0,0.0,6.14
3554706,Torrinha,SP,3418,5.47,94.35,88.41,5.94,5.35,0.03,87.45,8.69,0.79,2.52,0.0,0.0,0.38,10.94
3554755,Trabiju,SP,598,1.34,98.66,91.14,7.53,1.17,0.0,92.14,6.35,0.0,1.51,0.0,0.0,0.0,7.36
3554805,Tremembé,SP,15160,5.23,94.67,90.98,3.69,4.54,0.02,95.13,0.87,3.11,0.58,0.0,0.01,0.16,4.45
3554904,Três Fronteiras,SP,2587,4.1,95.9,91.69,4.21,4.06,0.0,90.95,7.96,1.08,0.0,0.0,0.0,0.0,8.19
3554953,Tuiuti,SP,2527,4.35,95.57,30.35,65.22,4.04,0.0,51.64,34.98,9.14,4.12,0.0,0.0,0.04,21.05
3555000,Tupã,SP,24073,2.66,97.32,94.37,2.95,2.63,0.0,93.83,5.6,0.37,0.17,0.0,0.0,0.01,5.69
3555109,Tupi Paulista,SP,5573,6.62,93.36,88.55,4.81,6.59,0.0,90.02,9.49,0.41,0.04,0.0,0.0,0.02,9.13
3555208,Turiúba,SP,756,1.85,98.02,87.83,10.19,1.85,0.0,83.6,15.21,0.79,0.4,0.0,0.0,0.0,15.61
3555307,Turmalina,SP,713,9.26,90.74,81.49,9.26,8.98,0.0,79.38,20.06,0.28,0.28,0.0,0.0,0.0,14.59
3555356,Ubarana,SP,1922,0.36,99.64,91.16,8.48,0.26,0.0,90.11,9.73,0.1,0.0,0.0,0.0,0.05,0.52
3555406,Ubatuba,SP,34010,19.68,79.95,37.83,42.12,18.09,0.08,72.63,1.25,0.24,21.66,0.01,0.02,3.93,24.05
3555505,Ubirajara,SP,1832,10.43,89.41,69.6,19.81,10.21,0.0,76.47,19.21,0.98,3.22,0.0,0.0,0.11,22.27
3555604,Uchoa,SP,3982,4.37,95.61,93.35,2.26,4.22,0.0,92.89,6.53,0.45,0.13,0.0,0.0,0.0,6.71
3555703,União Paulista,SP,585,0.17,99.83,86.67,13.16,0.17,0.0,85.13,14.36,0.34,0.17,0.0,0.0,0.0,9.57
3555802,Urânia,SP,3434,8.91,91.03,88.82,2.21,8.91,0.0,88.0,10.54,1.43,0.0,0.0,0.0,0.0,11.71
3555901,Uru,SP,539,0.56,99.44,82.0,17.44,0.37,0.0,76.99,20.41,0.19,2.23,0.0,0.0,0.0,16.7
3556008,Urupês,SP,5205,4.05,95.95,93.97,1.98,3.98,0.04,92.89,6.55,0.52,0.04,0.0,0.0,0.0,5.78
3556107,Valentim Gentil,SP,5173,4.85,95.13,94.53,0.6,4.85,0.0,93.41,6.32,0.25,0.02,0.0,0.0,0.0,5.61
3556206,Valinhos,SP,46360,3.84,96.04,91.45,4.59,3.74,0.0,92.34,5.55,1.11,0.49,0.46,0.0,0.01,6.95
3556305,Valparaíso,SP,7766,2.76,97.14,96.61,0.53,2.69,0.01,96.28,3.1,0.53,0.03,0.0,0.0,0.01,2.58
3556354,Vargem,SP,3660,37.4,62.49,51.53,10.96,35.08,0.03,55.19,17.46,21.01,6.09,0.0,0.0,0.16,34.62
3556404,Vargem Grande do Sul,SP,14593,3.25,96.7,95.16,1.55,2.86,0.0,94.83,2.1,1.64,1.36,0.0,0.02,0.03,3.65
3556453,Vargem Grande Paulista,SP,17654,11.79,88.07,55.02,33.05,10.11,0.01,93.15,3.73,2.89,0.05,0.08,0.01,0.02,5.25
3556503,Várzea Paulista,SP,40492,2.38,97.56,95.58,1.98,1.19,0.01,97.56,1.7,0.57,0.02,0.0,0.0,0.0,1.48
3556602,Vera Cruz,SP,3571,3.5,96.47,90.62,5.85,3.25,0.0,88.74,9.02,0.59,1.57,0.03,0.0,0.03,9.52
3556701,Vinhedo,SP,27415,1.18,98.8,92.41,6.39,1.11,0.0,96.96,2.48,0.35,0.11,0.01,0.03,0.04,2.45
3556800,Viradouro,SP,6230,2.55,97.45,97.13,0.32,2.41,0.0,97.01,1.24,1.7,0.03,0.0,0.0,0.02,2.79
3556909,Vista Alegre do Alto,SP,2866,4.4,95.5,94.98,0.52,4.12,0.0,94.66,5.2,0.14,0.0,0.0,0.0,0.0,3.38
3556958,Vitória Brasil,SP,693,7.5,92.5,86.15,6.35,7.5,0.0,85.14,13.13,1.73,0.0,0.0,0.0,0.0,14.14
3557006,Votorantim,SP,44335,2.59,97.31,95.54,1.77,1.48,0.02,96.8,1.51,0.32,0.26,0.59,0.01,0.02,2.98
3557105,Votuporanga,SP,37348,1.55,98.44,97.21,1.23,1.53,0.01,97.08,2.8,0.09,0.01,0.0,0.0,0.0,2.53
3557154,Zacarias,SP,1056,4.83,95.17,81.53,13.64,4.83,0.0,80.49,18.09,1.23,0.0,0.09,0.0,0.0,17.52
3557204,Chavantes,SP,4343,3.02,94.61,93.92,0.69,2.05,0.0,97.54,1.4,0.07,0.83,0.0,0.0,0.14,1.7
3557303,Estiva Gerbi,SP,3812,7.56,92.37,89.45,2.91,6.98,0.0,90.95,7.53,0.89,0.47,0.0,0.05,0.08,3.04
4100103,Abatiá,PR,2714,27.49,72.44,45.76,26.68,25.87,0.04,79.55,6.6,0.33,13.41,0.0,0.0,0.11,19.16
4100202,Adrianópolis,PR,2319,39.59,60.03,32.51,27.51,32.82,0.04,52.52,1.03,0.09,45.84,0.04,0.0,0.43,46.31
4100301,Agudos do Sul,PR,3633,65.65,34.19,19.98,14.2,65.21,0.14,56.76,27.03,5.53,10.46,0.0,0.0,0.06,36.36
4100400,Almirante Tamandaré,PR,40796,13.52,86.33,69.66,16.67,12.05,0.0,94.94,2.11,0.58,2.16,0.0,0.0,0.01,4.06
4100459,Altamira do Paraná,PR,1330,82.11,17.82,11.88,5.94,81.88,0.0,63.91,15.71,1.58,18.5,0.23,0.0,0.08,29.47
4100509,Altônia,PR,7197,38.18,61.82,50.62,11.2,38.07,0.01,81.96,16.94,0.38,0.64,0.0,0.01,0.04,10.89
4100608,Alto Paraná,PR,5065,33.6,66.36,59.19,7.17,33.6,0.0,87.6,10.54,0.34,1.48,0.0,0.0,0.0,10.54
4100707,Alto Piquiri,PR,3683,33.51,66.47,56.94,9.53,33.51,0.0,86.53,11.11,0.87,1.33,0.0,0.05,0.03,5.78
4100806,Alvorada do Sul,PR,3888,50.67,49.33,0.49,48.84,50.64,0.0,83.62,14.74,0.51,0.87,0.15,0.0,0.03,12.91
4100905,Amaporã,PR,1735,62.07,37.93,37.52,0.4,61.96,0.0,79.14,19.94,0.17,0.46,0.0,0.0,0.12,5.65
4101002,Ampére,PR,7293,15.12,84.82,65.5,19.32,15.1,0.0,80.42,11.83,1.34,6.35,0.0,0.0,0.03,8.52
4101051,Anahy,PR,1116,16.58,83.33,0.9,82.44,16.58,0.0,82.62,6.27,0.27,10.84,0.0,0.0,0.0,16.49
4101101,Andirá,PR,7475,18.15,81.79,62.52,19.28,17.9,0.0,95.68,3.0,0.66,0.62,0.0,0.01,0.01,3.99
4101150,Ângulo,PR,1221,52.17,47.83,2.13,45.7,52.01,0.0,85.75,12.78,0.49,0.98,0.0,0.0,0.0,11.63
4101200,Antonina,PR,6523,22.43,77.05,60.28,16.77,12.14,0.05,87.71,2.04,0.6,8.34,0.02,0.03,1.06,11.64
4101309,Antônio Olinto,PR,2771,61.13,38.58,2.2,36.38,60.41,0.18,31.43,28.15,28.11,11.91,0.0,0.0,0.25,65.93
4101408,Apucarana,PR,48133,13.44,86.51,80.44,6.07,13.4,0.0,96.46,1.63,0.32,1.56,0.0,0.01,0.0,2.32
4101507,Arapongas,PR,43965,10.06,89.93,74.68,15.24,10.06,0.0,95.27,3.78,0.24,0.7,0.0,0.01,0.0,2.48
4101606,Arapoti,PR,9190,22.4,77.6,70.21,7.39,21.93,0.02,87.5,5.92,0.78,5.66,0.01,0.03,0.02,11.84
4101655,Arapuã,PR,1337,93.72,5.91,0.52,5.39,92.89,0.07,50.41,31.04,1.57,16.83,0.0,0.0,0.15,28.2
4101705,Araruna,PR,5462,31.73,68.24,52.29,15.95,31.66,0.02,84.44,9.61,1.45,4.41,0.0,0.05,0.0,11.22
4101804,Araucária,PR,53283,9.23,90.52,79.57,10.95,6.34,0.01,85.95,8.06,3.11,0.12,0.06,0.01,0.01,8.01
4101853,Ariranha do Ivaí,PR,894,92.84,6.82,1.57,5.26,92.17,0.11,56.6,9.84,1.45,31.77,0.11,0.0,0.11,32.1
4101903,Assaí,PR,5145,18.99,80.86,74.42,6.43,17.41,0.02,88.94,6.28,1.07,3.54,0.0,0.02,0.0,9.29
4102000,Assis Chateaubriand,PR,13907,51.67,48.29,38.4,9.89,51.54,0.01,89.82,5.98,2.37,1.76,0.0,0.01,0.03,8.38
4102109,Astorga,PR,9560,24.65,75.31,71.58,3.73,24.62,0.0,93.31,5.49,0.44,0.74,0.0,0.0,0.01,6.05
4102208,Atalaia,PR,1469,27.09,72.91,4.15,68.75,27.09,0.0,91.22,8.51,0.2,0.07,0.0,0.0,0.0,5.38
4102307,Balsa Nova,PR,4792,23.98,75.9,21.97,53.92,23.81,0.02,86.12,8.6,3.51,1.54,0.0,0.02,0.1,11.41
4102406,Bandeirantes,PR,11315,5.81,94.07,91.71,2.36,5.42,0.03,91.85,5.72,0.27,1.87,0.03,0.0,0.04,6.74
4102505,Barbosa Ferraz,PR,4306,38.16,61.77,35.28,26.5,37.92,0.09,82.54,10.24,1.0,5.97,0.12,0.05,0.09,16.4
4102604,Barracão,PR,3602,78.01,21.77,5.72,16.05,78.01,0.0,87.45,3.89,6.64,1.94,0.03,0.0,0.0,8.86
4102703,Barra do Jacaré,PR,1045,40.86,59.04,6.89,52.15,40.77,0.0,72.34,25.26,0.0,2.2,0.0,0.0,0.1,21.24
4102752,Bela Vista da Caroba,PR,1461,10.54,89.46,1.57,87.89,10.34,0.14,62.29,10.54,4.11,22.93,0.07,0.0,0.0,29.36
4102802,Bela Vista do Paraíso,PR,5533,35.37,64.61,45.17,19.45,35.33,0.0,96.6,2.71,0.09,0.58,0.0,0.02,0.0,2.91
4102901,Bituruna,PR,5183,39.65,60.22,41.02,19.2,37.72,0.1,63.17,1.6,8.93,26.1,0.0,0.0,0.1,35.73
4103008,Boa Esperança,PR,1731,77.3,22.7,1.62,21.09,77.3,0.0,77.82,19.35,0.75,1.96,0.06,0.0,0.06,18.02
4103024,Boa Esperança do Iguaçu,PR,881,89.9,9.99,1.25,8.74,89.67,0.0,47.11,19.52,10.22,23.16,0.0,0.0,0.0,51.42
4103040,Boa Ventura de São Roque,PR,2239,91.83,8.13,2.5,5.63,90.44,0.8,44.35,6.48,2.81,46.0,0.0,0.0,0.27,52.08
4103057,Boa Vista da Aparecida,PR,2898,63.22,36.75,26.16,10.59,62.94,0.0,74.84,6.94,2.73,15.39,0.03,0.0,0.03,24.74
4103107,Bocaiúva do Sul,PR,4650,29.57,70.06,39.14,30.92,27.87,0.13,68.56,3.81,5.66,21.7,0.0,0.09,0.04,29.7
4103156,Bom Jesus do Sul,PR,1540,88.7,10.97,0.58,10.39,88.18,0.39,83.77,3.38,7.53,5.32,0.0,0.0,0.0,5.32
4103206,Bom Sucesso,PR,2440,97.01,2.95,1.31,1.64,96.84,0.0,88.11,7.38,0.53,3.73,0.0,0.0,0.16,9.67
4103222,Bom Sucesso do Sul,PR,1181,17.44,82.56,0.68,81.88,17.44,0.0,53.34,13.55,5.33,27.69,0.0,0.0,0.0,45.47
4103305,Borrazópolis,PR,3054,82.25,17.71,0.49,17.22,82.22,0.0,87.1,2.19,1.47,9.2,0.0,0.0,0.03,9.99
4103354,Braganey,PR,1862,97.1,2.85,0.16,2.69,97.05,0.05,78.09,5.37,2.09,14.34,0.0,0.0,0.0,21.48
4103370,Brasilândia do Sul,PR,1424,93.82,6.18,0.84,5.34,93.82,0.0,79.35,16.22,1.69,2.67,0.0,0.0,0.0,20.22
4103404,Cafeara,PR,1008,88.89,11.11,0.69,10.42,88.79,0.0,82.44,16.17,0.2,1.19,0.0,0.0,0.0,16.57
4103453,Cafelândia,PR,6776,14.4,85.54,80.14,5.4,14.34,0.0,90.13,6.35,0.4,3.13,0.0,0.0,0.0,9.12
4103479,Cafezal do Sul,PR,1730,97.86,2.14,0.87,1.27,97.86,0.0,85.55,12.25,0.92,1.27,0.0,0.0,0.0,6.88
4103503,Califórnia,PR,3185,77.83,22.17,15.64,6.53,77.83,0.0,85.31,3.86,1.73,9.04,0.0,0.03,0.0,13.31
4103602,Cambará,PR,8363,4.59,95.34,94.12,1.22,4.5,0.01,93.39,4.54,1.26,0.79,0.01,0.01,0.0,5.06
4103701,Cambé,PR,39157,3.57,96.39,94.15,2.24,3.56,0.01,96.34,3.12,0.18,0.29,0.0,0.01,0.02,2.37
4103800,Cambira,PR,3530,38.5,61.39,14.5,46.88,38.47,0.0,86.23,3.88,1.02,8.67,0.17,0.0,0.03,13.54
4103909,Campina da Lagoa,PR,6022,96.28,3.67,1.91,1.76,96.21,0.0,88.39,3.69,0.88,6.97,0.0,0.0,0.02,11.13
4103958,Campina do Simão,PR,1379,95.43,4.5,0.51,3.99,94.71,0.15,41.77,8.41,3.7,45.98,0.07,0.07,0.0,25.82
4104006,Campina Grande do Sul,PR,16927,8.5,91.39,77.69,13.7,7.31,0.03,86.07,3.28,2.57,7.9,0.0,0.02,0.03,10.86
4104055,Campo Bonito,PR,1463,97.47,2.53,0.62,1.91,97.47,0.0,67.19,13.33,0.82,18.59,0.07,0.0,0.0,28.57
4104105,Campo do Tenente,PR,2460,48.58,51.26,30.61,20.65,47.64,0.0,89.47,6.02,2.15,2.15,0.0,0.0,0.08,6.3
4104204,Campo Largo,PR,49352,16.09,83.78,70.62,13.16,15.07,0.09,88.02,3.92,2.75,5.0,0.01,0.01,0.03,10.21
4104253,Campo Magro,PR,10871,21.65,78.21,50.36,27.84,18.69,0.03,78.44,7.64,2.27,11.22,0.0,0.02,0.06,17.16
4104303,Campo Mourão,PR,37342,6.73,93.24,87.99,5.25,6.71,0.0,95.42,2.75,0.41,1.38,0.0,0.01,0.0,2.79
4104402,Cândido de Abreu,PR,5588,67.66,31.84,24.95,6.89,66.27,0.93,54.53,2.25,5.15,37.67,0.0,0.09,0.18,41.5
4104428,Candói,PR,5317,42.56,57.27,35.15,22.12,42.47,0.0,60.3,7.39,5.13,27.1,0.0,0.0,0.02,36.92
4104451,Cantagalo,PR,3894,28.09,71.8,45.45,26.35,27.91,0.05,78.53,3.7,3.57,14.0,0.03,0.03,0.03,19.34
4104501,Capanema,PR,7854,23.16,76.81,44.18,32.63,23.08,0.01,82.81,15.0,1.04,1.02,0.04,0.0,0.04,4.84
4104600,Capitão Leônidas Marques,PR,5488,79.28,20.39,2.68,17.71,79.25,0.0,83.55,13.16,0.42,2.79,0.0,0.02,0.0,15.47
4104659,Carambeí,PR,7903,12.96,86.95,72.85,14.11,12.17,0.03,79.3,14.7,2.01,2.81,0.0,0.03,0.23,19.68
4104709,Carlópolis,PR,6181,24.93,74.94,65.77,9.17,24.83,0.03,71.91,7.2,7.13,12.99,0.06,0.03,0.6,27.36
4104808,Cascavel,PR,129853,5.75,94.17,91.28,2.89,5.69,0.0,87.61,10.84,0.34,1.16,0.0,0.0,0.0,5.15
4104907,Castro,PR,25030,23.14,76.59,68.78,7.81,22.03,0.02,78.74,7.46,1.91,11.53,0.0,0.05,0.2,20.0
4105003,Catanduvas,PR,3371,81.28,18.69,0.53,18.15,81.28,0.0,67.72,18.87,0.62,12.76,0.0,0.0,0.03,22.04
4105102,Centenário do Sul,PR,4243,76.9,23.07,21.99,1.08,76.83,0.0,86.73,11.19,0.85,1.18,0.0,0.0,0.0,8.11
4105201,Cerro Azul,PR,5839,41.36,57.68,31.87,25.81,36.75,0.1,53.88,1.82,0.51,41.5,0.0,0.03,2.12,44.15
4105300,Céu Azul,PR,4177,20.35,79.65,67.97,11.68,20.35,0.0,83.36,6.58,0.55,9.46,0.0,0.02,0.02,12.43
4105409,Chopinzinho,PR,7728,24.29,75.47,56.83,18.63,23.99,0.08,74.56,6.34,4.61,14.14,0.0,0.0,0.09,23.25
4105508,Cianorte,PR,29525,17.12,82.84,60.86,21.98,17.07,0.0,91.76,7.17,0.22,0.76,0.0,0.0,0.05,6.87
4105607,Cidade Gaúcha,PR,4244,3.63,96.37,86.88,9.5,3.63,0.0,92.62,6.5,0.09,0.75,0.0,0.0,0.0,5.58
4105706,Clevelândia,PR,5309,19.83,80.09,78.19,1.9,19.19,0.09,88.51,5.05,0.6,5.63,0.06,0.0,0.0,10.53
4105805,Colombo,PR,81736,2.9,96.9,85.1,11.8,1.34,0.0,96.44,1.88,0.49,0.93,0.0,0.01,0.02,1.79
4105904,Colorado,PR,8810,8.65,91.32,88.77,2.54,8.64,0.01,95.3,4.28,0.12,0.26,0.0,0.02,0.0,2.66
4106001,Congonhinhas,PR,3152,73.95,25.82,0.41,25.41,73.48,0.0,58.53,3.08,1.17,36.29,0.0,0.03,0.19,36.14
4106100,Conselheiro Mairinck,PR,1341,25.28,73.68,70.62,3.06,23.27,0.07,79.27,7.23,1.86,11.11,0.07,0.0,0.3,19.99
4106209,Contenda,PR,6796,29.3,70.63,51.87,18.76,28.68,0.01,70.78,17.07,10.15,1.84,0.0,0.0,0.06,18.94
4106308,Corbélia,PR,6417,29.3,70.67,61.59,9.09,29.23,0.0,86.86,6.73,1.32,5.0,0.0,0.05,0.02,10.58
4106407,Cornélio Procópio,PR,16959,6.99,92.94,90.84,2.1,6.8,0.01,96.37,1.83,0.1,1.6,0.04,0.01,0.01,3.1
4106456,Coronel Domingos Soares,PR,2006,79.31,20.34,11.96,8.37,79.11,0.0,50.45,8.92,1.55,39.03,0.0,0.0,0.0,41.13
4106506,Coronel Vivida,PR,8594,49.94,50.03,44.16,5.88,49.51,0.05,75.16,11.02,2.41,11.23,0.08,0.02,0.01,19.05
4106555,Corumbataí do Sul,PR,1468,32.7,67.3,56.61,10.69,32.49,0.07,67.78,23.16,0.48,8.51,0.0,0.0,0.07,20.16
4106571,Cruzeiro do Iguaçu,PR,1547,97.29,2.71,0.9,1.81,96.9,0.0,72.46,12.99,1.49,12.8,0.0,0.0,0.19,25.53
4106605,Cruzeiro do Oeste,PR,8710,25.74,74.17,62.47,11.7,25.69,0.01,87.53,11.7,0.14,0.61,0.0,0.0,0.0,5.02
4106704,Cruzeiro do Sul,PR,1729,96.41,3.53,0.75,2.78,96.41,0.0,79.58,18.16,0.12,2.08,0.0,0.06,0.0,18.62
4106803,Cruz Machado,PR,5682,52.09,47.62,15.29,32.33,50.19,0.26,35.6,7.06,35.55,20.45,1.06,0.02,0.21,56.37
4106852,Cruzmaltina,PR,1076,94.7,5.3,1.3,4.0,94.52,0.09,68.03,10.59,0.65,20.54,0.0,0.0,0.0,30.3
4106902,Curitiba,PR,685874,1.04,98.77,97.17,1.6,0.46,0.02,97.66,2.09,0.07,0.02,0.02,0.02,0.0,0.44
4107009,Curiúva,PR,5044,57.26,42.62,4.28,38.34,56.66,0.08,73.67,5.51,1.39,19.29,0.02,0.0,0.04,23.77
4107108,Diamante do Norte,PR,1887,32.11,67.89,57.18,10.7,32.11,0.0,87.44,8.37,4.08,0.11,0.0,0.0,0.0,11.66
4107124,Diamante do Sul,PR,1183,92.98,6.93,0.68,6.26,92.48,0.17,59.51,5.07,1.35,32.8,0.76,0.0,0.34,33.81
4107157,Diamante D'Oeste,PR,1687,79.55,20.27,2.43,17.84,79.37,0.06,71.01,17.43,0.89,9.31,1.36,0.0,0.0,27.27
4107207,Dois Vizinhos,PR,16963,29.39,70.56,57.87,12.69,29.3,0.01,82.22,8.46,1.43,7.88,0.01,0.0,0.0,16.57
4107256,Douradina,PR,3461,97.2,2.74,1.82,0.92,97.2,0.0,90.12,8.87,0.26,0.55,0.0,0.0,0.12,6.15
4107306,Doutor Camargo,PR,2527,14.96,85.04,41.91,43.13,14.96,0.0,89.99,9.66,0.2,0.12,0.04,0.0,0.0,6.57
4107405,Enéas Marques,PR,2207,84.19,15.77,1.99,13.77,83.82,0.05,62.35,28.0,1.09,8.02,0.54,0.0,0.0,16.45
4107504,Engenheiro Beltrão,PR,4798,69.11,30.83,18.03,12.8,69.09,0.0,90.89,6.25,0.4,2.23,0.0,0.0,0.0,7.57
4107520,Esperança Nova,PR,709,54.58,45.42,0.85,44.57,54.58,0.0,75.6,23.55,0.28,0.56,0.0,0.0,0.0,9.59
4107538,Entre Rios do Oeste,PR,1711,56.58,42.96,1.69,41.26,56.34,0.0,96.03,3.33,0.23,0.29,0.0,0.06,0.0,0.53
4107546,Espigão Alto do Iguaçu,PR,1734,96.02,3.86,0.17,3.69,91.81,4.09,50.87,17.88,9.86,21.22,0.0,0.0,0.0,48.39
4107553,Farol,PR,1137,33.25,66.67,0.97,65.7,33.25,0.0,67.37,26.74,0.53,5.19,0.18,0.0,0.0,31.4
4107603,Faxinal,PR,6106,59.3,40.65,38.55,2.1,59.04,0.0,89.03,2.28,0.69,7.99,0.0,0.0,0.02,10.47
4107652,Fazenda Rio Grande,PR,50435,4.25,95.56,91.0,4.56,4.05,0.0,97.17,1.32,1.37,0.07,0.0,0.01,0.0,2.25
4107702,Fênix,PR,1773,98.42,1.58,1.07,0.51,98.36,0.0,85.79,11.96,0.45,1.8,0.0,0.0,0.0,12.75
4107736,Fernandes Pinheiro,PR,2163,87.15,12.48,5.36,7.12,86.59,0.0,69.35,6.75,9.71,14.1,0.0,0.0,0.09,28.43
4107751,Figueira,PR,2946,49.52,45.18,42.94,2.24,39.41,0.0,91.99,2.44,0.1,5.4,0.0,0.0,0.07,4.51
4107801,Floraí,PR,1933,77.65,22.35,21.62,0.72,77.6,0.0,94.26,5.38,0.05,0.31,0.0,0.0,0.0,4.35
4107850,Flor da Serra do Sul,PR,1625,87.08,12.86,1.6,11.26,86.4,0.06,52.62,10.46,11.75,24.86,0.06,0.0,0.25,44.18
4107900,Floresta,PR,3872,61.05,38.92,2.82,36.11,61.0,0.0,96.98,2.07,0.62,0.34,0.0,0.0,0.0,2.82
4108007,Florestópolis,PR,4264,37.52,62.45,53.56,8.89,37.5,0.0,93.81,3.47,0.16,2.51,0.0,0.0,0.02,2.39
4108106,Flórida,PR,968,3.51,96.38,92.05,4.34,3.51,0.0,95.87,4.13,0.0,0.0,0.0,0.0,0.0,3.93
4108205,Formosa do Oeste,PR,3014,84.47,15.46,0.5,14.96,84.47,0.0,74.19,15.0,3.88,6.87,0.03,0.03,0.0,24.05
4108304,Foz do Iguaçu,PR,100235,11.04,88.89,79.33,9.56,9.98,0.01,96.23,2.98,0.47,0.15,0.0,0.01,0.01,1.65
4108320,Francisco Alves,PR,2863,37.06,62.91,50.16,12.75,37.02,0.0,86.45,9.64,2.27,1.64,0.0,0.0,0.0,10.93
4108403,Francisco Beltrão,PR,36858,20.32,79.58,70.62,8.96,20.17,0.02,87.43,7.63,0.88,3.94,0.01,0.02,0.01,11.25
4108452,Foz do Jordão,PR,1781,84.5,15.27,1.52,13.76,83.72,0.0,86.81,4.94,0.95,7.24,0.0,0.0,0.0,11.79
4108502,General Carneiro,PR,3835,29.62,70.01,54.92,15.1,26.15,0.0,79.01,3.05,7.74,9.78,0.26,0.0,0.08,19.77
4108551,Godoy Moreira,PR,1184,29.9,70.1,0.08,70.02,29.9,0.0,65.29,26.18,1.01,7.43,0.0,0.0,0.08,20.19
4108601,Goioerê,PR,10761,22.13,77.85,58.13,19.72,21.1,0.02,93.4,5.02,0.71,0.82,0.0,0.0,0.0,4.44
4108650,Goioxim,PR,2305,94.32,5.25,0.35,4.9,93.71,0.22,42.43,4.38,4.9,48.2,0.0,0.0,0.09,53.28
4108700,Grandes Rios,PR,2121,98.73,1.08,0.33,0.75,98.3,0.0,70.53,5.09,1.51,22.77,0.05,0.0,0.0,28.81
4108809,Guaíra,PR,11741,34.04,65.9,55.26,10.64,33.5,0.03,92.3,6.11,1.19,0.27,0.0,0.0,0.03,5.5
4108908,Guairaçá,PR,2431,98.89,1.07,0.74,0.33,98.85,0.04,85.19,14.11,0.12,0.49,0.0,0.0,0.0,3.13
4108957,Guamiranga,PR,2793,89.15,10.17,0.21,9.95,88.94,0.0,52.24,3.72,27.03,16.79,0.0,0.0,0.14,35.37
4109005,Guapirama,PR,1730,13.35,86.59,69.42,17.17,13.18,0.0,83.47,7.23,3.82,5.38,0.12,0.0,0.0,15.14
4109104,Guaporema,PR,833,81.75,18.25,0.12,18.13,81.75,0.0,80.79,17.77,0.36,1.08,0.0,0.0,0.0,16.33
4109203,Guaraci,PR,1815,91.4,8.54,0.77,7.77,91.24,0.0,84.3,13.5,0.33,1.82,0.0,0.0,0.0,14.82
4109302,Guaraniaçu,PR,5255,57.91,42.0,34.46,7.54,56.52,0.11,60.88,10.03,3.14,25.78,0.0,0.02,0.11,36.96
4109401,Guarapuava,PR,63944,14.8,84.78,81.59,3.19,13.81,0.04,93.12,1.51,1.41,3.58,0.0,0.01,0.03,6.46
4109500,Guaraqueçaba,PR,2577,48.51,50.8,29.76,21.03,43.11,0.31,31.04,4.35,0.31,47.19,0.04,0.23,16.76,65.77
4109609,Guaratuba,PR,15359,8.65,90.49,70.63,19.86,6.58,0.05,85.08,1.35,0.42,5.94,0.03,0.03,0.24,8.89
4109658,Honório Serpa,PR,1775,93.92,5.97,3.32,2.65,93.3,0.06,49.86,15.04,5.69,29.35,0.0,0.0,0.06,49.24
4109708,Ibaiti,PR,10746,55.13,44.62,30.96,13.66,54.0,0.03,85.32,4.09,0.78,9.45,0.08,0.03,0.08,12.59
4109757,Ibema,PR,2350,95.79,4.21,0.47,3.74,95.74,0.0,87.87,4.26,0.6,7.28,0.0,0.0,0.0,11.79
4109807,Ibiporã,PR,18786,2.87,97.11,95.93,1.19,2.85,0.0,98.51,1.05,0.06,0.37,0.0,0.0,0.01,1.1
4109906,Icaraíma,PR,3335,98.53,1.38,0.69,0.69,98.44,0.03,81.29,18.14,0.21,0.21,0.0,0.0,0.0,16.37
4110003,Iguaraçu,PR,1957,65.82,34.13,9.04,25.09,65.76,0.0,94.28,3.93,0.77,1.02,0.0,0.0,0.0,5.47
4110052,Iguatu,PR,828,96.5,3.38,2.66,0.72,96.5,0.0,80.8,10.14,0.24,8.7,0.0,0.0,0.0,14.86
4110078,Imbaú,PR,4751,49.06,50.75,44.54,6.21,48.26,0.06,80.55,9.35,0.95,8.57,0.38,0.06,0.06,16.38
4110102,Imbituva,PR,10314,34.65,65.26,58.12,7.15,34.56,0.0,86.73,5.31,4.44,3.47,0.0,0.0,0.03,8.22
4110201,Inácio Martins,PR,3294,54.77,43.69,39.4,4.28,50.94,0.15,70.25,3.22,5.62,20.52,0.03,0.0,0.18,28.02
4110300,Inajá,PR,996,93.47,6.53,2.61,3.92,93.27,0.0,94.28,5.22,0.1,0.3,0.0,0.0,0.1,4.72
4110409,Indianópolis,PR,1667,56.21,43.73,1.2,42.53,56.03,0.06,87.82,10.44,0.36,0.9,0.0,0.0,0.0,8.46
4110508,Ipiranga,PR,4914,57.92,41.39,32.44,8.95,57.47,0.12,46.3,17.62,19.76,16.02,0.06,0.0,0.18,51.75
4110607,Iporã,PR,5761,55.39,44.61,39.8,4.81,55.32,0.0,90.16,7.93,1.11,0.61,0.0,0.0,0.02,6.28
4110656,Iracema do Oeste,PR,866,97.46,2.54,2.31,0.23,97.34,0.0,82.91,9.7,1.62,5.77,0.0,0.0,0.0,13.97
4110706,Irati,PR,21729,21.34,78.53,74.82,3.71,20.87,0.07,83.71,5.12,5.99,4.96,0.0,0.03,0.1,14.28
4110805,Iretama,PR,3956,96.16,3.74,3.59,0.15,96.13,0.0,70.88,13.85,1.01,13.88,0.08,0.0,0.3,19.11
4110904,Itaguajé,PR,1678,62.99,37.01,6.5,30.51,62.63,0.0,83.85,13.71,1.19,1.13,0.0,0.0,0.0,1.49
4110953,Itaipulândia,PR,4120,32.5,67.35,34.66,32.69,32.48,0.0,84.22,15.05,0.51,0.15,0.02,0.0,0.0,8.13
4111001,Itambaracá,PR,2184,25.5,74.45,71.11,3.34,24.82,0.0,88.37,7.37,3.07,0.5,0.0,0.0,0.64,11.31
4111100,Itambé,PR,2334,15.08,84.88,66.84,18.04,14.95,0.0,93.23,5.44,0.13,1.16,0.0,0.0,0.04,4.97
4111209,Itapejara d'Oeste,PR,4487,56.18,43.75,2.18,41.56,55.81,0.02,75.06,6.95,1.85,16.11,0.0,0.0,0.0,24.25
4111258,Itaperuçu,PR,10515,15.49,84.25,58.56,25.69,14.74,0.07,81.56,2.95,0.56,14.47,0.33,0.03,0.07,14.35
4111308,Itaúna do Sul,PR,1313,92.54,7.39,0.76,6.63,92.54,0.0,83.47,14.85,1.45,0.15,0.0,0.0,0.0,14.09
4111407,Ivaí,PR,4584,47.97,51.92,36.8,15.12,47.75,0.13,69.02,7.68,12.76,10.43,0.0,0.0,0.0,24.28
4111506,Ivaiporã,PR,12760,80.27,19.71,13.75,5.96,80.17,0.02,90.97,2.48,1.2,5.27,0.0,0.0,0.02,8.39
4111555,Ivaté,PR,2581,54.78,45.18,43.2,1.98,54.75,0.0,83.69,14.92,0.62,0.7,0.0,0.0,0.04,12.13
4111605,Ivatuba,PR,1066,36.21,63.79,32.55,31.24,36.21,0.0,77.77,21.29,0.38,0.0,0.0,0.0,0.56,4.5
4111704,Jaboti,PR,2046,84.16,15.54,13.64,1.91,83.48,0.05,77.22,6.84,2.88,12.85,0.0,0.05,0.0,20.58
4111803,Jacarezinho,PR,14378,5.24,94.37,86.6,7.78,4.63,0.01,92.75,3.12,0.26,3.76,0.01,0.0,0.01,6.59
4111902,Jaguapitã,PR,5506,6.37,93.57,91.39,2.18,6.34,0.0,92.84,4.61,0.44,2.11,0.0,0.0,0.0,6.3
4112009,Jaguariaíva,PR,12769,14.69,85.19,81.54,3.65,12.59,0.02,91.1,1.47,0.16,7.15,0.0,0.0,0.05,8.47
4112108,Jandaia do Sul,PR,8167,40.27,59.7,56.81,2.89,40.2,0.0,92.07,3.62,0.17,4.1,0.01,0.0,0.0,6.13
4112207,Janiópolis,PR,2314,98.53,1.43,1.08,0.35,98.53,0.0,79.3,11.62,1.9,7.04,0.0,0.0,0.04,18.24
4112306,Japira,PR,1833,87.45,12.44,6.71,5.73,87.02,0.16,61.87,11.4,2.02,22.37,0.0,0.0,0.27,34.37
4112405,Japurá,PR,3472,27.39,72.61,63.91,8.7,27.36,0.0,92.6,6.51,0.17,0.72,0.0,0.0,0.0,4.9
4112504,Jardim Alegre,PR,4569,45.41,54.5,18.3,36.2,45.35,0.02,67.89,8.16,1.55,22.28,0.04,0.0,0.04,23.55
4112603,Jardim Olinda,PR,496,87.9,12.1,2.42,9.68,87.5,0.0,74.8,23.59,0.4,1.21,0.0,0.0,0.0,25.0
4112702,Jataizinho,PR,4260,7.07,92.93,90.49,2.44,7.04,0.0,94.69,3.8,0.47,0.89,0.0,0.0,0.0,3.73
4112751,Jesuítas,PR,3788,98.55,1.45,1.4,0.05,98.55,0.0,81.86,8.26,3.91,5.97,0.0,0.0,0.0,10.59
4112801,Joaquim Távora,PR,4369,11.81,88.14,80.16,7.99,11.7,0.0,89.91,2.75,0.73,6.27,0.16,0.0,0.16,8.86
4112900,Jundiaí do Sul,PR,1251,96.32,3.68,2.08,1.6,95.84,0.0,73.7,2.32,3.04,20.78,0.0,0.08,0.08,24.62
4112959,Juranda,PR,2930,98.23,1.77,1.3,0.48,98.19,0.03,87.34,7.71,2.18,2.73,0.0,0.0,0.0,11.95
4113007,Jussara,PR,2496,1.16,98.84,92.39,6.45,1.16,0.0,95.55,3.57,0.0,0.88,0.0,0.0,0.0,4.25
4113106,Kaloré,PR,1752,98.63,1.37,0.86,0.51,98.63,0.0,88.13,3.88,1.26,6.74,0.0,0.0,0.0,11.7
4113205,Lapa,PR,16656,30.0,69.75,56.57,13.18,29.1,0.06,73.46,11.23,7.26,7.85,0.04,0.01,0.07,21.57
4113254,Laranjal,PR,1888,91.0,8.58,0.53,8.05,90.31,0.16,48.83,4.18,6.14,40.68,0.0,0.0,0.11,48.25
4113304,Laranjeiras do Sul,PR,11861,42.37,57.46,44.75,12.71,41.66,0.03,84.77,5.38,2.86,6.85,0.0,0.03,0.03,13.33
4113403,Leópolis,PR,1414,95.69,4.31,0.71,3.61,95.62,0.0,78.71,14.21,1.2,5.73,0.14,0.0,0.0,15.7
4113429,Lidianópolis,PR,1534,57.37,42.63,0.72,41.92,57.24,0.0,72.82,5.67,4.17,17.34,0.0,0.0,0.0,26.92
4113452,Lindoeste,PR,1877,87.11,12.68,2.88,9.8,87.05,0.05,63.08,16.14,1.55,19.07,0.0,0.0,0.05,31.38
4113502,Loanda,PR,8565,21.03,78.95,73.37,5.58,21.0,0.01,93.01,5.55,1.07,0.35,0.0,0.0,0.0,4.99
4113601,Lobato,PR,1734,3.92,96.08,93.19,2.88,3.92,0.0,93.02,6.52,0.0,0.46,0.0,0.0,0.0,6.57
4113700,Londrina,PR,209379,4.2,95.59,92.78,2.8,4.12,0.01,95.01,3.66,0.16,0.73,0.01,0.0,0.01,2.19
4113734,Luiziana,PR,2451,41.04,58.91,0.94,57.98,41.0,0.0,79.93,12.48,0.61,6.94,0.0,0.0,0.04,18.2
4113759,Lunardelli,PR,1898,61.33,38.62,29.93,8.69,61.28,0.0,73.39,14.01,2.05,10.38,0.0,0.0,0.05,20.13
4113809,Lupionópolis,PR,1869,73.73,26.22,0.54,25.68,73.73,0.0,94.49,4.44,0.64,0.32,0.0,0.0,0.0,2.62
4113908,Mallet,PR,4926,39.99,59.72,27.24,32.48,39.67,0.04,66.34,6.96,15.23,10.94,0.0,0.02,0.12,29.11
4114005,Mamborê,PR,5229,28.72,71.26,64.85,6.41,28.44,0.0,83.36,10.0,2.64,3.9,0.0,0.02,0.04,15.38
4114104,Mandaguaçu,PR,11311,11.55,88.35,37.88,50.46,11.48,0.01,92.1,7.0,0.5,0.37,0.0,0.0,0.0,3.85
4114203,Mandaguari,PR,13683,21.22,78.78,68.74,10.03,21.14,0.0,95.35,2.83,0.33,1.47,0.01,0.0,0.01,4.11
4114302,Mandirituba,PR,9735,44.84,54.98,20.55,34.42,44.44,0.05,65.68,20.59,9.75,3.57,0.11,0.04,0.04,25.06
4114351,Manfrinópolis,PR,1033,95.64,4.26,0.19,4.07,95.06,0.1,54.5,9.2,7.45,28.56,0.0,0.0,0.29,32.91
4114401,Mangueirinha,PR,5914,51.35,48.48,46.35,2.13,51.13,0.05,70.43,8.42,3.48,17.37,0.17,0.0,0.07,25.43
4114500,Manoel Ribas,PR,4939,60.3,39.66,13.97,25.69,59.55,0.36,62.08,17.74,1.36,18.73,0.06,0.0,0.02,36.0
4114609,Marechal Cândido Rondon,PR,21046,28.33,71.63,29.07,42.56,28.31,0.0,95.62,3.06,0.57,0.57,0.0,0.01,0.01,1.6
4114708,Maria Helena,PR,2278,79.54,20.41,0.66,19.75,79.46,0.04,79.59,15.14,1.93,1.93,0.0,0.0,0.66,12.6
4114807,Marialva,PR,15266,14.97,85.01,71.15,13.86,14.92,0.01,89.02,9.64,0.27,1.02,0.01,0.0,0.0,8.79
4114906,Marilândia do Sul,PR,3138,67.11,32.86,24.7,8.16,67.08,0.0,80.08,5.93,2.29,11.22,0.0,0.03,0.0,18.74
4115002,Marilena,PR,2656,64.98,34.9,24.77,10.13,64.95,0.0,80.65,16.04,3.28,0.0,0.0,0.0,0.04,14.46
4115101,Mariluz,PR,3675,33.8,66.1,61.85,4.24,33.77,0.03,88.82,5.9,1.77,3.48,0.0,0.0,0.0,10.45
4115200,Maringá,PR,156517,2.27,97.7,95.05,2.65,2.24,0.0,86.45,13.35,0.07,0.09,0.0,0.0,0.01,2.42
4115309,Mariópolis,PR,2417,26.19,73.6,6.33,67.27,25.94,0.0,76.71,17.21,0.83,5.17,0.0,0.0,0.0,16.8
4115358,Maripá,PR,2322,33.16,66.84,1.46,65.37,33.07,0.0,78.38,18.39,2.24,0.99,0.0,0.0,0.0,13.82
4115408,Marmeleiro,PR,5909,53.39,46.39,41.21,5.18,53.36,0.0,71.64,12.08,5.47,10.75,0.02,0.0,0.03,23.62
4115457,Marquinho,PR,1591,96.17,3.77,0.69,3.08,94.66,0.0,43.93,6.91,13.39,35.58,0.0,0.06,0.06,51.48
4115507,Marumbi,PR,1803,98.61,1.33,0.5,0.83,98.61,0.0,87.08,8.32,0.22,4.38,0.0,0.0,0.0,6.88
4115606,Matelândia,PR,6501,17.04,82.94,62.62,20.32,17.0,0.0,88.08,5.85,0.91,5.0,0.08,0.02,0.02,5.94
4115705,Matinhos,PR,15010,5.07,94.52,82.76,11.77,4.54,0.04,93.5,0.6,0.05,4.09,0.0,0.01,0.18,4.83
4115739,Mato Rico,PR,1223,91.74,8.01,1.06,6.95,91.17,0.41,45.54,18.72,2.86,32.46,0.0,0.0,0.41,48.24
4115754,Mauá da Serra,PR,3301,38.38,61.62,6.79,54.83,38.35,0.0,90.88,6.12,0.21,2.76,0.0,0.0,0.03,7.21
4115804,Medianeira,PR,19553,21.14,78.8,38.44,40.35,20.59,0.01,91.33,6.47,0.66,1.47,0.0,0.01,0.03,5.02
4115853,Mercedes,PR,2149,55.1,44.86,3.12,41.74,54.96,0.0,88.51,4.42,2.98,4.09,0.0,0.0,0.0,2.89
4115903,Mirador,PR,818,96.09,3.79,0.12,3.67,95.97,0.0,83.62,12.35,1.59,2.2,0.0,0.0,0.0,14.06
4116000,Miraselva,PR,751,96.8,3.2,1.86,1.33,96.8,0.0,86.95,11.72,0.13,1.2,0.0,0.0,0.0,0.13
4116059,Missal,PR,4133,37.19,62.79,1.98,60.8,37.14,0.02,80.6,18.49,0.48,0.36,0.0,0.0,0.02,3.58
4116109,Moreira Sales,PR,4495,69.72,30.28,28.65,1.62,69.63,0.02,90.19,7.07,0.73,1.96,0.0,0.0,0.0,8.34
4116208,Morretes,PR,6646,37.69,61.71,36.37,25.34,37.01,0.03,68.49,2.8,5.9,17.44,0.05,0.0,4.08,28.56
4116307,Munhoz de Melo,PR,1464,22.75,77.25,11.0,66.26,22.75,0.0,86.75,12.3,0.27,0.68,0.0,0.0,0.0,11.13
4116406,Nossa Senhora das Graças,PR,1364,96.33,3.59,0.59,3.01,96.26,0.0,84.38,14.22,0.29,1.1,0.0,0.0,0.0,8.94
4116505,Nova Aliança do Ivaí,PR,480,89.58,10.42,2.92,7.5,89.58,0.0,76.67,19.58,0.0,3.75,0.0,0.0,0.0,20.42
4116604,Nova América da Colina,PR,1164,76.2,23.8,18.13,5.67,76.2,0.0,86.34,10.22,0.17,3.18,0.0,0.0,0.0,12.46
4116703,Nova Aurora,PR,4897,47.13,52.83,50.19,2.63,47.05,0.04,81.25,11.01,0.82,6.86,0.0,0.0,0.0,17.89
4116802,Nova Cantu,PR,2542,78.95,21.05,16.05,5.0,78.68,0.16,68.21,10.23,1.42,19.98,0.0,0.08,0.08,27.69
4116901,Nova Esperança,PR,9989,29.65,70.15,62.5,7.65,29.59,0.0,87.97,11.18,0.28,0.54,0.0,0.0,0.01,11.29
4116950,Nova Esperança do Sudoeste,PR,2055,97.18,2.82,0.73,2.09,96.84,0.05,47.4,42.82,0.78,8.95,0.0,0.0,0.0,16.35
4117008,Nova Fátima,PR,2733,99.09,0.84,0.62,0.22,99.01,0.0,89.32,1.98,0.0,8.71,0.0,0.0,0.0,10.5
4117057,Nova Laranjeiras,PR,4011,77.99,21.86,20.07,1.8,70.33,7.18,44.28,10.12,9.0,36.15,0.07,0.0,0.17,52.68
4117107,Nova Londrina,PR,4752,2.55,97.41,87.79,9.62,2.53,0.0,91.86,7.45,0.34,0.21,0.0,0.0,0.02,5.98
4117206,Nova Olímpia,PR,2262,20.78,79.22,37.8,41.42,20.78,0.0,91.56,8.05,0.09,0.18,0.0,0.0,0.13,6.59
4117214,Nova Santa Bárbara,PR,1600,91.06,8.94,0.62,8.31,91.06,0.0,87.94,2.69,0.88,8.5,0.0,0.0,0.0,11.81
4117222,Nova Santa Rosa,PR,3104,11.63,88.37,2.35,86.02,11.6,0.0,85.6,13.63,0.32,0.29,0.0,0.0,0.0,3.83
4117255,Nova Prata do Iguaçu,PR,4515,64.14,35.77,7.82,27.95,62.17,0.0,75.79,12.62,1.51,9.97,0.07,0.0,0.0,16.72
4117271,Nova Tebas,PR,2550,86.71,13.18,0.51,12.67,86.24,0.08,62.78,6.51,3.1,27.1,0.39,0.0,0.08,29.33
4117297,Novo Itacolomi,PR,1159,54.36,45.64,1.73,43.92,54.27,0.0,70.58,10.7,1.55,17.17,0.0,0.0,0.0,28.99
4117305,Ortigueira,PR,8744,55.59,44.27,41.21,3.06,54.94,0.01,56.76,10.72,2.76,29.05,0.26,0.08,0.32,35.16
4117404,Ourizona,PR,1196,71.4,28.6,1.42,27.17,71.4,0.0,93.23,4.85,1.34,0.59,0.0,0.0,0.0,2.93
4117453,Ouro Verde do Oeste,PR,2469,72.17,27.74,8.79,18.96,72.09,0.04,78.33,18.71,0.24,2.67,0.0,0.0,0.0,16.24
4117503,Paiçandu,PR,16552,11.81,88.18,81.03,7.15,11.8,0.0,98.45,1.32,0.14,0.08,0.0,0.0,0.0,1.37
4117602,Palmas,PR,16310,16.17,83.75,74.38,9.37,15.67,0.06,93.7,2.33,0.68,2.88,0.01,0.0,0.0,4.11
4117701,Palmeira,PR,12163,21.84,78.0,61.11,16.89,21.33,0.02,77.95,10.85,5.89,4.97,0.06,0.02,0.21,18.59
4117800,Palmital,PR,4748,59.52,40.25,33.87,6.38,59.04,0.08,63.46,6.32,1.33,28.41,0.04,0.02,0.25,35.47
4117909,Palotina,PR,12658,24.85,75.14,59.49,15.65,24.82,0.01,91.28,7.72,0.58,0.41,0.0,0.0,0.0,7.77
4118006,Paraíso do Norte,PR,4900,20.53,79.47,73.24,6.22,20.49,0.0,95.94,2.47,0.41,1.14,0.0,0.02,0.02,3.71
4118105,Paranacity,PR,3494,35.4,64.6,60.93,3.66,35.4,0.0,94.16,5.38,0.0,0.46,0.0,0.0,0.0,4.38
4118204,Paranaguá,PR,49001,8.44,91.38,80.95,10.44,2.48,0.06,82.45,15.42,0.67,0.59,0.0,0.04,0.02,10.57
4118303,Paranapoema,PR,909,28.71,71.18,2.53,68.65,28.71,0.0,87.57,11.55,0.22,0.44,0.0,0.11,0.0,6.6
4118402,Paranavaí,PR,34315,11.6,88.37,79.72,8.65,11.55,0.01,95.68,3.81,0.11,0.36,0.0,0.0,0.01,3.34
4118451,Pato Bragado,PR,2116,78.02,21.98,1.65,20.32,77.93,0.0,91.92,6.14,0.71,1.23,0.0,0.0,0.0,1.7
4118501,Pato Branco,PR,34318,4.92,95.05,79.21,15.84,4.86,0.0,94.91,2.08,0.63,2.34,0.0,0.0,0.0,4.1
4118600,Paula Freitas,PR,2056,59.63,40.18,1.99,38.18,59.34,0.0,60.89,17.41,16.63,4.91,0.0,0.05,0.0,33.9
4118709,Paulo Frontin,PR,2301,40.33,59.58,4.09,55.5,39.94,0.04,60.89,18.56,13.3,7.04,0.0,0.04,0.09,31.25
4118808,Peabiru,PR,5005,9.47,90.51,3.7,86.81,9.39,0.02,87.81,7.07,0.78,4.2,0.02,0.02,0.02,10.91
4118857,Perobal,PR,2639,2.2,97.8,27.62,70.18,2.16,0.04,81.39,17.7,0.19,0.64,0.0,0.0,0.04,17.36
4118907,Pérola,PR,4537,75.64,24.33,1.9,22.44,75.62,0.0,89.82,9.92,0.04,0.13,0.0,0.02,0.0,2.95
4119004,Pérola d'Oeste,PR,2399,14.63,84.99,2.58,82.41,13.76,0.04,81.62,7.71,3.08,7.46,0.0,0.04,0.0,12.84
4119103,Piên,PR,4706,85.06,14.75,3.08,11.67,84.62,0.06,77.43,12.66,4.48,3.12,0.0,0.02,0.0,9.82
4119152,Pinhais,PR,45881,0.85,99.08,97.82,1.26,0.49,0.01,98.22,1.28,0.43,0.03,0.0,0.02,0.0,0.77
4119202,Pinhalão,PR,2420,89.55,10.33,4.46,5.87,89.3,0.0,70.21,6.61,2.6,20.37,0.0,0.08,0.12,28.22
4119251,Pinhal de São Bento,PR,956,95.71,4.29,0.21,4.08,95.29,0.0,73.01,10.04,3.66,13.18,0.0,0.0,0.1,18.31
4119301,Pinhão,PR,10423,55.93,43.52,32.79,10.73,55.21,0.23,62.68,2.72,6.84,26.7,0.0,0.0,0.19,36.76
4119400,Piraí do Sul,PR,8304,29.2,70.65,61.77,8.89,26.81,0.01,72.83,11.04,1.46,14.28,0.0,0.0,0.33,22.75
4119509,Piraquara,PR,38035,3.93,95.86,89.96,5.9,2.93,0.03,95.31,2.89,1.12,0.27,0.0,0.01,0.0,2.34
4119608,Pitanga,PR,12309,47.49,52.35,46.07,6.28,47.24,0.04,67.15,9.01,3.1,20.3,0.02,0.0,0.38,30.68
4119657,Pitangueiras,PR,1099,77.98,21.93,2.82,19.11,77.98,0.0,80.98,14.74,1.36,2.91,0.0,0.0,0.0,15.01
4119707,Planaltina do Paraná,PR,1470,28.23,71.77,0.88,70.88,28.23,0.0,69.86,28.23,0.41,1.22,0.0,0.0,0.2,21.22
4119806,Planalto,PR,5311,97.72,2.22,0.75,1.47,97.67,0.0,76.56,20.26,0.66,2.49,0.0,0.02,0.0,18.15
4119905,Ponta Grossa,PR,127673,5.28,94.52,91.54,2.98,3.77,0.02,97.79,1.17,0.3,0.56,0.0,0.01,0.02,1.85
4119954,Pontal do Paraná,PR,11731,13.56,86.32,65.37,20.95,13.17,0.03,94.33,2.06,0.47,0.2,0.14,0.05,0.01,4.23
4120002,Porecatu,PR,4344,3.64,96.36,93.3,3.06,3.64,0.0,93.92,5.64,0.05,0.3,0.0,0.0,0.07,2.39
4120101,Porto Amazonas,PR,1471,6.25,93.75,82.26,11.49,5.17,0.0,91.16,5.17,1.43,2.11,0.0,0.07,0.0,8.09
4120150,Porto Barreiro,PR,1133,95.68,3.97,0.18,3.8,95.23,0.09,37.42,2.56,6.97,52.69,0.09,0.0,0.26,59.22
4120200,Porto Rico,PR,1129,17.89,82.02,67.23,14.79,17.8,0.0,78.39,18.87,1.24,1.06,0.0,0.0,0.35,10.89
4120309,Porto Vitória,PR,1238,25.04,74.88,16.07,58.8,23.51,0.0,54.6,16.96,0.65,27.79,0.0,0.0,0.0,42.08
4120333,Prado Ferreira,PR,1369,5.41,94.59,92.4,2.19,5.41,0.0,94.23,4.02,0.29,1.46,0.0,0.0,0.0,5.48
4120358,Pranchita,PR,2148,31.38,68.58,51.63,16.95,31.19,0.0,76.44,18.16,2.09,3.12,0.0,0.0,0.09,18.76
4120408,Presidente Castelo Branco,PR,1554,12.42,87.58,75.29,12.29,12.42,0.0,96.07,3.22,0.13,0.58,0.0,0.0,0.0,3.35
4120507,Primeiro de Maio,PR,3806,30.79,69.18,56.17,13.01,30.79,0.0,88.65,9.33,0.63,1.05,0.21,0.0,0.05,9.09
4120606,Prudentópolis,PR,17679,47.93,51.55,49.69,1.86,46.59,0.53,66.3,5.62,17.32,10.4,0.01,0.02,0.2,27.12
4120655,Quarto Centenário,PR,1547,35.88,64.12,9.7,54.43,35.81,0.06,77.96,15.06,2.52,4.46,0.0,0.0,0.0,10.54
4120705,Quatiguá,PR,3149,6.57,85.33,78.69,6.64,5.53,0.0,93.52,1.78,1.4,3.21,0.0,0.0,0.0,6.16
4120804,Quatro Barras,PR,8463,10.91,88.66,76.56,12.1,10.47,0.01,93.81,2.29,1.63,2.13,0.02,0.02,0.02,5.1
4120853,Quatro Pontes,PR,1696,51.95,47.94,9.61,38.33,51.95,0.0,88.15,6.49,2.65,2.71,0.0,0.0,0.0,5.66
4120903,Quedas do Iguaçu,PR,11136,47.68,52.19,41.88,10.31,47.24,0.06,70.46,5.23,6.91,16.33,0.0,0.03,0.0,26.47
4121000,Querência do Norte,PR,3928,82.94,17.01,4.84,12.17,82.69,0.03,69.14,19.14,11.13,0.31,0.0,0.0,0.2,27.75
4121109,Quinta do Sol,PR,1797,75.01,24.99,0.83,24.15,74.23,0.0,77.18,17.7,1.22,3.84,0.0,0.0,0.06,22.26
4121208,Quitandinha,PR,6767,77.8,21.75,8.13,13.62,77.27,0.12,69.66,14.01,13.26,2.7,0.06,0.04,0.15,26.08
4121257,Ramilândia,PR,1460,80.68,19.25,0.55,18.7,80.62,0.0,71.03,20.27,0.41,7.53,0.75,0.0,0.0,18.22
4121307,Rancho Alegre,PR,1412,61.26,38.67,1.13,37.54,61.26,0.0,90.58,4.32,1.27,3.82,0.0,0.0,0.0,8.85
4121356,Rancho Alegre D'Oeste,PR,969,78.12,21.88,4.33,17.54,78.12,0.0,87.93,11.66,0.0,0.41,0.0,0.0,0.0,0.0
4121406,Realeza,PR,7428,7.24,92.7,60.02,32.69,7.09,0.0,80.92,13.13,0.88,4.93,0.0,0.04,0.05,11.16
4121505,Rebouças,PR,5312,41.96,57.87,50.0,7.87,41.7,0.08,77.13,7.66,9.45,5.69,0.0,0.0,0.0,18.96
4121604,Renascença,PR,2501,43.3,56.66,53.46,3.2,41.7,0.04,61.46,10.48,8.44,19.59,0.04,0.0,0.0,29.43
4121703,Reserva,PR,8972,34.23,65.47,53.05,12.42,33.36,0.12,75.62,2.54,1.38,20.01,0.04,0.02,0.3,23.03
4121752,Reserva do Iguaçu,PR,2249,42.55,56.96,43.26,13.69,42.15,0.04,61.94,6.31,3.38,27.92,0.27,0.04,0.04,32.37
4121802,Ribeirão Claro,PR,4583,21.32,78.59,75.56,3.03,20.73,0.02,80.12,1.42,0.15,17.61,0.0,0.02,0.5,18.24
4121901,Ribeirão do Pinhal,PR,4901,25.36,74.54,62.64,11.9,25.2,0.02,89.29,2.53,0.71,7.28,0.0,0.0,0.08,9.9
4122008,Rio Azul,PR,4927,43.37,56.3,43.78,12.52,43.07,0.04,57.78,9.36,21.49,11.26,0.0,0.0,0.06,37.95
4122107,Rio Bom,PR,1240,54.68,45.32,0.65,44.68,54.52,0.08,73.71,5.81,3.71,16.53,0.24,0.0,0.0,9.6
4122156,Rio Bonito do Iguaçu,PR,4824,37.17,62.71,0.37,62.33,37.11,0.02,39.53,2.18,23.92,34.22,0.06,0.02,0.02,56.99
4122172,Rio Branco do Ivaí,PR,1375,99.42,0.58,0.29,0.29,98.98,0.0,55.78,9.82,1.75,32.51,0.07,0.0,0.07,40.87
4122206,Rio Branco do Sul,PR,13318,30.11,69.36,48.21,21.15,26.15,0.07,75.56,3.33,0.12,20.36,0.32,0.0,0.27,23.35
4122305,Rio Negro,PR,10991,19.53,80.36,54.78,25.58,19.27,0.02,86.31,9.13,1.98,2.39,0.05,0.01,0.08,10.16
4122404,Rolândia,PR,25778,27.41,72.55,51.32,21.22,27.4,0.0,95.33,3.24,0.42,0.95,0.0,0.02,0.01,3.91
4122503,Roncador,PR,4327,83.29,16.66,1.02,15.65,83.04,0.07,73.91,9.17,1.2,15.6,0.02,0.02,0.02,25.12
4122602,Rondon,PR,3371,19.49,80.42,51.94,28.48,19.49,0.0,86.77,10.68,0.53,1.87,0.0,0.0,0.03,3.68
4122651,Rosário do Ivaí,PR,2079,55.7,44.25,38.1,6.16,54.98,0.0,58.35,14.57,0.48,26.02,0.0,0.05,0.38,36.36
4122701,Sabáudia,PR,3170,18.86,81.14,1.67,79.46,18.86,0.0,89.37,8.33,0.09,2.21,0.0,0.0,0.0,10.13
4122800,Salgado Filho,PR,1550,64.39,35.29,0.9,34.39,64.32,0.0,74.52,10.84,1.94,12.65,0.0,0.0,0.0,17.35
4122909,Salto do Itararé,PR,1997,31.25,68.55,45.62,22.93,29.99,0.0,75.06,6.76,3.96,14.07,0.05,0.0,0.05,23.23
4123006,Salto do Lontra,PR,5630,35.01,64.92,47.32,17.6,34.96,0.02,67.3,20.98,2.98,8.69,0.02,0.0,0.0,28.56
4123105,Santa Amélia,PR,1290,30.0,70.0,47.83,22.17,29.07,0.0,79.38,12.09,0.62,7.91,0.0,0.0,0.0,8.14
4123204,Santa Cecília do Pavão,PR,1301,33.51,66.49,66.1,0.38,33.21,0.08,89.55,2.54,1.77,5.92,0.0,0.0,0.0,10.07
4123303,Santa Cruz de Monte Castelo,PR,3225,51.94,48.03,24.56,23.47,51.88,0.0,83.57,13.98,1.36,0.96,0.03,0.0,0.03,12.28
4123402,Santa Fé,PR,4258,19.94,80.06,56.79,23.27,19.87,0.0,89.22,9.18,0.47,1.03,0.0,0.05,0.0,5.33
4123501,Santa Helena,PR,9524,50.63,49.36,37.8,11.56,50.61,0.0,94.56,5.12,0.09,0.18,0.01,0.0,0.01,3.14
4123600,Santa Inês,PR,677,89.66,10.19,7.09,3.1,89.51,0.0,67.06,29.1,1.48,2.36,0.0,0.0,0.0,30.72
4123709,Santa Isabel do Ivaí,PR,3469,20.12,79.88,78.7,1.18,20.01,0.0,90.52,7.73,1.3,0.46,0.0,0.0,0.0,2.33
4123808,Santa Izabel do Oeste,PR,5176,34.39,65.57,2.82,62.75,34.33,0.0,68.26,23.71,1.14,6.84,0.0,0.0,0.02,18.8
4123824,Santa Lúcia,PR,1389,87.62,12.38,12.17,0.22,87.47,0.0,68.75,22.89,0.5,7.85,0.0,0.0,0.0,30.45
4123857,Santa Maria do Oeste,PR,3606,90.29,9.29,0.53,8.76,89.68,0.03,43.21,12.56,5.46,38.66,0.0,0.03,0.0,48.84
4123907,Santa Mariana,PR,4216,28.13,71.82,70.28,1.54,28.13,0.0,92.34,4.51,0.66,2.32,0.0,0.02,0.0,6.48
4123956,Santa Mônica,PR,1252,61.18,38.74,1.12,37.62,61.1,0.0,81.71,17.25,0.56,0.48,0.0,0.0,0.0,4.63
4124004,Santana do Itararé,PR,2099,56.5,43.35,34.11,9.24,55.31,0.05,71.18,9.72,2.91,16.15,0.05,0.0,0.0,20.15
4124020,Santa Tereza do Oeste,PR,4667,70.92,28.99,6.09,22.91,70.86,0.0,90.31,5.29,0.84,3.56,0.0,0.0,0.0,7.82
4124053,Santa Terezinha de Itaipu,PR,8619,4.99,94.99,81.16,13.83,4.97,0.0,91.75,7.47,0.49,0.17,0.0,0.02,0.05,4.12
4124103,Santo Antônio da Platina,PR,16071,10.63,89.27,85.1,4.18,9.55,0.01,87.87,5.56,0.32,6.17,0.01,0.0,0.06,10.68
4124202,Santo Antônio do Caiuá,PR,980,94.49,5.41,3.78,1.63,94.49,0.0,88.98,10.31,0.2,0.51,0.0,0.0,0.0,10.92
4124301,Santo Antônio do Paraíso,PR,819,91.58,8.42,1.1,7.33,91.45,0.0,86.81,1.83,0.37,10.99,0.0,0.0,0.0,12.82
4124400,Santo Antônio do Sudoeste,PR,8391,33.83,66.09,55.39,10.7,33.21,0.05,78.86,13.94,1.02,6.04,0.01,0.06,0.0,10.49
4124509,Santo Inácio,PR,2277,31.31,68.69,49.93,18.75,31.31,0.0,86.61,11.24,0.57,1.58,0.0,0.0,0.0,8.52
4124608,São Carlos do Ivaí,PR,2370,94.81,5.19,1.18,4.01,94.64,0.0,94.18,5.23,0.04,0.55,0.0,0.0,0.0,4.51
4124707,São Jerônimo da Serra,PR,3949,89.42,10.1,0.46,9.65,89.09,0.28,73.13,3.19,0.61,22.92,0.03,0.0,0.05,25.37
4124806,São João,PR,4545,48.89,51.09,43.89,7.19,48.45,0.02,70.72,6.75,7.28,15.2,0.0,0.02,0.0,27.88
4124905,São João do Caiuá,PR,2179,14.13,85.87,83.39,2.48,14.09,0.0,90.87,8.12,0.09,0.83,0.0,0.0,0.05,7.07
4125001,São João do Ivaí,PR,4213,29.84,70.14,58.11,12.03,29.77,0.02,87.25,5.55,1.23,5.93,0.0,0.0,0.02,11.37
4125100,São João do Triunfo,PR,4908,69.44,30.5,10.98,19.52,69.03,0.08,65.85,4.38,20.8,8.48,0.37,0.02,0.0,26.49
4125209,São Jorge d'Oeste,PR,3557,67.25,31.74,7.23,24.52,62.81,0.0,72.06,19.09,1.49,7.25,0.03,0.0,0.03,15.74
4125308,São Jorge do Ivaí,PR,1925,15.06,84.88,82.39,2.49,15.06,0.0,89.87,8.73,0.42,0.99,0.0,0.0,0.0,5.25
4125357,São Jorge do Patrocínio,PR,2513,97.61,2.31,1.91,0.4,97.13,0.04,77.0,22.72,0.12,0.08,0.0,0.0,0.0,6.88
4125407,São José da Boa Vista,PR,2358,70.14,29.43,28.33,1.1,39.23,0.13,63.02,9.54,1.23,25.7,0.0,0.04,0.17,29.6
4125456,São José das Palmeiras,PR,1513,97.69,2.31,1.19,1.12,97.69,0.0,82.68,8.66,1.19,7.4,0.07,0.0,0.0,9.52
4125506,São José dos Pinhais,PR,117132,9.57,90.22,79.82,10.4,7.87,0.01,89.24,5.15,5.1,0.43,0.0,0.01,0.01,6.4
4125555,São Manoel do Paraná,PR,808,72.4,27.6,1.73,25.87,72.4,0.0,79.95,19.31,0.25,0.5,0.0,0.0,0.0,0.87
4125605,São Mateus do Sul,PR,15513,36.8,63.0,40.6,22.4,36.6,0.03,62.28,7.44,27.73,2.4,0.01,0.0,0.01,36.4
4125704,São Miguel do Iguaçu,PR,10685,26.99,73.0,52.35,20.65,25.13,0.05,76.56,20.12,1.98,1.11,0.0,0.02,0.04,11.02
4125753,São Pedro do Iguaçu,PR,2206,45.15,54.76,15.14,39.62,44.65,0.05,73.66,12.24,1.77,12.15,0.0,0.05,0.05,23.66
4125803,São Pedro do Ivaí,PR,3353,43.81,56.13,52.61,3.52,43.72,0.0,90.22,7.01,0.39,2.36,0.03,0.0,0.0,8.74
4125902,São Pedro do Paraná,PR,985,99.09,0.91,0.61,0.3,99.09,0.0,68.12,28.22,2.44,0.71,0.0,0.0,0.41,9.44
4126009,São Sebastião da Amoreira,PR,2985,87.74,12.26,1.61,10.65,87.64,0.03,91.69,3.99,0.17,4.12,0.03,0.0,0.0,7.54
4126108,São Tomé,PR,1950,15.85,84.15,53.44,30.72,15.85,0.0,91.49,6.36,0.0,2.15,0.0,0.0,0.0,5.9
4126207,Sapopema,PR,2401,49.52,49.9,42.86,7.04,48.23,0.0,73.64,1.67,0.62,23.78,0.04,0.0,0.17,25.11
4126256,Sarandi,PR,42848,16.58,83.42,43.76,39.66,16.57,0.0,97.96,1.92,0.04,0.07,0.0,0.0,0.0,0.7
4126272,Saudade do Iguaçu,PR,2119,81.03,18.92,1.37,17.56,80.93,0.0,76.88,3.68,8.68,10.76,0.0,0.0,0.0,21.71
4126306,Sengés,PR,6101,36.42,63.45,61.51,1.93,28.08,0.03,80.89,3.46,0.75,14.55,0.0,0.0,0.31,17.01
4126355,Serranópolis do Iguaçu,PR,1841,67.52,32.37,3.75,28.63,67.52,0.0,78.65,18.2,1.52,1.52,0.0,0.0,0.0,15.97
4126405,Sertaneja,PR,2191,27.61,72.34,31.77,40.58,27.57,0.0,90.1,8.08,0.68,1.14,0.0,0.0,0.0,9.72
4126504,Sertanópolis,PR,5839,10.34,89.62,83.05,6.58,10.31,0.0,92.77,5.34,0.36,1.52,0.0,0.0,0.0,5.91
4126603,Siqueira Campos,PR,8615,27.19,72.76,66.47,6.29,26.42,0.03,82.8,5.62,1.9,9.47,0.0,0.0,0.0,16.08
4126652,Sulina,PR,1340,99.63,0.37,0.15,0.22,99.55,0.0,59.63,5.37,21.12,13.81,0.0,0.0,0.0,39.63
4126678,Tamarana,PR,3686,54.53,45.06,33.02,12.05,54.1,0.0,68.53,11.45,2.25,17.61,0.0,0.0,0.11,16.47
4126702,Tamboara,PR,1865,97.43,2.57,0.64,1.93,97.43,0.0,89.65,7.77,0.54,2.04,0.0,0.0,0.0,10.24
4126801,Tapejara,PR,5815,2.42,97.54,88.07,9.48,2.41,0.0,90.4,8.96,0.1,0.4,0.0,0.0,0.14,5.71
4126900,Tapira,PR,2251,79.83,20.12,2.62,17.5,79.74,0.04,72.37,25.86,0.53,1.24,0.0,0.0,0.0,8.66
4127007,Teixeira Soares,PR,3326,53.31,46.6,28.17,18.43,52.83,0.06,64.01,12.72,7.88,15.3,0.0,0.0,0.0,31.72
4127106,Telêmaco Borba,PR,26428,10.48,89.33,87.43,1.9,8.08,0.02,97.74,1.66,0.02,0.12,0.01,0.0,0.02,0.92
4127205,Terra Boa,PR,6514,23.53,76.45,64.28,12.17,23.47,0.0,92.77,5.14,0.11,1.98,0.0,0.0,0.0,6.39
4127304,Terra Rica,PR,5526,41.95,58.03,51.54,6.5,41.93,0.0,86.57,10.71,1.81,0.89,0.0,0.0,0.0,7.02
4127403,Terra Roxa,PR,6763,34.47,65.5,47.86,17.64,34.45,0.0,85.3,11.12,1.73,1.8,0.01,0.0,0.0,13.0
4127502,Tibagi,PR,7030,42.28,57.6,52.26,5.33,41.75,0.07,71.0,12.96,2.94,12.87,0.04,0.04,0.06,22.94
4127601,Tijucas do Sul,PR,6400,63.84,35.95,2.2,33.75,63.14,0.03,60.66,14.5,17.05,7.64,0.0,0.02,0.08,36.44
4127700,Toledo,PR,56389,13.96,85.98,75.03,10.95,13.92,0.0,93.46,4.98,0.66,0.86,0.0,0.0,0.0,4.87
4127809,Tomazina,PR,3196,55.54,44.02,38.36,5.66,51.78,0.03,46.25,23.19,1.85,28.41,0.0,0.0,0.22,45.37
4127858,Três Barras do Paraná,PR,4098,46.88,53.03,40.73,12.3,45.88,0.05,62.54,11.35,7.27,18.69,0.0,0.0,0.07,33.7
4127882,Tunas do Paraná,PR,2104,60.98,38.69,22.2,16.49,41.97,0.24,67.87,6.99,1.47,22.86,0.0,0.0,0.71,27.85
4127908,Tuneiras do Oeste,PR,3075,16.49,83.48,48.72,34.76,16.49,0.0,72.62,21.17,0.72,5.43,0.0,0.03,0.03,15.84
4127957,Tupãssi,PR,3045,90.67,9.33,2.1,7.22,90.25,0.0,88.21,7.78,1.51,2.1,0.0,0.0,0.03,10.48
4127965,Turvo,PR,5015,72.24,26.06,19.16,6.9,69.87,0.08,57.93,10.83,2.95,28.24,0.0,0.0,0.02,37.29
4128005,Ubiratã,PR,9227,42.42,57.55,35.57,21.98,41.43,0.0,90.8,6.07,0.48,2.64,0.0,0.0,0.0,3.24
4128104,Umuarama,PR,44244,6.88,93.03,86.29,6.74,6.72,0.0,92.04,7.34,0.13,0.39,0.0,0.01,0.04,5.78
4128203,União da Vitória,PR,19982,11.23,85.73,69.22,16.51,7.39,0.0,89.52,4.27,1.32,4.75,0.01,0.01,0.02,7.78
4128302,Uniflor,PR,805,99.5,0.5,0.5,0.0,99.38,0.0,81.86,17.89,0.0,0.25,0.0,0.0,0.0,11.93
4128401,Uraí,PR,4041,19.77,80.08,77.06,3.02,19.52,0.05,88.96,8.59,0.2,2.18,0.07,0.0,0.0,10.59
4128500,Wenceslau Braz,PR,7100,29.04,70.94,53.58,17.37,28.32,0.03,82.39,2.85,0.79,13.94,0.0,0.0,0.01,17.04
4128534,Ventania,PR,3444,47.39,52.58,27.26,25.32,47.07,0.0,81.21,5.23,0.09,13.36,0.0,0.0,0.12,18.03
4128559,Vera Cruz do Oeste,PR,3140,27.32,72.48,65.06,7.42,27.01,0.0,79.9,6.11,0.96,13.03,0.0,0.0,0.0,18.28
4128609,Verê,PR,2925,88.17,11.79,1.98,9.81,83.08,0.03,63.73,16.55,2.39,17.2,0.0,0.0,0.07,24.21
4128625,Alto Paraíso,PR,1135,93.83,6.17,5.29,0.88,93.74,0.0,79.47,19.03,0.53,0.97,0.0,0.0,0.0,18.24
4128633,Doutor Ulysses,PR,2067,81.08,18.67,16.3,2.37,77.89,0.24,35.41,1.35,0.53,62.26,0.1,0.0,0.29,62.75
4128658,Virmond,PR,1404,86.89,13.11,10.11,2.99,86.82,0.0,64.89,5.27,7.26,22.36,0.0,0.0,0.0,30.84
4128708,Vitorino,PR,3485,77.7,22.24,3.5,18.74,77.42,0.03,78.05,10.99,1.98,8.92,0.0,0.03,0.0,17.79
4128807,Xambrê,PR,2200,58.36,41.59,39.77,1.82,58.36,0.0,74.14,23.59,0.14,2.14,0.0,0.0,0.0,15.32
4200051,Abdon Batista,SC,969,33.23,66.46,32.2,34.26,32.61,0.31,71.0,4.02,3.82,20.95,0.0,0.1,0.0,17.96
4200101,Abelardo Luz,SC,6030,79.09,20.88,2.34,18.54,78.44,0.02,64.39,9.6,11.03,14.66,0.08,0.07,0.05,31.39
4200200,Agrolândia,SC,3914,5.03,94.92,53.42,41.49,3.83,0.0,72.84,4.55,13.11,9.48,0.03,0.0,0.0,23.97
4200309,Agronômica,SC,2229,14.13,85.87,40.87,45.0,12.25,0.0,51.77,10.5,16.11,21.53,0.0,0.04,0.0,34.05
4200408,Água Doce,SC,2430,22.84,77.08,21.48,55.6,22.55,0.0,57.94,15.93,6.5,19.47,0.0,0.0,0.08,40.41
4200507,Águas de Chapecó,SC,2274,69.13,30.78,11.65,19.13,68.95,0.09,63.06,10.55,6.82,19.35,0.0,0.04,0.0,30.96
4200556,Águas Frias,SC,1026,71.05,28.85,1.17,27.68,70.76,0.0,55.95,20.96,11.4,11.6,0.0,0.0,0.0,20.86
4200606,Águas Mornas,SC,2460,8.9,90.89,0.89,90.0,7.28,0.0,33.29,5.85,1.5,59.15,0.0,0.08,0.08,50.89
4200705,Alfredo Wagner,SC,3893,17.26,82.35,14.85,67.51,10.12,0.08,32.7,3.52,2.77,56.79,0.08,0.05,4.01,62.91
4200754,Alto Bela Vista,SC,725,66.07,33.93,0.55,33.38,66.07,0.0,41.79,34.76,2.76,20.69,0.0,0.0,0.0,52.97
4200804,Anchieta,SC,2276,74.43,25.48,0.7,24.78,74.3,0.0,64.02,5.67,16.78,13.31,0.0,0.22,0.0,34.31
4200903,Angelina,SC,1993,20.02,79.73,0.95,78.78,5.22,0.0,15.96,3.46,0.55,76.77,0.1,0.05,1.86,77.57
4201000,Anita Garibaldi,SC,3125,64.8,34.56,21.89,12.67,47.39,0.35,58.85,12.93,8.38,19.26,0.0,0.06,0.48,27.23
4201109,Anitápolis,SC,1331,18.03,81.74,1.5,80.24,7.21,0.08,38.99,1.73,1.28,57.18,0.0,0.0,0.83,58.15
4201208,Antônio Carlos,SC,3777,22.9,77.07,15.46,61.61,19.91,0.0,52.63,11.65,0.21,35.4,0.0,0.03,0.0,40.22
4201257,Apiúna,SC,3535,10.44,89.53,34.06,55.47,5.12,0.0,67.81,4.78,3.39,23.65,0.0,0.03,0.28,23.85
4201273,Arabutã,SC,1605,39.19,60.62,14.27,46.36,38.57,0.0,44.74,29.03,9.6,16.26,0.0,0.25,0.0,38.69
4201307,Araquari,SC,15025,5.24,94.45,74.3,20.15,4.04,0.04,75.63,21.06,2.23,0.21,0.0,0.03,0.01,19.03
4201406,Araranguá,SC,26770,2.06,97.75,38.92,58.82,1.96,0.0,70.39,23.75,4.63,1.12,0.0,0.0,0.0,17.92
4201505,Armazém,SC,3250,2.65,97.23,39.75,57.48,0.25,0.0,43.75,31.94,1.11,23.11,0.03,0.03,0.0,49.51
4201604,Arroio Trinta,SC,1391,12.87,87.13,66.21,20.92,12.8,0.0,75.77,15.96,1.8,6.47,0.0,0.0,0.0,17.97
4201653,Arvoredo,SC,870,45.86,54.02,1.26,52.76,45.29,0.23,44.71,8.05,8.62,37.47,0.92,0.11,0.11,42.3
4201703,Ascurra,SC,3019,2.58,97.38,84.73,12.65,1.06,0.0,85.72,7.32,3.18,3.58,0.0,0.0,0.2,7.62
4201802,Atalanta,SC,1200,0.92,98.75,40.92,57.83,0.67,0.0,40.17,5.17,40.92,13.67,0.0,0.0,0.0,55.92
4201901,Aurora,SC,2431,4.77,94.98,18.26,76.72,1.19,0.04,34.51,4.52,14.36,46.44,0.0,0.0,0.16,53.39
4201950,Balneário Arroio do Silva,SC,6020,7.96,91.99,1.58,90.42,7.87,0.03,93.42,5.66,0.48,0.03,0.02,0.0,0.0,5.47
4202008,Balneário Camboriú,SC,57862,0.48,99.46,98.05,1.41,0.2,0.01,97.06,1.8,0.32,0.79,0.0,0.01,0.01,1.49
4202057,Balneário Barra do Sul,SC,5797,0.53,99.29,5.99,93.31,0.31,0.02,90.94,8.66,0.16,0.09,0.0,0.02,0.0,3.64
4202073,Balneário Gaivota,SC,5970,0.18,99.78,0.79,98.99,0.18,0.0,51.86,43.77,4.29,0.05,0.0,0.0,0.0,41.32
4202081,Bandeirante,SC,1141,61.0,38.83,0.09,38.74,61.0,0.0,55.3,7.36,28.57,7.45,0.09,1.05,0.18,39.18
4202099,Barra Bonita,SC,611,61.37,38.63,0.0,38.63,60.56,0.16,37.97,44.03,4.26,13.75,0.0,0.0,0.0,37.97
4202107,Barra Velha,SC,16156,1.64,97.91,45.66,52.25,1.21,0.01,88.95,9.35,1.11,0.51,0.01,0.01,0.02,5.16
4202131,Bela Vista do Toldo,SC,2081,78.76,20.9,0.19,20.71,78.38,0.24,20.86,9.66,59.73,9.37,0.0,0.0,0.34,71.89
4202156,Belmonte,SC,953,36.2,63.69,0.21,63.48,36.1,0.0,63.69,3.46,12.91,19.62,0.31,0.0,0.0,32.84
4202206,Benedito Novo,SC,3715,4.5,94.75,2.18,92.57,2.85,0.03,37.95,17.9,13.46,27.99,0.03,0.0,2.53,54.67
4202305,Biguaçu,SC,28300,5.3,94.22,47.25,46.96,3.46,0.01,85.99,3.64,0.41,9.34,0.0,0.01,0.47,11.31
4202404,Blumenau,SC,137282,3.05,96.79,67.62,29.17,0.68,0.01,93.97,3.47,1.0,1.48,0.0,0.01,0.05,3.98
4202438,Bocaina do Sul,SC,1324,24.24,75.3,15.94,59.37,10.35,0.15,38.52,6.8,10.05,43.5,0.0,0.08,1.06,54.98
4202453,Bombinhas,SC,9064,0.5,99.5,16.95,82.56,0.43,0.01,86.5,6.4,2.73,3.64,0.01,0.21,0.17,8.13
4202503,Bom Jardim da Serra,SC,1528,16.03,83.77,36.19,47.58,7.26,0.0,49.35,1.57,4.78,44.11,0.0,0.0,0.2,48.49
4202537,Bom Jesus,SC,974,77.93,22.07,8.01,14.07,77.82,0.0,63.86,12.22,8.32,15.61,0.0,0.0,0.0,24.54
4202578,Bom Jesus do Oeste,SC,804,59.83,40.17,0.75,39.43,59.58,0.0,84.2,3.11,12.06,0.62,0.0,0.0,0.0,0.87
4202602,Bom Retiro,SC,3037,9.55,90.39,59.24,31.15,5.3,0.03,74.84,2.34,2.24,20.35,0.0,0.0,0.2,24.6
4202701,Botuverá,SC,1976,11.69,88.21,15.54,72.67,0.25,0.0,39.68,13.82,0.15,46.2,0.0,0.1,0.0,46.41
4202800,Braço do Norte,SC,11856,5.84,94.09,51.39,42.7,4.63,0.02,64.03,25.68,4.85,5.39,0.0,0.01,0.02,28.57
4202859,Braço do Trombudo,SC,1494,12.32,87.62,33.6,54.02,10.24,0.0,66.13,2.81,16.93,14.06,0.07,0.0,0.0,28.11
4202875,Brunópolis,SC,935,51.87,47.81,34.12,13.69,48.77,0.0,58.29,8.24,20.21,13.05,0.0,0.0,0.11,37.33
4202909,Brusque,SC,50275,4.19,95.66,78.49,17.17,1.72,0.01,88.04,8.84,0.9,2.14,0.0,0.02,0.02,7.39
4203006,Caçador,SC,26333,7.18,92.59,57.09,35.5,5.62,0.01,88.8,5.94,2.53,2.7,0.0,0.0,0.01,8.75
4203105,Caibi,SC,2310,54.5,45.41,3.85,41.56,54.46,0.04,65.06,16.28,4.42,14.11,0.0,0.0,0.09,24.72
4203154,Calmon,SC,1127,30.43,69.21,6.83,62.38,27.95,0.18,65.48,1.77,12.87,19.88,0.0,0.0,0.0,34.07
4203204,Camboriú,SC,36483,0.98,98.39,85.18,13.21,0.81,0.01,92.33,5.41,0.53,1.68,0.01,0.01,0.01,5.2
4203253,Capão Alto,SC,1002,36.03,63.77,30.84,32.93,32.24,0.2,41.32,7.39,5.49,45.51,0.1,0.0,0.1,57.68
4203303,Campo Alegre,SC,4404,7.63,92.21,23.3,68.91,6.47,0.02,68.66,18.89,4.84,7.52,0.0,0.0,0.05,23.68
4203402,Campo Belo do Sul,SC,2675,34.13,64.37,54.17,10.21,30.92,0.3,64.52,5.08,8.11,21.87,0.04,0.11,0.22,33.01
4203501,Campo Erê,SC,3485,70.24,29.7,3.19,26.51,69.73,0.06,77.16,4.48,13.06,5.02,0.0,0.0,0.23,21.06
4203600,Campos Novos,SC,13592,14.16,85.8,79.44,6.36,13.96,0.01,84.76,8.12,1.33,5.71,0.0,0.01,0.04,13.15
4203709,Canelinha,SC,4490,22.76,76.84,32.49,44.34,19.24,0.02,74.5,6.21,0.62,10.82,0.02,0.04,4.59,22.03
4203808,Canoinhas,SC,19730,19.94,79.98,28.58,51.4,19.76,0.01,79.46,4.24,14.35,1.84,0.0,0.01,0.03,17.24
4203907,Capinzal,SC,8948,10.19,89.62,16.93,72.69,10.16,0.0,91.08,5.41,0.16,3.23,0.03,0.02,0.02,6.85
4203956,Capivari de Baixo,SC,8586,0.29,99.69,90.0,9.69,0.16,0.01,94.28,4.2,0.27,1.15,0.01,0.0,0.01,3.11
4204004,Catanduvas,SC,3822,9.03,90.97,57.69,33.28,8.95,0.0,87.83,6.28,2.09,3.77,0.0,0.0,0.03,10.26
4204103,Caxambu do Sul,SC,1675,91.28,8.48,0.24,8.24,91.16,0.12,56.06,11.4,7.82,24.48,0.0,0.0,0.06,32.72
4204152,Celso Ramos,SC,1031,92.14,5.14,0.87,4.27,86.61,0.0,58.49,33.37,1.16,6.98,0.0,0.0,0.0,6.98
4204178,Cerro Negro,SC,1197,88.22,10.78,1.09,9.69,74.1,0.17,48.62,11.19,19.97,18.21,0.0,0.0,1.92,35.0
4204194,Chapadão do Lageado,SC,1078,3.34,96.57,10.48,86.09,0.56,0.0,15.4,4.08,12.89,67.35,0.09,0.0,0.09,81.45
4204202,Chapecó,SC,92905,27.64,72.04,38.38,33.65,27.1,0.04,76.36,20.09,1.36,1.99,0.07,0.02,0.02,11.56
4204251,Cocal do Sul,SC,6230,6.36,93.32,65.99,27.34,5.55,0.02,93.9,1.24,2.36,2.36,0.02,0.0,0.08,1.46
4204301,Concórdia,SC,30419,12.29,87.48,33.53,53.96,12.06,0.01,88.82,5.65,0.51,4.86,0.04,0.05,0.04,7.55
4204350,Cordilheira Alta,SC,1664,62.14,37.86,13.46,24.4,62.08,0.0,52.28,31.91,2.16,13.46,0.0,0.18,0.0,33.53
4204400,Coronel Freitas,SC,3721,23.73,76.05,30.31,45.74,23.54,0.03,63.75,28.59,0.54,6.58,0.3,0.08,0.05,34.24
4204459,Coronel Martins,SC,762,59.97,40.03,6.04,33.99,59.84,0.13,47.64,19.82,6.43,26.12,0.0,0.0,0.0,26.51
4204509,Corupá,SC,5427,5.1,94.86,59.28,35.58,4.68,0.02,70.79,10.32,2.54,16.29,0.0,0.0,0.06,25.21
4204558,Correia Pinto,SC,5639,10.21,89.63,78.88,10.75,6.38,0.11,86.22,3.78,3.25,6.72,0.0,0.0,0.02,13.53
4204608,Criciúma,SC,79776,2.69,97.23,80.58,16.65,1.66,0.01,97.1,1.07,0.6,1.0,0.0,0.01,0.01,1.99
4204707,Cunha Porã,SC,4189,50.85,49.03,4.46,44.57,50.68,0.0,65.58,7.95,16.69,9.72,0.0,0.02,0.0,28.74
4204756,Cunhataí,SC,703,47.8,52.2,0.14,52.06,47.8,0.0,45.95,11.81,40.83,1.14,0.0,0.28,0.0,49.5
4204806,Curitibanos,SC,14314,14.48,85.15,69.23,15.91,11.3,0.01,86.06,8.02,1.99,3.71,0.02,0.03,0.03,7.75
4204905,Descanso,SC,3128,46.71,53.23,1.37,51.85,46.42,0.0,57.67,10.23,16.56,15.19,0.22,0.06,0.06,37.05
4205001,Dionísio Cerqueira,SC,5630,18.77,81.07,34.88,46.18,18.69,0.0,80.39,9.38,6.64,3.06,0.02,0.05,0.37,13.8
4205100,Dona Emma,SC,1455,9.35,90.58,4.67,85.91,9.07,0.0,55.12,6.74,24.19,13.75,0.0,0.14,0.0,35.88
4205159,Doutor Pedrinho,SC,1363,5.87,94.13,14.45,79.68,4.26,0.0,58.69,8.44,4.48,28.17,0.0,0.07,0.15,35.0
4205175,Entre Rios,SC,1173,59.59,40.15,7.59,32.57,59.08,0.34,33.33,11.59,30.18,23.36,0.26,0.0,0.0,56.35
4205191,Ermo,SC,809,6.43,93.57,17.68,75.9,4.2,0.0,43.63,25.59,19.65,11.12,0.0,0.0,0.0,43.88
4205209,Erval Velho,SC,1880,0.8,99.15,48.4,50.74,0.8,0.0,73.3,20.9,0.85,4.73,0.0,0.0,0.0,25.0
4205308,Faxinal dos Guedes,SC,4035,26.89,73.04,67.43,5.6,26.72,0.02,80.97,4.29,2.53,12.12,0.0,0.0,0.02,14.55
4205357,Flor do Sertão,SC,663,83.41,16.29,0.75,15.54,83.26,0.0,77.98,11.76,3.92,5.88,0.0,0.15,0.0,3.17
4205407,Florianópolis,SC,219739,3.16,96.28,57.1,39.18,2.54,0.01,94.59,1.6,0.19,3.18,0.0,0.02,0.31,2.68
4205431,Formosa do Sul,SC,952,62.39,37.5,5.04,32.46,62.39,0.0,55.36,19.96,4.52,18.07,1.58,0.42,0.0,26.68
4205456,Forquilhinha,SC,10857,5.92,94.0,68.07,25.94,5.44,0.02,88.19,3.86,7.66,0.1,0.03,0.0,0.0,9.32
4205506,Fraiburgo,SC,11916,11.2,88.09,70.54,17.55,9.87,0.01,84.79,8.87,2.33,3.9,0.04,0.01,0.0,10.71
4205555,Frei Rogério,SC,866,33.37,66.51,1.73,64.78,30.37,0.12,39.38,31.64,15.13,13.63,0.0,0.0,0.12,39.03
4205605,Galvão,SC,1155,52.03,47.97,0.61,47.36,51.95,0.0,68.92,11.26,6.84,12.99,0.0,0.0,0.0,13.59
4205704,Garopaba,SC,11257,5.85,93.9,8.13,85.77,5.67,0.02,76.16,12.92,2.19,7.46,0.0,0.13,0.99,15.2
4205803,Garuva,SC,6213,8.0,91.84,62.79,29.05,6.41,0.02,74.79,2.25,0.58,18.94,0.02,0.05,2.53,15.47
4205902,Gaspar,SC,25852,3.23,96.55,64.25,32.29,2.25,0.0,86.3,10.03,1.27,2.33,0.0,0.01,0.02,10.39
4206009,Governador Celso Ramos,SC,6156,13.53,86.16,16.73,69.43,1.35,0.0,93.24,0.54,0.28,5.73,0.0,0.02,0.15,2.99
4206108,Grão-Pará,SC,2178,25.3,74.56,49.59,24.98,21.12,0.0,54.59,6.15,1.88,37.33,0.0,0.0,0.05,40.86
4206207,Gravatal,SC,4626,2.44,97.47,39.32,58.15,2.03,0.0,56.98,14.53,1.12,27.22,0.0,0.0,0.0,35.91
4206306,Guabiruba,SC,8367,7.03,92.85,57.42,35.44,3.91,0.0,52.07,34.78,2.83,8.75,0.01,0.05,0.14,27.35
4206405,Guaraciaba,SC,3986,35.6,64.33,6.85,57.48,35.32,0.03,53.76,37.46,4.79,3.94,0.0,0.03,0.03,44.53
4206504,Guaramirim,SC,16304,6.24,93.71,58.8,34.91,4.95,0.01,78.51,16.2,2.18,3.08,0.0,0.0,0.01,12.57
4206603,Guarujá do Sul,SC,1946,42.55,57.45,0.46,56.99,42.5,0.0,80.11,9.76,1.8,8.17,0.0,0.05,0.1,8.74
4206652,Guatambú,SC,2913,36.53,63.47,1.75,61.72,36.35,0.03,48.78,27.91,4.46,18.67,0.0,0.03,0.1,46.93
4206702,Herval d'Oeste,SC,8275,5.57,94.32,76.66,17.66,5.35,0.01,92.41,4.73,0.24,2.54,0.0,0.02,0.0,3.87
4206751,Ibiam,SC,716,50.84,49.16,21.23,27.93,50.84,0.0,39.66,49.58,2.09,8.66,0.0,0.0,0.0,55.59
4206801,Ibicaré,SC,1250,9.92,90.08,1.84,88.24,9.84,0.0,67.04,14.64,2.0,16.32,0.0,0.0,0.0,27.84
4206900,Ibirama,SC,7261,5.16,94.53,32.2,62.33,4.48,0.03,84.89,2.42,6.73,5.78,0.0,0.04,0.11,8.79
4207007,Içara,SC,21095,9.11,90.86,53.95,36.9,8.76,0.01,85.3,5.42,8.59,0.59,0.02,0.01,0.01,9.63
4207106,Ilhota,SC,5861,8.51,91.45,60.81,30.64,4.76,0.0,53.28,37.2,2.49,6.76,0.0,0.05,0.19,34.65
4207205,Imaruí,SC,4586,4.32,95.33,12.87,82.47,2.99,0.04,48.21,9.92,3.03,37.59,0.0,0.07,1.02,44.33
4207304,Imbituba,SC,19946,5.6,94.19,5.76,88.43,5.29,0.03,78.85,17.92,1.89,1.08,0.01,0.02,0.01,13.64
4207403,Imbuia,SC,2182,7.88,91.7,15.26,76.44,3.39,0.0,34.6,15.17,30.98,19.16,0.0,0.05,0.05,59.03
4207502,Indaial,SC,25814,1.24,98.43,60.17,38.27,0.7,0.01,91.41,4.4,2.11,1.99,0.0,0.01,0.06,4.97
4207577,Iomerê,SC,1066,47.75,52.25,13.6,38.65,47.65,0.0,43.62,37.99,1.78,16.6,0.0,0.0,0.0,32.46
4207601,Ipira,SC,1835,25.72,74.28,0.54,73.73,25.67,0.0,70.03,12.7,2.78,14.5,0.0,0.0,0.0,19.95
4207650,Iporã do Oeste,SC,3401,23.32,76.68,0.97,75.71,22.99,0.0,65.07,5.79,21.35,6.17,0.03,0.26,0.15,27.43
4207684,Ipuaçu,SC,2528,92.48,2.77,0.51,2.25,80.26,10.68,46.04,15.98,15.47,9.3,2.37,0.0,0.0,44.38
4207700,Ipumirim,SC,2812,12.77,87.13,2.95,84.17,12.55,0.04,62.77,17.07,2.6,17.0,0.04,0.0,0.5,26.56
4207759,Iraceminha,SC,1466,63.85,36.02,0.27,35.74,63.85,0.0,71.28,6.14,13.92,8.53,0.0,0.07,0.07,14.39
4207809,Irani,SC,3654,35.41,64.26,8.87,55.39,35.11,0.11,76.41,10.04,0.93,12.21,0.0,0.05,0.25,22.8
4207858,Irati,SC,787,60.1,39.9,1.02,38.88,59.97,0.0,80.56,2.54,11.05,5.84,0.0,0.0,0.0,5.46
4207908,Irineópolis,SC,3603,38.47,61.34,17.82,43.52,37.83,0.08,42.8,17.65,23.01,16.13,0.0,0.03,0.25,51.51
4208005,Itá,SC,2693,10.92,89.08,52.02,37.06,10.92,0.0,75.64,12.59,1.75,9.88,0.04,0.04,0.04,16.64
4208104,Itaiópolis,SC,7715,41.05,58.76,11.39,47.36,40.79,0.06,56.64,8.24,21.8,13.16,0.03,0.01,0.01,38.83
4208203,Itajaí,SC,94053,1.99,97.73,80.51,17.23,0.76,0.0,96.08,2.34,0.21,1.15,0.0,0.01,0.16,2.75
4208302,Itapema,SC,27423,2.62,96.74,65.99,30.75,1.55,0.0,91.52,1.27,1.26,5.0,0.0,0.02,0.57,6.01
4208401,Itapiranga,SC,6004,39.09,60.73,48.63,12.09,38.47,0.08,86.59,2.7,2.35,8.16,0.0,0.1,0.0,1.6
4208450,Itapoá,SC,11491,0.97,98.75,1.89,96.86,0.74,0.02,93.75,4.04,0.41,1.22,0.0,0.04,0.0,5.49
4208500,Ituporanga,SC,9514,10.06,89.84,48.3,41.54,8.51,0.02,65.01,3.78,9.34,21.76,0.02,0.03,0.03,31.22
4208609,Jaborá,SC,1543,27.93,72.07,1.69,70.38,27.74,0.0,53.92,28.84,2.66,14.52,0.0,0.06,0.0,23.4
4208708,Jacinto Machado,SC,3951,33.33,66.57,11.92,54.64,15.54,0.03,62.39,5.87,6.05,25.59,0.0,0.0,0.1,32.75
4208807,Jaguaruna,SC,7567,2.55,97.37,7.49,89.88,2.42,0.0,69.74,27.12,1.53,1.53,0.0,0.0,0.01,22.77
4208906,Jaraguá do Sul,SC,66380,2.26,97.4,86.37,11.03,1.83,0.0,89.37,6.29,1.4,2.76,0.0,0.01,0.16,6.87
4208955,Jardinópolis,SC,676,55.18,44.82,0.59,44.23,55.18,0.0,69.82,10.36,7.4,12.13,0.0,0.0,0.0,26.18
4209003,Joaçaba,SC,11772,10.16,89.76,60.17,29.6,10.02,0.03,92.41,4.02,0.54,2.94,0.0,0.0,0.01,6.46
4209102,Joinville,SC,221964,4.28,95.45,78.02,17.43,3.76,0.0,96.38,1.87,0.16,1.4,0.0,0.01,0.03,2.58
4209151,José Boiteux,SC,1878,6.5,93.4,9.74,83.65,2.34,0.05,62.94,1.97,7.24,27.58,0.0,0.0,0.21,30.78
4209177,Jupiá,SC,947,92.93,6.97,0.53,6.44,92.71,0.11,58.5,21.22,5.28,14.68,0.32,0.0,0.0,19.75
4209201,Lacerdópolis,SC,829,0.36,99.64,0.84,98.79,0.36,0.0,58.02,35.22,0.48,6.27,0.0,0.0,0.0,15.92
4209300,Lages,SC,59935,5.82,93.98,79.8,14.18,1.33,0.04,96.69,1.3,0.28,1.53,0.0,0.01,0.03,2.58
4209409,Laguna,SC,16399,6.66,93.0,50.49,42.51,5.94,0.01,87.59,9.11,0.46,2.57,0.0,0.01,0.13,7.7
4209458,Lajeado Grande,SC,584,72.09,27.91,4.62,23.29,72.09,0.0,58.73,12.33,1.88,26.88,0.17,0.0,0.0,22.95
4209508,Laurentino,SC,2938,21.82,78.11,48.67,29.44,19.74,0.0,70.59,6.74,4.63,18.01,0.0,0.0,0.0,19.74
4209607,Lauro Müller,SC,5281,21.49,78.47,52.53,25.94,18.65,0.0,77.01,3.28,0.55,18.88,0.0,0.0,0.21,17.04
4209706,Lebon Régis,SC,3874,43.39,54.9,30.38,24.52,34.85,0.08,70.86,4.98,6.66,17.22,0.0,0.0,0.15,28.01
4209805,Leoberto Leal,SC,1217,13.72,86.2,10.85,75.35,0.9,0.0,25.55,8.87,2.38,59.9,0.0,0.0,3.29,70.58
4209854,Lindóia do Sul,SC,1637,4.64,95.36,9.53,85.83,4.52,0.0,55.77,15.88,1.77,26.27,0.0,0.0,0.31,19.06
4209904,Lontras,SC,4659,1.65,98.3,56.04,42.26,0.49,0.0,70.1,4.44,16.55,6.98,0.02,0.0,1.91,24.58
4210001,Luiz Alves,SC,3984,10.59,89.28,37.55,51.73,5.92,0.0,31.4,49.7,4.97,12.95,0.0,0.0,0.93,55.65
4210035,Luzerna,SC,2287,11.46,88.54,69.22,19.33,11.46,0.0,80.8,8.18,3.76,7.13,0.0,0.04,0.0,14.74
4210050,Macieira,SC,648,51.23,48.61,11.11,37.5,50.0,0.0,36.73,37.35,8.8,16.51,0.0,0.0,0.62,33.02
4210100,Mafra,SC,20079,14.56,85.33,5.32,80.0,14.25,0.02,81.6,6.32,8.18,3.77,0.0,0.01,0.0,15.32
4210209,Major Gercino,SC,1205,5.98,93.94,2.16,91.78,3.4,0.0,34.02,9.88,1.16,52.37,0.0,0.0,2.57,50.46
4210308,Major Vieira,SC,2677,48.79,51.03,22.97,28.05,48.75,0.0,38.48,11.43,47.03,2.88,0.0,0.04,0.15,58.72
4210407,Maracajá,SC,2744,1.68,98.21,38.7,59.51,1.46,0.0,57.03,17.46,25.33,0.18,0.0,0.0,0.0,33.93
4210506,Maravilha,SC,10619,28.82,71.16,5.41,65.75,28.75,0.0,90.95,3.74,3.4,1.87,0.01,0.0,0.01,4.11
4210555,Marema,SC,742,46.5,53.5,0.13,53.37,46.36,0.0,45.15,39.08,0.81,14.42,0.4,0.0,0.0,54.85
4210605,Massaranduba,SC,6204,4.93,94.76,47.74,47.02,3.29,0.0,36.4,53.45,3.92,6.11,0.0,0.02,0.03,47.95
4210704,Matos Costa,SC,964,26.87,73.03,29.46,43.57,23.55,0.0,54.36,9.44,16.8,18.57,0.0,0.0,0.1,44.81
4210803,Meleiro,SC,2589,0.5,99.5,41.33,58.17,0.35,0.0,49.52,18.85,28.08,3.4,0.04,0.0,0.0,42.1
4210852,Mirim Doce,SC,902,7.87,91.91,38.69,53.22,7.65,0.0,41.91,5.88,6.98,45.12,0.0,0.0,0.0,51.33
4210902,Modelo,SC,1531,51.27,48.66,3.98,44.68,51.27,0.0,76.36,7.12,0.26,16.2,0.0,0.0,0.0,17.11
4211009,Mondaí,SC,3783,25.43,74.54,2.22,72.32,25.38,0.0,82.77,3.04,7.38,6.34,0.0,0.42,0.05,8.17
4211058,Monte Carlo,SC,3167,17.59,82.16,72.84,9.31,15.22,0.03,90.97,1.23,4.14,3.54,0.0,0.0,0.0,8.46
4211108,Monte Castelo,SC,2676,17.19,82.77,10.5,72.27,17.08,0.0,56.24,5.87,33.71,4.04,0.0,0.04,0.04,29.3
4211207,Morro da Fumaça,SC,6400,2.45,97.47,82.89,14.58,1.75,0.0,89.58,8.56,0.97,0.83,0.05,0.0,0.02,6.23
4211256,Morro Grande,SC,1088,0.09,99.91,8.64,91.27,0.09,0.0,59.56,3.77,8.73,27.76,0.0,0.0,0.09,27.02
4211306,Navegantes,SC,29442,2.33,97.58,83.4,14.18,1.24,0.01,93.5,4.0,0.64,1.22,0.02,0.0,0.01,4.54
4211405,Nova Erechim,SC,1874,62.38,37.62,4.8,32.82,62.38,0.0,80.04,4.96,2.03,12.97,0.0,0.0,0.0,16.7
4211454,Nova Itaberaba,SC,1684,78.98,20.96,2.32,18.65,78.56,0.0,49.05,35.69,3.38,11.64,0.06,0.12,0.0,47.03
4211504,Nova Trento,SC,5035,8.32,91.56,54.84,36.72,6.91,0.04,69.71,7.23,1.27,21.77,0.0,0.0,0.0,17.6
4211603,Nova Veneza,SC,4870,3.51,96.49,51.31,45.17,3.35,0.0,83.16,10.02,1.09,5.3,0.0,0.0,0.23,4.35
4211652,Novo Horizonte,SC,908,95.93,3.96,0.11,3.85,95.81,0.0,44.27,10.57,12.56,32.49,0.0,0.0,0.0,48.35
4211702,Orleans,SC,8553,16.01,83.82,66.19,17.63,15.57,0.0,78.16,5.87,1.87,14.03,0.0,0.0,0.02,19.6
4211751,Otacílio Costa,SC,6307,5.64,94.34,72.41,21.93,3.58,0.0,91.82,2.79,1.84,3.33,0.0,0.0,0.0,7.8
4211801,Ouro,SC,2657,2.07,97.85,33.91,63.94,1.92,0.0,73.65,19.27,0.53,6.47,0.0,0.08,0.0,23.9
4211850,Ouro Verde,SC,787,98.73,1.27,1.27,0.0,98.6,0.0,48.41,15.37,2.29,33.93,0.0,0.0,0.0,38.75
4211876,Paial,SC,692,41.18,58.53,0.58,57.95,40.9,0.14,60.69,15.9,3.32,19.22,0.43,0.0,0.14,15.9
4211892,Painel,SC,841,25.68,74.32,23.42,50.89,19.98,0.12,43.76,4.16,0.83,50.89,0.0,0.0,0.36,53.51
4211900,Palhoça,SC,81734,3.04,96.78,54.98,41.8,2.18,0.02,92.7,2.31,1.58,2.96,0.0,0.01,0.24,6.43
4212007,Palma Sola,SC,2783,43.77,56.23,0.47,55.77,42.08,0.07,79.3,2.59,10.85,7.04,0.04,0.0,0.14,17.57
4212056,Palmeira,SC,960,16.98,82.92,36.67,46.25,15.94,0.21,48.85,14.38,18.75,17.92,0.0,0.0,0.0,47.81
4212106,Palmitos,SC,6048,69.08,30.9,0.83,30.08,69.05,0.0,77.05,6.93,8.61,7.29,0.0,0.12,0.0,10.09
4212205,Papanduva,SC,6896,25.54,74.42,53.57,20.85,24.33,0.06,59.34,7.44,28.12,4.81,0.06,0.01,0.15,34.24
4212239,Paraíso,SC,1574,53.75,45.68,0.06,45.62,53.68,0.06,42.12,23.51,20.9,12.64,0.32,0.06,0.13,57.12
4212254,Passo de Torres,SC,4746,0.36,99.64,3.2,96.44,0.36,0.0,59.76,28.57,11.61,0.04,0.0,0.0,0.0,24.78
4212270,Passos Maia,SC,1337,53.4,46.45,6.13,40.31,53.03,0.0,46.75,6.66,5.09,41.44,0.0,0.0,0.07,48.54
4212304,Paulo Lopes,SC,3293,9.63,90.28,2.1,88.19,9.32,0.0,55.66,3.4,0.88,31.01,0.0,0.18,8.78,38.05
4212403,Pedras Grandes,SC,1588,2.83,96.98,12.09,84.89,0.69,0.06,45.78,11.71,1.07,41.44,0.0,0.0,0.0,46.91
4212502,Penha,SC,11982,2.1,97.78,82.11,15.67,1.41,0.0,86.64,5.89,6.05,1.16,0.0,0.02,0.09,8.34
4212601,Peritiba,SC,1200,19.92,80.0,0.67,79.33,19.92,0.0,72.25,9.0,5.0,13.75,0.0,0.0,0.0,23.0
4212650,Pescaria Brava,SC,3824,8.89,91.0,4.81,86.19,1.67,0.0,53.27,15.59,6.15,24.66,0.03,0.0,0.26,23.12
4212700,Petrolândia,SC,2443,5.81,94.06,34.22,59.84,1.51,0.04,39.38,15.15,17.23,28.12,0.0,0.12,0.0,57.51
4212809,Balneário Piçarras,SC,9836,2.18,97.67,60.95,36.72,1.5,0.02,83.92,12.98,2.35,0.32,0.01,0.03,0.0,13.0
4212908,Pinhalzinho,SC,8160,47.95,51.94,6.4,45.54,47.93,0.0,83.14,8.21,4.11,4.45,0.0,0.04,0.01,10.55
4213005,Pinheiro Preto,SC,1175,30.04,69.96,52.6,17.36,29.96,0.0,67.91,25.19,0.51,6.38,0.0,0.0,0.0,21.02
4213104,Piratuba,SC,2284,20.4,79.25,6.17,73.07,20.32,0.0,78.02,1.58,16.29,3.98,0.04,0.04,0.04,14.84
4213153,Planalto Alegre,SC,1058,82.14,17.86,0.09,17.77,82.14,0.0,56.99,4.63,11.63,26.18,0.09,0.28,0.0,24.67
4213203,Pomerode,SC,11949,1.89,98.09,34.79,63.3,1.47,0.0,80.29,10.65,3.77,5.23,0.0,0.0,0.03,12.89
4213302,Ponte Alta,SC,1599,29.14,70.73,33.4,37.34,24.14,0.06,76.42,10.01,1.44,12.07,0.0,0.0,0.0,18.95
4213351,Ponte Alta do Norte,SC,1063,14.21,84.67,77.7,6.96,5.17,0.0,88.62,4.7,3.39,3.1,0.0,0.0,0.09,10.16
4213401,Ponte Serrada,SC,3780,36.4,63.47,33.76,29.71,33.31,0.03,82.62,6.77,4.89,5.26,0.03,0.19,0.13,12.99
4213500,Porto Belo,SC,9875,9.51,90.3,16.55,73.75,7.89,0.02,88.88,1.93,0.16,6.43,0.0,0.05,2.37,5.66
4213609,Porto União,SC,11875,8.9,90.93,72.59,18.34,8.67,0.01,84.13,3.6,3.05,9.02,0.0,0.01,0.09,14.01
4213708,Pouso Redondo,SC,6072,12.06,87.9,60.13,27.77,10.79,0.0,54.13,11.84,20.09,13.82,0.0,0.0,0.0,36.02
4213807,Praia Grande,SC,3235,11.1,88.66,41.08,47.57,9.98,0.03,69.86,5.97,9.8,14.22,0.0,0.0,0.12,23.59
4213906,Presidente Castello Branco,SC,606,47.69,52.31,0.99,51.32,47.52,0.0,64.19,6.27,0.83,28.71,0.0,0.0,0.0,9.9
4214003,Presidente Getúlio,SC,7008,3.28,96.6,66.21,30.39,2.58,0.01,83.76,4.59,4.54,6.93,0.0,0.06,0.03,11.56
4214102,Presidente Nereu,SC,883,5.44,94.45,16.53,77.92,2.83,0.0,37.71,2.38,7.13,52.43,0.0,0.0,0.34,51.3
4214151,Princesa,SC,1093,46.94,52.88,0.18,52.7,46.66,0.0,73.38,7.78,1.28,17.2,0.18,0.09,0.0,9.06
4214201,Quilombo,SC,3846,51.17,48.8,4.97,43.84,50.91,0.03,65.99,10.09,4.55,19.24,0.08,0.03,0.0,29.54
4214300,Rancho Queimado,SC,1249,26.9,73.1,27.46,45.64,24.9,0.0,36.43,6.89,2.4,54.04,0.0,0.16,0.08,57.49
4214409,Rio das Antas,SC,2239,33.1,66.86,6.74,60.12,31.31,0.0,53.73,20.23,12.42,13.53,0.0,0.04,0.0,44.44
4214508,Rio do Campo,SC,2343,11.99,87.92,45.28,42.64,11.14,0.0,58.13,6.19,24.54,10.88,0.0,0.0,0.17,34.49
4214607,Rio do Oeste,SC,2736,5.7,94.26,57.02,37.24,5.15,0.04,58.33,5.88,9.1,26.64,0.0,0.0,0.0,39.95
4214706,Rio dos Cedros,SC,3850,8.65,91.3,21.97,69.32,6.75,0.0,55.92,17.12,5.82,20.99,0.0,0.0,0.16,39.74
4214805,Rio do Sul,SC,27416,2.08,97.8,65.06,32.74,1.12,0.02,92.02,1.48,1.54,4.86,0.01,0.05,0.01,5.78
4214904,Rio Fortuna,SC,1582,21.18,78.82,37.74,41.09,19.28,0.0,41.28,27.31,1.9,29.46,0.06,0.0,0.0,29.65
4215000,Rio Negrinho,SC,13742,7.31,92.61,61.84,30.77,6.85,0.2,93.27,2.07,0.82,3.73,0.0,0.01,0.08,5.55
4215059,Rio Rufino,SC,871,62.46,37.43,28.47,8.96,44.32,0.0,35.02,3.67,0.69,60.62,0.0,0.0,0.0,63.95
4215075,Riqueza,SC,1838,60.55,39.45,2.72,36.72,60.45,0.0,73.34,8.54,11.21,6.8,0.0,0.0,0.0,13.17
4215109,Rodeio,SC,4697,6.34,93.57,59.23,34.34,4.85,0.0,57.5,23.12,3.13,16.14,0.04,0.02,0.04,25.44
4215208,Romelândia,SC,1859,80.74,19.1,3.39,15.71,80.58,0.11,60.68,8.34,19.58,10.81,0.32,0.16,0.05,28.62
4215307,Salete,SC,2748,7.97,91.48,52.0,39.48,5.97,0.04,63.86,4.48,6.26,25.33,0.0,0.0,0.07,32.1
4215356,Saltinho,SC,1356,73.38,26.25,0.52,25.74,73.01,0.15,51.92,13.86,16.08,16.74,1.25,0.15,0.0,39.9
4215406,Salto Veloso,SC,1663,7.28,92.66,4.15,88.51,7.16,0.0,82.92,12.93,0.54,3.49,0.0,0.0,0.06,13.95
4215455,Sangão,SC,4251,10.77,89.2,29.52,59.68,7.93,0.02,52.36,34.98,7.79,4.8,0.0,0.0,0.0,36.3
4215505,Santa Cecília,SC,5385,8.91,90.79,81.21,9.58,3.68,0.15,84.87,7.87,4.85,2.21,0.0,0.02,0.06,8.91
4215554,Santa Helena,SC,881,78.77,21.11,1.59,19.52,78.77,0.0,79.8,9.31,2.38,8.17,0.11,0.23,0.0,12.15
4215604,Santa Rosa de Lima,SC,737,2.04,97.69,10.04,87.65,0.14,0.0,30.39,13.16,0.81,55.22,0.0,0.14,0.27,66.08
4215653,Santa Rosa do Sul,SC,3674,5.36,94.58,1.55,93.03,5.14,0.0,54.3,7.51,32.91,5.17,0.0,0.03,0.0,35.87
4215679,Santa Terezinha,SC,2944,37.3,62.67,7.2,55.47,36.79,0.03,20.38,3.19,53.02,23.37,0.0,0.0,0.03,76.29
4215687,Santa Terezinha do Progresso,SC,955,89.01,10.58,0.42,10.16,89.01,0.0,44.4,6.18,32.15,16.86,0.0,0.21,0.1,50.68
4215695,Santiago do Sul,SC,577,76.6,23.4,2.43,20.97,76.26,0.35,79.38,10.57,0.69,9.36,0.0,0.0,0.0,13.52
4215703,Santo Amaro da Imperatriz,SC,10190,6.59,93.34,48.13,45.21,6.06,0.0,84.69,6.02,1.28,7.87,0.01,0.01,0.12,7.96
4215752,São Bernardino,SC,979,83.45,16.55,0.31,16.24,82.84,0.31,43.62,9.4,28.29,18.59,0.0,0.0,0.1,49.44
4215802,São Bento do Sul,SC,30055,3.71,96.23,45.09,51.14,3.32,0.01,95.45,2.66,0.79,1.04,0.0,0.01,0.01,2.64
4215901,São Bonifácio,SC,1126,6.22,93.61,2.04,91.56,3.2,0.0,19.98,9.77,1.33,68.83,0.0,0.0,0.09,56.48
4216008,São Carlos,SC,3873,62.59,37.31,3.92,33.38,62.46,0.05,73.97,7.95,16.94,0.9,0.03,0.03,0.05,19.98
4216057,São Cristóvão do Sul,SC,1475,11.25,88.75,64.95,23.8,3.8,0.0,86.51,4.75,1.15,7.46,0.0,0.07,0.0,13.22
4216107,São Domingos,SC,3453,70.49,29.48,22.97,6.52,70.4,0.0,73.24,7.24,5.5,13.81,0.0,0.0,0.03,24.99
4216206,São Francisco do Sul,SC,19370,2.56,97.28,23.14,74.15,1.68,0.01,89.88,6.88,1.37,1.68,0.0,0.06,0.02,6.79
4216255,São João do Oeste,SC,2347,54.28,45.42,1.7,43.72,54.2,0.0,56.03,10.65,8.22,24.07,0.0,0.85,0.13,31.74
4216305,São João Batista,SC,11626,2.74,97.23,49.82,47.41,1.75,0.01,89.92,2.88,0.21,6.95,0.0,0.0,0.03,4.56
4216354,São João do Itaperiú,SC,1490,12.55,87.38,13.15,74.23,12.35,0.0,33.22,55.3,6.58,4.83,0.0,0.07,0.0,51.14
4216404,São João do Sul,SC,3323,27.84,72.13,3.49,68.64,27.63,0.0,21.55,45.77,30.88,0.87,0.0,0.0,0.0,73.43
4216503,São Joaquim,SC,9578,13.25,86.63,50.02,36.6,8.21,0.06,69.66,2.71,0.88,26.6,0.0,0.02,0.0,29.05
4216602,São José,SC,105580,2.29,96.98,72.03,24.96,1.42,0.03,98.3,0.37,0.29,0.87,0.0,0.02,0.07,1.25
4216701,São José do Cedro,SC,5336,49.83,50.11,1.41,48.71,49.57,0.02,78.99,12.54,2.12,6.13,0.04,0.17,0.0,8.77
4216800,São José do Cerrito,SC,3327,50.35,49.17,21.13,28.04,47.22,0.24,29.13,15.36,5.14,49.95,0.0,0.06,0.21,65.49
4216909,São Lourenço do Oeste,SC,8991,58.08,41.16,11.4,29.76,57.48,0.01,79.6,6.43,4.64,9.06,0.19,0.04,0.0,16.05
4217006,São Ludgero,SC,4660,0.17,99.81,82.38,17.42,0.11,0.0,81.52,9.08,1.24,8.13,0.0,0.0,0.02,15.79
4217105,São Martinho,SC,1168,3.0,97.0,24.14,72.86,1.63,0.0,28.08,35.53,6.59,29.71,0.0,0.0,0.09,60.19
4217154,São Miguel da Boa Vista,SC,662,70.09,29.91,0.3,29.61,70.09,0.0,48.64,15.41,28.1,7.85,0.0,0.0,0.0,40.94
4217204,São Miguel do Oeste,SC,17301,12.56,87.37,10.31,77.06,11.87,0.0,71.58,23.07,3.2,2.02,0.02,0.05,0.02,19.77
4217253,São Pedro de Alcântara,SC,1742,4.71,95.12,19.35,75.77,2.41,0.0,45.29,7.75,2.07,44.66,0.0,0.17,0.06,42.42
4217303,Saudades,SC,3598,73.62,26.32,0.64,25.68,73.46,0.0,71.62,5.98,6.89,15.34,0.03,0.14,0.0,22.98
4217402,Schroeder,SC,6835,4.52,95.42,66.93,28.49,3.61,0.0,76.87,13.47,3.38,6.17,0.0,0.0,0.07,13.02
4217501,Seara,SC,6668,13.17,85.09,30.7,54.39,12.81,0.03,65.94,21.7,0.99,10.75,0.12,0.43,0.03,25.81
4217550,Serra Alta,SC,1230,48.21,51.79,2.03,49.76,48.21,0.0,78.62,4.55,7.07,9.67,0.0,0.08,0.0,13.09
4217600,Siderópolis,SC,4961,7.2,92.72,47.87,44.85,3.99,0.02,82.14,6.97,1.29,7.62,0.0,0.0,1.79,8.53
4217709,Sombrio,SC,11048,2.62,97.36,33.95,63.41,2.18,0.0,41.67,46.76,9.96,1.43,0.0,0.01,0.07,45.11
4217758,Sul Brasil,SC,999,60.96,39.04,30.73,8.31,60.96,0.0,62.66,4.5,18.32,13.91,0.0,0.3,0.3,29.23
4217808,Taió,SC,6835,5.52,94.46,54.21,40.25,4.51,0.01,57.67,10.05,12.82,19.4,0.0,0.01,0.03,36.43
4217907,Tangará,SC,3050,46.43,53.54,1.15,52.39,45.05,0.0,62.98,25.02,6.59,5.34,0.0,0.0,0.03,25.31
4217956,Tigrinhos,SC,863,84.82,15.06,0.81,14.25,84.7,0.0,43.45,45.19,7.76,3.59,0.0,0.0,0.0,55.16
4218004,Tijucas,SC,18229,3.17,96.81,56.21,40.61,2.38,0.01,94.67,1.23,0.33,3.57,0.0,0.01,0.13,3.38
4218103,Timbé do Sul,SC,1998,3.1,96.8,15.37,81.43,0.8,0.0,71.17,1.7,2.0,24.37,0.0,0.0,0.75,27.18
4218202,Timbó,SC,16734,3.56,96.34,66.38,29.96,3.3,0.01,88.52,7.85,2.31,1.27,0.01,0.0,0.04,6.39
4218251,Timbó Grande,SC,2520,66.63,32.82,19.29,13.53,63.45,0.75,67.3,3.21,7.46,21.59,0.0,0.0,0.36,30.32
4218301,Três Barras,SC,6573,39.42,60.35,11.44,48.91,38.81,0.06,85.56,5.57,8.37,0.18,0.02,0.0,0.0,12.76
4218350,Treviso,SC,1369,2.12,97.88,33.38,64.5,0.51,0.0,56.9,0.51,0.15,15.05,0.0,0.0,27.39,12.64
4218400,Treze de Maio,SC,2586,0.27,99.69,23.86,75.83,0.08,0.04,37.63,36.66,0.81,24.63,0.0,0.0,0.23,58.86
4218509,Treze Tílias,SC,3253,12.42,87.52,39.5,48.02,12.08,0.06,74.09,17.34,1.26,7.19,0.0,0.06,0.0,17.4
4218608,Trombudo Central,SC,2724,7.12,92.84,51.91,40.93,3.27,0.04,68.39,2.35,16.63,12.48,0.0,0.07,0.04,21.7
4218707,Tubarão,SC,42131,0.38,99.59,76.17,23.42,0.25,0.0,91.03,3.93,0.22,4.76,0.01,0.01,0.01,6.68
4218756,Tunápolis,SC,1764,53.34,46.54,9.86,36.68,53.06,0.0,70.12,8.22,12.76,8.33,0.0,0.4,0.11,14.46
4218806,Turvo,SC,4820,8.07,91.91,48.9,43.01,6.8,0.02,63.34,9.48,13.86,13.2,0.02,0.0,0.02,32.05
4218855,União do Oeste,SC,1026,51.75,48.05,0.19,47.86,51.66,0.1,54.58,21.54,7.21,16.57,0.0,0.0,0.0,44.25
4218905,Urubici,SC,3956,13.73,86.1,50.33,35.77,7.53,0.03,71.51,1.87,0.48,25.86,0.0,0.05,0.2,26.57
4218954,Urupema,SC,962,33.78,65.49,15.59,49.9,15.28,0.0,58.0,4.37,0.31,26.92,0.0,0.0,10.4,37.42
4219002,Urussanga,SC,7765,4.91,95.03,49.81,45.22,1.65,0.0,83.95,4.1,0.9,10.97,0.0,0.0,0.06,11.32
4219101,Vargeão,SC,1291,23.32,76.68,18.75,57.94,23.16,0.0,61.74,16.03,2.94,19.29,0.0,0.0,0.0,27.11
4219150,Vargem,SC,1009,60.95,38.85,3.27,35.58,59.37,0.0,50.74,6.74,2.28,39.94,0.0,0.0,0.2,42.02
4219176,Vargem Bonita,SC,1610,12.98,87.02,20.37,66.65,11.86,0.0,69.63,18.26,3.11,9.01,0.0,0.0,0.0,30.12
4219200,Vidal Ramos,SC,2330,22.92,77.0,4.59,72.4,21.93,0.0,36.78,10.77,11.33,41.03,0.0,0.0,0.04,58.88
4219309,Videira,SC,20543,9.03,90.97,62.89,28.07,7.43,0.0,90.36,6.13,0.64,2.83,0.0,0.0,0.01,6.1
4219358,Vitor Meireles,SC,1922,2.6,97.35,11.13,86.21,1.09,0.05,48.28,7.39,13.89,30.28,0.0,0.0,0.16,45.47
4219408,Witmarsum,SC,1527,7.6,92.34,10.02,82.32,6.35,0.0,45.32,13.16,19.52,21.94,0.0,0.0,0.0,43.81
4219507,Xanxerê,SC,19301,29.97,69.95,12.32,57.63,28.55,0.0,62.69,31.84,1.11,4.32,0.0,0.0,0.01,20.29
4219606,Xavantina,SC,1253,20.19,79.57,23.94,55.63,19.79,0.0,42.94,21.07,2.15,33.12,0.0,0.16,0.32,52.43
4219705,Xaxim,SC,11649,28.0,71.93,7.44,64.49,27.58,0.0,78.2,12.9,1.54,7.32,0.0,0.01,0.0,12.74
4219853,Zortéa,SC,1463,5.95,94.05,0.68,93.37,5.67,0.0,89.88,4.17,2.46,3.28,0.0,0.0,0.0,8.61
4220000,Balneário Rincão,SC,5815,42.17,57.8,4.3,53.5,42.12,0.0,87.19,8.37,1.67,2.44,0.0,0.0,0.02,8.98
4300034,Aceguá,RS,1577,49.65,49.65,13.95,35.7,48.32,0.25,36.91,12.05,13.44,5.77,0.13,24.54,6.09,55.17
4300059,Água Santa,RS,1382,17.73,82.27,6.58,75.69,17.29,0.0,44.21,41.75,1.23,12.81,0.0,0.0,0.0,53.18
4300109,Agudo,RS,6132,15.85,83.89,49.67,34.21,13.67,0.18,61.64,9.47,16.23,12.13,0.02,0.03,0.29,29.27
4300208,Ajuricaba,RS,2592,63.77,36.23,6.25,29.98,63.5,0.0,85.38,11.3,0.12,3.16,0.0,0.0,0.0,4.44
4300307,Alecrim,RS,2553,62.55,37.02,0.67,36.35,62.2,0.08,80.53,6.07,8.15,4.86,0.0,0.35,0.0,5.33
4300406,Alegrete,RS,28245,4.49,95.27,76.45,18.82,3.52,0.07,87.75,9.17,1.96,0.4,0.01,0.06,0.07,11.53
4300455,Alegria,RS,1453,97.32,2.48,0.55,1.93,97.25,0.0,87.06,4.89,3.85,3.99,0.0,0.0,0.07,6.13
4300471,Almirante Tamandaré do Sul,RS,798,45.49,54.51,18.55,35.96,45.36,0.0,65.66,25.94,0.38,7.89,0.0,0.13,0.0,11.15
4300505,Alpestre,RS,2845,65.66,34.06,12.62,21.44,64.01,0.32,53.36,4.08,34.02,7.38,0.04,0.46,0.46,35.78
4300554,Alto Alegre,RS,697,96.7,3.16,0.14,3.01,96.56,0.0,93.83,4.3,0.0,1.87,0.0,0.0,0.0,2.73
4300570,Alto Feliz,RS,1230,5.85,94.07,14.07,80.0,5.53,0.0,68.05,6.83,20.81,3.5,0.16,0.57,0.0,14.39
4300604,Alvorada,RS,68775,3.85,95.97,92.18,3.79,1.29,0.03,98.13,1.53,0.06,0.03,0.02,0.01,0.01,0.83
4300638,Amaral Ferrador,RS,2012,36.98,62.03,3.03,59.0,29.13,0.55,71.42,5.07,18.44,4.87,0.0,0.05,0.05,25.99
4300646,Ametista do Sul,RS,2901,92.04,7.86,4.79,3.07,91.93,0.03,77.15,13.06,2.86,6.24,0.0,0.14,0.38,7.65
4300661,André da Rocha,RS,437,20.14,79.86,13.5,66.36,19.91,0.0,79.41,10.98,0.0,9.61,0.0,0.0,0.0,17.16
4300703,Anta Gorda,RS,2235,31.14,68.86,39.19,29.66,31.01,0.0,88.14,7.38,0.27,4.21,0.0,0.0,0.0,2.82
4300802,Antônio Prado,RS,5006,10.81,89.07,68.24,20.83,9.79,0.0,78.59,14.24,0.46,6.57,0.0,0.04,0.06,16.42
4300851,Arambaré,RS,1729,57.55,42.34,11.86,30.48,55.47,0.0,81.67,11.22,6.48,0.0,0.4,0.0,0.12,16.37
4300877,Araricá,RS,3215,6.5,93.37,56.45,36.92,6.0,0.0,10.92,86.38,1.18,0.68,0.78,0.0,0.0,87.34
4300901,Aratiba,RS,2573,23.24,76.76,43.1,33.66,22.54,0.0,60.79,29.23,0.35,9.37,0.27,0.0,0.0,21.73
4301008,Arroio do Meio,RS,8407,5.66,94.29,5.07,89.22,5.59,0.0,90.16,8.81,0.18,0.77,0.0,0.05,0.0,7.74
4301057,Arroio do Sal,RS,4465,5.85,94.13,3.38,90.75,5.62,0.04,68.04,30.71,1.21,0.0,0.0,0.0,0.0,16.75
4301073,Arroio do Padre,RS,823,54.8,45.2,0.12,45.08,48.97,0.61,19.81,1.09,78.25,0.49,0.24,0.0,0.0,73.03
4301107,Arroio dos Ratos,RS,5513,7.87,92.02,52.26,39.76,6.82,0.02,95.25,2.29,0.24,1.78,0.0,0.0,0.02,3.83
4301206,Arroio do Tigre,RS,4452,53.82,46.05,11.41,34.64,51.37,0.18,66.26,17.65,8.0,7.95,0.0,0.02,0.04,10.04
4301305,Arroio Grande,RS,7269,3.45,96.45,84.51,11.94,2.42,0.04,86.6,4.33,8.5,0.1,0.0,0.1,0.11,12.49
4301404,Arvorezinha,RS,3931,37.93,61.99,56.58,5.42,37.04,0.05,76.29,5.7,0.66,17.27,0.0,0.05,0.0,17.12
4301503,Augusto Pestana,RS,2834,63.97,35.92,1.34,34.58,63.44,0.04,94.57,3.49,0.32,1.62,0.0,0.0,0.0,2.65
4301552,Áurea,RS,1318,18.59,81.41,19.65,61.76,17.37,0.0,47.12,20.56,10.09,22.08,0.08,0.08,0.0,36.19
4301602,Bagé,RS,45299,5.8,93.91,85.17,8.74,1.98,0.04,96.98,1.03,1.1,0.16,0.04,0.08,0.2,2.49
4301636,Balneário Pinhal,RS,6100,48.49,51.16,6.59,44.57,48.18,0.07,58.97,39.93,0.18,0.0,0.0,0.0,0.0,25.44
4301651,Barão,RS,2427,38.32,61.6,23.61,37.99,37.33,0.0,84.84,4.57,3.26,7.25,0.0,0.08,0.0,4.61
4301701,Barão de Cotegipe,RS,2680,16.42,83.43,21.6,61.83,15.56,0.11,75.63,14.29,0.22,9.78,0.0,0.0,0.0,22.01
4301750,Barão do Triunfo,RS,2409,92.65,7.06,1.58,5.48,79.91,0.29,11.79,27.69,2.78,57.33,0.04,0.04,0.29,81.53
4301800,Barracão,RS,1931,63.75,36.2,4.76,31.43,62.97,0.1,69.96,13.88,3.73,12.17,0.0,0.0,0.1,24.86
4301859,Barra do Guarita,RS,1179,90.33,9.67,0.25,9.41,90.16,0.0,86.6,4.5,3.9,5.0,0.0,0.0,0.0,5.26
4301875,Barra do Quaraí,RS,1462,8.82,90.97,72.09,18.88,8.07,0.0,72.85,25.72,0.27,0.07,0.0,0.07,0.07,7.59
4301909,Barra do Ribeiro,RS,4796,18.24,81.28,74.17,7.11,16.89,0.02,76.69,17.87,0.54,4.11,0.56,0.04,0.0,21.41
4301925,Barra do Rio Azul,RS,620,63.39,35.97,0.0,35.97,62.58,0.0,65.81,26.13,0.0,7.9,0.0,0.0,0.0,24.52
4301958,Barra Funda,RS,896,71.54,28.24,1.45,26.79,71.21,0.0,92.86,3.12,0.0,4.02,0.0,0.0,0.0,2.68
4302006,Barros Cassal,RS,3695,61.41,37.67,27.47,10.2,54.51,1.38,42.9,8.99,34.34,13.32,0.0,0.05,0.22,52.29
4302055,Benjamin Constant do Sul,RS,725,87.31,12.28,7.86,4.41,83.59,0.97,73.79,4.41,8.0,13.52,0.28,0.0,0.0,13.79
4302105,Bento Gonçalves,RS,48813,2.2,97.52,83.5,14.01,1.82,0.01,96.28,2.31,0.24,0.98,0.0,0.03,0.01,2.52
4302154,Boa Vista das Missões,RS,764,79.06,20.81,1.83,18.98,78.93,0.0,91.75,7.2,0.13,0.92,0.0,0.0,0.0,0.39
4302204,Boa Vista do Buricá,RS,2735,82.05,17.7,6.65,11.04,81.83,0.0,82.78,16.09,0.73,0.4,0.0,0.0,0.0,9.62
4302220,Boa Vista do Cadeado,RS,855,27.02,72.16,0.12,72.05,27.02,0.0,42.34,54.97,0.23,2.34,0.0,0.0,0.12,25.38
4302238,Boa Vista do Incra,RS,839,89.03,10.97,0.24,10.73,88.92,0.0,47.56,51.85,0.48,0.12,0.0,0.0,0.0,0.95
4302253,Boa Vista do Sul,RS,1052,54.94,45.06,3.23,41.83,54.56,0.0,83.94,6.46,0.19,9.41,0.0,0.0,0.0,5.51
4302303,Bom Jesus,RS,4198,15.89,84.04,72.63,11.41,11.01,0.1,76.8,12.01,1.14,9.81,0.0,0.02,0.12,16.15
4302352,Bom Princípio,RS,4996,2.74,97.2,60.11,37.09,2.7,0.0,73.02,25.9,0.28,0.74,0.0,0.02,0.0,10.81
4302378,Bom Progresso,RS,821,90.62,9.26,0.61,8.65,90.5,0.0,75.03,12.18,4.26,8.04,0.0,0.12,0.24,10.35
4302402,Bom Retiro do Sul,RS,4864,11.66,88.34,22.06,66.28,10.92,0.02,92.11,4.83,0.23,2.63,0.02,0.04,0.06,6.44
4302451,Boqueirão do Leão,RS,2440,23.65,75.98,2.38,73.61,22.95,0.04,58.44,3.36,32.13,5.94,0.0,0.0,0.04,29.1
4302501,Bossoroca,RS,2359,79.99,19.8,4.41,15.39,79.44,0.0,85.71,12.76,0.64,0.76,0.0,0.04,0.0,10.13
4302584,Bozano,RS,807,39.41,60.59,0.37,60.22,39.16,0.12,79.06,13.26,0.25,7.31,0.0,0.0,0.0,8.43
4302600,Braga,RS,1238,81.34,18.58,7.92,10.66,78.76,0.0,62.12,23.18,0.16,14.54,0.0,0.0,0.0,23.59
4302659,Brochier,RS,2019,68.65,31.2,6.14,25.06,67.16,0.05,86.38,8.87,2.23,2.53,0.0,0.0,0.0,3.17
4302709,Butiá,RS,7353,14.88,85.04,55.08,29.96,12.95,0.04,96.61,1.2,0.35,1.58,0.12,0.01,0.0,3.11
4302808,Caçapava do Sul,RS,13439,28.97,70.75,55.15,15.6,27.2,0.14,79.6,4.32,1.87,13.69,0.1,0.04,0.28,19.0
4302907,Cacequi,RS,4271,12.1,87.68,24.02,63.66,9.95,0.05,80.54,13.3,5.85,0.14,0.02,0.05,0.02,10.75
4303004,Cachoeira do Sul,RS,31796,40.89,58.82,43.78,15.03,37.35,0.08,88.35,6.42,2.43,2.21,0.22,0.06,0.07,10.02
4303103,Cachoeirinha,RS,52484,1.78,98.14,97.25,0.89,0.82,0.02,89.43,9.84,0.04,0.0,0.0,0.05,0.0,6.27
4303202,Cacique Doble,RS,1660,47.17,51.75,26.81,24.94,40.24,2.35,42.41,31.87,0.54,25.12,0.0,0.0,0.0,29.28
4303301,Caibaté,RS,1895,60.11,39.89,1.06,38.84,59.89,0.11,96.57,3.06,0.16,0.16,0.0,0.0,0.0,1.53
4303400,Caiçara,RS,1857,57.14,42.6,17.39,25.2,56.54,0.05,65.21,8.51,13.52,12.39,0.0,0.05,0.32,23.21
4303509,Camaquã,RS,23858,17.43,82.44,77.08,5.36,13.82,0.15,79.9,6.9,10.5,2.46,0.02,0.02,0.02,16.71
4303558,Camargo,RS,1128,46.01,53.99,22.78,31.21,45.66,0.0,76.42,20.21,0.0,3.37,0.0,0.0,0.0,3.37
4303608,Cambará do Sul,RS,2419,14.88,85.04,53.29,31.75,14.34,0.0,70.4,17.82,0.17,11.49,0.0,0.0,0.08,12.86
4303673,Campestre da Serra,RS,1284,47.82,52.02,32.32,19.7,39.41,0.08,39.17,22.98,10.83,26.64,0.23,0.0,0.16,49.61
4303707,Campina das Missões,RS,2301,29.2,70.53,39.33,31.2,29.03,0.0,92.61,5.35,1.48,0.48,0.0,0.04,0.0,1.61
4303806,Campinas do Sul,RS,2060,5.73,94.22,65.68,28.54,3.2,0.0,81.17,15.73,0.29,2.82,0.0,0.0,0.0,13.06
4303905,Campo Bom,RS,24057,1.32,98.66,95.72,2.94,1.06,0.0,64.66,35.1,0.09,0.12,0.0,0.0,0.0,15.69
4304002,Campo Novo,RS,1920,93.75,6.15,1.15,5.0,91.82,0.0,83.49,12.4,0.16,3.8,0.0,0.0,0.16,14.79
4304101,Campos Borges,RS,1460,91.23,8.77,3.49,5.27,90.27,0.0,90.14,9.04,0.14,0.68,0.0,0.0,0.0,3.9
4304200,Candelária,RS,11388,35.64,64.17,47.86,16.32,30.06,0.16,69.56,5.87,12.96,11.22,0.01,0.01,0.24,21.48
4304309,Cândido Godói,RS,2439,62.94,36.57,4.26,32.31,60.72,0.0,92.82,3.61,2.75,0.78,0.0,0.0,0.0,0.86
4304358,Candiota,RS,4103,17.89,81.5,73.51,7.99,14.5,0.63,84.6,4.51,4.22,1.19,0.32,2.97,0.46,14.55
4304408,Canela,RS,18302,5.16,94.72,73.57,21.15,3.81,0.03,94.05,2.91,1.36,1.51,0.02,0.03,0.0,5.31
4304507,Canguçu,RS,19317,46.22,53.44,38.79,14.65,41.01,0.6,42.92,1.91,53.28,1.65,0.04,0.06,0.07,55.5
4304606,Canoas,RS,132824,1.21,98.65,97.7,0.94,0.38,0.02,98.16,1.47,0.03,0.01,0.18,0.02,0.0,0.96
4304614,Canudos do Vale,RS,648,20.68,79.32,0.93,78.4,20.06,0.0,69.29,1.39,3.24,26.08,0.0,0.0,0.0,4.32
4304622,Capão Bonito do Sul,RS,691,69.18,30.82,0.58,30.25,66.43,0.0,37.34,47.9,0.43,14.33,0.0,0.0,0.0,33.43
4304630,Capão da Canoa,RS,23879,18.11,81.83,30.76,51.07,17.87,0.03,90.64,8.92,0.15,0.03,0.03,0.0,0.0,5.96
4304655,Capão do Cipó,RS,1167,76.69,23.22,1.8,21.42,76.69,0.0,89.46,8.31,0.86,1.2,0.17,0.0,0.0,6.51
4304663,Capão do Leão,RS,10141,20.7,79.02,38.03,40.98,17.93,0.16,88.89,4.78,3.19,0.18,0.27,0.05,0.27,9.02
4304671,Capivari do Sul,RS,1496,3.61,96.39,45.12,51.27,3.48,0.07,73.46,26.07,0.33,0.13,0.0,0.0,0.0,12.1
4304689,Capela de Santana,RS,4236,3.05,96.86,44.74,52.12,2.36,0.0,20.37,75.99,1.75,0.26,0.42,0.05,0.09,66.5
4304697,Capitão,RS,1054,48.67,51.33,29.41,21.92,48.39,0.0,84.25,6.26,1.52,7.87,0.0,0.09,0.0,6.83
4304705,Carazinho,RS,24216,56.4,42.55,24.79,17.77,51.29,0.03,93.87,5.49,0.25,0.16,0.0,0.03,0.0,3.01
4304713,Caraá,RS,3016,31.63,67.87,1.89,65.98,31.23,0.13,66.94,14.62,1.46,15.05,0.1,0.0,1.29,22.55
4304804,Carlos Barbosa,RS,11650,13.48,86.47,75.06,11.41,13.16,0.0,93.32,3.7,0.26,2.58,0.0,0.11,0.01,4.03
4304853,Carlos Gomes,RS,513,28.65,71.15,5.85,65.3,28.46,0.0,76.41,7.6,4.68,11.31,0.0,0.0,0.0,13.65
4304903,Casca,RS,3618,31.9,67.88,12.47,55.42,31.51,0.03,91.68,6.36,0.11,1.74,0.0,0.03,0.06,3.65
4304952,Caseiros,RS,1110,1.26,98.65,83.87,14.77,0.54,0.0,84.95,5.23,0.18,9.55,0.0,0.0,0.09,10.9
4305009,Catuípe,RS,3370,45.07,54.51,6.2,48.31,44.48,0.0,93.23,5.79,0.0,0.89,0.0,0.0,0.0,4.75
4305108,Caxias do Sul,RS,184843,3.96,95.91,90.08,5.83,2.82,0.01,95.87,1.87,0.48,1.7,0.0,0.02,0.02,3.17
4305116,Centenário,RS,1031,26.19,73.81,9.12,64.69,25.8,0.0,72.55,3.1,13.97,10.28,0.0,0.0,0.0,9.02
4305124,Cerrito,RS,2434,18.28,81.51,32.0,49.51,15.57,0.12,61.09,12.49,24.82,0.21,1.15,0.04,0.0,28.39
4305132,Cerro Branco,RS,1582,23.51,76.42,6.95,69.47,19.91,0.51,78.95,1.77,7.9,11.06,0.0,0.0,0.25,12.58
4305157,Cerro Grande,RS,915,1.75,98.25,1.09,97.16,1.64,0.0,98.03,1.64,0.22,0.11,0.0,0.0,0.0,1.31
4305173,Cerro Grande do Sul,RS,3580,71.4,28.1,16.06,12.04,63.99,0.34,26.28,28.16,3.55,41.28,0.0,0.06,0.45,67.32
4305207,Cerro Largo,RS,5350,43.85,55.64,19.35,36.3,41.81,0.02,97.59,1.98,0.13,0.04,0.0,0.15,0.0,0.65
4305306,Chapada,RS,3814,42.95,57.03,9.28,47.75,42.55,0.0,90.3,6.95,1.47,1.23,0.0,0.0,0.03,5.61
4305355,Charqueadas,RS,11998,2.66,97.14,72.26,24.88,1.45,0.0,96.6,3.07,0.1,0.03,0.0,0.01,0.03,2.81
4305371,Charrua,RS,959,43.8,56.2,1.67,54.54,41.19,1.67,31.91,38.06,0.1,29.61,0.21,0.0,0.1,39.21
4305405,Chiapetta,RS,1523,18.98,81.02,1.64,79.38,18.91,0.0,90.94,8.08,0.26,0.72,0.0,0.0,0.0,5.98
4305439,Chuí,RS,2385,2.64,95.72,79.29,16.44,1.47,0.0,95.47,3.65,0.55,0.0,0.0,0.08,0.0,3.98
4305447,Chuvisca,RS,1669,42.9,56.32,1.2,55.12,32.71,0.12,10.19,14.38,72.8,2.46,0.0,0.06,0.12,84.3
4305454,Cidreira,RS,6843,16.1,83.82,8.96,74.86,15.96,0.04,87.4,12.33,0.12,0.04,0.0,0.0,0.0,6.42
4305504,Ciríaco,RS,1680,28.27,71.73,44.35,27.38,26.13,0.0,62.26,32.14,0.24,5.36,0.0,0.0,0.0,2.86
4305587,Colinas,RS,948,66.98,33.02,6.96,26.05,66.88,0.0,93.99,3.06,1.05,1.48,0.0,0.32,0.11,2.85
4305603,Colorado,RS,1280,92.27,7.73,0.86,6.88,92.27,0.0,83.75,9.22,0.31,6.72,0.0,0.0,0.0,10.7
4305702,Condor,RS,2394,88.22,11.61,1.84,9.77,87.84,0.08,79.24,18.17,0.04,2.46,0.0,0.0,0.0,2.38
4305801,Constantina,RS,3790,96.12,3.8,1.45,2.35,95.75,0.03,88.87,9.53,0.61,0.82,0.0,0.0,0.0,6.49
4305835,Coqueiro Baixo,RS,502,30.48,69.32,41.83,27.49,28.69,0.0,55.38,11.75,0.4,32.47,0.0,0.0,0.0,19.52
4305850,Coqueiros do Sul,RS,896,89.51,10.16,0.45,9.71,89.06,0.0,81.25,8.82,0.45,9.49,0.0,0.0,0.0,7.03
4305871,Coronel Barros,RS,1092,23.17,76.65,0.27,76.37,22.62,0.0,85.9,5.04,4.76,4.12,0.0,0.0,0.09,7.05
4305900,Coronel Bicaco,RS,2329,55.52,44.18,4.94,39.24,54.74,0.09,79.99,17.65,0.39,1.67,0.0,0.0,0.13,11.64
4305934,Coronel Pilar,RS,565,76.81,22.83,7.79,15.04,75.4,0.0,73.1,10.97,0.71,15.04,0.0,0.0,0.0,10.27
4305959,Cotiporã,RS,1433,26.03,73.97,41.8,32.17,25.96,0.0,59.18,25.05,2.02,13.61,0.0,0.0,0.07,8.51
4305975,Coxilha,RS,1018,38.61,61.39,2.26,59.14,38.11,0.0,74.56,24.17,0.29,0.98,0.0,0.0,0.0,11.2
4306007,Crissiumal,RS,5267,69.15,30.45,3.3,27.15,68.52,0.02,81.13,12.95,4.52,1.27,0.0,0.04,0.0,4.54
4306056,Cristal,RS,2766,19.7,80.12,65.51,14.61,14.28,0.33,72.7,6.94,19.99,0.18,0.0,0.0,0.0,22.27
4306072,Cristal do Sul,RS,1057,96.22,3.78,0.47,3.31,95.93,0.09,90.35,8.7,0.38,0.57,0.0,0.0,0.0,2.55
4306106,Cruz Alta,RS,22772,30.7,67.69,32.27,35.42,28.87,0.04,95.0,4.3,0.29,0.11,0.0,0.02,0.05,3.46
4306130,Cruzaltense,RS,616,8.28,89.12,9.9,79.22,3.73,0.0,26.46,57.63,0.32,15.26,0.16,0.0,0.0,0.81
4306205,Cruzeiro do Sul,RS,4585,2.36,97.43,6.28,91.15,2.01,0.04,87.2,10.47,0.89,0.98,0.0,0.0,0.07,5.76
4306304,David Canabarro,RS,1658,35.52,64.48,36.67,27.8,34.8,0.0,58.69,32.09,0.06,9.05,0.0,0.0,0.0,17.01
4306320,Derrubadas,RS,1074,0.84,99.16,0.37,98.79,0.74,0.09,72.81,17.13,6.05,3.91,0.0,0.09,0.0,19.55
4306353,Dezesseis de Novembro,RS,1017,60.67,39.23,1.28,37.95,59.88,0.0,97.35,1.57,0.29,0.49,0.0,0.1,0.0,1.97
4306379,Dilermando de Aguiar,RS,1147,15.26,84.66,10.72,73.93,10.64,0.26,34.26,52.22,7.15,6.19,0.0,0.09,0.09,63.73
4306403,Dois Irmãos,RS,11923,1.5,98.46,76.59,21.87,1.46,0.0,92.16,7.4,0.14,0.09,0.03,0.04,0.0,4.35
4306429,Dois Irmãos das Missões,RS,798,33.08,66.92,1.5,65.41,32.83,0.25,92.73,6.14,0.63,0.13,0.0,0.0,0.13,5.01
4306452,Dois Lajeados,RS,1161,16.02,83.98,60.9,23.08,15.93,0.0,61.07,36.78,0.6,1.55,0.0,0.0,0.0,7.92
4306502,Dom Feliciano,RS,5088,64.9,30.76,14.76,16.0,52.26,0.88,27.69,11.67,37.52,21.42,0.02,0.06,0.86,67.59
4306551,Dom Pedro de Alcântara,RS,1050,14.19,85.81,0.76,85.05,14.1,0.0,86.29,11.71,0.1,1.9,0.0,0.0,0.0,3.62
4306601,Dom Pedrito,RS,14309,5.3,94.48,88.15,6.32,3.56,0.03,91.1,3.85,2.48,0.43,0.13,0.72,0.87,8.32
4306700,Dona Francisca,RS,1223,35.73,64.19,61.08,3.11,3.6,0.0,62.14,6.62,0.65,30.58,0.0,0.0,0.0,34.42
4306734,Doutor Maurício Cardoso,RS,1820,89.67,10.27,0.44,9.84,89.29,0.05,92.2,4.78,2.53,0.49,0.0,0.0,0.0,5.11
4306759,Doutor Ricardo,RS,710,6.48,93.38,5.21,88.17,6.06,0.0,83.8,10.28,0.42,5.49,0.0,0.0,0.0,10.99
4306767,Eldorado do Sul,RS,14472,7.48,92.34,68.05,24.29,3.24,0.11,78.52,16.76,2.76,0.48,0.39,0.01,0.17,20.07
4306809,Encantado,RS,9028,3.99,96.01,71.21,24.8,3.88,0.0,87.31,10.53,0.13,1.06,0.01,0.03,0.04,4.59
4306908,Encruzilhada do Sul,RS,9607,28.99,70.7,63.68,7.02,23.76,0.05,72.99,5.21,2.52,18.9,0.03,0.04,0.1,24.13
4306924,Engenho Velho,RS,441,79.14,20.63,1.36,19.27,73.92,2.27,96.83,2.49,0.23,0.23,0.0,0.0,0.0,0.45
4306932,Entre-Ijuís,RS,3582,57.84,41.96,3.46,38.5,57.04,0.08,75.99,22.7,0.39,0.78,0.06,0.0,0.03,19.43
4306957,Entre Rios do Sul,RS,1087,63.94,36.06,12.14,23.92,63.11,0.09,73.05,19.04,0.18,7.73,0.0,0.0,0.0,25.76
4306973,Erebango,RS,1069,52.85,46.96,4.77,42.19,51.73,0.56,71.56,22.26,0.37,5.52,0.0,0.09,0.0,18.99
4307005,Erechim,RS,42113,3.47,96.49,78.53,17.96,3.0,0.01,95.98,2.61,0.28,1.05,0.03,0.01,0.0,2.02
4307054,Ernestina,RS,1250,75.36,24.56,3.04,21.52,75.36,0.0,91.44,6.16,0.08,2.32,0.0,0.0,0.0,6.32
4307104,Herval,RS,2668,6.78,92.92,60.16,32.76,5.17,0.19,72.26,2.51,16.15,8.47,0.0,0.07,0.34,24.18
4307203,Erval Grande,RS,1956,30.06,69.84,19.27,50.56,22.03,0.0,66.46,10.84,6.34,14.78,1.18,0.15,0.15,28.68
4307302,Erval Seco,RS,2609,85.09,14.72,10.62,4.1,82.48,0.04,88.42,4.75,4.02,2.64,0.0,0.04,0.0,7.63
4307401,Esmeralda,RS,1248,43.19,55.77,33.97,21.79,41.19,0.0,69.55,17.31,1.04,10.42,0.0,1.12,0.08,14.98
4307450,Esperança do Sul,RS,1276,53.45,46.32,2.43,43.89,53.29,0.0,84.01,4.15,8.07,3.68,0.0,0.0,0.0,4.47
4307500,Espumoso,RS,5796,42.67,57.14,34.97,22.17,34.97,0.07,86.54,11.27,0.28,1.83,0.0,0.0,0.0,9.13
4307559,Estação,RS,2172,6.68,93.23,63.86,29.37,6.49,0.0,85.82,11.79,0.18,2.16,0.0,0.0,0.0,5.25
4307609,Estância Velha,RS,17904,2.19,97.28,81.81,15.47,1.35,0.01,69.35,30.17,0.22,0.11,0.03,0.02,0.04,15.51
4307708,Esteio,RS,29282,1.51,98.42,94.75,3.66,0.45,0.02,96.92,2.87,0.05,0.03,0.0,0.02,0.01,1.36
4307807,Estrela,RS,12417,10.39,89.53,62.66,26.87,10.14,0.0,95.88,3.58,0.27,0.16,0.02,0.02,0.0,2.98
4307815,Estrela Velha,RS,1161,58.91,41.09,31.44,9.65,58.05,0.09,85.87,5.6,3.96,4.48,0.09,0.0,0.0,6.37
4307831,Eugênio de Castro,RS,1112,63.13,36.78,0.18,36.6,62.95,0.0,83.18,14.57,0.81,1.35,0.0,0.0,0.0,5.22
4307864,Fagundes Varela,RS,883,33.98,66.02,53.79,12.23,33.75,0.0,60.93,28.77,0.11,10.08,0.0,0.11,0.0,7.25
4307906,Farroupilha,RS,27002,3.56,96.37,71.48,24.89,3.39,0.0,86.69,10.54,0.49,2.23,0.0,0.03,0.03,11.45
4308003,Faxinal do Soturno,RS,2581,19.68,80.24,69.28,10.96,12.2,0.04,74.97,10.34,1.43,13.17,0.0,0.0,0.0,19.1
4308052,Faxinalzinho,RS,1004,40.54,59.46,0.6,58.86,39.94,0.1,69.72,16.73,2.39,11.16,0.0,0.0,0.0,27.89
4308078,Fazenda Vilanova,RS,1646,11.06,88.76,3.1,85.66,11.0,0.0,90.04,8.75,0.61,0.61,0.0,0.0,0.0,5.71
4308102,Feliz,RS,5394,8.42,91.55,37.63,53.91,8.27,0.0,83.46,15.37,0.32,0.72,0.0,0.06,0.04,8.23
4308201,Flores da Cunha,RS,11803,11.9,87.82,74.56,13.26,10.9,0.01,85.53,9.62,1.05,3.68,0.03,0.02,0.04,6.24
4308250,Floriano Peixoto,RS,694,48.41,51.44,1.15,50.29,47.26,0.0,48.13,42.94,1.73,7.06,0.0,0.0,0.14,17.15
4308300,Fontoura Xavier,RS,3703,59.22,39.51,8.94,30.57,55.77,1.49,52.55,20.28,10.94,15.2,0.08,0.14,0.32,35.48
4308409,Formigueiro,RS,2536,61.24,37.58,26.42,11.16,54.18,0.24,53.15,22.79,17.15,5.95,0.28,0.32,0.04,38.92
4308433,Forquetinha,RS,955,26.91,72.98,1.47,71.52,26.91,0.0,88.9,4.5,1.78,4.71,0.0,0.0,0.0,5.34
4308458,Fortaleza dos Valos,RS,1730,78.79,21.21,6.01,15.2,78.73,0.0,76.18,23.35,0.29,0.17,0.0,0.0,0.0,7.34
4308508,Frederico Westphalen,RS,12715,24.92,75.01,61.93,13.07,24.44,0.0,91.88,4.99,1.28,1.71,0.1,0.01,0.02,4.92
4308607,Garibaldi,RS,13401,6.36,93.63,81.91,11.72,6.31,0.0,90.51,8.16,0.31,1.01,0.0,0.01,0.0,6.69
4308656,Garruchos,RS,1056,38.92,60.8,1.52,59.28,38.26,0.19,89.39,9.56,0.47,0.38,0.0,0.0,0.0,7.67
4308706,Gaurama,RS,2197,28.04,71.55,16.7,54.85,27.54,0.0,67.64,22.21,1.32,8.78,0.0,0.0,0.05,30.09
4308805,General Câmara,RS,3148,16.11,83.32,6.13,77.19,15.82,0.03,78.88,15.22,1.62,3.68,0.03,0.03,0.03,14.71
4308854,Gentil,RS,646,73.68,26.32,0.77,25.54,72.29,0.0,92.41,4.8,0.0,2.79,0.0,0.0,0.0,5.42
4308904,Getúlio Vargas,RS,6680,25.64,74.31,50.28,24.03,24.12,0.0,89.84,6.18,0.39,3.46,0.0,0.01,0.01,6.32
4309001,Giruá,RS,6131,31.4,68.57,2.19,66.38,31.32,0.0,86.66,10.11,0.78,2.41,0.0,0.0,0.02,3.83
4309050,Glorinha,RS,2991,16.45,83.55,34.54,49.01,15.98,0.0,55.43,37.61,2.74,4.08,0.0,0.03,0.03,40.12
4309100,Gramado,RS,15381,1.63,98.3,61.08,37.22,1.51,0.0,88.7,4.07,3.36,3.22,0.57,0.06,0.01,8.98
4309126,Gramado dos Loureiros,RS,723,48.82,51.18,7.33,43.85,46.33,0.0,92.25,2.77,1.66,3.18,0.0,0.0,0.0,2.77
4309159,Gramado Xavier,RS,1244,67.36,32.48,4.42,28.05,65.43,0.16,48.95,4.9,23.79,22.19,0.08,0.08,0.0,43.09
4309209,Gravataí,RS,101779,6.27,93.61,79.93,13.68,4.35,0.02,78.55,19.62,0.79,0.59,0.04,0.01,0.02,15.28
4309258,Guabiju,RS,562,1.42,98.58,16.9,81.67,0.89,0.0,59.25,28.29,0.53,11.92,0.0,0.0,0.0,37.19
4309308,Guaíba,RS,35163,3.59,96.26,85.34,10.92,2.27,0.01,91.78,7.58,0.22,0.26,0.0,0.0,0.0,4.83
4309407,Guaporé,RS,9641,5.1,94.8,87.14,7.67,4.35,0.0,92.87,4.25,0.65,2.15,0.0,0.0,0.01,3.63
4309506,Guarani das Missões,RS,2802,83.15,16.7,0.75,15.95,82.76,0.04,97.18,2.39,0.36,0.04,0.0,0.04,0.0,1.82
4309555,Harmonia,RS,2022,1.43,98.47,19.73,78.73,1.38,0.0,82.39,16.72,0.59,0.3,0.0,0.0,0.0,8.8
4309571,Herveiras,RS,967,72.6,27.4,0.31,27.09,70.73,0.52,59.98,0.1,21.41,18.51,0.0,0.0,0.0,32.78
4309605,Horizontina,RS,7624,39.66,60.22,17.27,42.94,39.24,0.03,94.67,4.53,0.37,0.26,0.0,0.03,0.01,1.88
4309654,Hulha Negra,RS,2205,27.3,71.75,40.36,31.38,19.77,0.23,63.31,9.75,11.97,1.22,3.4,4.94,4.9,30.48
4309704,Humaitá,RS,1887,77.64,22.36,0.42,21.94,77.21,0.0,67.62,29.68,0.95,1.75,0.0,0.0,0.0,27.87
4309753,Ibarama,RS,1417,43.4,56.53,0.64,55.89,42.77,0.49,24.77,48.91,6.0,20.32,0.0,0.0,0.0,32.18
4309803,Ibiaçá,RS,1770,25.14,74.69,35.65,39.04,24.35,0.0,68.19,27.74,0.56,3.5,0.0,0.0,0.0,24.41
4309902,Ibiraiaras,RS,2525,24.71,75.25,52.91,22.34,16.79,0.91,75.05,10.34,1.74,12.79,0.0,0.0,0.0,20.0
4309951,Ibirapuitã,RS,1462,60.67,39.06,7.46,31.6,59.37,0.0,78.11,16.07,0.14,5.61,0.0,0.0,0.0,6.02
4310009,Ibirubá,RS,8366,49.32,50.67,2.39,48.28,48.9,0.0,91.66,7.51,0.02,0.78,0.0,0.0,0.04,3.49
4310108,Igrejinha,RS,12772,2.26,97.62,86.5,11.12,1.47,0.02,72.75,24.37,0.39,2.29,0.02,0.04,0.03,18.19
4310207,Ijuí,RS,32532,16.65,83.26,48.11,35.15,14.81,0.02,96.82,2.28,0.3,0.44,0.0,0.01,0.01,1.92
4310306,Ilópolis,RS,1509,29.42,70.51,23.19,47.32,27.77,0.0,76.41,8.88,0.0,14.58,0.0,0.0,0.0,8.22
4310330,Imbé,RS,10456,3.49,96.48,2.53,93.95,3.41,0.03,93.98,5.65,0.22,0.0,0.0,0.03,0.0,1.72
4310363,Imigrante,RS,1182,53.3,46.7,2.62,44.08,52.96,0.17,88.75,4.4,0.85,5.92,0.0,0.08,0.0,4.15
4310405,Independência,RS,2484,92.83,7.05,2.98,4.07,92.55,0.08,71.66,23.27,0.89,4.11,0.0,0.04,0.04,26.45
4310413,Inhacorá,RS,782,78.26,21.74,0.64,21.1,77.88,0.13,94.63,3.07,0.26,0.9,0.0,0.64,0.13,1.92
4310439,Ipê,RS,2137,25.36,74.45,57.6,16.85,23.63,0.05,61.91,28.26,1.59,8.19,0.0,0.0,0.05,24.1
4310462,Ipiranga do Sul,RS,675,25.19,74.81,2.52,72.3,24.59,0.0,35.85,58.37,2.37,3.41,0.0,0.0,0.0,6.81
4310504,Iraí,RS,2835,69.45,30.26,16.83,13.44,67.55,0.04,70.69,17.88,5.29,5.68,0.11,0.14,0.11,14.6
4310538,Itaara,RS,2115,47.28,52.62,3.12,49.5,46.86,0.05,80.52,8.23,7.57,3.12,0.19,0.0,0.05,14.14
4310553,Itacurubi,RS,1170,28.55,71.45,31.79,39.66,27.86,0.09,88.97,7.18,3.42,0.43,0.0,0.0,0.0,7.86
4310579,Itapuca,RS,725,93.93,5.24,1.93,3.31,93.1,0.41,39.45,16.83,0.83,42.62,0.0,0.14,0.14,48.97
4310603,Itaqui,RS,12910,8.84,91.05,74.42,16.63,7.78,0.05,87.34,11.65,0.41,0.3,0.0,0.01,0.01,8.07
4310652,Itati,RS,1041,11.24,88.66,1.44,87.22,11.14,0.0,78.1,4.51,1.34,14.02,0.0,0.0,2.02,15.56
4310702,Itatiba do Sul,RS,1285,78.13,20.54,10.51,10.04,77.67,0.0,72.37,9.26,3.11,15.1,0.0,0.0,0.0,21.4
4310751,Ivorá,RS,740,54.05,45.68,28.24,17.43,50.0,0.14,45.27,28.92,3.65,21.89,0.0,0.14,0.14,0.54
4310801,Ivoti,RS,8616,0.74,99.2,73.62,25.58,0.57,0.0,95.28,4.41,0.15,0.06,0.0,0.08,0.02,2.56
4310850,Jaboticaba,RS,1499,65.78,34.09,3.27,30.82,65.31,0.2,90.86,6.74,0.07,2.33,0.0,0.0,0.0,6.8
4310876,Jacuizinho,RS,784,84.95,13.27,11.48,1.79,84.18,0.26,76.15,14.92,0.51,8.04,0.0,0.0,0.26,7.14
4310900,Jacutinga,RS,1301,14.22,85.47,51.19,34.28,13.3,0.0,72.25,25.83,0.77,1.08,0.0,0.08,0.0,18.6
4311007,Jaguarão,RS,10836,6.61,93.27,74.3,18.97,4.05,0.01,94.14,3.2,2.06,0.14,0.02,0.06,0.06,5.26
4311106,Jaguari,RS,4309,59.16,40.73,13.85,26.87,57.65,0.07,60.01,23.37,1.69,14.5,0.16,0.0,0.05,37.83
4311122,Jaquirana,RS,1391,28.83,71.03,58.59,12.44,25.66,0.07,63.62,6.4,12.15,16.97,0.0,0.0,0.79,33.93
4311130,Jari,RS,1332,79.43,20.42,0.3,20.12,78.75,0.08,54.05,26.28,2.4,16.89,0.08,0.0,0.23,20.65
4311155,Jóia,RS,2780,43.96,55.9,2.95,52.95,42.99,0.0,86.12,11.01,0.29,2.55,0.0,0.0,0.0,8.31
4311205,Júlio de Castilhos,RS,6965,15.56,84.31,62.91,21.39,14.5,0.09,83.88,14.63,0.23,1.06,0.0,0.01,0.01,7.19
4311239,Lagoa Bonita do Sul,RS,866,70.21,29.68,0.0,29.68,69.4,0.23,39.26,19.17,19.75,21.59,0.0,0.12,0.0,40.53
4311254,Lagoão,RS,2033,80.32,19.48,17.71,1.77,77.96,1.33,42.25,6.89,22.82,27.84,0.05,0.0,0.05,55.19
4311270,Lagoa dos Três Cantos,RS,654,28.13,71.87,0.61,71.25,27.37,0.0,81.5,15.6,0.76,2.14,0.0,0.0,0.0,3.67
4311304,Lagoa Vermelha,RS,10773,8.98,90.95,84.55,6.4,7.19,0.02,89.87,3.61,0.09,6.33,0.02,0.0,0.01,6.44
4311403,Lajeado,RS,37971,6.99,92.9,21.49,71.41,6.77,0.02,94.5,5.22,0.14,0.07,0.0,0.01,0.0,2.16
4311429,Lajeado do Bugre,RS,983,78.84,20.85,0.31,20.55,78.23,0.0,51.07,42.42,1.63,4.58,0.0,0.0,0.1,7.02
4311502,Lavras do Sul,RS,2926,36.74,62.95,56.63,6.32,34.28,0.03,81.0,3.93,12.71,0.62,0.27,0.17,1.13,16.58
4311601,Liberato Salzano,RS,1827,80.24,18.39,2.08,16.31,79.58,0.11,85.28,11.17,0.27,3.12,0.11,0.05,0.0,7.99
4311627,Lindolfo Collor,RS,2310,1.77,97.79,78.61,19.18,1.65,0.0,91.77,7.92,0.22,0.04,0.0,0.0,0.04,3.59
4311643,Linha Nova,RS,665,35.19,64.51,1.35,63.16,34.74,0.0,83.16,6.77,6.77,2.26,0.0,0.75,0.15,4.21
4311700,Machadinho,RS,2298,7.14,92.86,17.89,74.98,6.96,0.04,67.97,11.01,1.35,19.58,0.0,0.0,0.04,27.98
4311718,Maçambará,RS,1632,28.92,71.02,49.33,21.69,24.69,0.18,55.45,40.5,0.31,3.43,0.0,0.06,0.0,19.67
4311734,Mampituba,RS,1233,36.66,63.18,5.76,57.42,36.17,0.08,62.69,10.54,0.73,25.95,0.0,0.0,0.08,26.52
4311759,Manoel Viana,RS,2767,87.68,12.22,5.02,7.19,87.53,0.07,76.47,17.96,3.83,1.7,0.0,0.0,0.0,14.02
4311775,Maquiné,RS,2907,31.27,68.39,4.99,63.4,30.1,0.21,51.5,23.25,4.71,17.85,0.0,0.0,2.61,43.45
4311791,Maratá,RS,973,41.52,58.38,2.57,55.81,39.98,0.1,87.46,9.15,1.34,1.85,0.0,0.1,0.0,4.93
4311809,Marau,RS,17282,5.84,94.13,73.97,20.16,5.43,0.01,79.78,18.56,0.22,1.39,0.03,0.01,0.0,14.51
4311908,Marcelino Ramos,RS,1732,18.59,80.89,3.7,77.19,17.44,0.0,54.39,22.92,6.0,16.63,0.0,0.0,0.06,31.99
4311981,Mariana Pimentel,RS,1639,42.71,57.05,15.13,41.92,40.33,0.06,44.3,21.29,2.44,31.85,0.0,0.0,0.06,43.99
4312005,Mariano Moro,RS,757,7.53,92.34,2.91,89.43,6.21,0.0,63.01,34.48,0.13,2.38,0.0,0.0,0.0,8.59
4312054,Marques de Souza,RS,1574,14.74,85.2,1.78,83.42,14.49,0.0,81.19,8.96,0.19,9.59,0.0,0.0,0.06,11.5
4312104,Mata,RS,1959,69.32,30.58,7.45,23.12,66.56,0.31,50.18,24.5,4.7,19.86,0.0,0.05,0.46,42.62
4312138,Mato Castelhano,RS,925,12.32,87.68,2.05,85.62,11.89,0.0,48.0,46.59,0.65,4.76,0.0,0.0,0.0,19.78
4312153,Mato Leitão,RS,1883,21.24,78.7,2.28,76.42,21.19,0.05,98.14,1.01,0.58,0.11,0.0,0.0,0.0,0.96
4312179,Mato Queimado,RS,697,25.97,73.46,0.43,73.03,25.82,0.0,97.27,2.73,0.0,0.0,0.0,0.0,0.0,0.29
4312203,Maximiliano de Almeida,RS,1645,13.37,86.38,50.94,35.44,12.64,0.06,68.88,12.83,3.53,14.41,0.0,0.0,0.0,22.49
4312252,Minas do Leão,RS,2811,10.39,89.51,79.79,9.71,7.47,0.14,96.94,1.71,0.75,0.36,0.0,0.0,0.11,2.67
4312302,Miraguaí,RS,1658,33.05,66.83,3.56,63.27,32.81,0.0,80.58,8.14,8.02,3.14,0.06,0.06,0.0,12.12
4312351,Montauri,RS,535,58.69,41.31,2.99,38.32,58.69,0.0,73.64,19.81,0.0,6.54,0.0,0.0,0.0,2.24
4312377,Monte Alegre dos Campos,RS,1194,74.2,25.54,11.06,14.49,64.57,0.5,32.16,15.16,14.66,37.02,0.25,0.0,0.75,52.6
4312385,Monte Belo do Sul,RS,917,21.92,78.08,3.38,74.7,21.81,0.0,87.79,6.43,0.11,5.23,0.0,0.33,0.0,2.62
4312401,Montenegro,RS,24334,10.04,89.77,70.1,19.67,8.44,0.03,80.46,18.6,0.19,0.48,0.16,0.02,0.02,14.97
4312427,Mormaço,RS,1058,62.95,36.96,8.98,27.98,62.67,0.0,87.15,10.96,0.09,1.8,0.0,0.0,0.0,2.55
4312443,Morrinhos do Sul,RS,1279,0.31,99.69,1.64,98.05,0.23,0.08,91.01,1.95,0.31,6.72,0.0,0.0,0.0,5.08
4312450,Morro Redondo,RS,2510,19.4,80.24,10.76,69.48,17.53,0.0,43.23,7.13,47.33,1.24,0.6,0.0,0.12,50.24
4312476,Morro Reuter,RS,2301,3.91,95.96,19.95,76.01,3.87,0.0,76.62,7.95,5.35,9.87,0.0,0.17,0.0,14.65
4312500,Mostardas,RS,4593,11.78,87.89,54.76,33.14,10.97,0.0,20.86,75.55,3.42,0.02,0.0,0.02,0.04,49.66
4312609,Muçum,RS,1785,13.89,86.11,61.12,24.99,13.28,0.0,92.38,4.37,0.17,3.03,0.0,0.06,0.0,5.32
4312617,Muitos Capões,RS,1096,41.06,58.94,10.13,48.81,39.87,0.0,37.14,29.01,1.64,32.12,0.09,0.0,0.0,61.04
4312625,Muliterno,RS,605,18.02,81.16,9.09,72.07,17.36,0.0,46.61,41.49,0.0,11.4,0.33,0.0,0.0,3.8
4312658,Não-Me-Toque,RS,6974,21.14,78.85,18.02,60.83,21.08,0.0,93.68,5.58,0.29,0.43,0.0,0.01,0.0,6.04
4312674,Nicolau Vergueiro,RS,769,91.68,8.19,2.73,5.46,91.42,0.0,93.63,4.68,0.0,1.69,0.0,0.0,0.0,2.86
4312708,Nonoai,RS,5131,66.11,33.54,1.58,31.96,57.77,0.12,82.44,9.41,0.57,7.44,0.08,0.0,0.0,9.45
4312757,Nova Alvorada,RS,1172,68.6,31.31,19.28,12.03,68.52,0.0,88.65,2.39,0.09,8.87,0.0,0.0,0.0,2.39
4312807,Nova Araçá,RS,1811,11.1,88.85,70.62,18.22,10.88,0.0,80.78,16.68,0.0,2.54,0.0,0.0,0.0,1.16
4312906,Nova Bassano,RS,3291,14.83,85.17,49.77,35.4,14.68,0.0,83.96,14.83,0.67,0.55,0.0,0.0,0.0,5.65
4312955,Nova Boa Vista,RS,796,60.3,39.57,2.14,37.44,59.55,0.0,72.24,24.62,0.63,2.51,0.0,0.0,0.0,0.63
4313003,Nova Bréscia,RS,1213,27.37,72.63,4.37,68.26,27.12,0.0,78.73,10.88,0.08,10.06,0.0,0.25,0.0,9.98
4313011,Nova Candelária,RS,1182,48.73,51.27,12.35,38.92,48.73,0.0,89.17,9.31,1.52,0.0,0.0,0.0,0.0,2.88
4313037,Nova Esperança do Sul,RS,1906,29.38,70.62,19.15,51.47,28.59,0.0,87.78,10.55,0.94,0.47,0.21,0.0,0.05,11.8
4313060,Nova Hartz,RS,7571,10.22,89.68,62.83,26.85,7.79,0.0,17.1,81.23,0.69,0.85,0.0,0.0,0.03,76.52
4313086,Nova Pádua,RS,810,20.25,78.02,38.77,39.26,18.64,0.0,58.02,20.25,0.0,21.73,0.0,0.0,0.0,9.51
4313102,Nova Palma,RS,2041,22.83,77.07,30.03,47.04,18.81,0.05,65.12,15.24,4.07,15.04,0.49,0.0,0.0,25.13
4313201,Nova Petrópolis,RS,9041,7.62,92.28,6.65,85.63,7.53,0.0,78.85,12.05,5.82,2.85,0.2,0.03,0.03,14.35
4313300,Nova Prata,RS,9881,7.13,92.8,60.31,32.5,6.96,0.0,85.67,9.27,0.56,4.32,0.0,0.02,0.14,11.67
4313334,Nova Ramada,RS,864,92.94,7.06,0.93,6.13,92.82,0.0,87.04,7.06,0.12,5.67,0.0,0.12,0.0,4.17
4313359,Nova Roma do Sul,RS,1246,22.47,77.53,53.05,24.48,21.67,0.0,67.42,12.6,0.32,19.66,0.0,0.0,0.0,4.09
4313375,Nova Santa Rita,RS,10271,13.65,86.25,34.86,51.4,11.76,0.01,49.59,48.87,0.88,0.24,0.31,0.04,0.0,28.9
4313391,Novo Cabrais,RS,1458,6.65,93.21,1.44,91.77,6.17,0.0,81.41,10.36,2.47,5.62,0.0,0.0,0.0,13.17
4313409,Novo Hamburgo,RS,89848,2.62,97.32,90.29,7.03,0.82,0.01,76.03,23.45,0.16,0.21,0.01,0.01,0.09,11.07
4313425,Novo Machado,RS,1304,56.75,43.02,0.15,42.87,56.6,0.0,88.27,6.83,0.77,4.06,0.0,0.0,0.0,10.12
4313441,Novo Tiradentes,RS,819,56.78,43.1,40.78,2.32,56.65,0.0,92.43,6.47,0.73,0.37,0.0,0.0,0.0,1.1
4313466,Novo Xingu,RS,622,88.75,11.09,0.16,10.93,88.59,0.16,95.82,3.54,0.48,0.16,0.0,0.0,0.0,0.8
4313490,Novo Barreiro,RS,1647,91.74,8.14,1.7,6.44,91.56,0.06,69.03,27.02,0.85,3.04,0.0,0.0,0.0,27.14
4313508,Osório,RS,17768,4.3,95.59,51.21,44.38,3.81,0.04,69.63,28.04,1.53,0.5,0.05,0.01,0.19,19.35
4313607,Paim Filho,RS,1414,5.59,94.41,12.02,82.39,5.16,0.07,62.31,25.04,1.06,11.6,0.0,0.0,0.0,30.98
4313656,Palmares do Sul,RS,5173,9.36,90.62,12.57,78.06,8.83,0.02,41.19,57.01,1.66,0.08,0.0,0.0,0.0,45.56
4313706,Palmeira das Missões,RS,12781,65.58,34.07,25.87,8.2,59.81,0.02,91.28,5.63,0.65,2.12,0.01,0.04,0.02,3.86
4313805,Palmitinho,RS,3005,46.46,53.34,14.44,38.9,46.02,0.07,87.82,4.99,2.96,4.13,0.0,0.07,0.03,4.89
4313904,Panambi,RS,16485,28.39,71.25,9.0,62.25,28.26,0.01,91.25,7.29,0.38,1.05,0.0,0.01,0.01,6.73
4313953,Pantano Grande,RS,3971,20.37,79.38,76.08,3.3,14.51,0.1,84.87,11.68,1.31,1.66,0.05,0.03,0.0,9.8
4314001,Paraí,RS,2654,14.36,85.64,52.94,32.71,14.28,0.0,70.01,21.14,0.15,8.7,0.0,0.0,0.0,11.3
4314027,Paraíso do Sul,RS,2617,27.93,72.03,15.86,56.17,25.72,0.15,72.76,6.08,7.26,13.83,0.0,0.0,0.0,20.29
4314035,Pareci Novo,RS,1680,25.3,74.7,23.93,50.77,24.82,0.0,64.7,34.17,0.65,0.48,0.0,0.0,0.0,20.65
4314050,Parobé,RS,19888,8.17,91.59,85.17,6.42,6.18,0.02,48.47,50.64,0.09,0.73,0.0,0.01,0.0,34.22
4314068,Passa Sete,RS,1525,86.43,13.05,0.59,12.46,84.13,1.51,37.44,9.77,35.28,17.31,0.0,0.0,0.07,52.33
4314076,Passo do Sobrado,RS,2381,11.21,88.53,25.16,63.38,7.31,0.04,71.31,20.75,1.6,6.26,0.08,0.0,0.0,17.09
4314100,Passo Fundo,RS,81744,23.45,76.39,56.79,19.61,20.74,0.03,95.13,3.57,0.12,0.24,0.03,0.01,0.0,2.32
4314134,Paulo Bento,RS,793,45.02,54.98,1.89,53.09,43.25,0.0,82.35,4.54,2.9,10.21,0.0,0.0,0.0,3.28
4314159,Paverama,RS,3149,23.91,75.93,1.52,74.4,23.53,0.0,85.65,11.62,0.51,2.13,0.03,0.0,0.0,7.78
4314175,Pedras Altas,RS,866,11.2,88.68,47.46,41.22,9.58,0.0,70.67,7.85,16.74,2.54,0.23,1.5,0.35,24.25
4314209,Pedro Osório,RS,3084,8.82,91.05,67.54,23.51,8.37,0.03,93.09,2.98,3.37,0.06,0.32,0.06,0.03,6.42
4314308,Pejuçara,RS,1375,80.15,19.85,6.25,13.6,80.0,0.0,72.8,24.15,0.65,2.11,0.0,0.0,0.22,19.85
4314407,Pelotas,RS,130721,6.28,93.6,78.46,15.15,2.37,0.07,95.12,0.78,3.22,0.2,0.13,0.02,0.01,3.97
4314423,Picada Café,RS,2031,12.8,87.15,35.16,51.99,12.75,0.0,82.96,13.15,1.58,2.31,0.0,0.0,0.0,3.25
4314456,Pinhal,RS,1089,15.43,84.57,26.35,58.22,15.34,0.09,82.74,15.43,1.1,0.46,0.09,0.0,0.0,8.08
4314464,Pinhal da Serra,RS,885,38.42,61.47,0.79,60.68,38.19,0.11,91.86,2.94,3.95,1.24,0.0,0.0,0.0,6.21
4314472,Pinhal Grande,RS,1474,26.73,73.13,47.69,25.44,25.1,0.54,72.73,13.77,6.92,6.31,0.0,0.07,0.2,20.22
4314498,Pinheirinho do Vale,RS,1696,49.17,50.59,2.89,47.7,48.94,0.0,56.07,32.37,9.91,1.42,0.06,0.06,0.06,16.8
4314506,Pinheiro Machado,RS,4882,15.49,84.33,75.95,8.38,12.93,0.12,80.81,0.7,15.03,3.3,0.0,0.0,0.1,16.51
4314548,Pinto Bandeira,RS,919,51.25,48.64,0.87,47.77,50.92,0.0,42.98,34.49,1.31,21.22,0.0,0.0,0.0,20.24
4314555,Pirapó,RS,917,14.18,85.71,0.55,85.17,13.96,0.0,96.18,3.27,0.33,0.11,0.0,0.0,0.0,2.84
4314605,Piratini,RS,7513,44.28,55.4,39.77,15.63,43.03,0.36,64.83,2.7,27.69,4.38,0.15,0.05,0.11,33.78
4314704,Planalto,RS,4049,34.8,65.18,9.8,55.37,33.47,0.91,77.45,4.67,4.74,12.94,0.0,0.05,0.02,18.52
4314753,Poço das Antas,RS,842,36.1,63.9,0.24,63.66,35.87,0.0,93.11,3.33,0.48,2.97,0.0,0.12,0.0,0.24
4314779,Pontão,RS,1259,16.52,83.48,18.35,65.13,16.52,0.0,66.0,31.45,0.24,2.3,0.0,0.0,0.0,13.03
4314787,Ponte Preta,RS,585,19.32,80.68,1.2,79.49,18.97,0.0,64.1,29.4,0.34,6.15,0.0,0.0,0.0,4.62
4314803,Portão,RS,12935,4.9,94.23,76.08,18.15,4.14,0.01,40.77,58.52,0.25,0.16,0.0,0.07,0.0,45.23
4314902,Porto Alegre,RS,558252,3.67,96.09,93.01,3.08,1.15,0.03,99.12,0.21,0.03,0.04,0.06,0.01,0.01,0.61
4315008,Porto Lucena,RS,1824,97.2,2.8,1.26,1.54,96.98,0.0,93.91,2.8,2.91,0.38,0.0,0.0,0.0,3.23
4315057,Porto Mauá,RS,843,82.8,17.2,1.66,15.54,82.8,0.0,98.46,0.83,0.24,0.47,0.0,0.0,0.0,0.36
4315073,Porto Vera Cruz,RS,665,67.07,32.48,8.42,24.06,66.62,0.15,89.77,4.66,3.91,1.65,0.0,0.0,0.0,4.81
4315107,Porto Xavier,RS,3927,39.7,60.17,39.29,20.88,38.43,0.1,75.55,21.8,1.43,0.56,0.51,0.0,0.0,17.7
4315131,Pouso Novo,RS,665,92.18,7.82,1.95,5.86,87.82,0.45,60.9,6.17,4.06,28.27,0.15,0.0,0.3,22.26
4315149,Presidente Lucena,RS,1112,0.0,100.0,97.84,2.16,0.0,0.0,99.55,0.27,0.0,0.18,0.0,0.0,0.0,0.0
4315156,Progresso,RS,2109,26.32,72.17,8.87,63.3,25.13,0.24,66.48,5.12,0.14,28.07,0.0,0.0,0.09,20.01
4315172,Protásio Alves,RS,752,75.27,24.73,0.4,24.34,75.27,0.0,86.57,9.97,0.0,3.46,0.0,0.0,0.0,6.52
4315206,Putinga,RS,1366,24.3,75.55,41.0,34.55,22.77,0.29,50.66,35.43,0.66,13.18,0.0,0.0,0.07,45.53
4315305,Quaraí,RS,8678,7.91,91.98,79.34,12.64,7.14,0.08,90.98,5.47,2.63,0.47,0.0,0.05,0.21,8.45
4315313,Quatro Irmãos,RS,577,48.87,50.95,0.35,50.61,48.7,0.17,75.91,12.82,1.39,9.71,0.0,0.0,0.0,15.94
4315321,Quevedos,RS,1033,97.39,2.42,0.58,1.84,97.0,0.19,88.09,4.84,1.06,6.0,0.0,0.0,0.0,10.84
4315354,Quinze de Novembro,RS,1518,67.0,33.0,1.78,31.23,67.0,0.0,73.98,25.3,0.13,0.53,0.0,0.07,0.0,24.24
4315404,Redentora,RS,3101,66.14,31.41,1.93,29.47,64.46,0.68,67.56,24.51,2.74,4.48,0.13,0.1,0.13,18.8
4315453,Relvado,RS,695,7.77,92.23,26.62,65.61,4.89,0.0,87.48,6.04,0.0,6.47,0.0,0.0,0.0,0.43
4315503,Restinga Sêca,RS,5906,54.62,45.16,30.88,14.27,53.3,0.07,84.86,7.25,5.57,1.81,0.05,0.1,0.07,10.63
4315552,Rio dos Índios,RS,1091,95.05,4.67,0.73,3.94,94.32,0.0,54.35,7.61,10.63,27.31,0.0,0.0,0.09,34.65
4315602,Rio Grande,RS,74570,1.8,98.06,39.64,58.41,1.23,0.05,92.5,6.11,0.14,0.03,0.0,0.02,0.0,6.79
4315701,Rio Pardo,RS,13568,26.39,73.37,60.22,13.15,24.3,0.07,76.55,12.77,3.8,6.49,0.0,0.07,0.07,19.28
4315750,Riozinho,RS,1727,4.46,95.25,24.78,70.47,2.32,0.06,59.47,28.03,2.61,9.61,0.06,0.0,0.23,30.8
4315800,Roca Sales,RS,4049,18.42,81.58,48.85,32.72,17.96,0.0,77.3,19.56,0.47,2.52,0.0,0.12,0.0,3.01
4315909,Rodeio Bonito,RS,2582,95.7,3.8,1.12,2.67,95.16,0.08,95.0,4.11,0.31,0.58,0.0,0.0,0.0,0.89
4315958,Rolador,RS,913,26.07,73.82,19.17,54.65,25.74,0.0,83.13,16.76,0.0,0.11,0.0,0.0,0.0,15.33
4316006,Rolante,RS,8233,4.26,95.63,37.53,58.1,3.06,0.0,60.52,31.01,3.68,4.71,0.0,0.02,0.01,26.93
4316105,Ronda Alta,RS,3559,39.31,60.55,18.01,42.54,37.82,0.28,90.59,6.69,0.34,2.22,0.06,0.0,0.0,4.66
4316204,Rondinha,RS,1755,35.56,63.93,14.3,49.63,34.87,0.06,80.28,16.47,0.17,3.08,0.0,0.0,0.0,9.23
4316303,Roque Gonzales,RS,2585,73.31,26.62,1.7,24.91,73.08,0.0,96.52,2.67,0.15,0.54,0.0,0.04,0.0,0.39
4316402,Rosário do Sul,RS,13803,14.76,84.88,69.86,15.02,10.99,0.05,80.42,15.15,1.8,1.69,0.0,0.04,0.41,14.79
4316428,Sagrada Família,RS,973,94.45,5.04,1.75,3.29,94.24,0.21,79.96,16.55,0.62,2.88,0.0,0.0,0.0,3.91
4316436,Saldanha Marinho,RS,1035,45.31,54.4,6.67,47.73,45.22,0.0,77.78,17.97,0.58,3.48,0.19,0.0,0.0,14.2
4316451,Salto do Jacuí,RS,4023,38.98,60.35,43.57,16.78,37.63,0.17,92.17,5.89,0.42,0.87,0.2,0.0,0.0,6.09
4316477,Salvador das Missões,RS,1118,11.36,88.55,1.34,87.21,11.27,0.0,81.84,17.53,0.45,0.18,0.0,0.0,0.0,0.72
4316501,Salvador do Sul,RS,2669,2.51,97.49,5.73,91.76,2.36,0.0,91.68,5.13,1.95,0.94,0.0,0.26,0.0,3.03
4316600,Sananduva,RS,6613,27.79,71.4,45.26,26.15,24.98,0.0,76.18,16.71,0.57,6.5,0.0,0.0,0.02,12.45
4316709,Santa Bárbara do Sul,RS,3206,47.01,52.84,11.32,41.52,43.23,0.0,83.56,15.44,0.28,0.62,0.0,0.0,0.03,13.88
4316733,Santa Cecília do Sul,RS,617,9.08,90.6,0.97,89.63,8.1,0.16,41.98,41.82,0.0,16.21,0.0,0.0,0.0,48.3
4316758,Santa Clara do Sul,RS,2580,8.41,91.51,3.64,87.87,8.22,0.08,96.51,1.36,0.81,1.24,0.0,0.08,0.0,1.2
4316808,Santa Cruz do Sul,RS,53650,3.05,96.76,84.77,11.99,2.32,0.02,93.7,2.93,1.48,1.74,0.01,0.04,0.01,4.02
4316907,Santa Maria,RS,106304,8.13,91.5,77.06,14.44,5.41,0.05,93.5,4.57,0.6,0.69,0.04,0.02,0.01,4.73
4316956,Santa Maria do Herval,RS,2414,9.44,90.47,1.28,89.19,9.24,0.0,61.23,9.69,20.42,8.37,0.08,0.17,0.0,31.03
4316972,Santa Margarida do Sul,RS,1037,73.19,26.71,5.5,21.22,71.84,0.29,55.16,19.58,15.24,6.46,3.28,0.1,0.0,35.1
4317004,Santana da Boa Vista,RS,3043,39.5,59.74,42.66,17.09,37.56,0.07,58.4,1.84,0.95,38.15,0.0,0.0,0.59,36.38
4317103,Sant'Ana do Livramento,RS,31765,9.43,89.92,40.62,49.3,7.68,0.07,92.27,4.94,1.55,0.52,0.01,0.05,0.06,7.06
4317202,Santa Rosa,RS,30005,27.99,71.94,36.06,35.89,25.96,0.01,93.6,5.65,0.25,0.45,0.0,0.0,0.01,3.73
4317251,Santa Tereza,RS,592,41.22,58.61,5.74,52.87,40.71,0.0,91.39,4.56,0.34,3.72,0.0,0.0,0.0,5.07
4317301,Santa Vitória do Palmar,RS,12518,12.82,86.26,66.27,19.99,5.54,0.02,80.46,17.45,1.31,0.14,0.01,0.01,0.1,15.58
4317400,Santiago,RS,19645,14.38,85.56,80.9,4.66,13.88,0.02,91.42,6.1,0.98,1.43,0.01,0.02,0.0,4.99
4317509,Santo Ângelo,RS,29689,38.96,60.86,34.78,26.08,36.91,0.02,93.53,5.7,0.21,0.35,0.0,0.04,0.01,3.03
4317558,Santo Antônio do Palma,RS,748,65.91,34.09,3.21,30.88,65.91,0.0,85.96,7.75,0.13,6.02,0.0,0.0,0.0,6.15
4317608,Santo Antônio da Patrulha,RS,17074,10.06,89.7,33.08,56.62,9.31,0.04,65.16,28.6,1.73,4.35,0.01,0.03,0.03,28.79
4317707,Santo Antônio das Missões,RS,4086,39.7,60.25,0.93,59.32,39.55,0.0,72.66,23.25,2.94,1.03,0.0,0.0,0.0,21.93
4317756,Santo Antônio do Planalto,RS,816,99.63,0.37,0.0,0.37,99.51,0.0,92.03,6.74,0.37,0.86,0.0,0.0,0.0,3.06
4317806,Santo Augusto,RS,5471,32.63,67.3,3.45,63.85,32.52,0.02,95.89,3.2,0.2,0.6,0.0,0.02,0.0,3.11
4317905,Santo Cristo,RS,5911,51.77,47.96,4.99,42.97,51.09,0.0,90.86,4.7,2.54,1.84,0.0,0.03,0.0,4.38
4317954,Santo Expedito do Sul,RS,916,12.77,87.12,3.6,83.52,11.57,0.0,65.83,16.48,1.31,16.38,0.0,0.0,0.0,14.85
4318002,São Borja,RS,22559,30.87,68.95,37.54,31.41,30.1,0.06,86.64,11.63,0.96,0.23,0.01,0.01,0.04,8.7
4318051,São Domingos do Sul,RS,1057,50.43,49.57,6.72,42.86,50.33,0.0,93.76,1.42,0.28,4.54,0.0,0.0,0.0,0.19
4318101,São Francisco de Assis,RS,7246,46.89,52.86,10.54,42.31,45.97,0.12,74.41,10.83,1.2,13.43,0.01,0.04,0.03,25.32
4318200,São Francisco de Paula,RS,8012,13.98,85.75,46.38,39.37,10.61,0.02,72.6,8.75,4.19,14.1,0.02,0.05,0.19,23.28
4318309,São Gabriel,RS,22285,19.27,80.12,68.55,11.57,13.1,0.06,90.09,4.77,3.85,0.63,0.02,0.19,0.22,9.03
4318408,São Jerônimo,RS,8091,18.93,80.79,33.06,47.73,15.16,0.17,78.28,5.67,2.27,12.95,0.0,0.01,0.33,21.1
4318424,São João da Urtiga,RS,1739,20.41,79.47,31.86,47.61,19.32,0.0,66.82,19.72,2.76,10.41,0.0,0.23,0.06,22.48
4318432,São João do Polêsine,RS,1041,33.81,66.19,59.94,6.24,32.76,0.0,75.22,10.28,1.34,13.16,0.0,0.0,0.0,7.68
4318440,São Jorge,RS,1083,21.05,78.86,42.29,36.57,20.78,0.0,87.17,6.19,0.83,5.82,0.0,0.0,0.0,3.42
4318457,São José das Missões,RS,932,72.64,27.36,0.54,26.82,72.53,0.0,90.67,4.61,0.43,4.29,0.0,0.0,0.0,3.54
4318465,São José do Herval,RS,749,86.92,12.55,5.34,7.21,86.11,0.53,47.8,31.91,6.68,12.42,0.0,0.0,1.2,24.7
4318481,São José do Hortêncio,RS,1693,16.6,83.34,24.51,58.83,16.36,0.0,89.37,9.27,1.24,0.06,0.0,0.0,0.0,2.95
4318499,São José do Inhacorá,RS,956,62.66,37.13,0.21,36.92,62.55,0.1,82.11,17.57,0.21,0.0,0.0,0.1,0.0,2.51
4318507,São José do Norte,RS,10193,1.18,98.69,38.61,60.07,0.63,0.06,50.43,48.86,0.45,0.05,0.0,0.03,0.0,45.98
4318606,São José do Ouro,RS,2738,6.79,93.1,48.79,44.3,4.49,0.0,61.36,24.62,2.26,11.72,0.0,0.0,0.04,22.28
4318614,São José do Sul,RS,921,49.73,48.53,4.89,43.65,49.51,0.0,78.18,20.96,0.43,0.22,0.0,0.11,0.0,11.29
4318622,São José dos Ausentes,RS,1459,29.47,70.32,58.46,11.86,24.95,0.0,61.82,7.68,3.02,27.28,0.0,0.0,0.0,36.12
4318705,São Leopoldo,RS,84190,4.05,95.76,93.8,1.96,1.84,0.03,96.03,2.56,0.05,0.07,0.0,0.01,0.0,2.61
4318804,São Lourenço do Sul,RS,15248,14.44,85.43,54.33,31.09,10.58,0.5,66.99,3.73,28.33,0.58,0.03,0.11,0.06,32.61
4318903,São Luiz Gonzaga,RS,13557,26.44,73.41,40.64,32.77,22.7,0.03,86.08,13.15,0.22,0.41,0.0,0.0,0.01,10.24
4319000,São Marcos,RS,8225,8.4,91.55,86.89,4.66,7.16,0.0,85.96,10.04,0.9,3.05,0.0,0.04,0.01,10.87
4319109,São Martinho,RS,2216,81.72,18.23,0.86,17.37,81.72,0.0,77.21,15.48,2.17,5.01,0.0,0.0,0.0,16.02
4319125,São Martinho da Serra,RS,1147,83.0,16.04,1.39,14.65,81.52,0.17,55.8,30.25,5.67,8.11,0.0,0.0,0.0,36.18
4319158,São Miguel das Missões,RS,2804,12.55,87.16,12.05,75.11,12.41,0.0,77.6,21.5,0.32,0.53,0.0,0.0,0.0,5.28
4319208,São Nicolau,RS,2047,54.52,45.43,2.25,43.19,54.13,0.1,87.93,10.45,0.34,1.07,0.0,0.0,0.0,9.04
4319307,São Paulo das Missões,RS,2231,34.69,65.22,1.17,64.05,34.07,0.0,94.89,3.14,1.75,0.18,0.0,0.0,0.0,1.84
4319356,São Pedro da Serra,RS,1309,3.9,96.03,18.26,77.77,2.98,0.0,92.74,3.74,2.37,0.84,0.0,0.23,0.0,1.91
4319364,São Pedro das Missões,RS,671,99.55,0.3,0.15,0.15,99.55,0.0,84.65,11.92,0.0,3.43,0.0,0.0,0.0,8.35
4319372,São Pedro do Butiá,RS,1169,2.99,97.01,0.26,96.75,2.99,0.0,95.72,4.19,0.09,0.0,0.0,0.0,0.0,0.17
4319406,São Pedro do Sul,RS,6421,25.65,73.84,57.81,16.03,22.77,0.08,73.74,17.15,3.29,5.75,0.0,0.02,0.0,23.0
4319505,São Sebastião do Caí,RS,9430,6.36,93.48,62.78,30.7,5.87,0.0,58.76,40.23,0.59,0.27,0.0,0.03,0.01,23.05
4319604,São Sepé,RS,8605,15.6,83.99,73.86,10.12,10.04,0.07,80.74,5.93,4.94,7.64,0.12,0.09,0.26,12.43
4319703,São Valentim,RS,1239,64.89,34.46,13.8,20.66,63.44,0.08,59.08,12.51,2.02,26.15,0.0,0.0,0.24,38.74
4319711,São Valentim do Sul,RS,846,11.11,88.89,21.28,67.61,11.11,0.0,48.58,45.39,1.18,4.73,0.0,0.0,0.0,24.23
4319737,São Valério do Sul,RS,826,87.89,12.11,2.91,9.2,87.41,0.24,87.41,7.75,0.12,1.45,0.0,0.0,0.0,6.05
4319752,São Vendelino,RS,852,0.59,99.41,37.56,61.85,0.59,0.0,91.78,4.69,1.41,2.0,0.0,0.0,0.0,1.29
4319802,São Vicente do Sul,RS,3117,21.08,78.83,50.21,28.62,18.38,0.0,75.68,21.53,1.06,1.51,0.19,0.0,0.0,23.16
4319901,Sapiranga,RS,28716,2.91,97.03,91.84,5.19,2.11,0.0,59.51,39.49,0.38,0.48,0.0,0.01,0.0,18.87
4320008,Sapucaia do Sul,RS,50174,4.81,94.98,90.66,4.31,3.13,0.03,90.39,8.73,0.19,0.19,0.03,0.01,0.0,6.01
4320107,Sarandi,RS,8620,14.35,85.5,70.06,15.44,11.94,0.01,91.52,7.24,0.03,1.17,0.0,0.0,0.0,3.72
4320206,Seberi,RS,4699,55.37,44.5,4.36,40.14,54.99,0.02,81.57,14.85,1.53,2.0,0.0,0.0,0.0,5.3
4320230,Sede Nova,RS,1068,98.5,1.5,0.47,1.03,98.41,0.09,80.99,9.18,1.31,8.33,0.0,0.09,0.0,4.59
4320263,Segredo,RS,2321,93.8,6.03,0.04,5.99,93.19,0.26,74.54,0.22,21.03,4.05,0.0,0.09,0.04,18.27
4320305,Selbach,RS,1979,43.71,56.29,2.37,53.92,43.71,0.0,75.9,23.95,0.05,0.05,0.05,0.0,0.0,11.52
4320321,Senador Salgado Filho,RS,1044,24.62,75.19,0.96,74.23,21.46,0.0,87.36,4.41,4.21,3.93,0.0,0.1,0.0,2.59
4320354,Sentinela do Sul,RS,2109,75.96,23.71,10.81,12.9,73.16,0.09,35.94,42.48,3.79,17.16,0.19,0.14,0.24,59.36
4320404,Serafina Corrêa,RS,6231,17.61,82.35,2.42,79.92,17.36,0.02,91.04,7.8,0.03,1.11,0.0,0.02,0.0,2.65
4320453,Sério,RS,780,93.85,5.9,0.64,5.26,92.69,0.0,67.44,1.15,16.28,15.0,0.0,0.13,0.0,9.74
4320503,Sertão,RS,2191,44.09,55.91,8.81,47.1,44.09,0.0,57.55,33.18,0.46,8.58,0.23,0.0,0.0,12.46
4320552,Sertão Santana,RS,2345,46.74,53.26,13.73,39.53,42.3,0.09,22.05,45.37,3.03,29.34,0.0,0.0,0.21,71.22
4320578,Sete de Setembro,RS,696,91.95,8.05,1.01,7.04,91.67,0.0,95.26,4.02,0.72,0.0,0.0,0.0,0.0,1.15
4320602,Severiano de Almeida,RS,1309,26.51,73.41,17.04,56.38,25.59,0.08,46.52,36.67,0.23,16.27,0.0,0.15,0.0,27.12
4320651,Silveira Martins,RS,789,19.14,80.74,38.91,41.83,17.74,0.0,62.86,5.2,12.8,18.76,0.0,0.13,0.13,23.95
4320677,Sinimbu,RS,3206,55.24,42.79,16.31,26.48,52.53,0.78,44.26,2.25,20.99,31.85,0.0,0.06,0.41,47.26
4320701,Sobradinho,RS,5586,20.19,79.57,12.84,66.74,19.94,0.18,85.36,10.47,1.4,2.09,0.04,0.07,0.04,9.67
4320800,Soledade,RS,11716,11.46,88.43,81.64,6.79,10.1,0.03,90.75,6.78,0.28,2.01,0.03,0.03,0.02,5.57
4320859,Tabaí,RS,1744,6.08,93.75,2.06,91.69,4.59,0.0,36.58,59.12,1.43,2.41,0.46,0.0,0.0,54.3
4320909,Tapejara,RS,9340,20.54,79.39,47.24,32.15,19.7,0.01,90.21,7.99,0.16,1.37,0.0,0.02,0.01,6.7
4321006,Tapera,RS,4051,15.16,84.82,37.74,47.07,14.51,0.0,90.77,8.84,0.1,0.27,0.0,0.0,0.02,2.57
4321105,Tapes,RS,6011,10.91,88.95,78.04,10.91,6.42,0.07,86.44,11.58,1.01,0.07,0.65,0.05,0.03,12.66
4321204,Taquara,RS,20888,8.98,90.85,65.52,25.34,7.08,0.02,60.03,34.61,1.1,3.69,0.01,0.02,0.03,34.03
4321303,Taquari,RS,10099,10.52,89.4,17.45,71.96,9.57,0.04,88.67,8.42,0.63,2.16,0.01,0.02,0.0,6.89
4321329,Taquaruçu do Sul,RS,1140,81.05,18.95,2.98,15.96,81.05,0.0,86.67,2.98,4.56,5.79,0.0,0.0,0.0,5.61
4321352,Tavares,RS,2153,10.73,89.22,27.78,61.45,10.68,0.0,16.67,77.1,6.22,0.0,0.0,0.0,0.0,74.41
4321402,Tenente Portela,RS,5332,41.45,58.14,1.61,56.53,41.07,0.15,78.92,10.9,5.4,4.41,0.26,0.02,0.04,13.39
4321436,Terra de Areia,RS,4009,15.07,84.93,2.24,82.69,14.99,0.02,39.79,56.9,1.05,2.0,0.0,0.0,0.22,50.74
4321451,Teutônia,RS,12776,31.21,68.77,3.51,65.26,31.17,0.01,97.34,1.65,0.29,0.68,0.0,0.0,0.0,2.07
4321469,Tio Hugo,RS,1241,66.88,33.04,0.16,32.88,66.72,0.0,65.59,30.06,0.81,3.55,0.0,0.0,0.0,5.88
4321477,Tiradentes do Sul,RS,2029,70.48,29.42,0.15,29.28,69.34,0.05,71.22,2.76,23.71,1.33,0.3,0.39,0.1,21.14
4321493,Toropi,RS,1058,38.94,60.96,0.28,60.68,38.09,0.0,88.66,2.93,0.28,8.13,0.0,0.0,0.0,5.77
4321501,Torres,RS,16524,12.15,87.12,48.1,39.02,11.89,0.02,81.78,13.65,3.93,0.44,0.0,0.02,0.02,14.92
4321600,Tramandaí,RS,21085,6.72,93.15,17.69,75.46,6.52,0.03,86.75,12.48,0.26,0.01,0.0,0.01,0.0,8.36
4321626,Travesseiro,RS,830,8.55,91.45,1.45,90.0,8.55,0.0,90.6,3.13,0.0,6.27,0.0,0.0,0.0,5.06
4321634,Três Arroios,RS,1028,17.12,82.88,0.88,82.0,16.44,0.1,68.39,22.76,1.56,7.3,0.0,0.0,0.0,11.48
4321667,Três Cachoeiras,RS,4203,0.59,99.38,12.94,86.44,0.48,0.02,44.99,46.25,0.71,7.54,0.0,0.0,0.0,33.71
4321709,Três Coroas,RS,9275,5.88,93.87,71.27,22.6,4.47,0.0,67.4,27.05,2.42,2.78,0.0,0.23,0.08,25.44
4321808,Três de Maio,RS,9877,57.73,42.24,3.43,38.81,54.64,0.0,85.05,13.32,0.43,0.83,0.01,0.07,0.06,8.09
4321832,Três Forquilhas,RS,1065,22.54,77.46,1.03,76.43,20.56,0.09,74.93,4.98,0.94,18.69,0.0,0.0,0.38,18.22
4321857,Três Palmeiras,RS,1738,49.65,48.96,11.51,37.46,48.39,0.92,93.9,4.09,0.23,1.67,0.0,0.0,0.0,3.39
4321907,Três Passos,RS,9958,61.59,38.34,3.82,34.53,61.36,0.01,87.0,8.75,2.9,1.13,0.09,0.08,0.0,7.58
4321956,Trindade do Sul,RS,2836,88.86,10.93,1.73,9.2,88.58,0.11,79.94,13.29,0.56,6.03,0.07,0.0,0.0,14.99
4322004,Triunfo,RS,10566,17.2,82.69,23.11,59.58,14.6,0.09,52.15,40.36,2.1,0.82,1.83,0.01,0.14,46.1
4322103,Tucunduva,RS,2268,75.66,24.29,5.25,19.05,74.56,0.0,97.18,1.98,0.0,0.75,0.0,0.09,0.0,2.51
4322152,Tunas,RS,1404,85.97,13.18,12.75,0.43,83.9,1.21,64.39,2.85,13.53,19.23,0.0,0.0,0.0,33.76
4322186,Tupanci do Sul,RS,560,30.36,69.46,10.54,58.93,29.64,0.0,44.82,24.64,0.89,29.64,0.0,0.0,0.0,51.61
4322202,Tupanciretã,RS,7796,39.94,59.93,42.41,17.52,36.33,0.03,83.5,14.55,0.72,1.08,0.05,0.0,0.0,8.61
4322251,Tupandi,RS,1842,17.81,82.14,28.34,53.8,17.75,0.0,89.41,9.5,0.33,0.71,0.0,0.0,0.0,3.8
4322301,Tuparendi,RS,3367,73.98,25.84,1.99,23.85,73.6,0.03,84.26,13.81,0.62,1.22,0.0,0.0,0.06,9.59
4322327,Turuçu,RS,1205,20.41,79.42,42.57,36.85,17.76,0.25,59.67,5.15,34.02,1.0,0.0,0.0,0.08,34.19
4322343,Ubiretama,RS,766,62.4,37.21,0.0,37.21,61.36,0.0,97.26,1.17,0.52,1.04,0.0,0.0,0.0,1.31
4322350,União da Serra,RS,436,74.31,25.23,2.06,23.17,73.62,0.0,54.36,36.7,0.46,8.26,0.0,0.0,0.23,12.39
4322376,Unistalda,RS,806,45.16,54.34,5.46,48.88,44.91,0.0,46.77,47.15,1.49,3.97,0.37,0.0,0.25,29.4
4322400,Uruguaiana,RS,41707,2.86,96.68,88.89,7.79,1.56,0.17,92.06,6.77,0.17,0.09,0.02,0.02,0.04,5.39
4322509,Vacaria,RS,23648,6.59,93.35,90.63,2.72,4.84,0.08,92.89,3.84,1.19,1.85,0.0,0.03,0.04,6.48
4322525,Vale Verde,RS,1294,38.49,61.44,14.45,46.99,37.25,0.0,68.08,14.14,1.47,16.0,0.0,0.08,0.23,26.2
4322533,Vale do Sol,RS,3776,26.06,73.76,9.45,64.3,22.62,0.29,73.28,0.58,13.03,12.76,0.13,0.03,0.08,17.24
4322541,Vale Real,RS,2263,1.41,98.59,43.75,54.84,0.97,0.0,92.09,3.45,0.84,3.62,0.0,0.0,0.0,2.92
4322558,Vanini,RS,788,41.5,58.5,54.82,3.68,41.5,0.0,94.16,2.41,0.25,3.17,0.0,0.0,0.0,0.25
4322608,Venâncio Aires,RS,27675,7.19,92.73,57.76,34.98,6.23,0.07,80.26,10.54,5.77,3.17,0.01,0.05,0.05,14.94
4322707,Vera Cruz,RS,10337,19.25,80.61,62.62,17.99,17.65,0.04,94.92,0.97,0.93,3.13,0.0,0.01,0.0,3.81
4322806,Veranópolis,RS,9531,6.88,93.1,85.08,8.02,6.75,0.0,91.75,5.75,0.24,2.2,0.0,0.03,0.02,1.31
4322855,Vespasiano Corrêa,RS,642,61.37,38.63,2.18,36.45,60.12,0.0,89.72,2.34,0.0,7.94,0.0,0.0,0.0,2.96
4322905,Viadutos,RS,1896,25.69,74.26,17.3,56.96,20.04,0.53,61.08,15.77,7.65,15.3,0.0,0.11,0.05,8.23
4323002,Viamão,RS,84612,13.62,86.09,55.97,30.12,4.99,0.03,88.08,10.68,0.79,0.19,0.01,0.03,0.01,9.28
4323101,Vicente Dutra,RS,1789,67.08,32.48,7.6,24.87,66.41,0.06,76.41,7.1,14.03,2.07,0.0,0.06,0.06,11.68
4323200,Victor Graeff,RS,1100,66.36,33.45,0.73,32.73,66.36,0.0,58.27,40.27,0.09,1.36,0.0,0.0,0.0,7.45
4323309,Vila Flores,RS,1323,50.34,49.66,22.52,27.14,50.26,0.0,79.74,13.3,1.51,5.44,0.0,0.0,0.0,1.74
4323358,Vila Lângaro,RS,774,38.5,61.5,24.94,36.56,38.37,0.0,29.59,61.37,0.65,8.4,0.0,0.0,0.0,66.41
4323408,Vila Maria,RS,1657,19.79,80.21,38.93,41.28,19.79,0.0,56.85,42.06,0.24,0.84,0.0,0.0,0.0,0.36
4323457,Vila Nova do Sul,RS,1598,8.7,90.3,58.32,31.98,6.57,0.0,57.82,17.27,23.09,1.5,0.0,0.06,0.0,9.32
4323507,Vista Alegre,RS,1014,80.87,19.03,0.59,18.44,80.77,0.0,72.88,8.19,14.3,4.44,0.0,0.1,0.0,10.26
4323606,Vista Alegre do Prata,RS,573,68.41,31.41,3.32,28.1,67.71,0.17,69.63,23.21,0.52,6.63,0.0,0.0,0.0,17.28
4323705,Vista Gaúcha,RS,1108,22.02,77.89,0.36,77.53,21.39,0.18,83.57,3.7,9.84,2.89,0.0,0.0,0.0,3.07
4323754,Vitória das Missões,RS,1312,33.16,66.39,0.53,65.85,32.32,0.0,88.95,10.52,0.08,0.46,0.0,0.0,0.0,5.72
4323770,Westfália,RS,1112,13.31,86.69,3.33,83.36,13.22,0.09,81.56,5.58,4.14,8.63,0.09,0.0,0.0,8.9
4323804,Xangri-lá,RS,5802,42.12,57.86,14.34,43.52,41.62,0.02,94.48,5.31,0.14,0.02,0.0,0.0,0.0,3.45
5000203,Água Clara,MS,5613,78.34,21.66,1.0,20.67,78.07,0.0,82.34,16.52,0.5,0.62,0.0,0.0,0.02,15.46
5000252,Alcinópolis,MS,1770,25.99,74.01,59.27,14.75,25.65,0.06,66.38,28.42,0.9,3.79,0.0,0.0,0.23,32.99
5000609,Amambai,MS,13629,50.7,46.5,36.33,10.16,48.48,0.68,78.43,18.02,0.94,1.27,0.01,0.03,0.25,17.82
5000708,Anastácio,MS,8575,29.59,70.25,37.06,33.19,29.41,0.02,87.25,10.95,0.76,0.61,0.05,0.08,0.07,11.42
5000807,Anaurilândia,MS,2913,17.78,82.22,30.38,51.84,17.75,0.0,69.45,29.8,0.51,0.17,0.0,0.0,0.03,22.86
5000856,Angélica,MS,3977,60.35,39.65,32.99,6.66,60.3,0.0,81.95,16.37,1.06,0.58,0.0,0.0,0.0,16.97
5000906,Antônio João,MS,3176,35.01,64.83,24.75,40.08,34.76,0.16,77.39,12.0,1.83,0.79,6.93,0.0,0.19,19.74
5001003,Aparecida do Taboado,MS,10296,51.76,48.16,19.98,28.19,51.67,0.01,68.64,29.86,1.32,0.04,0.0,0.0,0.06,20.41
5001102,Aquidauana,MS,15929,32.22,67.71,18.3,49.41,32.05,0.02,86.81,10.98,0.94,0.85,0.04,0.04,0.11,9.29
5001243,Aral Moreira,MS,3370,95.04,4.81,4.63,0.18,86.14,0.0,68.46,18.93,6.62,1.04,0.0,0.0,4.93,26.23
5001508,Bandeirantes,MS,2917,27.08,72.92,1.1,71.82,26.95,0.0,73.09,21.05,0.93,4.59,0.0,0.03,0.24,16.32
5001904,Bataguassu,MS,8238,46.71,53.25,32.5,20.76,46.71,0.0,90.33,9.08,0.46,0.07,0.04,0.0,0.01,7.27
5002001,Batayporã,MS,3868,34.67,65.31,42.94,22.36,34.67,0.0,80.02,17.94,1.19,0.13,0.0,0.0,0.72,14.74
5002100,Bela Vista,MS,7231,52.01,47.89,32.8,15.09,51.33,0.07,88.31,9.43,0.76,1.08,0.0,0.01,0.24,9.9
5002159,Bodoquena,MS,3045,31.82,68.18,65.81,2.36,31.69,0.13,73.63,21.08,0.2,1.51,0.23,0.0,3.32,19.01
5002209,Bonito,MS,8260,16.33,83.6,77.25,6.34,16.22,0.04,82.37,13.62,1.02,1.22,0.04,0.06,1.62,13.21
5002308,Brasilândia,MS,4235,19.08,80.92,45.24,35.68,19.03,0.05,84.06,14.9,0.73,0.14,0.05,0.02,0.02,11.69
5002407,Caarapó,MS,10662,66.74,32.54,22.67,9.87,58.76,0.36,83.58,11.18,1.41,0.79,0.09,0.0,0.19,14.1
5002605,Camapuã,MS,5434,34.91,64.98,51.47,13.51,34.23,0.0,79.22,14.15,0.53,5.32,0.0,0.0,0.42,18.35
5002704,Campo Grande,MS,325840,10.74,89.18,67.19,21.99,10.67,0.01,95.0,4.41,0.38,0.08,0.0,0.01,0.01,2.85
5002803,Caracol,MS,1717,59.81,40.19,32.09,8.1,59.81,0.0,71.87,22.77,2.33,2.8,0.0,0.0,0.17,27.26
5002902,Cassilândia,MS,8259,44.86,55.13,31.99,23.14,44.52,0.01,90.6,7.0,0.47,1.76,0.02,0.0,0.13,7.52
5002951,Chapadão do Sul,MS,10889,8.74,91.25,66.72,24.53,8.73,0.0,93.93,5.65,0.04,0.32,0.0,0.0,0.06,5.73
5003108,Corguinho,MS,1858,55.97,44.03,8.18,35.84,55.76,0.0,67.6,23.52,1.02,5.92,0.0,0.0,1.35,26.59
5003157,Coronel Sapucaia,MS,4478,35.77,60.32,51.81,8.51,31.73,3.19,65.5,23.02,1.41,5.36,1.45,0.02,1.56,25.97
5003207,Corumbá,MS,30096,15.8,83.96,51.24,32.73,15.38,0.26,91.09,5.17,0.38,0.24,0.13,0.13,1.36,7.32
5003256,Costa Rica,MS,9394,17.72,82.21,55.63,26.58,17.67,0.0,90.19,6.65,0.19,2.94,0.0,0.01,0.02,9.25
5003306,Coxim,MS,12127,38.03,61.79,16.06,45.73,38.0,0.0,90.42,8.03,0.41,0.9,0.0,0.01,0.11,7.97
5003454,Deodápolis,MS,5131,71.86,28.1,9.82,18.28,71.78,0.02,86.51,12.43,0.92,0.02,0.0,0.0,0.0,12.28
5003488,Dois Irmãos do Buriti,MS,3637,45.39,54.61,30.44,24.17,45.34,0.05,72.75,25.98,0.6,0.55,0.0,0.0,0.05,14.19
5003504,Douradina,MS,2012,82.21,17.69,12.67,5.02,81.96,0.15,73.66,15.21,10.59,0.4,0.0,0.0,0.0,21.87
5003702,Dourados,MS,85947,14.9,85.01,69.36,15.66,14.83,0.02,83.16,13.12,3.4,0.11,0.02,0.01,0.01,8.75
5003751,Eldorado,MS,4176,69.06,30.89,27.51,3.38,69.06,0.0,88.98,9.24,0.17,0.41,0.79,0.07,0.07,8.76
5003801,Fátima do Sul,MS,7847,53.23,46.74,25.11,21.64,53.18,0.0,82.17,13.51,4.17,0.08,0.01,0.0,0.0,12.41
5003900,Figueirão,MS,1363,53.19,46.44,6.02,40.43,52.9,0.0,58.03,27.37,0.29,12.91,0.07,0.0,0.51,39.91
5004007,Glória de Dourados,MS,3953,70.35,29.6,14.9,14.7,70.28,0.0,82.22,13.89,1.87,0.08,0.0,0.0,0.0,16.92
5004106,Guia Lopes da Laguna,MS,3586,42.92,56.89,39.82,17.07,42.64,0.14,84.75,11.38,3.01,0.67,0.0,0.03,0.08,12.69
5004304,Iguatemi,MS,5061,52.3,47.7,12.25,35.45,52.24,0.0,77.91,17.23,0.63,2.98,0.02,1.01,0.08,19.32
5004403,Inocência,MS,3130,32.81,67.16,19.94,47.22,32.01,0.03,68.82,24.06,0.67,6.07,0.06,0.0,0.26,29.94
5004502,Itaporã,MS,8358,71.51,28.44,14.53,13.91,70.9,0.6,80.35,12.29,4.34,0.34,0.28,0.16,0.05,16.73
5004601,Itaquiraí,MS,6918,85.96,13.34,1.13,12.21,85.89,0.04,76.57,21.28,1.49,0.61,0.0,0.0,0.01,12.45
5004700,Ivinhema,MS,10296,51.01,48.99,1.59,47.4,51.01,0.0,88.0,10.3,1.55,0.14,0.0,0.0,0.0,9.44
5004809,Japorã,MS,2492,80.1,19.46,15.01,4.45,79.21,0.84,56.1,34.31,0.4,3.81,1.77,0.04,0.48,33.03
5004908,Jaraguari,MS,2721,52.74,47.23,0.44,46.78,52.33,0.04,44.91,45.64,2.21,6.39,0.04,0.07,0.59,42.3
5005004,Jardim,MS,8341,33.64,66.19,36.9,29.29,33.19,0.02,92.99,4.81,1.68,0.35,0.02,0.01,0.06,5.62
5005103,Jateí,MS,1262,24.64,75.36,56.1,19.26,24.64,0.0,63.71,34.31,0.71,1.27,0.0,0.0,0.0,34.07
5005152,Juti,MS,2385,74.05,25.87,20.84,5.03,74.0,0.04,70.86,24.61,2.31,0.88,0.0,0.0,0.25,23.4
5005202,Ladário,MS,6386,26.59,73.19,32.95,40.24,26.46,0.02,96.59,0.91,0.14,0.08,0.96,0.05,0.16,2.71
5005251,Laguna Carapã,MS,2350,72.38,27.49,23.36,4.13,67.23,0.17,67.66,24.09,5.06,2.09,0.04,0.04,0.0,29.74
5005400,Maracaju,MS,15753,27.32,72.64,42.94,29.7,27.17,0.0,90.73,6.6,1.59,0.92,0.08,0.01,0.04,7.31
5005608,Miranda,MS,7842,22.55,77.2,39.51,37.69,22.21,0.23,83.41,13.84,1.24,0.17,0.5,0.14,0.51,13.94
5005681,Mundo Novo,MS,7048,86.39,13.54,1.26,12.27,86.08,0.03,90.47,8.84,0.26,0.24,0.0,0.03,0.09,7.7
5005707,Naviraí,MS,18563,41.29,58.65,35.14,23.51,41.23,0.02,94.93,4.44,0.1,0.3,0.0,0.01,0.17,4.02
5005806,Nioaque,MS,4652,63.18,36.5,27.24,9.26,62.98,0.0,73.09,20.06,5.52,0.9,0.02,0.02,0.21,22.66
5006002,Nova Alvorada do Sul,MS,7788,31.27,68.72,17.21,51.52,31.21,0.01,83.96,15.27,0.18,0.46,0.0,0.0,0.09,14.07
5006200,Nova Andradina,MS,17569,32.85,67.13,37.02,30.11,32.8,0.0,88.33,11.1,0.32,0.14,0.03,0.0,0.05,10.33
5006259,Novo Horizonte do Sul,MS,1796,88.47,11.47,10.52,0.95,88.36,0.0,68.37,31.4,0.11,0.11,0.0,0.0,0.0,3.23
5006275,Paraíso das Águas,MS,1954,67.55,32.34,14.43,17.91,67.35,0.0,59.37,33.88,0.41,5.22,0.05,0.0,1.02,39.05
5006309,Paranaíba,MS,15806,19.18,80.65,69.63,11.03,18.73,0.03,63.86,32.89,1.64,1.42,0.01,0.0,0.09,24.68
5006358,Paranhos,MS,3632,50.77,37.33,34.14,3.19,39.68,0.52,69.99,11.95,0.74,1.24,0.03,1.1,6.61,28.74
5006408,Pedro Gomes,MS,2701,21.73,78.23,13.11,65.12,21.66,0.04,79.27,14.66,0.37,5.11,0.0,0.0,0.26,14.88
5006606,Ponta Porã,MS,30465,25.2,74.66,61.42,13.23,24.82,0.08,82.96,11.72,4.42,0.55,0.01,0.02,0.06,13.78
5006903,Porto Murtinho,MS,4043,27.92,71.98,69.26,2.72,27.21,0.02,78.63,13.88,0.12,1.58,0.17,1.43,3.59,19.94
5007109,Ribas do Rio Pardo,MS,7796,28.77,71.16,45.36,25.81,28.42,0.01,74.51,21.55,1.0,2.42,0.0,0.01,0.27,23.82
5007208,Rio Brilhante,MS,13140,26.34,73.59,23.83,49.76,26.26,0.04,86.55,11.19,2.03,0.13,0.01,0.0,0.03,9.71
5007307,Rio Negro,MS,1769,6.44,93.44,10.46,82.98,6.27,0.11,75.24,18.49,1.07,4.52,0.0,0.06,0.28,23.69
5007406,Rio Verde de Mato Grosso,MS,7312,41.97,58.03,12.73,45.3,41.86,0.04,83.96,12.09,0.45,2.93,0.0,0.0,0.05,12.96
5007505,Rochedo,MS,1892,36.15,63.85,2.59,61.26,36.15,0.0,71.56,23.52,3.81,0.58,0.0,0.0,0.16,27.43
5007554,Santa Rita do Pardo,MS,2514,20.72,79.28,32.98,46.3,20.56,0.04,56.4,41.96,1.03,0.56,0.0,0.0,0.04,29.67
5007695,São Gabriel do Oeste,MS,10670,13.83,86.11,82.09,4.02,13.77,0.0,91.31,7.05,0.14,1.28,0.04,0.02,0.07,8.19
5007703,Sete Quedas,MS,3668,96.73,2.97,0.79,2.18,96.43,0.0,81.79,11.86,1.01,4.53,0.0,0.03,0.22,17.56
5007802,Selvíria,MS,3006,88.89,10.94,1.53,9.41,88.86,0.0,71.19,28.31,0.23,0.17,0.0,0.0,0.03,13.54
5007901,Sidrolândia,MS,16548,46.04,53.93,19.86,34.06,45.97,0.03,74.51,21.45,2.74,0.51,0.11,0.01,0.04,22.56
5007935,Sonora,MS,5241,75.41,24.59,1.74,22.86,75.39,0.0,91.53,7.0,0.08,1.09,0.0,0.0,0.29,8.34
5007950,Tacuru,MS,3242,38.71,60.83,40.07,20.76,38.03,0.37,65.52,26.0,1.02,6.72,0.0,0.06,0.06,31.49
5007976,Taquarussu,MS,1377,70.37,29.63,2.03,27.6,70.3,0.0,87.8,9.73,1.67,0.0,0.0,0.0,0.44,11.11
5008008,Terenos,MS,6448,38.76,61.18,20.61,40.57,38.6,0.0,68.11,28.72,0.85,1.15,0.0,0.0,0.31,22.81
5008305,Três Lagoas,MS,47895,7.79,92.18,80.78,11.4,7.78,0.0,93.87,5.64,0.1,0.03,0.01,0.0,0.01,4.32
5008404,Vicentina,MS,2391,91.38,8.41,6.61,1.8,91.22,0.0,76.12,15.01,8.41,0.46,0.0,0.0,0.0,21.29
5100102,Acorizal,MT,1821,84.46,15.1,1.54,13.56,84.18,0.22,66.72,29.05,0.33,2.31,0.33,0.0,0.93,5.99
5100201,Água Boa,MT,10343,74.58,25.4,7.97,17.43,74.05,0.49,82.95,13.38,1.62,1.58,0.02,0.03,0.29,14.13
5100250,Alta Floresta,MT,20928,53.81,46.13,31.83,14.31,53.74,0.0,72.68,18.28,7.98,0.71,0.03,0.02,0.17,20.53
5100300,Alto Araguaia,MT,6644,76.37,23.48,15.95,7.53,65.25,0.0,86.47,6.07,0.09,5.16,0.06,0.0,2.14,8.08
5100359,Alto Boa Vista,MT,1787,31.0,68.89,1.4,67.49,22.1,8.51,69.33,17.35,5.82,0.39,6.27,0.0,0.22,21.82
5100409,Alto Garças,MT,4583,93.13,6.83,1.99,4.84,92.91,0.02,90.49,3.51,0.26,5.35,0.02,0.02,0.24,8.38
5100508,Alto Paraguai,MT,3016,75.93,24.01,19.26,4.74,75.23,0.3,71.09,10.91,3.22,13.1,0.0,0.0,1.36,27.49
5100607,Alto Taquari,MT,3914,93.74,6.23,1.81,4.42,93.71,0.0,94.86,3.37,0.2,1.56,0.0,0.0,0.0,4.7
5100805,Apiacás,MT,2807,89.06,10.87,0.89,9.98,86.78,2.1,47.38,34.31,14.07,2.96,0.0,0.07,0.93,42.61
5101001,Araguaiana,MT,1457,96.98,3.02,0.27,2.75,96.84,0.07,69.32,25.46,2.47,2.33,0.07,0.0,0.34,13.25
5101209,Araguainha,MT,408,91.18,8.58,3.92,4.66,90.69,0.25,87.75,3.19,0.74,6.13,0.0,0.0,1.96,11.52
5101258,Araputanga,MT,5498,64.1,35.76,23.32,12.44,63.62,0.04,86.45,8.73,1.64,3.13,0.02,0.0,0.0,12.86
5101308,Arenápolis,MT,3812,66.71,33.26,5.59,27.68,66.47,0.0,85.07,6.82,5.67,1.86,0.0,0.0,0.52,12.8
5101407,Aripuanã,MT,7781,73.18,26.04,4.43,21.6,72.47,0.26,57.99,18.44,15.99,6.32,0.0,0.01,1.12,40.21
5101605,Barão de Melgaço,MT,2438,77.73,19.93,13.66,6.28,76.87,0.12,37.78,37.41,2.34,0.25,0.08,0.21,21.7,40.16
5101704,Barra do Bugres,MT,10550,44.7,55.04,24.32,30.72,44.23,0.04,86.37,10.36,1.35,1.34,0.0,0.04,0.44,10.62
5101803,Barra do Garças,MT,25285,30.67,69.26,49.65,19.61,28.51,2.09,93.6,3.2,0.38,2.45,0.02,0.0,0.26,4.6
5101852,Bom Jesus do Araguaia,MT,2474,80.07,19.85,0.77,19.08,79.43,0.57,3.35,64.23,30.6,1.29,0.04,0.0,0.32,93.53
5101902,Brasnorte,MT,5771,67.41,32.49,10.0,22.49,62.4,4.07,64.23,29.27,2.58,3.12,0.0,0.03,0.71,27.79
5102504,Cáceres,MT,31076,34.12,65.76,20.47,45.3,33.96,0.06,77.7,17.0,3.43,0.79,0.07,0.02,0.73,18.6
5102603,Campinápolis,MT,3756,93.5,6.34,4.15,2.18,67.47,25.88,53.06,27.96,5.22,6.04,0.0,0.0,6.07,35.84
5102637,Campo Novo do Parecis,MT,15294,26.94,72.75,5.05,67.7,26.64,0.03,93.83,5.69,0.08,0.05,0.0,0.0,0.27,3.45
5102678,Campo Verde,MT,15418,18.71,81.27,55.49,25.78,18.67,0.02,88.1,9.94,0.49,1.04,0.0,0.0,0.42,6.88
5102686,Campos de Júlio,MT,2882,27.2,72.69,0.52,72.17,26.89,0.17,75.4,21.89,1.49,0.21,0.07,0.0,0.83,10.58
5102694,Canabrava do Norte,MT,1567,91.13,8.36,0.13,8.23,91.0,0.06,15.44,32.93,49.14,1.66,0.0,0.0,0.7,62.16
5102702,Canarana,MT,8878,51.31,47.24,3.1,44.14,49.94,0.64,83.25,11.6,3.42,0.91,0.0,0.01,0.73,12.74
5102793,Carlinda,MT,3784,83.83,16.12,0.18,15.94,83.54,0.16,50.29,36.68,11.65,0.92,0.0,0.0,0.11,44.56
5102850,Castanheira,MT,2722,95.52,4.22,0.81,3.42,95.3,0.15,51.51,29.94,8.63,9.37,0.0,0.0,0.4,46.77
5103007,Chapada dos Guimarães,MT,6892,57.72,41.79,5.85,35.94,57.15,0.2,67.25,15.47,1.15,10.39,0.49,0.09,5.01,15.58
5103056,Cláudia,MT,3395,16.23,83.51,45.1,38.41,15.91,0.03,72.84,25.01,1.06,0.53,0.03,0.0,0.32,25.39
5103106,Cocalinho,MT,2276,91.43,8.39,1.49,6.9,91.26,0.0,52.15,27.86,16.43,2.02,0.04,0.0,0.53,22.58
5103205,Colíder,MT,11741,64.99,34.96,26.84,8.13,64.94,0.0,69.78,25.45,4.33,0.32,0.0,0.0,0.06,24.87
5103254,Colniza,MT,8837,79.86,19.09,1.01,18.08,79.57,0.12,23.78,16.99,50.73,8.15,0.01,0.0,0.18,69.96
5103304,Comodoro,MT,6428,53.61,45.97,2.89,43.08,49.28,1.96,70.89,15.25,3.89,6.86,0.0,0.02,2.97,25.3
5103353,Confresa,MT,11908,60.45,39.36,9.88,29.48,60.09,0.23,50.07,16.33,31.73,1.66,0.0,0.03,0.08,35.45
5103361,Conquista D'Oeste,MT,1332,85.51,14.34,0.9,13.44,81.31,4.2,72.97,16.89,6.31,2.78,0.0,0.0,0.75,22.97
5103379,Cotriguaçu,MT,3885,94.8,4.76,0.9,3.86,94.34,0.36,6.8,26.69,50.99,13.87,0.13,0.0,0.28,88.52
5103403,Cuiabá,MT,232201,10.09,89.65,71.2,18.45,9.33,0.02,94.32,4.37,0.37,0.24,0.08,0.01,0.12,3.88
5103437,Curvelândia,MT,1795,81.0,19.0,0.84,18.16,80.95,0.06,27.3,47.58,25.07,0.0,0.0,0.0,0.06,53.48
5103452,Denise,MT,2480,94.52,5.44,0.93,4.52,93.75,0.04,88.02,4.8,5.6,1.29,0.0,0.0,0.24,11.17
5103502,Diamantino,MT,7504,51.35,48.61,25.43,23.19,51.13,0.05,81.62,12.94,2.24,1.87,0.08,0.0,1.19,16.48
5103601,Dom Aquino,MT,3026,55.52,44.38,27.53,16.85,55.42,0.03,81.0,11.6,1.02,5.95,0.03,0.0,0.36,18.37
5103700,Feliz Natal,MT,3350,92.3,7.58,0.96,6.63,85.73,6.57,73.37,21.88,1.58,0.27,0.0,0.0,2.75,21.01
5103809,Figueirópolis D'Oeste,MT,1211,98.6,1.4,0.17,1.24,98.6,0.0,60.53,16.1,16.27,6.28,0.0,0.0,0.83,27.5
5103858,Gaúcha do Norte,MT,2683,63.18,33.25,1.27,31.98,48.42,14.69,69.14,23.85,1.19,3.69,0.0,0.04,1.6,29.15
5103908,General Carneiro,MT,1895,87.07,9.92,8.97,0.95,74.46,10.29,53.93,23.01,2.85,10.98,0.0,0.11,9.02,37.31
5103957,Glória D'Oeste,MT,1113,95.24,4.76,0.63,4.13,94.97,0.0,59.75,16.8,22.73,0.18,0.0,0.0,0.54,28.84
5104104,Guarantã do Norte,MT,10908,49.37,50.6,11.31,39.28,49.18,0.04,74.09,17.59,4.13,3.95,0.0,0.02,0.17,20.83
5104203,Guiratinga,MT,4402,24.56,75.12,51.11,24.01,20.29,0.07,83.1,7.02,1.09,8.31,0.02,0.0,0.41,12.45
5104500,Indiavaí,MT,837,57.95,41.94,2.51,39.43,57.59,0.24,63.32,16.97,1.31,4.78,0.0,0.0,13.5,31.18
5104526,Ipiranga do Norte,MT,2546,76.32,22.66,1.96,20.7,76.24,0.04,71.48,27.18,0.67,0.39,0.12,0.0,0.04,26.83
5104542,Itanhangá,MT,2552,85.11,14.89,1.41,13.48,84.91,0.0,71.59,18.57,8.7,1.06,0.0,0.0,0.08,26.65
5104559,Itaúba,MT,1741,91.79,8.21,3.1,5.11,91.61,0.06,83.34,11.72,2.64,2.3,0.0,0.0,0.0,15.51
5104609,Itiquira,MT,4293,56.3,43.58,1.7,41.88,56.14,0.02,73.4,20.29,0.26,4.82,0.09,0.07,1.07,11.3
5104807,Jaciara,MT,10288,17.19,82.8,18.85,63.95,17.11,0.05,91.41,5.66,0.55,1.94,0.09,0.0,0.32,6.99
5104906,Jangada,MT,2548,94.7,3.45,0.71,2.75,94.11,0.16,76.26,21.0,1.06,0.71,0.0,0.04,0.55,20.8
5105002,Jauru,MT,3091,59.66,40.21,25.17,15.04,57.2,0.1,63.73,6.34,9.77,20.03,0.0,0.0,0.06,32.97
5105101,Juara,MT,12121,44.85,55.1,20.06,35.04,44.67,0.04,73.57,18.05,4.93,2.81,0.0,0.01,0.53,23.97
5105150,Juína,MT,16708,76.07,23.73,3.47,20.26,74.43,1.49,59.46,20.06,13.98,4.9,0.0,0.01,1.48,32.54
5105176,Juruena,MT,3619,88.89,11.0,0.28,10.72,88.75,0.06,65.27,11.36,18.46,4.7,0.0,0.03,0.14,29.62
5105200,Juscimeira,MT,4326,66.44,33.4,13.11,20.3,66.27,0.07,70.9,19.05,2.06,7.7,0.0,0.05,0.18,25.91
5105234,Lambari D'Oeste,MT,1723,88.28,11.55,3.89,7.66,88.16,0.0,66.22,15.79,14.45,1.97,0.06,0.06,1.33,21.24
5105259,Lucas do Rio Verde,MT,27725,24.72,75.27,40.54,34.73,24.69,0.0,94.61,5.14,0.11,0.1,0.0,0.0,0.01,3.95
5105309,Luciara,MT,821,95.13,4.63,2.44,2.19,93.3,1.1,77.22,9.87,12.06,0.37,0.0,0.0,0.37,14.01
5105507,Vila Bela da Santíssima Trindade,MT,5367,61.28,38.53,11.25,27.28,60.69,0.13,33.35,54.52,8.48,2.96,0.0,0.04,0.52,50.08
5105580,Marcelândia,MT,3830,88.85,11.1,2.69,8.41,88.51,0.29,73.89,21.54,3.58,0.47,0.0,0.0,0.47,23.29
5105606,Matupá,MT,6865,38.83,61.14,9.03,52.1,38.59,0.15,74.09,17.87,6.42,1.35,0.03,0.0,0.09,23.15
5105622,Mirassol d'Oeste,MT,9863,59.11,40.76,22.96,17.79,58.93,0.06,66.24,14.04,18.66,0.75,0.0,0.01,0.15,23.04
5105903,Nobres,MT,5262,13.55,86.3,1.82,84.47,13.32,0.08,86.74,5.25,0.67,4.87,0.34,0.06,1.98,12.79
5106000,Nortelândia,MT,2135,67.87,31.99,11.05,20.94,67.45,0.05,82.11,12.65,2.58,1.97,0.37,0.0,0.33,16.72
5106109,Nossa Senhora do Livramento,MT,4598,49.15,50.61,2.33,48.28,48.15,0.54,37.28,52.33,4.57,2.57,0.26,0.15,1.24,50.02
5106158,Nova Bandeirantes,MT,4935,89.34,10.44,0.43,10.01,89.04,0.16,42.01,37.57,15.89,4.17,0.0,0.04,0.22,52.38
5106174,Nova Nazaré,MT,1141,44.26,49.61,2.45,47.15,29.1,15.07,48.9,42.86,2.28,3.07,0.0,0.09,2.02,23.75
5106182,Nova Lacerda,MT,2360,84.87,14.87,3.09,11.78,82.2,2.42,53.56,27.67,13.98,4.19,0.0,0.0,0.38,45.55
5106190,Nova Santa Helena,MT,1506,98.74,1.26,1.06,0.2,98.47,0.27,67.2,23.64,5.84,2.66,0.0,0.13,0.4,31.87
5106208,Nova Brasilândia,MT,1540,98.31,1.56,0.97,0.58,98.12,0.06,73.31,12.08,1.75,8.05,0.0,0.06,4.68,20.91
5106216,Nova Canaã do Norte,MT,4289,96.41,3.54,1.12,2.42,96.36,0.0,60.57,29.84,7.2,2.24,0.0,0.0,0.12,37.05
5106224,Nova Mutum,MT,18174,56.85,42.96,4.85,38.11,56.83,0.0,88.13,11.25,0.29,0.13,0.01,0.02,0.1,9.39
5106232,Nova Olímpia,MT,5745,97.55,2.44,0.73,1.71,97.04,0.21,88.13,8.42,2.05,1.01,0.0,0.0,0.17,9.68
5106240,Nova Ubiratã,MT,3745,90.07,9.93,1.87,8.06,89.43,0.56,73.16,24.73,1.34,0.64,0.0,0.0,0.11,24.73
5106257,Nova Xavantina,MT,9282,22.13,77.77,50.19,27.58,22.02,0.06,81.36,12.8,2.78,2.24,0.0,0.0,0.75,16.62
5106265,Novo Mundo,MT,2225,69.62,29.75,1.03,28.72,69.44,0.04,38.25,50.11,6.38,5.08,0.0,0.0,0.13,56.22
5106273,Novo Horizonte do Norte,MT,1255,67.65,32.27,1.2,31.08,67.57,0.0,57.61,33.94,3.67,4.62,0.0,0.0,0.16,39.6
5106281,Novo São Joaquim,MT,2536,67.63,32.26,28.43,3.82,65.65,1.77,65.02,19.12,8.99,6.11,0.08,0.0,0.47,29.26
5106299,Paranaíta,MT,4080,92.97,6.84,0.98,5.86,92.77,0.15,59.07,27.25,9.9,3.53,0.0,0.0,0.05,37.25
5106307,Paranatinga,MT,9142,53.4,46.51,8.01,38.5,52.07,0.92,79.47,14.07,2.22,2.67,0.03,0.04,1.3,18.13
5106315,Novo Santo Antônio,MT,736,85.6,13.32,0.27,13.04,85.33,0.0,22.28,70.24,5.84,0.82,0.0,0.0,0.41,39.4
5106372,Pedra Preta,MT,6654,62.62,37.21,22.59,14.62,62.43,0.05,83.96,10.38,1.16,3.67,0.02,0.09,0.59,12.28
5106422,Peixoto de Azevedo,MT,10880,37.24,62.41,14.94,47.46,34.88,2.25,71.78,20.68,5.02,2.1,0.06,0.03,0.23,22.9
5106455,Planalto da Serra,MT,1120,99.11,0.89,0.62,0.27,99.02,0.0,77.23,14.91,0.8,4.38,0.09,0.0,2.59,20.71
5106505,Poconé,MT,10381,77.41,22.27,2.45,19.82,77.17,0.13,71.8,20.17,6.51,0.1,0.29,0.04,0.77,19.53
5106653,Pontal do Araguaia,MT,2622,57.82,42.07,6.67,35.39,57.63,0.0,83.3,7.09,1.91,6.83,0.11,0.0,0.69,13.2
5106703,Ponte Branca,MT,834,98.92,0.84,0.6,0.24,98.56,0.36,85.97,2.16,0.72,9.11,0.0,0.0,2.04,14.03
5106752,Pontes e Lacerda,MT,18304,36.66,63.23,50.73,12.5,36.48,0.05,76.4,14.14,8.0,1.19,0.0,0.0,0.23,18.15
5106778,Porto Alegre do Norte,MT,4070,87.0,12.8,8.01,4.79,85.9,0.79,54.94,17.03,25.23,2.04,0.02,0.07,0.57,27.74
5106802,Porto dos Gaúchos,MT,2049,42.22,57.69,2.83,54.86,42.02,0.05,76.62,20.74,0.88,1.56,0.0,0.0,0.2,21.28
5106828,Porto Esperidião,MT,3457,62.13,37.84,16.26,21.58,62.08,0.03,59.44,26.32,9.66,3.76,0.0,0.03,0.69,35.61
5106851,Porto Estrela,MT,1179,79.13,19.17,7.21,11.96,78.54,0.34,54.88,26.97,6.11,10.6,0.0,0.0,0.25,18.24
5107008,Poxoréu,MT,8326,72.27,27.14,16.06,11.09,69.6,1.66,51.44,33.81,1.67,11.66,0.28,0.13,0.83,42.12
5107040,Primavera do Leste,MT,28967,14.74,85.22,70.64,14.58,14.72,0.0,83.7,15.85,0.24,0.11,0.0,0.0,0.09,7.09
5107065,Querência,MT,8459,79.0,20.55,3.01,17.53,75.56,3.18,84.11,14.35,0.66,0.51,0.0,0.0,0.34,12.92
5107107,São José dos Quatro Marcos,MT,6780,57.61,42.23,13.01,29.22,57.27,0.04,76.96,14.76,7.76,0.34,0.01,0.0,0.09,20.27
5107156,Reserva do Cabaçal,MT,834,87.17,12.83,1.2,11.63,86.81,0.24,78.3,8.15,0.0,11.87,0.0,0.0,1.68,13.07
5107180,Ribeirão Cascalheira,MT,3504,89.87,10.02,4.0,6.02,86.53,2.74,66.47,26.54,3.28,2.37,0.0,0.0,1.31,15.84
5107198,Ribeirãozinho,MT,1010,60.59,39.41,39.11,0.3,60.2,0.4,87.62,2.28,2.38,5.94,0.0,0.0,1.68,12.18
5107206,Rio Branco,MT,1744,86.24,13.7,13.02,0.69,86.18,0.06,83.49,6.19,1.38,6.94,0.0,0.0,2.01,15.6
5107248,Santa Carmem,MT,1731,50.2,49.45,3.18,46.27,50.03,0.17,75.74,22.18,1.96,0.06,0.0,0.0,0.06,20.34
5107263,Santo Afonso,MT,957,63.95,35.84,5.64,30.2,63.85,0.0,63.85,25.91,7.11,2.93,0.0,0.0,0.1,31.56
5107297,São José do Povo,MT,1141,99.3,0.7,0.09,0.61,98.86,0.18,44.52,47.24,0.96,6.31,0.7,0.0,0.09,10.08
5107305,São José do Rio Claro,MT,5189,81.08,18.85,1.45,17.4,81.02,0.04,84.18,13.1,0.56,1.73,0.02,0.02,0.15,13.3
5107354,São José do Xingu,MT,1935,88.68,11.16,5.01,6.15,85.22,3.46,82.07,13.64,3.36,0.57,0.0,0.0,0.36,11.89
5107404,São Pedro da Cipa,MT,1515,81.72,18.28,6.73,11.55,79.54,0.13,92.15,2.57,1.45,3.56,0.0,0.0,0.2,6.47
5107578,Rondolândia,MT,1074,94.13,5.4,0.19,5.21,94.13,0.0,28.31,30.54,16.85,22.72,0.0,0.0,0.47,64.34
5107602,Rondonópolis,MT,86838,8.02,91.89,86.34,5.55,7.86,0.11,93.9,5.0,0.3,0.69,0.02,0.0,0.04,2.61
5107701,Rosário Oeste,MT,5523,70.16,29.33,15.25,14.09,69.6,0.09,59.51,31.49,1.88,3.8,0.04,0.02,3.13,32.37
5107743,Santa Cruz do Xingu,MT,890,81.8,17.64,4.49,13.15,81.12,0.11,69.33,13.37,16.18,0.79,0.11,0.0,0.0,28.76
5107750,Salto do Céu,MT,1385,94.95,5.05,1.01,4.04,94.66,0.0,57.18,17.18,1.66,21.23,0.0,0.0,2.74,38.48
5107768,Santa Rita do Trivelato,MT,1050,31.05,68.95,21.52,47.43,31.05,0.0,64.95,31.24,0.1,3.05,0.0,0.0,0.57,20.57
5107776,Santa Terezinha,MT,2338,94.44,2.44,0.17,2.27,90.72,1.58,40.93,38.84,18.26,0.81,0.04,0.0,0.09,55.95
5107792,Santo Antônio do Leste,MT,1292,84.29,7.82,0.62,7.2,84.13,0.0,64.01,26.93,0.0,2.79,0.0,0.0,6.27,29.41
5107800,Santo Antônio de Leverger,MT,5124,67.76,32.08,3.69,28.4,66.18,0.53,51.03,40.59,1.62,3.18,0.33,0.06,2.85,31.58
5107859,São Félix do Araguaia,MT,4639,83.85,15.71,2.03,13.69,81.72,1.77,58.25,30.01,7.74,2.46,0.0,0.02,0.99,36.13
5107875,Sapezal,MT,9291,20.13,79.84,8.19,71.65,19.69,0.42,91.8,7.53,0.11,0.14,0.01,0.01,0.28,4.89
5107883,Serra Nova Dourada,MT,641,99.06,0.94,0.0,0.94,98.6,0.31,10.61,69.58,2.5,16.38,0.0,0.0,0.47,49.3
5107909,Sinop,MT,68530,53.8,46.12,18.43,27.68,53.74,0.01,89.17,9.75,0.89,0.1,0.0,0.0,0.04,6.4
5107925,Sorriso,MT,37031,44.35,55.63,20.03,35.6,44.34,0.0,92.27,7.43,0.17,0.04,0.01,0.0,0.05,6.0
5107941,Tabaporã,MT,3300,85.09,14.88,1.03,13.85,85.03,0.06,66.76,25.03,5.12,2.94,0.0,0.03,0.12,30.15
5107958,Tangará da Serra,MT,38055,51.76,48.17,20.92,27.25,51.2,0.1,89.41,7.27,1.97,0.76,0.04,0.01,0.49,8.42
5108006,Tapurah,MT,4598,79.36,20.64,1.98,18.66,79.34,0.0,79.47,19.73,0.46,0.2,0.0,0.02,0.13,19.53
5108055,Terra Nova do Norte,MT,3845,84.53,15.45,0.86,14.59,84.21,0.16,54.51,29.18,12.95,3.17,0.0,0.0,0.13,39.74
5108105,Tesouro,MT,1155,54.55,45.28,14.46,30.82,53.42,0.17,73.25,7.71,0.52,16.71,0.43,0.0,1.3,16.88
5108204,Torixoréu,MT,1702,75.5,24.32,18.16,6.17,73.8,0.65,74.32,9.58,2.0,10.93,0.0,0.0,3.11,25.38
5108303,União do Sul,MT,1320,46.97,52.95,0.23,52.73,46.14,0.53,62.05,32.05,2.73,0.91,0.08,0.08,0.45,34.85
5108352,Vale de São Domingos,MT,1098,76.96,23.04,20.22,2.82,76.87,0.09,46.81,10.2,26.32,16.48,0.09,0.0,0.09,40.26
5108402,Várzea Grande,MT,103287,27.58,72.32,37.28,35.04,26.86,0.05,83.24,9.65,3.83,0.11,2.49,0.03,0.15,9.52
5108501,Vera,MT,4284,83.54,16.36,1.24,15.13,83.54,0.0,77.26,20.1,2.08,0.23,0.0,0.0,0.3,19.65
5108600,Vila Rica,MT,6881,75.99,23.76,2.53,21.23,75.51,0.41,21.73,30.69,44.46,2.85,0.07,0.03,0.13,38.61
5108808,Nova Guarita,MT,1670,36.65,63.35,19.4,43.95,36.59,0.06,62.63,29.28,7.13,0.78,0.0,0.12,0.0,27.84
5108857,Nova Marilândia,MT,1241,27.48,72.52,1.21,71.31,27.48,0.0,74.94,18.86,2.18,3.06,0.08,0.0,0.81,21.03
5108907,Nova Maringá,MT,1925,52.83,47.06,0.47,46.6,52.78,0.05,72.83,24.52,1.04,1.19,0.0,0.0,0.36,25.77
5108956,Nova Monte Verde,MT,2987,98.46,1.47,0.3,1.17,98.33,0.0,15.57,64.51,12.45,7.47,0.0,0.0,0.0,54.54
5200050,Abadia de Goiás,GO,6229,71.14,28.74,17.5,11.24,71.04,0.02,63.3,25.37,10.13,0.88,0.02,0.02,0.08,28.08
5200100,Abadiânia,GO,6162,30.62,69.23,53.96,15.27,30.43,0.03,63.32,21.83,6.98,7.21,0.0,0.05,0.45,30.92
5200134,Acreúna,GO,7898,29.96,69.97,34.24,35.73,29.92,0.03,69.9,20.54,9.2,0.25,0.0,0.0,0.03,20.37
5200159,Adelândia,GO,914,48.8,51.2,0.55,50.66,48.8,0.0,82.71,6.46,9.85,0.77,0.0,0.0,0.11,16.19
5200175,Água Fria de Goiás,GO,1797,89.76,9.74,1.84,7.9,89.26,0.17,60.1,11.57,7.12,17.42,0.0,0.22,3.45,31.66
5200209,Água Limpa,GO,745,79.46,20.54,1.48,19.06,79.19,0.0,75.84,13.69,8.86,1.61,0.0,0.0,0.0,22.55
5200258,Águas Lindas de Goiás,GO,74467,27.12,72.81,51.09,21.71,27.03,0.03,94.18,3.39,1.51,0.17,0.04,0.02,0.08,3.87
5200308,Alexânia,GO,9711,81.77,18.13,2.3,15.84,81.64,0.02,74.98,11.09,9.56,3.94,0.03,0.0,0.26,22.11
5200506,Aloândia,GO,812,70.94,29.06,2.22,26.85,63.55,0.25,85.47,7.88,4.19,1.85,0.0,0.0,0.37,11.95
5200555,Alto Horizonte,GO,2161,52.06,47.76,24.76,23.0,51.92,0.0,87.04,9.76,2.5,0.46,0.0,0.0,0.09,11.38
5200605,Alto Paraíso de Goiás,GO,3626,46.94,50.66,1.19,49.48,46.72,0.08,70.99,13.57,1.3,9.87,0.06,0.19,3.92,25.48
5200803,Alvorada do Norte,GO,2954,29.18,70.55,41.88,28.67,28.71,0.2,85.65,12.39,0.1,0.24,0.0,0.07,1.42,12.86
5200829,Amaralina,GO,1280,73.75,24.14,0.7,23.44,72.81,0.7,46.56,22.42,28.28,0.7,0.0,0.0,0.39,42.03
5200852,Americano do Brasil,GO,2107,63.88,36.12,9.82,26.29,63.69,0.0,89.56,2.56,6.93,0.85,0.0,0.0,0.09,8.73
5200902,Amorinópolis,GO,1255,62.71,37.21,0.88,36.33,62.31,0.08,77.13,10.92,5.1,6.61,0.0,0.0,0.16,20.8
5201108,Anápolis,GO,142329,15.72,84.17,65.43,18.74,15.44,0.01,90.01,4.28,5.01,0.55,0.0,0.0,0.01,6.56
5201207,Anhanguera,GO,358,0.0,100.0,1.68,98.32,0.0,0.0,94.41,5.03,0.28,0.0,0.0,0.0,0.28,4.75
5201306,Anicuns,GO,7158,41.91,58.05,39.84,18.2,41.86,0.0,82.24,11.25,4.27,1.97,0.0,0.01,0.13,16.43
5201405,Aparecida de Goiânia,GO,186221,17.24,82.73,60.76,21.97,17.22,0.01,72.3,10.47,16.33,0.76,0.0,0.01,0.03,18.93
5201454,Aparecida do Rio Doce,GO,1099,21.29,78.71,76.71,2.0,20.84,0.0,78.62,16.2,1.09,1.64,0.0,0.0,2.37,19.02
5201504,Aporé,GO,1567,83.98,16.02,6.06,9.96,83.73,0.0,76.96,15.44,1.47,5.55,0.19,0.06,0.26,17.87
5201603,Araçu,GO,1528,81.41,18.52,1.7,16.82,81.35,0.0,85.54,10.99,2.42,0.92,0.0,0.0,0.13,12.24
5201702,Aragarças,GO,6636,61.32,38.55,2.65,35.9,61.11,0.03,94.35,3.71,0.51,0.42,0.0,0.02,0.84,4.9
5201801,Aragoiânia,GO,4648,93.35,6.5,4.37,2.13,93.12,0.0,60.61,21.67,15.43,1.94,0.0,0.0,0.13,35.22
5202155,Araguapaz,GO,2776,39.12,60.84,46.76,14.09,38.94,0.0,66.28,19.85,13.04,0.65,0.0,0.04,0.11,26.19
5202353,Arenópolis,GO,1208,44.54,55.38,3.31,52.07,44.21,0.0,64.32,18.21,12.17,5.22,0.0,0.0,0.08,23.51
5202502,Aruanã,GO,3034,35.89,64.01,33.09,30.92,35.6,0.13,61.73,27.85,9.99,0.23,0.0,0.0,0.03,25.61
5202601,Aurilândia,GO,1363,93.54,6.38,2.86,3.52,93.32,0.0,79.24,7.92,4.84,5.5,0.0,0.0,2.42,20.32
5202809,Avelinópolis,GO,1117,65.0,35.0,1.79,33.21,64.82,0.0,72.43,21.49,4.12,1.97,0.0,0.0,0.0,25.96
5203104,Baliza,GO,1286,42.38,57.15,0.62,56.53,38.26,0.08,37.87,28.77,1.32,21.46,0.0,0.08,10.26,51.09
5203203,Barro Alto,GO,3648,66.8,33.06,2.88,30.18,66.53,0.05,84.79,5.29,7.13,2.58,0.0,0.03,0.11,12.97
5203302,Bela Vista de Goiás,GO,12905,36.58,63.39,40.66,22.74,36.45,0.02,64.7,23.57,8.93,2.31,0.02,0.02,0.19,32.82
5203401,Bom Jardim de Goiás,GO,3109,67.13,32.74,31.55,1.19,66.71,0.06,67.93,20.17,4.86,5.11,0.0,0.03,1.74,25.89
5203500,Bom Jesus de Goiás,GO,8662,6.04,93.96,88.2,5.76,6.01,0.02,81.93,8.59,9.19,0.25,0.0,0.01,0.01,9.89
5203559,Bonfinópolis,GO,3805,86.15,13.85,1.5,12.35,86.1,0.0,87.15,8.46,3.13,0.81,0.0,0.03,0.0,10.96
5203575,Bonópolis,GO,1237,74.54,25.3,9.38,15.93,74.21,0.16,51.5,26.35,20.45,0.89,0.0,0.08,0.24,35.89
5203609,Brazabrantes,GO,1548,89.92,10.08,0.97,9.11,89.86,0.0,84.88,13.89,0.52,0.39,0.0,0.0,0.0,14.21
5203807,Britânia,GO,2138,20.63,79.37,64.08,15.29,20.63,0.0,63.28,34.42,2.15,0.0,0.0,0.05,0.05,23.57
5203906,Buriti Alegre,GO,4184,58.29,41.59,8.89,32.7,58.27,0.0,91.85,4.37,1.94,1.34,0.0,0.0,0.43,7.7
5203939,Buriti de Goiás,GO,1108,24.64,75.36,21.39,53.97,24.46,0.09,84.12,8.12,4.96,1.44,0.0,0.0,0.45,14.98
5203962,Buritinópolis,GO,1106,61.39,38.07,0.9,37.16,60.31,0.63,82.37,4.43,0.45,0.9,2.53,0.09,9.13,12.12
5204003,Cabeceiras,GO,2736,80.34,19.59,3.36,16.23,80.12,0.18,80.88,10.6,2.6,4.82,0.44,0.0,0.55,12.28
5204102,Cachoeira Alta,GO,4296,16.13,83.82,65.34,18.48,15.48,0.02,78.7,14.59,2.14,3.77,0.02,0.0,0.63,18.97
5204201,Cachoeira de Goiás,GO,591,95.6,4.4,4.23,0.17,95.43,0.0,81.73,2.71,1.18,13.37,0.0,0.0,1.02,17.26
5204250,Cachoeira Dourada,GO,3019,36.5,63.4,45.38,18.02,36.07,0.03,82.54,6.26,7.85,2.78,0.0,0.0,0.53,12.95
5204300,Caçu,GO,5354,16.6,83.3,81.12,2.19,16.47,0.0,78.78,16.53,1.2,3.31,0.0,0.0,0.09,18.62
5204409,Caiapônia,GO,6386,25.62,74.15,71.17,2.98,25.18,0.08,75.76,10.12,2.08,11.68,0.02,0.03,0.17,18.82
5204508,Caldas Novas,GO,36749,11.75,88.17,46.55,41.62,11.1,0.04,88.54,7.16,2.42,0.48,1.28,0.0,0.03,8.23
5204557,Caldazinha,GO,1710,80.88,19.12,1.29,17.84,80.76,0.06,56.14,24.44,14.27,3.8,0.0,0.0,0.12,42.75
5204607,Campestre de Goiás,GO,1397,24.55,75.38,0.57,74.8,24.41,0.07,71.37,19.76,6.66,1.22,0.0,0.07,0.36,26.13
5204656,Campinaçu,GO,1418,76.52,23.41,0.14,23.27,75.88,0.42,64.1,12.27,5.01,11.42,0.0,0.0,6.7,34.27
5204706,Campinorte,GO,4635,62.55,37.41,1.08,36.33,62.52,0.02,76.09,12.43,6.54,4.68,0.0,0.0,0.26,18.6
5204805,Campo Alegre de Goiás,GO,2616,80.47,19.53,4.85,14.68,79.7,0.04,74.85,17.93,1.26,5.05,0.0,0.0,0.92,18.08
5204854,Campo Limpo de Goiás,GO,2696,7.05,92.95,1.11,91.84,7.01,0.0,76.59,15.58,6.53,1.26,0.0,0.0,0.0,20.47
5204904,Campos Belos,GO,6289,21.1,78.77,70.35,8.43,20.62,0.14,89.55,7.23,0.97,0.91,0.03,0.06,1.0,7.25
5204953,Campos Verdes,GO,1500,87.53,12.47,0.8,11.67,87.13,0.13,67.87,9.67,16.0,6.2,0.0,0.0,0.0,17.4
5205000,Carmo do Rio Verde,GO,3694,15.81,84.14,0.57,83.57,15.62,0.11,82.11,7.58,7.88,2.22,0.0,0.0,0.19,17.11
5205059,Castelândia,GO,1189,47.94,52.06,1.18,50.88,47.94,0.0,83.68,10.68,3.2,1.43,0.0,0.0,0.08,13.62
5205109,Catalão,GO,42424,19.24,80.71,62.54,18.17,19.18,0.0,93.82,4.71,0.82,0.49,0.0,0.0,0.11,3.71
5205208,Caturaí,GO,1962,32.82,67.13,3.57,63.56,32.82,0.0,75.23,15.39,7.08,1.33,0.0,0.0,0.0,20.9
5205307,Cavalcante,GO,3485,84.96,11.76,1.95,9.81,72.63,11.82,58.91,7.17,0.37,13.95,0.34,0.4,18.57,39.05
5205406,Ceres,GO,8357,15.47,84.37,76.38,7.99,15.29,0.02,93.17,3.02,2.26,1.3,0.0,0.0,0.14,5.79
5205455,Cezarina,GO,3220,33.91,66.09,27.61,38.48,33.79,0.0,79.6,15.47,4.44,0.34,0.0,0.0,0.03,13.73
5205471,Chapadão do Céu,GO,4286,3.24,96.62,77.97,18.64,3.15,0.0,91.55,8.03,0.02,0.37,0.0,0.0,0.02,8.12
5205497,Cidade Ocidental,GO,31789,24.31,75.66,32.8,42.86,24.28,0.01,94.39,2.89,2.06,0.43,0.02,0.02,0.06,3.88
5205513,Cocalzinho de Goiás,GO,8982,65.25,34.68,7.41,27.27,65.14,0.04,66.49,16.5,8.37,7.45,0.09,0.01,0.95,27.19
5205521,Colinas do Sul,GO,1489,51.65,48.29,1.14,47.15,48.56,1.48,68.17,14.1,1.34,11.55,0.13,0.13,3.69,23.91
5205703,Córrego do Ouro,GO,1021,64.54,35.46,0.39,35.06,64.45,0.0,61.8,14.1,11.66,8.81,0.0,0.0,2.45,37.71
5205802,Corumbá de Goiás,GO,3719,72.01,27.8,1.45,26.35,71.5,0.03,65.23,10.46,5.11,16.86,0.0,0.0,1.67,32.02
5205901,Corumbaíba,GO,3506,21.31,78.61,70.42,8.19,21.22,0.03,79.35,13.38,5.08,2.0,0.0,0.0,0.09,18.4
5206206,Cristalina,GO,21443,41.88,57.1,36.49,20.61,41.72,0.06,64.54,17.15,12.04,5.09,0.01,0.01,0.14,33.06
5206305,Cristianópolis,GO,1396,37.03,62.89,15.19,47.71,36.75,0.14,83.74,9.81,4.3,2.01,0.0,0.14,0.0,15.4
5206404,Crixás,GO,6186,86.86,12.3,1.5,10.8,86.21,0.32,64.78,14.9,15.76,3.36,0.02,0.29,0.73,31.77
5206503,Cromínia,GO,1536,78.12,21.81,2.93,18.88,77.99,0.07,78.45,14.91,3.32,2.73,0.0,0.0,0.33,20.25
5206602,Cumari,GO,1153,30.96,69.04,68.43,0.61,30.79,0.0,79.71,16.48,2.78,0.69,0.0,0.0,0.26,15.61
5206701,Damianópolis,GO,1367,96.49,3.15,1.98,1.17,96.05,0.44,72.79,23.63,0.22,0.59,0.07,0.0,2.63,24.43
5206800,Damolândia,GO,1090,84.59,15.32,0.83,14.5,84.5,0.09,81.01,11.38,5.23,2.39,0.0,0.0,0.0,17.71
5206909,Davinópolis,GO,768,92.45,7.55,5.86,1.69,92.45,0.0,78.65,13.93,2.86,3.39,0.0,0.0,1.17,21.22
5207105,Diorama,GO,832,48.2,51.8,0.24,51.56,47.96,0.12,69.23,21.51,3.12,5.65,0.0,0.0,0.48,30.17
5207253,Doverlândia,GO,2767,58.37,41.49,1.01,40.48,58.01,0.07,71.92,9.04,7.34,7.08,0.07,0.0,4.41,24.97
5207352,Edealina,GO,1648,82.34,17.66,1.33,16.32,82.34,0.0,74.7,15.66,9.28,0.06,0.0,0.0,0.3,24.21
5207402,Edéia,GO,4365,11.75,88.22,79.95,8.27,11.68,0.05,84.67,11.71,2.89,0.57,0.0,0.0,0.02,12.12
5207501,Estrela do Norte,GO,1269,98.82,1.18,0.39,0.79,98.74,0.08,78.01,6.93,14.42,0.63,0.0,0.0,0.0,15.37
5207535,Faina,GO,2814,94.99,4.9,0.25,4.66,94.1,0.6,55.01,18.73,8.56,14.53,0.0,0.04,3.09,43.89
5207600,Fazenda Nova,GO,2429,97.16,2.76,0.62,2.14,96.83,0.12,66.9,20.26,8.03,4.2,0.0,0.0,0.62,31.29
5207808,Firminópolis,GO,4054,62.46,37.47,0.84,36.63,62.38,0.02,85.67,8.26,5.43,0.52,0.0,0.0,0.02,10.61
5207907,Flores de Goiás,GO,4313,86.69,12.91,0.35,12.57,84.51,1.79,33.23,54.19,3.18,4.13,0.0,0.07,4.08,64.36
5208004,Formosa,GO,40745,17.16,82.77,72.23,10.54,17.04,0.08,87.56,8.5,1.28,1.82,0.01,0.03,0.38,10.27
5208103,Formoso,GO,1816,92.68,7.16,0.61,6.55,92.29,0.22,79.02,9.36,7.21,0.28,0.06,0.0,4.02,20.15
5208152,Gameleira de Goiás,GO,1284,62.46,37.38,2.02,35.36,62.38,0.0,50.08,30.37,7.24,12.07,0.0,0.0,0.23,49.3
5208301,Divinópolis de Goiás,GO,1645,75.68,23.53,1.34,22.19,75.32,0.18,83.95,13.74,0.0,1.34,0.3,0.06,0.55,9.24
5208400,Goianápolis,GO,4923,21.33,78.65,3.78,74.87,21.25,0.04,84.16,10.58,4.29,0.79,0.0,0.0,0.12,9.75
5208509,Goiandira,GO,1898,67.65,32.35,1.63,30.72,67.65,0.0,88.78,6.11,2.79,2.21,0.0,0.0,0.11,9.43
5208608,Goianésia,GO,26029,11.64,88.27,81.14,7.13,11.6,0.01,75.55,9.16,14.07,1.01,0.0,0.0,0.14,14.91
5208707,Goiânia,GO,549071,8.32,91.6,79.19,12.42,8.18,0.01,95.41,2.71,1.66,0.06,0.0,0.0,0.0,2.67
5208806,Goianira,GO,25193,31.96,68.0,26.37,41.63,31.94,0.0,70.82,23.53,5.23,0.29,0.01,0.0,0.02,24.84
5208905,Goiás,GO,9593,33.53,66.28,45.53,20.74,32.89,0.1,74.72,12.28,4.13,7.91,0.0,0.11,0.77,24.44
5209101,Goiatuba,GO,13556,32.75,67.23,44.86,22.37,32.72,0.01,82.7,11.3,4.75,1.1,0.0,0.0,0.05,12.27
5209150,Gouvelândia,GO,1678,71.04,28.96,4.53,24.43,70.86,0.0,58.1,36.89,4.11,0.66,0.0,0.0,0.06,24.67
5209200,Guapó,GO,7170,22.55,77.39,48.69,28.7,22.4,0.06,83.22,14.17,1.21,1.14,0.0,0.03,0.04,12.58
5209291,Guaraíta,GO,913,86.42,13.58,1.1,12.49,86.42,0.0,61.99,16.65,17.85,3.5,0.0,0.0,0.0,36.47
5209408,Guarani de Goiás,GO,1436,77.09,22.77,1.46,21.31,73.68,3.27,48.89,16.43,0.28,7.59,0.0,0.56,26.18,48.19
5209457,Guarinos,GO,883,75.99,23.9,5.1,18.8,75.42,0.45,56.96,30.92,4.08,4.42,0.0,0.0,2.38,41.9
5209606,Heitoraí,GO,1355,68.12,31.81,0.66,31.14,68.12,0.0,71.44,9.89,12.47,5.76,0.0,0.07,0.22,27.53
5209705,Hidrolândia,GO,9707,36.03,63.9,10.16,53.74,35.9,0.07,49.69,31.43,16.3,1.79,0.2,0.0,0.36,43.2
5209804,Hidrolina,GO,1372,70.04,29.66,1.53,28.13,69.53,0.07,73.47,14.72,7.0,4.52,0.0,0.07,0.15,21.79
5209903,Iaciara,GO,3557,93.2,6.52,3.15,3.37,92.77,0.08,78.55,11.25,0.22,0.17,0.0,0.06,9.53,19.96
5209937,Inaciolândia,GO,2207,66.11,33.71,12.23,21.48,65.97,0.05,70.23,9.83,18.94,0.82,0.0,0.05,0.0,22.56
5209952,Indiara,GO,6325,45.96,53.99,2.13,51.86,45.68,0.02,83.15,6.42,7.34,1.39,1.15,0.02,0.06,13.77
5210000,Inhumas,GO,19577,10.3,89.62,61.96,27.66,10.16,0.03,86.6,9.41,3.35,0.4,0.0,0.01,0.04,9.09
5210109,Ipameri,GO,9709,25.29,74.63,50.96,23.67,23.12,0.05,85.51,10.16,1.43,1.94,0.01,0.0,0.93,13.05
5210158,Ipiranga de Goiás,GO,1181,96.44,3.39,0.68,2.71,96.1,0.25,60.46,10.16,21.17,7.79,0.0,0.0,0.42,35.99
5210208,Iporá,GO,13971,31.6,68.38,48.21,20.17,31.45,0.01,90.87,5.7,1.23,1.98,0.0,0.0,0.17,6.89
5210307,Israelândia,GO,1030,23.5,76.31,3.2,73.11,23.5,0.0,73.88,19.71,1.55,2.52,0.0,0.0,0.78,25.34
5210406,Itaberaí,GO,16002,28.94,71.03,45.08,25.95,28.88,0.02,77.45,12.25,7.21,2.22,0.01,0.01,0.14,19.74
5210562,Itaguari,GO,1952,2.51,97.44,2.1,95.34,2.46,0.05,87.24,6.51,5.69,0.51,0.0,0.0,0.05,9.89
5210604,Itaguaru,GO,1979,60.23,39.77,4.85,34.92,60.18,0.0,83.73,9.15,3.39,3.54,0.0,0.05,0.0,15.11
5210802,Itajá,GO,1749,16.35,83.59,76.56,7.03,15.04,0.0,77.82,16.58,1.6,3.72,0.11,0.0,0.06,16.98
5210901,Itapaci,GO,7793,41.87,57.62,3.23,54.38,41.77,0.05,76.84,8.91,11.79,1.69,0.0,0.03,0.32,18.2
5211008,Itapirapuã,GO,3136,76.05,23.95,0.77,23.18,75.99,0.0,68.43,21.81,8.29,1.18,0.0,0.0,0.26,28.64
5211206,Itapuranga,GO,10514,17.64,82.29,66.83,15.47,17.55,0.04,74.99,12.81,7.79,3.25,0.04,0.01,0.88,19.99
5211305,Itarumã,GO,2336,20.38,79.45,64.81,14.64,18.36,0.13,58.05,21.02,12.59,6.51,0.0,0.04,1.71,25.13
5211404,Itauçu,GO,2939,13.34,86.63,75.23,11.4,13.2,0.0,86.39,7.59,3.33,2.45,0.0,0.0,0.07,10.14
5211503,Itumbiara,GO,39710,3.43,96.54,94.34,2.2,3.41,0.01,88.85,5.69,4.94,0.45,0.0,0.01,0.01,6.52
5211602,Ivolândia,GO,1092,79.4,20.51,2.38,18.13,78.85,0.18,59.8,21.89,1.1,16.67,0.0,0.18,0.27,39.84
5211701,Jandaia,GO,2527,62.88,37.12,35.5,1.62,61.85,0.0,75.03,14.52,7.44,2.97,0.0,0.0,0.04,24.69
5211800,Jaraguá,GO,16597,44.17,55.72,25.33,30.39,43.97,0.03,83.55,8.8,5.57,1.77,0.01,0.0,0.2,13.68
5211909,Jataí,GO,38266,7.7,92.27,83.17,9.1,7.54,0.03,89.49,5.93,2.38,1.89,0.0,0.0,0.22,7.86
5212006,Jaupaci,GO,1137,64.03,35.97,16.97,19.0,63.76,0.18,75.81,20.67,2.11,0.88,0.0,0.0,0.26,22.96
5212055,Jesúpolis,GO,833,60.38,39.62,0.36,39.26,60.38,0.0,81.51,4.8,12.85,0.84,0.0,0.0,0.0,15.61
5212105,Joviânia,GO,2730,13.52,86.45,84.36,2.09,13.48,0.0,80.88,12.49,5.31,1.32,0.0,0.0,0.0,10.44
5212204,Jussara,GO,7662,25.11,73.82,62.7,11.12,24.93,0.03,73.99,19.77,4.88,0.77,0.0,0.01,0.25,17.49
5212253,Lagoa Santa,GO,537,22.72,77.09,76.72,0.37,22.35,0.0,75.42,20.86,2.42,0.93,0.0,0.0,0.37,21.04
5212303,Leopoldo de Bulhões,GO,3250,92.55,7.38,1.63,5.75,91.08,0.06,58.49,27.29,4.34,7.91,0.0,0.0,0.28,8.49
5212501,Luziânia,GO,71953,46.78,53.12,25.62,27.5,46.65,0.02,72.98,11.8,12.9,1.83,0.01,0.01,0.22,22.16
5212600,Mairipotaba,GO,1064,15.51,84.49,0.75,83.74,15.41,0.0,68.42,20.86,6.2,4.04,0.0,0.0,0.09,16.73
5212709,Mambaí,GO,2601,89.85,10.03,0.77,9.27,89.54,0.04,80.74,1.5,0.15,2.15,0.19,0.0,15.15,8.61
5212808,Mara Rosa,GO,4088,21.53,78.35,41.73,36.62,21.33,0.02,74.83,16.63,5.77,2.08,0.0,0.0,0.51,17.27
5212907,Marzagão,GO,1000,1.5,98.5,0.6,97.9,1.5,0.0,85.7,11.3,1.5,1.2,0.1,0.0,0.2,13.4
5212956,Matrinchã,GO,1560,39.49,60.38,14.36,46.03,39.1,0.06,71.73,20.9,3.97,1.54,0.0,0.0,0.13,26.28
5213004,Maurilândia,GO,3772,78.05,21.85,4.61,17.23,77.94,0.0,94.06,4.75,0.9,0.11,0.03,0.03,0.03,5.04
5213053,Mimoso de Goiás,GO,980,10.2,89.8,45.51,44.29,9.18,0.92,49.59,19.29,1.73,12.55,0.0,0.0,16.84,49.49
5213087,Minaçu,GO,9900,39.56,60.21,54.83,5.38,39.27,0.16,85.39,7.39,2.49,2.48,0.0,0.0,2.11,14.0
5213103,Mineiros,GO,24783,7.13,92.79,88.51,4.27,6.86,0.02,93.18,4.18,0.25,2.04,0.0,0.01,0.24,5.92
5213400,Moiporá,GO,708,80.79,19.21,4.52,14.69,80.65,0.0,71.75,17.09,1.98,8.9,0.0,0.0,0.14,27.12
5213509,Monte Alegre de Goiás,GO,2330,96.14,2.06,0.94,1.12,86.61,9.4,54.12,23.0,0.43,8.67,0.86,0.21,12.06,26.91
5213707,Montes Claros de Goiás,GO,3424,60.43,39.54,23.54,16.0,60.22,0.0,72.08,20.91,4.5,1.75,0.0,0.0,0.7,24.3
5213756,Montividiu,GO,4424,51.76,48.1,40.66,7.44,51.42,0.02,79.32,13.25,1.83,5.15,0.34,0.0,0.09,19.28
5213772,Montividiu do Norte,GO,1510,94.83,4.77,1.26,3.51,94.37,0.0,46.36,8.87,42.52,0.79,0.13,0.0,1.26,16.16
5213806,Morrinhos,GO,19727,13.56,86.43,59.29,27.14,13.47,0.0,88.88,6.52,2.86,1.55,0.01,0.01,0.15,8.96
5213855,Morro Agudo de Goiás,GO,976,86.99,12.91,0.72,12.19,86.78,0.0,77.97,8.91,5.33,6.97,0.1,0.0,0.61,21.82
5213905,Mossâmedes,GO,1861,65.77,33.96,18.81,15.15,65.39,0.0,68.24,21.06,4.73,4.73,0.0,0.0,0.97,14.94
5214002,Mozarlândia,GO,5228,74.06,25.88,0.8,25.08,73.99,0.0,61.17,16.58,21.54,0.4,0.02,0.02,0.15,32.21
5214051,Mundo Novo,GO,2272,56.51,43.31,5.02,38.29,56.43,0.04,49.82,24.56,23.72,0.62,0.0,0.0,1.23,44.94
5214101,Mutunópolis,GO,1378,92.89,7.04,0.87,6.17,92.6,0.07,63.57,22.71,13.28,0.44,0.0,0.0,0.0,33.31
5214408,Nazário,GO,3119,87.08,12.82,2.18,10.64,86.98,0.0,90.25,6.93,1.76,1.03,0.0,0.0,0.0,8.82
5214507,Nerópolis,GO,11181,59.4,40.53,2.63,37.9,59.2,0.03,71.34,24.43,3.16,0.83,0.0,0.0,0.01,25.83
5214606,Niquelândia,GO,13270,40.46,58.16,41.83,16.33,37.54,0.45,76.47,11.85,2.98,4.92,0.12,0.02,3.35,21.83
5214705,Nova América,GO,908,29.3,70.7,2.2,68.5,29.19,0.0,72.03,13.0,3.52,11.12,0.0,0.0,0.33,24.56
5214804,Nova Aurora,GO,832,91.59,8.41,6.01,2.4,91.59,0.0,89.3,7.69,1.8,1.2,0.0,0.0,0.0,10.46
5214838,Nova Crixás,GO,4685,78.61,21.32,2.22,19.1,78.23,0.19,58.83,29.16,11.1,0.13,0.0,0.02,0.09,36.01
5214861,Nova Glória,GO,3284,89.83,10.17,0.58,9.59,89.77,0.03,79.81,5.3,13.52,1.31,0.0,0.0,0.0,8.22
5214879,Nova Iguaçu de Goiás,GO,1110,60.99,38.74,0.99,37.75,60.54,0.09,73.33,16.04,4.59,3.24,0.0,0.0,0.18,24.14
5214903,Nova Roma,GO,1157,95.16,4.41,2.94,1.47,94.3,0.78,81.42,11.5,0.09,2.07,0.0,0.0,4.67,9.08
5215009,Nova Veneza,GO,3464,67.64,32.22,2.45,29.76,67.55,0.0,76.33,20.58,2.66,0.4,0.0,0.0,0.0,21.22
5215207,Novo Brasil,GO,1523,85.82,14.18,1.77,12.41,85.62,0.0,71.9,16.61,4.6,6.57,0.07,0.0,0.2,25.87
5215231,Novo Gama,GO,34251,32.89,67.05,36.91,30.14,32.71,0.01,92.63,4.21,2.39,0.32,0.25,0.02,0.03,6.34
5215256,Novo Planalto,GO,1428,97.9,1.96,1.47,0.49,97.62,0.21,67.93,27.24,4.06,0.56,0.0,0.0,0.0,29.06
5215306,Orizona,GO,6267,71.53,28.47,15.49,12.97,69.79,0.02,62.71,21.56,7.71,4.87,0.02,0.81,1.64,29.46
5215405,Ouro Verde de Goiás,GO,1512,65.15,34.79,1.19,33.6,65.08,0.0,66.87,17.53,8.27,7.21,0.0,0.0,0.07,32.34
5215504,Ouvidor,GO,2607,60.11,39.85,1.8,38.05,60.07,0.04,87.34,8.67,1.69,1.15,0.0,0.04,0.38,10.66
5215603,Padre Bernardo,GO,12087,27.68,72.24,35.92,36.32,27.53,0.06,72.09,19.95,3.86,2.18,0.27,0.02,1.32,22.21
5215652,Palestina de Goiás,GO,1203,69.49,30.42,0.83,29.59,69.33,0.0,62.18,12.55,3.91,17.54,0.0,0.08,3.57,32.34
5215702,Palmeiras de Goiás,GO,11589,6.52,93.45,82.08,11.37,6.41,0.02,76.96,12.28,10.38,0.3,0.0,0.0,0.06,18.41
5215801,Palmelo,GO,893,96.19,3.7,1.57,2.13,96.19,0.0,91.04,6.61,1.23,1.01,0.0,0.0,0.0,7.61
5215900,Palminópolis,GO,1519,62.8,37.06,1.58,35.48,62.8,0.0,73.6,14.55,11.52,0.33,0.0,0.0,0.0,24.75
5216007,Panamá,GO,995,72.46,27.54,5.93,21.61,72.16,0.0,77.19,7.14,9.55,5.93,0.0,0.0,0.0,22.11
5216304,Paranaiguara,GO,3067,6.19,93.74,91.2,2.54,6.1,0.0,90.45,5.35,1.17,2.45,0.03,0.1,0.36,7.73
5216403,Paraúna,GO,4085,17.09,82.79,79.34,3.45,17.01,0.02,82.03,11.21,1.2,5.46,0.02,0.0,0.02,17.09
5216452,Perolândia,GO,1057,41.06,58.85,15.33,43.52,40.59,0.09,79.09,12.87,1.42,4.73,0.09,0.0,1.8,5.01
5216809,Petrolina de Goiás,GO,3749,71.78,28.14,13.5,14.64,71.7,0.05,66.26,20.01,8.7,3.39,0.0,0.03,0.29,21.63
5216908,Pilar de Goiás,GO,893,36.84,62.49,47.03,15.45,36.28,0.11,44.12,35.39,8.51,11.31,0.0,0.0,0.56,42.89
5217104,Piracanjuba,GO,9932,22.37,77.5,68.93,8.57,22.12,0.0,75.01,13.11,8.94,2.47,0.08,0.02,0.33,21.43
5217203,Piranhas,GO,4612,40.61,59.08,5.62,53.47,40.55,0.07,82.89,11.54,1.6,3.71,0.0,0.0,0.2,12.34
5217302,Pirenópolis,GO,9776,52.37,47.47,11.36,36.11,52.2,0.06,68.38,12.64,8.81,7.96,0.01,0.05,1.62,28.58
5217401,Pires do Rio,GO,12264,46.0,53.96,36.97,16.99,45.96,0.02,92.66,5.4,0.99,0.81,0.01,0.01,0.09,6.73
5217609,Planaltina,GO,35183,17.47,82.23,65.84,16.39,17.34,0.07,88.51,5.66,3.03,1.02,0.13,0.02,0.45,10.45
5217708,Pontalina,GO,7355,23.54,76.45,71.01,5.44,23.49,0.0,79.4,11.45,6.7,1.94,0.0,0.0,0.42,11.42
5218003,Porangatu,GO,16372,54.64,45.3,31.05,14.24,54.52,0.07,83.89,9.35,6.03,0.5,0.0,0.01,0.09,13.33
5218052,Porteirão,GO,1482,94.47,5.47,0.67,4.79,94.4,0.0,87.92,3.91,8.16,0.0,0.0,0.0,0.0,7.89
5218102,Portelândia,GO,1246,77.45,22.47,2.25,20.22,77.29,0.0,80.18,11.08,2.25,5.3,0.0,0.0,1.2,15.09
5218300,Posse,GO,11972,31.39,68.23,58.1,10.13,30.81,0.38,83.03,9.21,0.64,3.68,0.76,0.03,2.35,10.98
5218391,Professor Jamil,GO,1428,94.33,5.39,0.84,4.55,93.63,0.28,69.33,18.63,8.96,1.96,0.0,0.07,0.63,30.04
5218508,Quirinópolis,GO,17985,8.71,91.25,87.6,3.65,8.58,0.03,74.41,17.06,6.81,1.5,0.03,0.01,0.11,14.4
5218607,Rialma,GO,4473,83.81,16.16,2.68,13.48,83.75,0.0,92.82,3.33,2.73,1.01,0.02,0.0,0.09,6.39
5218706,Rianápolis,GO,1591,90.26,9.62,0.88,8.74,89.75,0.13,91.45,2.58,4.71,1.13,0.0,0.0,0.13,7.79
5218789,Rio Quente,GO,1390,22.09,77.84,16.83,61.01,22.01,0.0,84.6,9.5,4.39,1.15,0.07,0.07,0.22,13.67
5218805,Rio Verde,GO,80451,6.93,93.02,84.84,8.18,6.88,0.01,88.27,8.9,1.87,0.81,0.0,0.01,0.09,8.69
5218904,Rubiataba,GO,7660,16.25,83.75,71.72,12.02,16.19,0.01,86.01,7.7,2.61,3.49,0.0,0.01,0.17,7.36
5219001,Sanclerlândia,GO,3129,18.25,81.69,50.88,30.81,18.22,0.0,87.28,9.43,1.28,1.66,0.0,0.03,0.1,7.77
5219100,Santa Bárbara de Goiás,GO,2252,81.97,18.03,1.29,16.74,81.97,0.0,87.43,7.64,4.31,0.4,0.0,0.0,0.09,8.75
5219209,Santa Cruz de Goiás,GO,1241,97.66,2.34,0.89,1.45,97.58,0.0,43.19,41.58,6.2,7.82,0.0,0.0,1.21,55.28
5219258,Santa Fé de Goiás,GO,1859,78.0,21.89,2.47,19.42,77.78,0.05,75.47,10.54,9.58,3.55,0.0,0.0,0.75,16.73
5219308,Santa Helena de Goiás,GO,14249,4.67,95.24,92.79,2.45,4.64,0.01,90.18,5.4,3.96,0.36,0.01,0.01,0.02,7.06
5219357,Santa Isabel,GO,1397,56.69,43.31,1.15,42.16,56.48,0.07,67.22,12.6,12.53,7.52,0.0,0.0,0.14,30.99
5219407,Santa Rita do Araguaia,GO,2301,69.75,30.2,2.13,28.07,69.36,0.13,91.35,3.17,0.13,1.83,0.0,0.0,3.43,7.21
5219456,Santa Rita do Novo Destino,GO,1024,82.32,17.58,2.25,15.33,81.74,0.29,37.21,54.2,2.15,6.05,0.1,0.0,0.2,55.86
5219506,Santa Rosa de Goiás,GO,1073,92.08,7.92,2.24,5.68,92.08,0.0,68.78,15.47,12.95,1.3,0.0,0.0,0.19,26.47
5219605,Santa Tereza de Goiás,GO,1317,89.07,10.78,0.38,10.4,88.84,0.08,85.27,11.85,2.66,0.08,0.0,0.0,0.08,13.21
5219704,Santa Terezinha de Goiás,GO,3901,61.19,38.68,3.61,35.07,60.98,0.08,48.14,25.61,22.94,3.18,0.0,0.0,0.1,45.32
5219712,Santo Antônio da Barra,GO,1570,96.5,3.44,0.51,2.93,96.5,0.0,77.26,19.43,2.61,0.7,0.0,0.0,0.0,20.38
5219738,Santo Antônio de Goiás,GO,2634,56.0,44.0,0.72,43.28,56.0,0.0,81.25,16.78,1.52,0.38,0.0,0.0,0.0,13.78
5219753,Santo Antônio do Descoberto,GO,24177,27.41,72.5,49.82,22.68,27.32,0.02,83.98,7.17,6.08,2.3,0.02,0.02,0.29,11.84
5219803,São Domingos,GO,3469,86.34,13.23,0.86,12.37,84.38,0.52,70.63,15.74,0.17,1.15,0.63,0.29,11.3,26.26
5219902,São Francisco de Goiás,GO,2361,65.06,34.9,3.68,31.22,64.68,0.0,76.41,12.03,9.02,2.46,0.0,0.0,0.08,22.41
5220009,São João d'Aliança,GO,4260,74.86,25.02,6.67,18.36,73.99,0.61,65.09,19.27,2.96,8.43,0.05,0.35,3.85,31.9
5220058,São João da Paraúna,GO,697,25.39,74.32,69.58,4.73,25.39,0.0,68.01,21.95,6.6,3.16,0.0,0.0,0.29,20.09
5220108,São Luís de Montes Belos,GO,13084,16.68,83.32,73.02,10.3,16.62,0.01,88.55,8.53,2.19,0.57,0.0,0.01,0.11,8.53
5220157,São Luiz do Norte,GO,1797,82.25,17.64,1.73,15.92,82.03,0.17,45.63,20.42,28.66,5.01,0.06,0.0,0.17,39.62
5220207,São Miguel do Araguaia,GO,8213,22.53,77.35,44.02,33.34,22.2,0.06,64.41,16.15,18.81,0.39,0.02,0.01,0.09,25.98
5220264,São Miguel do Passa Quatro,GO,1652,48.67,51.21,8.47,42.74,48.61,0.0,65.01,22.46,2.3,9.99,0.0,0.0,0.12,34.26
5220280,São Patrício,GO,832,13.34,86.54,1.44,85.1,13.22,0.12,68.03,12.26,11.42,8.17,0.0,0.0,0.12,30.53
5220405,São Simão,GO,6700,10.43,89.52,86.7,2.82,10.42,0.01,94.84,3.12,0.36,0.57,0.99,0.0,0.01,2.3
5220454,Senador Canedo,GO,52370,39.14,60.83,11.33,49.5,39.09,0.02,91.35,4.92,3.31,0.19,0.05,0.06,0.02,5.71
5220504,Serranópolis,GO,2944,18.68,81.18,3.26,77.92,18.44,0.07,79.25,9.38,0.71,9.78,0.1,0.0,0.58,18.31
5220603,Silvânia,GO,8140,31.56,68.34,55.41,12.94,31.28,0.02,66.34,20.41,6.57,6.11,0.01,0.02,0.42,28.33
5220686,Simolândia,GO,2002,7.34,92.51,1.0,91.51,6.74,0.55,88.76,8.94,0.1,0.05,0.7,0.05,1.35,10.74
5220702,Sítio d'Abadia,GO,1012,33.99,65.22,4.55,60.67,33.89,0.0,58.79,16.7,0.69,9.88,0.1,0.0,12.85,24.7
5221007,Taquaral de Goiás,GO,1612,97.02,2.79,2.79,0.0,96.96,0.0,81.51,7.69,7.44,1.61,0.0,0.0,0.06,17.37
5221080,Teresina de Goiás,GO,919,86.29,13.28,11.75,1.52,81.94,4.13,76.06,9.36,0.11,8.92,0.0,0.22,5.11,7.29
5221197,Terezópolis de Goiás,GO,2820,24.79,75.14,56.24,18.9,24.61,0.18,74.89,18.76,5.14,0.74,0.0,0.25,0.0,21.99
5221304,Três Ranchos,GO,1143,58.44,41.47,31.58,9.89,58.36,0.09,72.97,23.53,2.62,0.61,0.0,0.0,0.26,23.01
5221403,Trindade,GO,50654,30.2,69.75,49.54,20.21,30.17,0.01,87.04,8.28,4.1,0.38,0.0,0.01,0.01,10.52
5221452,Trombas,GO,1223,97.06,2.86,1.47,1.39,96.73,0.25,64.84,17.5,14.15,0.08,0.0,0.0,3.27,33.44
5221502,Turvânia,GO,1808,6.25,93.75,0.22,93.53,6.25,0.0,80.03,15.87,3.6,0.28,0.06,0.0,0.06,14.33
5221551,Turvelândia,GO,1760,31.88,68.07,1.48,66.59,31.88,0.0,78.98,9.89,10.62,0.28,0.0,0.06,0.17,20.51
5221577,Uirapuru,GO,1069,96.35,2.9,0.84,2.06,96.07,0.28,62.86,22.26,9.07,4.4,0.0,0.09,0.0,34.05
5221601,Uruaçu,GO,15775,24.31,75.59,58.42,17.17,24.23,0.02,81.34,9.13,7.45,1.42,0.03,0.01,0.49,12.87
5221700,Uruana,GO,5270,88.67,11.2,6.19,5.01,88.48,0.0,83.45,9.79,6.3,0.4,0.0,0.0,0.06,14.61
5221809,Urutaí,GO,1362,92.51,7.49,0.37,7.12,92.36,0.0,70.12,21.73,5.73,1.76,0.0,0.07,0.51,28.05
5221858,Valparaíso de Goiás,GO,71169,13.51,86.44,37.33,49.11,13.41,0.0,93.61,5.11,1.13,0.06,0.01,0.0,0.0,3.55
5221908,Varjão,GO,1553,76.63,23.31,0.39,22.92,76.5,0.0,59.37,29.49,6.18,4.38,0.06,0.0,0.52,38.18
5222005,Vianópolis,GO,5499,35.5,64.41,15.4,49.01,35.37,0.04,73.4,14.89,4.06,5.26,0.0,0.24,0.07,23.46
5222054,Vicentinópolis,GO,3144,98.25,1.72,0.99,0.73,97.87,0.0,91.06,4.01,3.63,0.99,0.0,0.0,0.29,7.76
5222203,Vila Boa,GO,1461,33.26,66.53,5.13,61.4,32.31,0.75,74.26,23.96,0.0,1.03,0.0,0.07,0.34,25.33
5222302,Vila Propício,GO,2180,80.87,18.99,0.83,18.17,80.73,0.09,49.4,22.52,13.53,11.83,0.6,0.0,1.74,39.31
5300108,Brasília,DF,988191,5.26,94.66,86.22,8.45,5.21,0.01,93.37,4.61,1.1,0.51,0.07,0.02,0.06,5.91
