cod_ibge,municipio,ano,populacao,area_km2,densidade,pib_per_capita
2100055,Açailândia,2008,100017,5831.3,17.15,11300.01
2100055,Açailândia,2009,101130,5831.3,17.34,10529.04
2100055,Açailândia,2010,103192,5831.3,17.7,9807.32
2100055,Açailândia,2011,105255,5831.3,18.05,10626.76
2100055,Açailândia,2012,106422,5831.3,18.25,12210.73
2100055,Açailândia,2013,107790,5831.3,18.48,14540.03
2100055,Açailândia,2014,108765,5831.3,18.65,16367.43
2100055,Açailândia,2015,109685,5831.3,18.81,18373.16
2100055,Açailândia,2016,110543,5831.3,18.96,18107.83
2100055,Açailândia,2017,111339,5831.3,19.09,19784.06
2100055,Açailândia,2018,111757,5831.3,19.17,23255.61
2100055,Açailândia,2019,112445,5831.3,19.28,20939.52
2100055,Açailândia,2020,113121,5831.3,19.4,23555.38
2100055,Açailândia,2021,113783,5831.3,19.51,33647.67
2100055,Açailândia,2022,112691,5831.3,19.33,36817.08
2100055,Açailândia,2023,111598,5831.3,19.14,38299.63
2100055,Açailândia,2024,110506,5831.3,18.95,38678.1
2100055,Açailândia,2025,110611,5831.3,18.97,38641.38
2100055,Açailândia,2026,110611,5831.3,18.97,38641.38
2100105,Afonso Cunha,2008,5834,372.8,15.65,2283.34
2100105,Afonso Cunha,2009,5948,372.8,15.95,2692.5
2100105,Afonso Cunha,2010,5974,372.8,16.02,2887.01
2100105,Afonso Cunha,2011,6000,372.8,16.09,3513.5
2100105,Afonso Cunha,2012,6090,372.8,16.34,3830.87
2100105,Afonso Cunha,2013,6197,372.8,16.62,4486.85
2100105,Afonso Cunha,2014,6277,372.8,16.84,5681.54
2100105,Afonso Cunha,2015,6351,372.8,17.04,5681.0
2100105,Afonso Cunha,2016,6421,372.8,17.22,5510.05
2100105,Afonso Cunha,2017,6486,372.8,17.4,6915.05
2100105,Afonso Cunha,2018,6469,372.8,17.35,7934.77
2100105,Afonso Cunha,2019,6524,372.8,17.5,7994.33
2100105,Afonso Cunha,2020,6578,372.8,17.64,10925.21
2100105,Afonso Cunha,2021,6631,372.8,17.79,12826.42
2100105,Afonso Cunha,2022,6519,372.8,17.49,18023.16
2100105,Afonso Cunha,2023,6408,372.8,17.19,16476.44
2100105,Afonso Cunha,2024,6296,372.8,16.89,16769.54
2100105,Afonso Cunha,2025,6303,372.8,16.91,16750.91
2100105,Afonso Cunha,2026,6303,372.8,16.91,16750.91
2100154,Água Doce do Maranhão,2008,12213,444.4,27.48,2185.21
2100154,Água Doce do Maranhão,2009,12460,444.4,28.04,2360.51
2100154,Água Doce do Maranhão,2010,12093,444.4,27.21,2724.3
2100154,Água Doce do Maranhão,2011,11726,444.4,26.39,3528.91
2100154,Água Doce do Maranhão,2012,11865,444.4,26.7,3641.21
2100154,Água Doce do Maranhão,2013,12028,444.4,27.07,4414.53
2100154,Água Doce do Maranhão,2014,12146,444.4,27.33,4869.34
2100154,Água Doce do Maranhão,2015,12257,444.4,27.58,5289.88
2100154,Água Doce do Maranhão,2016,12360,444.4,27.81,5920.63
2100154,Água Doce do Maranhão,2017,12457,444.4,28.03,5874.13
2100154,Água Doce do Maranhão,2018,12488,444.4,28.1,6884.13
2100154,Água Doce do Maranhão,2019,12571,444.4,28.29,6734.47
2100154,Água Doce do Maranhão,2020,12652,444.4,28.47,7077.54
2100154,Água Doce do Maranhão,2021,12731,444.4,28.65,7983.82
2100154,Água Doce do Maranhão,2022,12636,444.4,28.43,9557.93
2100154,Água Doce do Maranhão,2023,12541,444.4,28.22,10425.48
2100154,Água Doce do Maranhão,2024,12446,444.4,28.01,10505.06
2100154,Água Doce do Maranhão,2025,12461,444.4,28.04,10492.42
2100154,Água Doce do Maranhão,2026,12461,444.4,28.04,10492.42
2100204,Alcântara,2008,21969,1173.1,18.73,2202.97
2100204,Alcântara,2009,22020,1173.1,18.77,2511.99
2100204,Alcântara,2010,21792,1173.1,18.58,2748.72
2100204,Alcântara,2011,21564,1173.1,18.38,3694.07
2100204,Alcântara,2012,21605,1173.1,18.42,6482.34
2100204,Alcântara,2013,21644,1173.1,18.45,4059.6
2100204,Alcântara,2014,21652,1173.1,18.46,4618.93
2100204,Alcântara,2015,21659,1173.1,18.46,4821.78
2100204,Alcântara,2016,21667,1173.1,18.47,5432.82
2100204,Alcântara,2017,21673,1173.1,18.47,5366.72
2100204,Alcântara,2018,22083,1173.1,18.82,5869.08
2100204,Alcântara,2019,22097,1173.1,18.84,5676.65
2100204,Alcântara,2020,22112,1173.1,18.85,5978.38
2100204,Alcântara,2021,22126,1173.1,18.86,6723.45
2100204,Alcântara,2022,21009,1173.1,17.91,7314.96
2100204,Alcântara,2023,19891,1173.1,16.96,8559.7
2100204,Alcântara,2024,18774,1173.1,16.0,9068.98
2100204,Alcântara,2025,18721,1173.1,15.96,9094.65
2100204,Alcântara,2026,18721,1173.1,15.96,9094.65
2100303,Aldeias Altas,2008,22328,1950.6,11.45,2828.51
2100303,Aldeias Altas,2009,22667,1950.6,11.62,3301.23
2100303,Aldeias Altas,2010,23506,1950.6,12.05,3302.9
2100303,Aldeias Altas,2011,24346,1950.6,12.48,3755.61
2100303,Aldeias Altas,2012,24726,1950.6,12.68,4132.13
2100303,Aldeias Altas,2013,25177,1950.6,12.91,4563.09
2100303,Aldeias Altas,2014,25509,1950.6,13.08,6664.98
2100303,Aldeias Altas,2015,25823,1950.6,13.24,8079.7
2100303,Aldeias Altas,2016,26115,1950.6,13.39,6498.22
2100303,Aldeias Altas,2017,26387,1950.6,13.53,6598.32
2100303,Aldeias Altas,2018,26302,1950.6,13.48,6882.18
2100303,Aldeias Altas,2019,26532,1950.6,13.6,7502.75
2100303,Aldeias Altas,2020,26757,1950.6,13.72,7895.13
2100303,Aldeias Altas,2021,26979,1950.6,13.83,9244.08
2100303,Aldeias Altas,2022,25913,1950.6,13.28,14254.24
2100303,Aldeias Altas,2023,24848,1950.6,12.74,13491.87
2100303,Aldeias Altas,2024,23782,1950.6,12.19,14096.63
2100303,Aldeias Altas,2025,23776,1950.6,12.19,14100.19
2100303,Aldeias Altas,2026,23776,1950.6,12.19,14100.19
2100402,Altamira do Maranhão,2008,7607,526.8,14.44,3787.04
2100402,Altamira do Maranhão,2009,7771,526.8,14.75,3353.75
2100402,Altamira do Maranhão,2010,9498,526.8,18.03,3205.94
2100402,Altamira do Maranhão,2011,11225,526.8,21.31,3226.46
2100402,Altamira do Maranhão,2012,11381,526.8,21.6,3482.12
2100402,Altamira do Maranhão,2013,11564,526.8,21.95,3965.67
2100402,Altamira do Maranhão,2014,11699,526.8,22.21,4694.42
2100402,Altamira do Maranhão,2015,11616,526.8,22.05,5173.64
2100402,Altamira do Maranhão,2016,10210,526.8,19.38,6150.93
2100402,Altamira do Maranhão,2017,8070,526.8,15.32,6981.16
2100402,Altamira do Maranhão,2018,8066,526.8,15.31,6994.67
2100402,Altamira do Maranhão,2019,8128,526.8,15.43,7210.51
2100402,Altamira do Maranhão,2020,8189,526.8,15.54,7518.99
2100402,Altamira do Maranhão,2021,8250,526.8,15.66,8668.12
2100402,Altamira do Maranhão,2022,7688,526.8,14.59,10319.46
2100402,Altamira do Maranhão,2023,7127,526.8,13.53,12395.54
2100402,Altamira do Maranhão,2024,6565,526.8,12.46,13456.66
2100402,Altamira do Maranhão,2025,6549,526.8,12.43,13489.54
2100402,Altamira do Maranhão,2026,6549,526.8,12.43,13489.54
2100436,Alto Alegre do Maranhão,2008,22676,394.4,57.49,3198.49
2100436,Alto Alegre do Maranhão,2009,22914,394.4,58.1,3647.99
2100436,Alto Alegre do Maranhão,2010,23942,394.4,60.7,4055.84
2100436,Alto Alegre do Maranhão,2011,24969,394.4,63.31,4382.51
2100436,Alto Alegre do Maranhão,2012,25326,394.4,64.21,5679.85
2100436,Alto Alegre do Maranhão,2013,25748,394.4,65.28,6400.65
2100436,Alto Alegre do Maranhão,2014,26056,394.4,66.06,7721.71
2100436,Alto Alegre do Maranhão,2015,26348,394.4,66.81,7677.93
2100436,Alto Alegre do Maranhão,2016,26619,394.4,67.49,8166.35
2100436,Alto Alegre do Maranhão,2017,26872,394.4,68.13,8184.91
2100436,Alto Alegre do Maranhão,2018,26839,394.4,68.05,10009.28
2100436,Alto Alegre do Maranhão,2019,27053,394.4,68.59,9693.82
2100436,Alto Alegre do Maranhão,2020,27858,394.4,70.63,8750.27
2100436,Alto Alegre do Maranhão,2021,28066,394.4,71.16,10800.19
2100436,Alto Alegre do Maranhão,2022,26892,394.4,68.18,13384.13
2100436,Alto Alegre do Maranhão,2023,25717,394.4,65.21,14710.66
2100436,Alto Alegre do Maranhão,2024,24543,394.4,62.23,15414.33
2100436,Alto Alegre do Maranhão,2025,24528,394.4,62.19,15423.76
2100436,Alto Alegre do Maranhão,2026,24528,394.4,62.19,15423.76
2100477,Alto Alegre do Pindaré,2008,32955,1884.3,17.49,2897.95
2100477,Alto Alegre do Pindaré,2009,33211,1884.3,17.63,2969.68
2100477,Alto Alegre do Pindaré,2010,32168,1884.3,17.07,3039.11
2100477,Alto Alegre do Pindaré,2011,31125,1884.3,16.52,3767.97
2100477,Alto Alegre do Pindaré,2012,31190,1884.3,16.55,4012.12
2100477,Alto Alegre do Pindaré,2013,31253,1884.3,16.59,4301.48
2100477,Alto Alegre do Pindaré,2014,31271,1884.3,16.6,4319.91
2100477,Alto Alegre do Pindaré,2015,31287,1884.3,16.6,4651.07
2100477,Alto Alegre do Pindaré,2016,31303,1884.3,16.61,5632.02
2100477,Alto Alegre do Pindaré,2017,31312,1884.3,16.62,5806.59
2100477,Alto Alegre do Pindaré,2018,31894,1884.3,16.93,5968.14
2100477,Alto Alegre do Pindaré,2019,31919,1884.3,16.94,6428.99
2100477,Alto Alegre do Pindaré,2020,31943,1884.3,16.95,7212.19
2100477,Alto Alegre do Pindaré,2021,31967,1884.3,16.96,7874.34
2100477,Alto Alegre do Pindaré,2022,30115,1884.3,15.98,9375.66
2100477,Alto Alegre do Pindaré,2023,28263,1884.3,15.0,10973.43
2100477,Alto Alegre do Pindaré,2024,26411,1884.3,14.02,11742.91
2100477,Alto Alegre do Pindaré,2025,26321,1884.3,13.97,11783.06
2100477,Alto Alegre do Pindaré,2026,26321,1884.3,13.97,11783.06
2100501,Alto Parnaíba,2008,10606,11173.3,0.95,9874.98
2100501,Alto Parnaíba,2009,10640,11173.3,0.95,12623.12
2100501,Alto Parnaíba,2010,10726,11173.3,0.96,12232.15
2100501,Alto Parnaíba,2011,10812,11173.3,0.97,14123.84
2100501,Alto Parnaíba,2012,10856,11173.3,0.97,19588.43
2100501,Alto Parnaíba,2013,10904,11173.3,0.98,22819.42
2100501,Alto Parnaíba,2014,10931,11173.3,0.98,26157.17
2100501,Alto Parnaíba,2015,10956,11173.3,0.98,28378.15
2100501,Alto Parnaíba,2016,10979,11173.3,0.98,16864.56
2100501,Alto Parnaíba,2017,11001,11173.3,0.98,26144.53
2100501,Alto Parnaíba,2018,11168,11173.3,1.0,31279.37
2100501,Alto Parnaíba,2019,11190,11173.3,1.0,30282.04
2100501,Alto Parnaíba,2020,11212,11173.3,1.0,43891.28
2100501,Alto Parnaíba,2021,11233,11173.3,1.01,51541.08
2100501,Alto Parnaíba,2022,11283,11173.3,1.01,69758.66
2100501,Alto Parnaíba,2023,11332,11173.3,1.01,50632.63
2100501,Alto Parnaíba,2024,11382,11173.3,1.02,50410.21
2100501,Alto Parnaíba,2025,11392,11173.3,1.02,50365.96
2100501,Alto Parnaíba,2026,11392,11173.3,1.02,50365.96
2100550,Amapá do Maranhão,2008,6361,504.7,12.6,2985.38
2100550,Amapá do Maranhão,2009,6451,504.7,12.78,3355.45
2100550,Amapá do Maranhão,2010,6480,504.7,12.84,3384.88
2100550,Amapá do Maranhão,2011,6508,504.7,12.89,3792.26
2100550,Amapá do Maranhão,2012,6583,504.7,13.04,4408.02
2100550,Amapá do Maranhão,2013,6669,504.7,13.21,4731.74
2100550,Amapá do Maranhão,2014,6731,504.7,13.34,5260.59
2100550,Amapá do Maranhão,2015,6789,504.7,13.45,5761.23
2100550,Amapá do Maranhão,2016,6844,504.7,13.56,7030.54
2100550,Amapá do Maranhão,2017,6895,504.7,13.66,7111.68
2100550,Amapá do Maranhão,2018,6918,504.7,13.71,7432.64
2100550,Amapá do Maranhão,2019,6962,504.7,13.79,7443.26
2100550,Amapá do Maranhão,2020,7005,504.7,13.88,7845.25
2100550,Amapá do Maranhão,2021,7047,504.7,13.96,9961.4
2100550,Amapá do Maranhão,2022,7153,504.7,14.17,10811.83
2100550,Amapá do Maranhão,2023,7258,504.7,14.38,13092.59
2100550,Amapá do Maranhão,2024,7364,504.7,14.59,12904.13
2100550,Amapá do Maranhão,2025,7380,504.7,14.62,12876.15
2100550,Amapá do Maranhão,2026,7380,504.7,14.62,12876.15
2100600,Amarante do Maranhão,2008,36850,7470.0,4.93,3214.9
2100600,Amarante do Maranhão,2009,37388,7470.0,5.01,3059.54
2100600,Amarante do Maranhão,2010,37920,7470.0,5.08,3416.27
2100600,Amarante do Maranhão,2011,38451,7470.0,5.15,3694.49
2100600,Amarante do Maranhão,2012,38953,7470.0,5.21,4392.76
2100600,Amarante do Maranhão,2013,39544,7470.0,5.29,4933.31
2100600,Amarante do Maranhão,2014,39974,7470.0,5.35,5626.03
2100600,Amarante do Maranhão,2015,40378,7470.0,5.41,6228.81
2100600,Amarante do Maranhão,2016,40756,7470.0,5.46,7012.24
2100600,Amarante do Maranhão,2017,41106,7470.0,5.5,6656.47
2100600,Amarante do Maranhão,2018,41136,7470.0,5.51,7625.19
2100600,Amarante do Maranhão,2019,41435,7470.0,5.55,7384.55
2100600,Amarante do Maranhão,2020,41729,7470.0,5.59,8032.9
2100600,Amarante do Maranhão,2021,42017,7470.0,5.62,9249.49
2100600,Amarante do Maranhão,2022,40789,7470.0,5.46,10667.88
2100600,Amarante do Maranhão,2023,39561,7470.0,5.3,12658.48
2100600,Amarante do Maranhão,2024,38333,7470.0,5.13,13063.99
2100600,Amarante do Maranhão,2025,38335,7470.0,5.13,13063.31
2100600,Amarante do Maranhão,2026,38335,7470.0,5.13,13063.31
2100709,Anajatuba,2008,24695,944.7,26.14,2797.12
2100709,Anajatuba,2009,25063,944.7,26.53,2946.53
2100709,Anajatuba,2010,25346,944.7,26.83,3252.39
2100709,Anajatuba,2011,25629,944.7,27.13,3857.51
2100709,Anajatuba,2012,25955,944.7,27.47,4243.85
2100709,Anajatuba,2013,26339,944.7,27.88,4856.03
2100709,Anajatuba,2014,26618,944.7,28.18,5325.12
2100709,Anajatuba,2015,26880,944.7,28.45,5543.53
2100709,Anajatuba,2016,27125,944.7,28.71,6432.81
2100709,Anajatuba,2017,27352,944.7,28.95,6469.36
2100709,Anajatuba,2018,26614,944.7,28.17,6670.06
2100709,Anajatuba,2019,26803,944.7,28.37,6541.81
2100709,Anajatuba,2020,26988,944.7,28.57,6786.76
2100709,Anajatuba,2021,27170,944.7,28.76,7641.0
2100709,Anajatuba,2022,26854,944.7,28.43,8793.55
2100709,Anajatuba,2023,26537,944.7,28.09,9625.77
2100709,Anajatuba,2024,26221,944.7,27.76,9741.77
2100709,Anajatuba,2025,26250,944.7,27.79,9731.01
2100709,Anajatuba,2026,26250,944.7,27.79,9731.01
2100808,Anapurus,2008,12990,611.7,21.24,6116.55
2100808,Anapurus,2009,13257,611.7,21.67,5550.5
2100808,Anapurus,2010,13738,611.7,22.46,5312.05
2100808,Anapurus,2011,14220,611.7,23.25,6797.05
2100808,Anapurus,2012,14492,611.7,23.69,5411.33
2100808,Anapurus,2013,14815,611.7,24.22,7226.26
2100808,Anapurus,2014,15057,611.7,24.62,8493.39
2100808,Anapurus,2015,15286,611.7,24.99,7165.31
2100808,Anapurus,2016,15499,611.7,25.34,8517.52
2100808,Anapurus,2017,15696,611.7,25.66,8657.87
2100808,Anapurus,2018,15566,611.7,25.45,8437.75
2100808,Anapurus,2019,15732,611.7,25.72,7659.04
2100808,Anapurus,2020,15894,611.7,25.98,8888.39
2100808,Anapurus,2021,16054,611.7,26.24,9287.53
2100808,Anapurus,2022,15406,611.7,25.19,11562.12
2100808,Anapurus,2023,14759,611.7,24.13,13064.1
2100808,Anapurus,2024,14111,611.7,23.07,13664.02
2100808,Anapurus,2025,14113,611.7,23.07,13662.08
2100808,Anapurus,2026,14113,611.7,23.07,13662.08
2100832,Apicum-Açu,2008,13641,342.6,39.82,2101.46
2100832,Apicum-Açu,2009,13890,342.6,40.54,2663.93
2100832,Apicum-Açu,2010,14573,342.6,42.54,2650.79
2100832,Apicum-Açu,2011,15256,342.6,44.53,3186.16
2100832,Apicum-Açu,2012,15542,342.6,45.36,3643.55
2100832,Apicum-Açu,2013,17474,342.6,51.0,4236.69
2100832,Apicum-Açu,2014,17712,342.6,51.7,4966.29
2100832,Apicum-Açu,2015,17948,342.6,52.39,5050.59
2100832,Apicum-Açu,2016,18169,342.6,53.03,5733.72
2100832,Apicum-Açu,2017,18374,342.6,53.63,5663.66
2100832,Apicum-Açu,2018,17063,342.6,49.8,6374.61
2100832,Apicum-Açu,2019,17239,342.6,50.32,6808.17
2100832,Apicum-Açu,2020,17413,342.6,50.83,7041.12
2100832,Apicum-Açu,2021,17582,342.6,51.32,7618.36
2100832,Apicum-Açu,2022,17716,342.6,51.71,8612.44
2100832,Apicum-Açu,2023,17850,342.6,52.1,9530.36
2100832,Apicum-Açu,2024,17984,342.6,52.49,9459.35
2100832,Apicum-Açu,2025,18033,342.6,52.64,9433.65
2100832,Apicum-Açu,2026,18033,342.6,52.64,9433.65
2100873,Araguanã,2008,10221,808.9,12.64,2486.35
2100873,Araguanã,2009,10325,808.9,12.76,2742.18
2100873,Araguanã,2010,10916,808.9,13.49,3296.35
2100873,Araguanã,2011,11508,808.9,14.23,3587.42
2100873,Araguanã,2012,14407,808.9,17.81,3098.08
2100873,Araguanã,2013,14658,808.9,18.12,3841.86
2100873,Araguanã,2014,14843,808.9,18.35,4188.17
2100873,Araguanã,2015,15018,808.9,18.57,4318.82
2100873,Araguanã,2016,15182,808.9,18.77,5125.87
2100873,Araguanã,2017,15332,808.9,18.95,5074.03
2100873,Araguanã,2018,15297,808.9,18.91,5298.75
2100873,Araguanã,2019,15426,808.9,19.07,5145.99
2100873,Araguanã,2020,15551,808.9,19.22,5836.02
2100873,Araguanã,2021,15675,808.9,19.38,6489.82
2100873,Araguanã,2022,14232,808.9,17.59,7882.8
2100873,Araguanã,2023,12790,808.9,15.81,10002.74
2100873,Araguanã,2024,11347,808.9,14.03,11274.79
2100873,Araguanã,2025,11297,808.9,13.97,11324.69
2100873,Araguanã,2026,11297,808.9,13.97,11324.69
2100907,Araioses,2008,38800,1797.8,21.58,2944.46
2100907,Araioses,2009,39166,1797.8,21.79,3739.7
2100907,Araioses,2010,41128,1797.8,22.88,3457.98
2100907,Araioses,2011,43089,1797.8,23.97,3866.04
2100907,Araioses,2012,43653,1797.8,24.28,3995.99
2100907,Araioses,2013,44317,1797.8,24.65,4264.8
2100907,Araioses,2014,44800,1797.8,24.92,4828.33
2100907,Araioses,2015,45255,1797.8,25.17,5182.76
2100907,Araioses,2016,45680,1797.8,25.41,5636.06
2100907,Araioses,2017,46074,1797.8,25.63,5841.43
2100907,Araioses,2018,46103,1797.8,25.64,5843.42
2100907,Araioses,2019,46440,1797.8,25.83,5803.55
2100907,Araioses,2020,46771,1797.8,26.02,5898.95
2100907,Araioses,2021,47095,1797.8,26.2,6004.23
2100907,Araioses,2022,44823,1797.8,24.93,6939.76
2100907,Araioses,2023,42550,1797.8,23.67,8256.73
2100907,Araioses,2024,40278,1797.8,22.4,8722.48
2100907,Araioses,2025,40231,1797.8,22.38,8732.67
2100907,Araioses,2026,40231,1797.8,22.38,8732.67
2100956,Arame,2008,27967,2989.1,9.36,3037.12
2100956,Arame,2009,27750,2989.1,9.28,3176.79
2100956,Arame,2010,29792,2989.1,9.97,3497.85
2100956,Arame,2011,31835,2989.1,10.65,4006.6
2100956,Arame,2012,31729,2989.1,10.61,4626.49
2100956,Arame,2013,31867,2989.1,10.66,5042.14
2100956,Arame,2014,31944,2989.1,10.69,5578.54
2100956,Arame,2015,32015,2989.1,10.71,5624.14
2100956,Arame,2016,32083,2989.1,10.73,6945.17
2100956,Arame,2017,32145,2989.1,10.75,6594.15
2100956,Arame,2018,32637,2989.1,10.92,7146.67
2100956,Arame,2019,32701,2989.1,10.94,7219.14
2100956,Arame,2020,32764,2989.1,10.96,7692.01
2100956,Arame,2021,32825,2989.1,10.98,8844.33
2100956,Arame,2022,30614,2989.1,10.24,9672.18
2100956,Arame,2023,28402,2989.1,9.5,11288.75
2100956,Arame,2024,26191,2989.1,8.76,12241.72
2100956,Arame,2025,26089,2989.1,8.73,12289.59
2100956,Arame,2026,26089,2989.1,8.73,12289.59
2101004,Arari,2008,28585,1105.1,25.87,3303.03
2101004,Arari,2009,28787,1105.1,26.05,3400.46
2101004,Arari,2010,28719,1105.1,25.99,3899.33
2101004,Arari,2011,28651,1105.1,25.93,5000.14
2101004,Arari,2012,28809,1105.1,26.07,5183.14
2101004,Arari,2013,28986,1105.1,26.23,5843.48
2101004,Arari,2014,29096,1105.1,26.33,6844.79
2101004,Arari,2015,29200,1105.1,26.42,7192.91
2101004,Arari,2016,29297,1105.1,26.51,8020.55
2101004,Arari,2017,29388,1105.1,26.59,7812.13
2101004,Arari,2018,29764,1105.1,26.93,8514.82
2101004,Arari,2019,29848,1105.1,27.01,8445.73
2101004,Arari,2020,29932,1105.1,27.09,9093.55
2101004,Arari,2021,30014,1105.1,27.16,10436.83
2101004,Arari,2022,30183,1105.1,27.31,12033.83
2101004,Arari,2023,30352,1105.1,27.47,13927.02
2101004,Arari,2024,30521,1105.1,27.62,13849.91
2101004,Arari,2025,30555,1105.1,27.65,13834.5
2101004,Arari,2026,30555,1105.1,27.65,13834.5
2101103,Axixá,2008,14743,161.1,91.51,1981.28
2101103,Axixá,2009,15203,161.1,94.37,2332.17
2101103,Axixá,2010,13354,161.1,82.89,2383.26
2101103,Axixá,2011,11505,161.1,71.42,3374.53
2101103,Axixá,2012,11599,161.1,72.0,3782.65
2101103,Axixá,2013,11706,161.1,72.66,4575.94
2101103,Axixá,2014,11780,161.1,73.12,4929.88
2101103,Axixá,2015,11850,161.1,73.56,5196.79
2101103,Axixá,2016,11915,161.1,73.96,5900.97
2101103,Axixá,2017,11975,161.1,74.33,5742.88
2101103,Axixá,2018,12076,161.1,74.96,6115.93
2101103,Axixá,2019,12130,161.1,75.29,6470.65
2101103,Axixá,2020,12183,161.1,75.62,6907.9
2101103,Axixá,2021,12234,161.1,75.94,7963.22
2101103,Axixá,2022,12182,161.1,75.62,8759.81
2101103,Axixá,2023,12131,161.1,75.3,9737.94
2101103,Axixá,2024,12079,161.1,74.98,9779.87
2101103,Axixá,2025,12091,161.1,75.05,9770.16
2101103,Axixá,2026,12091,161.1,75.05,9770.16
2101202,Bacabal,2008,97946,1664.2,58.85,5791.33
2101202,Bacabal,2009,98489,1664.2,59.18,6132.97
2101202,Bacabal,2010,99552,1664.2,59.82,6097.89
2101202,Bacabal,2011,100615,1664.2,60.46,6454.5
2101202,Bacabal,2012,101195,1664.2,60.81,7446.45
2101202,Bacabal,2013,101851,1664.2,61.2,8646.77
2101202,Bacabal,2014,102265,1664.2,61.45,10377.46
2101202,Bacabal,2015,102656,1664.2,61.68,9908.1
2101202,Bacabal,2016,103020,1664.2,61.9,10959.32
2101202,Bacabal,2017,103359,1664.2,62.11,10966.95
2101202,Bacabal,2018,104633,1664.2,62.87,11571.97
2101202,Bacabal,2019,104949,1664.2,63.06,11953.28
2101202,Bacabal,2020,104790,1664.2,62.97,12931.74
2101202,Bacabal,2021,105094,1664.2,63.15,14411.48
2101202,Bacabal,2022,105936,1664.2,63.66,16503.5
2101202,Bacabal,2023,106778,1664.2,64.16,17914.44
2101202,Bacabal,2024,107620,1664.2,64.67,17774.28
2101202,Bacabal,2025,107755,1664.2,64.75,17752.01
2101202,Bacabal,2026,107755,1664.2,64.75,17752.01
2101251,Bacabeira,2008,15115,545.4,27.71,11794.51
2101251,Bacabeira,2009,15574,545.4,28.56,6642.29
2101251,Bacabeira,2010,15419,545.4,28.27,10799.21
2101251,Bacabeira,2011,15264,545.4,27.99,19136.46
2101251,Bacabeira,2012,15591,545.4,28.59,18190.43
2101251,Bacabeira,2013,15982,545.4,29.3,16569.7
2101251,Bacabeira,2014,16276,545.4,29.84,23545.83
2101251,Bacabeira,2015,16553,545.4,30.35,16995.83
2101251,Bacabeira,2016,16812,545.4,30.83,20509.22
2101251,Bacabeira,2017,17053,545.4,31.27,19901.19
2101251,Bacabeira,2018,16855,545.4,30.9,18203.32
2101251,Bacabeira,2019,17055,545.4,31.27,14874.35
2101251,Bacabeira,2020,17252,545.4,31.63,20412.59
2101251,Bacabeira,2021,17446,545.4,31.99,34350.85
2101251,Bacabeira,2022,17435,545.4,31.97,25830.51
2101251,Bacabeira,2023,17425,545.4,31.95,26756.15
2101251,Bacabeira,2024,17414,545.4,31.93,26773.06
2101251,Bacabeira,2025,17459,545.4,32.01,26704.05
2101251,Bacabeira,2026,17459,545.4,32.01,26704.05
2101301,Bacuri,2008,16500,854.3,19.31,2180.85
2101301,Bacuri,2009,16585,854.3,19.41,2519.32
2101301,Bacuri,2010,16636,854.3,19.47,2609.1
2101301,Bacuri,2011,16687,854.3,19.53,3137.77
2101301,Bacuri,2012,17437,854.3,20.41,3548.66
2101301,Bacuri,2013,17164,854.3,20.09,4492.37
2101301,Bacuri,2014,17280,854.3,20.23,4967.3
2101301,Bacuri,2015,17335,854.3,20.29,4892.88
2101301,Bacuri,2016,17388,854.3,20.35,5223.31
2101301,Bacuri,2017,17435,854.3,20.41,5537.6
2101301,Bacuri,2018,18508,854.3,21.66,5309.65
2101301,Bacuri,2019,18582,854.3,21.75,5811.32
2101301,Bacuri,2020,18654,854.3,21.84,5984.35
2101301,Bacuri,2021,18726,854.3,21.92,6561.57
2101301,Bacuri,2022,18021,854.3,21.09,7688.59
2101301,Bacuri,2023,17315,854.3,20.27,9030.49
2101301,Bacuri,2024,16610,854.3,19.44,9413.79
2101301,Bacuri,2025,16591,854.3,19.42,9424.57
2101301,Bacuri,2026,16591,854.3,19.42,9424.57
2101350,Bacurituba,2008,5597,415.5,13.47,2260.14
2101350,Bacurituba,2009,5687,415.5,13.69,2617.02
2101350,Bacurituba,2010,5514,415.5,13.27,2817.92
2101350,Bacurituba,2011,5341,415.5,12.85,4252.2
2101350,Bacurituba,2012,5387,415.5,12.97,4451.09
2101350,Bacurituba,2013,5440,415.5,13.09,4124.63
2101350,Bacurituba,2014,5477,415.5,13.18,4973.71
2101350,Bacurituba,2015,5511,415.5,13.26,5200.69
2101350,Bacurituba,2016,5544,415.5,13.34,6092.35
2101350,Bacurituba,2017,5574,415.5,13.42,6297.27
2101350,Bacurituba,2018,5617,415.5,13.52,6242.66
2101350,Bacurituba,2019,5644,415.5,13.58,6299.26
2101350,Bacurituba,2020,5670,415.5,13.65,6738.1
2101350,Bacurituba,2021,5696,415.5,13.71,6950.49
2101350,Bacurituba,2022,5589,415.5,13.45,8137.41
2101350,Bacurituba,2023,5481,415.5,13.19,9512.5
2101350,Bacurituba,2024,5374,415.5,12.93,9701.9
2101350,Bacurituba,2025,5375,415.5,12.94,9700.09
2101350,Bacurituba,2026,5375,415.5,12.94,9700.09
2101400,Balsas,2008,81497,13189.9,6.18,15831.37
2101400,Balsas,2009,83617,13189.9,6.34,16888.47
2101400,Balsas,2010,84470,13189.9,6.4,17033.38
2101400,Balsas,2011,85322,13189.9,6.47,18034.08
2101400,Balsas,2012,87057,13189.9,6.6,23928.97
2101400,Balsas,2013,89126,13189.9,6.76,28339.08
2101400,Balsas,2014,90679,13189.9,6.87,32135.37
2101400,Balsas,2015,92144,13189.9,6.99,28518.92
2101400,Balsas,2016,93511,13189.9,7.09,25529.27
2101400,Balsas,2017,94779,13189.9,7.19,32137.37
2101400,Balsas,2018,93826,13189.9,7.11,37233.65
2101400,Balsas,2019,94887,13189.9,7.19,36818.22
2101400,Balsas,2020,95929,13189.9,7.27,49746.0
2101400,Balsas,2021,96951,13189.9,7.35,65057.86
2101400,Balsas,2022,99999,13189.9,7.58,80104.88
2101400,Balsas,2023,103046,13189.9,7.81,73072.2
2101400,Balsas,2024,106094,13189.9,8.04,70972.89
2101400,Balsas,2025,105974,13189.9,8.03,71053.26
2101400,Balsas,2026,105974,13189.9,8.03,71053.26
2101509,Barão de Grajaú,2008,17069,2218.7,7.69,3695.76
2101509,Barão de Grajaú,2009,17231,2218.7,7.77,4436.65
2101509,Barão de Grajaú,2010,17456,2218.7,7.87,4619.96
2101509,Barão de Grajaú,2011,17681,2218.7,7.97,5438.38
2101509,Barão de Grajaú,2012,17862,2218.7,8.05,6221.59
2101509,Barão de Grajaú,2013,18074,2218.7,8.15,7225.68
2101509,Barão de Grajaú,2014,18223,2218.7,8.21,9107.06
2101509,Barão de Grajaú,2015,18365,2218.7,8.28,10362.48
2101509,Barão de Grajaú,2016,18496,2218.7,8.34,12487.29
2101509,Barão de Grajaú,2017,18619,2218.7,8.39,11281.27
2101509,Barão de Grajaú,2018,18714,2218.7,8.43,11006.84
2101509,Barão de Grajaú,2019,18820,2218.7,8.48,10817.75
2101509,Barão de Grajaú,2020,18924,2218.7,8.53,11846.17
2101509,Barão de Grajaú,2021,19026,2218.7,8.58,14114.26
2101509,Barão de Grajaú,2022,19170,2218.7,8.64,15324.36
2101509,Barão de Grajaú,2023,19314,2218.7,8.71,16045.87
2101509,Barão de Grajaú,2024,19458,2218.7,8.77,15927.13
2101509,Barão de Grajaú,2025,19493,2218.7,8.79,15898.53
2101509,Barão de Grajaú,2026,19493,2218.7,8.79,15898.53
2101608,Barra do Corda,2008,81027,5211.5,15.55,3687.45
2101608,Barra do Corda,2009,81329,5211.5,15.61,3840.33
2101608,Barra do Corda,2010,82392,5211.5,15.81,3759.95
2101608,Barra do Corda,2011,83454,5211.5,16.01,4570.9
2101608,Barra do Corda,2012,84180,5211.5,16.15,5271.34
2101608,Barra do Corda,2013,85022,5211.5,16.31,5833.28
2101608,Barra do Corda,2014,85603,5211.5,16.43,6743.08
2101608,Barra do Corda,2015,86151,5211.5,16.53,6397.01
2101608,Barra do Corda,2016,86662,5211.5,16.63,6954.33
2101608,Barra do Corda,2017,87135,5211.5,16.72,7451.07
2101608,Barra do Corda,2018,87794,5211.5,16.85,8226.8
2101608,Barra do Corda,2019,88212,5211.5,16.93,8052.71
2101608,Barra do Corda,2020,88492,5211.5,16.98,8403.51
2101608,Barra do Corda,2021,88895,5211.5,17.06,10002.7
2101608,Barra do Corda,2022,88487,5211.5,16.98,11690.18
2101608,Barra do Corda,2023,88080,5211.5,16.9,13146.34
2101608,Barra do Corda,2024,87672,5211.5,16.82,13207.52
2101608,Barra do Corda,2025,87757,5211.5,16.84,13194.73
2101608,Barra do Corda,2026,87757,5211.5,16.84,13194.73
2101707,Barreirinhas,2008,49398,3059.9,16.14,3418.56
2101707,Barreirinhas,2009,50354,3059.9,16.46,3715.36
2101707,Barreirinhas,2010,53238,3059.9,17.4,3694.82
2101707,Barreirinhas,2011,56123,3059.9,18.34,4271.01
2101707,Barreirinhas,2012,58083,3059.9,18.98,4655.79
2101707,Barreirinhas,2013,58599,3059.9,19.15,5409.68
2101707,Barreirinhas,2014,59623,3059.9,19.49,6331.68
2101707,Barreirinhas,2015,60588,3059.9,19.8,6431.9
2101707,Barreirinhas,2016,61621,3059.9,20.14,7171.74
2101707,Barreirinhas,2017,62458,3059.9,20.41,7330.3
2101707,Barreirinhas,2018,61828,3059.9,20.21,7840.57
2101707,Barreirinhas,2019,62528,3059.9,20.43,7697.42
2101707,Barreirinhas,2020,63217,3059.9,20.66,7947.31
2101707,Barreirinhas,2021,63891,3059.9,20.88,9949.93
2101707,Barreirinhas,2022,65260,3059.9,21.33,11545.45
2101707,Barreirinhas,2023,66630,3059.9,21.78,12258.58
2101707,Barreirinhas,2024,67999,3059.9,22.22,12011.78
2101707,Barreirinhas,2025,68234,3059.9,22.3,11970.41
2101707,Barreirinhas,2026,68234,3059.9,22.3,11970.41
2101731,Belágua,2008,5892,572.1,10.3,3619.65
2101731,Belágua,2009,5953,572.1,10.41,3246.93
2101731,Belágua,2010,6288,572.1,10.99,3267.02
2101731,Belágua,2011,6622,572.1,11.57,5129.42
2101731,Belágua,2012,6986,572.1,12.21,4188.52
2101731,Belágua,2013,7105,572.1,12.42,3971.15
2101731,Belágua,2014,7191,572.1,12.57,4949.1
2101731,Belágua,2015,7273,572.1,12.71,4927.82
2101731,Belágua,2016,7350,572.1,12.85,5736.87
2101731,Belágua,2017,7422,572.1,12.97,6411.75
2101731,Belágua,2018,7409,572.1,12.95,6256.71
2101731,Belágua,2019,7469,572.1,13.06,6291.74
2101731,Belágua,2020,7528,572.1,13.16,7708.02
2101731,Belágua,2021,7586,572.1,13.26,8003.03
2101731,Belágua,2022,7963,572.1,13.92,11512.24
2101731,Belágua,2023,8339,572.1,14.58,12095.34
2101731,Belágua,2024,8716,572.1,15.24,11572.17
2101731,Belágua,2025,8751,572.1,15.3,11525.88
2101731,Belágua,2026,8751,572.1,15.3,11525.88
2101772,Bela Vista do Maranhão,2008,8850,148.6,59.56,3256.5
2101772,Bela Vista do Maranhão,2009,8855,148.6,59.59,3388.37
2101772,Bela Vista do Maranhão,2010,10524,148.6,70.82,3913.53
2101772,Bela Vista do Maranhão,2011,12194,148.6,82.06,3415.61
2101772,Bela Vista do Maranhão,2012,12335,148.6,83.01,3705.72
2101772,Bela Vista do Maranhão,2013,10717,148.6,72.12,4859.38
2101772,Bela Vista do Maranhão,2014,10836,148.6,72.92,5765.97
2101772,Bela Vista do Maranhão,2015,10931,148.6,73.56,5481.02
2101772,Bela Vista do Maranhão,2016,11020,148.6,74.16,6861.52
2101772,Bela Vista do Maranhão,2017,11103,148.6,74.72,7174.01
2101772,Bela Vista do Maranhão,2018,11138,148.6,74.95,7594.63
2101772,Bela Vista do Maranhão,2019,11209,148.6,75.43,7345.88
2101772,Bela Vista do Maranhão,2020,11279,148.6,75.9,7566.81
2101772,Bela Vista do Maranhão,2021,11347,148.6,76.36,9477.66
2101772,Bela Vista do Maranhão,2022,11589,148.6,77.99,10755.98
2101772,Bela Vista do Maranhão,2023,11831,148.6,79.62,11276.65
2101772,Bela Vista do Maranhão,2024,12073,148.6,81.24,11050.61
2101772,Bela Vista do Maranhão,2025,12104,148.6,81.45,11022.31
2101772,Bela Vista do Maranhão,2026,12104,148.6,81.45,11022.31
2101806,Benedito Leite,2008,5545,1792.4,3.09,3564.11
2101806,Benedito Leite,2009,5567,1792.4,3.11,2986.17
2101806,Benedito Leite,2010,5525,1792.4,3.08,3417.38
2101806,Benedito Leite,2011,5483,1792.4,3.06,3826.01
2101806,Benedito Leite,2012,5497,1792.4,3.07,3889.39
2101806,Benedito Leite,2013,5510,1792.4,3.07,4660.07
2101806,Benedito Leite,2014,5515,1792.4,3.08,5195.29
2101806,Benedito Leite,2015,5519,1792.4,3.08,6239.9
2101806,Benedito Leite,2016,5524,1792.4,3.08,6475.56
2101806,Benedito Leite,2017,5528,1792.4,3.08,7186.69
2101806,Benedito Leite,2018,5627,1792.4,3.14,7603.52
2101806,Benedito Leite,2019,5632,1792.4,3.14,7549.54
2101806,Benedito Leite,2020,5638,1792.4,3.15,10442.0
2101806,Benedito Leite,2021,5643,1792.4,3.15,12962.96
2101806,Benedito Leite,2022,5628,1792.4,3.14,16996.27
2101806,Benedito Leite,2023,5612,1792.4,3.13,16830.72
2101806,Benedito Leite,2024,5597,1792.4,3.12,16875.83
2101806,Benedito Leite,2025,5599,1792.4,3.12,16869.8
2101806,Benedito Leite,2026,5599,1792.4,3.12,16869.8
2101905,Bequimão,2008,21356,793.7,26.91,2334.38
2101905,Bequimão,2009,21508,793.7,27.1,2599.13
2101905,Bequimão,2010,21116,793.7,26.6,2663.71
2101905,Bequimão,2011,20725,793.7,26.11,3351.31
2101905,Bequimão,2012,20773,793.7,26.17,3348.96
2101905,Bequimão,2013,20821,793.7,26.23,3671.63
2101905,Bequimão,2014,20837,793.7,26.25,4061.53
2101905,Bequimão,2015,20853,793.7,26.27,4739.8
2101905,Bequimão,2016,20867,793.7,26.29,5349.93
2101905,Bequimão,2017,20881,793.7,26.31,5700.21
2101905,Bequimão,2018,21260,793.7,26.79,6071.73
2101905,Bequimão,2019,21280,793.7,26.81,5763.35
2101905,Bequimão,2020,21299,793.7,26.84,6266.54
2101905,Bequimão,2021,21317,793.7,26.86,6479.05
2101905,Bequimão,2022,20872,793.7,26.3,7606.27
2101905,Bequimão,2023,20428,793.7,25.74,8134.57
2101905,Bequimão,2024,19983,793.7,25.18,8315.72
2101905,Bequimão,2025,19968,793.7,25.16,8321.97
2101905,Bequimão,2026,19968,793.7,25.16,8321.97
2101939,Bernardo do Mearim,2008,6160,248.2,24.82,3519.32
2101939,Bernardo do Mearim,2009,6249,248.2,25.18,3791.97
2101939,Bernardo do Mearim,2010,6152,248.2,24.79,4257.15
2101939,Bernardo do Mearim,2011,6055,248.2,24.4,5098.1
2101939,Bernardo do Mearim,2012,6111,248.2,24.62,5407.95
2101939,Bernardo do Mearim,2013,6176,248.2,24.88,6330.8
2101939,Bernardo do Mearim,2014,5860,248.2,23.61,7840.27
2101939,Bernardo do Mearim,2015,5900,248.2,23.77,7678.14
2101939,Bernardo do Mearim,2016,5938,248.2,23.92,8390.03
2101939,Bernardo do Mearim,2017,5973,248.2,24.07,8231.21
2101939,Bernardo do Mearim,2018,6011,248.2,24.22,8210.61
2101939,Bernardo do Mearim,2019,6043,248.2,24.35,8461.53
2101939,Bernardo do Mearim,2020,6073,248.2,24.47,8938.91
2101939,Bernardo do Mearim,2021,6102,248.2,24.59,17226.16
2101939,Bernardo do Mearim,2022,6062,248.2,24.42,17375.29
2101939,Bernardo do Mearim,2023,6023,248.2,24.27,45843.93
2101939,Bernardo do Mearim,2024,5983,248.2,24.11,46150.43
2101939,Bernardo do Mearim,2025,5989,248.2,24.13,46104.19
2101939,Bernardo do Mearim,2026,5989,248.2,24.13,46104.19
2101970,Boa Vista do Gurupi,2008,7643,402.1,19.01,2762.0
2101970,Boa Vista do Gurupi,2009,7895,402.1,19.63,3112.98
2101970,Boa Vista do Gurupi,2010,8030,402.1,19.97,3476.21
2101970,Boa Vista do Gurupi,2011,8166,402.1,20.31,3902.52
2101970,Boa Vista do Gurupi,2012,8375,402.1,20.83,4270.81
2101970,Boa Vista do Gurupi,2013,8626,402.1,21.45,4412.36
2101970,Boa Vista do Gurupi,2014,8816,402.1,21.92,5341.76
2101970,Boa Vista do Gurupi,2015,8996,402.1,22.37,6137.28
2101970,Boa Vista do Gurupi,2016,9164,402.1,22.79,6131.49
2101970,Boa Vista do Gurupi,2017,9320,402.1,23.18,6594.1
2101970,Boa Vista do Gurupi,2018,9158,402.1,22.78,6846.58
2101970,Boa Vista do Gurupi,2019,9287,402.1,23.1,6410.25
2101970,Boa Vista do Gurupi,2020,8382,402.1,20.85,7169.65
2101970,Boa Vista do Gurupi,2021,8494,402.1,21.12,7951.5
2101970,Boa Vista do Gurupi,2022,8252,402.1,20.52,9764.18
2101970,Boa Vista do Gurupi,2023,8011,402.1,19.92,11647.98
2101970,Boa Vista do Gurupi,2024,7769,402.1,19.32,12010.81
2101970,Boa Vista do Gurupi,2025,7781,402.1,19.35,11992.29
2101970,Boa Vista do Gurupi,2026,7781,402.1,19.35,11992.29
2102002,Bom Jardim,2008,38813,6618.1,5.86,3401.03
2102002,Bom Jardim,2009,39224,6618.1,5.93,3540.1
2102002,Bom Jardim,2010,39312,6618.1,5.94,3985.04
2102002,Bom Jardim,2011,39401,6618.1,5.95,4541.13
2102002,Bom Jardim,2012,39740,6618.1,6.0,4623.23
2102002,Bom Jardim,2013,40134,6618.1,6.06,5473.46
2102002,Bom Jardim,2014,40405,6618.1,6.11,5980.92
2102002,Bom Jardim,2015,40660,6618.1,6.14,6008.29
2102002,Bom Jardim,2016,40898,6618.1,6.18,6821.48
2102002,Bom Jardim,2017,41120,6618.1,6.21,7359.63
2102002,Bom Jardim,2018,41435,6618.1,6.26,7596.79
2102002,Bom Jardim,2019,41630,6618.1,6.29,7628.32
2102002,Bom Jardim,2020,41822,6618.1,6.32,8118.26
2102002,Bom Jardim,2021,42010,6618.1,6.35,9791.76
2102002,Bom Jardim,2022,39352,6618.1,5.95,12760.44
2102002,Bom Jardim,2023,36693,6618.1,5.54,15564.3
2102002,Bom Jardim,2024,34035,6618.1,5.14,16779.81
2102002,Bom Jardim,2025,33936,6618.1,5.13,16828.77
2102002,Bom Jardim,2026,33936,6618.1,5.13,16828.77
2102036,Bom Jesus das Selvas,2008,24661,2689.1,9.17,3843.52
2102036,Bom Jesus das Selvas,2009,25473,2689.1,9.47,3927.33
2102036,Bom Jesus das Selvas,2010,27424,2689.1,10.2,4505.07
2102036,Bom Jesus das Selvas,2011,29374,2689.1,10.92,5119.15
2102036,Bom Jesus das Selvas,2012,30259,2689.1,11.25,5910.97
2102036,Bom Jesus das Selvas,2013,31320,2689.1,11.65,6602.08
2102036,Bom Jesus das Selvas,2014,32133,2689.1,11.95,7074.94
2102036,Bom Jesus das Selvas,2015,32900,2689.1,12.23,7130.52
2102036,Bom Jesus das Selvas,2016,33615,2689.1,12.5,7548.12
2102036,Bom Jesus das Selvas,2017,34278,2689.1,12.75,7642.19
2102036,Bom Jesus das Selvas,2018,33479,2689.1,12.45,8652.41
2102036,Bom Jesus das Selvas,2019,34028,2689.1,12.65,8162.04
2102036,Bom Jesus das Selvas,2020,34567,2689.1,12.85,9512.37
2102036,Bom Jesus das Selvas,2021,35095,2689.1,13.05,10704.23
2102036,Bom Jesus das Selvas,2022,33259,2689.1,12.37,12780.42
2102036,Bom Jesus das Selvas,2023,31424,2689.1,11.69,14535.58
2102036,Bom Jesus das Selvas,2024,29588,2689.1,11.0,15437.54
2102036,Bom Jesus das Selvas,2025,29606,2689.1,11.01,15428.16
2102036,Bom Jesus das Selvas,2026,29606,2689.1,11.01,15428.16
2102077,Bom Lugar,2008,13222,447.3,29.56,3617.08
2102077,Bom Lugar,2009,13384,447.3,29.92,3219.14
2102077,Bom Lugar,2010,14228,447.3,31.81,3292.1
2102077,Bom Lugar,2011,15071,447.3,33.69,3531.68
2102077,Bom Lugar,2012,15314,447.3,34.24,3995.17
2102077,Bom Lugar,2013,15604,447.3,34.88,4210.52
2102077,Bom Lugar,2014,15655,447.3,35.0,4679.02
2102077,Bom Lugar,2015,15855,447.3,35.45,5037.34
2102077,Bom Lugar,2016,16041,447.3,35.86,5431.08
2102077,Bom Lugar,2017,16214,447.3,36.25,5297.09
2102077,Bom Lugar,2018,16148,447.3,36.1,5555.12
2102077,Bom Lugar,2019,16294,447.3,36.43,5743.77
2102077,Bom Lugar,2020,16438,447.3,36.75,6240.91
2102077,Bom Lugar,2021,16578,447.3,37.06,7115.45
2102077,Bom Lugar,2022,15190,447.3,33.96,8477.35
2102077,Bom Lugar,2023,13802,447.3,30.86,10799.59
2102077,Bom Lugar,2024,12414,447.3,27.75,12007.09
2102077,Bom Lugar,2025,12371,447.3,27.66,12048.82
2102077,Bom Lugar,2026,12371,447.3,27.66,12048.82
2102101,Brejo,2008,32018,1078.1,29.7,4508.0
2102101,Brejo,2009,32453,1078.1,30.1,4358.61
2102101,Brejo,2010,33130,1078.1,30.73,4059.76
2102101,Brejo,2011,33808,1078.1,31.36,4991.51
2102101,Brejo,2012,34242,1078.1,31.76,5008.79
2102101,Brejo,2013,34754,1078.1,32.24,6329.69
2102101,Brejo,2014,35124,1078.1,32.58,7213.59
2102101,Brejo,2015,35473,1078.1,32.9,6239.11
2102101,Brejo,2016,35799,1078.1,33.21,6328.75
2102101,Brejo,2017,36102,1078.1,33.49,7590.27
2102101,Brejo,2018,36139,1078.1,33.52,8071.89
2102101,Brejo,2019,36397,1078.1,33.76,7001.43
2102101,Brejo,2020,36651,1078.1,34.0,9083.44
2102101,Brejo,2021,36900,1078.1,34.23,8906.04
2102101,Brejo,2022,36374,1078.1,33.74,10622.23
2102101,Brejo,2023,35848,1078.1,33.25,11895.75
2102101,Brejo,2024,35322,1078.1,32.76,12072.9
2102101,Brejo,2025,35354,1078.1,32.79,12061.97
2102101,Brejo,2026,35354,1078.1,32.79,12061.97
2102150,Brejo de Areia,2008,5896,990.3,5.95,7915.88
2102150,Brejo de Areia,2009,5505,990.3,5.56,5849.95
2102150,Brejo de Areia,2010,5385,990.3,5.44,7176.04
2102150,Brejo de Areia,2011,5265,990.3,5.32,8263.82
2102150,Brejo de Areia,2012,4962,990.3,5.01,7710.2
2102150,Brejo de Areia,2013,4591,990.3,4.64,9618.82
2102150,Brejo de Areia,2014,4291,990.3,4.33,10327.43
2102150,Brejo de Areia,2015,9166,990.3,9.26,5772.97
2102150,Brejo de Areia,2016,10444,990.3,10.55,5981.42
2102150,Brejo de Areia,2017,8696,990.3,8.78,5984.25
2102150,Brejo de Areia,2018,9367,990.3,9.46,6072.38
2102150,Brejo de Areia,2019,9188,990.3,9.28,6828.8
2102150,Brejo de Areia,2020,9014,990.3,9.1,6996.89
2102150,Brejo de Areia,2021,8841,990.3,8.93,8038.12
2102150,Brejo de Areia,2022,9023,990.3,9.11,9088.44
2102150,Brejo de Areia,2023,9205,990.3,9.3,9786.96
2102150,Brejo de Areia,2024,9387,990.3,9.48,9597.21
2102150,Brejo de Areia,2025,9363,990.3,9.45,9621.81
2102150,Brejo de Areia,2026,9363,990.3,9.45,9621.81
2102200,Buriti,2008,26029,1482.3,17.56,5640.29
2102200,Buriti,2009,26202,1482.3,17.68,3967.06
2102200,Buriti,2010,26718,1482.3,18.02,3410.88
2102200,Buriti,2011,27235,1482.3,18.37,4644.24
2102200,Buriti,2012,27449,1482.3,18.52,4331.96
2102200,Buriti,2013,27697,1482.3,18.69,4703.76
2102200,Buriti,2014,27864,1482.3,18.8,5534.74
2102200,Buriti,2015,28022,1482.3,18.9,5480.37
2102200,Buriti,2016,28170,1482.3,19.0,5828.4
2102200,Buriti,2017,28306,1482.3,19.1,6625.56
2102200,Buriti,2018,28557,1482.3,19.27,7078.09
2102200,Buriti,2019,28678,1482.3,19.35,6674.04
2102200,Buriti,2020,28798,1482.3,19.43,8277.8
2102200,Buriti,2021,28916,1482.3,19.51,9611.25
2102200,Buriti,2022,29544,1482.3,19.93,10739.98
2102200,Buriti,2023,30171,1482.3,20.35,11021.51
2102200,Buriti,2024,30799,1482.3,20.78,10796.78
2102200,Buriti,2025,30866,1482.3,20.82,10773.34
2102200,Buriti,2026,30866,1482.3,20.82,10773.34
2102309,Buriti Bravo,2008,22941,1589.7,14.43,2575.21
2102309,Buriti Bravo,2009,23074,1589.7,14.51,2954.15
2102309,Buriti Bravo,2010,23042,1589.7,14.49,3040.49
2102309,Buriti Bravo,2011,23011,1589.7,14.48,3440.18
2102309,Buriti Bravo,2012,23119,1589.7,14.54,3770.92
2102309,Buriti Bravo,2013,23238,1589.7,14.62,4210.9
2102309,Buriti Bravo,2014,23308,1589.7,14.66,5226.49
2102309,Buriti Bravo,2015,23375,1589.7,14.7,5562.91
2102309,Buriti Bravo,2016,23437,1589.7,14.74,6511.63
2102309,Buriti Bravo,2017,23495,1589.7,14.78,6545.69
2102309,Buriti Bravo,2018,23827,1589.7,14.99,7100.01
2102309,Buriti Bravo,2019,23884,1589.7,15.02,7237.94
2102309,Buriti Bravo,2020,23939,1589.7,15.06,7894.77
2102309,Buriti Bravo,2021,23993,1589.7,15.09,9947.61
2102309,Buriti Bravo,2022,23642,1589.7,14.87,12814.23
2102309,Buriti Bravo,2023,23291,1589.7,14.65,13280.97
2102309,Buriti Bravo,2024,22940,1589.7,14.43,13484.18
2102309,Buriti Bravo,2025,22938,1589.7,14.43,13485.35
2102309,Buriti Bravo,2026,22938,1589.7,14.43,13485.35
2102325,Buriticupu,2008,63466,2556.5,24.83,3265.54
2102325,Buriticupu,2009,64685,2556.5,25.3,3463.42
2102325,Buriticupu,2010,65506,2556.5,25.62,3739.84
2102325,Buriticupu,2011,66326,2556.5,25.94,4652.55
2102325,Buriticupu,2012,67378,2556.5,26.36,5124.19
2102325,Buriticupu,2013,68626,2556.5,26.84,5628.79
2102325,Buriticupu,2014,69548,2556.5,27.2,6245.54
2102325,Buriticupu,2015,70417,2556.5,27.54,6724.78
2102325,Buriticupu,2016,71227,2556.5,27.86,6897.17
2102325,Buriticupu,2017,71979,2556.5,28.16,6893.14
2102325,Buriticupu,2018,71723,2556.5,28.06,7809.6
2102325,Buriticupu,2019,72358,2556.5,28.3,7560.16
2102325,Buriticupu,2020,72983,2556.5,28.55,9166.68
2102325,Buriticupu,2021,73595,2556.5,28.79,10164.11
2102325,Buriticupu,2022,68029,2556.5,26.61,14628.09
2102325,Buriticupu,2023,62462,2556.5,24.43,16143.86
2102325,Buriticupu,2024,56896,2556.5,22.26,17723.18
2102325,Buriticupu,2025,56733,2556.5,22.19,17774.1
2102325,Buriticupu,2026,56733,2556.5,22.19,17774.1
2102358,Buritirana,2008,15005,824.5,18.2,2691.57
2102358,Buritirana,2009,15051,824.5,18.25,2820.61
2102358,Buritirana,2010,14954,824.5,18.14,3007.22
2102358,Buritirana,2011,14858,824.5,18.02,3377.1
2102358,Buritirana,2012,14930,824.5,18.11,3449.43
2102358,Buritirana,2013,15008,824.5,18.2,4278.65
2102358,Buritirana,2014,15055,824.5,18.26,4648.62
2102358,Buritirana,2015,15100,824.5,18.31,5023.11
2102358,Buritirana,2016,15142,824.5,18.37,6067.16
2102358,Buritirana,2017,15180,824.5,18.41,5890.51
2102358,Buritirana,2018,15393,824.5,18.67,6446.89
2102358,Buritirana,2019,15430,824.5,18.71,6217.56
2102358,Buritirana,2020,15467,824.5,18.76,7360.77
2102358,Buritirana,2021,15503,824.5,18.8,7900.02
2102358,Buritirana,2022,14721,824.5,17.85,9485.02
2102358,Buritirana,2023,13939,824.5,16.91,11229.21
2102358,Buritirana,2024,13157,824.5,15.96,11896.63
2102358,Buritirana,2025,13125,824.5,15.92,11925.64
2102358,Buritirana,2026,13125,824.5,15.92,11925.64
2102374,Cachoeira Grande,2008,9116,710.5,12.83,2222.8
2102374,Cachoeira Grande,2009,9286,710.5,13.07,2496.55
2102374,Cachoeira Grande,2010,8907,710.5,12.54,2835.97
2102374,Cachoeira Grande,2011,8528,710.5,12.0,3505.39
2102374,Cachoeira Grande,2012,8607,710.5,12.11,3804.81
2102374,Cachoeira Grande,2013,8698,710.5,12.24,4298.46
2102374,Cachoeira Grande,2014,8762,710.5,12.33,5271.06
2102374,Cachoeira Grande,2015,8822,710.5,12.42,5614.49
2102374,Cachoeira Grande,2016,8878,710.5,12.5,6352.44
2102374,Cachoeira Grande,2017,8930,710.5,12.57,6381.86
2102374,Cachoeira Grande,2018,9382,710.5,13.2,5866.23
2102374,Cachoeira Grande,2019,9431,710.5,13.27,5916.66
2102374,Cachoeira Grande,2020,9478,710.5,13.34,6006.22
2102374,Cachoeira Grande,2021,9524,710.5,13.4,6402.14
2102374,Cachoeira Grande,2022,9684,710.5,13.63,7827.55
2102374,Cachoeira Grande,2023,9844,710.5,13.86,8639.07
2102374,Cachoeira Grande,2024,10004,710.5,14.08,8500.9
2102374,Cachoeira Grande,2025,10032,710.5,14.12,8477.17
2102374,Cachoeira Grande,2026,10032,710.5,14.12,8477.17
2102408,Cajapió,2008,10279,547.6,18.77,1705.13
2102408,Cajapió,2009,10337,547.6,18.88,2219.31
2102408,Cajapió,2010,10502,547.6,19.18,2662.25
2102408,Cajapió,2011,10668,547.6,19.48,3193.94
2102408,Cajapió,2012,10740,547.6,19.61,3284.45
2102408,Cajapió,2013,10822,547.6,19.76,3626.5
2102408,Cajapió,2014,10876,547.6,19.86,3769.22
2102408,Cajapió,2015,10927,547.6,19.95,4020.59
2102408,Cajapió,2016,10975,547.6,20.04,4649.66
2102408,Cajapió,2017,11019,547.6,20.12,4834.29
2102408,Cajapió,2018,11136,547.6,20.34,4960.4
2102408,Cajapió,2019,11177,547.6,20.41,5318.24
2102408,Cajapió,2020,11216,547.6,20.48,5611.8
2102408,Cajapió,2021,11255,547.6,20.55,6277.48
2102408,Cajapió,2022,10951,547.6,20.0,6739.57
2102408,Cajapió,2023,10646,547.6,19.44,7681.29
2102408,Cajapió,2024,10342,547.6,18.89,7907.08
2102408,Cajapió,2025,10336,547.6,18.88,7911.67
2102408,Cajapió,2026,10336,547.6,18.88,7911.67
2102507,Cajari,2008,13203,665.0,19.85,2820.72
2102507,Cajari,2009,13170,665.0,19.8,3137.97
2102507,Cajari,2010,15822,665.0,23.79,3238.09
2102507,Cajari,2011,18473,665.0,27.78,3516.27
2102507,Cajari,2012,18603,665.0,27.97,3792.78
2102507,Cajari,2013,18751,665.0,28.2,4066.34
2102507,Cajari,2014,18850,665.0,28.35,4442.71
2102507,Cajari,2015,18943,665.0,28.49,4717.31
2102507,Cajari,2016,19030,665.0,28.62,5169.57
2102507,Cajari,2017,19110,665.0,28.74,5177.92
2102507,Cajari,2018,19307,665.0,29.03,5341.02
2102507,Cajari,2019,19379,665.0,29.14,5637.39
2102507,Cajari,2020,19451,665.0,29.25,5791.89
2102507,Cajari,2021,19521,665.0,29.35,6561.04
2102507,Cajari,2022,18584,665.0,27.95,7248.82
2102507,Cajari,2023,17648,665.0,26.54,8788.7
2102507,Cajari,2024,16711,665.0,25.13,9281.49
2102507,Cajari,2025,16680,665.0,25.08,9298.74
2102507,Cajari,2026,16680,665.0,25.08,9298.74
2102556,Campestre do Maranhão,2008,12615,616.1,20.48,4312.96
2102556,Campestre do Maranhão,2009,12716,616.1,20.64,4174.27
2102556,Campestre do Maranhão,2010,13114,616.1,21.29,4368.61
2102556,Campestre do Maranhão,2011,13511,616.1,21.93,4530.16
2102556,Campestre do Maranhão,2012,13649,616.1,22.15,4963.37
2102556,Campestre do Maranhão,2013,13808,616.1,22.41,5663.09
2102556,Campestre do Maranhão,2014,13921,616.1,22.6,7195.96
2102556,Campestre do Maranhão,2015,14028,616.1,22.77,9539.06
2102556,Campestre do Maranhão,2016,14127,616.1,22.93,10536.84
2102556,Campestre do Maranhão,2017,14219,616.1,23.08,12212.32
2102556,Campestre do Maranhão,2018,14294,616.1,23.2,11557.72
2102556,Campestre do Maranhão,2019,14374,616.1,23.33,13735.7
2102556,Campestre do Maranhão,2020,14453,616.1,23.46,13267.35
2102556,Campestre do Maranhão,2021,14530,616.1,23.58,14728.91
2102556,Campestre do Maranhão,2022,13871,616.1,22.51,20183.84
2102556,Campestre do Maranhão,2023,13212,616.1,21.44,22953.15
2102556,Campestre do Maranhão,2024,12553,616.1,20.37,24158.13
2102556,Campestre do Maranhão,2025,12536,616.1,20.35,24190.89
2102556,Campestre do Maranhão,2026,12536,616.1,20.35,24190.89
2102606,Cândido Mendes,2008,19409,1642.3,11.82,2707.82
2102606,Cândido Mendes,2009,19684,1642.3,11.99,2524.54
2102606,Cândido Mendes,2010,19365,1642.3,11.79,3182.91
2102606,Cândido Mendes,2011,19046,1642.3,11.6,3440.62
2102606,Cândido Mendes,2012,19222,1642.3,11.7,3773.28
2102606,Cândido Mendes,2013,19426,1642.3,11.83,4498.25
2102606,Cândido Mendes,2014,19567,1642.3,11.91,5210.97
2102606,Cândido Mendes,2015,19702,1642.3,12.0,5259.77
2102606,Cândido Mendes,2016,19827,1642.3,12.07,6342.97
2102606,Cândido Mendes,2017,19943,1642.3,12.14,6113.87
2102606,Cândido Mendes,2018,20076,1642.3,12.22,6459.06
2102606,Cândido Mendes,2019,20178,1642.3,12.29,6710.72
2102606,Cândido Mendes,2020,20278,1642.3,12.35,7018.79
2102606,Cândido Mendes,2021,20376,1642.3,12.41,7203.97
2102606,Cândido Mendes,2022,20388,1642.3,12.41,8706.05
2102606,Cândido Mendes,2023,20401,1642.3,12.42,10025.29
2102606,Cândido Mendes,2024,20413,1642.3,12.43,10019.4
2102606,Cândido Mendes,2025,20440,1642.3,12.45,10006.16
2102606,Cândido Mendes,2026,20440,1642.3,12.45,10006.16
2102705,Cantanhede,2008,19396,776.4,24.98,2549.8
2102705,Cantanhede,2009,19564,776.4,25.2,2879.63
2102705,Cantanhede,2010,20116,776.4,25.91,3122.49
2102705,Cantanhede,2011,20667,776.4,26.62,3725.17
2102705,Cantanhede,2012,20879,776.4,26.89,3897.22
2102705,Cantanhede,2013,21125,776.4,27.21,3976.76
2102705,Cantanhede,2014,21299,776.4,27.43,4717.92
2102705,Cantanhede,2015,21464,776.4,27.65,5120.25
2102705,Cantanhede,2016,21617,776.4,27.84,5632.47
2102705,Cantanhede,2017,21759,776.4,28.03,5518.04
2102705,Cantanhede,2018,21872,776.4,28.17,5679.96
2102705,Cantanhede,2019,21995,776.4,28.33,5928.21
2102705,Cantanhede,2020,22117,776.4,28.49,6153.5
2102705,Cantanhede,2021,22236,776.4,28.64,6898.63
2102705,Cantanhede,2022,23149,776.4,29.82,8176.98
2102705,Cantanhede,2023,24063,776.4,30.99,9694.26
2102705,Cantanhede,2024,24976,776.4,32.17,9339.89
2102705,Cantanhede,2025,25059,776.4,32.28,9308.95
2102705,Cantanhede,2026,25059,776.4,32.28,9308.95
2102754,Capinzal do Norte,2008,10683,592.9,18.02,3118.79
2102754,Capinzal do Norte,2009,10688,592.9,18.03,3796.59
2102754,Capinzal do Norte,2010,10699,592.9,18.05,4635.95
2102754,Capinzal do Norte,2011,10710,592.9,18.06,5233.24
2102754,Capinzal do Norte,2012,10722,592.9,18.08,5388.64
2102754,Capinzal do Norte,2013,10729,592.9,18.1,5872.4
2102754,Capinzal do Norte,2014,10725,592.9,18.09,7454.17
2102754,Capinzal do Norte,2015,10720,592.9,18.08,7718.66
2102754,Capinzal do Norte,2016,10716,592.9,18.07,10424.69
2102754,Capinzal do Norte,2017,10713,592.9,18.07,12235.23
2102754,Capinzal do Norte,2018,10932,592.9,18.44,13131.63
2102754,Capinzal do Norte,2019,10934,592.9,18.44,15145.88
2102754,Capinzal do Norte,2020,10935,592.9,18.44,17230.54
2102754,Capinzal do Norte,2021,10937,592.9,18.45,25964.71
2102754,Capinzal do Norte,2022,11179,592.9,18.85,27775.65
2102754,Capinzal do Norte,2023,11422,592.9,19.26,18889.34
2102754,Capinzal do Norte,2024,11664,592.9,19.67,18497.43
2102754,Capinzal do Norte,2025,11681,592.9,19.7,18470.51
2102754,Capinzal do Norte,2026,11681,592.9,19.7,18470.51
2102804,Carolina,2008,25159,6292.4,4.0,5560.67
2102804,Carolina,2009,25257,6292.4,4.01,5874.85
2102804,Carolina,2010,24607,6292.4,3.91,5863.45
2102804,Carolina,2011,23957,6292.4,3.81,6198.77
2102804,Carolina,2012,23955,6292.4,3.81,8092.09
2102804,Carolina,2013,23939,6292.4,3.8,9622.37
2102804,Carolina,2014,23902,6292.4,3.8,10860.6
2102804,Carolina,2015,23866,6292.4,3.79,11949.13
2102804,Carolina,2016,23833,6292.4,3.79,10189.57
2102804,Carolina,2017,23803,6292.4,3.78,12945.05
2102804,Carolina,2018,24337,6292.4,3.87,13254.02
2102804,Carolina,2019,24322,6292.4,3.87,14505.26
2102804,Carolina,2020,24165,6292.4,3.84,20425.66
2102804,Carolina,2021,24151,6292.4,3.84,21775.21
2102804,Carolina,2022,24303,6292.4,3.86,26839.81
2102804,Carolina,2023,24454,6292.4,3.89,24356.51
2102804,Carolina,2024,24606,6292.4,3.91,24206.05
2102804,Carolina,2025,24619,6292.4,3.91,24193.27
2102804,Carolina,2026,24619,6292.4,3.91,24193.27
2102903,Carutapera,2008,20905,1266.6,16.5,2656.73
2102903,Carutapera,2009,21121,1266.6,16.68,3275.79
2102903,Carutapera,2010,21694,1266.6,17.13,3506.32
2102903,Carutapera,2011,22266,1266.6,17.58,4057.17
2102903,Carutapera,2012,22517,1266.6,17.78,4772.13
2102903,Carutapera,2013,22811,1266.6,18.01,5642.1
2102903,Carutapera,2014,23021,1266.6,18.18,6021.68
2102903,Carutapera,2015,23219,1266.6,18.33,6239.67
2102903,Carutapera,2016,23404,1266.6,18.48,7120.96
2102903,Carutapera,2017,23576,1266.6,18.61,6587.46
2102903,Carutapera,2018,23658,1266.6,18.68,7015.85
2102903,Carutapera,2019,23807,1266.6,18.8,6996.77
2102903,Carutapera,2020,23952,1266.6,18.91,7440.55
2102903,Carutapera,2021,24095,1266.6,19.02,8383.44
2102903,Carutapera,2022,24348,1266.6,19.22,9675.29
2102903,Carutapera,2023,24602,1266.6,19.42,10017.36
2102903,Carutapera,2024,24855,1266.6,19.62,9915.39
2102903,Carutapera,2025,24906,1266.6,19.66,9895.09
2102903,Carutapera,2026,24906,1266.6,19.66,9895.09
2103000,Caxias,2008,147416,5224.9,28.21,6155.42
2103000,Caxias,2009,148072,5224.9,28.34,6809.63
2103000,Caxias,2010,152200,5224.9,29.13,6735.12
2103000,Caxias,2011,156327,5224.9,29.92,6955.91
2103000,Caxias,2012,158059,5224.9,30.25,7970.13
2103000,Caxias,2013,159396,5224.9,30.51,8311.44
2103000,Caxias,2014,160291,5224.9,30.68,8856.82
2103000,Caxias,2015,161137,5224.9,30.84,9008.73
2103000,Caxias,2016,161926,5224.9,30.99,10309.73
2103000,Caxias,2017,162657,5224.9,31.13,10506.45
2103000,Caxias,2018,164224,5224.9,31.43,11022.69
2103000,Caxias,2019,164880,5224.9,31.56,10983.59
2103000,Caxias,2020,165525,5224.9,31.68,11542.86
2103000,Caxias,2021,166159,5224.9,31.8,12714.56
2103000,Caxias,2022,165249,5224.9,31.63,14766.01
2103000,Caxias,2023,164338,5224.9,31.45,16405.34
2103000,Caxias,2024,163428,5224.9,31.28,16496.69
2103000,Caxias,2025,163546,5224.9,31.3,16484.79
2103000,Caxias,2026,163546,5224.9,31.3,16484.79
2103109,Cedral,2008,10127,286.4,35.36,2266.61
2103109,Cedral,2009,10152,286.4,35.45,2652.97
2103109,Cedral,2010,10244,286.4,35.77,2857.09
2103109,Cedral,2011,10336,286.4,36.09,3419.31
2103109,Cedral,2012,10374,286.4,36.22,4033.26
2103109,Cedral,2013,10414,286.4,36.36,4530.25
2103109,Cedral,2014,10435,286.4,36.44,5127.07
2103109,Cedral,2015,10455,286.4,36.5,5202.1
2103109,Cedral,2016,10473,286.4,36.57,5472.83
2103109,Cedral,2017,10490,286.4,36.63,6072.83
2103109,Cedral,2018,10657,286.4,37.21,6324.86
2103109,Cedral,2019,10675,286.4,37.27,6431.38
2103109,Cedral,2020,10693,286.4,37.34,6713.55
2103109,Cedral,2021,10711,286.4,37.4,7336.66
2103109,Cedral,2022,10622,286.4,37.09,7910.37
2103109,Cedral,2023,10533,286.4,36.78,8180.48
2103109,Cedral,2024,10444,286.4,36.47,8250.19
2103109,Cedral,2025,10446,286.4,36.47,8248.61
2103109,Cedral,2026,10446,286.4,36.47,8248.61
2103125,Central do Maranhão,2008,9062,321.0,28.23,1976.05
2103125,Central do Maranhão,2009,9246,321.0,28.8,2280.88
2103125,Central do Maranhão,2010,8626,321.0,26.87,2451.54
2103125,Central do Maranhão,2011,8006,321.0,24.94,3173.12
2103125,Central do Maranhão,2012,8120,321.0,25.3,3298.03
2103125,Central do Maranhão,2013,8255,321.0,25.72,3790.07
2103125,Central do Maranhão,2014,8354,321.0,26.02,4243.48
2103125,Central do Maranhão,2015,8447,321.0,26.31,4312.66
2103125,Central do Maranhão,2016,8534,321.0,26.59,5111.91
2103125,Central do Maranhão,2017,8615,321.0,26.84,5074.17
2103125,Central do Maranhão,2018,8604,321.0,26.8,5592.17
2103125,Central do Maranhão,2019,8673,321.0,27.02,5398.48
2103125,Central do Maranhão,2020,8740,321.0,27.23,5379.06
2103125,Central do Maranhão,2021,8806,321.0,27.43,6625.82
2103125,Central do Maranhão,2022,8282,321.0,25.8,8317.07
2103125,Central do Maranhão,2023,7757,321.0,24.17,8915.04
2103125,Central do Maranhão,2024,7233,321.0,22.53,9560.9
2103125,Central do Maranhão,2025,7220,321.0,22.49,9578.12
2103125,Central do Maranhão,2026,7220,321.0,22.49,9578.12
2103158,Centro do Guilherme,2008,7318,1173.2,6.24,3359.25
2103158,Centro do Guilherme,2009,7432,1173.2,6.33,3373.12
2103158,Centro do Guilherme,2010,9532,1173.2,8.12,3581.51
2103158,Centro do Guilherme,2011,11632,1173.2,9.91,3635.75
2103158,Centro do Guilherme,2012,11979,1173.2,10.21,4111.19
2103158,Centro do Guilherme,2013,12395,1173.2,10.57,4468.82
2103158,Centro do Guilherme,2014,12713,1173.2,10.84,4847.01
2103158,Centro do Guilherme,2015,13015,1173.2,11.09,4780.33
2103158,Centro do Guilherme,2016,13295,1173.2,11.33,5265.74
2103158,Centro do Guilherme,2017,13555,1173.2,11.55,5243.75
2103158,Centro do Guilherme,2018,13243,1173.2,11.29,6088.5
2103158,Centro do Guilherme,2019,13458,1173.2,11.47,6395.53
2103158,Centro do Guilherme,2020,13670,1173.2,11.65,6337.45
2103158,Centro do Guilherme,2021,13876,1173.2,11.83,7476.0
2103158,Centro do Guilherme,2022,13473,1173.2,11.48,9417.87
2103158,Centro do Guilherme,2023,13071,1173.2,11.14,10521.0
2103158,Centro do Guilherme,2024,12668,1173.2,10.8,10855.7
2103158,Centro do Guilherme,2025,12693,1173.2,10.82,10834.32
2103158,Centro do Guilherme,2026,12693,1173.2,10.82,10834.32
2103174,Centro Novo do Maranhão,2008,15577,8438.5,1.85,3407.72
2103174,Centro Novo do Maranhão,2009,15668,8438.5,1.86,3455.2
2103174,Centro Novo do Maranhão,2010,17624,8438.5,2.09,3541.02
2103174,Centro Novo do Maranhão,2011,19581,8438.5,2.32,4356.88
2103174,Centro Novo do Maranhão,2012,19947,8438.5,2.36,4716.1
2103174,Centro Novo do Maranhão,2013,20382,8438.5,2.42,4855.8
2103174,Centro Novo do Maranhão,2014,20707,8438.5,2.45,5382.19
2103174,Centro Novo do Maranhão,2015,21013,8438.5,2.49,5586.11
2103174,Centro Novo do Maranhão,2016,21300,8438.5,2.52,6640.85
2103174,Centro Novo do Maranhão,2017,21565,8438.5,2.56,6532.34
2103174,Centro Novo do Maranhão,2018,21399,8438.5,2.54,6839.15
2103174,Centro Novo do Maranhão,2019,21622,8438.5,2.56,6373.65
2103174,Centro Novo do Maranhão,2020,21840,8438.5,2.59,7074.13
2103174,Centro Novo do Maranhão,2021,22056,8438.5,2.61,9102.15
2103174,Centro Novo do Maranhão,2022,20214,8438.5,2.4,10576.73
2103174,Centro Novo do Maranhão,2023,18371,8438.5,2.18,12879.54
2103174,Centro Novo do Maranhão,2024,16529,8438.5,1.96,14314.84
2103174,Centro Novo do Maranhão,2025,16477,8438.5,1.95,14360.02
2103174,Centro Novo do Maranhão,2026,16477,8438.5,1.95,14360.02
2103208,Chapadinha,2008,69734,3262.2,21.38,4055.05
2103208,Chapadinha,2009,70537,3262.2,21.62,4325.59
2103208,Chapadinha,2010,72406,3262.2,22.2,4572.63
2103208,Chapadinha,2011,74274,3262.2,22.77,5200.51
2103208,Chapadinha,2012,75167,3262.2,23.04,5478.06
2103208,Chapadinha,2013,76217,3262.2,23.36,6072.21
2103208,Chapadinha,2014,76972,3262.2,23.6,7281.62
2103208,Chapadinha,2015,77684,3262.2,23.81,7097.73
2103208,Chapadinha,2016,78348,3262.2,24.02,8379.95
2103208,Chapadinha,2017,78965,3262.2,24.21,8303.02
2103208,Chapadinha,2018,79145,3262.2,24.26,8975.18
2103208,Chapadinha,2019,79675,3262.2,24.42,9247.89
2103208,Chapadinha,2020,80195,3262.2,24.58,9889.23
2103208,Chapadinha,2021,80705,3262.2,24.74,11081.92
2103208,Chapadinha,2022,81871,3262.2,25.1,12732.91
2103208,Chapadinha,2023,83036,3262.2,25.45,13614.12
2103208,Chapadinha,2024,84202,3262.2,25.81,13425.6
2103208,Chapadinha,2025,84395,3262.2,25.87,13394.89
2103208,Chapadinha,2026,84395,3262.2,25.87,13394.89
2103257,Cidelândia,2008,12778,1469.3,8.7,4807.17
2103257,Cidelândia,2009,12866,1469.3,8.76,4851.08
2103257,Cidelândia,2010,13346,1469.3,9.08,5133.9
2103257,Cidelândia,2011,13825,1469.3,9.41,5408.97
2103257,Cidelândia,2012,13963,1469.3,9.5,6604.24
2103257,Cidelândia,2013,14125,1469.3,9.61,6948.04
2103257,Cidelândia,2014,14238,1469.3,9.69,8961.79
2103257,Cidelândia,2015,14346,1469.3,9.76,9031.02
2103257,Cidelândia,2016,14446,1469.3,9.83,9276.2
2103257,Cidelândia,2017,14539,1469.3,9.9,8817.04
2103257,Cidelândia,2018,14617,1469.3,9.95,8908.12
2103257,Cidelândia,2019,14697,1469.3,10.0,9844.32
2103257,Cidelândia,2020,14777,1469.3,10.06,11841.31
2103257,Cidelândia,2021,14855,1469.3,10.11,12356.78
2103257,Cidelândia,2022,14287,1469.3,9.72,16248.55
2103257,Cidelândia,2023,13720,1469.3,9.34,17662.54
2103257,Cidelândia,2024,13152,1469.3,8.95,18425.33
2103257,Cidelândia,2025,13141,1469.3,8.94,18440.76
2103257,Cidelândia,2026,13141,1469.3,8.94,18440.76
2103307,Codó,2008,113768,4379.9,25.98,5262.67
2103307,Codó,2009,113937,4379.9,26.01,5046.23
2103307,Codó,2010,116252,4379.9,26.54,5108.8
2103307,Codó,2011,118568,4379.9,27.07,5453.24
2103307,Codó,2012,119079,4379.9,27.19,6359.9
2103307,Codó,2013,119641,4379.9,27.32,6496.33
2103307,Codó,2014,119962,4379.9,27.39,7376.19
2103307,Codó,2015,120265,4379.9,27.46,7320.77
2103307,Codó,2016,120548,4379.9,27.52,8507.88
2103307,Codó,2017,120810,4379.9,27.58,7897.22
2103307,Codó,2018,122597,4379.9,27.99,7843.35
2103307,Codó,2019,122859,4379.9,28.05,8411.4
2103307,Codó,2020,123116,4379.9,28.11,9465.32
2103307,Codó,2021,123368,4379.9,28.17,13363.15
2103307,Codó,2022,121677,4379.9,27.78,13426.87
2103307,Codó,2023,119986,4379.9,27.39,15068.7
2103307,Codó,2024,118295,4379.9,27.01,15284.1
2103307,Codó,2025,118283,4379.9,27.01,15285.65
2103307,Codó,2026,118283,4379.9,27.01,15285.65
2103406,Coelho Neto,2008,45343,981.5,46.2,3262.36
2103406,Coelho Neto,2009,45624,981.5,46.48,3683.24
2103406,Coelho Neto,2010,46362,981.5,47.24,3975.84
2103406,Coelho Neto,2011,47099,981.5,47.99,4405.8
2103406,Coelho Neto,2012,47435,981.5,48.33,5148.41
2103406,Coelho Neto,2013,47821,981.5,48.72,5322.24
2103406,Coelho Neto,2014,48078,981.5,48.98,6698.55
2103406,Coelho Neto,2015,48320,981.5,49.23,7254.57
2103406,Coelho Neto,2016,48546,981.5,49.46,7759.05
2103406,Coelho Neto,2017,48756,981.5,49.67,6928.81
2103406,Coelho Neto,2018,49246,981.5,50.17,7451.94
2103406,Coelho Neto,2019,49435,981.5,50.37,7344.29
2103406,Coelho Neto,2020,49621,981.5,50.56,7780.56
2103406,Coelho Neto,2021,49804,981.5,50.74,9353.85
2103406,Coelho Neto,2022,47509,981.5,48.4,11186.28
2103406,Coelho Neto,2023,45213,981.5,46.07,10753.79
2103406,Coelho Neto,2024,42918,981.5,43.73,11328.84
2103406,Coelho Neto,2025,42841,981.5,43.65,11349.2
2103406,Coelho Neto,2026,42841,981.5,43.65,11349.2
2103505,Colinas,2008,36725,1987.4,18.48,3560.71
2103505,Colinas,2009,36787,1987.4,18.51,4167.91
2103505,Colinas,2010,38088,1987.4,19.16,4089.16
2103505,Colinas,2011,39388,1987.4,19.82,4999.82
2103505,Colinas,2012,39635,1987.4,19.94,5687.5
2103505,Colinas,2013,39915,1987.4,20.08,6202.33
2103505,Colinas,2014,40097,1987.4,20.18,7180.26
2103505,Colinas,2015,40268,1987.4,20.26,7551.21
2103505,Colinas,2016,40427,1987.4,20.34,7424.25
2103505,Colinas,2017,40575,1987.4,20.42,7925.62
2103505,Colinas,2018,41042,1987.4,20.65,9333.93
2103505,Colinas,2019,41178,1987.4,20.72,9774.18
2103505,Colinas,2020,41312,1987.4,20.79,11105.01
2103505,Colinas,2021,41443,1987.4,20.85,13347.75
2103505,Colinas,2022,41544,1987.4,20.9,16543.59
2103505,Colinas,2023,41644,1987.4,20.95,17524.97
2103505,Colinas,2024,41745,1987.4,21.0,17482.57
2103505,Colinas,2025,41788,1987.4,21.03,17464.58
2103505,Colinas,2026,41788,1987.4,21.03,17464.58
2103554,Conceição do Lago-Açu,2008,14535,728.9,19.94,2874.17
2103554,Conceição do Lago-Açu,2009,14909,728.9,20.45,3226.24
2103554,Conceição do Lago-Açu,2010,14814,728.9,20.32,3530.78
2103554,Conceição do Lago-Açu,2011,14718,728.9,20.19,4274.9
2103554,Conceição do Lago-Açu,2012,14989,728.9,20.56,4592.5
2103554,Conceição do Lago-Açu,2013,15313,728.9,21.01,5298.18
2103554,Conceição do Lago-Açu,2014,15554,728.9,21.34,5704.26
2103554,Conceição do Lago-Açu,2015,15782,728.9,21.65,6030.67
2103554,Conceição do Lago-Açu,2016,15995,728.9,21.94,6754.17
2103554,Conceição do Lago-Açu,2017,16192,728.9,22.21,6003.09
2103554,Conceição do Lago-Açu,2018,16072,728.9,22.05,6794.61
2103554,Conceição do Lago-Açu,2019,16237,728.9,22.28,7563.53
2103554,Conceição do Lago-Açu,2020,16400,728.9,22.5,8131.89
2103554,Conceição do Lago-Açu,2021,16559,728.9,22.72,8888.76
2103554,Conceição do Lago-Açu,2022,16127,728.9,22.13,10171.33
2103554,Conceição do Lago-Açu,2023,15696,728.9,21.53,10177.75
2103554,Conceição do Lago-Açu,2024,15264,728.9,20.94,10465.8
2103554,Conceição do Lago-Açu,2025,15278,728.9,20.96,10456.21
2103554,Conceição do Lago-Açu,2026,15278,728.9,20.96,10456.21
2103604,Coroatá,2008,62442,2273.8,27.46,2885.24
2103604,Coroatá,2009,63081,2273.8,27.74,3236.54
2103604,Coroatá,2010,62636,2273.8,27.55,3405.42
2103604,Coroatá,2011,62190,2273.8,27.35,4057.13
2103604,Coroatá,2012,62639,2273.8,27.55,4278.45
2103604,Coroatá,2013,63154,2273.8,27.77,4604.24
2103604,Coroatá,2014,63497,2273.8,27.93,5394.79
2103604,Coroatá,2015,63821,2273.8,28.07,5548.0
2103604,Coroatá,2016,64123,2273.8,28.2,6269.79
2103604,Coroatá,2017,64403,2273.8,28.32,6175.77
2103604,Coroatá,2018,65044,2273.8,28.61,7018.86
2103604,Coroatá,2019,65296,2273.8,28.72,6790.37
2103604,Coroatá,2020,65544,2273.8,28.83,7317.02
2103604,Coroatá,2021,65788,2273.8,28.93,8110.58
2103604,Coroatá,2022,64309,2273.8,28.28,9255.13
2103604,Coroatá,2023,62830,2273.8,27.63,10146.17
2103604,Coroatá,2024,61351,2273.8,26.98,10390.77
2103604,Coroatá,2025,61337,2273.8,26.98,10393.14
2103604,Coroatá,2026,61337,2273.8,26.98,10393.14
2103703,Cururupu,2008,35009,1263.2,27.71,2502.61
2103703,Cururupu,2009,35108,1263.2,27.79,2994.02
2103703,Cururupu,2010,33838,1263.2,26.79,3225.84
2103703,Cururupu,2011,32568,1263.2,25.78,3802.81
2103703,Cururupu,2012,32487,1263.2,25.72,4218.21
2103703,Cururupu,2013,31149,1263.2,24.66,5047.55
2103703,Cururupu,2014,31027,1263.2,24.56,5792.47
2103703,Cururupu,2015,30913,1263.2,24.47,5943.16
2103703,Cururupu,2016,30805,1263.2,24.39,6568.48
2103703,Cururupu,2017,30706,1263.2,24.31,7029.8
2103703,Cururupu,2018,32765,1263.2,25.94,7136.46
2103703,Cururupu,2019,32695,1263.2,25.88,7034.87
2103703,Cururupu,2020,32626,1263.2,25.83,7111.94
2103703,Cururupu,2021,32559,1263.2,25.78,8124.82
2103703,Cururupu,2022,32575,1263.2,25.79,9297.9
2103703,Cururupu,2023,32592,1263.2,25.8,10527.25
2103703,Cururupu,2024,32608,1263.2,25.81,10522.08
2103703,Cururupu,2025,32602,1263.2,25.81,10524.02
2103703,Cururupu,2026,32602,1263.2,25.81,10524.02
2103752,Davinópolis,2008,12118,333.8,36.3,3483.33
2103752,Davinópolis,2009,12091,333.8,36.22,3552.81
2103752,Davinópolis,2010,12347,333.8,36.99,4459.06
2103752,Davinópolis,2011,12603,333.8,37.76,4790.68
2103752,Davinópolis,2012,12625,333.8,37.82,4442.85
2103752,Davinópolis,2013,12646,333.8,37.88,5117.82
2103752,Davinópolis,2014,12650,333.8,37.9,9519.05
2103752,Davinópolis,2015,12653,333.8,37.91,33042.84
2103752,Davinópolis,2016,12656,333.8,37.91,56704.25
2103752,Davinópolis,2017,12659,333.8,37.92,49281.93
2103752,Davinópolis,2018,12901,333.8,38.65,36858.46
2103752,Davinópolis,2019,12908,333.8,38.67,33763.71
2103752,Davinópolis,2020,12916,333.8,38.69,11895.79
2103752,Davinópolis,2021,12923,333.8,38.71,14717.4
2103752,Davinópolis,2022,13545,333.8,40.58,16138.43
2103752,Davinópolis,2023,14166,333.8,42.44,15394.04
2103752,Davinópolis,2024,14788,333.8,44.3,14746.55
2103752,Davinópolis,2025,14828,333.8,44.42,14706.77
2103752,Davinópolis,2026,14828,333.8,44.42,14706.77
2103802,Dom Pedro,2008,22092,360.0,61.37,4213.7
2103802,Dom Pedro,2009,22086,360.0,61.35,4802.14
2103802,Dom Pedro,2010,22412,360.0,62.26,5552.11
2103802,Dom Pedro,2011,22737,360.0,63.16,6629.85
2103802,Dom Pedro,2012,22791,360.0,63.31,6861.61
2103802,Dom Pedro,2013,22844,360.0,63.46,7014.05
2103802,Dom Pedro,2014,22863,360.0,63.51,8017.36
2103802,Dom Pedro,2015,22881,360.0,63.56,9019.8
2103802,Dom Pedro,2016,22897,360.0,63.6,9275.19
2103802,Dom Pedro,2017,22912,360.0,63.64,9757.38
2103802,Dom Pedro,2018,23328,360.0,64.8,9837.23
2103802,Dom Pedro,2019,23350,360.0,64.86,10058.16
2103802,Dom Pedro,2020,23372,360.0,64.92,10440.91
2103802,Dom Pedro,2021,23393,360.0,64.98,11223.66
2103802,Dom Pedro,2022,23455,360.0,65.15,12624.0
2103802,Dom Pedro,2023,23517,360.0,65.32,13377.9
2103802,Dom Pedro,2024,23579,360.0,65.5,13342.72
2103802,Dom Pedro,2025,23594,360.0,65.54,13334.24
2103802,Dom Pedro,2026,23594,360.0,65.54,13334.24
2103901,Duque Bacelar,2008,10704,318.8,33.58,2181.71
2103901,Duque Bacelar,2009,10827,318.8,33.96,2790.99
2103901,Duque Bacelar,2010,10786,318.8,33.83,2821.81
2103901,Duque Bacelar,2011,10744,318.8,33.7,3535.0
2103901,Duque Bacelar,2012,10836,318.8,33.99,3579.09
2103901,Duque Bacelar,2013,10942,318.8,34.32,4006.95
2103901,Duque Bacelar,2014,11015,318.8,34.55,5348.8
2103901,Duque Bacelar,2015,11084,318.8,34.77,5057.29
2103901,Duque Bacelar,2016,11148,318.8,34.97,5793.86
2103901,Duque Bacelar,2017,11208,318.8,35.16,6124.38
2103901,Duque Bacelar,2018,11296,318.8,35.43,6804.18
2103901,Duque Bacelar,2019,11349,318.8,35.6,6672.66
2103901,Duque Bacelar,2020,11401,318.8,35.76,6886.59
2103901,Duque Bacelar,2021,11451,318.8,35.92,7589.21
2103901,Duque Bacelar,2022,11117,318.8,34.87,9883.06
2103901,Duque Bacelar,2023,10782,318.8,33.82,10086.07
2103901,Duque Bacelar,2024,10448,318.8,32.77,10408.5
2103901,Duque Bacelar,2025,10443,318.8,32.76,10413.48
2103901,Duque Bacelar,2026,10443,318.8,32.76,10413.48
2104008,Esperantinópolis,2008,19055,454.4,41.93,2819.42
2104008,Esperantinópolis,2009,18815,454.4,41.41,3284.29
2104008,Esperantinópolis,2010,18366,454.4,40.42,3429.05
2104008,Esperantinópolis,2011,17917,454.4,39.43,4328.24
2104008,Esperantinópolis,2012,17715,454.4,38.99,4695.68
2104008,Esperantinópolis,2013,17460,454.4,38.42,5876.29
2104008,Esperantinópolis,2014,17238,454.4,37.94,7084.52
2104008,Esperantinópolis,2015,17029,454.4,37.48,7033.94
2104008,Esperantinópolis,2016,16833,454.4,37.04,7844.65
2104008,Esperantinópolis,2017,16653,454.4,36.65,7452.59
2104008,Esperantinópolis,2018,17379,454.4,38.25,8070.03
2104008,Esperantinópolis,2019,17241,454.4,37.94,8309.03
2104008,Esperantinópolis,2020,17104,454.4,37.64,8622.49
2104008,Esperantinópolis,2021,16971,454.4,37.35,9367.63
2104008,Esperantinópolis,2022,17556,454.4,38.64,10542.21
2104008,Esperantinópolis,2023,18140,454.4,39.92,11182.8
2104008,Esperantinópolis,2024,18725,454.4,41.21,10833.43
2104008,Esperantinópolis,2025,18734,454.4,41.23,10828.23
2104008,Esperantinópolis,2026,18734,454.4,41.23,10828.23
2104057,Estreito,2008,27328,2732.1,10.0,12912.98
2104057,Estreito,2009,27756,2732.1,10.16,21603.69
2104057,Estreito,2010,32291,2732.1,11.82,13742.25
2104057,Estreito,2011,36826,2732.1,13.48,13396.59
2104057,Estreito,2012,37784,2732.1,13.83,23184.13
2104057,Estreito,2013,38932,2732.1,14.25,21944.52
2104057,Estreito,2014,39805,2732.1,14.57,15446.25
2104057,Estreito,2015,40629,2732.1,14.87,16896.9
2104057,Estreito,2016,41397,2732.1,15.15,16580.11
2104057,Estreito,2017,42110,2732.1,15.41,18854.43
2104057,Estreito,2018,41355,2732.1,15.14,23757.51
2104057,Estreito,2019,41946,2732.1,15.35,22523.6
2104057,Estreito,2020,42527,2732.1,15.57,22942.95
2104057,Estreito,2021,43097,2732.1,15.77,26331.79
2104057,Estreito,2022,40182,2732.1,14.71,27504.48
2104057,Estreito,2023,37268,2732.1,13.64,32075.75
2104057,Estreito,2024,34353,2732.1,12.57,34797.51
2104057,Estreito,2025,34321,2732.1,12.56,34829.96
2104057,Estreito,2026,34321,2732.1,12.56,34829.96
2104073,Feira Nova do Maranhão,2008,7872,1633.0,4.82,3641.13
2104073,Feira Nova do Maranhão,2009,7899,1633.0,4.84,3809.72
2104073,Feira Nova do Maranhão,2010,8035,1633.0,4.92,4079.28
2104073,Feira Nova do Maranhão,2011,8171,1633.0,5.0,4984.58
2104073,Feira Nova do Maranhão,2012,8215,1633.0,5.03,5407.79
2104073,Feira Nova do Maranhão,2013,8263,1633.0,5.06,5775.87
2104073,Feira Nova do Maranhão,2014,8293,1633.0,5.08,6382.13
2104073,Feira Nova do Maranhão,2015,8321,1633.0,5.1,9876.46
2104073,Feira Nova do Maranhão,2016,8347,1633.0,5.11,8076.2
2104073,Feira Nova do Maranhão,2017,8372,1633.0,5.13,7777.71
2104073,Feira Nova do Maranhão,2018,8481,1633.0,5.19,8914.04
2104073,Feira Nova do Maranhão,2019,8504,1633.0,5.21,9574.79
2104073,Feira Nova do Maranhão,2020,8484,1633.0,5.2,10414.66
2104073,Feira Nova do Maranhão,2021,8506,1633.0,5.21,13873.03
2104073,Feira Nova do Maranhão,2022,8416,1633.0,5.15,15825.21
2104073,Feira Nova do Maranhão,2023,8326,1633.0,5.1,15972.02
2104073,Feira Nova do Maranhão,2024,8236,1633.0,5.04,16146.55
2104073,Feira Nova do Maranhão,2025,8237,1633.0,5.04,16144.59
2104073,Feira Nova do Maranhão,2026,8237,1633.0,5.04,16144.59
2104081,Fernando Falcão,2008,8404,5107.9,1.65,3226.68
2104081,Fernando Falcão,2009,8765,5107.9,1.72,2825.56
2104081,Fernando Falcão,2010,9090,5107.9,1.78,3097.36
2104081,Fernando Falcão,2011,9415,5107.9,1.84,3619.54
2104081,Fernando Falcão,2012,9584,5107.9,1.88,3830.76
2104081,Fernando Falcão,2013,9783,5107.9,1.92,3906.47
2104081,Fernando Falcão,2014,9932,5107.9,1.94,4647.3
2104081,Fernando Falcão,2015,10073,5107.9,1.97,4664.15
2104081,Fernando Falcão,2016,10204,5107.9,2.0,5145.92
2104081,Fernando Falcão,2017,10326,5107.9,2.02,5311.45
2104081,Fernando Falcão,2018,10258,5107.9,2.01,6839.64
2104081,Fernando Falcão,2019,10360,5107.9,2.03,6646.43
2104081,Fernando Falcão,2020,10460,5107.9,2.05,8060.71
2104081,Fernando Falcão,2021,10559,5107.9,2.07,9510.18
2104081,Fernando Falcão,2022,10767,5107.9,2.11,13118.79
2104081,Fernando Falcão,2023,10976,5107.9,2.15,14555.48
2104081,Fernando Falcão,2024,11184,5107.9,2.19,14284.78
2104081,Fernando Falcão,2025,11219,5107.9,2.2,14240.22
2104081,Fernando Falcão,2026,11219,5107.9,2.2,14240.22
2104099,Formosa da Serra Negra,2008,17432,3705.7,4.7,3351.77
2104099,Formosa da Serra Negra,2009,17792,3705.7,4.8,3584.81
2104099,Formosa da Serra Negra,2010,17628,3705.7,4.76,4256.75
2104099,Formosa da Serra Negra,2011,17464,3705.7,4.71,4694.17
2104099,Formosa da Serra Negra,2012,17749,3705.7,4.79,4901.85
2104099,Formosa da Serra Negra,2013,18087,3705.7,4.88,5669.43
2104099,Formosa da Serra Negra,2014,18337,3705.7,4.95,5906.31
2104099,Formosa da Serra Negra,2015,18573,3705.7,5.01,6115.11
2104099,Formosa da Serra Negra,2016,18793,3705.7,5.07,6936.84
2104099,Formosa da Serra Negra,2017,18997,3705.7,5.13,6939.67
2104099,Formosa da Serra Negra,2018,18917,3705.7,5.1,7392.03
2104099,Formosa da Serra Negra,2019,19089,3705.7,5.15,7616.48
2104099,Formosa da Serra Negra,2020,19258,3705.7,5.2,8384.88
2104099,Formosa da Serra Negra,2021,19425,3705.7,5.24,10406.64
2104099,Formosa da Serra Negra,2022,18994,3705.7,5.13,11697.17
2104099,Formosa da Serra Negra,2023,18564,3705.7,5.01,13846.58
2104099,Formosa da Serra Negra,2024,18133,3705.7,4.89,14175.7
2104099,Formosa da Serra Negra,2025,18150,3705.7,4.9,14162.42
2104099,Formosa da Serra Negra,2026,18150,3705.7,4.9,14162.42
2104107,Fortaleza dos Nogueiras,2008,11919,1861.6,6.4,8794.11
2104107,Fortaleza dos Nogueiras,2009,11972,1861.6,6.43,8409.79
2104107,Fortaleza dos Nogueiras,2010,12122,1861.6,6.51,7199.31
2104107,Fortaleza dos Nogueiras,2011,12271,1861.6,6.59,7312.61
2104107,Fortaleza dos Nogueiras,2012,12306,1861.6,6.61,9314.16
2104107,Fortaleza dos Nogueiras,2013,12343,1861.6,6.63,9949.69
2104107,Fortaleza dos Nogueiras,2014,12360,1861.6,6.64,10205.18
2104107,Fortaleza dos Nogueiras,2015,12375,1861.6,6.65,10146.42
2104107,Fortaleza dos Nogueiras,2016,12390,1861.6,6.66,10354.4
2104107,Fortaleza dos Nogueiras,2017,12403,1861.6,6.66,11435.78
2104107,Fortaleza dos Nogueiras,2018,12615,1861.6,6.78,12556.32
2104107,Fortaleza dos Nogueiras,2019,12631,1861.6,6.79,12700.97
2104107,Fortaleza dos Nogueiras,2020,12647,1861.6,6.79,18208.9
2104107,Fortaleza dos Nogueiras,2021,12662,1861.6,6.8,27380.75
2104107,Fortaleza dos Nogueiras,2022,12758,1861.6,6.85,33198.78
2104107,Fortaleza dos Nogueiras,2023,12855,1861.6,6.91,27572.77
2104107,Fortaleza dos Nogueiras,2024,12951,1861.6,6.96,27368.39
2104107,Fortaleza dos Nogueiras,2025,12963,1861.6,6.96,27343.05
2104107,Fortaleza dos Nogueiras,2026,12963,1861.6,6.96,27343.05
2104206,Fortuna,2008,14903,838.5,17.77,3181.51
2104206,Fortuna,2009,14922,838.5,17.8,3828.58
2104206,Fortuna,2010,15030,838.5,17.92,3996.87
2104206,Fortuna,2011,15137,838.5,18.05,4460.59
2104206,Fortuna,2012,15174,838.5,18.1,4442.6
2104206,Fortuna,2013,15212,838.5,18.14,5736.85
2104206,Fortuna,2014,15226,838.5,18.16,6562.13
2104206,Fortuna,2015,15239,838.5,18.17,5859.37
2104206,Fortuna,2016,15251,838.5,18.19,6416.04
2104206,Fortuna,2017,15262,838.5,18.2,6729.07
2104206,Fortuna,2018,15536,838.5,18.53,6951.98
2104206,Fortuna,2019,15552,838.5,18.55,7131.56
2104206,Fortuna,2020,17790,838.5,21.22,7105.06
2104206,Fortuna,2021,17812,838.5,21.24,8044.97
2104206,Fortuna,2022,17657,838.5,21.06,11701.19
2104206,Fortuna,2023,17501,838.5,20.87,12245.41
2104206,Fortuna,2024,17346,838.5,20.69,12354.84
2104206,Fortuna,2025,17347,838.5,20.69,12354.12
2104206,Fortuna,2026,17347,838.5,20.69,12354.12
2104305,Godofredo Viana,2008,10823,725.4,14.92,2313.87
2104305,Godofredo Viana,2009,11207,725.4,15.45,3525.92
2104305,Godofredo Viana,2010,10865,725.4,14.98,4203.87
2104305,Godofredo Viana,2011,10523,725.4,14.51,13205.83
2104305,Godofredo Viana,2012,10762,725.4,14.84,22727.28
2104305,Godofredo Viana,2013,11046,725.4,15.23,12016.93
2104305,Godofredo Viana,2014,11262,725.4,15.53,13127.95
2104305,Godofredo Viana,2015,11464,725.4,15.8,10660.59
2104305,Godofredo Viana,2016,11654,725.4,16.07,5893.68
2104305,Godofredo Viana,2017,11830,725.4,16.31,6404.56
2104305,Godofredo Viana,2018,11672,725.4,16.09,9839.19
2104305,Godofredo Viana,2019,11819,725.4,16.29,35170.57
2104305,Godofredo Viana,2020,11963,725.4,16.49,110194.85
2104305,Godofredo Viana,2021,12104,725.4,16.69,219653.67
2104305,Godofredo Viana,2022,11543,725.4,15.91,84691.15
2104305,Godofredo Viana,2023,10983,725.4,15.14,77864.52
2104305,Godofredo Viana,2024,10422,725.4,14.37,82055.84
2104305,Godofredo Viana,2025,10424,725.4,14.37,82040.1
2104305,Godofredo Viana,2026,10424,725.4,14.37,82040.1
2104404,Gonçalves Dias,2008,16914,887.7,19.05,2522.58
2104404,Gonçalves Dias,2009,16911,887.7,19.05,2794.75
2104404,Gonçalves Dias,2010,17212,887.7,19.39,3078.55
2104404,Gonçalves Dias,2011,17514,887.7,19.73,3742.21
2104404,Gonçalves Dias,2012,17545,887.7,19.76,4017.95
2104404,Gonçalves Dias,2013,17572,887.7,19.79,4682.73
2104404,Gonçalves Dias,2014,17576,887.7,19.8,5497.72
2104404,Gonçalves Dias,2015,17579,887.7,19.8,6118.15
2104404,Gonçalves Dias,2016,17583,887.7,19.81,6322.53
2104404,Gonçalves Dias,2017,17586,887.7,19.81,6513.25
2104404,Gonçalves Dias,2018,17924,887.7,20.19,6733.04
2104404,Gonçalves Dias,2019,17934,887.7,20.2,7081.52
2104404,Gonçalves Dias,2020,17944,887.7,20.21,7389.82
2104404,Gonçalves Dias,2021,17953,887.7,20.22,8358.55
2104404,Gonçalves Dias,2022,17828,887.7,20.08,9594.23
2104404,Gonçalves Dias,2023,17704,887.7,19.94,10567.1
2104404,Gonçalves Dias,2024,17579,887.7,19.8,10642.24
2104404,Gonçalves Dias,2025,17580,887.7,19.8,10641.64
2104404,Gonçalves Dias,2026,17580,887.7,19.8,10641.64
2104503,Governador Archer,2008,10224,447.8,22.83,2554.48
2104503,Governador Archer,2009,10330,447.8,23.07,2789.84
2104503,Governador Archer,2010,10310,447.8,23.02,2929.97
2104503,Governador Archer,2011,10290,447.8,22.98,3656.27
2104503,Governador Archer,2012,10372,447.8,23.16,3722.43
2104503,Governador Archer,2013,10466,447.8,23.37,4646.0
2104503,Governador Archer,2014,10531,447.8,23.52,5534.8
2104503,Governador Archer,2015,10591,447.8,23.65,6066.57
2104503,Governador Archer,2016,10648,447.8,23.78,6741.92
2104503,Governador Archer,2017,10700,447.8,23.89,6284.21
2104503,Governador Archer,2018,10793,447.8,24.1,7185.58
2104503,Governador Archer,2019,10840,447.8,24.21,6272.42
2104503,Governador Archer,2020,10886,447.8,24.31,7605.0
2104503,Governador Archer,2021,10931,447.8,24.41,8407.65
2104503,Governador Archer,2022,10778,447.8,24.07,9043.24
2104503,Governador Archer,2023,10625,447.8,23.73,11580.89
2104503,Governador Archer,2024,10472,447.8,23.39,11750.1
2104503,Governador Archer,2025,10476,447.8,23.39,11745.61
2104503,Governador Archer,2026,10476,447.8,23.39,11745.61
2104552,Governador Edison Lobão,2008,14557,618.5,23.54,5747.75
2104552,Governador Edison Lobão,2009,14921,618.5,24.12,6275.45
2104552,Governador Edison Lobão,2010,15600,618.5,25.22,9053.4
2104552,Governador Edison Lobão,2011,16280,618.5,26.32,9694.84
2104552,Governador Edison Lobão,2012,16651,618.5,26.92,11904.51
2104552,Governador Edison Lobão,2013,17094,618.5,27.64,12931.55
2104552,Governador Edison Lobão,2014,17430,618.5,28.18,17815.49
2104552,Governador Edison Lobão,2015,17747,618.5,28.69,15333.35
2104552,Governador Edison Lobão,2016,18042,618.5,29.17,17157.36
2104552,Governador Edison Lobão,2017,18316,618.5,29.61,14326.05
2104552,Governador Edison Lobão,2018,18068,618.5,29.21,14207.55
2104552,Governador Edison Lobão,2019,18296,618.5,29.58,14528.86
2104552,Governador Edison Lobão,2020,18520,618.5,29.94,17138.39
2104552,Governador Edison Lobão,2021,18740,618.5,30.3,20010.03
2104552,Governador Edison Lobão,2022,18796,618.5,30.39,20355.98
2104552,Governador Edison Lobão,2023,18852,618.5,30.48,23764.43
2104552,Governador Edison Lobão,2024,18908,618.5,30.57,23694.04
2104552,Governador Edison Lobão,2025,18963,618.5,30.66,23625.32
2104552,Governador Edison Lobão,2026,18963,618.5,30.66,23625.32
2104602,Governador Eugênio Barros,2008,16341,650.8,25.11,2461.91
2104602,Governador Eugênio Barros,2009,16503,650.8,25.36,2829.12
2104602,Governador Eugênio Barros,2010,16300,650.8,25.05,3230.06
2104602,Governador Eugênio Barros,2011,16096,650.8,24.73,3699.68
2104602,Governador Eugênio Barros,2012,16197,650.8,24.89,3455.64
2104602,Governador Eugênio Barros,2013,16312,650.8,25.06,4293.28
2104602,Governador Eugênio Barros,2014,16386,650.8,25.18,4540.89
2104602,Governador Eugênio Barros,2015,16456,650.8,25.29,5364.61
2104602,Governador Eugênio Barros,2016,16522,650.8,25.39,5686.78
2104602,Governador Eugênio Barros,2017,16582,650.8,25.48,5732.84
2104602,Governador Eugênio Barros,2018,16772,650.8,25.77,5819.46
2104602,Governador Eugênio Barros,2019,16828,650.8,25.86,6087.53
2104602,Governador Eugênio Barros,2020,14656,650.8,22.52,7735.67
2104602,Governador Eugênio Barros,2021,14703,650.8,22.59,8054.55
2104602,Governador Eugênio Barros,2022,14555,650.8,22.36,11771.69
2104602,Governador Eugênio Barros,2023,14406,650.8,22.14,13548.1
2104602,Governador Eugênio Barros,2024,14258,650.8,21.91,13688.74
2104602,Governador Eugênio Barros,2025,14264,650.8,21.92,13682.98
2104602,Governador Eugênio Barros,2026,14264,650.8,21.92,13682.98
2104628,Governador Luiz Rocha,2008,7091,403.4,17.58,2777.89
2104628,Governador Luiz Rocha,2009,7144,403.4,17.71,3500.56
2104628,Governador Luiz Rocha,2010,7272,403.4,18.03,3390.4
2104628,Governador Luiz Rocha,2011,7401,403.4,18.35,3855.97
2104628,Governador Luiz Rocha,2012,7462,403.4,18.5,3614.18
2104628,Governador Luiz Rocha,2013,7532,403.4,18.67,4935.61
2104628,Governador Luiz Rocha,2014,7580,403.4,18.79,5324.27
2104628,Governador Luiz Rocha,2015,7626,403.4,18.9,5846.18
2104628,Governador Luiz Rocha,2016,7668,403.4,19.01,6105.76
2104628,Governador Luiz Rocha,2017,7708,403.4,19.11,6604.83
2104628,Governador Luiz Rocha,2018,7772,403.4,19.27,7129.95
2104628,Governador Luiz Rocha,2019,7807,403.4,19.35,7291.15
2104628,Governador Luiz Rocha,2020,7844,403.4,19.44,8411.78
2104628,Governador Luiz Rocha,2021,7878,403.4,19.53,9022.59
2104628,Governador Luiz Rocha,2022,7658,403.4,18.98,13055.76
2104628,Governador Luiz Rocha,2023,7439,403.4,18.44,14559.08
2104628,Governador Luiz Rocha,2024,7219,403.4,17.9,15002.77
2104628,Governador Luiz Rocha,2025,7216,403.4,17.89,15009.01
2104628,Governador Luiz Rocha,2026,7216,403.4,17.89,15009.01
2104651,Governador Newton Bello,2008,11666,1149.3,10.15,2620.09
2104651,Governador Newton Bello,2009,11642,1149.3,10.13,3050.51
2104651,Governador Newton Bello,2010,10924,1149.3,9.5,3223.09
2104651,Governador Newton Bello,2011,10205,1149.3,8.88,3884.76
2104651,Governador Newton Bello,2012,10166,1149.3,8.85,4293.82
2104651,Governador Newton Bello,2013,10113,1149.3,8.8,4598.54
2104651,Governador Newton Bello,2014,10060,1149.3,8.75,4499.2
2104651,Governador Newton Bello,2015,10011,1149.3,8.71,5232.34
2104651,Governador Newton Bello,2016,9965,1149.3,8.67,6276.57
2104651,Governador Newton Bello,2017,9921,1149.3,8.63,6139.7
2104651,Governador Newton Bello,2018,10211,1149.3,8.88,6585.84
2104651,Governador Newton Bello,2019,10180,1149.3,8.86,6578.0
2104651,Governador Newton Bello,2020,10151,1149.3,8.83,7376.81
2104651,Governador Newton Bello,2021,10121,1149.3,8.81,8316.57
2104651,Governador Newton Bello,2022,10408,1149.3,9.06,9927.56
2104651,Governador Newton Bello,2023,10694,1149.3,9.3,11245.0
2104651,Governador Newton Bello,2024,10981,1149.3,9.55,10951.1
2104651,Governador Newton Bello,2025,10993,1149.3,9.56,10939.14
2104651,Governador Newton Bello,2026,10993,1149.3,9.56,10939.14
2104677,Governador Nunes Freire,2008,24671,1041.8,23.68,3217.18
2104677,Governador Nunes Freire,2009,24520,1041.8,23.54,4073.45
2104677,Governador Nunes Freire,2010,24941,1041.8,23.94,4271.68
2104677,Governador Nunes Freire,2011,25362,1041.8,24.34,4917.28
2104677,Governador Nunes Freire,2012,25323,1041.8,24.31,5861.94
2104677,Governador Nunes Freire,2013,25262,1041.8,24.25,6121.41
2104677,Governador Nunes Freire,2014,25188,1041.8,24.18,6592.39
2104677,Governador Nunes Freire,2015,25117,1041.8,24.11,6696.1
2104677,Governador Nunes Freire,2016,25052,1041.8,24.05,7525.71
2104677,Governador Nunes Freire,2017,24991,1041.8,23.99,7265.06
2104677,Governador Nunes Freire,2018,25616,1041.8,24.59,8379.33
2104677,Governador Nunes Freire,2019,25577,1041.8,24.55,8601.56
2104677,Governador Nunes Freire,2020,25539,1041.8,24.51,8843.02
2104677,Governador Nunes Freire,2021,25502,1041.8,24.48,10115.76
2104677,Governador Nunes Freire,2022,24856,1041.8,23.86,12095.91
2104677,Governador Nunes Freire,2023,24209,1041.8,23.24,13414.93
2104677,Governador Nunes Freire,2024,23563,1041.8,22.62,13782.71
2104677,Governador Nunes Freire,2025,23526,1041.8,22.58,13804.39
2104677,Governador Nunes Freire,2026,23526,1041.8,22.58,13804.39
2104701,Graça Aranha,2008,6439,272.6,23.62,2790.81
2104701,Graça Aranha,2009,6470,272.6,23.73,3176.51
2104701,Graça Aranha,2010,6308,272.6,23.14,3400.76
2104701,Graça Aranha,2011,6145,272.6,22.54,3699.1
2104701,Graça Aranha,2012,6150,272.6,22.56,3928.94
2104701,Graça Aranha,2013,6151,272.6,22.56,5107.62
2104701,Graça Aranha,2014,6147,272.6,22.55,5321.62
2104701,Graça Aranha,2015,6142,272.6,22.53,6004.88
2104701,Graça Aranha,2016,6138,272.6,22.52,6372.43
2104701,Graça Aranha,2017,6134,272.6,22.5,6872.19
2104701,Graça Aranha,2018,6263,272.6,22.98,6176.91
2104701,Graça Aranha,2019,6262,272.6,22.97,6548.39
2104701,Graça Aranha,2020,6261,272.6,22.97,7171.06
2104701,Graça Aranha,2021,6261,272.6,22.97,8649.26
2104701,Graça Aranha,2022,6228,272.6,22.85,9234.59
2104701,Graça Aranha,2023,6194,272.6,22.72,10798.51
2104701,Graça Aranha,2024,6161,272.6,22.6,10856.35
2104701,Graça Aranha,2025,6160,272.6,22.6,10858.12
2104701,Graça Aranha,2026,6160,272.6,22.6,10858.12
2104800,Grajaú,2008,55833,8901.3,6.27,4294.88
2104800,Grajaú,2009,56633,8901.3,6.36,5025.53
2104800,Grajaú,2010,59918,8901.3,6.73,5235.46
2104800,Grajaú,2011,63203,8901.3,7.1,6023.51
2104800,Grajaú,2012,64510,8901.3,7.25,6744.04
2104800,Grajaú,2013,65078,8901.3,7.31,7389.33
2104800,Grajaú,2014,66732,8901.3,7.5,8047.31
2104800,Grajaú,2015,67626,8901.3,7.6,7840.37
2104800,Grajaú,2016,68458,8901.3,7.69,8343.52
2104800,Grajaú,2017,69232,8901.3,7.78,9674.27
2104800,Grajaú,2018,68876,8901.3,7.74,10901.11
2104800,Grajaú,2019,69527,8901.3,7.81,10622.19
2104800,Grajaú,2020,70065,8901.3,7.87,12063.93
2104800,Grajaú,2021,70692,8901.3,7.94,16263.98
2104800,Grajaú,2022,72654,8901.3,8.16,17445.27
2104800,Grajaú,2023,74616,8901.3,8.38,18970.3
2104800,Grajaú,2024,76578,8901.3,8.6,18484.26
2104800,Grajaú,2025,76837,8901.3,8.63,18421.96
2104800,Grajaú,2026,76837,8901.3,8.63,18421.96
2104909,Guimarães,2008,12741,481.0,26.49,2452.16
2104909,Guimarães,2009,12740,481.0,26.49,2779.36
2104909,Guimarães,2010,12390,481.0,25.76,2886.36
2104909,Guimarães,2011,12039,481.0,25.03,3638.09
2104909,Guimarães,2012,11997,481.0,24.94,4095.61
2104909,Guimarães,2013,11939,481.0,24.82,4724.18
2104909,Guimarães,2014,11881,481.0,24.7,5158.15
2104909,Guimarães,2015,11827,481.0,24.59,5312.08
2104909,Guimarães,2016,11776,481.0,24.48,6102.07
2104909,Guimarães,2017,11728,481.0,24.38,6979.88
2104909,Guimarães,2018,12063,481.0,25.08,7003.07
2104909,Guimarães,2019,12030,481.0,25.01,6857.86
2104909,Guimarães,2020,11997,481.0,24.94,7231.97
2104909,Guimarães,2021,11966,481.0,24.88,7804.86
2104909,Guimarães,2022,11467,481.0,23.84,8803.7
2104909,Guimarães,2023,10969,481.0,22.8,9505.97
2104909,Guimarães,2024,10470,481.0,21.77,9959.03
2104909,Guimarães,2025,10439,481.0,21.7,9988.6
2104909,Guimarães,2026,10439,481.0,21.7,9988.6
2105005,Humberto de Campos,2008,25037,1722.3,14.54,2165.83
2105005,Humberto de Campos,2009,25403,1722.3,14.75,2699.48
2105005,Humberto de Campos,2010,25985,1722.3,15.09,2649.49
2105005,Humberto de Campos,2011,26567,1722.3,15.43,3145.71
2105005,Humberto de Campos,2012,26933,1722.3,15.64,3626.74
2105005,Humberto de Campos,2013,27364,1722.3,15.89,3798.28
2105005,Humberto de Campos,2014,27679,1722.3,16.07,4207.92
2105005,Humberto de Campos,2015,27976,1722.3,16.24,4261.97
2105005,Humberto de Campos,2016,28252,1722.3,16.4,4850.88
2105005,Humberto de Campos,2017,28509,1722.3,16.55,5077.31
2105005,Humberto de Campos,2018,28498,1722.3,16.55,5649.76
2105005,Humberto de Campos,2019,28717,1722.3,16.67,5619.11
2105005,Humberto de Campos,2020,28932,1722.3,16.8,5826.56
2105005,Humberto de Campos,2021,29143,1722.3,16.92,6326.15
2105005,Humberto de Campos,2022,28277,1722.3,16.42,7359.23
2105005,Humberto de Campos,2023,27412,1722.3,15.92,8800.09
2105005,Humberto de Campos,2024,26546,1722.3,15.41,9087.17
2105005,Humberto de Campos,2025,26550,1722.3,15.42,9085.8
2105005,Humberto de Campos,2026,26550,1722.3,15.42,9085.8
2105104,Icatu,2008,25198,1129.5,22.31,2100.88
2105104,Icatu,2009,25557,1129.5,22.63,2284.97
2105104,Icatu,2010,25492,1129.5,22.57,2529.97
2105104,Icatu,2011,25426,1129.5,22.51,3104.11
2105104,Icatu,2012,25698,1129.5,22.75,3227.8
2105104,Icatu,2013,26014,1129.5,23.03,3623.24
2105104,Icatu,2014,26240,1129.5,23.23,4208.84
2105104,Icatu,2015,26452,1129.5,23.42,4468.55
2105104,Icatu,2016,26651,1129.5,23.6,5030.62
2105104,Icatu,2017,26835,1129.5,23.76,4984.72
2105104,Icatu,2018,26953,1129.5,23.86,5781.92
2105104,Icatu,2019,27113,1129.5,24.0,5960.68
2105104,Icatu,2020,27269,1129.5,24.14,6311.23
2105104,Icatu,2021,27423,1129.5,24.28,6524.56
2105104,Icatu,2022,26726,1129.5,23.66,7035.99
2105104,Icatu,2023,26029,1129.5,23.04,8141.73
2105104,Icatu,2024,25332,1129.5,22.43,8365.74
2105104,Icatu,2025,25332,1129.5,22.43,8365.74
2105104,Icatu,2026,25332,1129.5,22.43,8365.74
2105153,Igarapé do Meio,2008,12073,370.3,32.6,10412.33
2105153,Igarapé do Meio,2009,12291,370.3,33.19,5681.8
2105153,Igarapé do Meio,2010,12548,370.3,33.89,6466.53
2105153,Igarapé do Meio,2011,12806,370.3,34.58,8633.22
2105153,Igarapé do Meio,2012,13052,370.3,35.25,10228.93
2105153,Igarapé do Meio,2013,13347,370.3,36.04,12349.67
2105153,Igarapé do Meio,2014,13567,370.3,36.64,8821.26
2105153,Igarapé do Meio,2015,13774,370.3,37.2,8928.63
2105153,Igarapé do Meio,2016,13968,370.3,37.72,11277.63
2105153,Igarapé do Meio,2017,14147,370.3,38.2,11268.96
2105153,Igarapé do Meio,2018,14026,370.3,37.88,13266.86
2105153,Igarapé do Meio,2019,14177,370.3,38.29,13947.52
2105153,Igarapé do Meio,2020,14324,370.3,38.68,16009.42
2105153,Igarapé do Meio,2021,14470,370.3,39.08,25615.27
2105153,Igarapé do Meio,2022,14430,370.3,38.97,30677.89
2105153,Igarapé do Meio,2023,14390,370.3,38.86,32306.25
2105153,Igarapé do Meio,2024,14350,370.3,38.75,32396.31
2105153,Igarapé do Meio,2025,14383,370.3,38.84,32321.98
2105153,Igarapé do Meio,2026,14383,370.3,38.84,32321.98
2105203,Igarapé Grande,2008,11003,347.8,31.64,3225.94
2105203,Igarapé Grande,2009,11121,347.8,31.98,3963.67
2105203,Igarapé Grande,2010,11144,347.8,32.04,3657.39
2105203,Igarapé Grande,2011,11167,347.8,32.11,4198.98
2105203,Igarapé Grande,2012,11289,347.8,32.46,4405.88
2105203,Igarapé Grande,2013,11431,347.8,32.87,5072.08
2105203,Igarapé Grande,2014,11533,347.8,33.16,6184.6
2105203,Igarapé Grande,2015,11628,347.8,33.43,6179.39
2105203,Igarapé Grande,2016,11718,347.8,33.69,7371.05
2105203,Igarapé Grande,2017,11206,347.8,32.22,7302.78
2105203,Igarapé Grande,2018,11252,347.8,32.35,7897.0
2105203,Igarapé Grande,2019,11320,347.8,32.55,8232.77
2105203,Igarapé Grande,2020,11387,347.8,32.74,9128.39
2105203,Igarapé Grande,2021,11453,347.8,32.93,10279.23
2105203,Igarapé Grande,2022,11123,347.8,31.98,10713.93
2105203,Igarapé Grande,2023,10793,347.8,31.03,12799.41
2105203,Igarapé Grande,2024,10463,347.8,30.08,13203.1
2105203,Igarapé Grande,2025,10461,347.8,30.08,13205.62
2105203,Igarapé Grande,2026,10461,347.8,30.08,13205.62
2105302,Imperatriz,2008,236311,1375.0,171.86,9669.24
2105302,Imperatriz,2009,236691,1375.0,172.14,10698.65
2105302,Imperatriz,2010,242748,1375.0,176.54,12095.65
2105302,Imperatriz,2011,248806,1375.0,180.95,13111.0
2105302,Imperatriz,2012,250063,1375.0,181.86,17568.82
2105302,Imperatriz,2013,251468,1375.0,182.89,20167.7
2105302,Imperatriz,2014,252320,1375.0,183.51,22756.52
2105302,Imperatriz,2015,253123,1375.0,184.09,23746.58
2105302,Imperatriz,2016,253873,1375.0,184.63,27483.05
2105302,Imperatriz,2017,254569,1375.0,185.14,25963.18
2105302,Imperatriz,2018,258016,1375.0,187.65,27678.05
2105302,Imperatriz,2019,258682,1375.0,188.13,28800.28
2105302,Imperatriz,2020,259337,1375.0,188.61,27738.09
2105302,Imperatriz,2021,259980,1375.0,189.08,29590.37
2105302,Imperatriz,2022,268369,1375.0,195.18,32690.46
2105302,Imperatriz,2023,276757,1375.0,201.28,34238.71
2105302,Imperatriz,2024,285146,1375.0,207.38,33231.4
2105302,Imperatriz,2025,285806,1375.0,207.86,33154.66
2105302,Imperatriz,2026,285806,1375.0,207.86,33154.66
2105351,Itaipava do Grajaú,2008,13636,1249.9,10.91,2760.93
2105351,Itaipava do Grajaú,2009,13964,1249.9,11.17,3479.23
2105351,Itaipava do Grajaú,2010,13150,1249.9,10.52,3931.41
2105351,Itaipava do Grajaú,2011,12337,1249.9,9.87,4094.67
2105351,Itaipava do Grajaú,2012,13103,1249.9,10.48,3718.23
2105351,Itaipava do Grajaú,2013,14084,1249.9,11.27,5022.44
2105351,Itaipava do Grajaú,2014,13579,1249.9,10.86,5221.74
2105351,Itaipava do Grajaú,2015,15609,1249.9,12.49,4155.68
2105351,Itaipava do Grajaú,2016,15817,1249.9,12.65,4851.93
2105351,Itaipava do Grajaú,2017,16009,1249.9,12.81,4907.8
2105351,Itaipava do Grajaú,2018,15897,1249.9,12.72,5298.48
2105351,Itaipava do Grajaú,2019,16057,1249.9,12.85,5500.78
2105351,Itaipava do Grajaú,2020,16005,1249.9,12.81,5558.7
2105351,Itaipava do Grajaú,2021,16158,1249.9,12.93,6639.75
2105351,Itaipava do Grajaú,2022,15486,1249.9,12.39,7846.83
2105351,Itaipava do Grajaú,2023,14815,1249.9,11.85,9185.89
2105351,Itaipava do Grajaú,2024,14143,1249.9,11.32,9622.36
2105351,Itaipava do Grajaú,2025,14142,1249.9,11.31,9623.04
2105351,Itaipava do Grajaú,2026,14142,1249.9,11.31,9623.04
2105401,Itapecuru Mirim,2008,56241,1487.3,37.81,3918.78
2105401,Itapecuru Mirim,2009,56810,1487.3,38.2,4293.4
2105401,Itapecuru Mirim,2010,59917,1487.3,40.29,4775.24
2105401,Itapecuru Mirim,2011,63024,1487.3,42.37,5201.99
2105401,Itapecuru Mirim,2012,63907,1487.3,42.97,5795.23
2105401,Itapecuru Mirim,2013,64951,1487.3,43.67,6078.98
2105401,Itapecuru Mirim,2014,65713,1487.3,44.18,7060.61
2105401,Itapecuru Mirim,2015,66433,1487.3,44.67,7257.36
2105401,Itapecuru Mirim,2016,67104,1487.3,45.12,8218.74
2105401,Itapecuru Mirim,2017,67726,1487.3,45.54,8771.83
2105401,Itapecuru Mirim,2018,67673,1487.3,45.5,8319.09
2105401,Itapecuru Mirim,2019,68203,1487.3,45.86,8098.63
2105401,Itapecuru Mirim,2020,68723,1487.3,46.21,9456.44
2105401,Itapecuru Mirim,2021,69233,1487.3,46.55,11162.74
2105401,Itapecuru Mirim,2022,66912,1487.3,44.99,12507.79
2105401,Itapecuru Mirim,2023,64590,1487.3,43.43,13778.11
2105401,Itapecuru Mirim,2024,62269,1487.3,41.87,14291.67
2105401,Itapecuru Mirim,2025,62264,1487.3,41.86,14292.82
2105401,Itapecuru Mirim,2026,62264,1487.3,41.86,14292.82
2105427,Itinga do Maranhão,2008,25866,3599.7,7.19,5789.65
2105427,Itinga do Maranhão,2009,26125,3599.7,7.26,5184.65
2105427,Itinga do Maranhão,2010,25561,3599.7,7.1,5322.52
2105427,Itinga do Maranhão,2011,24997,3599.7,6.94,5959.32
2105427,Itinga do Maranhão,2012,25125,3599.7,6.98,6297.91
2105427,Itinga do Maranhão,2013,25269,3599.7,7.02,7661.05
2105427,Itinga do Maranhão,2014,25357,3599.7,7.04,8682.45
2105427,Itinga do Maranhão,2015,25440,3599.7,7.07,9074.21
2105427,Itinga do Maranhão,2016,25518,3599.7,7.09,10580.81
2105427,Itinga do Maranhão,2017,25589,3599.7,7.11,11078.71
2105427,Itinga do Maranhão,2018,25932,3599.7,7.2,12220.54
2105427,Itinga do Maranhão,2019,26000,3599.7,7.22,12586.81
2105427,Itinga do Maranhão,2020,26068,3599.7,7.24,15585.62
2105427,Itinga do Maranhão,2021,26134,3599.7,7.26,18719.91
2105427,Itinga do Maranhão,2022,25067,3599.7,6.96,25442.17
2105427,Itinga do Maranhão,2023,24001,3599.7,6.67,28645.22
2105427,Itinga do Maranhão,2024,22934,3599.7,6.37,29977.94
2105427,Itinga do Maranhão,2025,22896,3599.7,6.36,30027.69
2105427,Itinga do Maranhão,2026,22896,3599.7,6.36,30027.69
2105450,Jatobá,2008,8557,594.0,14.41,2615.64
2105450,Jatobá,2009,8909,594.0,15.0,2235.38
2105450,Jatobá,2010,8851,594.0,14.9,3299.18
2105450,Jatobá,2011,8793,594.0,14.8,3999.43
2105450,Jatobá,2012,9051,594.0,15.24,3881.67
2105450,Jatobá,2013,9360,594.0,15.76,3908.23
2105450,Jatobá,2014,9596,594.0,16.15,5089.83
2105450,Jatobá,2015,9819,594.0,16.53,4971.99
2105450,Jatobá,2016,10027,594.0,16.88,5579.83
2105450,Jatobá,2017,10221,594.0,17.21,5862.93
2105450,Jatobá,2018,9993,594.0,16.82,6486.34
2105450,Jatobá,2019,10153,594.0,17.09,6565.15
2105450,Jatobá,2020,10310,594.0,17.36,7091.85
2105450,Jatobá,2021,10464,594.0,17.62,7233.28
2105450,Jatobá,2022,9513,594.0,16.02,8264.38
2105450,Jatobá,2023,8561,594.0,14.41,9748.86
2105450,Jatobá,2024,7610,594.0,12.81,10967.15
2105450,Jatobá,2025,7593,594.0,12.78,10991.7
2105450,Jatobá,2026,7593,594.0,12.78,10991.7
2105476,Jenipapo dos Vieiras,2008,15270,1970.9,7.75,2770.73
2105476,Jenipapo dos Vieiras,2009,15438,1970.9,7.83,2971.76
2105476,Jenipapo dos Vieiras,2010,15514,1970.9,7.87,3063.75
2105476,Jenipapo dos Vieiras,2011,15589,1970.9,7.91,3556.29
2105476,Jenipapo dos Vieiras,2012,15733,1970.9,7.98,3844.53
2105476,Jenipapo dos Vieiras,2013,15899,1970.9,8.07,4175.86
2105476,Jenipapo dos Vieiras,2014,16015,1970.9,8.13,4803.93
2105476,Jenipapo dos Vieiras,2015,16124,1970.9,8.18,5004.16
2105476,Jenipapo dos Vieiras,2016,16226,1970.9,8.23,5363.37
2105476,Jenipapo dos Vieiras,2017,16321,1970.9,8.28,5465.54
2105476,Jenipapo dos Vieiras,2018,16432,1970.9,8.34,5693.83
2105476,Jenipapo dos Vieiras,2019,16515,1970.9,8.38,6143.14
2105476,Jenipapo dos Vieiras,2020,17040,1970.9,8.65,6279.69
2105476,Jenipapo dos Vieiras,2021,17123,1970.9,8.69,7342.93
2105476,Jenipapo dos Vieiras,2022,17248,1970.9,8.75,8070.21
2105476,Jenipapo dos Vieiras,2023,17374,1970.9,8.82,10022.16
2105476,Jenipapo dos Vieiras,2024,17499,1970.9,8.88,9950.57
2105476,Jenipapo dos Vieiras,2025,17529,1970.9,8.89,9933.54
2105476,Jenipapo dos Vieiras,2026,17529,1970.9,8.89,9933.54
2105500,João Lisboa,2008,20482,1142.0,17.94,4083.44
2105500,João Lisboa,2009,20395,1142.0,17.86,4278.94
2105500,João Lisboa,2010,22018,1142.0,19.28,4792.08
2105500,João Lisboa,2011,23641,1142.0,20.7,5085.53
2105500,João Lisboa,2012,23561,1142.0,20.63,5640.93
2105500,João Lisboa,2013,23450,1142.0,20.53,5839.1
2105500,João Lisboa,2014,23338,1142.0,20.44,7421.5
2105500,João Lisboa,2015,23232,1142.0,20.34,7745.65
2105500,João Lisboa,2016,23133,1142.0,20.26,8711.11
2105500,João Lisboa,2017,23042,1142.0,20.18,8252.1
2105500,João Lisboa,2018,23696,1142.0,20.75,9134.03
2105500,João Lisboa,2019,23632,1142.0,20.69,9042.82
2105500,João Lisboa,2020,23740,1142.0,20.79,9851.47
2105500,João Lisboa,2021,23677,1142.0,20.73,11429.28
2105500,João Lisboa,2022,24214,1142.0,21.2,13016.48
2105500,João Lisboa,2023,24750,1142.0,21.67,14654.22
2105500,João Lisboa,2024,25287,1142.0,22.14,14343.02
2105500,João Lisboa,2025,25311,1142.0,22.16,14329.42
2105500,João Lisboa,2026,25311,1142.0,22.16,14329.42
2105609,Joselândia,2008,16054,706.1,22.74,2826.9
2105609,Joselândia,2009,16188,706.1,22.93,3134.67
2105609,Joselândia,2010,15907,706.1,22.53,3488.34
2105609,Joselândia,2011,15626,706.1,22.13,4291.18
2105609,Joselândia,2012,15688,706.1,22.22,4120.03
2105609,Joselândia,2013,15755,706.1,22.31,4667.72
2105609,Joselândia,2014,15792,706.1,22.37,5606.13
2105609,Joselândia,2015,15827,706.1,22.41,5141.78
2105609,Joselândia,2016,15861,706.1,22.46,6104.79
2105609,Joselândia,2017,15891,706.1,22.51,6133.6
2105609,Joselândia,2018,16136,706.1,22.85,5357.71
2105609,Joselândia,2019,16168,706.1,22.9,5792.24
2105609,Joselândia,2020,16198,706.1,22.94,7032.66
2105609,Joselândia,2021,16228,706.1,22.98,7181.6
2105609,Joselândia,2022,15897,706.1,22.51,8855.88
2105609,Joselândia,2023,15566,706.1,22.05,8979.44
2105609,Joselândia,2024,15235,706.1,21.58,9174.53
2105609,Joselândia,2025,15227,706.1,21.56,9179.35
2105609,Joselândia,2026,15227,706.1,21.56,9179.35
2105658,Junco do Maranhão,2008,4101,571.0,7.18,3854.18
2105658,Junco do Maranhão,2009,3950,571.0,6.92,4639.49
2105658,Junco do Maranhão,2010,3927,571.0,6.88,5265.09
2105658,Junco do Maranhão,2011,3904,571.0,6.84,6062.24
2105658,Junco do Maranhão,2012,3792,571.0,6.64,7138.98
2105658,Junco do Maranhão,2013,3653,571.0,6.4,8120.18
2105658,Junco do Maranhão,2014,3539,571.0,6.2,8508.9
2105658,Junco do Maranhão,2015,3431,571.0,6.01,9657.53
2105658,Junco do Maranhão,2016,3330,571.0,5.83,11889.79
2105658,Junco do Maranhão,2017,3237,571.0,5.67,13076.92
2105658,Junco do Maranhão,2018,3506,571.0,6.14,13041.64
2105658,Junco do Maranhão,2019,3432,571.0,6.01,12669.87
2105658,Junco do Maranhão,2020,4392,571.0,7.69,11898.91
2105658,Junco do Maranhão,2021,4334,571.0,7.59,14236.5
2105658,Junco do Maranhão,2022,4648,571.0,8.14,14592.51
2105658,Junco do Maranhão,2023,4961,571.0,8.69,14410.6
2105658,Junco do Maranhão,2024,5275,571.0,9.24,13552.8
2105658,Junco do Maranhão,2025,5282,571.0,9.25,13534.84
2105658,Junco do Maranhão,2026,5282,571.0,9.25,13534.84
2105708,Lago da Pedra,2008,43947,1246.0,35.27,4065.47
2105708,Lago da Pedra,2009,44272,1246.0,35.53,3989.41
2105708,Lago da Pedra,2010,45486,1246.0,36.51,3863.17
2105708,Lago da Pedra,2011,46701,1246.0,37.48,4227.06
2105708,Lago da Pedra,2012,47298,1246.0,37.96,4902.91
2105708,Lago da Pedra,2013,48002,1246.0,38.52,5293.05
2105708,Lago da Pedra,2014,48511,1246.0,38.93,5831.32
2105708,Lago da Pedra,2015,48992,1246.0,39.32,6649.68
2105708,Lago da Pedra,2016,49440,1246.0,39.68,7331.27
2105708,Lago da Pedra,2017,49856,1246.0,40.01,7350.49
2105708,Lago da Pedra,2018,49911,1246.0,40.06,7920.58
2105708,Lago da Pedra,2019,50266,1246.0,40.34,8240.64
2105708,Lago da Pedra,2020,50616,1246.0,40.62,8353.84
2105708,Lago da Pedra,2021,50959,1246.0,40.9,10800.92
2105708,Lago da Pedra,2022,49264,1246.0,39.54,11234.61
2105708,Lago da Pedra,2023,47570,1246.0,38.18,13057.56
2105708,Lago da Pedra,2024,45875,1246.0,36.82,13540.01
2105708,Lago da Pedra,2025,45865,1246.0,36.81,13542.96
2105708,Lago da Pedra,2026,45865,1246.0,36.81,13542.96
2105807,Lago do Junco,2008,9890,330.0,29.97,2492.82
2105807,Lago do Junco,2009,9888,330.0,29.96,2969.56
2105807,Lago do Junco,2010,10343,330.0,31.34,3252.34
2105807,Lago do Junco,2011,10798,330.0,32.72,3722.91
2105807,Lago do Junco,2012,10865,330.0,32.92,3816.11
2105807,Lago do Junco,2013,9873,330.0,29.92,4475.54
2105807,Lago do Junco,2014,10565,330.0,32.02,4923.99
2105807,Lago do Junco,2015,10602,330.0,32.13,5367.01
2105807,Lago do Junco,2016,10638,330.0,32.24,6316.98
2105807,Lago do Junco,2017,10672,330.0,32.34,6157.23
2105807,Lago do Junco,2018,10808,330.0,32.75,6396.93
2105807,Lago do Junco,2019,10840,330.0,32.85,6458.3
2105807,Lago do Junco,2020,10869,330.0,32.94,6342.81
2105807,Lago do Junco,2021,10900,330.0,33.03,7948.44
2105807,Lago do Junco,2022,10500,330.0,31.82,9395.62
2105807,Lago do Junco,2023,10100,330.0,30.61,10719.21
2105807,Lago do Junco,2024,9700,330.0,29.39,11161.24
2105807,Lago do Junco,2025,9687,330.0,29.35,11176.22
2105807,Lago do Junco,2026,9687,330.0,29.35,11176.22
2105906,Lago Verde,2008,15014,634.2,23.67,3229.39
2105906,Lago Verde,2009,15103,634.2,23.81,3182.22
2105906,Lago Verde,2010,15312,634.2,24.14,3214.28
2105906,Lago Verde,2011,15520,634.2,24.47,4160.7
2105906,Lago Verde,2012,15624,634.2,24.64,4481.25
2105906,Lago Verde,2013,15742,634.2,24.82,4854.53
2105906,Lago Verde,2014,15820,634.2,24.94,5350.51
2105906,Lago Verde,2015,15893,634.2,25.06,5551.82
2105906,Lago Verde,2016,15962,634.2,25.17,6101.99
2105906,Lago Verde,2017,16025,634.2,25.27,6192.26
2105906,Lago Verde,2018,16199,634.2,25.54,6504.91
2105906,Lago Verde,2019,16257,634.2,25.63,7160.24
2105906,Lago Verde,2020,16314,634.2,25.72,8012.01
2105906,Lago Verde,2021,16369,634.2,25.81,8292.08
2105906,Lago Verde,2022,15938,634.2,25.13,9303.74
2105906,Lago Verde,2023,15508,634.2,24.45,10923.72
2105906,Lago Verde,2024,15077,634.2,23.77,11235.99
2105906,Lago Verde,2025,15069,634.2,23.76,11241.95
2105906,Lago Verde,2026,15069,634.2,23.76,11241.95
2105922,Lagoa do Mato,2008,10536,1519.6,6.93,2694.19
2105922,Lagoa do Mato,2009,10639,1519.6,7.0,3297.77
2105922,Lagoa do Mato,2010,10780,1519.6,7.09,3377.37
2105922,Lagoa do Mato,2011,10922,1519.6,7.19,3718.55
2105922,Lagoa do Mato,2012,10955,1519.6,7.21,3679.05
2105922,Lagoa do Mato,2013,10989,1519.6,7.23,4162.8
2105922,Lagoa do Mato,2014,11005,1519.6,7.24,5531.12
2105922,Lagoa do Mato,2015,11020,1519.6,7.25,5535.93
2105922,Lagoa do Mato,2016,11034,1519.6,7.26,6055.46
2105922,Lagoa do Mato,2017,11048,1519.6,7.27,6828.93
2105922,Lagoa do Mato,2018,11235,1519.6,7.39,6961.82
2105922,Lagoa do Mato,2019,11250,1519.6,7.4,6597.07
2105922,Lagoa do Mato,2020,11265,1519.6,7.41,7502.8
2105922,Lagoa do Mato,2021,11280,1519.6,7.42,8599.82
2105922,Lagoa do Mato,2022,11123,1519.6,7.32,15490.78
2105922,Lagoa do Mato,2023,10966,1519.6,7.22,19291.17
2105922,Lagoa do Mato,2024,10809,1519.6,7.11,19571.38
2105922,Lagoa do Mato,2025,10806,1519.6,7.11,19576.81
2105922,Lagoa do Mato,2026,10806,1519.6,7.11,19576.81
2105948,Lago dos Rodrigues,2008,7993,221.7,36.05,3803.95
2105948,Lago dos Rodrigues,2009,7940,221.7,35.81,4185.14
2105948,Lago dos Rodrigues,2010,7854,221.7,35.43,4507.0
2105948,Lago dos Rodrigues,2011,7769,221.7,35.04,5431.46
2105948,Lago dos Rodrigues,2012,7744,221.7,34.93,5216.04
2105948,Lago dos Rodrigues,2013,8775,221.7,39.58,5604.44
2105948,Lago dos Rodrigues,2014,8745,221.7,39.45,6828.47
2105948,Lago dos Rodrigues,2015,8716,221.7,39.31,6875.06
2105948,Lago dos Rodrigues,2016,8689,221.7,39.19,7931.52
2105948,Lago dos Rodrigues,2017,8664,221.7,39.08,8315.56
2105948,Lago dos Rodrigues,2018,8889,221.7,40.09,8951.63
2105948,Lago dos Rodrigues,2019,8873,221.7,40.02,8417.9
2105948,Lago dos Rodrigues,2020,8857,221.7,39.95,11773.96
2105948,Lago dos Rodrigues,2021,8841,221.7,39.88,9499.26
2105948,Lago dos Rodrigues,2022,8881,221.7,40.06,10283.08
2105948,Lago dos Rodrigues,2023,8921,221.7,40.24,11691.63
2105948,Lago dos Rodrigues,2024,8961,221.7,40.42,11639.44
2105948,Lago dos Rodrigues,2025,8962,221.7,40.42,11638.14
2105948,Lago dos Rodrigues,2026,8962,221.7,40.42,11638.14
2105963,Lagoa Grande do Maranhão,2008,9287,747.6,12.42,5963.07
2105963,Lagoa Grande do Maranhão,2009,9363,747.6,12.52,4007.58
2105963,Lagoa Grande do Maranhão,2010,11121,747.6,14.88,3654.62
2105963,Lagoa Grande do Maranhão,2011,12879,747.6,17.23,3884.31
2105963,Lagoa Grande do Maranhão,2012,12501,747.6,16.72,4423.89
2105963,Lagoa Grande do Maranhão,2013,12687,747.6,16.97,4917.4
2105963,Lagoa Grande do Maranhão,2014,12822,747.6,17.15,5007.49
2105963,Lagoa Grande do Maranhão,2015,11111,747.6,14.86,6411.12
2105963,Lagoa Grande do Maranhão,2016,11202,747.6,14.98,6117.48
2105963,Lagoa Grande do Maranhão,2017,11286,747.6,15.1,6394.83
2105963,Lagoa Grande do Maranhão,2018,11320,747.6,15.14,6942.58
2105963,Lagoa Grande do Maranhão,2019,11394,747.6,15.24,6757.24
2105963,Lagoa Grande do Maranhão,2020,11464,747.6,15.33,7489.1
2105963,Lagoa Grande do Maranhão,2021,11534,747.6,15.43,8880.87
2105963,Lagoa Grande do Maranhão,2022,11593,747.6,15.51,10072.63
2105963,Lagoa Grande do Maranhão,2023,11651,747.6,15.58,11054.07
2105963,Lagoa Grande do Maranhão,2024,11710,747.6,15.66,10998.38
2105963,Lagoa Grande do Maranhão,2025,11731,747.6,15.69,10978.69
2105963,Lagoa Grande do Maranhão,2026,11731,747.6,15.69,10978.69
2105989,Lajeado Novo,2008,6829,1068.4,6.39,3609.9
2105989,Lajeado Novo,2009,6937,1068.4,6.49,4246.65
2105989,Lajeado Novo,2010,6976,1068.4,6.53,4397.79
2105989,Lajeado Novo,2011,7016,1068.4,6.57,4924.17
2105989,Lajeado Novo,2012,7106,1068.4,6.65,5464.96
2105989,Lajeado Novo,2013,7211,1068.4,6.75,5667.59
2105989,Lajeado Novo,2014,7287,1068.4,6.82,6711.27
2105989,Lajeado Novo,2015,7359,1068.4,6.89,7267.84
2105989,Lajeado Novo,2016,7427,1068.4,6.95,9050.49
2105989,Lajeado Novo,2017,7489,1068.4,7.01,9408.07
2105989,Lajeado Novo,2018,7496,1068.4,7.02,10031.62
2105989,Lajeado Novo,2019,7550,1068.4,7.07,9785.3
2105989,Lajeado Novo,2020,7602,1068.4,7.12,11026.31
2105989,Lajeado Novo,2021,7653,1068.4,7.16,13258.46
2105989,Lajeado Novo,2022,7511,1068.4,7.03,15381.44
2105989,Lajeado Novo,2023,7369,1068.4,6.9,16657.89
2105989,Lajeado Novo,2024,7227,1068.4,6.76,16985.19
2105989,Lajeado Novo,2025,7232,1068.4,6.77,16973.45
2105989,Lajeado Novo,2026,7232,1068.4,6.77,16973.45
2106003,Lima Campos,2008,11706,323.3,36.21,2781.39
2106003,Lima Campos,2009,11794,323.3,36.48,3623.03
2106003,Lima Campos,2010,11634,323.3,35.99,3374.25
2106003,Lima Campos,2011,11475,323.3,35.49,4201.74
2106003,Lima Campos,2012,11525,323.3,35.65,4798.0
2106003,Lima Campos,2013,11580,323.3,35.82,5654.49
2106003,Lima Campos,2014,11612,323.3,35.92,6271.18
2106003,Lima Campos,2015,11642,323.3,36.01,13406.2
2106003,Lima Campos,2016,11670,323.3,36.1,11376.69
2106003,Lima Campos,2017,11695,323.3,36.17,12870.29
2106003,Lima Campos,2018,11867,323.3,36.71,14440.63
2106003,Lima Campos,2019,11893,323.3,36.79,12438.83
2106003,Lima Campos,2020,11918,323.3,36.86,11809.03
2106003,Lima Campos,2021,11943,323.3,36.94,22987.44
2106003,Lima Campos,2022,11815,323.3,36.55,23309.18
2106003,Lima Campos,2023,11686,323.3,36.15,20350.59
2106003,Lima Campos,2024,11558,323.3,35.75,20575.96
2106003,Lima Campos,2025,11559,323.3,35.75,20574.18
2106003,Lima Campos,2026,11559,323.3,35.75,20574.18
2106102,Loreto,2008,10646,3613.2,2.95,6320.87
2106102,Loreto,2009,10701,3613.2,2.96,8377.44
2106102,Loreto,2010,11098,3613.2,3.07,7831.86
2106102,Loreto,2011,11495,3613.2,3.18,6207.66
2106102,Loreto,2012,11597,3613.2,3.21,8990.69
2106102,Loreto,2013,11714,3613.2,3.24,11105.86
2106102,Loreto,2014,11795,3613.2,3.26,12086.48
2106102,Loreto,2015,11871,3613.2,3.29,12981.8
2106102,Loreto,2016,11943,3613.2,3.31,9716.4
2106102,Loreto,2017,12009,3613.2,3.32,15982.68
2106102,Loreto,2018,12098,3613.2,3.35,18284.26
2106102,Loreto,2019,12157,3613.2,3.36,15896.52
2106102,Loreto,2020,12214,3613.2,3.38,28819.47
2106102,Loreto,2021,12271,3613.2,3.4,33678.02
2106102,Loreto,2022,12139,3613.2,3.36,43444.27
2106102,Loreto,2023,12008,3613.2,3.32,32557.21
2106102,Loreto,2024,11876,3613.2,3.29,32919.08
2106102,Loreto,2025,11884,3613.2,3.29,32896.92
2106102,Loreto,2026,11884,3613.2,3.29,32896.92
2106201,Luís Domingues,2008,6884,474.4,14.51,2238.52
2106201,Luís Domingues,2009,6997,474.4,14.75,2590.4
2106201,Luís Domingues,2010,6784,474.4,14.3,2846.7
2106201,Luís Domingues,2011,6571,474.4,13.85,3351.54
2106201,Luís Domingues,2012,6629,474.4,13.97,3996.83
2106201,Luís Domingues,2013,6697,474.4,14.12,4737.79
2106201,Luís Domingues,2014,6744,474.4,14.22,5167.26
2106201,Luís Domingues,2015,6788,474.4,14.31,4916.62
2106201,Luís Domingues,2016,6829,474.4,14.4,5536.97
2106201,Luís Domingues,2017,6867,474.4,14.48,6998.54
2106201,Luís Domingues,2018,6917,474.4,14.58,7188.81
2106201,Luís Domingues,2019,6951,474.4,14.65,6624.8
2106201,Luís Domingues,2020,6984,474.4,14.72,7438.57
2106201,Luís Domingues,2021,7016,474.4,14.79,8172.32
2106201,Luís Domingues,2022,7128,474.4,15.03,9316.92
2106201,Luís Domingues,2023,7239,474.4,15.26,10049.32
2106201,Luís Domingues,2024,7351,474.4,15.5,9896.2
2106201,Luís Domingues,2025,7366,474.4,15.53,9876.05
2106201,Luís Domingues,2026,7366,474.4,15.53,9876.05
2106300,Magalhães de Almeida,2008,14653,436.3,33.58,3424.69
2106300,Magalhães de Almeida,2009,14808,436.3,33.94,3753.11
2106300,Magalhães de Almeida,2010,16373,436.3,37.53,3171.69
2106300,Magalhães de Almeida,2011,17938,436.3,41.11,3621.31
2106300,Magalhães de Almeida,2012,18277,436.3,41.89,3917.44
2106300,Magalhães de Almeida,2013,18680,436.3,42.81,4701.23
2106300,Magalhães de Almeida,2014,18982,436.3,43.51,5444.16
2106300,Magalhães de Almeida,2015,19267,436.3,44.16,4922.72
2106300,Magalhães de Almeida,2016,19532,436.3,44.77,5608.03
2106300,Magalhães de Almeida,2017,19779,436.3,45.33,5837.91
2106300,Magalhães de Almeida,2018,19620,436.3,44.97,6262.95
2106300,Magalhães de Almeida,2019,19826,436.3,45.44,5957.68
2106300,Magalhães de Almeida,2020,20029,436.3,45.91,6327.58
2106300,Magalhães de Almeida,2021,20228,436.3,46.36,6968.66
2106300,Magalhães de Almeida,2022,18152,436.3,41.6,9355.99
2106300,Magalhães de Almeida,2023,16077,436.3,36.85,11293.59
2106300,Magalhães de Almeida,2024,14001,436.3,32.09,12968.15
2106300,Magalhães de Almeida,2025,13933,436.3,31.93,13031.44
2106300,Magalhães de Almeida,2026,13933,436.3,31.93,13031.44
2106326,Maracaçumé,2008,18098,638.6,28.34,3171.01
2106326,Maracaçumé,2009,18414,638.6,28.83,4055.72
2106326,Maracaçumé,2010,18990,638.6,29.74,4404.16
2106326,Maracaçumé,2011,19566,638.6,30.64,4258.61
2106326,Maracaçumé,2012,19887,638.6,31.14,4828.28
2106326,Maracaçumé,2013,20268,638.6,31.74,5132.38
2106326,Maracaçumé,2014,20549,638.6,32.18,6026.42
2106326,Maracaçumé,2015,20815,638.6,32.59,6557.77
2106326,Maracaçumé,2016,21063,638.6,32.98,7399.61
2106326,Maracaçumé,2017,21293,638.6,33.34,7519.42
2106326,Maracaçumé,2018,21201,638.6,33.2,8418.75
2106326,Maracaçumé,2019,21395,638.6,33.5,8037.63
2106326,Maracaçumé,2020,21586,638.6,33.8,8452.52
2106326,Maracaçumé,2021,21773,638.6,34.09,9579.48
2106326,Maracaçumé,2022,21744,638.6,34.05,11503.4
2106326,Maracaçumé,2023,21715,638.6,34.0,12675.39
2106326,Maracaçumé,2024,21686,638.6,33.96,12692.34
2106326,Maracaçumé,2025,21730,638.6,34.03,12666.64
2106326,Maracaçumé,2026,21730,638.6,34.03,12666.64
2106359,Marajá do Sena,2008,6979,1408.4,4.96,8070.93
2106359,Marajá do Sena,2009,6954,1408.4,4.94,4715.27
2106359,Marajá do Sena,2010,7363,1408.4,5.23,4848.16
2106359,Marajá do Sena,2011,7772,1408.4,5.52,5255.15
2106359,Marajá do Sena,2012,7751,1408.4,5.5,5622.89
2106359,Marajá do Sena,2013,7721,1408.4,5.48,6632.3
2106359,Marajá do Sena,2014,7689,1408.4,5.46,6581.87
2106359,Marajá do Sena,2015,7658,1408.4,5.44,6182.55
2106359,Marajá do Sena,2016,7630,1408.4,5.42,6491.61
2106359,Marajá do Sena,2017,7604,1408.4,5.4,6639.93
2106359,Marajá do Sena,2018,7810,1408.4,5.55,7608.07
2106359,Marajá do Sena,2019,7792,1408.4,5.53,7823.15
2106359,Marajá do Sena,2020,7775,1408.4,5.52,8529.0
2106359,Marajá do Sena,2021,7757,1408.4,5.51,11706.07
2106359,Marajá do Sena,2022,7560,1408.4,5.37,12024.34
2106359,Marajá do Sena,2023,7362,1408.4,5.23,15759.71
2106359,Marajá do Sena,2024,7165,1408.4,5.09,16193.02
2106359,Marajá do Sena,2025,7153,1408.4,5.08,16220.19
2106359,Marajá do Sena,2026,7153,1408.4,5.08,16220.19
2106375,Maranhãozinho,2008,12299,764.2,16.09,2614.93
2106375,Maranhãozinho,2009,12684,764.2,16.6,2713.1
2106375,Maranhãozinho,2010,13401,764.2,17.54,3183.34
2106375,Maranhãozinho,2011,14118,764.2,18.47,3467.7
2106375,Maranhãozinho,2012,14524,764.2,19.01,3901.96
2106375,Maranhãozinho,2013,15011,764.2,19.64,4516.55
2106375,Maranhãozinho,2014,15384,764.2,20.13,5022.1
2106375,Maranhãozinho,2015,15734,764.2,20.59,5189.21
2106375,Maranhãozinho,2016,16062,764.2,21.02,5613.25
2106375,Maranhãozinho,2017,16366,764.2,21.42,5746.91
2106375,Maranhãozinho,2018,16013,764.2,20.95,6159.87
2106375,Maranhãozinho,2019,16265,764.2,21.28,6213.77
2106375,Maranhãozinho,2020,16511,764.2,21.61,6290.35
2106375,Maranhãozinho,2021,16754,764.2,21.92,7216.78
2106375,Maranhãozinho,2022,15865,764.2,20.76,9027.92
2106375,Maranhãozinho,2023,14975,764.2,19.6,9793.92
2106375,Maranhãozinho,2024,14086,764.2,18.43,10412.04
2106375,Maranhãozinho,2025,14092,764.2,18.44,10407.61
2106375,Maranhãozinho,2026,14092,764.2,18.44,10407.61
2106409,Mata Roma,2008,14252,550.9,25.87,3942.74
2106409,Mata Roma,2009,14491,550.9,26.3,4046.72
2106409,Mata Roma,2010,14950,550.9,27.14,4088.09
2106409,Mata Roma,2011,15408,550.9,27.97,4966.84
2106409,Mata Roma,2012,15657,550.9,28.42,4949.48
2106409,Mata Roma,2013,15951,550.9,28.95,5186.13
2106409,Mata Roma,2014,16169,550.9,29.35,6628.49
2106409,Mata Roma,2015,16375,550.9,29.72,6329.16
2106409,Mata Roma,2016,16567,550.9,30.07,6642.48
2106409,Mata Roma,2017,16745,550.9,30.4,7313.35
2106409,Mata Roma,2018,16679,550.9,30.28,8787.58
2106409,Mata Roma,2019,16829,550.9,30.55,8629.81
2106409,Mata Roma,2020,16977,550.9,30.82,10084.64
2106409,Mata Roma,2021,17122,550.9,31.08,10465.83
2106409,Mata Roma,2022,17260,550.9,31.33,11816.11
2106409,Mata Roma,2023,17399,550.9,31.58,13006.67
2106409,Mata Roma,2024,17537,550.9,31.83,12904.32
2106409,Mata Roma,2025,17581,550.9,31.91,12872.02
2106409,Mata Roma,2026,17581,550.9,31.91,12872.02
2106508,Matinha,2008,21037,412.5,51.0,2783.48
2106508,Matinha,2009,21204,412.5,51.4,2963.36
2106508,Matinha,2010,21646,412.5,52.48,3210.85
2106508,Matinha,2011,22089,412.5,53.55,3728.55
2106508,Matinha,2012,22286,412.5,54.03,4133.09
2106508,Matinha,2013,22515,412.5,54.58,4480.04
2106508,Matinha,2014,22673,412.5,54.96,5256.91
2106508,Matinha,2015,22822,412.5,55.33,5670.67
2106508,Matinha,2016,22962,412.5,55.67,6116.19
2106508,Matinha,2017,23091,412.5,55.98,6718.42
2106508,Matinha,2018,23256,412.5,56.38,6940.45
2106508,Matinha,2019,23370,412.5,56.65,7072.66
2106508,Matinha,2020,23482,412.5,56.93,7568.78
2106508,Matinha,2021,23591,412.5,57.19,8339.79
2106508,Matinha,2022,23237,412.5,56.33,9107.67
2106508,Matinha,2023,22884,412.5,55.48,10161.42
2106508,Matinha,2024,22530,412.5,54.62,10321.08
2106508,Matinha,2025,22540,412.5,54.64,10316.5
2106508,Matinha,2026,22540,412.5,54.64,10316.5
2106607,Matões,2008,29134,2118.0,13.76,2396.68
2106607,Matões,2009,29386,2118.0,13.87,2543.86
2106607,Matões,2010,30346,2118.0,14.33,2923.48
2106607,Matões,2011,31307,2118.0,14.78,3203.79
2106607,Matões,2012,32216,2118.0,15.21,3222.34
2106607,Matões,2013,32545,2118.0,15.37,3522.35
2106607,Matões,2014,32773,2118.0,15.47,4182.1
2106607,Matões,2015,32988,2118.0,15.58,4599.98
2106607,Matões,2016,33188,2118.0,15.67,5091.57
2106607,Matões,2017,33374,2118.0,15.76,5227.84
2106607,Matões,2018,33615,2118.0,15.87,5488.92
2106607,Matões,2019,33782,2118.0,15.95,5813.95
2106607,Matões,2020,33943,2118.0,16.03,6204.99
2106607,Matões,2021,34099,2118.0,16.1,7517.73
2106607,Matões,2022,33833,2118.0,15.97,9375.11
2106607,Matões,2023,33566,2118.0,15.85,9962.49
2106607,Matões,2024,33300,2118.0,15.72,10042.07
2106607,Matões,2025,33327,2118.0,15.74,10033.94
2106607,Matões,2026,33327,2118.0,15.74,10033.94
2106631,Matões do Norte,2008,10944,797.9,13.72,2720.21
2106631,Matões do Norte,2009,11295,797.9,14.16,3103.67
2106631,Matões do Norte,2010,12789,797.9,16.03,3299.71
2106631,Matões do Norte,2011,14283,797.9,17.9,3273.96
2106631,Matões do Norte,2012,14755,797.9,18.49,3355.0
2106631,Matões do Norte,2013,15322,797.9,19.2,3579.43
2106631,Matões do Norte,2014,15758,797.9,19.75,4186.13
2106631,Matões do Norte,2015,16169,797.9,20.26,4228.52
2106631,Matões do Norte,2016,16552,797.9,20.74,4834.4
2106631,Matões do Norte,2017,16908,797.9,21.19,4689.91
2106631,Matões do Norte,2018,16451,797.9,20.62,4778.49
2106631,Matões do Norte,2019,16745,797.9,20.99,4475.19
2106631,Matões do Norte,2020,17033,797.9,21.35,4920.62
2106631,Matões do Norte,2021,17316,797.9,21.7,5735.45
2106631,Matões do Norte,2022,17526,797.9,21.97,6721.21
2106631,Matões do Norte,2023,17735,797.9,22.23,7590.92
2106631,Matões do Norte,2024,17945,797.9,22.49,7502.09
2106631,Matões do Norte,2025,18021,797.9,22.59,7470.45
2106631,Matões do Norte,2026,18021,797.9,22.59,7470.45
2106672,Milagres do Maranhão,2008,7838,637.4,12.3,3836.82
2106672,Milagres do Maranhão,2009,7854,637.4,12.32,4168.58
2106672,Milagres do Maranhão,2010,8006,637.4,12.56,3846.49
2106672,Milagres do Maranhão,2011,8157,637.4,12.8,4778.72
2106672,Milagres do Maranhão,2012,8195,637.4,12.86,4222.21
2106672,Milagres do Maranhão,2013,8237,637.4,12.92,4463.28
2106672,Milagres do Maranhão,2014,8261,637.4,12.96,5772.67
2106672,Milagres do Maranhão,2015,8284,637.4,13.0,5275.59
2106672,Milagres do Maranhão,2016,8306,637.4,13.03,5475.56
2106672,Milagres do Maranhão,2017,8326,637.4,13.06,6038.67
2106672,Milagres do Maranhão,2018,8445,637.4,13.25,6303.02
2106672,Milagres do Maranhão,2019,8464,637.4,13.28,5881.5
2106672,Milagres do Maranhão,2020,8483,637.4,13.31,8176.59
2106672,Milagres do Maranhão,2021,8502,637.4,13.34,7567.75
2106672,Milagres do Maranhão,2022,8684,637.4,13.62,9448.18
2106672,Milagres do Maranhão,2023,8866,637.4,13.91,10604.22
2106672,Milagres do Maranhão,2024,9048,637.4,14.2,10390.92
2106672,Milagres do Maranhão,2025,9065,637.4,14.22,10371.43
2106672,Milagres do Maranhão,2026,9065,637.4,14.22,10371.43
2106706,Mirador,2008,19999,8559.2,2.34,2997.65
2106706,Mirador,2009,19991,8559.2,2.34,3562.3
2106706,Mirador,2010,20243,8559.2,2.37,4138.47
2106706,Mirador,2011,20495,8559.2,2.39,4461.14
2106706,Mirador,2012,20537,8559.2,2.4,5100.84
2106706,Mirador,2013,20576,8559.2,2.4,5580.87
2106706,Mirador,2014,20586,8559.2,2.41,6624.4
2106706,Mirador,2015,20596,8559.2,2.41,7583.8
2106706,Mirador,2016,20605,8559.2,2.41,7267.65
2106706,Mirador,2017,20613,8559.2,2.41,8720.86
2106706,Mirador,2018,21000,8559.2,2.45,9794.62
2106706,Mirador,2019,21015,8559.2,2.46,8613.75
2106706,Mirador,2020,21031,8559.2,2.46,10942.42
2106706,Mirador,2021,21045,8559.2,2.46,13200.81
2106706,Mirador,2022,21203,8559.2,2.48,18011.6
2106706,Mirador,2023,21360,8559.2,2.5,18251.73
2106706,Mirador,2024,21518,8559.2,2.51,18117.72
2106706,Mirador,2025,21536,8559.2,2.52,18102.57
2106706,Mirador,2026,21536,8559.2,2.52,18102.57
2106755,Miranda do Norte,2008,18288,342.6,53.38,2866.8
2106755,Miranda do Norte,2009,18494,342.6,53.98,5219.69
2106755,Miranda do Norte,2010,21780,342.6,63.57,10100.96
2106755,Miranda do Norte,2011,25065,342.6,73.16,8922.56
2106755,Miranda do Norte,2012,25681,342.6,74.96,9832.91
2106755,Miranda do Norte,2013,26419,342.6,77.11,9501.08
2106755,Miranda do Norte,2014,26979,342.6,78.75,12332.37
2106755,Miranda do Norte,2015,27507,342.6,80.29,16821.17
2106755,Miranda do Norte,2016,27999,342.6,81.73,16786.35
2106755,Miranda do Norte,2017,28456,342.6,83.06,17140.57
2106755,Miranda do Norte,2018,28001,342.6,81.73,19131.53
2106755,Miranda do Norte,2019,28381,342.6,82.84,16968.78
2106755,Miranda do Norte,2020,28754,342.6,83.93,18229.81
2106755,Miranda do Norte,2021,29121,342.6,85.0,27079.43
2106755,Miranda do Norte,2022,27540,342.6,80.39,19556.17
2106755,Miranda do Norte,2023,25958,342.6,75.77,22280.84
2106755,Miranda do Norte,2024,24377,342.6,71.15,23725.89
2106755,Miranda do Norte,2025,24373,342.6,71.14,23729.78
2106755,Miranda do Norte,2026,24373,342.6,71.14,23729.78
2106805,Mirinzal,2008,14201,690.0,20.58,2476.02
2106805,Mirinzal,2009,14311,690.0,20.74,3000.35
2106805,Mirinzal,2010,14312,690.0,20.74,2887.65
2106805,Mirinzal,2011,14312,690.0,20.74,3412.66
2106805,Mirinzal,2012,14402,690.0,20.87,3638.52
2106805,Mirinzal,2013,14504,690.0,21.02,3924.16
2106805,Mirinzal,2014,14570,690.0,21.12,4442.96
2106805,Mirinzal,2015,14632,690.0,21.21,5280.96
2106805,Mirinzal,2016,14690,690.0,21.29,5804.29
2106805,Mirinzal,2017,14744,690.0,21.37,6165.29
2106805,Mirinzal,2018,14913,690.0,21.61,6808.09
2106805,Mirinzal,2019,14962,690.0,21.68,6857.51
2106805,Mirinzal,2020,15011,690.0,21.76,6985.61
2106805,Mirinzal,2021,15059,690.0,21.82,7440.73
2106805,Mirinzal,2022,14805,690.0,21.46,8231.88
2106805,Mirinzal,2023,14551,690.0,21.09,9156.42
2106805,Mirinzal,2024,14297,690.0,20.72,9319.09
2106805,Mirinzal,2025,14298,690.0,20.72,9318.44
2106805,Mirinzal,2026,14298,690.0,20.72,9318.44
2106904,Monção,2008,28386,1251.2,22.69,2784.86
2106904,Monção,2009,28602,1251.2,22.86,3023.39
2106904,Monção,2010,30380,1251.2,24.28,3115.47
2106904,Monção,2011,32157,1251.2,25.7,3488.79
2106904,Monção,2012,31717,1251.2,25.35,3857.58
2106904,Monção,2013,32180,1251.2,25.72,4557.55
2106904,Monção,2014,32516,1251.2,25.99,4850.1
2106904,Monção,2015,32833,1251.2,26.24,5130.45
2106904,Monção,2016,32884,1251.2,26.28,5730.81
2106904,Monção,2017,33156,1251.2,26.5,6005.85
2106904,Monção,2018,33201,1251.2,26.54,6532.63
2106904,Monção,2019,33434,1251.2,26.72,6998.86
2106904,Monção,2020,33664,1251.2,26.91,7083.56
2106904,Monção,2021,33888,1251.2,27.08,7602.54
2106904,Monção,2022,32127,1251.2,25.68,9045.48
2106904,Monção,2023,30367,1251.2,24.27,9232.62
2106904,Monção,2024,28606,1251.2,22.86,9800.99
2106904,Monção,2025,28563,1251.2,22.83,9815.74
2106904,Monção,2026,28563,1251.2,22.83,9815.74
2107001,Montes Altos,2008,9055,1494.9,6.06,3492.44
2107001,Montes Altos,2009,8914,1494.9,5.96,3568.66
2107001,Montes Altos,2010,9128,1494.9,6.11,3632.56
2107001,Montes Altos,2011,9342,1494.9,6.25,3913.08
2107001,Montes Altos,2012,9272,1494.9,6.2,4331.64
2107001,Montes Altos,2013,9183,1494.9,6.14,4855.28
2107001,Montes Altos,2014,9102,1494.9,6.09,5496.26
2107001,Montes Altos,2015,9026,1494.9,6.04,5978.06
2107001,Montes Altos,2016,8955,1494.9,5.99,6703.96
2107001,Montes Altos,2017,8889,1494.9,5.95,6952.08
2107001,Montes Altos,2018,9209,1494.9,6.16,7165.06
2107001,Montes Altos,2019,9160,1494.9,6.13,6853.49
2107001,Montes Altos,2020,9111,1494.9,6.09,7894.96
2107001,Montes Altos,2021,9064,1494.9,6.06,9541.81
2107001,Montes Altos,2022,9146,1494.9,6.12,11437.24
2107001,Montes Altos,2023,9227,1494.9,6.17,12946.03
2107001,Montes Altos,2024,9309,1494.9,6.23,12831.99
2107001,Montes Altos,2025,9306,1494.9,6.23,12836.13
2107001,Montes Altos,2026,9306,1494.9,6.23,12836.13
2107100,Morros,2008,17620,1719.6,10.25,2195.97
2107100,Morros,2009,17916,1719.6,10.42,2567.54
2107100,Morros,2010,17972,1719.6,10.45,2936.85
2107100,Morros,2011,18028,1719.6,10.48,3586.2
2107100,Morros,2012,18265,1719.6,10.62,3955.71
2107100,Morros,2013,18544,1719.6,10.78,4104.08
2107100,Morros,2014,18747,1719.6,10.9,5111.59
2107100,Morros,2015,18938,1719.6,11.01,5081.79
2107100,Morros,2016,19116,1719.6,11.12,5801.37
2107100,Morros,2017,19282,1719.6,11.21,6070.17
2107100,Morros,2018,19292,1719.6,11.22,6438.26
2107100,Morros,2019,19433,1719.6,11.3,6936.09
2107100,Morros,2020,19572,1719.6,11.38,6673.31
2107100,Morros,2021,19708,1719.6,11.46,7606.0
2107100,Morros,2022,19470,1719.6,11.32,8642.17
2107100,Morros,2023,19232,1719.6,11.18,9902.87
2107100,Morros,2024,18994,1719.6,11.05,10026.96
2107100,Morros,2025,19015,1719.6,11.06,10015.88
2107100,Morros,2026,19015,1719.6,11.06,10015.88
2107209,Nina Rodrigues,2008,10326,573.5,18.01,2133.26
2107209,Nina Rodrigues,2009,10527,573.5,18.36,2440.11
2107209,Nina Rodrigues,2010,11656,573.5,20.32,2646.53
2107209,Nina Rodrigues,2011,12785,573.5,22.29,2896.13
2107209,Nina Rodrigues,2012,13095,573.5,22.83,3314.01
2107209,Nina Rodrigues,2013,13465,573.5,23.48,3230.6
2107209,Nina Rodrigues,2014,13746,573.5,23.97,3712.93
2107209,Nina Rodrigues,2015,14012,573.5,24.43,3805.02
2107209,Nina Rodrigues,2016,14259,573.5,24.86,4189.21
2107209,Nina Rodrigues,2017,14489,573.5,25.26,4474.22
2107209,Nina Rodrigues,2018,14264,573.5,24.87,5066.95
2107209,Nina Rodrigues,2019,14454,573.5,25.2,5293.55
2107209,Nina Rodrigues,2020,14642,573.5,25.53,5619.04
2107209,Nina Rodrigues,2021,14826,573.5,25.85,5970.12
2107209,Nina Rodrigues,2022,14734,573.5,25.69,7011.06
2107209,Nina Rodrigues,2023,14643,573.5,25.53,7455.71
2107209,Nina Rodrigues,2024,14551,573.5,25.37,7502.85
2107209,Nina Rodrigues,2025,14589,573.5,25.44,7483.31
2107209,Nina Rodrigues,2026,14589,573.5,25.44,7483.31
2107258,Nova Colinas,2008,4987,746.1,6.68,4512.53
2107258,Nova Colinas,2009,5094,746.1,6.83,4657.24
2107258,Nova Colinas,2010,5028,746.1,6.74,5680.79
2107258,Nova Colinas,2011,4961,746.1,6.65,6089.3
2107258,Nova Colinas,2012,5034,746.1,6.75,7387.76
2107258,Nova Colinas,2013,5120,746.1,6.86,8608.98
2107258,Nova Colinas,2014,5183,746.1,6.95,8814.97
2107258,Nova Colinas,2015,5243,746.1,7.03,9433.15
2107258,Nova Colinas,2016,5298,746.1,7.1,9056.44
2107258,Nova Colinas,2017,5350,746.1,7.17,10437.57
2107258,Nova Colinas,2018,5340,746.1,7.16,10709.74
2107258,Nova Colinas,2019,5384,746.1,7.22,10503.53
2107258,Nova Colinas,2020,5427,746.1,7.27,13606.23
2107258,Nova Colinas,2021,5469,746.1,7.33,15803.07
2107258,Nova Colinas,2022,5361,746.1,7.19,18825.22
2107258,Nova Colinas,2023,5252,746.1,7.04,18225.06
2107258,Nova Colinas,2024,5144,746.1,6.89,18607.7
2107258,Nova Colinas,2025,5148,746.1,6.9,18593.24
2107258,Nova Colinas,2026,5148,746.1,6.9,18593.24
2107308,Nova Iorque,2008,5041,982.3,5.13,2902.8
2107308,Nova Iorque,2009,5087,982.3,5.18,3252.41
2107308,Nova Iorque,2010,4840,982.3,4.93,3475.83
2107308,Nova Iorque,2011,4594,982.3,4.68,3856.99
2107308,Nova Iorque,2012,4598,982.3,4.68,4570.68
2107308,Nova Iorque,2013,4599,982.3,4.68,5025.01
2107308,Nova Iorque,2014,4595,982.3,4.68,5964.96
2107308,Nova Iorque,2015,4592,982.3,4.67,6756.32
2107308,Nova Iorque,2016,4589,982.3,4.67,7139.03
2107308,Nova Iorque,2017,4586,982.3,4.67,8029.0
2107308,Nova Iorque,2018,4683,982.3,4.77,8251.12
2107308,Nova Iorque,2019,4683,982.3,4.77,8177.02
2107308,Nova Iorque,2020,4682,982.3,4.77,9754.81
2107308,Nova Iorque,2021,4682,982.3,4.77,10885.52
2107308,Nova Iorque,2022,4592,982.3,4.67,11351.92
2107308,Nova Iorque,2023,4502,982.3,4.58,11869.39
2107308,Nova Iorque,2024,4412,982.3,4.49,12111.51
2107308,Nova Iorque,2025,4409,982.3,4.49,12119.76
2107308,Nova Iorque,2026,4409,982.3,4.49,12119.76
2107357,Nova Olinda do Maranhão,2008,17646,2463.3,7.16,3212.23
2107357,Nova Olinda do Maranhão,2009,17835,2463.3,7.24,3448.05
2107357,Nova Olinda do Maranhão,2010,18618,2463.3,7.56,3745.19
2107357,Nova Olinda do Maranhão,2011,19401,2463.3,7.88,4224.94
2107357,Nova Olinda do Maranhão,2012,19659,2463.3,7.98,4968.31
2107357,Nova Olinda do Maranhão,2013,19963,2463.3,8.1,5592.5
2107357,Nova Olinda do Maranhão,2014,20184,2463.3,8.19,6215.17
2107357,Nova Olinda do Maranhão,2015,20393,2463.3,8.28,5952.83
2107357,Nova Olinda do Maranhão,2016,20588,2463.3,8.36,6196.47
2107357,Nova Olinda do Maranhão,2017,20768,2463.3,8.43,6375.96
2107357,Nova Olinda do Maranhão,2018,20774,2463.3,8.43,6397.47
2107357,Nova Olinda do Maranhão,2019,20928,2463.3,8.5,6733.9
2107357,Nova Olinda do Maranhão,2020,21080,2463.3,8.56,7348.67
2107357,Nova Olinda do Maranhão,2021,21228,2463.3,8.62,8627.38
2107357,Nova Olinda do Maranhão,2022,18975,2463.3,7.7,9352.73
2107357,Nova Olinda do Maranhão,2023,16721,2463.3,6.79,10284.25
2107357,Nova Olinda do Maranhão,2024,14468,2463.3,5.87,11885.75
2107357,Nova Olinda do Maranhão,2025,14379,2463.3,5.84,11959.32
2107357,Nova Olinda do Maranhão,2026,14379,2463.3,5.84,11959.32
2107407,Olho d'Água das Cunhãs,2008,17868,698.4,25.58,3844.25
2107407,Olho d'Água das Cunhãs,2009,17923,698.4,25.66,4135.64
2107407,Olho d'Água das Cunhãs,2010,18317,698.4,26.23,3963.75
2107407,Olho d'Água das Cunhãs,2011,18711,698.4,26.79,4218.0
2107407,Olho d'Água das Cunhãs,2012,18816,698.4,26.94,4950.57
2107407,Olho d'Água das Cunhãs,2013,18934,698.4,27.11,5555.14
2107407,Olho d'Água das Cunhãs,2014,19009,698.4,27.22,6415.7
2107407,Olho d'Água das Cunhãs,2015,19080,698.4,27.32,6807.97
2107407,Olho d'Água das Cunhãs,2016,19145,698.4,27.41,7567.04
2107407,Olho d'Água das Cunhãs,2017,19206,698.4,27.5,7130.22
2107407,Olho d'Água das Cunhãs,2018,19448,698.4,27.85,7731.44
2107407,Olho d'Água das Cunhãs,2019,19505,698.4,27.93,7603.95
2107407,Olho d'Água das Cunhãs,2020,19561,698.4,28.01,8488.52
2107407,Olho d'Água das Cunhãs,2021,19616,698.4,28.09,9602.52
2107407,Olho d'Água das Cunhãs,2022,19176,698.4,27.46,10774.09
2107407,Olho d'Água das Cunhãs,2023,18735,698.4,26.83,12049.91
2107407,Olho d'Água das Cunhãs,2024,18295,698.4,26.2,12339.71
2107407,Olho d'Água das Cunhãs,2025,18288,698.4,26.19,12344.43
2107407,Olho d'Água das Cunhãs,2026,18288,698.4,26.19,12344.43
2107456,Olinda Nova do Maranhão,2008,12456,200.7,62.06,2672.93
2107456,Olinda Nova do Maranhão,2009,12684,200.7,63.2,2616.29
2107456,Olinda Nova do Maranhão,2010,13050,200.7,65.02,3000.15
2107456,Olinda Nova do Maranhão,2011,13416,200.7,66.85,3555.31
2107456,Olinda Nova do Maranhão,2012,13643,200.7,67.98,3778.2
2107456,Olinda Nova do Maranhão,2013,13911,200.7,69.31,4386.1
2107456,Olinda Nova do Maranhão,2014,14110,200.7,70.3,4968.75
2107456,Olinda Nova do Maranhão,2015,14299,200.7,71.25,5312.12
2107456,Olinda Nova do Maranhão,2016,14474,200.7,72.12,6317.47
2107456,Olinda Nova do Maranhão,2017,14637,200.7,72.93,5780.9
2107456,Olinda Nova do Maranhão,2018,14563,200.7,72.56,6189.66
2107456,Olinda Nova do Maranhão,2019,14701,200.7,73.25,6047.62
2107456,Olinda Nova do Maranhão,2020,14836,200.7,73.92,6325.69
2107456,Olinda Nova do Maranhão,2021,14968,200.7,74.58,7167.42
2107456,Olinda Nova do Maranhão,2022,14615,200.7,72.82,8803.56
2107456,Olinda Nova do Maranhão,2023,14262,200.7,71.06,9308.72
2107456,Olinda Nova do Maranhão,2024,13909,200.7,69.3,9544.97
2107456,Olinda Nova do Maranhão,2025,13921,200.7,69.36,9536.74
2107456,Olinda Nova do Maranhão,2026,13921,200.7,69.36,9536.74
2107506,Paço do Lumiar,2008,101452,127.8,793.83,2943.53
2107506,Paço do Lumiar,2009,103958,127.8,813.44,3379.08
2107506,Paço do Lumiar,2010,105861,127.8,828.33,3575.27
2107506,Paço do Lumiar,2011,107764,127.8,843.22,4064.59
2107506,Paço do Lumiar,2012,110321,127.8,863.23,4522.45
2107506,Paço do Lumiar,2013,113378,127.8,887.15,5094.06
2107506,Paço do Lumiar,2014,115693,127.8,905.27,6005.13
2107506,Paço do Lumiar,2015,117877,127.8,922.36,6069.11
2107506,Paço do Lumiar,2016,119915,127.8,938.3,6615.19
2107506,Paço do Lumiar,2017,122420,127.8,957.9,7060.24
2107506,Paço do Lumiar,2018,120621,127.8,943.83,7716.07
2107506,Paço do Lumiar,2019,122197,127.8,956.16,8109.44
2107506,Paço do Lumiar,2020,123747,127.8,968.29,8776.33
2107506,Paço do Lumiar,2021,125265,127.8,980.16,9901.8
2107506,Paço do Lumiar,2022,134279,127.8,1050.7,11472.69
2107506,Paço do Lumiar,2023,143292,127.8,1121.22,11469.84
2107506,Paço do Lumiar,2024,152306,127.8,1191.75,10791.02
2107506,Paço do Lumiar,2025,153158,127.8,1198.42,10730.99
2107506,Paço do Lumiar,2026,153158,127.8,1198.42,10730.99
2107605,Palmeirândia,2008,18646,534.5,34.88,3023.6
2107605,Palmeirândia,2009,18772,534.5,35.12,3144.1
2107605,Palmeirândia,2010,18834,534.5,35.24,2981.31
2107605,Palmeirândia,2011,18896,534.5,35.35,3745.4
2107605,Palmeirândia,2012,19007,534.5,35.56,4028.94
2107605,Palmeirândia,2013,19133,534.5,35.8,4753.99
2107605,Palmeirândia,2014,19213,534.5,35.95,5460.37
2107605,Palmeirândia,2015,19288,534.5,36.09,5627.44
2107605,Palmeirândia,2016,19359,534.5,36.22,6322.33
2107605,Palmeirândia,2017,19424,534.5,36.34,6414.64
2107605,Palmeirândia,2018,19661,534.5,36.78,6287.47
2107605,Palmeirândia,2019,19722,534.5,36.9,6328.77
2107605,Palmeirândia,2020,19781,534.5,37.01,6517.87
2107605,Palmeirândia,2021,19840,534.5,37.12,7011.04
2107605,Palmeirândia,2022,20429,534.5,38.22,8143.96
2107605,Palmeirândia,2023,21017,534.5,39.32,8954.18
2107605,Palmeirândia,2024,21606,534.5,40.42,8710.08
2107605,Palmeirândia,2025,21657,534.5,40.52,8689.57
2107605,Palmeirândia,2026,21657,534.5,40.52,8689.57
2107704,Paraibano,2008,20048,532.9,37.62,3159.82
2107704,Paraibano,2009,20255,532.9,38.01,3520.76
2107704,Paraibano,2010,20266,532.9,38.03,3500.84
2107704,Paraibano,2011,20276,532.9,38.05,3898.25
2107704,Paraibano,2012,20443,532.9,38.36,4147.14
2107704,Paraibano,2013,20636,532.9,38.72,4539.49
2107704,Paraibano,2014,20768,532.9,38.97,5631.93
2107704,Paraibano,2015,20892,532.9,39.2,6233.92
2107704,Paraibano,2016,21008,532.9,39.42,6453.87
2107704,Paraibano,2017,21116,532.9,39.62,6544.18
2107704,Paraibano,2018,21290,532.9,39.95,7268.58
2107704,Paraibano,2019,21386,532.9,40.13,7722.95
2107704,Paraibano,2020,21479,532.9,40.31,7952.74
2107704,Paraibano,2021,21571,532.9,40.48,8499.98
2107704,Paraibano,2022,20587,532.9,38.63,9713.7
2107704,Paraibano,2023,19603,532.9,36.79,10728.05
2107704,Paraibano,2024,18619,532.9,34.94,11295.02
2107704,Paraibano,2025,18589,532.9,34.88,11313.25
2107704,Paraibano,2026,18589,532.9,34.88,11313.25
2107803,Parnarama,2008,35972,3259.9,11.03,2418.96
2107803,Parnarama,2009,36300,3259.9,11.14,2841.74
2107803,Parnarama,2010,35546,3259.9,10.9,3180.44
2107803,Parnarama,2011,34791,3259.9,10.67,3607.17
2107803,Parnarama,2012,33669,3259.9,10.33,3909.74
2107803,Parnarama,2013,33883,3259.9,10.39,4295.37
2107803,Parnarama,2014,34018,3259.9,10.44,4809.07
2107803,Parnarama,2015,34146,3259.9,10.47,5730.8
2107803,Parnarama,2016,34265,3259.9,10.51,5567.49
2107803,Parnarama,2017,34375,3259.9,10.54,5805.5
2107803,Parnarama,2018,34805,3259.9,10.68,6562.65
2107803,Parnarama,2019,34907,3259.9,10.71,6726.24
2107803,Parnarama,2020,35008,3259.9,10.74,8013.08
2107803,Parnarama,2021,35108,3259.9,10.77,9198.56
2107803,Parnarama,2022,34157,3259.9,10.48,11599.38
2107803,Parnarama,2023,33207,3259.9,10.19,11497.37
2107803,Parnarama,2024,32256,3259.9,9.89,11836.34
2107803,Parnarama,2025,32232,3259.9,9.89,11845.15
2107803,Parnarama,2026,32232,3259.9,9.89,11845.15
2107902,Passagem Franca,2008,17625,1364.2,12.92,2994.89
2107902,Passagem Franca,2009,17898,1364.2,13.12,3261.65
2107902,Passagem Franca,2010,17836,1364.2,13.07,3583.37
2107902,Passagem Franca,2011,17773,1364.2,13.03,3965.68
2107902,Passagem Franca,2012,17977,1364.2,13.18,4387.05
2107902,Passagem Franca,2013,18216,1364.2,13.35,4523.39
2107902,Passagem Franca,2014,18387,1364.2,13.48,5622.02
2107902,Passagem Franca,2015,18549,1364.2,13.6,5903.28
2107902,Passagem Franca,2016,18699,1364.2,13.71,6593.94
2107902,Passagem Franca,2017,18839,1364.2,13.81,6792.77
2107902,Passagem Franca,2018,18898,1364.2,13.85,7774.9
2107902,Passagem Franca,2019,19019,1364.2,13.94,8164.47
2107902,Passagem Franca,2020,19137,1364.2,14.03,8867.06
2107902,Passagem Franca,2021,19253,1364.2,14.11,10392.56
2107902,Passagem Franca,2022,18699,1364.2,13.71,10727.95
2107902,Passagem Franca,2023,18146,1364.2,13.3,11408.24
2107902,Passagem Franca,2024,17592,1364.2,12.9,11767.51
2107902,Passagem Franca,2025,17591,1364.2,12.89,11768.18
2107902,Passagem Franca,2026,17591,1364.2,12.89,11768.18
2108009,Pastos Bons,2008,18055,1641.9,11.0,3428.19
2108009,Pastos Bons,2009,18306,1641.9,11.15,3625.1
2108009,Pastos Bons,2010,18287,1641.9,11.14,3873.52
2108009,Pastos Bons,2011,18268,1641.9,11.13,4445.2
2108009,Pastos Bons,2012,18461,1641.9,11.24,5426.47
2108009,Pastos Bons,2013,18687,1641.9,11.38,6103.6
2108009,Pastos Bons,2014,18848,1641.9,11.48,8107.81
2108009,Pastos Bons,2015,18999,1641.9,11.57,8482.45
2108009,Pastos Bons,2016,19140,1641.9,11.66,8254.02
2108009,Pastos Bons,2017,19271,1641.9,11.74,9873.7
2108009,Pastos Bons,2018,19358,1641.9,11.79,10166.08
2108009,Pastos Bons,2019,19472,1641.9,11.86,10174.51
2108009,Pastos Bons,2020,19583,1641.9,11.93,12811.01
2108009,Pastos Bons,2021,19693,1641.9,11.99,15716.19
2108009,Pastos Bons,2022,19544,1641.9,11.9,17470.89
2108009,Pastos Bons,2023,19395,1641.9,11.81,16635.83
2108009,Pastos Bons,2024,19246,1641.9,11.72,16764.63
2108009,Pastos Bons,2025,19266,1641.9,11.73,16747.22
2108009,Pastos Bons,2026,19266,1641.9,11.73,16747.22
2108058,Paulino Neves,2008,13195,983.8,13.41,2386.28
2108058,Paulino Neves,2009,13355,983.8,13.57,2744.96
2108058,Paulino Neves,2010,14052,983.8,14.28,2857.67
2108058,Paulino Neves,2011,14749,983.8,14.99,3392.43
2108058,Paulino Neves,2012,14971,983.8,15.22,3802.15
2108058,Paulino Neves,2013,15234,983.8,15.48,4172.9
2108058,Paulino Neves,2014,15427,983.8,15.68,4564.98
2108058,Paulino Neves,2015,15609,983.8,15.87,4724.13
2108058,Paulino Neves,2016,15779,983.8,16.04,6279.99
2108058,Paulino Neves,2017,15937,983.8,16.2,6651.5
2108058,Paulino Neves,2018,15901,983.8,16.16,6471.86
2108058,Paulino Neves,2019,16035,983.8,16.3,6511.32
2108058,Paulino Neves,2020,16166,983.8,16.43,6004.08
2108058,Paulino Neves,2021,16295,983.8,16.56,7261.49
2108058,Paulino Neves,2022,16704,983.8,16.98,8817.65
2108058,Paulino Neves,2023,17114,983.8,17.4,9231.27
2108058,Paulino Neves,2024,17523,983.8,17.81,9015.81
2108058,Paulino Neves,2025,17578,983.8,17.87,8987.6
2108058,Paulino Neves,2026,17578,983.8,17.87,8987.6
2108108,Paulo Ramos,2008,16534,1173.6,14.09,5210.84
2108108,Paulo Ramos,2009,16236,1173.6,13.83,5046.69
2108108,Paulo Ramos,2010,18316,1173.6,15.61,4446.71
2108108,Paulo Ramos,2011,20396,1173.6,17.38,4528.88
2108108,Paulo Ramos,2012,20454,1173.6,17.43,4951.65
2108108,Paulo Ramos,2013,20514,1173.6,17.48,5592.52
2108108,Paulo Ramos,2014,20539,1173.6,17.5,6338.58
2108108,Paulo Ramos,2015,20612,1173.6,17.56,6546.57
2108108,Paulo Ramos,2016,20635,1173.6,17.58,7328.76
2108108,Paulo Ramos,2017,20657,1173.6,17.6,7052.57
2108108,Paulo Ramos,2018,21015,1173.6,17.91,7149.75
2108108,Paulo Ramos,2019,21040,1173.6,17.93,7704.56
2108108,Paulo Ramos,2020,21066,1173.6,17.95,7585.02
2108108,Paulo Ramos,2021,21092,1173.6,17.97,9204.44
2108108,Paulo Ramos,2022,20992,1173.6,17.89,11105.42
2108108,Paulo Ramos,2023,20892,1173.6,17.8,12496.41
2108108,Paulo Ramos,2024,20792,1173.6,17.72,12556.51
2108108,Paulo Ramos,2025,20798,1173.6,17.72,12552.89
2108108,Paulo Ramos,2026,20798,1173.6,17.72,12552.89
2108207,Pedreiras,2008,39049,263.2,148.36,5477.53
2108207,Pedreiras,2009,38934,263.2,147.93,6759.11
2108207,Pedreiras,2010,39176,263.2,148.84,7021.59
2108207,Pedreiras,2011,39419,263.2,149.77,7342.04
2108207,Pedreiras,2012,39391,263.2,149.66,7935.14
2108207,Pedreiras,2013,39337,263.2,149.46,8741.62
2108207,Pedreiras,2014,38582,263.2,146.59,10666.53
2108207,Pedreiras,2015,38506,263.2,146.3,11079.81
2108207,Pedreiras,2016,38433,263.2,146.02,12906.3
2108207,Pedreiras,2017,38365,263.2,145.76,14661.59
2108207,Pedreiras,2018,39267,263.2,149.19,15302.49
2108207,Pedreiras,2019,39229,263.2,149.05,14844.43
2108207,Pedreiras,2020,39191,263.2,148.9,15354.04
2108207,Pedreiras,2021,39153,263.2,148.76,20117.49
2108207,Pedreiras,2022,38858,263.2,147.64,22469.32
2108207,Pedreiras,2023,38562,263.2,146.51,21528.21
2108207,Pedreiras,2024,38267,263.2,145.39,21694.18
2108207,Pedreiras,2025,38252,263.2,145.33,21702.68
2108207,Pedreiras,2026,38252,263.2,145.33,21702.68
2108256,Pedro do Rosário,2008,22417,1761.8,12.72,2351.39
2108256,Pedro do Rosário,2009,22856,1761.8,12.97,2445.53
2108256,Pedro do Rosário,2010,22978,1761.8,13.04,2705.59
2108256,Pedro do Rosário,2011,23099,1761.8,13.11,3283.74
2108256,Pedro do Rosário,2012,23454,1761.8,13.31,3787.24
2108256,Pedro do Rosário,2013,23874,1761.8,13.55,4234.06
2108256,Pedro do Rosário,2014,24183,1761.8,13.73,4860.07
2108256,Pedro do Rosário,2015,24475,1761.8,13.89,5084.45
2108256,Pedro do Rosário,2016,24748,1761.8,14.05,5629.67
2108256,Pedro do Rosário,2017,25000,1761.8,14.19,5246.76
2108256,Pedro do Rosário,2018,24930,1761.8,14.15,5614.28
2108256,Pedro do Rosário,2019,25144,1761.8,14.27,5821.59
2108256,Pedro do Rosário,2020,25354,1761.8,14.39,6095.76
2108256,Pedro do Rosário,2021,25560,1761.8,14.51,6176.17
2108256,Pedro do Rosário,2022,25346,1761.8,14.39,8165.55
2108256,Pedro do Rosário,2023,25131,1761.8,14.26,8984.72
2108256,Pedro do Rosário,2024,24917,1761.8,14.14,9061.89
2108256,Pedro do Rosário,2025,24955,1761.8,14.16,9048.09
2108256,Pedro do Rosário,2026,24955,1761.8,14.16,9048.09
2108306,Penalva,2008,34505,804.4,42.9,2269.73
2108306,Penalva,2009,34907,804.4,43.4,2471.17
2108306,Penalva,2010,34812,804.4,43.28,2759.71
2108306,Penalva,2011,34717,804.4,43.16,3254.28
2108306,Penalva,2012,35996,804.4,44.75,3407.63
2108306,Penalva,2013,36520,804.4,45.4,3649.18
2108306,Penalva,2014,36899,804.4,45.87,3967.86
2108306,Penalva,2015,37255,804.4,46.31,4125.03
2108306,Penalva,2016,37833,804.4,47.03,4442.47
2108306,Penalva,2017,38144,804.4,47.42,4917.79
2108306,Penalva,2018,38203,804.4,47.49,5595.58
2108306,Penalva,2019,38470,804.4,47.82,5630.6
2108306,Penalva,2020,38731,804.4,48.15,6100.95
2108306,Penalva,2021,38987,804.4,48.47,6508.22
2108306,Penalva,2022,37169,804.4,46.21,7695.42
2108306,Penalva,2023,35352,804.4,43.95,8862.07
2108306,Penalva,2024,33534,804.4,41.69,9342.52
2108306,Penalva,2025,33496,804.4,41.64,9353.12
2108306,Penalva,2026,33496,804.4,41.64,9353.12
2108405,Peri Mirim,2008,12556,399.8,31.41,2329.32
2108405,Peri Mirim,2009,12492,399.8,31.25,2700.05
2108405,Peri Mirim,2010,13168,399.8,32.94,2667.76
2108405,Peri Mirim,2011,13844,399.8,34.63,3095.28
2108405,Peri Mirim,2012,13898,399.8,34.76,3354.22
2108405,Peri Mirim,2013,13956,399.8,34.91,3909.57
2108405,Peri Mirim,2014,13989,399.8,34.99,4430.34
2108405,Peri Mirim,2015,14019,399.8,35.07,4595.26
2108405,Peri Mirim,2016,14048,399.8,35.14,5103.64
2108405,Peri Mirim,2017,14074,399.8,35.2,5462.91
2108405,Peri Mirim,2018,14291,399.8,35.75,5478.9
2108405,Peri Mirim,2019,14318,399.8,35.81,5402.22
2108405,Peri Mirim,2020,14345,399.8,35.88,5658.21
2108405,Peri Mirim,2021,14371,399.8,35.95,6675.67
2108405,Peri Mirim,2022,13340,399.8,33.37,7753.15
2108405,Peri Mirim,2023,12308,399.8,30.79,8938.9
2108405,Peri Mirim,2024,11277,399.8,28.21,9756.14
2108405,Peri Mirim,2025,11229,399.8,28.09,9797.84
2108405,Peri Mirim,2026,11229,399.8,28.09,9797.84
2108454,Peritoró,2008,19601,828.4,23.66,3030.71
2108454,Peritoró,2009,19817,828.4,23.92,4252.56
2108454,Peritoró,2010,20658,828.4,24.94,3692.32
2108454,Peritoró,2011,21498,828.4,25.95,4308.91
2108454,Peritoró,2012,21785,828.4,26.3,4569.89
2108454,Peritoró,2013,22123,828.4,26.71,5229.76
2108454,Peritoró,2014,22369,828.4,27.0,6261.92
2108454,Peritoró,2015,22602,828.4,27.28,6290.68
2108454,Peritoró,2016,22818,828.4,27.54,7446.18
2108454,Peritoró,2017,23019,828.4,27.79,7936.36
2108454,Peritoró,2018,23025,828.4,27.79,9444.65
2108454,Peritoró,2019,23196,828.4,28.0,8738.66
2108454,Peritoró,2020,23364,828.4,28.2,8778.08
2108454,Peritoró,2021,23530,828.4,28.4,9792.9
2108454,Peritoró,2022,22657,828.4,27.35,11168.6
2108454,Peritoró,2023,21783,828.4,26.3,12759.26
2108454,Peritoró,2024,20910,828.4,25.24,13291.97
2108454,Peritoró,2025,20903,828.4,25.23,13296.42
2108454,Peritoró,2026,20903,828.4,25.23,13296.42
2108504,Pindaré-Mirim,2008,31879,269.5,118.29,4344.05
2108504,Pindaré-Mirim,2009,32236,269.5,119.61,3383.95
2108504,Pindaré-Mirim,2010,31810,269.5,118.03,3509.24
2108504,Pindaré-Mirim,2011,31384,269.5,116.45,4276.45
2108504,Pindaré-Mirim,2012,31609,269.5,117.29,5129.14
2108504,Pindaré-Mirim,2013,31866,269.5,118.24,5596.59
2108504,Pindaré-Mirim,2014,32037,269.5,118.88,6263.16
2108504,Pindaré-Mirim,2015,32198,269.5,119.47,11560.16
2108504,Pindaré-Mirim,2016,32348,269.5,120.03,9715.16
2108504,Pindaré-Mirim,2017,32488,269.5,120.55,8697.55
2108504,Pindaré-Mirim,2018,32815,269.5,121.76,7915.25
2108504,Pindaré-Mirim,2019,32941,269.5,122.23,8170.88
2108504,Pindaré-Mirim,2020,33065,269.5,122.69,9542.42
2108504,Pindaré-Mirim,2021,33186,269.5,123.14,8924.97
2108504,Pindaré-Mirim,2022,32964,269.5,122.32,10461.81
2108504,Pindaré-Mirim,2023,32743,269.5,121.5,10890.39
2108504,Pindaré-Mirim,2024,32521,269.5,120.67,10964.73
2108504,Pindaré-Mirim,2025,32542,269.5,120.75,10957.65
2108504,Pindaré-Mirim,2026,32542,269.5,120.75,10957.65
2108603,Pinheiro,2008,76391,1519.6,50.27,3872.26
2108603,Pinheiro,2009,77182,1519.6,50.79,4756.32
2108603,Pinheiro,2010,78029,1519.6,51.35,5732.05
2108603,Pinheiro,2011,78876,1519.6,51.91,5485.28
2108603,Pinheiro,2012,79566,1519.6,52.36,6091.92
2108603,Pinheiro,2013,80365,1519.6,52.89,6974.65
2108603,Pinheiro,2014,80917,1519.6,53.25,8264.17
2108603,Pinheiro,2015,81438,1519.6,53.59,8361.74
2108603,Pinheiro,2016,81924,1519.6,53.91,9719.73
2108603,Pinheiro,2017,82374,1519.6,54.21,10054.96
2108603,Pinheiro,2018,82990,1519.6,54.61,9946.05
2108603,Pinheiro,2019,83387,1519.6,54.87,10740.93
2108603,Pinheiro,2020,83777,1519.6,55.13,10882.83
2108603,Pinheiro,2021,84160,1519.6,55.38,12356.62
2108603,Pinheiro,2022,85413,1519.6,56.21,13878.25
2108603,Pinheiro,2023,86666,1519.6,57.03,15380.89
2108603,Pinheiro,2024,87919,1519.6,57.86,15161.68
2108603,Pinheiro,2025,88091,1519.6,57.97,15132.08
2108603,Pinheiro,2026,88091,1519.6,57.97,15132.08
2108702,Pio XII,2008,22410,547.6,40.92,3436.1
2108702,Pio XII,2009,22220,547.6,40.58,3548.87
2108702,Pio XII,2010,22040,547.6,40.25,3526.13
2108702,Pio XII,2011,21860,547.6,39.92,4190.67
2108702,Pio XII,2012,21708,547.6,39.64,4623.55
2108702,Pio XII,2013,21512,547.6,39.28,5007.16
2108702,Pio XII,2014,21333,547.6,38.96,5840.11
2108702,Pio XII,2015,21164,547.6,38.65,6402.43
2108702,Pio XII,2016,21007,547.6,38.36,7614.99
2108702,Pio XII,2017,20861,547.6,38.1,7063.8
2108702,Pio XII,2018,21594,547.6,39.43,7363.57
2108702,Pio XII,2019,21485,547.6,39.23,7508.4
2108702,Pio XII,2020,21379,547.6,39.04,8080.08
2108702,Pio XII,2021,21274,547.6,38.85,8993.47
2108702,Pio XII,2022,21639,547.6,39.52,11192.71
2108702,Pio XII,2023,22004,547.6,40.18,12240.73
2108702,Pio XII,2024,22369,547.6,40.85,12040.99
2108702,Pio XII,2025,22374,547.6,40.86,12038.3
2108702,Pio XII,2026,22374,547.6,40.86,12038.3
2108801,Pirapemas,2008,15477,691.8,22.37,2778.96
2108801,Pirapemas,2009,15500,691.8,22.41,2878.13
2108801,Pirapemas,2010,16528,691.8,23.89,3417.05
2108801,Pirapemas,2011,17555,691.8,25.38,3708.23
2108801,Pirapemas,2012,17722,691.8,25.62,3777.56
2108801,Pirapemas,2013,17917,691.8,25.9,4038.51
2108801,Pirapemas,2014,18053,691.8,26.1,5215.75
2108801,Pirapemas,2015,18182,691.8,26.28,5102.96
2108801,Pirapemas,2016,18302,691.8,26.46,6045.02
2108801,Pirapemas,2017,18413,691.8,26.62,5996.09
2108801,Pirapemas,2018,18527,691.8,26.78,6274.57
2108801,Pirapemas,2019,18625,691.8,26.92,6217.02
2108801,Pirapemas,2020,18720,691.8,27.06,6698.93
2108801,Pirapemas,2021,18814,691.8,27.2,6950.36
2108801,Pirapemas,2022,18583,691.8,26.86,8427.54
2108801,Pirapemas,2023,18351,691.8,26.53,10106.75
2108801,Pirapemas,2024,18120,691.8,26.19,10235.6
2108801,Pirapemas,2025,18132,691.8,26.21,10228.82
2108801,Pirapemas,2026,18132,691.8,26.21,10228.82
2108900,Poção de Pedras,2008,16184,994.6,16.27,4399.47
2108900,Poção de Pedras,2009,15533,994.6,15.62,4616.88
2108900,Poção de Pedras,2010,17562,994.6,17.66,5176.23
2108900,Poção de Pedras,2011,19592,994.6,19.7,5091.98
2108900,Poção de Pedras,2012,19165,994.6,19.27,5305.14
2108900,Poção de Pedras,2013,18633,994.6,18.73,5692.7
2108900,Poção de Pedras,2014,18191,994.6,18.29,6829.31
2108900,Poção de Pedras,2015,17773,994.6,17.87,6686.88
2108900,Poção de Pedras,2016,17384,994.6,17.48,8057.47
2108900,Poção de Pedras,2017,17023,994.6,17.12,7962.23
2108900,Poção de Pedras,2018,18157,994.6,18.26,8196.01
2108900,Poção de Pedras,2019,17873,994.6,17.97,8515.92
2108900,Poção de Pedras,2020,17595,994.6,17.69,8090.71
2108900,Poção de Pedras,2021,17321,994.6,17.42,9414.93
2108900,Poção de Pedras,2022,17362,994.6,17.46,10425.53
2108900,Poção de Pedras,2023,17403,994.6,17.5,12717.75
2108900,Poção de Pedras,2024,17444,994.6,17.54,12687.86
2108900,Poção de Pedras,2025,17394,994.6,17.49,12724.33
2108900,Poção de Pedras,2026,17394,994.6,17.49,12724.33
2109007,Porto Franco,2008,19271,1426.7,13.51,15160.86
2109007,Porto Franco,2009,19503,1426.7,13.67,14354.05
2109007,Porto Franco,2010,20696,1426.7,14.51,10860.17
2109007,Porto Franco,2011,21890,1426.7,15.34,11418.23
2109007,Porto Franco,2012,22239,1426.7,15.59,19755.34
2109007,Porto Franco,2013,22651,1426.7,15.88,21890.34
2109007,Porto Franco,2014,22956,1426.7,16.09,18023.52
2109007,Porto Franco,2015,23243,1426.7,16.29,18333.13
2109007,Porto Franco,2016,23511,1426.7,16.48,21260.39
2109007,Porto Franco,2017,23760,1426.7,16.65,19813.34
2109007,Porto Franco,2018,23675,1426.7,16.59,22067.92
2109007,Porto Franco,2019,23885,1426.7,16.74,21650.83
2109007,Porto Franco,2020,24092,1426.7,16.89,28778.81
2109007,Porto Franco,2021,24294,1426.7,17.03,42235.78
2109007,Porto Franco,2022,24368,1426.7,17.08,46283.32
2109007,Porto Franco,2023,24443,1426.7,17.13,51255.98
2109007,Porto Franco,2024,24517,1426.7,17.18,51101.28
2109007,Porto Franco,2025,24571,1426.7,17.22,50988.97
2109007,Porto Franco,2026,24571,1426.7,17.22,50988.97
2109056,Porto Rico do Maranhão,2008,7110,246.1,28.89,2429.54
2109056,Porto Rico do Maranhão,2009,7179,246.1,29.17,2805.68
2109056,Porto Rico do Maranhão,2010,6592,246.1,26.79,3123.48
2109056,Porto Rico do Maranhão,2011,6004,246.1,24.4,4007.99
2109056,Porto Rico do Maranhão,2012,5978,246.1,24.29,4322.18
2109056,Porto Rico do Maranhão,2013,5943,246.1,24.15,4559.15
2109056,Porto Rico do Maranhão,2014,5909,246.1,24.01,5255.71
2109056,Porto Rico do Maranhão,2015,5877,246.1,23.88,5775.06
2109056,Porto Rico do Maranhão,2016,5847,246.1,23.76,6579.61
2109056,Porto Rico do Maranhão,2017,5819,246.1,23.64,7200.38
2109056,Porto Rico do Maranhão,2018,5995,246.1,24.36,6736.61
2109056,Porto Rico do Maranhão,2019,5975,246.1,24.28,7450.38
2109056,Porto Rico do Maranhão,2020,5955,246.1,24.2,7436.94
2109056,Porto Rico do Maranhão,2021,5936,246.1,24.12,7725.07
2109056,Porto Rico do Maranhão,2022,5988,246.1,24.33,9518.87
2109056,Porto Rico do Maranhão,2023,6039,246.1,24.54,10559.53
2109056,Porto Rico do Maranhão,2024,6091,246.1,24.75,10469.38
2109056,Porto Rico do Maranhão,2025,6092,246.1,24.75,10467.66
2109056,Porto Rico do Maranhão,2026,6092,246.1,24.75,10467.66
2109106,Presidente Dutra,2008,41173,775.0,53.13,4772.11
2109106,Presidente Dutra,2009,41303,775.0,53.29,5611.75
2109106,Presidente Dutra,2010,43229,775.0,55.78,6459.85
2109106,Presidente Dutra,2011,45155,775.0,58.26,6393.02
2109106,Presidente Dutra,2012,45564,775.0,58.79,7257.09
2109106,Presidente Dutra,2013,46039,775.0,59.41,8344.71
2109106,Presidente Dutra,2014,46369,775.0,59.83,10087.24
2109106,Presidente Dutra,2015,46680,775.0,60.23,9696.02
2109106,Presidente Dutra,2016,46970,775.0,60.61,11055.78
2109106,Presidente Dutra,2017,47239,775.0,60.95,11663.18
2109106,Presidente Dutra,2018,47567,775.0,61.38,12336.7
2109106,Presidente Dutra,2019,47804,775.0,61.68,12235.59
2109106,Presidente Dutra,2020,48036,775.0,61.98,13570.2
2109106,Presidente Dutra,2021,48264,775.0,62.28,15657.61
2109106,Presidente Dutra,2022,47702,775.0,61.55,19018.05
2109106,Presidente Dutra,2023,47140,775.0,60.83,21002.82
2109106,Presidente Dutra,2024,46578,775.0,60.1,21256.24
2109106,Presidente Dutra,2025,46606,775.0,60.14,21243.47
2109106,Presidente Dutra,2026,46606,775.0,60.14,21243.47
2109205,Presidente Juscelino,2008,12094,357.2,33.86,3093.52
2109205,Presidente Juscelino,2009,12382,357.2,34.66,3148.6
2109205,Presidente Juscelino,2010,12052,357.2,33.74,3658.4
2109205,Presidente Juscelino,2011,11722,357.2,32.82,4432.95
2109205,Presidente Juscelino,2012,11897,357.2,33.31,5364.63
2109205,Presidente Juscelino,2013,12103,357.2,33.88,5974.47
2109205,Presidente Juscelino,2014,12255,357.2,34.31,6807.18
2109205,Presidente Juscelino,2015,12398,357.2,34.71,6572.83
2109205,Presidente Juscelino,2016,12532,357.2,35.08,7330.19
2109205,Presidente Juscelino,2017,12656,357.2,35.43,7289.03
2109205,Presidente Juscelino,2018,12629,357.2,35.36,6882.57
2109205,Presidente Juscelino,2019,12734,357.2,35.65,6430.74
2109205,Presidente Juscelino,2020,12838,357.2,35.94,6553.28
2109205,Presidente Juscelino,2021,12939,357.2,36.22,6529.02
2109205,Presidente Juscelino,2022,12498,357.2,34.99,7732.76
2109205,Presidente Juscelino,2023,12057,357.2,33.75,8497.8
2109205,Presidente Juscelino,2024,11616,357.2,32.52,8820.42
2109205,Presidente Juscelino,2025,11616,357.2,32.52,8820.42
2109205,Presidente Juscelino,2026,11616,357.2,32.52,8820.42
2109239,Presidente Médici,2008,6252,439.6,14.22,3335.41
2109239,Presidente Médici,2009,6363,439.6,14.47,3721.36
2109239,Presidente Médici,2010,6417,439.6,14.6,4115.94
2109239,Presidente Médici,2011,6471,439.6,14.72,4560.04
2109239,Presidente Médici,2012,6564,439.6,14.93,4566.42
2109239,Presidente Médici,2013,6674,439.6,15.18,5125.56
2109239,Presidente Médici,2014,6755,439.6,15.37,5615.99
2109239,Presidente Médici,2015,6831,439.6,15.54,5966.18
2109239,Presidente Médici,2016,6902,439.6,15.7,6941.61
2109239,Presidente Médici,2017,6968,439.6,15.85,6847.73
2109239,Presidente Médici,2018,6959,439.6,15.83,6999.57
2109239,Presidente Médici,2019,7015,439.6,15.96,6844.9
2109239,Presidente Médici,2020,7070,439.6,16.08,7740.03
2109239,Presidente Médici,2021,7124,439.6,16.21,8517.97
2109239,Presidente Médici,2022,6332,439.6,14.4,11081.33
2109239,Presidente Médici,2023,5540,439.6,12.6,13445.49
2109239,Presidente Médici,2024,4748,439.6,10.8,15688.29
2109239,Presidente Médici,2025,4717,439.6,10.73,15791.39
2109239,Presidente Médici,2026,4717,439.6,10.73,15791.39
2109270,Presidente Sarney,2008,16095,729.5,22.06,3646.97
2109270,Presidente Sarney,2009,16325,729.5,22.38,3933.66
2109270,Presidente Sarney,2010,16878,729.5,23.14,4095.81
2109270,Presidente Sarney,2011,17430,729.5,23.89,4799.77
2109270,Presidente Sarney,2012,17686,729.5,24.24,5284.86
2109270,Presidente Sarney,2013,17988,729.5,24.66,6564.88
2109270,Presidente Sarney,2014,18210,729.5,24.96,6876.11
2109270,Presidente Sarney,2015,18420,729.5,25.25,6839.79
2109270,Presidente Sarney,2016,18615,729.5,25.52,7663.87
2109270,Presidente Sarney,2017,18797,729.5,25.77,7237.27
2109270,Presidente Sarney,2018,18764,729.5,25.72,6820.67
2109270,Presidente Sarney,2019,18918,729.5,25.93,6813.09
2109270,Presidente Sarney,2020,19069,729.5,26.14,7157.74
2109270,Presidente Sarney,2021,19217,729.5,26.34,8584.48
2109270,Presidente Sarney,2022,18782,729.5,25.75,9565.38
2109270,Presidente Sarney,2023,18348,729.5,25.15,10139.69
2109270,Presidente Sarney,2024,17913,729.5,24.56,10385.92
2109270,Presidente Sarney,2025,17925,729.5,24.57,10378.97
2109270,Presidente Sarney,2026,17925,729.5,24.57,10378.97
2109304,Presidente Vargas,2008,10096,461.8,21.86,2422.94
2109304,Presidente Vargas,2009,10191,461.8,22.07,2768.03
2109304,Presidente Vargas,2010,10517,461.8,22.77,3069.13
2109304,Presidente Vargas,2011,10843,461.8,23.48,3370.84
2109304,Presidente Vargas,2012,10964,461.8,23.74,3615.74
2109304,Presidente Vargas,2013,11105,461.8,24.05,4154.98
2109304,Presidente Vargas,2014,11206,461.8,24.27,4837.14
2109304,Presidente Vargas,2015,11302,461.8,24.47,4873.74
2109304,Presidente Vargas,2016,11391,461.8,24.67,5065.49
2109304,Presidente Vargas,2017,11474,461.8,24.85,5079.05
2109304,Presidente Vargas,2018,11124,461.8,24.09,6266.63
2109304,Presidente Vargas,2019,11193,461.8,24.24,6105.24
2109304,Presidente Vargas,2020,11261,461.8,24.39,6373.5
2109304,Presidente Vargas,2021,11328,461.8,24.53,6723.69
2109304,Presidente Vargas,2022,11149,461.8,24.14,8372.68
2109304,Presidente Vargas,2023,10970,461.8,23.75,9925.62
2109304,Presidente Vargas,2024,10791,461.8,23.37,10090.26
2109304,Presidente Vargas,2025,10791,461.8,23.37,10090.26
2109304,Presidente Vargas,2026,10791,461.8,23.37,10090.26
2109403,Primeira Cruz,2008,12366,1343.0,9.21,1929.48
2109403,Primeira Cruz,2009,12493,1343.0,9.3,2297.77
2109403,Primeira Cruz,2010,13326,1343.0,9.92,2467.21
2109403,Primeira Cruz,2011,14158,1343.0,10.54,3178.27
2109403,Primeira Cruz,2012,14355,1343.0,10.69,3435.11
2109403,Primeira Cruz,2013,14588,1343.0,10.86,3724.29
2109403,Primeira Cruz,2014,14758,1343.0,10.99,4234.52
2109403,Primeira Cruz,2015,14918,1343.0,11.11,4559.93
2109403,Primeira Cruz,2016,15068,1343.0,11.22,5047.92
2109403,Primeira Cruz,2017,15207,1343.0,11.32,4975.6
2109403,Primeira Cruz,2018,15197,1343.0,11.32,5033.3
2109403,Primeira Cruz,2019,15315,1343.0,11.4,5121.97
2109403,Primeira Cruz,2020,15431,1343.0,11.49,5450.26
2109403,Primeira Cruz,2021,15545,1343.0,11.57,5730.65
2109403,Primeira Cruz,2022,15004,1343.0,11.17,7080.78
2109403,Primeira Cruz,2023,14463,1343.0,10.77,8332.16
2109403,Primeira Cruz,2024,13922,1343.0,10.37,8655.94
2109403,Primeira Cruz,2025,13920,1343.0,10.36,8657.18
2109403,Primeira Cruz,2026,13920,1343.0,10.36,8657.18
2109452,Raposa,2008,25042,79.6,314.6,2881.72
2109452,Raposa,2009,25837,79.6,324.59,3478.31
2109452,Raposa,2010,26437,79.6,332.12,3296.59
2109452,Raposa,2011,27037,79.6,339.66,4133.22
2109452,Raposa,2012,27723,79.6,348.28,4565.7
2109452,Raposa,2013,28543,79.6,358.58,6272.54
2109452,Raposa,2014,29167,79.6,366.42,6751.26
2109452,Raposa,2015,29755,79.6,373.81,6024.97
2109452,Raposa,2016,30304,79.6,380.7,6954.76
2109452,Raposa,2017,30863,79.6,387.73,6901.69
2109452,Raposa,2018,30337,79.6,381.12,7825.2
2109452,Raposa,2019,30761,79.6,386.44,8024.06
2109452,Raposa,2020,31177,79.6,391.67,8247.68
2109452,Raposa,2021,31586,79.6,396.81,9059.49
2109452,Raposa,2022,31742,79.6,398.77,10310.13
2109452,Raposa,2023,31898,79.6,400.73,11946.55
2109452,Raposa,2024,32054,79.6,402.69,11888.41
2109452,Raposa,2025,32156,79.6,403.97,11850.7
2109452,Raposa,2026,32156,79.6,403.97,11850.7
2109502,Riachão,2008,21626,6426.8,3.36,7645.66
2109502,Riachão,2009,21672,6426.8,3.37,8011.03
2109502,Riachão,2010,20911,6426.8,3.25,7066.23
2109502,Riachão,2011,20150,6426.8,3.14,8021.89
2109502,Riachão,2012,20093,6426.8,3.13,10768.63
2109502,Riachão,2013,20011,6426.8,3.11,12564.54
2109502,Riachão,2014,19926,6426.8,3.1,13298.96
2109502,Riachão,2015,19846,6426.8,3.09,13453.79
2109502,Riachão,2016,19771,6426.8,3.08,10934.65
2109502,Riachão,2017,19701,6426.8,3.07,15729.4
2109502,Riachão,2018,20243,6426.8,3.15,17412.83
2109502,Riachão,2019,20195,6426.8,3.14,16590.54
2109502,Riachão,2020,20334,6426.8,3.16,27109.57
2109502,Riachão,2021,20288,6426.8,3.16,33182.03
2109502,Riachão,2022,21092,6426.8,3.28,40570.55
2109502,Riachão,2023,21895,6426.8,3.41,31409.04
2109502,Riachão,2024,22699,6426.8,3.53,30296.53
2109502,Riachão,2025,22740,6426.8,3.54,30241.91
2109502,Riachão,2026,22740,6426.8,3.54,30241.91
2109551,Ribamar Fiquene,2008,7391,736.6,10.03,4472.06
2109551,Ribamar Fiquene,2009,7477,736.6,10.15,4619.37
2109551,Ribamar Fiquene,2010,7430,736.6,10.09,5098.38
2109551,Ribamar Fiquene,2011,7382,736.6,10.02,6012.19
2109551,Ribamar Fiquene,2012,7444,736.6,10.11,6264.91
2109551,Ribamar Fiquene,2013,7514,736.6,10.2,6857.47
2109551,Ribamar Fiquene,2014,7563,736.6,10.27,7266.43
2109551,Ribamar Fiquene,2015,7609,736.6,10.33,8700.49
2109551,Ribamar Fiquene,2016,7652,736.6,10.39,9377.29
2109551,Ribamar Fiquene,2017,7691,736.6,10.44,10067.61
2109551,Ribamar Fiquene,2018,7755,736.6,10.53,10645.52
2109551,Ribamar Fiquene,2019,7791,736.6,10.58,12083.56
2109551,Ribamar Fiquene,2020,7825,736.6,10.62,13893.04
2109551,Ribamar Fiquene,2021,7859,736.6,10.67,15802.52
2109551,Ribamar Fiquene,2022,7772,736.6,10.55,17224.01
2109551,Ribamar Fiquene,2023,7684,736.6,10.43,19391.07
2109551,Ribamar Fiquene,2024,7597,736.6,10.31,19613.14
2109551,Ribamar Fiquene,2025,7601,736.6,10.32,19602.82
2109551,Ribamar Fiquene,2026,7601,736.6,10.32,19602.82
2109601,Rosário,2008,39103,650.8,60.08,3757.18
2109601,Rosário,2009,39627,650.8,60.89,4334.34
2109601,Rosário,2010,39828,650.8,61.2,4000.33
2109601,Rosário,2011,40030,650.8,61.51,4883.84
2109601,Rosário,2012,40469,650.8,62.18,5509.72
2109601,Rosário,2013,40983,650.8,62.97,5322.72
2109601,Rosário,2014,41349,650.8,63.54,7036.03
2109601,Rosário,2015,41694,650.8,64.07,6637.96
2109601,Rosário,2016,42016,650.8,64.56,7298.51
2109601,Rosário,2017,42314,650.8,65.02,7341.33
2109601,Rosário,2018,42482,650.8,65.28,8415.28
2109601,Rosário,2019,42740,650.8,65.67,8682.64
2109601,Rosário,2020,42994,650.8,66.06,9425.76
2109601,Rosário,2021,43243,650.8,66.45,10248.5
2109601,Rosário,2022,42083,650.8,64.66,11432.62
2109601,Rosário,2023,40923,650.8,62.88,12765.32
2109601,Rosário,2024,39763,650.8,61.1,13137.72
2109601,Rosário,2025,39761,650.8,61.1,13138.38
2109601,Rosário,2026,39761,650.8,61.1,13138.38
2109700,Sambaíba,2008,5971,2486.3,2.4,21191.26
2109700,Sambaíba,2009,6038,2486.3,2.43,19344.65
2109700,Sambaíba,2010,5772,2486.3,2.32,16552.32
2109700,Sambaíba,2011,5505,2486.3,2.21,17952.41
2109700,Sambaíba,2012,5522,2486.3,2.22,28760.59
2109700,Sambaíba,2013,5538,2486.3,2.23,33295.41
2109700,Sambaíba,2014,5546,2486.3,2.23,33247.02
2109700,Sambaíba,2015,5554,2486.3,2.23,39099.93
2109700,Sambaíba,2016,5561,2486.3,2.24,15926.45
2109700,Sambaíba,2017,5568,2486.3,2.24,38892.24
2109700,Sambaíba,2018,5663,2486.3,2.28,44537.7
2109700,Sambaíba,2019,5671,2486.3,2.28,32996.83
2109700,Sambaíba,2020,5679,2486.3,2.28,71472.27
2109700,Sambaíba,2021,5686,2486.3,2.29,83486.28
2109700,Sambaíba,2022,5691,2486.3,2.29,110795.82
2109700,Sambaíba,2023,5696,2486.3,2.29,76077.95
2109700,Sambaíba,2024,5701,2486.3,2.29,76011.23
2109700,Sambaíba,2025,6234,2486.3,2.51,69512.35
2109700,Sambaíba,2026,6234,2486.3,2.51,69512.35
2109759,Santa Filomena do Maranhão,2008,5703,625.9,9.11,3647.38
2109759,Santa Filomena do Maranhão,2009,5804,625.9,9.27,3927.81
2109759,Santa Filomena do Maranhão,2010,6480,625.9,10.35,4011.27
2109759,Santa Filomena do Maranhão,2011,7155,625.9,11.43,4064.01
2109759,Santa Filomena do Maranhão,2012,7246,625.9,11.58,4390.7
2109759,Santa Filomena do Maranhão,2013,7426,625.9,11.86,5020.6
2109759,Santa Filomena do Maranhão,2014,7503,625.9,11.99,5949.89
2109759,Santa Filomena do Maranhão,2015,7576,625.9,12.1,5303.46
2109759,Santa Filomena do Maranhão,2016,7645,625.9,12.21,5353.7
2109759,Santa Filomena do Maranhão,2017,7708,625.9,12.32,6119.49
2109759,Santa Filomena do Maranhão,2018,7719,625.9,12.33,6466.38
2109759,Santa Filomena do Maranhão,2019,7773,625.9,12.42,6562.2
2109759,Santa Filomena do Maranhão,2020,7826,625.9,12.5,6950.17
2109759,Santa Filomena do Maranhão,2021,7878,625.9,12.59,7641.91
2109759,Santa Filomena do Maranhão,2022,7532,625.9,12.03,8567.71
2109759,Santa Filomena do Maranhão,2023,7185,625.9,11.48,10005.01
2109759,Santa Filomena do Maranhão,2024,6839,625.9,10.93,10511.19
2109759,Santa Filomena do Maranhão,2025,6833,625.9,10.92,10520.42
2109759,Santa Filomena do Maranhão,2026,6833,625.9,10.92,10520.42
2109809,Santa Helena,2008,35070,2200.8,15.94,2745.82
2109809,Santa Helena,2009,35472,2200.8,16.12,3011.5
2109809,Santa Helena,2010,37608,2200.8,17.09,3012.31
2109809,Santa Helena,2011,39744,2200.8,18.06,3621.58
2109809,Santa Helena,2012,40356,2200.8,18.34,4180.05
2109809,Santa Helena,2013,41081,2200.8,18.67,4675.79
2109809,Santa Helena,2014,40518,2200.8,18.41,5370.4
2109809,Santa Helena,2015,41009,2200.8,18.63,5433.51
2109809,Santa Helena,2016,41466,2200.8,18.84,6303.96
2109809,Santa Helena,2017,41891,2200.8,19.03,6661.1
2109809,Santa Helena,2018,41770,2200.8,18.98,6848.36
2109809,Santa Helena,2019,42130,2200.8,19.14,6373.01
2109809,Santa Helena,2020,42483,2200.8,19.3,7272.44
2109809,Santa Helena,2021,42829,2200.8,19.46,8357.68
2109809,Santa Helena,2022,42923,2200.8,19.5,9184.7
2109809,Santa Helena,2023,43018,2200.8,19.55,11248.85
2109809,Santa Helena,2024,43112,2200.8,19.59,11224.32
2109809,Santa Helena,2025,43200,2200.8,19.63,11201.46
2109809,Santa Helena,2026,43200,2200.8,19.63,11201.46
2109908,Santa Inês,2008,84582,790.1,107.05,5910.35
2109908,Santa Inês,2009,85701,790.1,108.47,6881.11
2109908,Santa Inês,2010,81860,790.1,103.61,8195.8
2109908,Santa Inês,2011,78020,790.1,98.75,8883.04
2109908,Santa Inês,2012,78733,790.1,99.65,9973.7
2109908,Santa Inês,2013,82106,790.1,103.92,10804.59
2109908,Santa Inês,2014,82680,790.1,104.64,12959.0
2109908,Santa Inês,2015,83238,790.1,105.35,13725.01
2109908,Santa Inês,2016,83759,790.1,106.01,14603.76
2109908,Santa Inês,2017,88013,790.1,111.39,13968.64
2109908,Santa Inês,2018,88590,790.1,112.13,14554.45
2109908,Santa Inês,2019,89044,790.1,112.7,13970.42
2109908,Santa Inês,2020,89489,790.1,113.26,14897.47
2109908,Santa Inês,2021,89927,790.1,113.82,16301.37
2109908,Santa Inês,2022,89340,790.1,113.07,19212.5
2109908,Santa Inês,2023,88754,790.1,112.33,20704.59
2109908,Santa Inês,2024,88167,790.1,111.59,20842.44
2109908,Santa Inês,2025,88249,790.1,111.69,20823.07
2109908,Santa Inês,2026,88249,790.1,111.69,20823.07
2110005,Santa Luzia,2008,71314,4858.6,14.68,3514.16
2110005,Santa Luzia,2009,71455,4858.6,14.71,3918.47
2110005,Santa Luzia,2010,72978,4858.6,15.02,4612.18
2110005,Santa Luzia,2011,74501,4858.6,15.33,5639.35
2110005,Santa Luzia,2012,74943,4858.6,15.42,5469.53
2110005,Santa Luzia,2013,75444,4858.6,15.53,6189.25
2110005,Santa Luzia,2014,75762,4858.6,15.59,6690.6
2110005,Santa Luzia,2015,71067,4858.6,14.63,6571.18
2110005,Santa Luzia,2016,71329,4858.6,14.68,7844.58
2110005,Santa Luzia,2017,71576,4858.6,14.73,7636.48
2110005,Santa Luzia,2018,72440,4858.6,14.91,7857.83
2110005,Santa Luzia,2019,72667,4858.6,14.96,8282.73
2110005,Santa Luzia,2020,72887,4858.6,15.0,8427.13
2110005,Santa Luzia,2021,73105,4858.6,15.05,10169.21
2110005,Santa Luzia,2022,68416,4858.6,14.08,12991.16
2110005,Santa Luzia,2023,63726,4858.6,13.12,15469.49
2110005,Santa Luzia,2024,59037,4858.6,12.15,16698.16
2110005,Santa Luzia,2025,58839,4858.6,12.11,16754.35
2110005,Santa Luzia,2026,58839,4858.6,12.11,16754.35
2110039,Santa Luzia do Paruá,2008,20194,1015.0,19.9,4601.27
2110039,Santa Luzia do Paruá,2009,20190,1015.0,19.89,5248.14
2110039,Santa Luzia do Paruá,2010,21516,1015.0,21.2,5891.24
2110039,Santa Luzia do Paruá,2011,22843,1015.0,22.51,6357.66
2110039,Santa Luzia do Paruá,2012,23035,1015.0,22.69,6406.03
2110039,Santa Luzia do Paruá,2013,23256,1015.0,22.91,10438.12
2110039,Santa Luzia do Paruá,2014,24507,1015.0,24.14,8047.42
2110039,Santa Luzia do Paruá,2015,24663,1015.0,24.3,8533.76
2110039,Santa Luzia do Paruá,2016,24810,1015.0,24.44,8963.72
2110039,Santa Luzia do Paruá,2017,24946,1015.0,24.58,8083.66
2110039,Santa Luzia do Paruá,2018,25134,1015.0,24.76,8505.49
2110039,Santa Luzia do Paruá,2019,25254,1015.0,24.88,8298.69
2110039,Santa Luzia do Paruá,2020,25371,1015.0,25.0,9511.02
2110039,Santa Luzia do Paruá,2021,25487,1015.0,25.11,9939.66
2110039,Santa Luzia do Paruá,2022,25281,1015.0,24.91,13417.15
2110039,Santa Luzia do Paruá,2023,25076,1015.0,24.71,15264.16
2110039,Santa Luzia do Paruá,2024,24870,1015.0,24.5,15390.59
2110039,Santa Luzia do Paruá,2025,24890,1015.0,24.52,15378.22
2110039,Santa Luzia do Paruá,2026,24890,1015.0,24.52,15378.22
2110104,Santa Quitéria do Maranhão,2008,29215,1436.9,20.33,2777.34
2110104,Santa Quitéria do Maranhão,2009,29551,1436.9,20.57,3519.07
2110104,Santa Quitéria do Maranhão,2010,29506,1436.9,20.53,3119.64
2110104,Santa Quitéria do Maranhão,2011,29460,1436.9,20.5,3768.43
2110104,Santa Quitéria do Maranhão,2012,28914,1436.9,20.12,4077.16
2110104,Santa Quitéria do Maranhão,2013,24706,1436.9,17.19,4756.94
2110104,Santa Quitéria do Maranhão,2014,24879,1436.9,17.31,5506.33
2110104,Santa Quitéria do Maranhão,2015,25041,1436.9,17.43,5978.99
2110104,Santa Quitéria do Maranhão,2016,25192,1436.9,17.53,6703.99
2110104,Santa Quitéria do Maranhão,2017,25334,1436.9,17.63,6430.09
2110104,Santa Quitéria do Maranhão,2018,25519,1436.9,17.76,7241.0
2110104,Santa Quitéria do Maranhão,2019,25642,1436.9,17.85,7127.8
2110104,Santa Quitéria do Maranhão,2020,25764,1436.9,17.93,7387.67
2110104,Santa Quitéria do Maranhão,2021,25884,1436.9,18.01,8439.38
2110104,Santa Quitéria do Maranhão,2022,25419,1436.9,17.69,12248.67
2110104,Santa Quitéria do Maranhão,2023,24954,1436.9,17.37,15696.0
2110104,Santa Quitéria do Maranhão,2024,24489,1436.9,17.04,15994.04
2110104,Santa Quitéria do Maranhão,2025,24495,1436.9,17.05,15990.12
2110104,Santa Quitéria do Maranhão,2026,24495,1436.9,17.05,15990.12
2110203,Santa Rita,2008,31940,760.2,42.02,2736.01
2110203,Santa Rita,2009,32872,760.2,43.24,3205.49
2110203,Santa Rita,2010,32994,760.2,43.4,3152.24
2110203,Santa Rita,2011,33117,760.2,43.56,3981.07
2110203,Santa Rita,2012,33843,760.2,44.52,4386.67
2110203,Santa Rita,2013,34710,760.2,45.66,4650.97
2110203,Santa Rita,2014,35364,760.2,46.52,5683.63
2110203,Santa Rita,2015,35980,760.2,47.33,6685.6
2110203,Santa Rita,2016,36556,760.2,48.09,7323.67
2110203,Santa Rita,2017,37090,760.2,48.79,7238.02
2110203,Santa Rita,2018,37404,760.2,49.2,7214.28
2110203,Santa Rita,2019,37855,760.2,49.8,7861.26
2110203,Santa Rita,2020,38298,760.2,50.38,7925.9
2110203,Santa Rita,2021,38732,760.2,50.95,9156.02
2110203,Santa Rita,2022,38637,760.2,50.82,8839.27
2110203,Santa Rita,2023,38541,760.2,50.7,9463.84
2110203,Santa Rita,2024,38446,760.2,50.57,9487.23
2110203,Santa Rita,2025,38542,760.2,50.7,9463.6
2110203,Santa Rita,2026,38542,760.2,50.7,9463.6
2110237,Santana do Maranhão,2008,10890,936.3,11.63,2367.22
2110237,Santana do Maranhão,2009,11170,936.3,11.93,2733.48
2110237,Santana do Maranhão,2010,11554,936.3,12.34,2503.29
2110237,Santana do Maranhão,2011,11937,936.3,12.75,3032.92
2110237,Santana do Maranhão,2012,12203,936.3,13.03,3205.11
2110237,Santana do Maranhão,2013,12521,936.3,13.37,3658.81
2110237,Santana do Maranhão,2014,12761,936.3,13.63,4062.69
2110237,Santana do Maranhão,2015,12987,936.3,13.87,3984.21
2110237,Santana do Maranhão,2016,13199,936.3,14.1,4330.56
2110237,Santana do Maranhão,2017,13395,936.3,14.31,4337.66
2110237,Santana do Maranhão,2018,13223,936.3,14.12,4891.1
2110237,Santana do Maranhão,2019,13386,936.3,14.3,4986.25
2110237,Santana do Maranhão,2020,13547,936.3,14.47,6941.83
2110237,Santana do Maranhão,2021,13704,936.3,14.64,5406.45
2110237,Santana do Maranhão,2022,12728,936.3,13.59,8275.69
2110237,Santana do Maranhão,2023,11753,936.3,12.55,9848.38
2110237,Santana do Maranhão,2024,10777,936.3,11.51,10740.28
2110237,Santana do Maranhão,2025,10759,936.3,11.49,10758.25
2110237,Santana do Maranhão,2026,10759,936.3,11.49,10758.25
2110278,Santo Amaro do Maranhão,2008,11509,1589.9,7.24,1910.5
2110278,Santo Amaro do Maranhão,2009,11693,1589.9,7.35,2350.98
2110278,Santo Amaro do Maranhão,2010,12918,1589.9,8.13,2452.08
2110278,Santo Amaro do Maranhão,2011,14143,1589.9,8.9,2574.49
2110278,Santo Amaro do Maranhão,2012,14456,1589.9,9.09,3000.28
2110278,Santo Amaro do Maranhão,2013,14828,1589.9,9.33,3564.81
2110278,Santo Amaro do Maranhão,2014,15110,1589.9,9.5,4541.23
2110278,Santo Amaro do Maranhão,2015,15375,1589.9,9.67,4278.57
2110278,Santo Amaro do Maranhão,2016,15623,1589.9,9.83,4920.44
2110278,Santo Amaro do Maranhão,2017,15853,1589.9,9.97,5113.1
2110278,Santo Amaro do Maranhão,2018,15654,1589.9,9.85,5051.87
2110278,Santo Amaro do Maranhão,2019,15846,1589.9,9.97,4971.35
2110278,Santo Amaro do Maranhão,2020,16034,1589.9,10.08,5387.55
2110278,Santo Amaro do Maranhão,2021,16219,1589.9,10.2,5914.79
2110278,Santo Amaro do Maranhão,2022,15573,1589.9,9.79,7348.1
2110278,Santo Amaro do Maranhão,2023,14926,1589.9,9.39,8820.72
2110278,Santo Amaro do Maranhão,2024,14280,1589.9,8.98,9219.75
2110278,Santo Amaro do Maranhão,2025,14287,1589.9,8.99,9215.23
2110278,Santo Amaro do Maranhão,2026,14287,1589.9,8.99,9215.23
2110302,Santo Antônio dos Lopes,2008,14637,774.3,18.9,3582.63
2110302,Santo Antônio dos Lopes,2009,14663,774.3,18.94,4345.97
2110302,Santo Antônio dos Lopes,2010,14477,774.3,18.7,5027.01
2110302,Santo Antônio dos Lopes,2011,14291,774.3,18.46,6036.25
2110302,Santo Antônio dos Lopes,2012,14294,774.3,18.46,10447.81
2110302,Santo Antônio dos Lopes,2013,14289,774.3,18.45,126351.25
2110302,Santo Antônio dos Lopes,2014,14270,774.3,18.43,57099.23
2110302,Santo Antônio dos Lopes,2015,14253,774.3,18.41,64683.65
2110302,Santo Antônio dos Lopes,2016,14237,774.3,18.39,89642.76
2110302,Santo Antônio dos Lopes,2017,14222,774.3,18.37,113472.09
2110302,Santo Antônio dos Lopes,2018,14534,774.3,18.77,131666.16
2110302,Santo Antônio dos Lopes,2019,14528,774.3,18.76,128304.1
2110302,Santo Antônio dos Lopes,2020,14522,774.3,18.76,163095.37
2110302,Santo Antônio dos Lopes,2021,14516,774.3,18.75,210494.28
2110302,Santo Antônio dos Lopes,2022,14552,774.3,18.79,214229.93
2110302,Santo Antônio dos Lopes,2023,14587,774.3,18.84,355423.6
2110302,Santo Antônio dos Lopes,2024,14623,774.3,18.89,354548.59
2110302,Santo Antônio dos Lopes,2025,14628,774.3,18.89,354427.4
2110302,Santo Antônio dos Lopes,2026,14628,774.3,18.89,354427.4
2110401,São Benedito do Rio Preto,2008,17704,935.7,18.92,2580.6
2110401,São Benedito do Rio Preto,2009,17818,935.7,19.04,2451.68
2110401,São Benedito do Rio Preto,2010,17861,935.7,19.09,2678.52
2110401,São Benedito do Rio Preto,2011,17904,935.7,19.13,3561.44
2110401,São Benedito do Rio Preto,2012,18004,935.7,19.24,3393.36
2110401,São Benedito do Rio Preto,2013,18118,935.7,19.36,3604.87
2110401,São Benedito do Rio Preto,2014,18189,935.7,19.44,4799.0
2110401,São Benedito do Rio Preto,2015,18256,935.7,19.51,4850.62
2110401,São Benedito do Rio Preto,2016,18319,935.7,19.58,5727.22
2110401,São Benedito do Rio Preto,2017,18377,935.7,19.64,6052.46
2110401,São Benedito do Rio Preto,2018,18608,935.7,19.89,6694.7
2110401,São Benedito do Rio Preto,2019,18663,935.7,19.95,6752.45
2110401,São Benedito do Rio Preto,2020,18717,935.7,20.0,7523.21
2110401,São Benedito do Rio Preto,2021,18769,935.7,20.06,7642.23
2110401,São Benedito do Rio Preto,2022,18777,935.7,20.07,8430.63
2110401,São Benedito do Rio Preto,2023,18785,935.7,20.08,9926.75
2110401,São Benedito do Rio Preto,2024,18793,935.7,20.08,9922.52
2110401,São Benedito do Rio Preto,2025,18810,935.7,20.1,9913.56
2110401,São Benedito do Rio Preto,2026,18810,935.7,20.1,9913.56
2110500,São Bento,2008,38645,459.1,84.18,2489.2
2110500,São Bento,2009,39312,459.1,85.63,3312.27
2110500,São Bento,2010,40366,459.1,87.92,3016.0
2110500,São Bento,2011,41421,459.1,90.22,3374.09
2110500,São Bento,2012,42083,459.1,91.66,3889.62
2110500,São Bento,2013,42867,459.1,93.37,4177.95
2110500,São Bento,2014,43447,459.1,94.64,4714.18
2110500,São Bento,2015,45044,459.1,98.11,5081.1
2110500,São Bento,2016,45560,459.1,99.24,9597.91
2110500,São Bento,2017,46039,459.1,100.28,5584.85
2110500,São Bento,2018,44811,459.1,97.61,6108.23
2110500,São Bento,2019,45211,459.1,98.48,5981.93
2110500,São Bento,2020,45604,459.1,99.33,6277.87
2110500,São Bento,2021,45989,459.1,100.17,6787.71
2110500,São Bento,2022,46671,459.1,101.66,7990.23
2110500,São Bento,2023,47354,459.1,103.15,8534.63
2110500,São Bento,2024,48036,459.1,104.63,8413.46
2110500,São Bento,2025,48166,459.1,104.91,8390.75
2110500,São Bento,2026,48166,459.1,104.91,8390.75
2110609,São Bernardo,2008,26273,1010.2,26.01,4127.13
2110609,São Bernardo,2009,26615,1010.2,26.35,4394.85
2110609,São Bernardo,2010,26690,1010.2,26.42,4663.84
2110609,São Bernardo,2011,26765,1010.2,26.49,5008.07
2110609,São Bernardo,2012,27044,1010.2,26.77,6126.94
2110609,São Bernardo,2013,27369,1010.2,27.09,7405.09
2110609,São Bernardo,2014,27599,1010.2,27.32,8364.98
2110609,São Bernardo,2015,27817,1010.2,27.54,8270.52
2110609,São Bernardo,2016,28020,1010.2,27.74,9395.86
2110609,São Bernardo,2017,28208,1010.2,27.92,8792.93
2110609,São Bernardo,2018,28343,1010.2,28.06,9914.48
2110609,São Bernardo,2019,28507,1010.2,28.22,9935.59
2110609,São Bernardo,2020,28667,1010.2,28.38,9088.53
2110609,São Bernardo,2021,28825,1010.2,28.53,9754.62
2110609,São Bernardo,2022,28512,1010.2,28.22,11585.12
2110609,São Bernardo,2023,28200,1010.2,27.92,13623.72
2110609,São Bernardo,2024,27887,1010.2,27.61,13776.63
2110609,São Bernardo,2025,27910,1010.2,27.63,13765.28
2110609,São Bernardo,2026,27910,1010.2,27.63,13765.28
2110658,São Domingos do Azeitão,2008,7168,965.4,7.42,10261.58
2110658,São Domingos do Azeitão,2009,7252,965.4,7.51,11395.89
2110658,São Domingos do Azeitão,2010,7144,965.4,7.4,13195.97
2110658,São Domingos do Azeitão,2011,7037,965.4,7.29,11002.27
2110658,São Domingos do Azeitão,2012,7088,965.4,7.34,17012.56
2110658,São Domingos do Azeitão,2013,7147,965.4,7.4,23681.54
2110658,São Domingos do Azeitão,2014,7187,965.4,7.44,21587.31
2110658,São Domingos do Azeitão,2015,7224,965.4,7.48,21549.97
2110658,São Domingos do Azeitão,2016,7259,965.4,7.52,15236.67
2110658,São Domingos do Azeitão,2017,7291,965.4,7.55,23781.37
2110658,São Domingos do Azeitão,2018,7363,965.4,7.63,29478.88
2110658,São Domingos do Azeitão,2019,7392,965.4,7.66,23545.32
2110658,São Domingos do Azeitão,2020,7420,965.4,7.69,32891.24
2110658,São Domingos do Azeitão,2021,7448,965.4,7.71,43034.64
2110658,São Domingos do Azeitão,2022,7703,965.4,7.98,61336.62
2110658,São Domingos do Azeitão,2023,7958,965.4,8.24,42675.17
2110658,São Domingos do Azeitão,2024,8213,965.4,8.51,41350.18
2110658,São Domingos do Azeitão,2025,8236,965.4,8.53,41234.7
2110658,São Domingos do Azeitão,2026,8236,965.4,8.53,41234.7
2110708,São Domingos do Maranhão,2008,33491,1157.0,28.95,3399.09
2110708,São Domingos do Maranhão,2009,33506,1157.0,28.96,3828.57
2110708,São Domingos do Maranhão,2010,33578,1157.0,29.02,4868.84
2110708,São Domingos do Maranhão,2011,33650,1157.0,29.08,5410.91
2110708,São Domingos do Maranhão,2012,33692,1157.0,29.12,5586.93
2110708,São Domingos do Maranhão,2013,33725,1157.0,29.15,6330.91
2110708,São Domingos do Maranhão,2014,33716,1157.0,29.14,7109.56
2110708,São Domingos do Maranhão,2015,33707,1157.0,29.13,7934.91
2110708,São Domingos do Maranhão,2016,33699,1157.0,29.13,7485.0
2110708,São Domingos do Maranhão,2017,33691,1157.0,29.12,7986.76
2110708,São Domingos do Maranhão,2018,34368,1157.0,29.7,8453.68
2110708,São Domingos do Maranhão,2019,34376,1157.0,29.71,8467.71
2110708,São Domingos do Maranhão,2020,34384,1157.0,29.72,9492.9
2110708,São Domingos do Maranhão,2021,34391,1157.0,29.72,10349.1
2110708,São Domingos do Maranhão,2022,34668,1157.0,29.96,12836.74
2110708,São Domingos do Maranhão,2023,34944,1157.0,30.2,13732.03
2110708,São Domingos do Maranhão,2024,35221,1157.0,30.44,13624.03
2110708,São Domingos do Maranhão,2025,35247,1157.0,30.46,13613.98
2110708,São Domingos do Maranhão,2026,35247,1157.0,30.46,13613.98
2110807,São Félix de Balsas,2008,4511,2041.6,2.21,3270.67
2110807,São Félix de Balsas,2009,4442,2041.6,2.18,3799.64
2110807,São Félix de Balsas,2010,4556,2041.6,2.23,3970.59
2110807,São Félix de Balsas,2011,4669,2041.6,2.29,4770.4
2110807,São Félix de Balsas,2012,4636,2041.6,2.27,5636.32
2110807,São Félix de Balsas,2013,4593,2041.6,2.25,6979.75
2110807,São Félix de Balsas,2014,4554,2041.6,2.23,7444.88
2110807,São Félix de Balsas,2015,4518,2041.6,2.21,8039.62
2110807,São Félix de Balsas,2016,4484,2041.6,2.2,8684.43
2110807,São Félix de Balsas,2017,4453,2041.6,2.18,10762.63
2110807,São Félix de Balsas,2018,4609,2041.6,2.26,10118.68
2110807,São Félix de Balsas,2019,4585,2041.6,2.25,9675.25
2110807,São Félix de Balsas,2020,4562,2041.6,2.23,14319.16
2110807,São Félix de Balsas,2021,4540,2041.6,2.22,18977.53
2110807,São Félix de Balsas,2022,4525,2041.6,2.22,23011.49
2110807,São Félix de Balsas,2023,4510,2041.6,2.21,20399.33
2110807,São Félix de Balsas,2024,4495,2041.6,2.2,20467.41
2110807,São Félix de Balsas,2025,4491,2041.6,2.2,20485.64
2110807,São Félix de Balsas,2026,4491,2041.6,2.2,20485.64
2110856,São Francisco do Brejão,2008,8702,748.6,11.62,4241.67
2110856,São Francisco do Brejão,2009,8863,748.6,11.84,4291.55
2110856,São Francisco do Brejão,2010,9685,748.6,12.94,4538.15
2110856,São Francisco do Brejão,2011,10507,748.6,14.04,5267.92
2110856,São Francisco do Brejão,2012,10745,748.6,14.35,4751.51
2110856,São Francisco do Brejão,2013,11027,748.6,14.73,5789.15
2110856,São Francisco do Brejão,2014,11242,748.6,15.02,6613.59
2110856,São Francisco do Brejão,2015,11444,748.6,15.29,7407.9
2110856,São Francisco do Brejão,2016,11633,748.6,15.54,8244.56
2110856,São Francisco do Brejão,2017,11808,748.6,15.77,8097.31
2110856,São Francisco do Brejão,2018,11652,748.6,15.57,8786.73
2110856,São Francisco do Brejão,2019,11798,748.6,15.76,8425.58
2110856,São Francisco do Brejão,2020,11941,748.6,15.95,8720.54
2110856,São Francisco do Brejão,2021,12082,748.6,16.14,10035.84
2110856,São Francisco do Brejão,2022,11129,748.6,14.87,11095.34
2110856,São Francisco do Brejão,2023,10175,748.6,13.59,13635.09
2110856,São Francisco do Brejão,2024,9222,748.6,12.32,15044.13
2110856,São Francisco do Brejão,2025,9202,748.6,12.29,15076.83
2110856,São Francisco do Brejão,2026,9202,748.6,12.29,15076.83
2110906,São Francisco do Maranhão,2008,14632,2294.1,6.38,2100.33
2110906,São Francisco do Maranhão,2009,14801,2294.1,6.45,2255.12
2110906,São Francisco do Maranhão,2010,13354,2294.1,5.82,2387.9
2110906,São Francisco do Maranhão,2011,11908,2294.1,5.19,2793.42
2110906,São Francisco do Maranhão,2012,11932,2294.1,5.2,2873.62
2110906,São Francisco do Maranhão,2013,11955,2294.1,5.21,4104.89
2110906,São Francisco do Maranhão,2014,11961,2294.1,5.21,4794.67
2110906,São Francisco do Maranhão,2015,11966,2294.1,5.22,4913.5
2110906,São Francisco do Maranhão,2016,11971,2294.1,5.22,5147.02
2110906,São Francisco do Maranhão,2017,11976,2294.1,5.22,6011.69
2110906,São Francisco do Maranhão,2018,12201,2294.1,5.32,6105.65
2110906,São Francisco do Maranhão,2019,12210,2294.1,5.32,6222.93
2110906,São Francisco do Maranhão,2020,12218,2294.1,5.33,6789.33
2110906,São Francisco do Maranhão,2021,12226,2294.1,5.33,8095.29
2110906,São Francisco do Maranhão,2022,12268,2294.1,5.35,8829.72
2110906,São Francisco do Maranhão,2023,12311,2294.1,5.37,10347.58
2110906,São Francisco do Maranhão,2024,12353,2294.1,5.38,10312.39
2110906,São Francisco do Maranhão,2025,12360,2294.1,5.39,10306.55
2110906,São Francisco do Maranhão,2026,12360,2294.1,5.39,10306.55
2111003,São João Batista,2008,18617,652.9,28.51,2857.55
2111003,São João Batista,2009,18570,652.9,28.44,2179.48
2111003,São João Batista,2010,19284,652.9,29.54,2336.24
2111003,São João Batista,2011,19997,652.9,30.63,3260.49
2111003,São João Batista,2012,20072,652.9,30.74,3778.95
2111003,São João Batista,2013,20152,652.9,30.87,4424.23
2111003,São João Batista,2014,20195,652.9,30.93,4888.44
2111003,São João Batista,2015,20235,652.9,30.99,5060.84
2111003,São João Batista,2016,20272,652.9,31.05,5713.2
2111003,São João Batista,2017,20307,652.9,31.1,6078.84
2111003,São João Batista,2018,20629,652.9,31.6,5950.07
2111003,São João Batista,2019,20665,652.9,31.65,5942.03
2111003,São João Batista,2020,20701,652.9,31.71,6300.18
2111003,São João Batista,2021,20736,652.9,31.76,6539.11
2111003,São João Batista,2022,20127,652.9,30.83,7246.88
2111003,São João Batista,2023,19518,652.9,29.89,7834.61
2111003,São João Batista,2024,18909,652.9,28.96,8086.94
2111003,São João Batista,2025,18889,652.9,28.93,8095.51
2111003,São João Batista,2026,18889,652.9,28.93,8095.51
2111029,São João do Carú,2008,12613,913.9,13.8,4051.06
2111029,São João do Carú,2009,12511,913.9,13.69,3875.31
2111029,São João do Carú,2010,14080,913.9,15.41,3629.33
2111029,São João do Carú,2011,15649,913.9,17.12,4332.23
2111029,São João do Carú,2012,15631,913.9,17.1,4641.8
2111029,São João do Carú,2013,15599,913.9,17.07,4934.16
2111029,São João do Carú,2014,15558,913.9,17.02,5407.12
2111029,São João do Carú,2015,15520,913.9,16.98,5373.2
2111029,São João do Carú,2016,15483,913.9,16.94,5844.09
2111029,São João do Carú,2017,15450,913.9,16.91,5530.87
2111029,São João do Carú,2018,15828,913.9,17.32,5749.37
2111029,São João do Carú,2019,15808,913.9,17.3,5910.17
2111029,São João do Carú,2020,15787,913.9,17.27,6563.31
2111029,São João do Carú,2021,15768,913.9,17.25,7800.99
2111029,São João do Carú,2022,14652,913.9,16.03,9427.86
2111029,São João do Carú,2023,13537,913.9,14.81,10622.52
2111029,São João do Carú,2024,12421,913.9,13.59,11576.93
2111029,São João do Carú,2025,12360,913.9,13.52,11634.06
2111029,São João do Carú,2026,12360,913.9,13.52,11634.06
2111052,São João do Paraíso,2008,11611,2061.3,5.63,4036.52
2111052,São João do Paraíso,2009,11729,2061.3,5.69,4548.64
2111052,São João do Paraíso,2010,11289,2061.3,5.48,4614.23
2111052,São João do Paraíso,2011,10849,2061.3,5.26,5804.5
2111052,São João do Paraíso,2012,10882,2061.3,5.28,5777.52
2111052,São João do Paraíso,2013,10917,2061.3,5.3,6484.38
2111052,São João do Paraíso,2014,10933,2061.3,5.3,7594.99
2111052,São João do Paraíso,2015,10949,2061.3,5.31,9915.15
2111052,São João do Paraíso,2016,10963,2061.3,5.32,13668.98
2111052,São João do Paraíso,2017,10977,2061.3,5.33,10648.81
2111052,São João do Paraíso,2018,11162,2061.3,5.42,11068.0
2111052,São João do Paraíso,2019,11177,2061.3,5.42,10826.88
2111052,São João do Paraíso,2020,11193,2061.3,5.43,11265.61
2111052,São João do Paraíso,2021,11207,2061.3,5.44,13514.59
2111052,São João do Paraíso,2022,10840,2061.3,5.26,15860.06
2111052,São João do Paraíso,2023,10472,2061.3,5.08,21631.49
2111052,São João do Paraíso,2024,10105,2061.3,4.9,22417.12
2111052,São João do Paraíso,2025,10091,2061.3,4.9,22448.22
2111052,São João do Paraíso,2026,10091,2061.3,4.9,22448.22
2111078,São João do Soter,2008,17108,1444.5,11.84,2217.5
2111078,São João do Soter,2009,17326,1444.5,11.99,2385.37
2111078,São João do Soter,2010,17374,1444.5,12.03,2617.7
2111078,São João do Soter,2011,17423,1444.5,12.06,3268.27
2111078,São João do Soter,2012,17602,1444.5,12.19,3470.29
2111078,São João do Soter,2013,17809,1444.5,12.33,3692.85
2111078,São João do Soter,2014,17956,1444.5,12.43,4386.28
2111078,São João do Soter,2015,18095,1444.5,12.53,4401.49
2111078,São João do Soter,2016,18225,1444.5,12.62,5235.78
2111078,São João do Soter,2017,18345,1444.5,12.7,5162.61
2111078,São João do Soter,2018,18438,1444.5,12.76,5509.0
2111078,São João do Soter,2019,18543,1444.5,12.84,5867.71
2111078,São João do Soter,2020,18645,1444.5,12.91,6691.02
2111078,São João do Soter,2021,18746,1444.5,12.98,8340.98
2111078,São João do Soter,2022,18249,1444.5,12.63,11943.78
2111078,São João do Soter,2023,17751,1444.5,12.29,11749.14
2111078,São João do Soter,2024,17254,1444.5,11.94,12087.57
2111078,São João do Soter,2025,17253,1444.5,11.94,12088.27
2111078,São João do Soter,2026,17253,1444.5,11.94,12088.27
2111102,São João dos Patos,2008,24267,1489.8,16.29,3995.14
2111102,São João dos Patos,2009,24357,1489.8,16.35,4743.65
2111102,São João dos Patos,2010,24642,1489.8,16.54,4724.49
2111102,São João dos Patos,2011,24927,1489.8,16.73,5395.76
2111102,São João dos Patos,2012,25056,1489.8,16.82,5984.63
2111102,São João dos Patos,2013,25199,1489.8,16.91,7020.32
2111102,São João dos Patos,2014,25287,1489.8,16.97,9095.03
2111102,São João dos Patos,2015,25371,1489.8,17.03,8754.29
2111102,São João dos Patos,2016,25448,1489.8,17.08,10067.55
2111102,São João dos Patos,2017,25520,1489.8,17.13,10314.34
2111102,São João dos Patos,2018,25860,1489.8,17.36,10309.63
2111102,São João dos Patos,2019,25929,1489.8,17.4,10538.08
2111102,São João dos Patos,2020,25996,1489.8,17.45,11540.43
2111102,São João dos Patos,2021,26063,1489.8,17.49,13082.53
2111102,São João dos Patos,2022,26006,1489.8,17.46,15240.21
2111102,São João dos Patos,2023,25948,1489.8,17.42,17122.13
2111102,São João dos Patos,2024,25891,1489.8,17.38,17159.82
2111102,São João dos Patos,2025,25910,1489.8,17.39,17147.24
2111102,São João dos Patos,2026,25910,1489.8,17.39,17147.24
2111201,São José de Ribamar,2008,135821,181.2,749.56,4198.6
2111201,São José de Ribamar,2009,139473,181.2,769.72,4627.2
2111201,São José de Ribamar,2010,152446,181.2,841.31,4938.23
2111201,São José de Ribamar,2011,165418,181.2,912.9,5644.06
2111201,São José de Ribamar,2012,167714,181.2,925.57,6915.07
2111201,São José de Ribamar,2013,170423,181.2,940.52,8009.41
2111201,São José de Ribamar,2014,172402,181.2,951.45,9185.99
2111201,São José de Ribamar,2015,174267,181.2,961.74,9827.19
2111201,São José de Ribamar,2016,176008,181.2,971.35,10878.19
2111201,São José de Ribamar,2017,176418,181.2,973.61,11366.49
2111201,São José de Ribamar,2018,176321,181.2,973.07,12342.59
2111201,São José de Ribamar,2019,177687,181.2,980.61,11947.19
2111201,São José de Ribamar,2020,179028,181.2,988.01,12055.66
2111201,São José de Ribamar,2021,180345,181.2,995.28,12718.59
2111201,São José de Ribamar,2022,206035,181.2,1137.06,13942.69
2111201,São José de Ribamar,2023,231724,181.2,1278.83,13531.52
2111201,São José de Ribamar,2024,257414,181.2,1420.61,12181.07
2111201,São José de Ribamar,2025,259164,181.2,1430.26,12098.82
2111201,São José de Ribamar,2026,259164,181.2,1430.26,12098.82
2111250,São José dos Basílios,2008,7490,355.2,21.09,3017.76
2111250,São José dos Basílios,2009,7489,355.2,21.08,3377.62
2111250,São José dos Basílios,2010,7495,355.2,21.1,3622.01
2111250,São José dos Basílios,2011,7501,355.2,21.12,4026.0
2111250,São José dos Basílios,2012,7506,355.2,21.13,3628.43
2111250,São José dos Basílios,2013,7507,355.2,21.13,4701.21
2111250,São José dos Basílios,2014,7501,355.2,21.12,5889.08
2111250,São José dos Basílios,2015,7495,355.2,21.1,5607.07
2111250,São José dos Basílios,2016,7489,355.2,21.08,5724.13
2111250,São José dos Basílios,2017,7484,355.2,21.07,6979.56
2111250,São José dos Basílios,2018,7642,355.2,21.51,6598.67
2111250,São José dos Basílios,2019,7641,355.2,21.51,6973.96
2111250,São José dos Basílios,2020,7640,355.2,21.51,7438.35
2111250,São José dos Basílios,2021,7639,355.2,21.51,8108.39
2111250,São José dos Basílios,2022,7460,355.2,21.0,9285.12
2111250,São José dos Basílios,2023,7281,355.2,20.5,10428.51
2111250,São José dos Basílios,2024,7102,355.2,19.99,10691.35
2111250,São José dos Basílios,2025,7094,355.2,19.97,10703.41
2111250,São José dos Basílios,2026,7094,355.2,19.97,10703.41
2111300,São Luís,2008,986825,585.6,1685.15,14118.78
2111300,São Luís,2009,997098,585.6,1702.69,14818.48
2111300,São Luís,2010,1012264,585.6,1728.59,17990.85
2111300,São Luís,2011,1027430,585.6,1754.49,19420.27
2111300,São Luís,2012,1039610,585.6,1775.29,21813.8
2111300,São Luís,2013,1053922,585.6,1799.73,21950.81
2111300,São Luís,2014,1064197,585.6,1817.28,25660.71
2111300,São Luís,2015,1073893,585.6,1833.83,24954.17
2111300,São Luís,2016,1082935,585.6,1849.27,26179.47
2111300,São Luís,2017,1091868,585.6,1864.53,27335.53
2111300,São Luís,2018,1094667,585.6,1869.31,30673.57
2111300,São Luís,2019,1101884,585.6,1881.63,29134.14
2111300,São Luís,2020,1108975,585.6,1893.74,29817.74
2111300,São Luís,2021,1115932,585.6,1905.62,32738.31
2111300,São Luís,2022,1106640,585.6,1889.75,35764.32
2111300,São Luís,2023,1097349,585.6,1873.89,38628.6
2111300,São Luís,2024,1088057,585.6,1858.02,38958.48
2111300,São Luís,2025,1089215,585.6,1860.0,38917.07
2111300,São Luís,2026,1089215,585.6,1860.0,38917.07
2111409,São Luís Gonzaga do Maranhão,2008,20163,913.2,22.08,4657.39
2111409,São Luís Gonzaga do Maranhão,2009,19877,913.2,21.77,4017.21
2111409,São Luís Gonzaga do Maranhão,2010,19914,913.2,21.81,4125.19
2111409,São Luís Gonzaga do Maranhão,2011,19952,913.2,21.85,4708.1
2111409,São Luís Gonzaga do Maranhão,2012,19758,913.2,21.64,5175.07
2111409,São Luís Gonzaga do Maranhão,2013,19510,913.2,21.36,6224.19
2111409,São Luís Gonzaga do Maranhão,2014,18807,913.2,20.59,7341.89
2111409,São Luís Gonzaga do Maranhão,2015,18607,913.2,20.38,7215.08
2111409,São Luís Gonzaga do Maranhão,2016,18421,913.2,20.17,7029.26
2111409,São Luís Gonzaga do Maranhão,2017,18247,913.2,19.98,6953.14
2111409,São Luís Gonzaga do Maranhão,2018,18988,913.2,20.79,7263.59
2111409,São Luís Gonzaga do Maranhão,2019,18856,913.2,20.65,7391.65
2111409,São Luís Gonzaga do Maranhão,2020,18727,913.2,20.51,7653.66
2111409,São Luís Gonzaga do Maranhão,2021,18600,913.2,20.37,9142.37
2111409,São Luís Gonzaga do Maranhão,2022,18451,913.2,20.2,10139.23
2111409,São Luís Gonzaga do Maranhão,2023,18302,913.2,20.04,10835.7
2111409,São Luís Gonzaga do Maranhão,2024,18153,913.2,19.88,10924.64
2111409,São Luís Gonzaga do Maranhão,2025,18123,913.2,19.85,10942.72
2111409,São Luís Gonzaga do Maranhão,2026,18123,913.2,19.85,10942.72
2111508,São Mateus do Maranhão,2008,39210,803.6,48.79,3172.58
2111508,São Mateus do Maranhão,2009,39622,803.6,49.31,3363.21
2111508,São Mateus do Maranhão,2010,39520,803.6,49.18,3312.73
2111508,São Mateus do Maranhão,2011,39418,803.6,49.05,4105.87
2111508,São Mateus do Maranhão,2012,39733,803.6,49.44,4571.87
2111508,São Mateus do Maranhão,2013,40095,803.6,49.89,5163.01
2111508,São Mateus do Maranhão,2014,40341,803.6,50.2,5978.9
2111508,São Mateus do Maranhão,2015,40574,803.6,50.49,6511.83
2111508,São Mateus do Maranhão,2016,40791,803.6,50.76,7592.39
2111508,São Mateus do Maranhão,2017,40992,803.6,51.01,9029.81
2111508,São Mateus do Maranhão,2018,41350,803.6,51.46,8337.22
2111508,São Mateus do Maranhão,2019,41529,803.6,51.68,7732.52
2111508,São Mateus do Maranhão,2020,41579,803.6,51.74,8482.5
2111508,São Mateus do Maranhão,2021,41750,803.6,51.95,10281.01
2111508,São Mateus do Maranhão,2022,41220,803.6,51.29,11279.16
2111508,São Mateus do Maranhão,2023,40690,803.6,50.63,14415.04
2111508,São Mateus do Maranhão,2024,40160,803.6,49.98,14605.28
2111508,São Mateus do Maranhão,2025,40177,803.6,50.0,14599.1
2111508,São Mateus do Maranhão,2026,40177,803.6,50.0,14599.1
2111532,São Pedro da Água Branca,2008,11439,723.7,15.81,3099.13
2111532,São Pedro da Água Branca,2009,11481,723.7,15.86,3708.56
2111532,São Pedro da Água Branca,2010,11797,723.7,16.3,3983.3
2111532,São Pedro da Água Branca,2011,12113,723.7,16.74,4413.69
2111532,São Pedro da Água Branca,2012,12195,723.7,16.85,4640.67
2111532,São Pedro da Água Branca,2013,12287,723.7,16.98,5841.21
2111532,São Pedro da Água Branca,2014,12349,723.7,17.06,5660.62
2111532,São Pedro da Água Branca,2015,12407,723.7,17.14,6130.33
2111532,São Pedro da Água Branca,2016,12461,723.7,17.22,7187.22
2111532,São Pedro da Água Branca,2017,12511,723.7,17.29,7603.47
2111532,São Pedro da Água Branca,2018,12645,723.7,17.47,7687.62
2111532,São Pedro da Água Branca,2019,12690,723.7,17.53,8391.02
2111532,São Pedro da Água Branca,2020,12735,723.7,17.6,8200.94
2111532,São Pedro da Água Branca,2021,12779,723.7,17.66,9985.37
2111532,São Pedro da Água Branca,2022,13431,723.7,18.56,10645.45
2111532,São Pedro da Água Branca,2023,14084,723.7,19.46,10604.87
2111532,São Pedro da Água Branca,2024,14736,723.7,20.36,10135.65
2111532,São Pedro da Água Branca,2025,14786,723.7,20.43,10101.38
2111532,São Pedro da Água Branca,2026,14786,723.7,20.43,10101.38
2111573,São Pedro dos Crentes,2008,4136,984.0,4.2,7627.9
2111573,São Pedro dos Crentes,2009,4144,984.0,4.21,6589.77
2111573,São Pedro dos Crentes,2010,4300,984.0,4.37,6602.79
2111573,São Pedro dos Crentes,2011,4456,984.0,4.53,7018.18
2111573,São Pedro dos Crentes,2012,4486,984.0,4.56,8290.46
2111573,São Pedro dos Crentes,2013,4520,984.0,4.59,8838.05
2111573,São Pedro dos Crentes,2014,4542,984.0,4.62,10119.77
2111573,São Pedro dos Crentes,2015,4563,984.0,4.64,10246.55
2111573,São Pedro dos Crentes,2016,4583,984.0,4.66,11075.06
2111573,São Pedro dos Crentes,2017,4601,984.0,4.68,11254.08
2111573,São Pedro dos Crentes,2018,4651,984.0,4.73,11509.57
2111573,São Pedro dos Crentes,2019,4668,984.0,4.74,11388.6
2111573,São Pedro dos Crentes,2020,4684,984.0,4.76,15132.37
2111573,São Pedro dos Crentes,2021,4700,984.0,4.78,17774.68
2111573,São Pedro dos Crentes,2022,5122,984.0,5.21,19741.51
2111573,São Pedro dos Crentes,2023,5543,984.0,5.63,18749.41
2111573,São Pedro dos Crentes,2024,5965,984.0,6.06,17422.97
2111573,São Pedro dos Crentes,2025,5993,984.0,6.09,17341.57
2111573,São Pedro dos Crentes,2026,5993,984.0,6.09,17341.57
2111607,São Raimundo das Mangabeiras,2008,16447,3540.0,4.65,15859.18
2111607,São Raimundo das Mangabeiras,2009,16594,3540.0,4.69,15207.18
2111607,São Raimundo das Mangabeiras,2010,17134,3540.0,4.84,12856.66
2111607,São Raimundo das Mangabeiras,2011,17674,3540.0,4.99,12990.38
2111607,São Raimundo das Mangabeiras,2012,17868,3540.0,5.05,11646.63
2111607,São Raimundo das Mangabeiras,2013,18093,3540.0,5.11,14271.49
2111607,São Raimundo das Mangabeiras,2014,18255,3540.0,5.16,16641.74
2111607,São Raimundo das Mangabeiras,2015,18406,3540.0,5.2,19152.29
2111607,São Raimundo das Mangabeiras,2016,18548,3540.0,5.24,21332.11
2111607,São Raimundo das Mangabeiras,2017,18680,3540.0,5.28,20653.05
2111607,São Raimundo das Mangabeiras,2018,18755,3540.0,5.3,22162.52
2111607,São Raimundo das Mangabeiras,2019,18868,3540.0,5.33,27364.37
2111607,São Raimundo das Mangabeiras,2020,18980,3540.0,5.36,31657.32
2111607,São Raimundo das Mangabeiras,2021,19090,3540.0,5.39,38743.9
2111607,São Raimundo das Mangabeiras,2022,19103,3540.0,5.4,45205.99
2111607,São Raimundo das Mangabeiras,2023,19116,3540.0,5.4,57022.02
2111607,São Raimundo das Mangabeiras,2024,19129,3540.0,5.4,56983.27
2111607,São Raimundo das Mangabeiras,2025,19158,3540.0,5.41,56897.01
2111607,São Raimundo das Mangabeiras,2026,19158,3540.0,5.41,56897.01
2111631,São Raimundo do Doca Bezerra,2008,4590,421.2,10.9,3275.38
2111631,São Raimundo do Doca Bezerra,2009,4372,421.2,10.38,3827.08
2111631,São Raimundo do Doca Bezerra,2010,5146,421.2,12.22,4140.5
2111631,São Raimundo do Doca Bezerra,2011,5921,421.2,14.06,4340.99
2111631,São Raimundo do Doca Bezerra,2012,5757,421.2,13.67,4152.16
2111631,São Raimundo do Doca Bezerra,2013,5554,421.2,13.19,4811.67
2111631,São Raimundo do Doca Bezerra,2014,5387,421.2,12.79,6138.67
2111631,São Raimundo do Doca Bezerra,2015,5230,421.2,12.42,6127.53
2111631,São Raimundo do Doca Bezerra,2016,5082,421.2,12.07,7237.11
2111631,São Raimundo do Doca Bezerra,2017,4946,421.2,11.74,7171.86
2111631,São Raimundo do Doca Bezerra,2018,5345,421.2,12.69,7175.87
2111631,São Raimundo do Doca Bezerra,2019,5237,421.2,12.43,6886.77
2111631,São Raimundo do Doca Bezerra,2020,5131,421.2,12.18,7824.4
2111631,São Raimundo do Doca Bezerra,2021,5028,421.2,11.94,8742.04
2111631,São Raimundo do Doca Bezerra,2022,5274,421.2,12.52,10094.43
2111631,São Raimundo do Doca Bezerra,2023,5521,421.2,13.11,11341.42
2111631,São Raimundo do Doca Bezerra,2024,5767,421.2,13.69,10857.64
2111631,São Raimundo do Doca Bezerra,2025,5761,421.2,13.68,10868.95
2111631,São Raimundo do Doca Bezerra,2026,5761,421.2,13.68,10868.95
2111672,São Roberto,2008,5145,227.9,22.58,2766.38
2111672,São Roberto,2009,5217,227.9,22.89,3302.47
2111672,São Roberto,2010,5647,227.9,24.78,3677.7
2111672,São Roberto,2011,6077,227.9,26.67,4614.45
2111672,São Roberto,2012,6193,227.9,27.17,4100.11
2111672,São Roberto,2013,6329,227.9,27.77,4521.09
2111672,São Roberto,2014,6432,227.9,28.22,5185.17
2111672,São Roberto,2015,6529,227.9,28.65,5260.53
2111672,São Roberto,2016,6620,227.9,29.05,5808.61
2111672,São Roberto,2017,6704,227.9,29.42,6435.71
2111672,São Roberto,2018,6649,227.9,29.18,6161.98
2111672,São Roberto,2019,6719,227.9,29.48,6074.27
2111672,São Roberto,2020,6789,227.9,29.79,6795.55
2111672,São Roberto,2021,6856,227.9,30.08,6675.32
2111672,São Roberto,2022,6105,227.9,26.79,8185.42
2111672,São Roberto,2023,5353,227.9,23.49,10933.31
2111672,São Roberto,2024,4602,227.9,20.19,12717.51
2111672,São Roberto,2025,4577,227.9,20.08,12786.98
2111672,São Roberto,2026,4577,227.9,20.08,12786.98
2111706,São Vicente Ferrer,2008,20288,395.7,51.27,2993.59
2111706,São Vicente Ferrer,2009,20463,395.7,51.71,3109.91
2111706,São Vicente Ferrer,2010,20758,395.7,52.46,3269.73
2111706,São Vicente Ferrer,2011,21052,395.7,53.2,3724.82
2111706,São Vicente Ferrer,2012,21235,395.7,53.66,4015.59
2111706,São Vicente Ferrer,2013,21445,395.7,54.2,4896.11
2111706,São Vicente Ferrer,2014,21591,395.7,54.56,5360.98
2111706,São Vicente Ferrer,2015,20678,395.7,52.26,5553.54
2111706,São Vicente Ferrer,2016,20800,395.7,52.57,6235.62
2111706,São Vicente Ferrer,2017,20913,395.7,52.85,6316.88
2111706,São Vicente Ferrer,2018,22142,395.7,55.96,6189.73
2111706,São Vicente Ferrer,2019,22247,395.7,56.22,5937.92
2111706,São Vicente Ferrer,2020,22350,395.7,56.48,6117.9
2111706,São Vicente Ferrer,2021,22452,395.7,56.74,6491.72
2111706,São Vicente Ferrer,2022,21596,395.7,54.58,7589.97
2111706,São Vicente Ferrer,2023,20741,395.7,52.42,8858.54
2111706,São Vicente Ferrer,2024,19885,395.7,50.25,9239.88
2111706,São Vicente Ferrer,2025,19865,395.7,50.2,9249.18
2111706,São Vicente Ferrer,2026,19865,395.7,50.2,9249.18
2111722,Satubinha,2008,8651,443.7,19.5,3265.29
2111722,Satubinha,2009,8715,443.7,19.64,2939.64
2111722,Satubinha,2010,10508,443.7,23.68,2702.7
2111722,Satubinha,2011,12301,443.7,27.72,2794.73
2111722,Satubinha,2012,12600,443.7,28.4,3189.76
2111722,Satubinha,2013,12959,443.7,29.21,3504.05
2111722,Satubinha,2014,13231,443.7,29.82,4040.66
2111722,Satubinha,2015,13487,443.7,30.4,4272.04
2111722,Satubinha,2016,13727,443.7,30.94,4788.45
2111722,Satubinha,2017,13949,443.7,31.44,4756.04
2111722,Satubinha,2018,13730,443.7,30.94,5188.49
2111722,Satubinha,2019,13914,443.7,31.36,5579.27
2111722,Satubinha,2020,14096,443.7,31.77,5704.81
2111722,Satubinha,2021,14274,443.7,32.17,6520.67
2111722,Satubinha,2022,12476,443.7,28.12,8035.75
2111722,Satubinha,2023,10678,443.7,24.07,10106.86
2111722,Satubinha,2024,8880,443.7,20.01,12153.27
2111722,Satubinha,2025,8821,443.7,19.88,12234.55
2111722,Satubinha,2026,8821,443.7,19.88,12234.55
2111748,Senador Alexandre Costa,2008,9343,428.3,21.81,2976.88
2111748,Senador Alexandre Costa,2009,9414,428.3,21.98,3480.99
2111748,Senador Alexandre Costa,2010,9900,428.3,23.11,3448.59
2111748,Senador Alexandre Costa,2011,10386,428.3,24.25,3723.57
2111748,Senador Alexandre Costa,2012,10511,428.3,24.54,4006.47
2111748,Senador Alexandre Costa,2013,10657,428.3,24.88,4337.24
2111748,Senador Alexandre Costa,2014,10763,428.3,25.13,5691.81
2111748,Senador Alexandre Costa,2015,10862,428.3,25.36,5420.92
2111748,Senador Alexandre Costa,2016,10955,428.3,25.58,5698.49
2111748,Senador Alexandre Costa,2017,11042,428.3,25.78,6719.71
2111748,Senador Alexandre Costa,2018,11067,428.3,25.84,7328.54
2111748,Senador Alexandre Costa,2019,11141,428.3,26.01,7954.85
2111748,Senador Alexandre Costa,2020,11214,428.3,26.18,8442.93
2111748,Senador Alexandre Costa,2021,11285,428.3,26.35,9023.48
2111748,Senador Alexandre Costa,2022,11005,428.3,25.69,16299.14
2111748,Senador Alexandre Costa,2023,10725,428.3,25.04,13550.02
2111748,Senador Alexandre Costa,2024,10445,428.3,24.39,13913.26
2111748,Senador Alexandre Costa,2025,10447,428.3,24.39,13910.6
2111748,Senador Alexandre Costa,2026,10447,428.3,24.39,13910.6
2111763,Senador La Rocque,2008,19349,741.4,26.1,4014.06
2111763,Senador La Rocque,2009,19359,741.4,26.11,4273.52
2111763,Senador La Rocque,2010,16954,741.4,22.87,5198.24
2111763,Senador La Rocque,2011,14550,741.4,19.63,6599.73
2111763,Senador La Rocque,2012,14447,741.4,19.49,6920.33
2111763,Senador La Rocque,2013,14315,741.4,19.31,7952.08
2111763,Senador La Rocque,2014,14195,741.4,19.15,8604.09
2111763,Senador La Rocque,2015,14081,741.4,18.99,8831.05
2111763,Senador La Rocque,2016,13975,741.4,18.85,10586.62
2111763,Senador La Rocque,2017,13877,741.4,18.72,10826.33
2111763,Senador La Rocque,2018,14367,741.4,19.38,10103.71
2111763,Senador La Rocque,2019,14293,741.4,19.28,10211.57
2111763,Senador La Rocque,2020,14050,741.4,18.95,12258.36
2111763,Senador La Rocque,2021,13981,741.4,18.86,13384.59
2111763,Senador La Rocque,2022,14332,741.4,19.33,13755.51
2111763,Senador La Rocque,2023,14684,741.4,19.81,15332.4
2111763,Senador La Rocque,2024,15035,741.4,20.28,14974.46
2111763,Senador La Rocque,2025,15044,741.4,20.29,14965.5
2111763,Senador La Rocque,2026,15044,741.4,20.29,14965.5
2111789,Serrano do Maranhão,2008,10911,1170.7,9.32,2455.41
2111789,Serrano do Maranhão,2009,11085,1170.7,9.47,2736.13
2111789,Serrano do Maranhão,2010,11082,1170.7,9.47,2640.5
2111789,Serrano do Maranhão,2011,11080,1170.7,9.46,3019.4
2111789,Serrano do Maranhão,2012,10545,1170.7,9.01,3338.83
2111789,Serrano do Maranhão,2013,10693,1170.7,9.13,3833.72
2111789,Serrano do Maranhão,2014,10758,1170.7,9.19,4776.54
2111789,Serrano do Maranhão,2015,10859,1170.7,9.28,5114.74
2111789,Serrano do Maranhão,2016,10953,1170.7,9.36,5834.66
2111789,Serrano do Maranhão,2017,11040,1170.7,9.43,6092.66
2111789,Serrano do Maranhão,2018,10206,1170.7,8.72,6730.55
2111789,Serrano do Maranhão,2019,10253,1170.7,8.76,5208.13
2111789,Serrano do Maranhão,2020,10299,1170.7,8.8,6009.9
2111789,Serrano do Maranhão,2021,10343,1170.7,8.83,7003.87
2111789,Serrano do Maranhão,2022,10382,1170.7,8.87,9812.37
2111789,Serrano do Maranhão,2023,10422,1170.7,8.9,11352.14
2111789,Serrano do Maranhão,2024,10461,1170.7,8.94,11309.82
2111789,Serrano do Maranhão,2025,10475,1170.7,8.95,11294.7
2111789,Serrano do Maranhão,2026,10475,1170.7,8.95,11294.7
2111805,Sítio Novo,2008,16009,3128.2,5.12,3095.76
2111805,Sítio Novo,2009,16086,3128.2,5.14,3411.04
2111805,Sítio Novo,2010,16616,3128.2,5.31,3693.67
2111805,Sítio Novo,2011,17147,3128.2,5.48,4359.77
2111805,Sítio Novo,2012,17288,3128.2,5.53,5007.98
2111805,Sítio Novo,2013,17449,3128.2,5.58,5216.46
2111805,Sítio Novo,2014,17559,3128.2,5.61,5787.57
2111805,Sítio Novo,2015,17663,3128.2,5.65,6631.49
2111805,Sítio Novo,2016,17760,3128.2,5.68,7638.18
2111805,Sítio Novo,2017,17851,3128.2,5.71,7995.85
2111805,Sítio Novo,2018,18001,3128.2,5.75,8463.7
2111805,Sítio Novo,2019,18081,3128.2,5.78,9246.72
2111805,Sítio Novo,2020,18160,3128.2,5.81,10448.29
2111805,Sítio Novo,2021,18237,3128.2,5.83,12145.58
2111805,Sítio Novo,2022,17977,3128.2,5.75,13872.84
2111805,Sítio Novo,2023,17717,3128.2,5.66,16492.13
2111805,Sítio Novo,2024,17457,3128.2,5.58,16737.76
2111805,Sítio Novo,2025,17464,3128.2,5.58,16731.05
2111805,Sítio Novo,2026,17464,3128.2,5.58,16731.05
2111904,Sucupira do Norte,2008,10529,1079.3,9.76,2694.37
2111904,Sucupira do Norte,2009,10535,1079.3,9.76,2929.0
2111904,Sucupira do Norte,2010,10492,1079.3,9.72,3095.98
2111904,Sucupira do Norte,2011,10450,1079.3,9.68,3668.52
2111904,Sucupira do Norte,2012,10454,1079.3,9.69,4162.62
2111904,Sucupira do Norte,2013,10454,1079.3,9.69,4926.15
2111904,Sucupira do Norte,2014,10444,1079.3,9.68,5763.12
2111904,Sucupira do Norte,2015,10434,1079.3,9.67,6258.67
2111904,Sucupira do Norte,2016,10425,1079.3,9.66,6195.2
2111904,Sucupira do Norte,2017,10416,1079.3,9.65,7134.98
2111904,Sucupira do Norte,2018,10639,1079.3,9.86,7292.13
2111904,Sucupira do Norte,2019,10636,1079.3,9.85,7477.15
2111904,Sucupira do Norte,2020,10634,1079.3,9.85,9901.64
2111904,Sucupira do Norte,2021,10631,1079.3,9.85,11872.54
2111904,Sucupira do Norte,2022,10578,1079.3,9.8,14588.39
2111904,Sucupira do Norte,2023,10524,1079.3,9.75,18425.41
2111904,Sucupira do Norte,2024,10471,1079.3,9.7,18518.67
2111904,Sucupira do Norte,2025,10471,1079.3,9.7,18518.67
2111904,Sucupira do Norte,2026,10471,1079.3,9.7,18518.67
2111953,Sucupira do Riachão,2008,4818,866.0,5.56,2806.56
2111953,Sucupira do Riachão,2009,4869,866.0,5.62,3159.58
2111953,Sucupira do Riachão,2010,5153,866.0,5.95,3208.62
2111953,Sucupira do Riachão,2011,5437,866.0,6.28,3571.27
2111953,Sucupira do Riachão,2012,5466,866.0,6.31,3920.42
2111953,Sucupira do Riachão,2013,5498,866.0,6.35,4586.21
2111953,Sucupira do Riachão,2014,5519,866.0,6.37,5908.68
2111953,Sucupira do Riachão,2015,5537,866.0,6.39,6335.92
2111953,Sucupira do Riachão,2016,5556,866.0,6.42,7076.85
2111953,Sucupira do Riachão,2017,5571,866.0,6.43,7595.05
2111953,Sucupira do Riachão,2018,5645,866.0,6.52,7243.76
2111953,Sucupira do Riachão,2019,5660,866.0,6.54,7291.17
2111953,Sucupira do Riachão,2020,5676,866.0,6.55,7228.68
2111953,Sucupira do Riachão,2021,5692,866.0,6.57,8432.71
2111953,Sucupira do Riachão,2022,5491,866.0,6.34,10802.4
2111953,Sucupira do Riachão,2023,5289,866.0,6.11,11951.98
2111953,Sucupira do Riachão,2024,5088,866.0,5.88,12424.14
2111953,Sucupira do Riachão,2025,5081,866.0,5.87,12441.25
2111953,Sucupira do Riachão,2026,5081,866.0,5.87,12441.25
2112001,Tasso Fragoso,2008,6850,4388.3,1.56,62300.73
2112001,Tasso Fragoso,2009,6890,4388.3,1.57,56195.65
2112001,Tasso Fragoso,2010,7397,4388.3,1.69,55580.64
2112001,Tasso Fragoso,2011,7904,4388.3,1.8,66986.46
2112001,Tasso Fragoso,2012,8008,4388.3,1.82,80492.13
2112001,Tasso Fragoso,2013,8130,4388.3,1.85,88761.99
2112001,Tasso Fragoso,2014,8219,4388.3,1.87,96920.06
2112001,Tasso Fragoso,2015,8303,4388.3,1.89,87337.47
2112001,Tasso Fragoso,2016,8382,4388.3,1.91,58439.75
2112001,Tasso Fragoso,2017,8455,4388.3,1.93,116414.9
2112001,Tasso Fragoso,2018,8459,4388.3,1.93,137634.95
2112001,Tasso Fragoso,2019,8521,4388.3,1.94,141612.6
2112001,Tasso Fragoso,2020,8582,4388.3,1.96,260042.53
2112001,Tasso Fragoso,2021,8642,4388.3,1.97,272092.34
2112001,Tasso Fragoso,2022,8797,4388.3,2.0,377689.44
2112001,Tasso Fragoso,2023,8951,4388.3,2.04,292336.95
2112001,Tasso Fragoso,2024,9106,4388.3,2.08,287360.86
2112001,Tasso Fragoso,2025,9130,4388.3,2.08,286605.48
2112001,Tasso Fragoso,2026,9130,4388.3,2.08,286605.48
2112100,Timbiras,2008,26884,1493.0,18.01,2323.02
2112100,Timbiras,2009,26909,1493.0,18.02,2507.23
2112100,Timbiras,2010,27514,1493.0,18.43,2531.29
2112100,Timbiras,2011,28120,1493.0,18.83,3002.38
2112100,Timbiras,2012,28238,1493.0,18.91,3160.35
2112100,Timbiras,2013,28368,1493.0,19.0,3639.1
2112100,Timbiras,2014,28442,1493.0,19.05,4037.62
2112100,Timbiras,2015,28511,1493.0,19.1,4404.58
2112100,Timbiras,2016,28575,1493.0,19.14,4846.4
2112100,Timbiras,2017,28635,1493.0,19.18,5249.0
2112100,Timbiras,2018,29064,1493.0,19.47,5764.24
2112100,Timbiras,2019,29124,1493.0,19.51,5838.45
2112100,Timbiras,2020,29183,1493.0,19.55,5985.44
2112100,Timbiras,2021,29241,1493.0,19.59,6714.44
2112100,Timbiras,2022,28609,1493.0,19.16,7503.06
2112100,Timbiras,2023,27976,1493.0,18.74,8883.9
2112100,Timbiras,2024,27344,1493.0,18.31,9089.23
2112100,Timbiras,2025,27328,1493.0,18.3,9094.56
2112100,Timbiras,2026,27328,1493.0,18.3,9094.56
2112209,Timon,2008,148804,1770.9,84.03,4330.97
2112209,Timon,2009,150635,1770.9,85.06,5253.94
2112209,Timon,2010,154036,1770.9,86.98,6343.67
2112209,Timon,2011,157438,1770.9,88.9,6283.72
2112209,Timon,2012,159471,1770.9,90.05,6709.56
2112209,Timon,2013,161721,1770.9,91.32,7729.0
2112209,Timon,2014,163342,1770.9,92.24,8538.43
2112209,Timon,2015,164869,1770.9,93.1,8128.61
2112209,Timon,2016,166295,1770.9,93.9,9637.11
2112209,Timon,2017,167619,1770.9,94.65,10715.71
2112209,Timon,2018,167973,1770.9,94.85,11079.91
2112209,Timon,2019,169107,1770.9,95.49,11216.08
2112209,Timon,2020,170222,1770.9,96.12,12246.46
2112209,Timon,2021,171317,1770.9,96.74,13546.06
2112209,Timon,2022,174958,1770.9,98.8,14974.31
2112209,Timon,2023,178600,1770.9,100.85,15902.16
2112209,Timon,2024,182241,1770.9,102.91,15584.45
2112209,Timon,2025,182711,1770.9,103.17,15544.36
2112209,Timon,2026,182711,1770.9,103.17,15544.36
2112233,Trizidela do Vale,2008,18867,292.9,64.41,3804.58
2112233,Trizidela do Vale,2009,19104,292.9,65.22,4204.77
2112233,Trizidela do Vale,2010,19126,292.9,65.3,4384.24
2112233,Trizidela do Vale,2011,19149,292.9,65.38,4893.0
2112233,Trizidela do Vale,2012,19339,292.9,66.03,5297.33
2112233,Trizidela do Vale,2013,19559,292.9,66.78,6062.53
2112233,Trizidela do Vale,2014,20747,292.9,70.83,7087.1
2112233,Trizidela do Vale,2015,20891,292.9,71.32,7036.76
2112233,Trizidela do Vale,2016,21028,292.9,71.79,8284.05
2112233,Trizidela do Vale,2017,21749,292.9,74.25,8844.73
2112233,Trizidela do Vale,2018,21885,292.9,74.72,12844.23
2112233,Trizidela do Vale,2019,21998,292.9,75.1,15081.19
2112233,Trizidela do Vale,2020,22112,292.9,75.49,12316.52
2112233,Trizidela do Vale,2021,22223,292.9,75.87,23646.67
2112233,Trizidela do Vale,2022,22499,292.9,76.81,21928.89
2112233,Trizidela do Vale,2023,22776,292.9,77.76,19166.18
2112233,Trizidela do Vale,2024,23052,292.9,78.7,18936.71
2112233,Trizidela do Vale,2025,23097,292.9,78.86,18899.81
2112233,Trizidela do Vale,2026,23097,292.9,78.86,18899.81
2112274,Tufilândia,2008,5677,272.2,20.86,3190.59
2112274,Tufilândia,2009,5687,272.2,20.89,4724.46
2112274,Tufilândia,2010,5656,272.2,20.78,3939.53
2112274,Tufilândia,2011,5624,272.2,20.66,4224.22
2112274,Tufilândia,2012,5651,272.2,20.76,4730.31
2112274,Tufilândia,2013,5681,272.2,20.87,5232.88
2112274,Tufilândia,2014,5699,272.2,20.94,6102.65
2112274,Tufilândia,2015,5716,272.2,21.0,6510.5
2112274,Tufilândia,2016,5731,272.2,21.05,6967.2
2112274,Tufilândia,2017,5746,272.2,21.11,8143.75
2112274,Tufilândia,2018,5826,272.2,21.4,8315.65
2112274,Tufilândia,2019,5840,272.2,21.45,8418.66
2112274,Tufilândia,2020,5854,272.2,21.51,8674.92
2112274,Tufilândia,2021,5868,272.2,21.56,10233.3
2112274,Tufilândia,2022,5790,272.2,21.27,11115.03
2112274,Tufilândia,2023,5711,272.2,20.98,13265.63
2112274,Tufilândia,2024,5633,272.2,20.69,13449.32
2112274,Tufilândia,2025,5633,272.2,20.69,13449.32
2112274,Tufilândia,2026,5633,272.2,20.69,13449.32
2112308,Tuntum,2008,39041,3384.6,11.53,3020.31
2112308,Tuntum,2009,39380,3384.6,11.64,3589.61
2112308,Tuntum,2010,39470,3384.6,11.66,3581.0
2112308,Tuntum,2011,39560,3384.6,11.69,4485.16
2112308,Tuntum,2012,39924,3384.6,11.8,4331.83
2112308,Tuntum,2013,40273,3384.6,11.9,5290.19
2112308,Tuntum,2014,40566,3384.6,11.99,6176.23
2112308,Tuntum,2015,40844,3384.6,12.07,6107.97
2112308,Tuntum,2016,41102,3384.6,12.14,6768.55
2112308,Tuntum,2017,41342,3384.6,12.21,6687.7
2112308,Tuntum,2018,41621,3384.6,12.3,7513.9
2112308,Tuntum,2019,41832,3384.6,12.36,7752.13
2112308,Tuntum,2020,42040,3384.6,12.42,8284.54
2112308,Tuntum,2021,42242,3384.6,12.48,8645.23
2112308,Tuntum,2022,40628,3384.6,12.0,9350.18
2112308,Tuntum,2023,39015,3384.6,11.53,10512.03
2112308,Tuntum,2024,37401,3384.6,11.05,10965.67
2112308,Tuntum,2025,37364,3384.6,11.04,10976.53
2112308,Tuntum,2026,37364,3384.6,11.04,10976.53
2112407,Turiaçu,2008,33456,2634.0,12.7,4091.13
2112407,Turiaçu,2009,33649,2634.0,12.77,3927.31
2112407,Turiaçu,2010,33892,2634.0,12.87,4453.97
2112407,Turiaçu,2011,34136,2634.0,12.96,5336.01
2112407,Turiaçu,2012,34333,2634.0,13.03,5570.12
2112407,Turiaçu,2013,34554,2634.0,13.12,7065.35
2112407,Turiaçu,2014,34694,2634.0,13.17,7603.71
2112407,Turiaçu,2015,34826,2634.0,13.22,7266.78
2112407,Turiaçu,2016,34949,2634.0,13.27,8326.85
2112407,Turiaçu,2017,35063,2634.0,13.31,8165.64
2112407,Turiaçu,2018,35497,2634.0,13.48,7169.68
2112407,Turiaçu,2019,35604,2634.0,13.52,6642.26
2112407,Turiaçu,2020,35709,2634.0,13.56,7357.25
2112407,Turiaçu,2021,35811,2634.0,13.6,8263.27
2112407,Turiaçu,2022,36842,2634.0,13.99,8995.01
2112407,Turiaçu,2023,37874,2634.0,14.38,10956.72
2112407,Turiaçu,2024,38905,2634.0,14.77,10666.37
2112407,Turiaçu,2025,38993,2634.0,14.8,10642.29
2112407,Turiaçu,2026,38993,2634.0,14.8,10642.29
2112456,Turilândia,2008,20758,1514.4,13.71,3052.99
2112456,Turilândia,2009,21102,1514.4,13.93,3363.24
2112456,Turilândia,2010,22190,1514.4,14.65,3324.79
2112456,Turilândia,2011,23277,1514.4,15.37,4061.31
2112456,Turilândia,2012,23694,1514.4,15.65,4085.76
2112456,Turilândia,2013,24190,1514.4,15.97,4550.39
2112456,Turilândia,2014,24559,1514.4,16.22,5385.15
2112456,Turilândia,2015,24907,1514.4,16.45,5246.28
2112456,Turilândia,2016,25232,1514.4,16.66,5746.31
2112456,Turilândia,2017,25533,1514.4,16.86,6135.43
2112456,Turilândia,2018,25365,1514.4,16.75,6258.7
2112456,Turilândia,2019,25619,1514.4,16.92,6327.92
2112456,Turilândia,2020,25868,1514.4,17.08,6921.76
2112456,Turilândia,2021,26112,1514.4,17.24,8542.7
2112456,Turilândia,2022,28419,1514.4,18.77,9241.21
2112456,Turilândia,2023,30725,1514.4,20.29,9113.1
2112456,Turilândia,2024,33032,1514.4,21.81,8476.63
2112456,Turilândia,2025,33219,1514.4,21.94,8428.91
2112456,Turilândia,2026,33219,1514.4,21.94,8428.91
2112506,Tutóia,2008,47733,1573.1,30.34,2571.01
2112506,Tutóia,2009,48424,1573.1,30.78,3020.51
2112506,Tutóia,2010,51074,1573.1,32.47,3037.1
2112506,Tutóia,2011,53724,1573.1,34.15,3654.53
2112506,Tutóia,2012,54629,1573.1,34.73,3910.6
2112506,Tutóia,2013,55705,1573.1,35.41,4570.33
2112506,Tutóia,2014,56501,1573.1,35.92,5280.95
2112506,Tutóia,2015,57253,1573.1,36.4,5606.24
2112506,Tutóia,2016,57955,1573.1,36.84,6726.55
2112506,Tutóia,2017,58605,1573.1,37.25,6730.09
2112506,Tutóia,2018,58311,1573.1,37.07,7011.39
2112506,Tutóia,2019,58860,1573.1,37.42,7021.51
2112506,Tutóia,2020,59398,1573.1,37.76,7971.18
2112506,Tutóia,2021,59927,1573.1,38.09,9113.67
2112506,Tutóia,2022,58298,1573.1,37.06,10497.41
2112506,Tutóia,2023,56670,1573.1,36.02,11341.33
2112506,Tutóia,2024,55041,1573.1,34.99,11676.99
2112506,Tutóia,2025,55076,1573.1,35.01,11669.57
2112506,Tutóia,2026,55076,1573.1,35.01,11669.57
2112605,Urbano Santos,2008,22459,1715.2,13.09,2724.3
2112605,Urbano Santos,2009,22938,1715.2,13.37,3246.23
2112605,Urbano Santos,2010,24023,1715.2,14.01,3168.42
2112605,Urbano Santos,2011,25108,1715.2,14.64,4077.39
2112605,Urbano Santos,2012,25356,1715.2,14.78,3814.01
2112605,Urbano Santos,2013,31335,1715.2,18.27,3594.67
2112605,Urbano Santos,2014,31840,1715.2,18.56,4566.11
2112605,Urbano Santos,2015,32316,1715.2,18.84,4467.29
2112605,Urbano Santos,2016,32629,1715.2,19.02,5419.6
2112605,Urbano Santos,2017,33038,1715.2,19.26,5500.36
2112605,Urbano Santos,2018,32775,1715.2,19.11,5815.26
2112605,Urbano Santos,2019,33122,1715.2,19.31,5917.06
2112605,Urbano Santos,2020,33459,1715.2,19.51,6384.74
2112605,Urbano Santos,2021,33791,1715.2,19.7,7323.99
2112605,Urbano Santos,2022,33881,1715.2,19.75,8963.76
2112605,Urbano Santos,2023,33970,1715.2,19.81,9277.33
2112605,Urbano Santos,2024,34060,1715.2,19.86,9252.82
2112605,Urbano Santos,2025,34143,1715.2,19.91,9230.33
2112605,Urbano Santos,2026,34143,1715.2,19.91,9230.33
2112704,Vargem Grande,2008,44648,1967.6,22.69,2559.78
2112704,Vargem Grande,2009,45630,1967.6,23.19,3049.27
2112704,Vargem Grande,2010,48086,1967.6,24.44,3340.68
2112704,Vargem Grande,2011,50541,1967.6,25.69,3484.99
2112704,Vargem Grande,2012,51633,1967.6,26.24,3771.85
2112704,Vargem Grande,2013,52937,1967.6,26.9,4194.14
2112704,Vargem Grande,2014,53918,1967.6,27.4,5001.87
2112704,Vargem Grande,2015,54845,1967.6,27.87,4861.79
2112704,Vargem Grande,2016,55710,1967.6,28.31,5095.78
2112704,Vargem Grande,2017,56511,1967.6,28.72,5446.43
2112704,Vargem Grande,2018,55841,1967.6,28.38,5822.53
2112704,Vargem Grande,2019,56510,1967.6,28.72,6063.79
2112704,Vargem Grande,2020,57168,1967.6,29.05,6619.4
2112704,Vargem Grande,2021,57813,1967.6,29.38,7497.85
2112704,Vargem Grande,2022,53389,1967.6,27.13,8393.96
2112704,Vargem Grande,2023,48964,1967.6,24.89,9544.79
2112704,Vargem Grande,2024,44540,1967.6,22.64,10492.84
2112704,Vargem Grande,2025,44444,1967.6,22.59,10515.5
2112704,Vargem Grande,2026,44444,1967.6,22.59,10515.5
2112803,Viana,2008,48907,1171.8,41.74,3143.01
2112803,Viana,2009,49348,1171.8,42.11,3527.72
2112803,Viana,2010,49616,1171.8,42.34,3716.58
2112803,Viana,2011,49883,1171.8,42.57,4105.35
2112803,Viana,2012,50257,1171.8,42.89,4767.42
2112803,Viana,2013,50687,1171.8,43.26,5553.51
2112803,Viana,2014,50976,1171.8,43.5,6407.02
2112803,Viana,2015,51249,1171.8,43.74,6846.67
2112803,Viana,2016,51503,1171.8,43.95,7832.05
2112803,Viana,2017,51738,1171.8,44.15,7885.91
2112803,Viana,2018,52229,1171.8,44.57,7884.66
2112803,Viana,2019,52441,1171.8,44.75,7739.17
2112803,Viana,2020,52649,1171.8,44.93,8671.43
2112803,Viana,2021,52852,1171.8,45.1,9492.73
2112803,Viana,2022,52940,1171.8,45.18,10780.28
2112803,Viana,2023,53027,1171.8,45.25,11479.64
2112803,Viana,2024,53115,1171.8,45.33,11460.62
2112803,Viana,2025,53176,1171.8,45.38,11447.48
2112803,Viana,2026,53176,1171.8,45.38,11447.48
2112852,Vila Nova dos Martírios,2008,8961,1195.2,7.5,3989.62
2112852,Vila Nova dos Martírios,2009,9185,1195.2,7.68,3938.81
2112852,Vila Nova dos Martírios,2010,10396,1195.2,8.7,3985.48
2112852,Vila Nova dos Martírios,2011,11608,1195.2,9.71,4500.78
2112852,Vila Nova dos Martírios,2012,11946,1195.2,9.99,4571.24
2112852,Vila Nova dos Martírios,2013,12352,1195.2,10.33,5260.12
2112852,Vila Nova dos Martírios,2014,12661,1195.2,10.59,6878.21
2112852,Vila Nova dos Martírios,2015,12954,1195.2,10.84,7013.43
2112852,Vila Nova dos Martírios,2016,13227,1195.2,11.07,16519.62
2112852,Vila Nova dos Martírios,2017,13480,1195.2,11.28,8027.82
2112852,Vila Nova dos Martírios,2018,13183,1195.2,11.03,8374.5
2112852,Vila Nova dos Martírios,2019,13392,1195.2,11.2,8766.5
2112852,Vila Nova dos Martírios,2020,13598,1195.2,11.38,10090.16
2112852,Vila Nova dos Martírios,2021,13800,1195.2,11.55,11370.58
2112852,Vila Nova dos Martírios,2022,12725,1195.2,10.65,14104.6
2112852,Vila Nova dos Martírios,2023,11650,1195.2,9.75,16437.34
2112852,Vila Nova dos Martírios,2024,10575,1195.2,8.85,18108.27
2112852,Vila Nova dos Martírios,2025,10561,1195.2,8.84,18132.28
2112852,Vila Nova dos Martírios,2026,10561,1195.2,8.84,18132.28
2112902,Vitória do Mearim,2008,31851,719.9,44.24,3234.31
2112902,Vitória do Mearim,2009,32018,719.9,44.48,3443.69
2112902,Vitória do Mearim,2010,31712,719.9,44.05,3491.52
2112902,Vitória do Mearim,2011,31406,719.9,43.63,4620.39
2112902,Vitória do Mearim,2012,31588,719.9,43.88,4972.84
2112902,Vitória do Mearim,2013,31793,719.9,44.16,5533.55
2112902,Vitória do Mearim,2014,31923,719.9,44.34,6363.16
2112902,Vitória do Mearim,2015,32046,719.9,44.51,8747.11
2112902,Vitória do Mearim,2016,32161,719.9,44.67,8799.76
2112902,Vitória do Mearim,2017,32267,719.9,44.82,7919.39
2112902,Vitória do Mearim,2018,32664,719.9,45.37,7879.9
2112902,Vitória do Mearim,2019,32764,719.9,45.51,7431.78
2112902,Vitória do Mearim,2020,32861,719.9,45.65,7892.43
2112902,Vitória do Mearim,2021,32956,719.9,45.78,9654.18
2112902,Vitória do Mearim,2022,32588,719.9,45.27,11254.91
2112902,Vitória do Mearim,2023,32219,719.9,44.75,12733.7
2112902,Vitória do Mearim,2024,31851,719.9,44.24,12880.82
2112902,Vitória do Mearim,2025,31859,719.9,44.25,12877.59
2112902,Vitória do Mearim,2026,31859,719.9,44.25,12877.59
2113009,Vitorino Freire,2008,31107,1198.9,25.95,3297.26
2113009,Vitorino Freire,2009,31144,1198.9,25.98,4274.82
2113009,Vitorino Freire,2010,31414,1198.9,26.2,3835.68
2113009,Vitorino Freire,2011,31684,1198.9,26.43,4535.66
2113009,Vitorino Freire,2012,31709,1198.9,26.45,4829.99
2113009,Vitorino Freire,2013,30959,1198.9,25.82,5703.41
2113009,Vitorino Freire,2014,30937,1198.9,25.8,6019.04
2113009,Vitorino Freire,2015,30917,1198.9,25.79,6399.1
2113009,Vitorino Freire,2016,30897,1198.9,25.77,6881.12
2113009,Vitorino Freire,2017,30879,1198.9,25.76,7271.61
2113009,Vitorino Freire,2018,31525,1198.9,26.29,8140.33
2113009,Vitorino Freire,2019,31523,1198.9,26.29,8023.7
2113009,Vitorino Freire,2020,31522,1198.9,26.29,8443.59
2113009,Vitorino Freire,2021,31520,1198.9,26.29,10327.06
2113009,Vitorino Freire,2022,31649,1198.9,26.4,11641.82
2113009,Vitorino Freire,2023,31777,1198.9,26.51,12948.14
2113009,Vitorino Freire,2024,31906,1198.9,26.61,12895.79
2113009,Vitorino Freire,2025,31920,1198.9,26.62,12890.13
2113009,Vitorino Freire,2026,31920,1198.9,26.62,12890.13
2114007,Zé Doca,2008,46290,2149.8,21.53,3805.42
2114007,Zé Doca,2009,46265,2149.8,21.52,4213.14
2114007,Zé Doca,2010,48940,2149.8,22.76,4589.01
2114007,Zé Doca,2011,51615,2149.8,24.01,5400.85
2114007,Zé Doca,2012,49355,2149.8,22.96,6042.83
2114007,Zé Doca,2013,49848,2149.8,23.19,6863.77
2114007,Zé Doca,2014,50190,2149.8,23.35,7542.62
2114007,Zé Doca,2015,50507,2149.8,23.49,6974.78
2114007,Zé Doca,2016,50806,2149.8,23.63,7503.58
2114007,Zé Doca,2017,51084,2149.8,23.76,7560.21
2114007,Zé Doca,2018,51471,2149.8,23.94,8417.92
2114007,Zé Doca,2019,51714,2149.8,24.06,8546.58
2114007,Zé Doca,2020,51956,2149.8,24.17,8783.99
2114007,Zé Doca,2021,52190,2149.8,24.28,10865.49
2114007,Zé Doca,2022,48774,2149.8,22.69,13144.13
2114007,Zé Doca,2023,45359,2149.8,21.1,15120.66
2114007,Zé Doca,2024,41943,2149.8,19.51,16352.14
2114007,Zé Doca,2025,41815,2149.8,19.45,16402.2
2114007,Zé Doca,2026,41815,2149.8,19.45,16402.2
