cod_ibge,municipio,ano,populacao,area_km2,densidade,pib_per_capita
4100103,Abatiá,2008,7965,229.2,34.75,9321.91
4100103,Abatiá,2009,7928,229.2,34.59,8904.77
4100103,Abatiá,2010,7828,229.2,34.15,10328.82
4100103,Abatiá,2011,7727,229.2,33.71,15122.17
4100103,Abatiá,2012,7690,229.2,33.55,13173.08
4100103,Abatiá,2013,7881,229.2,34.38,15755.74
4100103,Abatiá,2014,7852,229.2,34.26,17091.44
4100103,Abatiá,2015,7823,229.2,34.13,18855.3
4100103,Abatiá,2016,7795,229.2,34.01,21147.15
4100103,Abatiá,2017,7768,229.2,33.89,22815.01
4100103,Abatiá,2018,7507,229.2,32.75,21529.24
4100103,Abatiá,2019,7457,229.2,32.53,25295.83
4100103,Abatiá,2020,7408,229.2,32.32,32358.13
4100103,Abatiá,2021,7360,229.2,32.11,30138.18
4100103,Abatiá,2022,7330,229.2,31.98,38540.65
4100103,Abatiá,2023,7301,229.2,31.85,40702.1
4100103,Abatiá,2024,7271,229.2,31.72,40870.03
4100103,Abatiá,2025,7233,229.2,31.56,41084.75
4100103,Abatiá,2026,7233,229.2,31.56,41084.75
4100202,Adrianópolis,2008,6875,1352.2,5.08,7505.31
4100202,Adrianópolis,2009,6856,1352.2,5.07,7950.41
4100202,Adrianópolis,2010,6592,1352.2,4.88,10330.1
4100202,Adrianópolis,2011,6328,1352.2,4.68,11681.26
4100202,Adrianópolis,2012,6281,1352.2,4.65,13408.06
4100202,Adrianópolis,2013,6416,1352.2,4.74,16508.57
4100202,Adrianópolis,2014,6374,1352.2,4.71,18070.29
4100202,Adrianópolis,2015,6333,1352.2,4.68,26807.99
4100202,Adrianópolis,2016,6293,1352.2,4.65,37954.08
4100202,Adrianópolis,2017,6254,1352.2,4.63,40715.86
4100202,Adrianópolis,2018,5983,1352.2,4.42,43677.42
4100202,Adrianópolis,2019,5919,1352.2,4.38,36329.95
4100202,Adrianópolis,2020,5857,1352.2,4.33,48750.9
4100202,Adrianópolis,2021,5797,1352.2,4.29,63628.43
4100202,Adrianópolis,2022,5974,1352.2,4.42,74117.17
4100202,Adrianópolis,2023,6150,1352.2,4.55,75955.93
4100202,Adrianópolis,2024,6327,1352.2,4.68,73831.04
4100202,Adrianópolis,2025,6319,1352.2,4.67,73924.51
4100202,Adrianópolis,2026,6319,1352.2,4.67,73924.51
4100301,Agudos do Sul,2008,8601,192.5,44.68,6734.22
4100301,Agudos do Sul,2009,8735,192.5,45.38,6748.71
4100301,Agudos do Sul,2010,8543,192.5,44.38,10198.53
4100301,Agudos do Sul,2011,8351,192.5,43.38,10445.34
4100301,Agudos do Sul,2012,8429,192.5,43.79,11428.76
4100301,Agudos do Sul,2013,8797,192.5,45.7,13644.31
4100301,Agudos do Sul,2014,8892,192.5,46.19,15832.1
4100301,Agudos do Sul,2015,8983,192.5,46.66,17228.88
4100301,Agudos do Sul,2016,9073,192.5,47.13,18468.53
4100301,Agudos do Sul,2017,9161,192.5,47.59,20515.56
4100301,Agudos do Sul,2018,9269,192.5,48.15,22087.6
4100301,Agudos do Sul,2019,9371,192.5,48.68,23278.95
4100301,Agudos do Sul,2020,9470,192.5,49.19,21915.52
4100301,Agudos do Sul,2021,9567,192.5,49.7,22672.1
4100301,Agudos do Sul,2022,9927,192.5,51.57,24031.93
4100301,Agudos do Sul,2023,10286,192.5,53.43,27161.97
4100301,Agudos do Sul,2024,10646,192.5,55.3,26243.47
4100301,Agudos do Sul,2025,10770,192.5,55.95,25941.32
4100301,Agudos do Sul,2026,10770,192.5,55.95,25941.32
4100400,Almirante Tamandaré,2008,96739,194.6,497.12,4762.06
4100400,Almirante Tamandaré,2009,97523,194.6,501.15,5838.17
4100400,Almirante Tamandaré,2010,100936,194.6,518.68,7003.46
4100400,Almirante Tamandaré,2011,104350,194.6,536.23,8002.19
4100400,Almirante Tamandaré,2012,105458,194.6,541.92,8902.6
4100400,Almirante Tamandaré,2013,110256,194.6,566.58,9989.27
4100400,Almirante Tamandaré,2014,111586,194.6,573.41,10892.77
4100400,Almirante Tamandaré,2015,112870,194.6,580.01,11163.72
4100400,Almirante Tamandaré,2016,114129,194.6,586.48,12227.09
4100400,Almirante Tamandaré,2017,115364,194.6,592.83,13204.37
4100400,Almirante Tamandaré,2018,117168,194.6,602.1,13167.71
4100400,Almirante Tamandaré,2019,118623,194.6,609.57,13735.31
4100400,Almirante Tamandaré,2020,120041,194.6,616.86,14209.18
4100400,Almirante Tamandaré,2021,121420,194.6,623.95,15946.76
4100400,Almirante Tamandaré,2022,122543,194.6,629.72,16929.36
4100400,Almirante Tamandaré,2023,123665,194.6,635.48,18134.64
4100400,Almirante Tamandaré,2024,124788,194.6,641.25,17971.44
4100400,Almirante Tamandaré,2025,125861,194.6,646.77,17818.23
4100400,Almirante Tamandaré,2026,125861,194.6,646.77,17818.23
4100459,Altamira do Paraná,2008,4101,387.7,10.58,8116.56
4100459,Altamira do Paraná,2009,3799,387.7,9.8,9123.72
4100459,Altamira do Paraná,2010,3950,387.7,10.19,9466.08
4100459,Altamira do Paraná,2011,4100,387.7,10.58,10262.2
4100459,Altamira do Paraná,2012,3900,387.7,10.06,12049.23
4100459,Altamira do Paraná,2013,3754,387.7,9.68,14742.41
4100459,Altamira do Paraná,2014,3544,387.7,9.14,16568.0
4100459,Altamira do Paraná,2015,3341,387.7,8.62,19081.41
4100459,Altamira do Paraná,2016,3143,387.7,8.11,23067.45
4100459,Altamira do Paraná,2017,2948,387.7,7.6,24474.9
4100459,Altamira do Paraná,2018,2209,387.7,5.7,33206.43
4100459,Altamira do Paraná,2019,1942,387.7,5.01,38643.67
4100459,Altamira do Paraná,2020,1682,387.7,4.34,49775.27
4100459,Altamira do Paraná,2021,1429,387.7,3.69,67324.7
4100459,Altamira do Paraná,2022,2134,387.7,5.5,49687.44
4100459,Altamira do Paraná,2023,2838,387.7,7.32,40700.85
4100459,Altamira do Paraná,2024,3543,387.7,9.14,32602.03
4100459,Altamira do Paraná,2025,3496,387.7,9.02,33040.33
4100459,Altamira do Paraná,2026,3496,387.7,9.02,33040.33
4100509,Altônia,2008,20638,663.1,31.12,5988.32
4100509,Altônia,2009,20764,663.1,31.31,6454.63
4100509,Altônia,2010,20690,663.1,31.2,7602.8
4100509,Altônia,2011,20615,663.1,31.09,8462.87
4100509,Altônia,2012,20711,663.1,31.23,9327.31
4100509,Altônia,2013,21489,663.1,32.41,11101.21
4100509,Altônia,2014,21619,663.1,32.6,12171.75
4100509,Altônia,2015,21744,663.1,32.79,13276.72
4100509,Altônia,2016,21867,663.1,32.98,15272.05
4100509,Altônia,2017,21988,663.1,33.16,16339.82
4100509,Altônia,2018,21933,663.1,33.08,17247.48
4100509,Altônia,2019,22056,663.1,33.26,16852.92
4100509,Altônia,2020,22176,663.1,33.44,18919.46
4100509,Altônia,2021,22293,663.1,33.62,20746.11
4100509,Altônia,2022,21112,663.1,31.84,20976.22
4100509,Altônia,2023,19931,663.1,30.06,27414.63
4100509,Altônia,2024,18750,663.1,28.28,29141.39
4100509,Altônia,2025,18634,663.1,28.1,29322.8
4100509,Altônia,2026,18634,663.1,28.1,29322.8
4100608,Alto Paraná,2008,13379,408.7,32.74,7109.95
4100608,Alto Paraná,2009,13435,408.7,32.87,7575.07
4100608,Alto Paraná,2010,13586,408.7,33.24,10190.12
4100608,Alto Paraná,2011,13736,408.7,33.61,11501.31
4100608,Alto Paraná,2012,13806,408.7,33.78,14684.49
4100608,Alto Paraná,2013,14334,408.7,35.07,17273.55
4100608,Alto Paraná,2014,14427,408.7,35.3,19093.57
4100608,Alto Paraná,2015,14518,408.7,35.52,18282.68
4100608,Alto Paraná,2016,14606,408.7,35.74,18445.3
4100608,Alto Paraná,2017,14693,408.7,35.95,26737.97
4100608,Alto Paraná,2018,14679,408.7,35.92,22430.62
4100608,Alto Paraná,2019,14770,408.7,36.14,21703.66
4100608,Alto Paraná,2020,14859,408.7,36.36,21082.85
4100608,Alto Paraná,2021,14945,408.7,36.57,29191.1
4100608,Alto Paraná,2022,14676,408.7,35.91,26688.2
4100608,Alto Paraná,2023,14407,408.7,35.25,39055.11
4100608,Alto Paraná,2024,14138,408.7,34.59,39798.2
4100608,Alto Paraná,2025,14183,408.7,34.7,39671.93
4100608,Alto Paraná,2026,14183,408.7,34.7,39671.93
4100707,Alto Piquiri,2008,10448,448.6,23.29,9739.38
4100707,Alto Piquiri,2009,10406,448.6,23.2,10044.88
4100707,Alto Piquiri,2010,10270,448.6,22.89,11423.95
4100707,Alto Piquiri,2011,10135,448.6,22.59,13834.63
4100707,Alto Piquiri,2012,10092,448.6,22.5,15472.75
4100707,Alto Piquiri,2013,10350,448.6,23.07,19796.52
4100707,Alto Piquiri,2014,10317,448.6,23.0,20989.43
4100707,Alto Piquiri,2015,10285,448.6,22.93,23506.85
4100707,Alto Piquiri,2016,10253,448.6,22.86,24641.47
4100707,Alto Piquiri,2017,10222,448.6,22.79,27883.98
4100707,Alto Piquiri,2018,9896,448.6,22.06,30900.36
4100707,Alto Piquiri,2019,9836,448.6,21.93,27592.11
4100707,Alto Piquiri,2020,9778,448.6,21.8,35781.86
4100707,Alto Piquiri,2021,9722,448.6,21.67,42252.62
4100707,Alto Piquiri,2022,9749,448.6,21.73,39088.83
4100707,Alto Piquiri,2023,9775,448.6,21.79,49984.04
4100707,Alto Piquiri,2024,9802,448.6,21.85,49846.36
4100707,Alto Piquiri,2025,9771,448.6,21.78,50004.5
4100707,Alto Piquiri,2026,9771,448.6,21.78,50004.5
4100806,Alvorada do Sul,2008,9262,425.3,21.78,12321.42
4100806,Alvorada do Sul,2009,9255,425.3,21.76,10953.0
4100806,Alvorada do Sul,2010,9809,425.3,23.06,11688.76
4100806,Alvorada do Sul,2011,10363,425.3,24.37,13135.58
4100806,Alvorada do Sul,2012,10439,425.3,24.55,16776.42
4100806,Alvorada do Sul,2013,10869,425.3,25.56,17683.78
4100806,Alvorada do Sul,2014,10965,425.3,25.78,16461.01
4100806,Alvorada do Sul,2015,11057,425.3,26.0,20296.37
4100806,Alvorada do Sul,2016,11148,425.3,26.21,21859.53
4100806,Alvorada do Sul,2017,11237,425.3,26.42,22181.54
4100806,Alvorada do Sul,2018,11306,425.3,26.58,23481.69
4100806,Alvorada do Sul,2019,11406,425.3,26.82,21849.82
4100806,Alvorada do Sul,2020,11503,425.3,27.05,31470.49
4100806,Alvorada do Sul,2021,11598,425.3,27.27,29173.91
4100806,Alvorada do Sul,2022,11225,425.3,26.39,40075.63
4100806,Alvorada do Sul,2023,10851,425.3,25.51,40221.45
4100806,Alvorada do Sul,2024,10478,425.3,24.64,41653.27
4100806,Alvorada do Sul,2025,10481,425.3,24.64,41641.35
4100806,Alvorada do Sul,2026,10481,425.3,24.64,41641.35
4100905,Amaporã,2008,5378,385.6,13.95,7716.07
4100905,Amaporã,2009,5447,385.6,14.13,8588.21
4100905,Amaporã,2010,5476,385.6,14.2,8699.78
4100905,Amaporã,2011,5504,385.6,14.27,9210.94
4100905,Amaporã,2012,5562,385.6,14.42,11449.66
4100905,Amaporã,2013,5815,385.6,15.08,13724.16
4100905,Amaporã,2014,5885,385.6,15.26,13211.21
4100905,Amaporã,2015,5953,385.6,15.44,15105.83
4100905,Amaporã,2016,6019,385.6,15.61,17052.5
4100905,Amaporã,2017,6084,385.6,15.78,19293.72
4100905,Amaporã,2018,6181,385.6,16.03,25691.64
4100905,Amaporã,2019,6257,385.6,16.23,26910.34
4100905,Amaporã,2020,6332,385.6,16.42,19174.35
4100905,Amaporã,2021,6405,385.6,16.61,18909.29
4100905,Amaporã,2022,5849,385.6,15.17,21021.88
4100905,Amaporã,2023,5292,385.6,13.72,30971.09
4100905,Amaporã,2024,4736,385.6,12.28,34607.05
4100905,Amaporã,2025,4688,385.6,12.16,34961.39
4100905,Amaporã,2026,4688,385.6,12.16,34961.39
4101002,Ampére,2008,17830,298.9,59.65,12656.98
4101002,Ampére,2009,18041,298.9,60.36,13246.72
4101002,Ampére,2010,17740,298.9,59.35,14976.32
4101002,Ampére,2011,17438,298.9,58.34,17529.88
4101002,Ampére,2012,17563,298.9,58.76,19100.55
4101002,Ampére,2013,18281,298.9,61.16,22393.36
4101002,Ampére,2014,18439,298.9,61.69,24858.89
4101002,Ampére,2015,18591,298.9,62.2,26260.61
4101002,Ampére,2016,18740,298.9,62.7,28009.28
4101002,Ampére,2017,18886,298.9,63.19,30584.3
4101002,Ampére,2018,18989,298.9,63.53,31922.59
4101002,Ampére,2019,19152,298.9,64.07,31163.06
4101002,Ampére,2020,19311,298.9,64.61,33702.86
4101002,Ampére,2021,19466,298.9,65.13,38547.42
4101002,Ampére,2022,19710,298.9,65.94,41334.45
4101002,Ampére,2023,19955,298.9,66.76,50171.59
4101002,Ampére,2024,20199,298.9,67.58,49565.52
4101002,Ampére,2025,20337,298.9,68.04,49229.19
4101002,Ampére,2026,20337,298.9,68.04,49229.19
4101051,Anahy,2008,2937,103.1,28.49,11496.08
4101051,Anahy,2009,2926,103.1,28.38,10703.35
4101051,Anahy,2010,2895,103.1,28.08,12825.22
4101051,Anahy,2011,2864,103.1,27.78,16613.48
4101051,Anahy,2012,2854,103.1,27.68,20893.13
4101051,Anahy,2013,2929,103.1,28.41,19689.31
4101051,Anahy,2014,2922,103.1,28.34,22584.19
4101051,Anahy,2015,2915,103.1,28.27,24723.16
4101051,Anahy,2016,2908,103.1,28.21,30314.31
4101051,Anahy,2017,2901,103.1,28.14,25557.74
4101051,Anahy,2018,2816,103.1,27.31,30290.13
4101051,Anahy,2019,2801,103.1,27.17,30779.72
4101051,Anahy,2020,2788,103.1,27.04,43261.84
4101051,Anahy,2021,2774,103.1,26.91,41471.52
4101051,Anahy,2022,2838,103.1,27.53,39102.18
4101051,Anahy,2023,2901,103.1,28.14,42855.22
4101051,Anahy,2024,2965,103.1,28.76,41930.19
4101051,Anahy,2025,2971,103.1,28.82,41845.51
4101051,Anahy,2026,2971,103.1,28.82,41845.51
4101101,Andirá,2008,21953,236.4,92.86,15947.16
4101101,Andirá,2009,21964,236.4,92.91,16289.43
4101101,Andirá,2010,21247,236.4,89.88,18013.13
4101101,Andirá,2011,20530,236.4,86.84,21586.17
4101101,Andirá,2012,20451,236.4,86.51,25469.61
4101101,Andirá,2013,20988,236.4,88.78,26224.89
4101101,Andirá,2014,20931,236.4,88.54,26328.75
4101101,Andirá,2015,20876,236.4,88.31,29007.42
4101101,Andirá,2016,20822,236.4,88.08,32927.67
4101101,Andirá,2017,20769,236.4,87.86,34413.31
4101101,Andirá,2018,20139,236.4,85.19,37116.19
4101101,Andirá,2019,20031,236.4,84.73,37723.58
4101101,Andirá,2020,19926,236.4,84.29,39442.49
4101101,Andirá,2021,19823,236.4,83.85,41189.68
4101101,Andirá,2022,19897,236.4,84.17,42334.22
4101101,Andirá,2023,19970,236.4,84.48,43123.34
4101101,Andirá,2024,20044,236.4,84.79,42964.13
4101101,Andirá,2025,19989,236.4,84.56,43082.35
4101101,Andirá,2026,19989,236.4,84.56,43082.35
4101150,Ângulo,2008,2890,106.3,27.19,11822.49
4101150,Ângulo,2009,2893,106.3,27.22,10716.9
4101150,Ângulo,2010,2877,106.3,27.06,14091.76
4101150,Ângulo,2011,2861,106.3,26.91,15978.33
4101150,Ângulo,2012,2862,106.3,26.92,17823.2
4101150,Ângulo,2013,2954,106.3,27.79,22775.56
4101150,Ângulo,2014,2959,106.3,27.84,23373.77
4101150,Ângulo,2015,2964,106.3,27.88,27633.94
4101150,Ângulo,2016,2969,106.3,27.93,30308.18
4101150,Ângulo,2017,2974,106.3,27.98,33356.42
4101150,Ângulo,2018,2927,106.3,27.54,38937.82
4101150,Ângulo,2019,2928,106.3,27.54,38247.27
4101150,Ângulo,2020,2930,106.3,27.56,47695.22
4101150,Ângulo,2021,2931,106.3,27.57,52609.01
4101150,Ângulo,2022,3065,106.3,28.83,55530.83
4101150,Ângulo,2023,3198,106.3,30.08,56215.76
4101150,Ângulo,2024,3332,106.3,31.35,53954.98
4101150,Ângulo,2025,3357,106.3,31.58,53553.17
4101150,Ângulo,2026,3357,106.3,31.58,53553.17
4101200,Antonina,2008,17891,893.5,20.02,11838.24
4101200,Antonina,2009,17743,893.5,19.86,13713.86
4101200,Antonina,2010,18306,893.5,20.49,15333.06
4101200,Antonina,2011,18870,893.5,21.12,14965.39
4101200,Antonina,2012,18849,893.5,21.1,16306.49
4101200,Antonina,2013,19412,893.5,21.73,18710.18
4101200,Antonina,2014,19414,893.5,21.73,17580.51
4101200,Antonina,2015,19416,893.5,21.73,19782.65
4101200,Antonina,2016,19418,893.5,21.73,27165.52
4101200,Antonina,2017,19420,893.5,21.73,26620.24
4101200,Antonina,2018,19011,893.5,21.28,28312.56
4101200,Antonina,2019,18980,893.5,21.24,29776.87
4101200,Antonina,2020,18949,893.5,21.21,30290.31
4101200,Antonina,2021,18919,893.5,21.17,37045.88
4101200,Antonina,2022,18687,893.5,20.91,50777.76
4101200,Antonina,2023,18455,893.5,20.65,54276.62
4101200,Antonina,2024,18223,893.5,20.4,54967.62
4101200,Antonina,2025,18140,893.5,20.3,55219.13
4101200,Antonina,2026,18140,893.5,20.3,55219.13
4101309,Antônio Olinto,2008,7725,470.6,16.42,12803.37
4101309,Antônio Olinto,2009,7750,470.6,16.47,10696.0
4101309,Antônio Olinto,2010,7548,470.6,16.04,14759.8
4101309,Antônio Olinto,2011,7347,470.6,15.61,14588.4
4101309,Antônio Olinto,2012,7343,470.6,15.6,15872.12
4101309,Antônio Olinto,2013,7567,470.6,16.08,18502.71
4101309,Antônio Olinto,2014,7573,470.6,16.09,20983.36
4101309,Antônio Olinto,2015,7578,470.6,16.1,21248.61
4101309,Antônio Olinto,2016,7582,470.6,16.11,21933.26
4101309,Antônio Olinto,2017,7587,470.6,16.12,22358.51
4101309,Antônio Olinto,2018,7441,470.6,15.81,25292.97
4101309,Antônio Olinto,2019,7434,470.6,15.8,26096.45
4101309,Antônio Olinto,2020,7427,470.6,15.78,28820.12
4101309,Antônio Olinto,2021,7421,470.6,15.77,31443.88
4101309,Antônio Olinto,2022,7304,470.6,15.52,33527.38
4101309,Antônio Olinto,2023,7188,470.6,15.27,39317.06
4101309,Antônio Olinto,2024,7071,470.6,15.03,39967.61
4101309,Antônio Olinto,2025,7048,470.6,14.98,40098.04
4101309,Antônio Olinto,2026,7048,470.6,14.98,40098.04
4101408,Apucarana,2008,120133,558.3,215.18,12270.71
4101408,Apucarana,2009,121290,558.3,217.25,13638.16
4101408,Apucarana,2010,121607,558.3,217.82,14390.32
4101408,Apucarana,2011,121924,558.3,218.38,15733.47
4101408,Apucarana,2012,122896,558.3,220.13,17406.91
4101408,Apucarana,2013,128058,558.3,229.37,19609.38
4101408,Apucarana,2014,129265,558.3,231.53,21626.2
4101408,Apucarana,2015,130430,558.3,233.62,22271.05
4101408,Apucarana,2016,131571,558.3,235.66,22627.4
4101408,Apucarana,2017,132691,558.3,237.67,23876.31
4101408,Apucarana,2018,133726,558.3,239.52,23315.34
4101408,Apucarana,2019,134996,558.3,241.8,25602.85
4101408,Apucarana,2020,136234,558.3,244.02,24493.05
4101408,Apucarana,2021,137438,558.3,246.17,28187.84
4101408,Apucarana,2022,136394,558.3,244.3,31615.91
4101408,Apucarana,2023,135350,558.3,242.43,35714.91
4101408,Apucarana,2024,134306,558.3,240.56,35992.53
4101408,Apucarana,2025,134910,558.3,241.64,35831.39
4101408,Apucarana,2026,134910,558.3,241.64,35831.39
4101507,Arapongas,2008,101467,383.1,264.86,21499.7
4101507,Arapongas,2009,103025,383.1,268.92,23296.95
4101507,Arapongas,2010,104306,383.1,272.27,25131.76
4101507,Arapongas,2011,105588,383.1,275.61,29360.28
4101507,Arapongas,2012,106978,383.1,279.24,33139.07
4101507,Arapongas,2013,112198,383.1,292.87,34092.03
4101507,Arapongas,2014,113833,383.1,297.14,35120.9
4101507,Arapongas,2015,115412,383.1,301.26,33672.56
4101507,Arapongas,2016,116960,383.1,305.3,34501.84
4101507,Arapongas,2017,118477,383.1,309.26,37813.13
4101507,Arapongas,2018,121198,383.1,316.36,35439.8
4101507,Arapongas,2019,123027,383.1,321.14,40428.08
4101507,Arapongas,2020,124810,383.1,325.79,35785.9
4101507,Arapongas,2021,126545,383.1,330.32,39148.04
4101507,Arapongas,2022,125651,383.1,327.98,40609.78
4101507,Arapongas,2023,124757,383.1,325.65,45812.83
4101507,Arapongas,2024,123863,383.1,323.32,46143.49
4101507,Arapongas,2025,124838,383.1,325.86,45783.1
4101507,Arapongas,2026,124838,383.1,325.86,45783.1
4101606,Arapoti,2008,26729,1361.4,19.63,22436.87
4101606,Arapoti,2009,26998,1361.4,19.83,21552.45
4101606,Arapoti,2010,26502,1361.4,19.47,22511.85
4101606,Arapoti,2011,26007,1361.4,19.1,25748.34
4101606,Arapoti,2012,26153,1361.4,19.21,30446.91
4101606,Arapoti,2013,27170,1361.4,19.96,32282.74
4101606,Arapoti,2014,27362,1361.4,20.1,34641.25
4101606,Arapoti,2015,27547,1361.4,20.23,37465.39
4101606,Arapoti,2016,27728,1361.4,20.37,37523.62
4101606,Arapoti,2017,27906,1361.4,20.5,39112.09
4101606,Arapoti,2018,27925,1361.4,20.51,41058.51
4101606,Arapoti,2019,28115,1361.4,20.65,43694.93
4101606,Arapoti,2020,28300,1361.4,20.79,45230.21
4101606,Arapoti,2021,28480,1361.4,20.92,50822.72
4101606,Arapoti,2022,27757,1361.4,20.39,60398.1
4101606,Arapoti,2023,27033,1361.4,19.86,60404.65
4101606,Arapoti,2024,26310,1361.4,19.33,62064.58
4101606,Arapoti,2025,26325,1361.4,19.34,62029.21
4101606,Arapoti,2026,26325,1361.4,19.34,62029.21
4101655,Arapuã,2008,4035,217.9,18.52,11052.79
4101655,Arapuã,2009,4017,217.9,18.44,10318.65
4101655,Arapuã,2010,3766,217.9,17.28,10337.76
4101655,Arapuã,2011,3515,217.9,16.13,15417.07
4101655,Arapuã,2012,3469,217.9,15.92,21021.91
4101655,Arapuã,2013,3513,217.9,16.12,26482.21
4101655,Arapuã,2014,3469,217.9,15.92,25878.35
4101655,Arapuã,2015,3426,217.9,15.72,27706.07
4101655,Arapuã,2016,3384,217.9,15.53,28629.73
4101655,Arapuã,2017,3343,217.9,15.34,27040.08
4101655,Arapuã,2018,3128,217.9,14.36,33898.66
4101655,Arapuã,2019,3068,217.9,14.08,31086.38
4101655,Arapuã,2020,3009,217.9,13.81,42450.98
4101655,Arapuã,2021,2951,217.9,13.54,51557.44
4101655,Arapuã,2022,3158,217.9,14.49,42284.99
4101655,Arapuã,2023,3366,217.9,15.45,45836.3
4101655,Arapuã,2024,3573,217.9,16.4,43180.8
4101655,Arapuã,2025,3573,217.9,16.4,43180.8
4101655,Arapuã,2026,3573,217.9,16.4,43180.8
4101705,Araruna,2008,12984,494.2,26.27,15779.65
4101705,Araruna,2009,12962,494.2,26.23,16362.44
4101705,Araruna,2010,13204,494.2,26.72,18049.53
4101705,Araruna,2011,13445,494.2,27.21,21853.4
4101705,Araruna,2012,13471,494.2,27.26,23671.07
4101705,Araruna,2013,13926,494.2,28.18,28982.05
4101705,Araruna,2014,13971,494.2,28.27,30472.34
4101705,Araruna,2015,14014,494.2,28.36,30409.38
4101705,Araruna,2016,14056,494.2,28.44,31885.46
4101705,Araruna,2017,14098,494.2,28.53,34713.22
4101705,Araruna,2018,13939,494.2,28.21,32537.13
4101705,Araruna,2019,13970,494.2,28.27,33701.43
4101705,Araruna,2020,14000,494.2,28.33,38119.57
4101705,Araruna,2021,14029,494.2,28.39,39015.82
4101705,Araruna,2022,14294,494.2,28.92,33014.62
4101705,Araruna,2023,14559,494.2,29.46,43326.88
4101705,Araruna,2024,14824,494.2,30.0,42552.35
4101705,Araruna,2025,14894,494.2,30.14,42352.36
4101705,Araruna,2026,14894,494.2,30.14,42352.36
4101804,Araucária,2008,115849,470.1,246.43,61459.29
4101804,Araucária,2009,117964,470.1,250.93,62649.66
4101804,Araucária,2010,119498,470.1,254.2,75263.79
4101804,Araucária,2011,121032,470.1,257.46,60642.08
4101804,Araucária,2012,122878,470.1,261.39,46562.39
4101804,Araucária,2013,129209,470.1,274.85,52924.45
4101804,Araucária,2014,131356,470.1,279.42,64999.98
4101804,Araucária,2015,133428,470.1,283.83,104565.04
4101804,Araucária,2016,135459,470.1,288.15,125350.42
4101804,Araucária,2017,137452,470.1,292.39,123511.33
4101804,Araucária,2018,141410,470.1,300.81,116021.84
4101804,Araucária,2019,143843,470.1,305.98,130033.22
4101804,Araucária,2020,146214,470.1,311.03,134639.33
4101804,Araucária,2021,148522,470.1,315.94,170121.34
4101804,Araucária,2022,152361,470.1,324.1,205489.31
4101804,Araucária,2023,156199,470.1,332.27,218151.54
4101804,Araucária,2024,160038,470.1,340.43,212918.51
4101804,Araucária,2025,162247,470.1,345.13,210019.61
4101804,Araucária,2026,162247,470.1,345.13,210019.61
4101853,Ariranha do Ivaí,2008,2568,234.7,10.94,12242.6
4101853,Ariranha do Ivaí,2009,2533,234.7,10.79,11436.64
4101853,Ariranha do Ivaí,2010,2476,234.7,10.55,14767.37
4101853,Ariranha do Ivaí,2011,2420,234.7,10.31,18910.74
4101853,Ariranha do Ivaí,2012,2389,234.7,10.18,22732.52
4101853,Ariranha do Ivaí,2013,2421,234.7,10.32,28217.68
4101853,Ariranha do Ivaí,2014,2389,234.7,10.18,30626.2
4101853,Ariranha do Ivaí,2015,2359,234.7,10.05,32044.09
4101853,Ariranha do Ivaí,2016,2330,234.7,9.93,33874.68
4101853,Ariranha do Ivaí,2017,2301,234.7,9.8,34323.34
4101853,Ariranha do Ivaí,2018,2151,234.7,9.16,41179.45
4101853,Ariranha do Ivaí,2019,2108,234.7,8.98,36865.75
4101853,Ariranha do Ivaí,2020,2066,234.7,8.8,60626.82
4101853,Ariranha do Ivaí,2021,2026,234.7,8.63,63659.43
4101853,Ariranha do Ivaí,2022,2134,234.7,9.09,53810.22
4101853,Ariranha do Ivaí,2023,2243,234.7,9.56,64633.53
4101853,Ariranha do Ivaí,2024,2351,234.7,10.02,61664.4
4101853,Ariranha do Ivaí,2025,2351,234.7,10.02,61664.4
4101853,Ariranha do Ivaí,2026,2351,234.7,10.02,61664.4
4101903,Assaí,2008,16306,441.3,36.95,15845.46
4101903,Assaí,2009,16112,441.3,36.51,13389.09
4101903,Assaí,2010,16168,441.3,36.64,16376.55
4101903,Assaí,2011,16225,441.3,36.77,19758.83
4101903,Assaí,2012,16099,441.3,36.48,20261.2
4101903,Assaí,2013,16436,441.3,37.24,23328.91
4101903,Assaí,2014,16322,441.3,36.99,21362.82
4101903,Assaí,2015,16212,441.3,36.74,25437.76
4101903,Assaí,2016,16104,441.3,36.49,24481.93
4101903,Assaí,2017,15999,441.3,36.25,24684.73
4101903,Assaí,2018,15289,441.3,34.65,25938.91
4101903,Assaí,2019,15119,441.3,34.26,29054.04
4101903,Assaí,2020,14954,441.3,33.89,33145.91
4101903,Assaí,2021,14792,441.3,33.52,36475.93
4101903,Assaí,2022,14409,441.3,32.65,42577.0
4101903,Assaí,2023,14026,441.3,31.78,45429.49
4101903,Assaí,2024,13643,441.3,30.92,46704.83
4101903,Assaí,2025,13477,441.3,30.54,47280.11
4101903,Assaí,2026,13477,441.3,30.54,47280.11
4102000,Assis Chateaubriand,2008,33077,983.0,33.65,15027.9
4102000,Assis Chateaubriand,2009,33023,983.0,33.59,12353.57
4102000,Assis Chateaubriand,2010,33013,983.0,33.58,16868.51
4102000,Assis Chateaubriand,2011,33003,983.0,33.57,18720.45
4102000,Assis Chateaubriand,2012,32981,983.0,33.55,19424.85
4102000,Assis Chateaubriand,2013,33988,983.0,34.58,26826.0
4102000,Assis Chateaubriand,2014,34008,983.0,34.6,27072.69
4102000,Assis Chateaubriand,2015,34027,983.0,34.62,29225.47
4102000,Assis Chateaubriand,2016,34046,983.0,34.63,33930.51
4102000,Assis Chateaubriand,2017,34064,983.0,34.65,33812.85
4102000,Assis Chateaubriand,2018,33397,983.0,33.97,36800.16
4102000,Assis Chateaubriand,2019,33362,983.0,33.94,35134.49
4102000,Assis Chateaubriand,2020,33340,983.0,33.92,41843.04
4102000,Assis Chateaubriand,2021,33306,983.0,33.88,49038.01
4102000,Assis Chateaubriand,2022,34906,983.0,35.51,46341.26
4102000,Assis Chateaubriand,2023,36505,983.0,37.14,55711.03
4102000,Assis Chateaubriand,2024,38105,983.0,38.76,53371.76
4102000,Assis Chateaubriand,2025,38357,983.0,39.02,53021.12
4102000,Assis Chateaubriand,2026,38357,983.0,39.02,53021.12
4102109,Astorga,2008,25042,435.8,57.46,10076.31
4102109,Astorga,2009,25164,435.8,57.74,10153.51
4102109,Astorga,2010,24972,435.8,57.3,12150.53
4102109,Astorga,2011,24780,435.8,56.86,13933.7
4102109,Astorga,2012,24859,435.8,57.04,16092.76
4102109,Astorga,2013,25745,435.8,59.08,18235.11
4102109,Astorga,2014,25862,435.8,59.34,19774.57
4102109,Astorga,2015,25976,435.8,59.61,22937.75
4102109,Astorga,2016,26087,435.8,59.86,23815.04
4102109,Astorga,2017,26196,435.8,60.11,27532.52
4102109,Astorga,2018,26011,435.8,59.69,29141.63
4102109,Astorga,2019,26111,435.8,59.92,28302.9
4102109,Astorga,2020,26209,435.8,60.14,33151.4
4102109,Astorga,2021,26304,435.8,60.36,33566.0
4102109,Astorga,2022,26251,435.8,60.24,42298.05
4102109,Astorga,2023,26198,435.8,60.11,44462.02
4102109,Astorga,2024,26145,435.8,59.99,44552.15
4102109,Astorga,2025,26203,435.8,60.13,44453.54
4102109,Astorga,2026,26203,435.8,60.13,44453.54
4102208,Atalaia,2008,3682,138.0,26.68,11755.84
4102208,Atalaia,2009,3645,138.0,26.41,11700.41
4102208,Atalaia,2010,3776,138.0,27.36,14586.33
4102208,Atalaia,2011,3906,138.0,28.3,17758.06
4102208,Atalaia,2012,3898,138.0,28.25,20646.49
4102208,Atalaia,2013,4010,138.0,29.06,24181.8
4102208,Atalaia,2014,4007,138.0,29.04,24761.42
4102208,Atalaia,2015,4004,138.0,29.01,28512.24
4102208,Atalaia,2016,4002,138.0,29.0,27652.42
4102208,Atalaia,2017,3999,138.0,28.98,38370.59
4102208,Atalaia,2018,3902,138.0,28.28,35008.46
4102208,Atalaia,2019,3892,138.0,28.2,37246.15
4102208,Atalaia,2020,3881,138.0,28.12,47608.86
4102208,Atalaia,2021,3871,138.0,28.05,45803.15
4102208,Atalaia,2022,3929,138.0,28.47,51784.42
4102208,Atalaia,2023,3987,138.0,28.89,63895.66
4102208,Atalaia,2024,4045,138.0,29.31,62979.48
4102208,Atalaia,2025,4046,138.0,29.32,62963.91
4102208,Atalaia,2026,4046,138.0,29.32,62963.91
4102307,Balsa Nova,2008,11118,349.8,31.78,28976.61
4102307,Balsa Nova,2009,11252,349.8,32.17,30569.5
4102307,Balsa Nova,2010,11337,349.8,32.41,33288.61
4102307,Balsa Nova,2011,11422,349.8,32.65,40817.19
4102307,Balsa Nova,2012,11539,349.8,32.99,44212.24
4102307,Balsa Nova,2013,12059,349.8,34.47,45717.97
4102307,Balsa Nova,2014,12200,349.8,34.88,50336.72
4102307,Balsa Nova,2015,12337,349.8,35.27,49747.18
4102307,Balsa Nova,2016,12471,349.8,35.65,48793.28
4102307,Balsa Nova,2017,12602,349.8,36.03,51161.48
4102307,Balsa Nova,2018,12787,349.8,36.56,53916.16
4102307,Balsa Nova,2019,12941,349.8,37.0,57991.35
4102307,Balsa Nova,2020,13092,349.8,37.43,54286.51
4102307,Balsa Nova,2021,13238,349.8,37.84,69964.12
4102307,Balsa Nova,2022,13449,349.8,38.45,94619.23
4102307,Balsa Nova,2023,13660,349.8,39.05,95315.96
4102307,Balsa Nova,2024,13871,349.8,39.65,93866.05
4102307,Balsa Nova,2025,13867,349.8,39.64,93893.13
4102307,Balsa Nova,2026,13867,349.8,39.64,93893.13
4102406,Bandeirantes,2008,33089,446.3,74.14,8981.84
4102406,Bandeirantes,2009,32994,446.3,73.93,9021.76
4102406,Bandeirantes,2010,32530,446.3,72.89,10164.46
4102406,Bandeirantes,2011,32066,446.3,71.85,11981.04
4102406,Bandeirantes,2012,31951,446.3,71.59,13479.36
4102406,Bandeirantes,2013,32800,446.3,73.49,14925.34
4102406,Bandeirantes,2014,32718,446.3,73.31,15673.76
4102406,Bandeirantes,2015,32639,446.3,73.13,18345.17
4102406,Bandeirantes,2016,32562,446.3,72.96,21219.64
4102406,Bandeirantes,2017,32486,446.3,72.79,22394.08
4102406,Bandeirantes,2018,31526,446.3,70.64,24858.15
4102406,Bandeirantes,2019,31367,446.3,70.28,25816.21
4102406,Bandeirantes,2020,31211,446.3,69.93,32170.71
4102406,Bandeirantes,2021,31061,446.3,69.6,33272.21
4102406,Bandeirantes,2022,31310,446.3,70.15,35878.57
4102406,Bandeirantes,2023,31558,446.3,70.71,43166.01
4102406,Bandeirantes,2024,31807,446.3,71.27,42828.09
4102406,Bandeirantes,2025,31747,446.3,71.13,42909.03
4102406,Bandeirantes,2026,31747,446.3,71.13,42909.03
4102505,Barbosa Ferraz,2008,14017,539.8,25.97,6785.05
4102505,Barbosa Ferraz,2009,13995,539.8,25.93,6402.86
4102505,Barbosa Ferraz,2010,13270,539.8,24.58,7100.45
4102505,Barbosa Ferraz,2011,12545,539.8,23.24,9250.38
4102505,Barbosa Ferraz,2012,12437,539.8,23.04,10590.42
4102505,Barbosa Ferraz,2013,12683,539.8,23.5,12739.65
4102505,Barbosa Ferraz,2014,12583,539.8,23.31,14177.7
4102505,Barbosa Ferraz,2015,12487,539.8,23.13,15604.95
4102505,Barbosa Ferraz,2016,12393,539.8,22.96,16197.13
4102505,Barbosa Ferraz,2017,12300,539.8,22.79,17624.88
4102505,Barbosa Ferraz,2018,11714,539.8,21.7,17993.26
4102505,Barbosa Ferraz,2019,11568,539.8,21.43,18311.72
4102505,Barbosa Ferraz,2020,11426,539.8,21.17,24664.8
4102505,Barbosa Ferraz,2021,11287,539.8,20.91,26522.81
4102505,Barbosa Ferraz,2022,11089,539.8,20.54,20986.02
4102505,Barbosa Ferraz,2023,10890,539.8,20.17,31419.19
4102505,Barbosa Ferraz,2024,10692,539.8,19.81,32001.03
4102505,Barbosa Ferraz,2025,10580,539.8,19.6,32339.79
4102505,Barbosa Ferraz,2026,10580,539.8,19.6,32339.79
4102604,Barracão,2008,9275,161.6,57.39,9108.25
4102604,Barracão,2009,9267,161.6,57.35,14893.28
4102604,Barracão,2010,9516,161.6,58.89,12106.35
4102604,Barracão,2011,9766,161.6,60.43,13433.65
4102604,Barracão,2012,9796,161.6,60.62,16253.16
4102604,Barracão,2013,10143,161.6,62.77,19008.48
4102604,Barracão,2014,10187,161.6,63.04,20501.82
4102604,Barracão,2015,10231,161.6,63.31,22399.96
4102604,Barracão,2016,10273,161.6,63.57,24501.51
4102604,Barracão,2017,10314,161.6,63.82,22297.17
4102604,Barracão,2018,10238,161.6,63.35,24066.52
4102604,Barracão,2019,10275,161.6,63.58,25619.17
4102604,Barracão,2020,10312,161.6,63.81,26014.06
4102604,Barracão,2021,10347,161.6,64.03,25536.87
4102604,Barracão,2022,10198,161.6,63.11,28605.41
4102604,Barracão,2023,10049,161.6,62.18,32172.06
4102604,Barracão,2024,9900,161.6,61.26,32656.26
4102604,Barracão,2025,9903,161.6,61.28,32646.37
4102604,Barracão,2026,9903,161.6,61.28,32646.37
4102703,Barra do Jacaré,2008,2850,116.1,24.55,12954.74
4102703,Barra do Jacaré,2009,2860,116.1,24.63,12246.15
4102703,Barra do Jacaré,2010,2794,116.1,24.07,15686.83
4102703,Barra do Jacaré,2011,2728,116.1,23.5,18626.1
4102703,Barra do Jacaré,2012,2728,116.1,23.5,22234.24
4102703,Barra do Jacaré,2013,2813,116.1,24.23,24779.95
4102703,Barra do Jacaré,2014,2817,116.1,24.26,28214.41
4102703,Barra do Jacaré,2015,2821,116.1,24.3,26538.11
4102703,Barra do Jacaré,2016,2825,116.1,24.33,30139.12
4102703,Barra do Jacaré,2017,2828,116.1,24.36,27830.62
4102703,Barra do Jacaré,2018,2781,116.1,23.95,33015.82
4102703,Barra do Jacaré,2019,2781,116.1,23.95,29227.62
4102703,Barra do Jacaré,2020,2781,116.1,23.95,44326.14
4102703,Barra do Jacaré,2021,2781,116.1,23.95,53990.65
4102703,Barra do Jacaré,2022,2809,116.1,24.19,66316.48
4102703,Barra do Jacaré,2023,2838,116.1,24.44,65940.1
4102703,Barra do Jacaré,2024,2866,116.1,24.69,65295.88
4102703,Barra do Jacaré,2025,2872,116.1,24.74,65159.47
4102703,Barra do Jacaré,2026,2872,116.1,24.74,65159.47
4102752,Bela Vista da Caroba,2008,4210,148.4,28.37,8837.53
4102752,Bela Vista da Caroba,2009,4176,148.4,28.14,8078.07
4102752,Bela Vista da Caroba,2010,4040,148.4,27.22,10428.96
4102752,Bela Vista da Caroba,2011,3903,148.4,26.3,11469.13
4102752,Bela Vista da Caroba,2012,3861,148.4,26.02,11758.35
4102752,Bela Vista da Caroba,2013,3926,148.4,26.46,14784.77
4102752,Bela Vista da Caroba,2014,3887,148.4,26.19,14966.81
4102752,Bela Vista da Caroba,2015,3848,148.4,25.93,15694.65
4102752,Bela Vista da Caroba,2016,3811,148.4,25.68,25203.62
4102752,Bela Vista da Caroba,2017,3774,148.4,25.43,17523.32
4102752,Bela Vista da Caroba,2018,3567,148.4,24.04,20124.47
4102752,Bela Vista da Caroba,2019,3511,148.4,23.66,20053.55
4102752,Bela Vista da Caroba,2020,3457,148.4,23.3,27163.15
4102752,Bela Vista da Caroba,2021,3404,148.4,22.94,31411.28
4102752,Bela Vista da Caroba,2022,3636,148.4,24.5,25046.75
4102752,Bela Vista da Caroba,2023,3868,148.4,26.06,32599.53
4102752,Bela Vista da Caroba,2024,4100,148.4,27.63,30754.88
4102752,Bela Vista da Caroba,2025,4122,148.4,27.78,30590.73
4102752,Bela Vista da Caroba,2026,4122,148.4,27.78,30590.73
4102802,Bela Vista do Paraíso,2008,15465,243.3,63.56,11334.89
4102802,Bela Vista do Paraíso,2009,15496,243.3,63.69,11393.84
4102802,Bela Vista do Paraíso,2010,15290,243.3,62.84,12937.21
4102802,Bela Vista do Paraíso,2011,15083,243.3,61.99,15666.45
4102802,Bela Vista do Paraíso,2012,15087,243.3,62.01,19470.74
4102802,Bela Vista do Paraíso,2013,15565,243.3,63.97,21869.39
4102802,Bela Vista do Paraíso,2014,15589,243.3,64.07,21305.79
4102802,Bela Vista do Paraíso,2015,15612,243.3,64.17,27637.59
4102802,Bela Vista do Paraíso,2016,15634,243.3,64.26,28737.05
4102802,Bela Vista do Paraíso,2017,15656,243.3,64.35,28777.08
4102802,Bela Vista do Paraíso,2018,15395,243.3,63.28,29496.07
4102802,Bela Vista do Paraíso,2019,15397,243.3,63.28,30153.34
4102802,Bela Vista do Paraíso,2020,15399,243.3,63.29,34275.15
4102802,Bela Vista do Paraíso,2021,15400,243.3,63.3,34012.4
4102802,Bela Vista do Paraíso,2022,15266,243.3,62.75,41484.48
4102802,Bela Vista do Paraíso,2023,15132,243.3,62.19,37275.57
4102802,Bela Vista do Paraíso,2024,14998,243.3,61.64,37608.61
4102802,Bela Vista do Paraíso,2025,14982,243.3,61.58,37648.78
4102802,Bela Vista do Paraíso,2026,14982,243.3,61.58,37648.78
4102901,Bituruna,2008,16716,1237.2,13.51,8695.56
4102901,Bituruna,2009,16803,1237.2,13.58,8198.12
4102901,Bituruna,2010,16348,1237.2,13.21,9540.86
4102901,Bituruna,2011,15892,1237.2,12.85,11115.97
4102901,Bituruna,2012,15903,1237.2,12.85,11655.1
4102901,Bituruna,2013,16416,1237.2,13.27,13492.08
4102901,Bituruna,2014,16448,1237.2,13.29,15777.3
4102901,Bituruna,2015,16480,1237.2,13.32,16379.85
4102901,Bituruna,2016,16511,1237.2,13.35,17597.18
4102901,Bituruna,2017,16627,1237.2,13.44,19856.92
4102901,Bituruna,2018,16377,1237.2,13.24,22965.62
4102901,Bituruna,2019,16389,1237.2,13.25,22005.49
4102901,Bituruna,2020,16400,1237.2,13.26,27059.33
4102901,Bituruna,2021,16411,1237.2,13.26,33656.82
4102901,Bituruna,2022,16170,1237.2,13.07,32631.29
4102901,Bituruna,2023,15930,1237.2,12.88,41203.83
4102901,Bituruna,2024,15689,1237.2,12.68,41836.76
4102901,Bituruna,2025,15650,1237.2,12.65,41941.02
4102901,Bituruna,2026,15650,1237.2,12.65,41941.02
4103008,Boa Esperança,2008,4785,303.5,15.77,25126.44
4103008,Boa Esperança,2009,4742,303.5,15.62,21958.67
4103008,Boa Esperança,2010,4632,303.5,15.26,20765.11
4103008,Boa Esperança,2011,4523,303.5,14.9,24618.17
4103008,Boa Esperança,2012,4479,303.5,14.76,28436.26
4103008,Boa Esperança,2013,4559,303.5,15.02,37984.65
4103008,Boa Esperança,2014,4518,303.5,14.89,39328.24
4103008,Boa Esperança,2015,4478,303.5,14.75,35919.38
4103008,Boa Esperança,2016,4438,303.5,14.62,47733.66
4103008,Boa Esperança,2017,4392,303.5,14.47,44485.88
4103008,Boa Esperança,2018,4165,303.5,13.72,48709.24
4103008,Boa Esperança,2019,4105,303.5,13.53,49033.13
4103008,Boa Esperança,2020,4047,303.5,13.33,68227.58
4103008,Boa Esperança,2021,3991,303.5,13.15,71583.31
4103008,Boa Esperança,2022,4201,303.5,13.84,66808.14
4103008,Boa Esperança,2023,4412,303.5,14.54,77726.65
4103008,Boa Esperança,2024,4622,303.5,15.23,74195.15
4103008,Boa Esperança,2025,4595,303.5,15.14,74631.12
4103008,Boa Esperança,2026,4595,303.5,15.14,74631.12
4103024,Boa Esperança do Iguaçu,2008,2919,152.1,19.19,14619.73
4103024,Boa Esperança do Iguaçu,2009,2898,152.1,19.05,13253.28
4103024,Boa Esperança do Iguaçu,2010,2818,152.1,18.53,15759.05
4103024,Boa Esperança do Iguaçu,2011,2738,152.1,18.0,18149.38
4103024,Boa Esperança do Iguaçu,2012,2713,152.1,17.84,18823.44
4103024,Boa Esperança do Iguaçu,2013,2763,152.1,18.17,22973.58
4103024,Boa Esperança do Iguaçu,2014,2739,152.1,18.01,23043.08
4103024,Boa Esperança do Iguaçu,2015,2716,152.1,17.86,25884.76
4103024,Boa Esperança do Iguaçu,2016,2694,152.1,17.71,31164.44
4103024,Boa Esperança do Iguaçu,2017,2671,152.1,17.56,32016.1
4103024,Boa Esperança do Iguaçu,2018,2538,152.1,16.69,36931.44
4103024,Boa Esperança do Iguaçu,2019,2503,152.1,16.46,35233.32
4103024,Boa Esperança do Iguaçu,2020,2470,152.1,16.24,47700.0
4103024,Boa Esperança do Iguaçu,2021,2437,152.1,16.02,58517.44
4103024,Boa Esperança do Iguaçu,2022,2441,152.1,16.05,49993.45
4103024,Boa Esperança do Iguaçu,2023,2444,152.1,16.07,67524.96
4103024,Boa Esperança do Iguaçu,2024,2448,152.1,16.09,67414.62
4103024,Boa Esperança do Iguaçu,2025,2421,152.1,15.92,68166.46
4103024,Boa Esperança do Iguaçu,2026,2421,152.1,15.92,68166.46
4103040,Boa Ventura de São Roque,2008,6952,621.8,11.18,13962.46
4103040,Boa Ventura de São Roque,2009,6964,621.8,11.2,13666.28
4103040,Boa Ventura de São Roque,2010,6750,621.8,10.86,14568.59
4103040,Boa Ventura de São Roque,2011,6537,621.8,10.51,15336.39
4103040,Boa Ventura de São Roque,2012,6520,621.8,10.49,18109.66
4103040,Boa Ventura de São Roque,2013,6702,621.8,10.78,21891.38
4103040,Boa Ventura de São Roque,2014,6692,621.8,10.76,24613.72
4103040,Boa Ventura de São Roque,2015,6683,621.8,10.75,23323.81
4103040,Boa Ventura de São Roque,2016,6674,621.8,10.73,30580.01
4103040,Boa Ventura de São Roque,2017,6665,621.8,10.72,33444.41
4103040,Boa Ventura de São Roque,2018,6411,621.8,10.31,36480.11
4103040,Boa Ventura de São Roque,2019,6387,621.8,10.27,34084.55
4103040,Boa Ventura de São Roque,2020,6365,621.8,10.24,47251.22
4103040,Boa Ventura de São Roque,2021,6343,621.8,10.2,56990.38
4103040,Boa Ventura de São Roque,2022,6310,621.8,10.15,66470.36
4103040,Boa Ventura de São Roque,2023,6277,621.8,10.09,71596.94
4103040,Boa Ventura de São Roque,2024,6244,621.8,10.04,71975.34
4103040,Boa Ventura de São Roque,2025,6241,621.8,10.04,72009.93
4103040,Boa Ventura de São Roque,2026,6241,621.8,10.04,72009.93
4103057,Boa Vista da Aparecida,2008,7972,266.8,29.88,6899.4
4103057,Boa Vista da Aparecida,2009,7919,266.8,29.68,6885.84
4103057,Boa Vista da Aparecida,2010,7896,266.8,29.6,7602.96
4103057,Boa Vista da Aparecida,2011,7872,266.8,29.51,9065.68
4103057,Boa Vista da Aparecida,2012,7834,266.8,29.36,10285.93
4103057,Boa Vista da Aparecida,2013,8028,266.8,30.09,12022.8
4103057,Boa Vista da Aparecida,2014,7998,266.8,29.98,13330.33
4103057,Boa Vista da Aparecida,2015,7968,266.8,29.87,14774.6
4103057,Boa Vista da Aparecida,2016,7939,266.8,29.76,16823.4
4103057,Boa Vista da Aparecida,2017,7911,266.8,29.65,17035.39
4103057,Boa Vista da Aparecida,2018,7643,266.8,28.65,18345.68
4103057,Boa Vista da Aparecida,2019,7591,266.8,28.45,18545.51
4103057,Boa Vista da Aparecida,2020,7540,266.8,28.26,23924.14
4103057,Boa Vista da Aparecida,2021,7524,266.8,28.2,24629.85
4103057,Boa Vista da Aparecida,2022,7694,266.8,28.84,24992.46
4103057,Boa Vista da Aparecida,2023,7864,266.8,29.48,28285.48
4103057,Boa Vista da Aparecida,2024,8034,266.8,30.11,27686.96
4103057,Boa Vista da Aparecida,2025,8023,266.8,30.07,27724.92
4103057,Boa Vista da Aparecida,2026,8023,266.8,30.07,27724.92
4103107,Bocaiúva do Sul,2008,9910,827.5,11.98,7677.19
4103107,Bocaiúva do Sul,2009,9989,827.5,12.07,8618.88
4103107,Bocaiúva do Sul,2010,10562,827.5,12.76,10458.53
4103107,Bocaiúva do Sul,2011,11136,827.5,13.46,10390.45
4103107,Bocaiúva do Sul,2012,11280,827.5,13.63,11989.01
4103107,Bocaiúva do Sul,2013,11826,827.5,14.29,12998.99
4103107,Bocaiúva do Sul,2014,11996,827.5,14.5,13903.97
4103107,Bocaiúva do Sul,2015,12159,827.5,14.69,14606.22
4103107,Bocaiúva do Sul,2016,12320,827.5,14.89,15840.42
4103107,Bocaiúva do Sul,2017,12477,827.5,15.08,15868.96
4103107,Bocaiúva do Sul,2018,12755,827.5,15.41,15506.08
4103107,Bocaiúva do Sul,2019,12944,827.5,15.64,15502.78
4103107,Bocaiúva do Sul,2020,13129,827.5,15.87,17745.98
4103107,Bocaiúva do Sul,2021,13308,827.5,16.08,21064.55
4103107,Bocaiúva do Sul,2022,13473,827.5,16.28,21457.21
4103107,Bocaiúva do Sul,2023,13639,827.5,16.48,22398.86
4103107,Bocaiúva do Sul,2024,13804,827.5,16.68,22131.12
4103107,Bocaiúva do Sul,2025,13405,827.5,16.2,22789.85
4103107,Bocaiúva do Sul,2026,13405,827.5,16.2,22789.85
4103156,Bom Jesus do Sul,2008,3907,176.4,22.15,7917.84
4103156,Bom Jesus do Sul,2009,3879,176.4,21.99,7365.3
4103156,Bom Jesus do Sul,2010,3824,176.4,21.68,8863.49
4103156,Bom Jesus do Sul,2011,3769,176.4,21.37,10181.48
4103156,Bom Jesus do Sul,2012,3742,176.4,21.21,10050.51
4103156,Bom Jesus do Sul,2013,3824,176.4,21.68,13342.57
4103156,Bom Jesus do Sul,2014,3800,176.4,21.54,14701.05
4103156,Bom Jesus do Sul,2015,3777,176.4,21.41,16333.33
4103156,Bom Jesus do Sul,2016,3755,176.4,21.29,19276.43
4103156,Bom Jesus do Sul,2017,3733,176.4,21.16,18865.52
4103156,Bom Jesus do Sul,2018,3577,176.4,20.28,20289.07
4103156,Bom Jesus do Sul,2019,3541,176.4,20.07,19812.2
4103156,Bom Jesus do Sul,2020,3506,176.4,19.88,26147.75
4103156,Bom Jesus do Sul,2021,3472,176.4,19.68,33315.09
4103156,Bom Jesus do Sul,2022,3668,176.4,20.79,34458.29
4103156,Bom Jesus do Sul,2023,3865,176.4,21.91,36848.12
4103156,Bom Jesus do Sul,2024,4061,176.4,23.02,35069.69
4103156,Bom Jesus do Sul,2025,4072,176.4,23.08,34974.95
4103156,Bom Jesus do Sul,2026,4072,176.4,23.08,34974.95
4103206,Bom Sucesso,2008,6634,323.5,20.51,8433.68
4103206,Bom Sucesso,2009,6676,323.5,20.64,8859.5
4103206,Bom Sucesso,2010,6634,323.5,20.51,9366.14
4103206,Bom Sucesso,2011,6591,323.5,20.37,11194.66
4103206,Bom Sucesso,2012,6620,323.5,20.46,12819.94
4103206,Bom Sucesso,2013,6866,323.5,21.22,14536.7
4103206,Bom Sucesso,2014,6906,323.5,21.35,14155.08
4103206,Bom Sucesso,2015,6944,323.5,21.47,14937.07
4103206,Bom Sucesso,2016,6982,323.5,21.58,16081.35
4103206,Bom Sucesso,2017,7019,323.5,21.7,17497.36
4103206,Bom Sucesso,2018,6995,323.5,21.62,16424.3
4103206,Bom Sucesso,2019,7032,323.5,21.74,17084.19
4103206,Bom Sucesso,2020,7068,323.5,21.85,20852.01
4103206,Bom Sucesso,2021,7103,323.5,21.96,22141.21
4103206,Bom Sucesso,2022,6961,323.5,21.52,25828.04
4103206,Bom Sucesso,2023,6819,323.5,21.08,32505.94
4103206,Bom Sucesso,2024,6677,323.5,20.64,33197.24
4103206,Bom Sucesso,2025,6674,323.5,20.63,33212.17
4103206,Bom Sucesso,2026,6674,323.5,20.63,33212.17
4103222,Bom Sucesso do Sul,2008,3107,196.3,15.83,20965.56
4103222,Bom Sucesso do Sul,2009,3075,196.3,15.66,19906.99
4103222,Bom Sucesso do Sul,2010,3180,196.3,16.2,21512.89
4103222,Bom Sucesso do Sul,2011,3286,196.3,16.74,26372.19
4103222,Bom Sucesso do Sul,2012,3279,196.3,16.7,31539.8
4103222,Bom Sucesso do Sul,2013,3372,196.3,17.18,42116.84
4103222,Bom Sucesso do Sul,2014,3368,196.3,17.16,42495.25
4103222,Bom Sucesso do Sul,2015,3365,196.3,17.14,44330.46
4103222,Bom Sucesso do Sul,2016,3361,196.3,17.12,67165.72
4103222,Bom Sucesso do Sul,2017,3358,196.3,17.11,52370.76
4103222,Bom Sucesso do Sul,2018,3274,196.3,16.68,62892.49
4103222,Bom Sucesso do Sul,2019,3264,196.3,16.63,54459.25
4103222,Bom Sucesso do Sul,2020,3254,196.3,16.58,80643.82
4103222,Bom Sucesso do Sul,2021,3244,196.3,16.53,92495.68
4103222,Bom Sucesso do Sul,2022,3241,196.3,16.51,96959.89
4103222,Bom Sucesso do Sul,2023,3237,196.3,16.49,102411.18
4103222,Bom Sucesso do Sul,2024,3234,196.3,16.47,102506.18
4103222,Bom Sucesso do Sul,2025,3244,196.3,16.53,102190.2
4103222,Bom Sucesso do Sul,2026,3244,196.3,16.53,102190.2
4103305,Borrazópolis,2008,8355,335.2,24.93,10421.18
4103305,Borrazópolis,2009,8235,335.2,24.57,10097.87
4103305,Borrazópolis,2010,7996,335.2,23.85,10835.42
4103305,Borrazópolis,2011,7758,335.2,23.14,13593.97
4103305,Borrazópolis,2012,7641,335.2,22.8,17975.53
4103305,Borrazópolis,2013,7724,335.2,23.04,21820.43
4103305,Borrazópolis,2014,7608,335.2,22.7,18973.05
4103305,Borrazópolis,2015,7497,335.2,22.37,21888.49
4103305,Borrazópolis,2016,7387,335.2,22.04,23501.15
4103305,Borrazópolis,2017,7280,335.2,21.72,22835.44
4103305,Borrazópolis,2018,6749,335.2,20.13,31389.69
4103305,Borrazópolis,2019,6592,335.2,19.67,30001.67
4103305,Borrazópolis,2020,6439,335.2,19.21,35870.32
4103305,Borrazópolis,2021,6290,335.2,18.76,39057.71
4103305,Borrazópolis,2022,6801,335.2,20.29,39696.96
4103305,Borrazópolis,2023,7313,335.2,21.82,40539.45
4103305,Borrazópolis,2024,7824,335.2,23.34,37891.74
4103305,Borrazópolis,2025,7818,335.2,23.32,37920.82
4103305,Borrazópolis,2026,7818,335.2,23.32,37920.82
4103354,Braganey,2008,6213,344.2,18.05,13289.72
4103354,Braganey,2009,6209,344.2,18.04,11935.9
4103354,Braganey,2010,5954,344.2,17.3,13211.96
4103354,Braganey,2011,5700,344.2,16.56,18764.74
4103354,Braganey,2012,5667,344.2,16.46,21895.18
4103354,Braganey,2013,5799,344.2,16.85,27007.07
4103354,Braganey,2014,5770,344.2,16.76,27497.23
4103354,Braganey,2015,5742,344.2,16.68,28388.89
4103354,Braganey,2016,5714,344.2,16.6,31542.7
4103354,Braganey,2017,5687,344.2,16.52,28460.52
4103354,Braganey,2018,5473,344.2,15.9,31363.24
4103354,Braganey,2019,5427,344.2,15.77,32664.64
4103354,Braganey,2020,5382,344.2,15.64,45479.38
4103354,Braganey,2021,5338,344.2,15.51,45246.53
4103354,Braganey,2022,5159,344.2,14.99,49871.29
4103354,Braganey,2023,4981,344.2,14.47,52400.52
4103354,Braganey,2024,4802,344.2,13.95,54353.81
4103354,Braganey,2025,4745,344.2,13.79,55006.74
4103354,Braganey,2026,4745,344.2,13.79,55006.74
4103370,Brasilândia do Sul,2008,3321,291.6,11.39,20942.19
4103370,Brasilândia do Sul,2009,3260,291.6,11.18,15637.12
4103370,Brasilândia do Sul,2010,3208,291.6,11.0,22051.12
4103370,Brasilândia do Sul,2011,3157,291.6,10.83,27204.94
4103370,Brasilândia do Sul,2012,3107,291.6,10.66,28713.87
4103370,Brasilândia do Sul,2013,3136,291.6,10.75,40573.66
4103370,Brasilândia do Sul,2014,3086,291.6,10.58,43292.94
4103370,Brasilândia do Sul,2015,3037,291.6,10.41,48767.86
4103370,Brasilândia do Sul,2016,2990,291.6,10.25,60201.0
4103370,Brasilândia do Sul,2017,2943,291.6,10.09,55552.16
4103370,Brasilândia do Sul,2018,2719,291.6,9.32,70768.3
4103370,Brasilândia do Sul,2019,2651,291.6,9.09,63314.22
4103370,Brasilândia do Sul,2020,2585,291.6,8.86,84205.42
4103370,Brasilândia do Sul,2021,2521,291.6,8.65,109460.13
4103370,Brasilândia do Sul,2022,2957,291.6,10.14,79553.94
4103370,Brasilândia do Sul,2023,3392,291.6,11.63,88040.68
4103370,Brasilândia do Sul,2024,3828,291.6,13.13,78013.06
4103370,Brasilândia do Sul,2025,3861,291.6,13.24,77346.28
4103370,Brasilândia do Sul,2026,3861,291.6,13.24,77346.28
4103404,Cafeara,2008,2821,186.2,15.15,10221.55
4103404,Cafeara,2009,2853,186.2,15.32,12411.5
4103404,Cafeara,2010,2782,186.2,14.94,12471.96
4103404,Cafeara,2011,2712,186.2,14.56,15429.94
4103404,Cafeara,2012,2727,186.2,14.65,16713.24
4103404,Cafeara,2013,2833,186.2,15.21,18231.2
4103404,Cafeara,2014,2853,186.2,15.32,16900.81
4103404,Cafeara,2015,2873,186.2,15.43,18263.49
4103404,Cafeara,2016,2892,186.2,15.53,21749.31
4103404,Cafeara,2017,2911,186.2,15.63,21176.92
4103404,Cafeara,2018,2914,186.2,15.65,23156.14
4103404,Cafeara,2019,2934,186.2,15.76,22167.69
4103404,Cafeara,2020,2954,186.2,15.86,26065.0
4103404,Cafeara,2021,2973,186.2,15.97,38361.59
4103404,Cafeara,2022,2867,186.2,15.4,32721.66
4103404,Cafeara,2023,2761,186.2,14.83,44017.39
4103404,Cafeara,2024,2655,186.2,14.26,45774.76
4103404,Cafeara,2025,2648,186.2,14.22,45895.77
4103404,Cafeara,2026,2648,186.2,14.22,45895.77
4103453,Cafelândia,2008,13776,275.5,50.0,27429.15
4103453,Cafelândia,2009,14034,275.5,50.94,28252.6
4103453,Cafelândia,2010,14484,275.5,52.57,33374.69
4103453,Cafelândia,2011,14933,275.5,54.2,46966.65
4103453,Cafelândia,2012,15194,275.5,55.15,56371.2
4103453,Cafelândia,2013,16020,275.5,58.15,68932.83
4103453,Cafelândia,2014,16321,275.5,59.24,76703.57
4103453,Cafelândia,2015,16611,275.5,60.29,82207.57
4103453,Cafelândia,2016,16896,275.5,61.33,89218.34
4103453,Cafelândia,2017,17175,275.5,62.34,78341.14
4103453,Cafelândia,2018,17775,275.5,64.52,77663.18
4103453,Cafelândia,2019,18120,275.5,65.77,75397.85
4103453,Cafelândia,2020,18456,275.5,66.99,113472.37
4103453,Cafelândia,2021,18783,275.5,68.18,103776.07
4103453,Cafelândia,2022,19137,275.5,69.46,125969.22
4103453,Cafelândia,2023,19490,275.5,70.74,138416.32
4103453,Cafelândia,2024,19844,275.5,72.03,135947.09
4103453,Cafelândia,2025,20145,275.5,73.12,133915.81
4103453,Cafelândia,2026,20145,275.5,73.12,133915.81
4103479,Cafezal do Sul,2008,4348,336.3,12.93,8133.39
4103479,Cafezal do Sul,2009,4313,336.3,12.82,7973.1
4103479,Cafezal do Sul,2010,4288,336.3,12.75,8845.15
4103479,Cafezal do Sul,2011,4263,336.3,12.68,10280.79
4103479,Cafezal do Sul,2012,4236,336.3,12.6,12378.42
4103479,Cafezal do Sul,2013,4334,336.3,12.89,14976.93
4103479,Cafezal do Sul,2014,4310,336.3,12.82,15668.45
4103479,Cafezal do Sul,2015,4288,336.3,12.75,16915.35
4103479,Cafezal do Sul,2016,4266,336.3,12.69,18756.45
4103479,Cafezal do Sul,2017,4245,336.3,12.62,21280.57
4103479,Cafezal do Sul,2018,4080,336.3,12.13,25337.5
4103479,Cafezal do Sul,2019,4044,336.3,12.02,21699.55
4103479,Cafezal do Sul,2020,4009,336.3,11.92,32601.9
4103479,Cafezal do Sul,2021,3975,336.3,11.82,37480.0
4103479,Cafezal do Sul,2022,4170,336.3,12.4,33325.18
4103479,Cafezal do Sul,2023,4366,336.3,12.98,45585.43
4103479,Cafezal do Sul,2024,4561,336.3,13.56,43636.48
4103479,Cafezal do Sul,2025,4580,336.3,13.62,43455.46
4103479,Cafezal do Sul,2026,4580,336.3,13.62,43455.46
4103503,Califórnia,2008,7765,142.1,54.64,7362.78
4103503,Califórnia,2009,7767,142.1,54.66,7710.57
4103503,Califórnia,2010,7934,142.1,55.83,7962.31
4103503,Califórnia,2011,8100,142.1,57.0,9300.37
4103503,Califórnia,2012,8129,142.1,57.21,10291.06
4103503,Califórnia,2013,8423,142.1,59.28,11839.13
4103503,Califórnia,2014,8464,142.1,59.56,12865.55
4103503,Califórnia,2015,8505,142.1,59.85,14202.94
4103503,Califórnia,2016,8545,142.1,60.13,16333.65
4103503,Califórnia,2017,8583,142.1,60.4,19952.0
4103503,Califórnia,2018,8533,142.1,60.05,20864.29
4103503,Califórnia,2019,8570,142.1,60.31,18196.5
4103503,Califórnia,2020,8606,142.1,60.56,25361.14
4103503,Califórnia,2021,8641,142.1,60.81,29302.74
4103503,Califórnia,2022,8734,142.1,61.46,27500.11
4103503,Califórnia,2023,8828,142.1,62.13,28432.15
4103503,Califórnia,2024,8921,142.1,62.78,28135.75
4103503,Califórnia,2025,8963,142.1,63.08,28003.9
4103503,Califórnia,2026,8963,142.1,63.08,28003.9
4103602,Cambará,2008,24902,367.0,67.85,12177.62
4103602,Cambará,2009,25102,367.0,68.4,11531.39
4103602,Cambará,2010,24538,367.0,66.86,13630.78
4103602,Cambará,2011,23974,367.0,65.32,16317.22
4103602,Cambará,2012,24060,367.0,65.56,18015.34
4103602,Cambará,2013,24928,367.0,67.92,20241.13
4103602,Cambará,2014,25051,367.0,68.26,21855.34
4103602,Cambará,2015,25170,367.0,68.58,23409.54
4103602,Cambará,2016,25287,367.0,68.9,26083.72
4103602,Cambará,2017,25401,367.0,69.21,24388.13
4103602,Cambará,2018,25252,367.0,68.81,28586.41
4103602,Cambará,2019,25360,367.0,69.1,30052.92
4103602,Cambará,2020,25466,367.0,69.39,31401.36
4103602,Cambará,2021,25569,367.0,69.67,32032.38
4103602,Cambará,2022,24856,367.0,67.73,39009.74
4103602,Cambará,2023,24143,367.0,65.78,40819.78
4103602,Cambará,2024,23430,367.0,63.84,42061.97
4103602,Cambará,2025,23393,367.0,63.74,42128.5
4103602,Cambará,2026,23393,367.0,63.74,42128.5
4103701,Cambé,2008,96555,496.5,194.47,14879.46
4103701,Cambé,2009,97329,496.5,196.03,15828.04
4103701,Cambé,2010,97360,496.5,196.09,18147.49
4103701,Cambé,2011,97390,496.5,196.15,21653.68
4103701,Cambé,2012,98024,496.5,197.43,26352.39
4103701,Cambé,2013,102222,496.5,205.89,29838.76
4103701,Cambé,2014,103036,496.5,207.52,31622.34
4103701,Cambé,2015,103822,496.5,209.11,34093.69
4103701,Cambé,2016,104592,496.5,210.66,34470.74
4103701,Cambé,2017,105347,496.5,212.18,36469.14
4103701,Cambé,2018,105704,496.5,212.9,36311.69
4103701,Cambé,2019,106533,496.5,214.57,38631.79
4103701,Cambé,2020,107341,496.5,216.2,43344.96
4103701,Cambé,2021,108126,496.5,217.78,46518.89
4103701,Cambé,2022,109087,496.5,219.71,56091.31
4103701,Cambé,2023,110048,496.5,221.65,61529.27
4103701,Cambé,2024,111009,496.5,223.58,60996.61
4103701,Cambé,2025,110923,496.5,223.41,61043.9
4103701,Cambé,2026,110923,496.5,223.41,61043.9
4103800,Cambira,2008,7106,165.3,42.99,11600.34
4103800,Cambira,2009,7142,165.3,43.21,11890.51
4103800,Cambira,2010,7210,165.3,43.62,13335.23
4103800,Cambira,2011,7279,165.3,44.04,15298.12
4103800,Cambira,2012,7319,165.3,44.28,16709.52
4103800,Cambira,2013,7603,165.3,46.0,18081.42
4103800,Cambira,2014,7657,165.3,46.32,22139.87
4103800,Cambira,2015,7708,165.3,46.63,21598.99
4103800,Cambira,2016,7759,165.3,46.94,22991.62
4103800,Cambira,2017,7808,165.3,47.24,23855.66
4103800,Cambira,2018,7813,165.3,47.27,21998.72
4103800,Cambira,2019,7865,165.3,47.58,26043.23
4103800,Cambira,2020,7917,165.3,47.89,31018.06
4103800,Cambira,2021,7967,165.3,48.2,35171.46
4103800,Cambira,2022,8611,165.3,52.09,36543.72
4103800,Cambira,2023,9255,165.3,55.99,37749.0
4103800,Cambira,2024,9899,165.3,59.89,35293.16
4103800,Cambira,2025,10045,165.3,60.77,34780.19
4103800,Cambira,2026,10045,165.3,60.77,34780.19
4103909,Campina da Lagoa,2008,16329,798.4,20.45,12072.75
4103909,Campina da Lagoa,2009,16243,798.4,20.34,11043.9
4103909,Campina da Lagoa,2010,15756,798.4,19.73,11976.45
4103909,Campina da Lagoa,2011,15270,798.4,19.13,14040.8
4103909,Campina da Lagoa,2012,15149,798.4,18.97,17510.86
4103909,Campina da Lagoa,2013,15463,798.4,19.37,20888.31
4103909,Campina da Lagoa,2014,15353,798.4,19.23,23552.01
4103909,Campina da Lagoa,2015,15247,798.4,19.1,24592.05
4103909,Campina da Lagoa,2016,15144,798.4,18.97,29122.49
4103909,Campina da Lagoa,2017,15042,798.4,18.84,26186.81
4103909,Campina da Lagoa,2018,14366,798.4,17.99,28823.05
4103909,Campina da Lagoa,2019,14202,798.4,17.79,29083.58
4103909,Campina da Lagoa,2020,14043,798.4,17.59,39242.47
4103909,Campina da Lagoa,2021,13888,798.4,17.39,41645.52
4103909,Campina da Lagoa,2022,14585,798.4,18.27,41532.19
4103909,Campina da Lagoa,2023,15282,798.4,19.14,44131.79
4103909,Campina da Lagoa,2024,15979,798.4,20.01,42206.77
4103909,Campina da Lagoa,2025,16014,798.4,20.06,42114.52
4103909,Campina da Lagoa,2026,16014,798.4,20.06,42114.52
4103958,Campina do Simão,2008,4284,449.5,9.53,10051.35
4103958,Campina do Simão,2009,4272,449.5,9.5,11279.26
4103958,Campina do Simão,2010,4163,449.5,9.26,10442.71
4103958,Campina do Simão,2011,4054,449.5,9.02,13960.53
4103958,Campina do Simão,2012,4033,449.5,8.97,17513.51
4103958,Campina do Simão,2013,4130,449.5,9.19,19712.83
4103958,Campina do Simão,2014,4113,449.5,9.15,21182.11
4103958,Campina do Simão,2015,4096,449.5,9.11,18052.98
4103958,Campina do Simão,2016,4079,449.5,9.07,20480.51
4103958,Campina do Simão,2017,4062,449.5,9.04,22744.46
4103958,Campina do Simão,2018,3917,449.5,8.71,24117.69
4103958,Campina do Simão,2019,3887,449.5,8.65,26073.06
4103958,Campina do Simão,2020,3859,449.5,8.59,33842.96
4103958,Campina do Simão,2021,3831,449.5,8.52,39250.85
4103958,Campina do Simão,2022,3878,449.5,8.63,43400.21
4103958,Campina do Simão,2023,3926,449.5,8.73,49699.44
4103958,Campina do Simão,2024,3973,449.5,8.84,49111.5
4103958,Campina do Simão,2025,3954,449.5,8.8,49347.5
4103958,Campina do Simão,2026,3954,449.5,8.8,49347.5
4104006,Campina Grande do Sul,2008,36644,540.5,67.8,12322.34
4104006,Campina Grande do Sul,2009,36825,540.5,68.13,14761.96
4104006,Campina Grande do Sul,2010,37958,540.5,70.23,17522.5
4104006,Campina Grande do Sul,2011,39092,540.5,72.33,20714.62
4104006,Campina Grande do Sul,2012,39404,540.5,72.9,22576.52
4104006,Campina Grande do Sul,2013,41060,540.5,75.97,24590.23
4104006,Campina Grande do Sul,2014,41447,540.5,76.68,24822.74
4104006,Campina Grande do Sul,2015,41821,540.5,77.37,26275.36
4104006,Campina Grande do Sul,2016,42187,540.5,78.05,27278.74
4104006,Campina Grande do Sul,2017,42547,540.5,78.72,34863.07
4104006,Campina Grande do Sul,2018,42880,540.5,79.33,36517.49
4104006,Campina Grande do Sul,2019,43288,540.5,80.09,36499.7
4104006,Campina Grande do Sul,2020,43685,540.5,80.82,39982.19
4104006,Campina Grande do Sul,2021,44072,540.5,81.54,49374.3
4104006,Campina Grande do Sul,2022,46038,540.5,85.18,54241.52
4104006,Campina Grande do Sul,2023,48005,540.5,88.82,59822.25
4104006,Campina Grande do Sul,2024,49971,540.5,92.45,57468.67
4104006,Campina Grande do Sul,2025,50600,540.5,93.62,56754.29
4104006,Campina Grande do Sul,2026,50600,540.5,93.62,56754.29
4104055,Campo Bonito,2008,4458,434.9,10.25,18259.08
4104055,Campo Bonito,2009,4385,434.9,10.08,13988.37
4104055,Campo Bonito,2010,4368,434.9,10.04,17475.05
4104055,Campo Bonito,2011,4352,434.9,10.01,22309.28
4104055,Campo Bonito,2012,4299,434.9,9.89,25202.14
4104055,Campo Bonito,2013,4361,434.9,10.03,31630.13
4104055,Campo Bonito,2014,4309,434.9,9.91,29580.41
4104055,Campo Bonito,2015,4259,434.9,9.79,33671.28
4104055,Campo Bonito,2016,4210,434.9,9.68,38668.88
4104055,Campo Bonito,2017,4162,434.9,9.57,36427.2
4104055,Campo Bonito,2018,3905,434.9,8.98,42442.0
4104055,Campo Bonito,2019,3833,434.9,8.81,35635.01
4104055,Campo Bonito,2020,3763,434.9,8.65,63963.59
4104055,Campo Bonito,2021,3694,434.9,8.49,60817.81
4104055,Campo Bonito,2022,3807,434.9,8.75,54608.09
4104055,Campo Bonito,2023,3919,434.9,9.01,60524.88
4104055,Campo Bonito,2024,4032,434.9,9.27,58828.62
4104055,Campo Bonito,2025,3997,434.9,9.19,59343.76
4104055,Campo Bonito,2026,3997,434.9,9.19,59343.76
4104105,Campo do Tenente,2008,6685,305.2,21.9,11224.08
4104105,Campo do Tenente,2009,6715,305.2,22.0,11317.8
4104105,Campo do Tenente,2010,6950,305.2,22.77,15513.38
4104105,Campo do Tenente,2011,7186,305.2,23.55,16486.22
4104105,Campo do Tenente,2012,7245,305.2,23.74,16263.22
4104105,Campo do Tenente,2013,7550,305.2,24.74,20412.32
4104105,Campo do Tenente,2014,7623,305.2,24.98,19846.91
4104105,Campo do Tenente,2015,7693,305.2,25.21,20482.39
4104105,Campo do Tenente,2016,7762,305.2,25.43,20345.14
4104105,Campo do Tenente,2017,7829,305.2,25.65,23428.92
4104105,Campo do Tenente,2018,7894,305.2,25.87,25837.09
4104105,Campo do Tenente,2019,7971,305.2,26.12,25307.24
4104105,Campo do Tenente,2020,8045,305.2,26.36,25691.98
4104105,Campo do Tenente,2021,8118,305.2,26.6,32184.04
4104105,Campo do Tenente,2022,7967,305.2,26.1,39393.37
4104105,Campo do Tenente,2023,7817,305.2,25.61,39231.55
4104105,Campo do Tenente,2024,7666,305.2,25.12,40004.3
4104105,Campo do Tenente,2025,7693,305.2,25.21,39863.9
4104105,Campo do Tenente,2026,7693,305.2,25.21,39863.9
4104204,Campo Largo,2008,110796,1246.2,88.91,12332.39
4104204,Campo Largo,2009,112548,1246.2,90.31,12816.17
4104204,Campo Largo,2010,113215,1246.2,90.85,15487.35
4104204,Campo Largo,2011,113882,1246.2,91.38,19524.96
4104204,Campo Largo,2012,115336,1246.2,92.55,22455.56
4104204,Campo Largo,2013,120730,1246.2,96.88,28840.31
4104204,Campo Largo,2014,122443,1246.2,98.25,29514.7
4104204,Campo Largo,2015,124098,1246.2,99.58,28926.49
4104204,Campo Largo,2016,125719,1246.2,100.88,30313.32
4104204,Campo Largo,2017,127309,1246.2,102.16,32623.32
4104204,Campo Largo,2018,130091,1246.2,104.39,33305.26
4104204,Campo Largo,2019,132002,1246.2,105.92,35795.99
4104204,Campo Largo,2020,133865,1246.2,107.42,35251.83
4104204,Campo Largo,2021,135678,1246.2,108.87,42255.83
4104204,Campo Largo,2022,138017,1246.2,110.75,44331.29
4104204,Campo Largo,2023,140356,1246.2,112.63,50374.71
4104204,Campo Largo,2024,142695,1246.2,114.5,49548.99
4104204,Campo Largo,2025,144504,1246.2,115.96,48928.7
4104204,Campo Largo,2026,144504,1246.2,115.96,48928.7
4104253,Campo Magro,2008,23328,276.0,84.52,6940.93
4104253,Campo Magro,2009,23607,276.0,85.53,7803.53
4104253,Campo Magro,2010,24396,276.0,88.39,8603.58
4104253,Campo Magro,2011,25184,276.0,91.25,8973.24
4104253,Campo Magro,2012,25513,276.0,92.44,9973.97
4104253,Campo Magro,2013,26755,276.0,96.94,10382.13
4104253,Campo Magro,2014,27143,276.0,98.34,10785.32
4104253,Campo Magro,2015,27517,276.0,99.7,11730.97
4104253,Campo Magro,2016,27884,276.0,101.03,12763.66
4104253,Campo Magro,2017,28244,276.0,102.33,14754.99
4104253,Campo Magro,2018,28885,276.0,104.66,14644.8
4104253,Campo Magro,2019,29318,276.0,106.22,14830.1
4104253,Campo Magro,2020,29740,276.0,107.75,16884.94
4104253,Campo Magro,2021,30151,276.0,109.24,17962.95
4104253,Campo Magro,2022,30619,276.0,110.94,19331.17
4104253,Campo Magro,2023,31087,276.0,112.63,22536.2
4104253,Campo Magro,2024,31555,276.0,114.33,22201.96
4104253,Campo Magro,2025,31888,276.0,115.54,21970.11
4104253,Campo Magro,2026,31888,276.0,115.54,21970.11
4104303,Campo Mourão,2008,85460,751.3,113.75,17992.36
4104303,Campo Mourão,2009,85896,751.3,114.33,20355.21
4104303,Campo Mourão,2010,86803,751.3,115.54,19611.34
4104303,Campo Mourão,2011,87710,751.3,116.74,23072.02
4104303,Campo Mourão,2012,88209,751.3,117.41,25793.86
4104303,Campo Mourão,2013,91648,751.3,121.99,27727.16
4104303,Campo Mourão,2014,92300,751.3,122.85,31777.3
4104303,Campo Mourão,2015,92930,751.3,123.69,33176.18
4104303,Campo Mourão,2016,93547,751.3,124.51,35947.64
4104303,Campo Mourão,2017,94153,751.3,125.32,36501.74
4104303,Campo Mourão,2018,94212,751.3,125.4,41534.92
4104303,Campo Mourão,2019,94859,751.3,126.26,40806.93
4104303,Campo Mourão,2020,95488,751.3,127.1,48056.7
4104303,Campo Mourão,2021,96102,751.3,127.91,53560.9
4104303,Campo Mourão,2022,98515,751.3,131.13,57836.05
4104303,Campo Mourão,2023,100927,751.3,134.34,59368.73
4104303,Campo Mourão,2024,103340,751.3,137.55,57982.47
4104303,Campo Mourão,2025,104122,751.3,138.59,57546.99
4104303,Campo Mourão,2026,104122,751.3,138.59,57546.99
4104402,Cândido de Abreu,2008,18179,1513.0,12.02,7627.15
4104402,Cândido de Abreu,2009,18100,1513.0,11.96,9039.23
4104402,Cândido de Abreu,2010,17296,1513.0,11.43,7886.97
4104402,Cândido de Abreu,2011,16491,1513.0,10.9,10301.5
4104402,Cândido de Abreu,2012,16332,1513.0,10.79,11854.52
4104402,Cândido de Abreu,2013,16633,1513.0,10.99,15371.67
4104402,Cândido de Abreu,2014,16484,1513.0,10.89,16354.22
4104402,Cândido de Abreu,2015,16339,1513.0,10.8,16117.14
4104402,Cândido de Abreu,2016,16198,1513.0,10.71,18534.76
4104402,Cândido de Abreu,2017,16059,1513.0,10.61,18481.47
4104402,Cândido de Abreu,2018,15233,1513.0,10.07,20862.14
4104402,Cândido de Abreu,2019,15018,1513.0,9.93,21631.24
4104402,Cândido de Abreu,2020,14809,1513.0,9.79,26109.66
4104402,Cândido de Abreu,2021,14606,1513.0,9.65,28867.38
4104402,Cândido de Abreu,2022,14822,1513.0,9.8,31509.65
4104402,Cândido de Abreu,2023,15039,1513.0,9.94,31600.17
4104402,Cândido de Abreu,2024,15255,1513.0,10.08,31152.74
4104402,Cândido de Abreu,2025,15081,1513.0,9.97,31512.17
4104402,Cândido de Abreu,2026,15081,1513.0,9.97,31512.17
4104428,Candói,2008,16090,1515.8,10.61,14620.26
4104428,Candói,2009,16271,1515.8,10.73,12564.81
4104428,Candói,2010,15658,1515.8,10.33,14090.05
4104428,Candói,2011,15045,1515.8,9.93,17151.68
4104428,Candói,2012,15104,1515.8,9.96,19704.12
4104428,Candói,2013,15657,1515.8,10.33,24338.25
4104428,Candói,2014,15741,1515.8,10.38,24417.38
4104428,Candói,2015,15822,1515.8,10.44,25775.57
4104428,Candói,2016,15901,1515.8,10.49,30613.42
4104428,Candói,2017,15978,1515.8,10.54,29955.81
4104428,Candói,2018,15903,1515.8,10.49,32013.14
4104428,Candói,2019,15979,1515.8,10.54,30799.24
4104428,Candói,2020,16053,1515.8,10.59,45146.83
4104428,Candói,2021,16126,1515.8,10.64,52712.89
4104428,Candói,2022,15809,1515.8,10.43,58122.59
4104428,Candói,2023,15491,1515.8,10.22,58191.79
4104428,Candói,2024,15174,1515.8,10.01,59407.47
4104428,Candói,2025,15174,1515.8,10.01,59407.47
4104428,Candói,2026,15174,1515.8,10.01,59407.47
4104451,Cantagalo,2008,12750,584.4,21.82,8070.12
4104451,Cantagalo,2009,12733,584.4,21.79,8909.92
4104451,Cantagalo,2010,12848,584.4,21.98,8586.47
4104451,Cantagalo,2011,12963,584.4,22.18,10102.29
4104451,Cantagalo,2012,12974,584.4,22.2,11631.88
4104451,Cantagalo,2013,13396,584.4,22.92,13415.12
4104451,Cantagalo,2014,13424,584.4,22.97,13693.46
4104451,Cantagalo,2015,13452,584.4,23.02,14419.57
4104451,Cantagalo,2016,13478,584.4,23.06,17230.08
4104451,Cantagalo,2017,13505,584.4,23.11,17484.34
4104451,Cantagalo,2018,13306,584.4,22.77,19379.0
4104451,Cantagalo,2019,13317,584.4,22.79,19093.79
4104451,Cantagalo,2020,13329,584.4,22.81,22946.81
4104451,Cantagalo,2021,13340,584.4,22.83,25183.21
4104451,Cantagalo,2022,12493,584.4,21.38,29367.49
4104451,Cantagalo,2023,11646,584.4,19.93,33173.19
4104451,Cantagalo,2024,10799,584.4,18.48,35775.07
4104451,Cantagalo,2025,10672,584.4,18.26,36200.81
4104451,Cantagalo,2026,10672,584.4,18.26,36200.81
4104501,Capanema,2008,18655,419.8,44.44,12640.1
4104501,Capanema,2009,18681,419.8,44.5,13428.24
4104501,Capanema,2010,18615,419.8,44.34,14897.5
4104501,Capanema,2011,18549,419.8,44.19,16508.76
4104501,Capanema,2012,18570,419.8,44.24,17298.06
4104501,Capanema,2013,19182,419.8,45.69,26824.63
4104501,Capanema,2014,19229,419.8,45.81,25250.56
4104501,Capanema,2015,19275,419.8,45.91,25287.73
4104501,Capanema,2016,19320,419.8,46.02,34176.5
4104501,Capanema,2017,19364,419.8,46.13,34041.78
4104501,Capanema,2018,19099,419.8,45.5,32451.86
4104501,Capanema,2019,19124,419.8,45.56,30804.85
4104501,Capanema,2020,19148,419.8,45.61,41802.43
4104501,Capanema,2021,19172,419.8,45.67,57724.39
4104501,Capanema,2022,19789,419.8,47.14,60972.66
4104501,Capanema,2023,20405,419.8,48.61,78053.47
4104501,Capanema,2024,21022,419.8,50.08,75762.58
4104501,Capanema,2025,21088,419.8,50.23,75525.46
4104501,Capanema,2026,21088,419.8,50.23,75525.46
4104600,Capitão Leônidas Marques,2008,13929,280.6,49.64,40617.2
4104600,Capitão Leônidas Marques,2009,13870,280.6,49.43,44543.62
4104600,Capitão Leônidas Marques,2010,14443,280.6,51.47,48993.63
4104600,Capitão Leônidas Marques,2011,15016,280.6,53.51,51192.73
4104600,Capitão Leônidas Marques,2012,15060,280.6,53.67,61806.77
4104600,Capitão Leônidas Marques,2013,15592,280.6,55.57,68901.87
4104600,Capitão Leônidas Marques,2014,15659,280.6,55.81,49645.32
4104600,Capitão Leônidas Marques,2015,15724,280.6,56.04,64120.64
4104600,Capitão Leônidas Marques,2016,15788,280.6,56.27,94458.7
4104600,Capitão Leônidas Marques,2017,15850,280.6,56.49,74843.6
4104600,Capitão Leônidas Marques,2018,15724,280.6,56.04,74161.79
4104600,Capitão Leônidas Marques,2019,15780,280.6,56.24,81455.39
4104600,Capitão Leônidas Marques,2020,15834,280.6,56.43,88039.47
4104600,Capitão Leônidas Marques,2021,15887,280.6,56.62,79028.51
4104600,Capitão Leônidas Marques,2022,15523,280.6,55.32,74993.36
4104600,Capitão Leônidas Marques,2023,15160,280.6,54.03,85766.49
4104600,Capitão Leônidas Marques,2024,14796,280.6,52.73,87876.45
4104600,Capitão Leônidas Marques,2025,14776,280.6,52.66,87995.4
4104600,Capitão Leônidas Marques,2026,14776,280.6,52.66,87995.4
4104659,Carambeí,2008,17301,651.0,26.58,37829.89
4104659,Carambeí,2009,17537,651.0,26.94,40803.73
4104659,Carambeí,2010,18516,651.0,28.44,35887.5
4104659,Carambeí,2011,19494,651.0,29.94,41174.72
4104659,Carambeí,2012,19813,651.0,30.43,47559.43
4104659,Carambeí,2013,20863,651.0,32.05,50624.12
4104659,Carambeí,2014,21233,651.0,32.62,51244.85
4104659,Carambeí,2015,21590,651.0,33.16,54906.72
4104659,Carambeí,2016,21939,651.0,33.7,59647.43
4104659,Carambeí,2017,22282,651.0,34.23,57664.08
4104659,Carambeí,2018,22993,651.0,35.32,56774.19
4104659,Carambeí,2019,23415,651.0,35.97,63589.96
4104659,Carambeí,2020,23825,651.0,36.6,61249.95
4104659,Carambeí,2021,24225,651.0,37.21,65173.7
4104659,Carambeí,2022,24203,651.0,37.18,75605.88
4104659,Carambeí,2023,24181,651.0,37.14,82291.72
4104659,Carambeí,2024,24159,651.0,37.11,82366.65
4104659,Carambeí,2025,24469,651.0,37.59,81323.14
4104659,Carambeí,2026,24469,651.0,37.59,81323.14
4104709,Carlópolis,2008,13566,452.5,29.98,9406.9
4104709,Carlópolis,2009,13581,452.5,30.01,8946.25
4104709,Carlópolis,2010,13659,452.5,30.19,13836.08
4104709,Carlópolis,2011,13737,452.5,30.36,15025.19
4104709,Carlópolis,2012,13767,452.5,30.42,16025.13
4104709,Carlópolis,2013,14239,452.5,31.47,15869.65
4104709,Carlópolis,2014,14289,452.5,31.58,16586.82
4104709,Carlópolis,2015,14337,452.5,31.68,20703.29
4104709,Carlópolis,2016,14384,452.5,31.79,19282.54
4104709,Carlópolis,2017,14431,452.5,31.89,18628.44
4104709,Carlópolis,2018,14283,452.5,31.56,23990.27
4104709,Carlópolis,2019,14320,452.5,31.65,24445.39
4104709,Carlópolis,2020,14356,452.5,31.73,28004.95
4104709,Carlópolis,2021,14391,452.5,31.8,31869.78
4104709,Carlópolis,2022,15450,452.5,34.14,34541.1
4104709,Carlópolis,2023,16508,452.5,36.48,34880.91
4104709,Carlópolis,2024,17567,452.5,38.82,32778.16
4104709,Carlópolis,2025,17788,452.5,39.31,32370.92
4104709,Carlópolis,2026,17788,452.5,39.31,32370.92
4104808,Cascavel,2008,291747,2095.1,139.25,15485.62
4104808,Cascavel,2009,296254,2095.1,141.4,16810.26
4104808,Cascavel,2010,292797,2095.1,139.75,18159.55
4104808,Cascavel,2011,289340,2095.1,138.1,21799.46
4104808,Cascavel,2012,292372,2095.1,139.55,24670.59
4104808,Cascavel,2013,305615,2095.1,145.87,27594.99
4104808,Cascavel,2014,309259,2095.1,147.61,30613.85
4104808,Cascavel,2015,312778,2095.1,149.29,32381.5
4104808,Cascavel,2016,316226,2095.1,150.94,34205.66
4104808,Cascavel,2017,319608,2095.1,152.55,35600.54
4104808,Cascavel,2018,324476,2095.1,154.87,37731.74
4104808,Cascavel,2019,328454,2095.1,156.77,38341.24
4104808,Cascavel,2020,332333,2095.1,158.62,42599.97
4104808,Cascavel,2021,336073,2095.1,160.41,46974.63
4104808,Cascavel,2022,345417,2095.1,164.87,52399.83
4104808,Cascavel,2023,354760,2095.1,169.33,54132.87
4104808,Cascavel,2024,364104,2095.1,173.79,52743.66
4104808,Cascavel,2025,368195,2095.1,175.74,52157.63
4104808,Cascavel,2026,368195,2095.1,175.74,52157.63
4104907,Castro,2008,67708,2536.4,26.69,15131.76
4104907,Castro,2009,68071,2536.4,26.84,16317.58
4104907,Castro,2010,67712,2536.4,26.7,16440.51
4104907,Castro,2011,67353,2536.4,26.55,19724.99
4104907,Castro,2012,67613,2536.4,26.66,25189.28
4104907,Castro,2013,70086,2536.4,27.63,28597.32
4104907,Castro,2014,70454,2536.4,27.78,30219.05
4104907,Castro,2015,70810,2536.4,27.92,31935.12
4104907,Castro,2016,71159,2536.4,28.06,35208.98
4104907,Castro,2017,71501,2536.4,28.19,37198.91
4104907,Castro,2018,71151,2536.4,28.05,39626.95
4104907,Castro,2019,71484,2536.4,28.18,38680.74
4104907,Castro,2020,71809,2536.4,28.31,45858.25
4104907,Castro,2021,72125,2536.4,28.44,50345.32
4104907,Castro,2022,73180,2536.4,28.85,58416.96
4104907,Castro,2023,74236,2536.4,29.27,60853.24
4104907,Castro,2024,75291,2536.4,29.68,60000.54
4104907,Castro,2025,75644,2536.4,29.82,59720.55
4104907,Castro,2026,75644,2536.4,29.82,59720.55
4105003,Catanduvas,2008,9751,581.4,16.77,13931.8
4105003,Catanduvas,2009,9673,581.4,16.64,12943.35
4105003,Catanduvas,2010,9930,581.4,17.08,13779.66
4105003,Catanduvas,2011,10186,581.4,17.52,16159.04
4105003,Catanduvas,2012,10169,581.4,17.49,15861.64
4105003,Catanduvas,2013,10467,581.4,18.0,20482.47
4105003,Catanduvas,2014,10463,581.4,18.0,20074.93
4105003,Catanduvas,2015,10459,581.4,17.99,21276.8
4105003,Catanduvas,2016,10455,581.4,17.98,26101.39
4105003,Catanduvas,2017,10451,581.4,17.98,24849.97
4105003,Catanduvas,2018,10213,581.4,17.57,26803.19
4105003,Catanduvas,2019,10189,581.4,17.52,23828.54
4105003,Catanduvas,2020,10167,581.4,17.49,34221.01
4105003,Catanduvas,2021,10144,581.4,17.45,35089.81
4105003,Catanduvas,2022,10305,581.4,17.72,39592.62
4105003,Catanduvas,2023,10466,581.4,18.0,39526.56
4105003,Catanduvas,2024,10627,581.4,18.28,38927.73
4105003,Catanduvas,2025,10621,581.4,18.27,38949.72
4105003,Catanduvas,2026,10621,581.4,18.27,38949.72
4105102,Centenário do Sul,2008,11515,372.8,30.89,6473.47
4105102,Centenário do Sul,2009,11474,372.8,30.78,7102.93
4105102,Centenário do Sul,2010,11308,372.8,30.33,8467.63
4105102,Centenário do Sul,2011,11142,372.8,29.89,10234.52
4105102,Centenário do Sul,2012,11096,372.8,29.76,11910.42
4105102,Centenário do Sul,2013,11382,372.8,30.53,12980.58
4105102,Centenário do Sul,2014,11346,372.8,30.43,12541.16
4105102,Centenário do Sul,2015,11312,372.8,30.34,15652.76
4105102,Centenário do Sul,2016,11279,372.8,30.25,18487.63
4105102,Centenário do Sul,2017,11246,372.8,30.17,19823.49
4105102,Centenário do Sul,2018,10891,372.8,29.21,20942.61
4105102,Centenário do Sul,2019,10827,372.8,29.04,19798.28
4105102,Centenário do Sul,2020,10764,372.8,28.87,25679.3
4105102,Centenário do Sul,2021,10704,372.8,28.71,41152.75
4105102,Centenário do Sul,2022,10781,372.8,28.92,31445.88
4105102,Centenário do Sul,2023,10859,372.8,29.13,34674.0
4105102,Centenário do Sul,2024,10936,372.8,29.33,34429.86
4105102,Centenário do Sul,2025,10903,372.8,29.25,34534.07
4105102,Centenário do Sul,2026,10903,372.8,29.25,34534.07
4105201,Cerro Azul,2008,18460,1344.1,13.73,5716.74
4105201,Cerro Azul,2009,18660,1344.1,13.88,6522.83
4105201,Cerro Azul,2010,17822,1344.1,13.26,8063.29
4105201,Cerro Azul,2011,16983,1344.1,12.64,9068.54
4105201,Cerro Azul,2012,17027,1344.1,12.67,10099.2
4105201,Cerro Azul,2013,17619,1344.1,13.11,11624.27
4105201,Cerro Azul,2014,17689,1344.1,13.16,12208.6
4105201,Cerro Azul,2015,17755,1344.1,13.21,13072.37
4105201,Cerro Azul,2016,17821,1344.1,13.26,14724.43
4105201,Cerro Azul,2017,17885,1344.1,13.31,17862.96
4105201,Cerro Azul,2018,17725,1344.1,13.19,17862.34
4105201,Cerro Azul,2019,17779,1344.1,13.23,18083.86
4105201,Cerro Azul,2020,17833,1344.1,13.27,19685.36
4105201,Cerro Azul,2021,17884,1344.1,13.31,22650.75
4105201,Cerro Azul,2022,17336,1344.1,12.9,19650.61
4105201,Cerro Azul,2023,16788,1344.1,12.49,22278.41
4105201,Cerro Azul,2024,16240,1344.1,12.08,23030.17
4105201,Cerro Azul,2025,16287,1344.1,12.12,22963.71
4105201,Cerro Azul,2026,16287,1344.1,12.12,22963.71
4105300,Céu Azul,2008,11332,1181.4,9.59,26310.89
4105300,Céu Azul,2009,11413,1181.4,9.66,23706.74
4105300,Céu Azul,2010,11246,1181.4,9.52,23850.35
4105300,Céu Azul,2011,11078,1181.4,9.38,27303.3
4105300,Céu Azul,2012,11121,1181.4,9.41,29345.47
4105300,Céu Azul,2013,11528,1181.4,9.76,37128.04
4105300,Céu Azul,2014,11589,1181.4,9.81,39628.18
4105300,Céu Azul,2015,11649,1181.4,9.86,42518.07
4105300,Céu Azul,2016,11707,1181.4,9.91,49159.22
4105300,Céu Azul,2017,11764,1181.4,9.96,49504.17
4105300,Céu Azul,2018,11709,1181.4,9.91,54748.57
4105300,Céu Azul,2019,11765,1181.4,9.96,51482.19
4105300,Céu Azul,2020,11819,1181.4,10.0,68183.26
4105300,Céu Azul,2021,11872,1181.4,10.05,79410.21
4105300,Céu Azul,2022,11665,1181.4,9.87,80334.42
4105300,Céu Azul,2023,11458,1181.4,9.7,93435.42
4105300,Céu Azul,2024,11251,1181.4,9.52,95154.48
4105300,Céu Azul,2025,11255,1181.4,9.53,95120.66
4105300,Céu Azul,2026,11255,1181.4,9.53,95120.66
4105409,Chopinzinho,2008,19628,961.5,20.41,12347.06
4105409,Chopinzinho,2009,19517,961.5,20.3,13629.45
4105409,Chopinzinho,2010,19565,961.5,20.35,13053.16
4105409,Chopinzinho,2011,19613,961.5,20.4,16415.34
4105409,Chopinzinho,2012,19549,961.5,20.33,17566.17
4105409,Chopinzinho,2013,20077,961.5,20.88,22063.75
4105409,Chopinzinho,2014,20034,961.5,20.84,25046.22
4105409,Chopinzinho,2015,19992,961.5,20.79,25503.75
4105409,Chopinzinho,2016,19951,961.5,20.75,30420.68
4105409,Chopinzinho,2017,19911,961.5,20.71,31541.51
4105409,Chopinzinho,2018,19343,961.5,20.12,34096.16
4105409,Chopinzinho,2019,19254,961.5,20.02,34534.8
4105409,Chopinzinho,2020,19167,961.5,19.93,44249.23
4105409,Chopinzinho,2021,19083,961.5,19.85,47648.22
4105409,Chopinzinho,2022,19908,961.5,20.71,48662.25
4105409,Chopinzinho,2023,20734,961.5,21.56,57700.4
4105409,Chopinzinho,2024,21559,961.5,22.42,55492.37
4105409,Chopinzinho,2025,21604,961.5,22.47,55376.78
4105409,Chopinzinho,2026,21604,961.5,22.47,55376.78
4105508,Cianorte,2008,67637,813.7,83.12,13315.35
4105508,Cianorte,2009,68629,813.7,84.34,15695.17
4105508,Cianorte,2010,69776,813.7,85.75,17378.17
4105508,Cianorte,2011,70922,813.7,87.16,20148.33
4105508,Cianorte,2012,71855,813.7,88.31,22975.16
4105508,Cianorte,2013,75360,813.7,92.61,26193.72
4105508,Cianorte,2014,76456,813.7,93.96,28855.51
4105508,Cianorte,2015,77515,813.7,95.26,30247.54
4105508,Cianorte,2016,78553,813.7,96.54,31722.0
4105508,Cianorte,2017,79571,813.7,97.79,34145.08
4105508,Cianorte,2018,81393,813.7,100.03,32662.62
4105508,Cianorte,2019,82620,813.7,101.54,34335.1
4105508,Cianorte,2020,83816,813.7,103.01,32065.25
4105508,Cianorte,2021,84980,813.7,104.44,35769.78
4105508,Cianorte,2022,84106,813.7,103.36,41586.78
4105508,Cianorte,2023,83233,813.7,102.29,47898.03
4105508,Cianorte,2024,82359,813.7,101.22,48406.33
4105508,Cianorte,2025,82988,813.7,101.99,48039.44
4105508,Cianorte,2026,82988,813.7,101.99,48039.44
4105607,Cidade Gaúcha,2008,10944,403.9,27.1,10901.22
4105607,Cidade Gaúcha,2009,11079,403.9,27.43,12519.27
4105607,Cidade Gaúcha,2010,11130,403.9,27.56,12934.5
4105607,Cidade Gaúcha,2011,11180,403.9,27.68,17294.36
4105607,Cidade Gaúcha,2012,11294,403.9,27.96,18319.99
4105607,Cidade Gaúcha,2013,11800,403.9,29.22,22787.54
4105607,Cidade Gaúcha,2014,11937,403.9,29.55,24710.98
4105607,Cidade Gaúcha,2015,12069,403.9,29.88,23843.73
4105607,Cidade Gaúcha,2016,12199,403.9,30.2,26655.46
4105607,Cidade Gaúcha,2017,12326,403.9,30.52,31618.29
4105607,Cidade Gaúcha,2018,12503,403.9,30.96,33163.56
4105607,Cidade Gaúcha,2019,12652,403.9,31.32,32708.5
4105607,Cidade Gaúcha,2020,12797,403.9,31.68,32934.98
4105607,Cidade Gaúcha,2021,12939,403.9,32.04,33346.7
4105607,Cidade Gaúcha,2022,12521,403.9,31.0,40427.44
4105607,Cidade Gaúcha,2023,12102,403.9,29.96,51274.5
4105607,Cidade Gaúcha,2024,11684,403.9,28.93,53108.87
4105607,Cidade Gaúcha,2025,11705,403.9,28.98,53013.58
4105607,Cidade Gaúcha,2026,11705,403.9,28.98,53013.58
4105706,Clevelândia,2008,18041,705.2,25.58,14129.65
4105706,Clevelândia,2009,17995,705.2,25.52,12242.73
4105706,Clevelândia,2010,17576,705.2,24.92,10570.38
4105706,Clevelândia,2011,17156,705.2,24.33,13271.86
4105706,Clevelândia,2012,17075,705.2,24.21,16344.71
4105706,Clevelândia,2013,17501,705.2,24.82,22994.06
4105706,Clevelândia,2014,17436,705.2,24.72,22073.3
4105706,Clevelândia,2015,17373,705.2,24.64,23756.58
4105706,Clevelândia,2016,17311,705.2,24.55,26782.62
4105706,Clevelândia,2017,17250,705.2,24.46,29012.99
4105706,Clevelândia,2018,16671,705.2,23.64,27935.64
4105706,Clevelândia,2019,16559,705.2,23.48,31016.79
4105706,Clevelândia,2020,16450,705.2,23.33,36293.92
4105706,Clevelândia,2021,16344,705.2,23.18,51271.41
4105706,Clevelândia,2022,15888,705.2,22.53,51749.37
4105706,Clevelândia,2023,15431,705.2,21.88,59333.48
4105706,Clevelândia,2024,14975,705.2,21.24,61140.23
4105706,Clevelândia,2025,14833,705.2,21.03,61725.54
4105706,Clevelândia,2026,14833,705.2,21.03,61725.54
4105805,Colombo,2008,241505,198.0,1219.72,7524.37
4105805,Colombo,2009,247268,198.0,1248.83,8411.79
4105805,Colombo,2010,231255,198.0,1167.95,10207.78
4105805,Colombo,2011,215242,198.0,1087.08,12834.48
4105805,Colombo,2012,217443,198.0,1098.2,15015.9
4105805,Colombo,2013,227220,198.0,1147.58,16688.91
4105805,Colombo,2014,229872,198.0,1160.97,18592.33
4105805,Colombo,2015,232432,198.0,1173.9,18901.07
4105805,Colombo,2016,234941,198.0,1186.57,19943.8
4105805,Colombo,2017,237402,198.0,1199.0,19945.74
4105805,Colombo,2018,240840,198.0,1216.36,21682.23
4105805,Colombo,2019,243726,198.0,1230.94,22145.12
4105805,Colombo,2020,246540,198.0,1245.15,20199.49
4105805,Colombo,2021,249277,198.0,1258.97,22841.54
4105805,Colombo,2022,246425,198.0,1244.57,25834.55
4105805,Colombo,2023,243572,198.0,1230.16,31321.23
4105805,Colombo,2024,240720,198.0,1215.76,31692.32
4105805,Colombo,2025,241672,198.0,1220.57,31567.48
4105805,Colombo,2026,241672,198.0,1220.57,31567.48
4105904,Colorado,2008,21729,408.5,53.19,12821.67
4105904,Colorado,2009,21789,408.5,53.34,15819.59
4105904,Colorado,2010,22120,408.5,54.15,16571.47
4105904,Colorado,2011,22452,408.5,54.96,17479.42
4105904,Colorado,2012,22555,408.5,55.21,19010.55
4105904,Colorado,2013,23402,408.5,57.29,21094.78
4105904,Colorado,2014,23542,408.5,57.63,24872.78
4105904,Colorado,2015,23678,408.5,57.96,24938.0
4105904,Colorado,2016,23811,408.5,58.29,24492.55
4105904,Colorado,2017,23941,408.5,58.61,26044.69
4105904,Colorado,2018,23879,408.5,58.46,25897.9
4105904,Colorado,2019,24012,408.5,58.78,29075.13
4105904,Colorado,2020,24145,408.5,59.11,29705.61
4105904,Colorado,2021,24271,408.5,59.41,32807.34
4105904,Colorado,2022,23940,408.5,58.6,39604.3
4105904,Colorado,2023,23609,408.5,57.79,49628.87
4105904,Colorado,2024,23278,408.5,56.98,50334.56
4105904,Colorado,2025,23313,408.5,57.07,50259.0
4105904,Colorado,2026,23313,408.5,57.07,50259.0
4106001,Congonhinhas,2008,8931,537.1,16.63,10441.16
4106001,Congonhinhas,2009,9035,537.1,16.82,8864.97
4106001,Congonhinhas,2010,8674,537.1,16.15,9736.57
4106001,Congonhinhas,2011,8312,537.1,15.48,13218.48
4106001,Congonhinhas,2012,8344,537.1,15.54,13823.35
4106001,Congonhinhas,2013,8648,537.1,16.1,17152.98
4106001,Congonhinhas,2014,8693,537.1,16.19,14435.64
4106001,Congonhinhas,2015,8736,537.1,16.27,18228.82
4106001,Congonhinhas,2016,8779,537.1,16.35,19967.19
4106001,Congonhinhas,2017,8821,537.1,16.42,21643.46
4106001,Congonhinhas,2018,8777,537.1,16.34,23435.0
4106001,Congonhinhas,2019,8818,537.1,16.42,22623.72
4106001,Congonhinhas,2020,8857,537.1,16.49,29837.64
4106001,Congonhinhas,2021,8896,537.1,16.56,32106.23
4106001,Congonhinhas,2022,8745,537.1,16.28,37845.05
4106001,Congonhinhas,2023,8593,537.1,16.0,36019.67
4106001,Congonhinhas,2024,8442,537.1,15.72,36663.94
4106001,Congonhinhas,2025,8445,537.1,15.72,36650.92
4106001,Congonhinhas,2026,8445,537.1,15.72,36650.92
4106100,Conselheiro Mairinck,2008,3681,205.1,17.95,10257.0
4106100,Conselheiro Mairinck,2009,3700,205.1,18.04,9180.81
4106100,Conselheiro Mairinck,2010,3675,205.1,17.92,11338.5
4106100,Conselheiro Mairinck,2011,3650,205.1,17.8,12878.63
4106100,Conselheiro Mairinck,2012,3663,205.1,17.86,15380.02
4106100,Conselheiro Mairinck,2013,3794,205.1,18.5,17345.28
4106100,Conselheiro Mairinck,2014,3813,205.1,18.59,19671.39
4106100,Conselheiro Mairinck,2015,3831,205.1,18.68,22968.15
4106100,Conselheiro Mairinck,2016,3849,205.1,18.77,26472.59
4106100,Conselheiro Mairinck,2017,3866,205.1,18.85,25594.93
4106100,Conselheiro Mairinck,2018,3843,205.1,18.74,24756.18
4106100,Conselheiro Mairinck,2019,3860,205.1,18.82,27050.52
4106100,Conselheiro Mairinck,2020,3876,205.1,18.9,30422.6
4106100,Conselheiro Mairinck,2021,3891,205.1,18.97,39173.73
4106100,Conselheiro Mairinck,2022,3756,205.1,18.31,48706.07
4106100,Conselheiro Mairinck,2023,3621,205.1,17.65,46612.81
4106100,Conselheiro Mairinck,2024,3486,205.1,17.0,48417.96
4106100,Conselheiro Mairinck,2025,3474,205.1,16.94,48585.2
4106100,Conselheiro Mairinck,2026,3474,205.1,16.94,48585.2
4106209,Contenda,2008,15509,299.6,51.77,9773.74
4106209,Contenda,2009,15728,299.6,52.5,10608.41
4106209,Contenda,2010,15912,299.6,53.11,10156.99
4106209,Contenda,2011,16095,299.6,53.72,11724.95
4106209,Contenda,2012,16292,299.6,54.38,11826.6
4106209,Contenda,2013,17067,299.6,56.97,14279.96
4106209,Contenda,2014,17300,299.6,57.74,14512.2
4106209,Contenda,2015,17525,299.6,58.49,17276.52
4106209,Contenda,2016,17745,299.6,59.23,19409.52
4106209,Contenda,2017,17961,299.6,59.95,21139.97
4106209,Contenda,2018,18326,299.6,61.17,21848.03
4106209,Contenda,2019,18584,299.6,62.03,21691.62
4106209,Contenda,2020,18837,299.6,62.87,23932.37
4106209,Contenda,2021,19082,299.6,63.69,29220.05
4106209,Contenda,2022,19330,299.6,64.52,32033.26
4106209,Contenda,2023,19579,299.6,65.35,32065.89
4106209,Contenda,2024,19827,299.6,66.18,31664.8
4106209,Contenda,2025,20006,299.6,66.78,31381.49
4106209,Contenda,2026,20006,299.6,66.78,31381.49
4106308,Corbélia,2008,15858,530.3,29.9,17049.12
4106308,Corbélia,2009,15850,530.3,29.89,16655.33
4106308,Corbélia,2010,16101,530.3,30.36,18297.19
4106308,Corbélia,2011,16352,530.3,30.84,21199.67
4106308,Corbélia,2012,16389,530.3,30.91,23939.47
4106308,Corbélia,2013,16954,530.3,31.97,29420.79
4106308,Corbélia,2014,17016,530.3,32.09,30859.6
4106308,Corbélia,2015,17076,530.3,32.2,33653.61
4106308,Corbélia,2016,17135,530.3,32.31,35603.27
4106308,Corbélia,2017,17193,530.3,32.42,33683.01
4106308,Corbélia,2018,17024,530.3,32.1,35814.14
4106308,Corbélia,2019,17071,530.3,32.19,39545.14
4106308,Corbélia,2020,17117,530.3,32.28,60243.15
4106308,Corbélia,2021,17162,530.3,32.36,62007.75
4106308,Corbélia,2022,17395,530.3,32.8,57696.98
4106308,Corbélia,2023,17629,530.3,33.24,56354.87
4106308,Corbélia,2024,17862,530.3,33.68,55619.75
4106308,Corbélia,2025,17933,530.3,33.82,55399.54
4106308,Corbélia,2026,17933,530.3,33.82,55399.54
4106407,Cornélio Procópio,2008,48427,636.6,76.07,13382.12
4106407,Cornélio Procópio,2009,48544,636.6,76.26,14455.79
4106407,Cornélio Procópio,2010,47739,636.6,74.99,15777.08
4106407,Cornélio Procópio,2011,46934,636.6,73.73,18815.91
4106407,Cornélio Procópio,2012,46939,636.6,73.73,21367.03
4106407,Cornélio Procópio,2013,48420,636.6,76.06,24667.53
4106407,Cornélio Procópio,2014,48487,636.6,76.17,25618.25
4106407,Cornélio Procópio,2015,48551,636.6,76.27,28339.35
4106407,Cornélio Procópio,2016,48615,636.6,76.37,28944.96
4106407,Cornélio Procópio,2017,48677,636.6,76.46,29749.61
4106407,Cornélio Procópio,2018,47847,636.6,75.16,32330.49
4106407,Cornélio Procópio,2019,47845,636.6,75.16,35292.51
4106407,Cornélio Procópio,2020,47842,636.6,75.15,36478.51
4106407,Cornélio Procópio,2021,47840,636.6,75.15,37880.48
4106407,Cornélio Procópio,2022,47170,636.6,74.1,46087.34
4106407,Cornélio Procópio,2023,46500,636.6,73.04,51230.99
4106407,Cornélio Procópio,2024,45830,636.6,71.99,51979.95
4106407,Cornélio Procópio,2025,45720,636.6,71.82,52105.01
4106407,Cornélio Procópio,2026,45720,636.6,71.82,52105.01
4106456,Coronel Domingos Soares,2008,7790,1559.0,5.0,10254.69
4106456,Coronel Domingos Soares,2009,7864,1559.0,5.04,9817.78
4106456,Coronel Domingos Soares,2010,7560,1559.0,4.85,11104.89
4106456,Coronel Domingos Soares,2011,7256,1559.0,4.65,13529.22
4106456,Coronel Domingos Soares,2012,7274,1559.0,4.67,15540.01
4106456,Coronel Domingos Soares,2013,7525,1559.0,4.83,17958.41
4106456,Coronel Domingos Soares,2014,7553,1559.0,4.84,19257.65
4106456,Coronel Domingos Soares,2015,7580,1559.0,4.86,19777.31
4106456,Coronel Domingos Soares,2016,7607,1559.0,4.88,22634.28
4106456,Coronel Domingos Soares,2017,7547,1559.0,4.84,23248.71
4106456,Coronel Domingos Soares,2018,7475,1559.0,4.79,26205.75
4106456,Coronel Domingos Soares,2019,7497,1559.0,4.81,25741.76
4106456,Coronel Domingos Soares,2020,7518,1559.0,4.82,30520.22
4106456,Coronel Domingos Soares,2021,7538,1559.0,4.84,42944.55
4106456,Coronel Domingos Soares,2022,6864,1559.0,4.4,48673.51
4106456,Coronel Domingos Soares,2023,6190,1559.0,3.97,53140.87
4106456,Coronel Domingos Soares,2024,5516,1559.0,3.54,59634.16
4106456,Coronel Domingos Soares,2025,5427,1559.0,3.48,60612.12
4106456,Coronel Domingos Soares,2026,5427,1559.0,3.48,60612.12
4106506,Coronel Vivida,2008,21985,685.8,32.06,11560.25
4106506,Coronel Vivida,2009,21830,685.8,31.83,12187.68
4106506,Coronel Vivida,2010,21730,685.8,31.69,12617.12
4106506,Coronel Vivida,2011,21630,685.8,31.54,15623.35
4106506,Coronel Vivida,2012,21514,685.8,31.37,15828.07
4106506,Coronel Vivida,2013,22035,685.8,32.13,21710.23
4106506,Coronel Vivida,2014,21939,685.8,31.99,23464.79
4106506,Coronel Vivida,2015,21846,685.8,31.85,25895.36
4106506,Coronel Vivida,2016,21755,685.8,31.72,28648.68
4106506,Coronel Vivida,2017,21666,685.8,31.59,28935.47
4106506,Coronel Vivida,2018,20892,685.8,30.46,32847.55
4106506,Coronel Vivida,2019,20734,685.8,30.23,32482.54
4106506,Coronel Vivida,2020,20580,685.8,30.01,35451.9
4106506,Coronel Vivida,2021,20430,685.8,29.79,43431.67
4106506,Coronel Vivida,2022,21573,685.8,31.46,41510.55
4106506,Coronel Vivida,2023,22716,685.8,33.12,48839.63
4106506,Coronel Vivida,2024,23859,685.8,34.79,46499.9
4106506,Coronel Vivida,2025,24010,685.8,35.01,46207.46
4106506,Coronel Vivida,2026,24010,685.8,35.01,46207.46
4106555,Corumbataí do Sul,2008,4291,164.7,26.05,7167.33
4106555,Corumbataí do Sul,2009,4220,164.7,25.62,6654.5
4106555,Corumbataí do Sul,2010,4075,164.7,24.74,9672.64
4106555,Corumbataí do Sul,2011,3930,164.7,23.86,11767.68
4106555,Corumbataí do Sul,2012,3860,164.7,23.44,12028.76
4106555,Corumbataí do Sul,2013,3887,164.7,23.6,13466.43
4106555,Corumbataí do Sul,2014,3817,164.7,23.18,14036.68
4106555,Corumbataí do Sul,2015,3749,164.7,22.76,15890.64
4106555,Corumbataí do Sul,2016,3682,164.7,22.36,16765.89
4106555,Corumbataí do Sul,2017,3617,164.7,21.96,18526.4
4106555,Corumbataí do Sul,2018,3313,164.7,20.12,19915.18
4106555,Corumbataí do Sul,2019,3219,164.7,19.54,19398.26
4106555,Corumbataí do Sul,2020,3127,164.7,18.99,26211.38
4106555,Corumbataí do Sul,2021,3038,164.7,18.45,28862.08
4106555,Corumbataí do Sul,2022,3285,164.7,19.95,25243.84
4106555,Corumbataí do Sul,2023,3533,164.7,21.45,29701.39
4106555,Corumbataí do Sul,2024,3780,164.7,22.95,27760.58
4106555,Corumbataí do Sul,2025,3770,164.7,22.89,27834.22
4106555,Corumbataí do Sul,2026,3770,164.7,22.89,27834.22
4106571,Cruzeiro do Iguaçu,2008,4244,162.2,26.17,10885.96
4106571,Cruzeiro do Iguaçu,2009,4225,162.2,26.05,11957.63
4106571,Cruzeiro do Iguaçu,2010,4248,162.2,26.19,14665.25
4106571,Cruzeiro do Iguaçu,2011,4270,162.2,26.33,17040.75
4106571,Cruzeiro do Iguaçu,2012,4261,162.2,26.27,15833.61
4106571,Cruzeiro do Iguaçu,2013,4383,162.2,27.02,19836.87
4106571,Cruzeiro do Iguaçu,2014,4380,162.2,27.0,20171.69
4106571,Cruzeiro do Iguaçu,2015,4376,162.2,26.98,23213.89
4106571,Cruzeiro do Iguaçu,2016,4373,162.2,26.96,25225.25
4106571,Cruzeiro do Iguaçu,2017,4369,162.2,26.94,25961.09
4106571,Cruzeiro do Iguaçu,2018,4264,162.2,26.29,26771.58
4106571,Cruzeiro do Iguaçu,2019,4252,162.2,26.21,26982.13
4106571,Cruzeiro do Iguaçu,2020,4240,162.2,26.14,36511.32
4106571,Cruzeiro do Iguaçu,2021,4229,162.2,26.07,41894.77
4106571,Cruzeiro do Iguaçu,2022,4210,162.2,25.96,41321.62
4106571,Cruzeiro do Iguaçu,2023,4190,162.2,25.83,49320.05
4106571,Cruzeiro do Iguaçu,2024,4171,162.2,25.72,49544.71
4106571,Cruzeiro do Iguaçu,2025,4129,162.2,25.46,50048.68
4106571,Cruzeiro do Iguaçu,2026,4129,162.2,25.46,50048.68
4106605,Cruzeiro do Oeste,2008,20814,777.6,26.77,8874.36
4106605,Cruzeiro do Oeste,2009,20856,777.6,26.82,11362.39
4106605,Cruzeiro do Oeste,2010,20644,777.6,26.55,13739.83
4106605,Cruzeiro do Oeste,2011,20431,777.6,26.27,16023.15
4106605,Cruzeiro do Oeste,2012,20446,777.6,26.29,19875.23
4106605,Cruzeiro do Oeste,2013,21107,777.6,27.14,23077.23
4106605,Cruzeiro do Oeste,2014,21149,777.6,27.2,27606.03
4106605,Cruzeiro do Oeste,2015,21190,777.6,27.25,28258.28
4106605,Cruzeiro do Oeste,2016,21197,777.6,27.26,31406.38
4106605,Cruzeiro do Oeste,2017,21237,777.6,27.31,36647.88
4106605,Cruzeiro do Oeste,2018,20917,777.6,26.9,39671.7
4106605,Cruzeiro do Oeste,2019,20932,777.6,26.92,40107.44
4106605,Cruzeiro do Oeste,2020,20947,777.6,26.94,39712.99
4106605,Cruzeiro do Oeste,2021,20962,777.6,26.96,40996.47
4106605,Cruzeiro do Oeste,2022,22182,777.6,28.53,40296.32
4106605,Cruzeiro do Oeste,2023,23402,777.6,30.1,46545.98
4106605,Cruzeiro do Oeste,2024,24622,777.6,31.66,44239.66
4106605,Cruzeiro do Oeste,2025,24859,777.6,31.97,43817.89
4106605,Cruzeiro do Oeste,2026,24859,777.6,31.97,43817.89
4106704,Cruzeiro do Sul,2008,4595,259.8,17.69,17702.29
4106704,Cruzeiro do Sul,2009,4574,259.8,17.61,18946.66
4106704,Cruzeiro do Sul,2010,4561,259.8,17.56,21717.39
4106704,Cruzeiro do Sul,2011,4548,259.8,17.51,23827.62
4106704,Cruzeiro do Sul,2012,4534,259.8,17.45,24409.79
4106704,Cruzeiro do Sul,2013,4656,259.8,17.92,31010.31
4106704,Cruzeiro do Sul,2014,4646,259.8,17.88,29211.58
4106704,Cruzeiro do Sul,2015,4637,259.8,17.85,30806.12
4106704,Cruzeiro do Sul,2016,4628,259.8,17.81,39025.06
4106704,Cruzeiro do Sul,2017,4619,259.8,17.78,43023.38
4106704,Cruzeiro do Sul,2018,4489,259.8,17.28,41283.36
4106704,Cruzeiro do Sul,2019,4469,259.8,17.2,38899.75
4106704,Cruzeiro do Sul,2020,4449,259.8,17.12,44331.09
4106704,Cruzeiro do Sul,2021,4430,259.8,17.05,46354.63
4106704,Cruzeiro do Sul,2022,4469,259.8,17.2,47842.02
4106704,Cruzeiro do Sul,2023,4508,259.8,17.35,62394.63
4106704,Cruzeiro do Sul,2024,4547,259.8,17.5,61859.47
4106704,Cruzeiro do Sul,2025,4543,259.8,17.49,61913.93
4106704,Cruzeiro do Sul,2026,4543,259.8,17.49,61913.93
4106803,Cruz Machado,2008,19011,1481.4,12.83,7923.15
4106803,Cruz Machado,2009,19132,1481.4,12.91,6934.25
4106803,Cruz Machado,2010,18600,1481.4,12.56,9180.16
4106803,Cruz Machado,2011,18069,1481.4,12.2,11109.91
4106803,Cruz Machado,2012,18097,1481.4,12.22,11579.93
4106803,Cruz Machado,2013,18702,1481.4,12.62,14549.78
4106803,Cruz Machado,2014,18755,1481.4,12.66,17360.33
4106803,Cruz Machado,2015,18807,1481.4,12.7,15700.32
4106803,Cruz Machado,2016,18858,1481.4,12.73,16192.39
4106803,Cruz Machado,2017,18907,1481.4,12.76,18200.88
4106803,Cruz Machado,2018,18675,1481.4,12.61,19721.02
4106803,Cruz Machado,2019,18708,1481.4,12.63,20011.55
4106803,Cruz Machado,2020,18741,1481.4,12.65,23550.93
4106803,Cruz Machado,2021,18772,1481.4,12.67,26905.28
4106803,Cruz Machado,2022,17818,1481.4,12.03,26280.95
4106803,Cruz Machado,2023,16864,1481.4,11.38,30121.2
4106803,Cruz Machado,2024,15910,1481.4,10.74,31927.34
4106803,Cruz Machado,2025,15759,1481.4,10.64,32233.26
4106803,Cruz Machado,2026,15759,1481.4,10.64,32233.26
4106852,Cruzmaltina,2008,3161,312.9,10.1,14510.91
4106852,Cruzmaltina,2009,3128,312.9,10.0,12414.0
4106852,Cruzmaltina,2010,3134,312.9,10.02,15033.18
4106852,Cruzmaltina,2011,3140,312.9,10.04,21020.38
4106852,Cruzmaltina,2012,3118,312.9,9.96,20681.21
4106852,Cruzmaltina,2013,3185,312.9,10.18,26847.41
4106852,Cruzmaltina,2014,3166,312.9,10.12,27858.18
4106852,Cruzmaltina,2015,3147,312.9,10.06,31394.66
4106852,Cruzmaltina,2016,3128,312.9,10.0,30492.01
4106852,Cruzmaltina,2017,3110,312.9,9.94,33401.61
4106852,Cruzmaltina,2018,2980,312.9,9.52,37983.56
4106852,Cruzmaltina,2019,2950,312.9,9.43,38229.49
4106852,Cruzmaltina,2020,2921,312.9,9.34,54941.8
4106852,Cruzmaltina,2021,2892,312.9,9.24,52270.06
4106852,Cruzmaltina,2022,2893,312.9,9.25,67245.07
4106852,Cruzmaltina,2023,2895,312.9,9.25,65362.35
4106852,Cruzmaltina,2024,2896,312.9,9.26,65339.78
4106852,Cruzmaltina,2025,2870,312.9,9.17,65931.71
4106852,Cruzmaltina,2026,2870,312.9,9.17,65931.71
4106902,Curitiba,2008,1828095,435.5,4197.69,25586.45
4106902,Curitiba,2009,1851215,435.5,4250.78,27080.91
4106902,Curitiba,2010,1807878,435.5,4151.27,32149.73
4106902,Curitiba,2011,1764541,435.5,4051.76,37360.92
4106902,Curitiba,2012,1776761,435.5,4079.82,39756.45
4106902,Curitiba,2013,1848946,435.5,4245.57,43142.13
4106902,Curitiba,2014,1864416,435.5,4281.09,43551.65
4106902,Curitiba,2015,1879355,435.5,4315.4,44619.66
4106902,Curitiba,2016,1893997,435.5,4349.02,44216.99
4106902,Curitiba,2017,1908359,435.5,4382.0,44397.52
4106902,Curitiba,2018,1917185,435.5,4402.26,45458.27
4106902,Curitiba,2019,1933105,435.5,4438.82,49719.8
4106902,Curitiba,2020,1948626,435.5,4474.46,45243.84
4106902,Curitiba,2021,1963726,435.5,4509.13,49905.38
4106902,Curitiba,2022,1918892,435.5,4406.18,58242.08
4106902,Curitiba,2023,1874059,435.5,4303.24,64066.97
4106902,Curitiba,2024,1829225,435.5,4200.29,65637.24
4106902,Curitiba,2025,1830795,435.5,4203.89,65580.95
4106902,Curitiba,2026,1830795,435.5,4203.89,65580.95
4107009,Curiúva,2008,15013,577.6,25.99,6913.54
4107009,Curiúva,2009,15217,577.6,26.35,6635.87
4107009,Curiúva,2010,14610,577.6,25.29,8148.39
4107009,Curiúva,2011,14002,577.6,24.24,10056.35
4107009,Curiúva,2012,14077,577.6,24.37,10280.88
4107009,Curiúva,2013,14620,577.6,25.31,11016.28
4107009,Curiúva,2014,14720,577.6,25.48,11943.82
4107009,Curiúva,2015,14817,577.6,25.65,13219.95
4107009,Curiúva,2016,14911,577.6,25.82,15335.79
4107009,Curiúva,2017,15004,577.6,25.98,15064.78
4107009,Curiúva,2018,15003,577.6,25.97,15484.97
4107009,Curiúva,2019,15101,577.6,26.14,14755.91
4107009,Curiúva,2020,15196,577.6,26.31,15277.31
4107009,Curiúva,2021,15289,577.6,26.47,18054.09
4107009,Curiúva,2022,14793,577.6,25.61,21550.4
4107009,Curiúva,2023,14298,577.6,24.75,23286.75
4107009,Curiúva,2024,13802,577.6,23.9,24123.61
4107009,Curiúva,2025,13784,577.6,23.86,24155.11
4107009,Curiúva,2026,13784,577.6,23.86,24155.11
4107108,Diamante do Norte,2008,5713,243.5,23.46,22020.13
4107108,Diamante do Norte,2009,5668,243.5,23.28,27465.42
4107108,Diamante do Norte,2010,5570,243.5,22.87,28480.97
4107108,Diamante do Norte,2011,5472,243.5,22.47,32700.66
4107108,Diamante do Norte,2012,5428,243.5,22.29,38948.97
4107108,Diamante do Norte,2013,5540,243.5,22.75,44066.79
4107108,Diamante do Norte,2014,5501,243.5,22.59,37201.24
4107108,Diamante do Norte,2015,5463,243.5,22.44,46127.4
4107108,Diamante do Norte,2016,5425,243.5,22.28,58000.18
4107108,Diamante do Norte,2017,5389,243.5,22.13,56825.57
4107108,Diamante do Norte,2018,5146,243.5,21.13,67956.28
4107108,Diamante do Norte,2019,5087,243.5,20.89,62294.08
4107108,Diamante do Norte,2020,5030,243.5,20.66,79260.24
4107108,Diamante do Norte,2021,4975,243.5,20.43,59941.11
4107108,Diamante do Norte,2022,5038,243.5,20.69,75563.91
4107108,Diamante do Norte,2023,5101,243.5,20.95,81147.42
4107108,Diamante do Norte,2024,5164,243.5,21.21,80157.44
4107108,Diamante do Norte,2025,5139,243.5,21.1,80547.38
4107108,Diamante do Norte,2026,5139,243.5,21.1,80547.38
4107124,Diamante do Sul,2008,3782,348.0,10.87,6596.25
4107124,Diamante do Sul,2009,3791,348.0,10.89,6242.68
4107124,Diamante do Sul,2010,3645,348.0,10.47,7164.06
4107124,Diamante do Sul,2011,3499,348.0,10.05,10508.15
4107124,Diamante do Sul,2012,3488,348.0,10.02,9800.75
4107124,Diamante do Sul,2013,3583,348.0,10.3,11121.96
4107124,Diamante do Sul,2014,3575,348.0,10.27,11849.51
4107124,Diamante do Sul,2015,3568,348.0,10.25,12595.57
4107124,Diamante do Sul,2016,3562,348.0,10.24,14566.25
4107124,Diamante do Sul,2017,3555,348.0,10.22,15182.84
4107124,Diamante do Sul,2018,3454,348.0,9.93,15628.84
4107124,Diamante do Sul,2019,3439,348.0,9.88,16265.77
4107124,Diamante do Sul,2020,3424,348.0,9.84,20626.75
4107124,Diamante do Sul,2021,3409,348.0,9.8,21923.14
4107124,Diamante do Sul,2022,3329,348.0,9.57,21611.29
4107124,Diamante do Sul,2023,3250,348.0,9.34,26385.85
4107124,Diamante do Sul,2024,3170,348.0,9.11,27051.74
4107124,Diamante do Sul,2025,3147,348.0,9.04,27249.44
4107124,Diamante do Sul,2026,3147,348.0,9.04,27249.44
4107157,Diamante D'Oeste,2008,5110,309.8,16.49,9666.34
4107157,Diamante D'Oeste,2009,5129,309.8,16.56,9138.43
4107157,Diamante D'Oeste,2010,5084,309.8,16.41,10081.24
4107157,Diamante D'Oeste,2011,5039,309.8,16.27,11250.84
4107157,Diamante D'Oeste,2012,5050,309.8,16.3,13136.63
4107157,Diamante D'Oeste,2013,5223,309.8,16.86,16274.75
4107157,Diamante D'Oeste,2014,5242,309.8,16.92,17414.54
4107157,Diamante D'Oeste,2015,5259,309.8,16.98,18405.78
4107157,Diamante D'Oeste,2016,5277,309.8,17.03,19381.47
4107157,Diamante D'Oeste,2017,5294,309.8,17.09,18300.34
4107157,Diamante D'Oeste,2018,5239,309.8,16.91,19085.89
4107157,Diamante D'Oeste,2019,5253,309.8,16.96,19693.51
4107157,Diamante D'Oeste,2020,5266,309.8,17.0,21443.22
4107157,Diamante D'Oeste,2021,5279,309.8,17.04,24252.89
4107157,Diamante D'Oeste,2022,5038,309.8,16.26,22860.86
4107157,Diamante D'Oeste,2023,4798,309.8,15.49,28031.05
4107157,Diamante D'Oeste,2024,4557,309.8,14.71,29513.5
4107157,Diamante D'Oeste,2025,4513,309.8,14.57,29801.24
4107157,Diamante D'Oeste,2026,4513,309.8,14.57,29801.24
4107207,Dois Vizinhos,2008,35389,419.5,84.36,16523.5
4107207,Dois Vizinhos,2009,35707,419.5,85.12,18368.05
4107207,Dois Vizinhos,2010,36104,419.5,86.06,18907.24
4107207,Dois Vizinhos,2011,36501,419.5,87.01,21745.68
4107207,Dois Vizinhos,2012,36813,419.5,87.75,22933.12
4107207,Dois Vizinhos,2013,38385,419.5,91.5,27862.42
4107207,Dois Vizinhos,2014,38768,419.5,92.41,30495.18
4107207,Dois Vizinhos,2015,39138,419.5,93.3,33502.5
4107207,Dois Vizinhos,2016,39500,419.5,94.16,37542.15
4107207,Dois Vizinhos,2017,39856,419.5,95.01,37891.86
4107207,Dois Vizinhos,2018,40234,419.5,95.91,39448.53
4107207,Dois Vizinhos,2019,40641,419.5,96.88,41262.59
4107207,Dois Vizinhos,2020,41038,419.5,97.83,43830.77
4107207,Dois Vizinhos,2021,41424,419.5,98.75,48919.64
4107207,Dois Vizinhos,2022,43287,419.5,103.19,51083.88
4107207,Dois Vizinhos,2023,45151,419.5,107.63,57787.71
4107207,Dois Vizinhos,2024,47014,419.5,112.07,55497.79
4107207,Dois Vizinhos,2025,47589,419.5,113.44,54827.23
4107207,Dois Vizinhos,2026,47589,419.5,113.44,54827.23
4107256,Douradina,2008,6794,421.7,16.11,21005.0
4107256,Douradina,2009,6853,421.7,16.25,25195.24
4107256,Douradina,2010,7198,421.7,17.07,40836.76
4107256,Douradina,2011,7544,421.7,17.89,42374.34
4107256,Douradina,2012,7640,421.7,18.12,45458.51
4107256,Douradina,2013,8007,421.7,18.99,50587.86
4107256,Douradina,2014,8120,421.7,19.26,53189.29
4107256,Douradina,2015,8228,421.7,19.51,53739.91
4107256,Douradina,2016,8335,421.7,19.77,58896.58
4107256,Douradina,2017,8439,421.7,20.01,62245.17
4107256,Douradina,2018,8621,421.7,20.44,68677.76
4107256,Douradina,2019,8747,421.7,20.74,72659.08
4107256,Douradina,2020,8869,421.7,21.03,76426.54
4107256,Douradina,2021,8988,421.7,21.31,93594.57
4107256,Douradina,2022,9167,421.7,21.74,80449.87
4107256,Douradina,2023,9346,421.7,22.16,91927.03
4107256,Douradina,2024,9525,421.7,22.59,90199.48
4107256,Douradina,2025,9631,421.7,22.84,89206.73
4107256,Douradina,2026,9631,421.7,22.84,89206.73
4107306,Doutor Camargo,2008,5760,118.6,48.57,11944.27
4107306,Doutor Camargo,2009,5753,118.6,48.51,10387.45
4107306,Doutor Camargo,2010,5792,118.6,48.84,12196.82
4107306,Doutor Camargo,2011,5832,118.6,49.17,14469.82
4107306,Doutor Camargo,2012,5836,118.6,49.21,16896.5
4107306,Doutor Camargo,2013,6024,118.6,50.79,19122.34
4107306,Doutor Camargo,2014,6036,118.6,50.89,20330.68
4107306,Doutor Camargo,2015,6047,118.6,50.99,22328.59
4107306,Doutor Camargo,2016,6058,118.6,51.08,24991.09
4107306,Doutor Camargo,2017,6069,118.6,51.17,24550.83
4107306,Doutor Camargo,2018,5976,118.6,50.39,25886.55
4107306,Doutor Camargo,2019,5979,118.6,50.41,27676.03
4107306,Doutor Camargo,2020,5983,118.6,50.45,36560.76
4107306,Doutor Camargo,2021,5987,118.6,50.48,33466.68
4107306,Doutor Camargo,2022,6153,118.6,51.88,29674.14
4107306,Doutor Camargo,2023,6318,118.6,53.27,38403.77
4107306,Doutor Camargo,2024,6484,118.6,54.67,37420.57
4107306,Doutor Camargo,2025,6517,118.6,54.95,37231.09
4107306,Doutor Camargo,2026,6517,118.6,54.95,37231.09
4107405,Enéas Marques,2008,6100,192.6,31.67,13538.36
4107405,Enéas Marques,2009,6066,192.6,31.5,15222.55
4107405,Enéas Marques,2010,6074,192.6,31.54,17256.5
4107405,Enéas Marques,2011,6082,192.6,31.58,18690.89
4107405,Enéas Marques,2012,6061,192.6,31.47,19900.84
4107405,Enéas Marques,2013,6223,192.6,32.31,24540.25
4107405,Enéas Marques,2014,6209,192.6,32.24,25697.86
4107405,Enéas Marques,2015,6195,192.6,32.17,29113.64
4107405,Enéas Marques,2016,6182,192.6,32.1,35334.84
4107405,Enéas Marques,2017,6168,192.6,32.02,38005.67
4107405,Enéas Marques,2018,5990,192.6,31.1,36862.77
4107405,Enéas Marques,2019,5961,192.6,30.95,36284.85
4107405,Enéas Marques,2020,5933,192.6,30.8,41241.36
4107405,Enéas Marques,2021,5906,192.6,30.66,52712.67
4107405,Enéas Marques,2022,5961,192.6,30.95,53795.34
4107405,Enéas Marques,2023,6015,192.6,31.23,64748.13
4107405,Enéas Marques,2024,6070,192.6,31.52,64161.45
4107405,Enéas Marques,2025,6146,192.6,31.91,63368.04
4107405,Enéas Marques,2026,6146,192.6,31.91,63368.04
4107504,Engenheiro Beltrão,2008,14273,468.5,30.47,15866.32
4107504,Engenheiro Beltrão,2009,14280,468.5,30.48,14476.4
4107504,Engenheiro Beltrão,2010,14086,468.5,30.07,14976.36
4107504,Engenheiro Beltrão,2011,13893,468.5,29.65,19418.92
4107504,Engenheiro Beltrão,2012,13880,468.5,29.63,20022.62
4107504,Engenheiro Beltrão,2013,14298,468.5,30.52,23672.61
4107504,Engenheiro Beltrão,2014,14303,468.5,30.53,23400.13
4107504,Engenheiro Beltrão,2015,14307,468.5,30.54,27128.96
4107504,Engenheiro Beltrão,2016,14311,468.5,30.55,27728.11
4107504,Engenheiro Beltrão,2017,14314,468.5,30.55,29315.5
4107504,Engenheiro Beltrão,2018,14020,468.5,29.93,40213.55
4107504,Engenheiro Beltrão,2019,14000,468.5,29.88,33259.79
4107504,Engenheiro Beltrão,2020,13981,468.5,29.84,39625.49
4107504,Engenheiro Beltrão,2021,13962,468.5,29.8,40582.01
4107504,Engenheiro Beltrão,2022,13452,468.5,28.71,34282.34
4107504,Engenheiro Beltrão,2023,12941,468.5,27.62,53987.33
4107504,Engenheiro Beltrão,2024,12431,468.5,26.53,56202.24
4107504,Engenheiro Beltrão,2025,12347,468.5,26.35,56584.6
4107504,Engenheiro Beltrão,2026,12347,468.5,26.35,56584.6
4107520,Esperança Nova,2008,1882,141.6,13.29,8576.51
4107520,Esperança Nova,2009,1836,141.6,12.97,9359.48
4107520,Esperança Nova,2010,1890,141.6,13.35,10084.13
4107520,Esperança Nova,2011,1945,141.6,13.74,11656.56
4107520,Esperança Nova,2012,1919,141.6,13.55,12954.14
4107520,Esperança Nova,2013,1946,141.6,13.74,15130.52
4107520,Esperança Nova,2014,1922,141.6,13.57,15829.86
4107520,Esperança Nova,2015,1898,141.6,13.4,18035.3
4107520,Esperança Nova,2016,1875,141.6,13.24,23691.2
4107520,Esperança Nova,2017,1852,141.6,13.08,22364.47
4107520,Esperança Nova,2018,1732,141.6,12.23,28547.92
4107520,Esperança Nova,2019,1698,141.6,11.99,31234.98
4107520,Esperança Nova,2020,1665,141.6,11.76,37101.5
4107520,Esperança Nova,2021,1633,141.6,11.53,39948.56
4107520,Esperança Nova,2022,1708,141.6,12.06,38474.24
4107520,Esperança Nova,2023,1783,141.6,12.59,42189.57
4107520,Esperança Nova,2024,1858,141.6,13.12,40486.54
4107520,Esperança Nova,2025,1852,141.6,13.08,40617.71
4107520,Esperança Nova,2026,1852,141.6,13.08,40617.71
4107538,Entre Rios do Oeste,2008,4043,121.2,33.36,16446.7
4107538,Entre Rios do Oeste,2009,4113,121.2,33.94,14515.44
4107538,Entre Rios do Oeste,2010,4042,121.2,33.35,20332.51
4107538,Entre Rios do Oeste,2011,3972,121.2,32.77,24160.88
4107538,Entre Rios do Oeste,2012,4017,121.2,33.14,27198.66
4107538,Entre Rios do Oeste,2013,4202,121.2,34.67,33625.18
4107538,Entre Rios do Oeste,2014,4255,121.2,35.11,43558.87
4107538,Entre Rios do Oeste,2015,4306,121.2,35.53,46038.32
4107538,Entre Rios do Oeste,2016,4357,121.2,35.95,50771.63
4107538,Entre Rios do Oeste,2017,4406,121.2,36.35,51406.04
4107538,Entre Rios do Oeste,2018,4481,121.2,36.97,50896.23
4107538,Entre Rios do Oeste,2019,4539,121.2,37.45,52804.58
4107538,Entre Rios do Oeste,2020,4596,121.2,37.92,63703.22
4107538,Entre Rios do Oeste,2021,4651,121.2,38.37,67328.1
4107538,Entre Rios do Oeste,2022,4677,121.2,38.59,82207.4
4107538,Entre Rios do Oeste,2023,4703,121.2,38.8,89470.13
4107538,Entre Rios do Oeste,2024,4729,121.2,39.02,88978.22
4107538,Entre Rios do Oeste,2025,4770,121.2,39.36,88213.42
4107538,Entre Rios do Oeste,2026,4770,121.2,39.36,88213.42
4107546,Espigão Alto do Iguaçu,2008,5222,327.1,15.96,9737.27
4107546,Espigão Alto do Iguaçu,2009,5200,327.1,15.9,9142.69
4107546,Espigão Alto do Iguaçu,2010,4912,327.1,15.02,10208.88
4107546,Espigão Alto do Iguaçu,2011,4623,327.1,14.13,12661.48
4107546,Espigão Alto do Iguaçu,2012,4570,327.1,13.97,14196.94
4107546,Espigão Alto do Iguaçu,2013,4642,327.1,14.19,18294.7
4107546,Espigão Alto do Iguaçu,2014,4591,327.1,14.04,19468.09
4107546,Espigão Alto do Iguaçu,2015,4542,327.1,13.89,21149.71
4107546,Espigão Alto do Iguaçu,2016,4494,327.1,13.74,26347.13
4107546,Espigão Alto do Iguaçu,2017,4447,327.1,13.6,24862.83
4107546,Espigão Alto do Iguaçu,2018,4188,327.1,12.8,27409.5
4107546,Espigão Alto do Iguaçu,2019,4117,327.1,12.59,29089.87
4107546,Espigão Alto do Iguaçu,2020,4048,327.1,12.38,39523.47
4107546,Espigão Alto do Iguaçu,2021,3980,327.1,12.17,40907.29
4107546,Espigão Alto do Iguaçu,2022,4280,327.1,13.08,47829.21
4107546,Espigão Alto do Iguaçu,2023,4581,327.1,14.0,44041.04
4107546,Espigão Alto do Iguaçu,2024,4881,327.1,14.92,41334.15
4107546,Espigão Alto do Iguaçu,2025,4880,327.1,14.92,41342.62
4107546,Espigão Alto do Iguaçu,2026,4880,327.1,14.92,41342.62
4107553,Farol,2008,3413,289.9,11.77,22130.09
4107553,Farol,2009,3354,289.9,11.57,19479.73
4107553,Farol,2010,3394,289.9,11.71,18687.68
4107553,Farol,2011,3435,289.9,11.85,24465.79
4107553,Farol,2012,3398,289.9,11.72,25028.25
4107553,Farol,2013,3456,289.9,11.92,33153.36
4107553,Farol,2014,3422,289.9,11.8,35612.22
4107553,Farol,2015,3388,289.9,11.69,37091.79
4107553,Farol,2016,3355,289.9,11.57,43846.2
4107553,Farol,2017,3323,289.9,11.46,41786.94
4107553,Farol,2018,3139,289.9,10.83,50250.4
4107553,Farol,2019,3089,289.9,10.66,42516.35
4107553,Farol,2020,3041,289.9,10.49,71394.28
4107553,Farol,2021,2995,289.9,10.33,72030.72
4107553,Farol,2022,3004,289.9,10.36,54096.21
4107553,Farol,2023,3014,289.9,10.4,84816.19
4107553,Farol,2024,3023,289.9,10.43,84563.68
4107553,Farol,2025,2994,289.9,10.33,85382.77
4107553,Farol,2026,2994,289.9,10.33,85382.77
4107603,Faxinal,2008,16006,717.6,22.3,11417.47
4107603,Faxinal,2009,16032,717.6,22.34,13054.39
4107603,Faxinal,2010,16200,717.6,22.58,12377.84
4107603,Faxinal,2011,16369,717.6,22.81,15148.45
4107603,Faxinal,2012,16421,717.6,22.88,16716.1
4107603,Faxinal,2013,17006,717.6,23.7,20467.19
4107603,Faxinal,2014,17084,717.6,23.81,19149.32
4107603,Faxinal,2015,17160,717.6,23.91,21115.97
4107603,Faxinal,2016,17233,717.6,24.01,24004.47
4107603,Faxinal,2017,17306,717.6,24.12,23928.0
4107603,Faxinal,2018,17185,717.6,23.95,24752.92
4107603,Faxinal,2019,17251,717.6,24.04,26136.8
4107603,Faxinal,2020,17316,717.6,24.13,27250.0
4107603,Faxinal,2021,17379,717.6,24.22,28777.37
4107603,Faxinal,2022,17125,717.6,23.86,34705.11
4107603,Faxinal,2023,16872,717.6,23.51,37048.3
4107603,Faxinal,2024,16618,717.6,23.16,37614.57
4107603,Faxinal,2025,16596,717.6,23.13,37664.44
4107603,Faxinal,2026,16596,717.6,23.13,37664.44
4107652,Fazenda Rio Grande,2008,79255,117.0,677.39,6215.48
4107652,Fazenda Rio Grande,2009,80868,117.0,691.18,6710.71
4107652,Fazenda Rio Grande,2010,81993,117.0,700.79,8614.02
4107652,Fazenda Rio Grande,2011,83118,117.0,710.41,10212.05
4107652,Fazenda Rio Grande,2012,84514,117.0,722.34,11457.63
4107652,Fazenda Rio Grande,2013,89037,117.0,761.0,14887.19
4107652,Fazenda Rio Grande,2014,90648,117.0,774.77,17503.38
4107652,Fazenda Rio Grande,2015,92204,117.0,788.07,19076.03
4107652,Fazenda Rio Grande,2016,93730,117.0,801.11,22047.65
4107652,Fazenda Rio Grande,2017,95225,117.0,813.89,25017.35
4107652,Fazenda Rio Grande,2018,98368,117.0,840.75,25607.1
4107652,Fazenda Rio Grande,2019,100209,117.0,856.49,24982.77
4107652,Fazenda Rio Grande,2020,102004,117.0,871.83,27205.41
4107652,Fazenda Rio Grande,2021,103750,117.0,886.75,32023.31
4107652,Fazenda Rio Grande,2022,123002,117.0,1051.3,32952.23
4107652,Fazenda Rio Grande,2023,142254,117.0,1215.85,29099.08
4107652,Fazenda Rio Grande,2024,161506,117.0,1380.39,25630.39
4107652,Fazenda Rio Grande,2025,165943,117.0,1418.32,24945.08
4107652,Fazenda Rio Grande,2026,165943,117.0,1418.32,24945.08
4107702,Fênix,2008,5014,234.6,21.37,13558.24
4107702,Fênix,2009,5017,234.6,21.39,13616.5
4107702,Fênix,2010,4904,234.6,20.9,12266.72
4107702,Fênix,2011,4792,234.6,20.43,16927.17
4107702,Fênix,2012,4781,234.6,20.38,18330.47
4107702,Fênix,2013,4917,234.6,20.96,23037.62
4107702,Fênix,2014,4912,234.6,20.94,23383.35
4107702,Fênix,2015,4908,234.6,20.92,24278.93
4107702,Fênix,2016,4903,234.6,20.9,28221.29
4107702,Fênix,2017,4898,234.6,20.88,27515.72
4107702,Fênix,2018,4777,234.6,20.36,31281.56
4107702,Fênix,2019,4762,234.6,20.3,30362.87
4107702,Fênix,2020,4748,234.6,20.24,44663.44
4107702,Fênix,2021,4734,234.6,20.18,44964.51
4107702,Fênix,2022,4660,234.6,19.86,33882.83
4107702,Fênix,2023,4586,234.6,19.55,53123.42
4107702,Fênix,2024,4512,234.6,19.23,53994.68
4107702,Fênix,2025,4488,234.6,19.13,54283.42
4107702,Fênix,2026,4488,234.6,19.13,54283.42
4107736,Fernandes Pinheiro,2008,5763,407.5,14.14,11311.82
4107736,Fernandes Pinheiro,2009,5696,407.5,13.98,9492.1
4107736,Fernandes Pinheiro,2010,5798,407.5,14.23,11495.52
4107736,Fernandes Pinheiro,2011,5899,407.5,14.48,14072.89
4107736,Fernandes Pinheiro,2012,5867,407.5,14.4,16590.25
4107736,Fernandes Pinheiro,2013,6008,407.5,14.74,20435.92
4107736,Fernandes Pinheiro,2014,5981,407.5,14.68,22127.07
4107736,Fernandes Pinheiro,2015,5954,407.5,14.61,22666.61
4107736,Fernandes Pinheiro,2016,5929,407.5,14.55,25508.35
4107736,Fernandes Pinheiro,2017,5904,407.5,14.49,29492.38
4107736,Fernandes Pinheiro,2018,5690,407.5,13.96,31214.59
4107736,Fernandes Pinheiro,2019,5646,407.5,13.86,33049.42
4107736,Fernandes Pinheiro,2020,5602,407.5,13.75,40107.1
4107736,Fernandes Pinheiro,2021,5561,407.5,13.65,45646.11
4107736,Fernandes Pinheiro,2022,5836,407.5,14.32,47236.12
4107736,Fernandes Pinheiro,2023,6112,407.5,15.0,52997.71
4107736,Fernandes Pinheiro,2024,6387,407.5,15.67,50715.83
4107736,Fernandes Pinheiro,2025,6400,407.5,15.71,50612.81
4107736,Fernandes Pinheiro,2026,6400,407.5,15.71,50612.81
4107751,Figueira,2008,8544,130.0,65.72,6619.62
4107751,Figueira,2009,8485,130.0,65.27,8415.2
4107751,Figueira,2010,8360,130.0,64.31,9228.11
4107751,Figueira,2011,8236,130.0,63.35,10309.86
4107751,Figueira,2012,8181,130.0,62.93,12451.05
4107751,Figueira,2013,8364,130.0,64.34,12069.82
4107751,Figueira,2014,8315,130.0,63.96,12922.07
4107751,Figueira,2015,8268,130.0,63.6,15261.25
4107751,Figueira,2016,8222,130.0,63.25,17595.11
4107751,Figueira,2017,8177,130.0,62.9,18565.12
4107751,Figueira,2018,7845,130.0,60.35,19070.87
4107751,Figueira,2019,7770,130.0,59.77,17345.17
4107751,Figueira,2020,7696,130.0,59.2,18011.43
4107751,Figueira,2021,7625,130.0,58.65,21179.28
4107751,Figueira,2022,7798,130.0,59.98,21778.28
4107751,Figueira,2023,7971,130.0,61.32,24047.42
4107751,Figueira,2024,8144,130.0,62.65,23536.59
4107751,Figueira,2025,8129,130.0,62.53,23580.02
4107751,Figueira,2026,8129,130.0,62.53,23580.02
4107801,Floraí,2008,5174,191.6,27.0,16026.87
4107801,Floraí,2009,5158,191.6,26.92,15747.77
4107801,Floraí,2010,5095,191.6,26.59,22260.45
4107801,Floraí,2011,5032,191.6,26.26,23837.04
4107801,Floraí,2012,5015,191.6,26.17,24987.64
4107801,Floraí,2013,5149,191.6,26.87,27682.27
4107801,Floraí,2014,5137,191.6,26.81,28663.81
4107801,Floraí,2015,5126,191.6,26.75,28922.16
4107801,Floraí,2016,5114,191.6,26.69,30893.23
4107801,Floraí,2017,5103,191.6,26.63,29971.59
4107801,Floraí,2018,4953,191.6,25.85,35609.33
4107801,Floraí,2019,4929,191.6,25.73,37101.85
4107801,Floraí,2020,4906,191.6,25.61,47737.26
4107801,Floraí,2021,4883,191.6,25.49,48997.95
4107801,Floraí,2022,4864,191.6,25.39,55050.16
4107801,Floraí,2023,4844,191.6,25.28,64128.82
4107801,Floraí,2024,4825,191.6,25.18,64381.35
4107801,Floraí,2025,4805,191.6,25.08,64649.32
4107801,Floraí,2026,4805,191.6,25.08,64649.32
4107850,Flor da Serra do Sul,2008,4775,256.2,18.64,12017.38
4107850,Flor da Serra do Sul,2009,4742,256.2,18.51,11684.73
4107850,Flor da Serra do Sul,2010,4726,256.2,18.45,13055.86
4107850,Flor da Serra do Sul,2011,4711,256.2,18.39,15402.04
4107850,Flor da Serra do Sul,2012,4695,256.2,18.33,14688.82
4107850,Flor da Serra do Sul,2013,4822,256.2,18.82,18063.67
4107850,Flor da Serra do Sul,2014,4812,256.2,18.78,20207.4
4107850,Flor da Serra do Sul,2015,4802,256.2,18.74,20370.47
4107850,Flor da Serra do Sul,2016,4792,256.2,18.7,25166.74
4107850,Flor da Serra do Sul,2017,4782,256.2,18.67,24748.64
4107850,Flor da Serra do Sul,2018,4645,256.2,18.13,26834.23
4107850,Flor da Serra do Sul,2019,4624,256.2,18.05,26035.47
4107850,Flor da Serra do Sul,2020,4603,256.2,17.97,33091.03
4107850,Flor da Serra do Sul,2021,4583,256.2,17.89,39852.28
4107850,Flor da Serra do Sul,2022,4511,256.2,17.61,39110.18
4107850,Flor da Serra do Sul,2023,4439,256.2,17.33,46487.27
4107850,Flor da Serra do Sul,2024,4367,256.2,17.05,47253.72
4107850,Flor da Serra do Sul,2025,4342,256.2,16.95,47525.79
4107850,Flor da Serra do Sul,2026,4342,256.2,16.95,47525.79
4107900,Floresta,2008,5394,158.6,34.01,12411.75
4107900,Floresta,2009,5417,158.6,34.16,11579.84
4107900,Floresta,2010,5706,158.6,35.98,12917.81
4107900,Floresta,2011,5994,158.6,37.79,16133.3
4107900,Floresta,2012,6054,158.6,38.17,16993.72
4107900,Floresta,2013,6324,158.6,39.87,20621.92
4107900,Floresta,2014,6397,158.6,40.33,21643.58
4107900,Floresta,2015,6467,158.6,40.78,23484.92
4107900,Floresta,2016,6535,158.6,41.2,27641.78
4107900,Floresta,2017,6603,158.6,41.63,30427.68
4107900,Floresta,2018,6695,158.6,42.21,30946.98
4107900,Floresta,2019,6774,158.6,42.71,28279.75
4107900,Floresta,2020,6851,158.6,43.2,38150.93
4107900,Floresta,2021,6926,158.6,43.67,39145.83
4107900,Floresta,2022,8359,158.6,52.7,33148.46
4107900,Floresta,2023,9793,158.6,61.75,37193.91
4107900,Floresta,2024,11226,158.6,70.78,32446.11
4107900,Floresta,2025,11522,158.6,72.65,31612.57
4107900,Floresta,2026,11522,158.6,72.65,31612.57
4108007,Florestópolis,2008,11841,247.5,47.84,6400.22
4108007,Florestópolis,2009,11795,247.5,47.66,6989.4
4108007,Florestópolis,2010,11472,247.5,46.35,9314.42
4108007,Florestópolis,2011,11148,247.5,45.04,11286.87
4108007,Florestópolis,2012,11076,247.5,44.75,12160.08
4108007,Florestópolis,2013,11328,247.5,45.77,15053.67
4108007,Florestópolis,2014,11265,247.5,45.52,17070.13
4108007,Florestópolis,2015,11205,247.5,45.27,18720.75
4108007,Florestópolis,2016,11145,247.5,45.03,20476.81
4108007,Florestópolis,2017,11087,247.5,44.8,24280.69
4108007,Florestópolis,2018,10646,247.5,43.01,23370.28
4108007,Florestópolis,2019,10548,247.5,42.62,24104.1
4108007,Florestópolis,2020,10453,247.5,42.23,44872.96
4108007,Florestópolis,2021,10360,247.5,41.86,38637.55
4108007,Florestópolis,2022,10786,247.5,43.58,43730.02
4108007,Florestópolis,2023,11213,247.5,45.31,55634.71
4108007,Florestópolis,2024,11639,247.5,47.03,53598.42
4108007,Florestópolis,2025,11653,247.5,47.08,53534.03
4108007,Florestópolis,2026,11653,247.5,47.08,53534.03
4108106,Flórida,2008,2528,83.2,30.38,8764.64
4108106,Flórida,2009,2535,83.2,30.47,9389.35
4108106,Flórida,2010,2544,83.2,30.58,10183.57
4108106,Flórida,2011,2552,83.2,30.67,12101.49
4108106,Flórida,2012,2560,83.2,30.77,13400.78
4108106,Flórida,2013,2650,83.2,31.85,15500.0
4108106,Flórida,2014,2662,83.2,32.0,16134.86
4108106,Flórida,2015,2674,83.2,32.14,18722.51
4108106,Flórida,2016,2685,83.2,32.27,21012.29
4108106,Flórida,2017,2697,83.2,32.42,22034.85
4108106,Flórida,2018,2679,83.2,32.2,22595.37
4108106,Flórida,2019,2689,83.2,32.32,21850.5
4108106,Flórida,2020,2699,83.2,32.44,27947.76
4108106,Flórida,2021,2709,83.2,32.56,29742.71
4108106,Flórida,2022,2707,83.2,32.54,30517.92
4108106,Flórida,2023,2706,83.2,32.52,37420.92
4108106,Flórida,2024,2704,83.2,32.5,37448.59
4108106,Flórida,2025,2711,83.2,32.58,37351.9
4108106,Flórida,2026,2711,83.2,32.58,37351.9
4108205,Formosa do Oeste,2008,7581,276.5,27.42,10234.14
4108205,Formosa do Oeste,2009,7453,276.5,26.95,12247.69
4108205,Formosa do Oeste,2010,7450,276.5,26.94,14129.26
4108205,Formosa do Oeste,2011,7448,276.5,26.94,16271.35
4108205,Formosa do Oeste,2012,7358,276.5,26.61,18114.3
4108205,Formosa do Oeste,2013,7468,276.5,27.01,26124.26
4108205,Formosa do Oeste,2014,7381,276.5,26.69,28470.67
4108205,Formosa do Oeste,2015,7296,276.5,26.39,32173.11
4108205,Formosa do Oeste,2016,7214,276.5,26.09,38274.88
4108205,Formosa do Oeste,2017,7133,276.5,25.8,38745.83
4108205,Formosa do Oeste,2018,6700,276.5,24.23,39963.58
4108205,Formosa do Oeste,2019,6578,276.5,23.79,42495.9
4108205,Formosa do Oeste,2020,6460,276.5,23.36,48563.31
4108205,Formosa do Oeste,2021,6345,276.5,22.95,58434.52
4108205,Formosa do Oeste,2022,6815,276.5,24.65,61166.69
4108205,Formosa do Oeste,2023,7286,276.5,26.35,55661.41
4108205,Formosa do Oeste,2024,7756,276.5,28.05,52288.42
4108205,Formosa do Oeste,2025,7763,276.5,28.08,52241.27
4108205,Formosa do Oeste,2026,7763,276.5,28.08,52241.27
4108304,Foz do Iguaçu,2008,319189,610.5,522.83,18285.4
4108304,Foz do Iguaçu,2009,325137,610.5,532.57,19507.95
4108304,Foz do Iguaçu,2010,290518,610.5,475.87,21497.85
4108304,Foz do Iguaçu,2011,255900,610.5,419.16,26157.11
4108304,Foz do Iguaçu,2012,255718,610.5,418.87,32142.05
4108304,Foz do Iguaçu,2013,263508,610.5,431.63,34494.14
4108304,Foz do Iguaçu,2014,263647,610.5,431.85,34964.23
4108304,Foz do Iguaçu,2015,263782,610.5,432.08,45494.68
4108304,Foz do Iguaçu,2016,263915,610.5,432.29,51345.25
4108304,Foz do Iguaçu,2017,264044,610.5,432.5,51007.32
4108304,Foz do Iguaçu,2018,258823,610.5,423.95,56701.87
4108304,Foz do Iguaçu,2019,258532,610.5,423.48,60997.41
4108304,Foz do Iguaçu,2020,258248,610.5,423.01,69177.41
4108304,Foz do Iguaçu,2021,257971,610.5,422.56,73531.63
4108304,Foz do Iguaçu,2022,270481,610.5,443.05,64625.43
4108304,Foz do Iguaçu,2023,282990,610.5,463.54,59978.27
4108304,Foz do Iguaçu,2024,295500,610.5,484.03,57439.09
4108304,Foz do Iguaçu,2025,297352,610.5,487.06,57081.34
4108304,Foz do Iguaçu,2026,297352,610.5,487.06,57081.34
4108320,Francisco Alves,2008,6447,322.7,19.98,10045.6
4108320,Francisco Alves,2009,6389,322.7,19.8,8975.11
4108320,Francisco Alves,2010,6383,322.7,19.78,11815.29
4108320,Francisco Alves,2011,6377,322.7,19.76,13214.99
4108320,Francisco Alves,2012,6337,322.7,19.64,13553.1
4108320,Francisco Alves,2013,6483,322.7,20.09,19883.54
4108320,Francisco Alves,2014,6448,322.7,19.98,19950.06
4108320,Francisco Alves,2015,6415,322.7,19.88,23132.03
4108320,Francisco Alves,2016,6382,322.7,19.78,28585.55
4108320,Francisco Alves,2017,6350,322.7,19.68,28324.25
4108320,Francisco Alves,2018,6101,322.7,18.91,32119.65
4108320,Francisco Alves,2019,6046,322.7,18.74,27633.48
4108320,Francisco Alves,2020,5993,322.7,18.57,40290.51
4108320,Francisco Alves,2021,5942,322.7,18.41,48896.67
4108320,Francisco Alves,2022,6783,322.7,21.02,30319.03
4108320,Francisco Alves,2023,7623,322.7,23.62,33332.02
4108320,Francisco Alves,2024,8464,322.7,26.23,30020.09
4108320,Francisco Alves,2025,8573,322.7,26.57,29638.4
4108320,Francisco Alves,2026,8573,322.7,26.57,29638.4
4108403,Francisco Beltrão,2008,75517,736.6,102.52,13643.64
4108403,Francisco Beltrão,2009,76311,736.6,103.6,15905.74
4108403,Francisco Beltrão,2010,78080,736.6,106.0,16647.28
4108403,Francisco Beltrão,2011,79850,736.6,108.4,18588.67
4108403,Francisco Beltrão,2012,80727,736.6,109.59,21558.25
4108403,Francisco Beltrão,2013,84437,736.6,114.63,24501.88
4108403,Francisco Beltrão,2014,85486,736.6,116.05,28360.64
4108403,Francisco Beltrão,2015,86499,736.6,117.43,30312.67
4108403,Francisco Beltrão,2016,87491,736.6,118.78,32502.15
4108403,Francisco Beltrão,2017,88465,736.6,120.1,34704.26
4108403,Francisco Beltrão,2018,89942,736.6,122.1,35459.77
4108403,Francisco Beltrão,2019,91093,736.6,123.67,36141.37
4108403,Francisco Beltrão,2020,92216,736.6,125.19,34639.35
4108403,Francisco Beltrão,2021,93308,736.6,126.67,39595.09
4108403,Francisco Beltrão,2022,95973,736.6,130.29,41369.3
4108403,Francisco Beltrão,2023,98637,736.6,133.91,45879.37
4108403,Francisco Beltrão,2024,101302,736.6,137.53,44672.4
4108403,Francisco Beltrão,2025,102312,736.6,138.9,44231.4
4108403,Francisco Beltrão,2026,102312,736.6,138.9,44231.4
4108452,Foz do Jordão,2008,5932,235.9,25.15,7599.12
4108452,Foz do Jordão,2009,5881,235.9,24.93,8694.1
4108452,Foz do Jordão,2010,5614,235.9,23.8,8772.18
4108452,Foz do Jordão,2011,5347,235.9,22.67,11532.64
4108452,Foz do Jordão,2012,5276,235.9,22.37,12882.3
4108452,Foz do Jordão,2013,5346,235.9,22.66,16116.54
4108452,Foz do Jordão,2014,5277,235.9,22.37,15663.82
4108452,Foz do Jordão,2015,5210,235.9,22.09,16746.26
4108452,Foz do Jordão,2016,5144,235.9,21.81,20388.8
4108452,Foz do Jordão,2017,5079,235.9,21.53,20230.56
4108452,Foz do Jordão,2018,4745,235.9,20.11,25851.42
4108452,Foz do Jordão,2019,4650,235.9,19.71,26594.19
4108452,Foz do Jordão,2020,4556,235.9,19.31,37602.5
4108452,Foz do Jordão,2021,4466,235.9,18.93,41210.03
4108452,Foz do Jordão,2022,4619,235.9,19.58,38073.61
4108452,Foz do Jordão,2023,4772,235.9,20.23,39350.8
4108452,Foz do Jordão,2024,4925,235.9,20.88,38128.32
4108452,Foz do Jordão,2025,4893,235.9,20.74,38377.68
4108452,Foz do Jordão,2026,4893,235.9,20.74,38377.68
4108502,General Carneiro,2008,15159,1073.4,14.12,12974.21
4108502,General Carneiro,2009,15275,1073.4,14.23,11489.36
4108502,General Carneiro,2010,14464,1073.4,13.47,16152.1
4108502,General Carneiro,2011,13652,1073.4,12.72,15771.17
4108502,General Carneiro,2012,13635,1073.4,12.7,16476.57
4108502,General Carneiro,2013,14039,1073.4,13.08,17339.63
4108502,General Carneiro,2014,14039,1073.4,13.08,19042.67
4108502,General Carneiro,2015,14039,1073.4,13.08,19170.45
4108502,General Carneiro,2016,14038,1073.4,13.08,21029.63
4108502,General Carneiro,2017,14038,1073.4,13.08,24559.7
4108502,General Carneiro,2018,13735,1073.4,12.8,20913.72
4108502,General Carneiro,2019,13710,1073.4,12.77,22170.46
4108502,General Carneiro,2020,13685,1073.4,12.75,26177.71
4108502,General Carneiro,2021,13661,1073.4,12.73,32609.03
4108502,General Carneiro,2022,12728,1073.4,11.86,33567.33
4108502,General Carneiro,2023,11794,1073.4,10.99,37077.67
4108502,General Carneiro,2024,10861,1073.4,10.12,40262.78
4108502,General Carneiro,2025,10691,1073.4,9.96,40903.0
4108502,General Carneiro,2026,10691,1073.4,9.96,40903.0
4108551,Godoy Moreira,2008,3639,131.3,27.72,6146.19
4108551,Godoy Moreira,2009,3616,131.3,27.54,6436.67
4108551,Godoy Moreira,2010,3458,131.3,26.34,7316.66
4108551,Godoy Moreira,2011,3299,131.3,25.13,9219.76
4108551,Godoy Moreira,2012,3262,131.3,24.84,11455.24
4108551,Godoy Moreira,2013,3315,131.3,25.25,11340.57
4108551,Godoy Moreira,2014,3279,131.3,24.97,12458.37
4108551,Godoy Moreira,2015,3245,131.3,24.71,13760.86
4108551,Godoy Moreira,2016,3211,131.3,24.46,13561.82
4108551,Godoy Moreira,2017,3178,131.3,24.2,16086.22
4108551,Godoy Moreira,2018,2996,131.3,22.82,17342.12
4108551,Godoy Moreira,2019,2946,131.3,22.44,17558.38
4108551,Godoy Moreira,2020,2898,131.3,22.07,22348.17
4108551,Godoy Moreira,2021,2850,131.3,21.71,25412.63
4108551,Godoy Moreira,2022,2890,131.3,22.01,28068.51
4108551,Godoy Moreira,2023,2930,131.3,22.32,32809.9
4108551,Godoy Moreira,2024,2970,131.3,22.62,32368.01
4108551,Godoy Moreira,2025,2911,131.3,22.17,33024.05
4108551,Godoy Moreira,2026,2911,131.3,22.17,33024.05
4108601,Goioerê,2008,29732,565.2,52.6,11438.62
4108601,Goioerê,2009,29704,565.2,52.55,10989.09
4108601,Goioerê,2010,29333,565.2,51.9,13337.61
4108601,Goioerê,2011,28962,565.2,51.24,15447.97
4108601,Goioerê,2012,28908,565.2,51.15,17991.01
4108601,Goioerê,2013,29743,565.2,52.62,21159.23
4108601,Goioerê,2014,29722,565.2,52.59,22775.08
4108601,Goioerê,2015,29702,565.2,52.55,24201.06
4108601,Goioerê,2016,29683,565.2,52.52,26167.03
4108601,Goioerê,2017,29664,565.2,52.48,27496.33
4108601,Goioerê,2018,28962,565.2,51.24,31175.89
4108601,Goioerê,2019,28884,565.2,51.1,30665.07
4108601,Goioerê,2020,28808,565.2,50.97,35408.05
4108601,Goioerê,2021,28734,565.2,50.84,37390.2
4108601,Goioerê,2022,28813,565.2,50.98,38829.17
4108601,Goioerê,2023,28891,565.2,51.12,46231.21
4108601,Goioerê,2024,28970,565.2,51.26,46105.14
4108601,Goioerê,2025,28931,565.2,51.19,46167.29
4108601,Goioerê,2026,28931,565.2,51.19,46167.29
4108650,Goioxim,2008,8232,704.0,11.69,8568.76
4108650,Goioxim,2009,8240,704.0,11.7,9123.67
4108650,Goioxim,2010,7850,704.0,11.15,8706.5
4108650,Goioxim,2011,7459,704.0,10.6,11264.78
4108650,Goioxim,2012,7415,704.0,10.53,13158.06
4108650,Goioxim,2013,7590,704.0,10.78,18206.46
4108650,Goioxim,2014,7553,704.0,10.73,19079.7
4108650,Goioxim,2015,7517,704.0,10.68,18736.06
4108650,Goioxim,2016,7482,704.0,10.63,22019.38
4108650,Goioxim,2017,7448,704.0,10.58,22073.58
4108650,Goioxim,2018,7170,704.0,10.18,25270.01
4108650,Goioxim,2019,7111,704.0,10.1,24873.29
4108650,Goioxim,2020,7053,704.0,10.02,40064.51
4108650,Goioxim,2021,6997,704.0,9.94,44182.51
4108650,Goioxim,2022,6842,704.0,9.72,50882.93
4108650,Goioxim,2023,6686,704.0,9.5,46157.94
4108650,Goioxim,2024,6531,704.0,9.28,47253.41
4108650,Goioxim,2025,6469,704.0,9.19,47706.29
4108650,Goioxim,2026,6469,704.0,9.19,47706.29
4108700,Grandes Rios,2008,7848,315.0,24.91,6935.91
4108700,Grandes Rios,2009,7839,315.0,24.89,7120.42
4108700,Grandes Rios,2010,7184,315.0,22.81,8392.12
4108700,Grandes Rios,2011,6530,315.0,20.73,12271.82
4108700,Grandes Rios,2012,6438,315.0,20.44,12527.18
4108700,Grandes Rios,2013,6515,315.0,20.68,13466.46
4108700,Grandes Rios,2014,6425,315.0,20.4,13922.18
4108700,Grandes Rios,2015,6337,315.0,20.12,17760.77
4108700,Grandes Rios,2016,6251,315.0,19.84,18943.05
4108700,Grandes Rios,2017,6167,315.0,19.58,19964.0
4108700,Grandes Rios,2018,5742,315.0,18.23,21099.97
4108700,Grandes Rios,2019,5618,315.0,17.83,20892.49
4108700,Grandes Rios,2020,5497,315.0,17.45,25061.31
4108700,Grandes Rios,2021,5379,315.0,17.08,32111.54
4108700,Grandes Rios,2022,5448,315.0,17.3,29606.28
4108700,Grandes Rios,2023,5517,315.0,17.51,32183.25
4108700,Grandes Rios,2024,5586,315.0,17.73,31785.71
4108700,Grandes Rios,2025,5527,315.0,17.55,32125.02
4108700,Grandes Rios,2026,5527,315.0,17.55,32125.02
4108809,Guaíra,2008,29594,564.8,52.4,12648.37
4108809,Guaíra,2009,29664,564.8,52.52,11221.75
4108809,Guaíra,2010,30262,564.8,53.58,12930.37
4108809,Guaíra,2011,30861,564.8,54.64,15942.74
4108809,Guaíra,2012,31013,564.8,54.91,17351.92
4108809,Guaíra,2013,32190,564.8,56.99,21678.1
4108809,Guaíra,2014,32394,564.8,57.35,23024.88
4108809,Guaíra,2015,32591,564.8,57.7,23770.0
4108809,Guaíra,2016,32784,564.8,58.05,27376.31
4108809,Guaíra,2017,32974,564.8,58.38,26597.05
4108809,Guaíra,2018,32923,564.8,58.29,28448.8
4108809,Guaíra,2019,33119,564.8,58.64,29146.11
4108809,Guaíra,2020,33310,564.8,58.98,33855.06
4108809,Guaíra,2021,33497,564.8,59.31,34030.93
4108809,Guaíra,2022,33320,564.8,58.99,34984.0
4108809,Guaíra,2023,33143,564.8,58.68,43413.27
4108809,Guaíra,2024,32966,564.8,58.37,43646.36
4108809,Guaíra,2025,33058,564.8,58.53,43524.9
4108809,Guaíra,2026,33058,564.8,58.53,43524.9
4108908,Guairaçá,2008,5875,495.2,11.86,10206.3
4108908,Guairaçá,2009,5867,495.2,11.85,12933.53
4108908,Guairaçá,2010,6044,495.2,12.21,13092.65
4108908,Guairaçá,2011,6220,495.2,12.56,18380.71
4108908,Guairaçá,2012,6243,495.2,12.61,21860.16
4108908,Guairaçá,2013,6468,495.2,13.06,24171.92
4108908,Guairaçá,2014,6500,495.2,13.13,24852.62
4108908,Guairaçá,2015,6531,495.2,13.19,27498.24
4108908,Guairaçá,2016,6562,495.2,13.25,28528.35
4108908,Guairaçá,2017,6591,495.2,13.31,44949.48
4108908,Guairaçá,2018,6553,495.2,13.23,34669.01
4108908,Guairaçá,2019,6581,495.2,13.29,37215.77
4108908,Guairaçá,2020,6609,495.2,13.35,37405.96
4108908,Guairaçá,2021,6635,495.2,13.4,41256.37
4108908,Guairaçá,2022,6668,495.2,13.47,41716.86
4108908,Guairaçá,2023,6700,495.2,13.53,60421.94
4108908,Guairaçá,2024,6733,495.2,13.6,60125.8
4108908,Guairaçá,2025,6762,495.2,13.66,59867.94
4108908,Guairaçá,2026,6762,495.2,13.66,59867.94
4108957,Guamiranga,2008,7851,245.3,32.01,9628.07
4108957,Guamiranga,2009,7918,245.3,32.28,8997.47
4108957,Guamiranga,2010,7938,245.3,32.36,15147.64
4108957,Guamiranga,2011,7959,245.3,32.45,16202.91
4108957,Guamiranga,2012,8016,245.3,32.68,17987.9
4108957,Guamiranga,2013,8343,245.3,34.01,19386.19
4108957,Guamiranga,2014,8415,245.3,34.3,21345.93
4108957,Guamiranga,2015,8484,245.3,34.59,21786.54
4108957,Guamiranga,2016,8552,245.3,34.86,22516.72
4108957,Guamiranga,2017,8619,245.3,35.14,30278.8
4108957,Guamiranga,2018,8664,245.3,35.32,27803.32
4108957,Guamiranga,2019,8739,245.3,35.63,26813.59
4108957,Guamiranga,2020,8811,245.3,35.92,30457.5
4108957,Guamiranga,2021,8881,245.3,36.2,33224.3
4108957,Guamiranga,2022,8574,245.3,34.95,31237.58
4108957,Guamiranga,2023,8268,245.3,33.71,43186.26
4108957,Guamiranga,2024,7961,245.3,32.45,44851.65
4108957,Guamiranga,2025,7916,245.3,32.27,45106.62
4108957,Guamiranga,2026,7916,245.3,32.27,45106.62
4109005,Guapirama,2008,3688,189.5,19.46,11103.85
4109005,Guapirama,2009,3645,189.5,19.23,11092.18
4109005,Guapirama,2010,3762,189.5,19.85,12844.5
4109005,Guapirama,2011,3878,189.5,20.46,14411.81
4109005,Guapirama,2012,3865,189.5,20.4,17453.56
4109005,Guapirama,2013,3968,189.5,20.94,22378.02
4109005,Guapirama,2014,3959,189.5,20.89,21059.36
4109005,Guapirama,2015,3950,189.5,20.84,25201.27
4109005,Guapirama,2016,3942,189.5,20.8,28329.02
4109005,Guapirama,2017,3934,189.5,20.76,25700.05
4109005,Guapirama,2018,3820,189.5,20.16,26862.3
4109005,Guapirama,2019,3802,189.5,20.06,27348.24
4109005,Guapirama,2020,3784,189.5,19.97,36659.09
4109005,Guapirama,2021,3767,189.5,19.88,46974.25
4109005,Guapirama,2022,4109,189.5,21.68,53088.59
4109005,Guapirama,2023,4450,189.5,23.48,51442.47
4109005,Guapirama,2024,4792,189.5,25.29,47771.08
4109005,Guapirama,2025,4857,189.5,25.63,47131.77
4109005,Guapirama,2026,4857,189.5,25.63,47131.77
4109104,Guaporema,2008,2251,201.7,11.16,12539.76
4109104,Guaporema,2009,2250,201.7,11.16,13076.89
4109104,Guaporema,2010,2238,201.7,11.1,13475.87
4109104,Guaporema,2011,2225,201.7,11.03,15818.43
4109104,Guaporema,2012,2223,201.7,11.02,18522.72
4109104,Guaporema,2013,2289,201.7,11.35,20373.96
4109104,Guaporema,2014,2290,201.7,11.35,21045.41
4109104,Guaporema,2015,2290,201.7,11.35,20700.0
4109104,Guaporema,2016,2291,201.7,11.36,23607.16
4109104,Guaporema,2017,2292,201.7,11.36,24920.16
4109104,Guaporema,2018,2246,201.7,11.14,24958.15
4109104,Guaporema,2019,2243,201.7,11.12,29367.81
4109104,Guaporema,2020,2241,201.7,11.11,32235.16
4109104,Guaporema,2021,2239,201.7,11.1,34899.06
4109104,Guaporema,2022,2232,201.7,11.07,37470.88
4109104,Guaporema,2023,2224,201.7,11.03,47744.15
4109104,Guaporema,2024,2217,201.7,10.99,47894.9
4109104,Guaporema,2025,2210,201.7,10.96,48046.61
4109104,Guaporema,2026,2210,201.7,10.96,48046.61
4109203,Guaraci,2008,5163,212.1,24.34,6362.97
4109203,Guaraci,2009,5183,212.1,24.44,7285.93
4109203,Guaraci,2010,5171,212.1,24.38,9260.88
4109203,Guaraci,2011,5159,212.1,24.32,11619.89
4109203,Guaraci,2012,5181,212.1,24.43,14033.97
4109203,Guaraci,2013,5373,212.1,25.33,15327.19
4109203,Guaraci,2014,5404,212.1,25.48,16540.9
4109203,Guaraci,2015,5434,212.1,25.62,18794.81
4109203,Guaraci,2016,5463,212.1,25.76,19231.19
4109203,Guaraci,2017,5492,212.1,25.89,20290.97
4109203,Guaraci,2018,5473,212.1,25.8,19423.35
4109203,Guaraci,2019,5502,212.1,25.94,23082.88
4109203,Guaraci,2020,5530,212.1,26.07,26788.97
4109203,Guaraci,2021,5557,212.1,26.2,40284.87
4109203,Guaraci,2022,5292,212.1,24.95,31173.66
4109203,Guaraci,2023,5027,212.1,23.7,38251.64
4109203,Guaraci,2024,4762,212.1,22.45,40380.3
4109203,Guaraci,2025,4743,212.1,22.36,40542.06
4109203,Guaraci,2026,4743,212.1,22.36,40542.06
4109302,Guaraniaçu,2008,16271,1240.8,13.11,11075.59
4109302,Guaraniaçu,2009,16161,1240.8,13.02,10265.76
4109302,Guaraniaçu,2010,15271,1240.8,12.31,11607.1
4109302,Guaraniaçu,2011,14381,1240.8,11.59,14525.21
4109302,Guaraniaçu,2012,14187,1240.8,11.43,15157.4
4109302,Guaraniaçu,2013,14372,1240.8,11.58,18098.66
4109302,Guaraniaçu,2014,14181,1240.8,11.43,20385.66
4109302,Guaraniaçu,2015,13998,1240.8,11.28,22668.6
4109302,Guaraniaçu,2016,13817,1240.8,11.14,25263.44
4109302,Guaraniaçu,2017,13641,1240.8,10.99,24979.25
4109302,Guaraniaçu,2018,12733,1240.8,10.26,27779.55
4109302,Guaraniaçu,2019,12472,1240.8,10.05,29594.69
4109302,Guaraniaçu,2020,12217,1240.8,9.85,38566.18
4109302,Guaraniaçu,2021,11969,1240.8,9.65,42778.34
4109302,Guaraniaçu,2022,12584,1240.8,10.14,42587.57
4109302,Guaraniaçu,2023,13199,1240.8,10.64,45778.01
4109302,Guaraniaçu,2024,13814,1240.8,11.13,43739.97
4109302,Guaraniaçu,2025,13770,1240.8,11.1,43879.74
4109302,Guaraniaçu,2026,13770,1240.8,11.1,43879.74
4109401,Guarapuava,2008,171230,3174.4,53.94,12444.66
4109401,Guarapuava,2009,172728,3174.4,54.41,12990.98
4109401,Guarapuava,2010,170538,3174.4,53.72,14704.01
4109401,Guarapuava,2011,168349,3174.4,53.03,17304.99
4109401,Guarapuava,2012,169252,3174.4,53.32,20323.98
4109401,Guarapuava,2013,175779,3174.4,55.37,23550.66
4109401,Guarapuava,2014,176973,3174.4,55.75,25024.31
4109401,Guarapuava,2015,178126,3174.4,56.11,26817.67
4109401,Guarapuava,2016,179256,3174.4,56.47,29229.97
4109401,Guarapuava,2017,180364,3174.4,56.82,31093.54
4109401,Guarapuava,2018,180334,3174.4,56.81,33913.28
4109401,Guarapuava,2019,181504,3174.4,57.18,33642.77
4109401,Guarapuava,2020,182644,3174.4,57.54,41171.47
4109401,Guarapuava,2021,183755,3174.4,57.89,45217.95
4109401,Guarapuava,2022,185407,3174.4,58.41,50584.85
4109401,Guarapuava,2023,187058,3174.4,58.93,52732.91
4109401,Guarapuava,2024,188710,3174.4,59.45,52271.28
4109401,Guarapuava,2025,189630,3174.4,59.74,52017.68
4109401,Guarapuava,2026,189630,3174.4,59.74,52017.68
4109500,Guaraqueçaba,2008,7890,2016.5,3.91,4486.57
4109500,Guaraqueçaba,2009,7843,2016.5,3.89,4784.78
4109500,Guaraqueçaba,2010,7841,2016.5,3.89,7466.14
4109500,Guaraqueçaba,2011,7839,2016.5,3.89,6815.54
4109500,Guaraqueçaba,2012,7809,2016.5,3.87,7943.78
4109500,Guaraqueçaba,2013,8012,2016.5,3.97,8634.05
4109500,Guaraqueçaba,2014,7988,2016.5,3.96,9000.0
4109500,Guaraqueçaba,2015,7966,2016.5,3.95,9864.55
4109500,Guaraqueçaba,2016,7944,2016.5,3.94,13065.08
4109500,Guaraqueçaba,2017,7923,2016.5,3.93,13494.51
4109500,Guaraqueçaba,2018,7679,2016.5,3.81,14551.63
4109500,Guaraqueçaba,2019,7636,2016.5,3.79,13830.67
4109500,Guaraqueçaba,2020,7594,2016.5,3.77,14951.01
4109500,Guaraqueçaba,2021,7554,2016.5,3.75,15640.98
4109500,Guaraqueçaba,2022,7527,2016.5,3.73,17153.71
4109500,Guaraqueçaba,2023,7501,2016.5,3.72,19474.87
4109500,Guaraqueçaba,2024,7474,2016.5,3.71,19545.22
4109500,Guaraqueçaba,2025,7446,2016.5,3.69,19618.72
4109500,Guaraqueçaba,2026,7446,2016.5,3.69,19618.72
4109609,Guaratuba,2008,32315,1329.5,24.31,8449.11
4109609,Guaratuba,2009,32806,1329.5,24.68,9680.42
4109609,Guaratuba,2010,32636,1329.5,24.55,10454.22
4109609,Guaratuba,2011,32467,1329.5,24.42,11390.24
4109609,Guaratuba,2012,32826,1329.5,24.69,13132.0
4109609,Guaratuba,2013,34338,1329.5,25.83,14909.49
4109609,Guaratuba,2014,34767,1329.5,26.15,16276.38
4109609,Guaratuba,2015,35182,1329.5,26.46,17985.82
4109609,Guaratuba,2016,35588,1329.5,26.77,21088.48
4109609,Guaratuba,2017,35986,1329.5,27.07,21195.21
4109609,Guaratuba,2018,36595,1329.5,27.53,21789.15
4109609,Guaratuba,2019,37067,1329.5,27.88,23592.9
4109609,Guaratuba,2020,37527,1329.5,28.23,23478.35
4109609,Guaratuba,2021,37974,1329.5,28.56,25863.09
4109609,Guaratuba,2022,40090,1329.5,30.15,26578.92
4109609,Guaratuba,2023,42207,1329.5,31.75,28927.64
4109609,Guaratuba,2024,44323,1329.5,33.34,27546.62
4109609,Guaratuba,2025,44913,1329.5,33.78,27184.76
4109609,Guaratuba,2026,44913,1329.5,33.78,27184.76
4109658,Honório Serpa,2008,6251,503.2,12.42,14801.63
4109658,Honório Serpa,2009,6180,503.2,12.28,15831.72
4109658,Honório Serpa,2010,6032,503.2,11.99,14989.89
4109658,Honório Serpa,2011,5883,503.2,11.69,18452.15
4109658,Honório Serpa,2012,5813,503.2,11.55,17995.87
4109658,Honório Serpa,2013,5902,503.2,11.73,25334.12
4109658,Honório Serpa,2014,5834,503.2,11.59,26319.51
4109658,Honório Serpa,2015,5769,503.2,11.46,28286.18
4109658,Honório Serpa,2016,5705,503.2,11.34,31448.73
4109658,Honório Serpa,2017,5643,503.2,11.21,33591.53
4109658,Honório Serpa,2018,5305,503.2,10.54,40411.12
4109658,Honório Serpa,2019,5211,503.2,10.36,37679.72
4109658,Honório Serpa,2020,5119,503.2,10.17,46359.45
4109658,Honório Serpa,2021,5030,503.2,10.0,59353.08
4109658,Honório Serpa,2022,4977,503.2,9.89,56839.46
4109658,Honório Serpa,2023,4925,503.2,9.79,78481.42
4109658,Honório Serpa,2024,4872,503.2,9.68,79335.18
4109658,Honório Serpa,2025,4803,503.2,9.54,80474.91
4109658,Honório Serpa,2026,4803,503.2,9.54,80474.91
4109708,Ibaiti,2008,29185,900.2,32.42,9748.06
4109708,Ibaiti,2009,29441,900.2,32.7,9317.18
4109708,Ibaiti,2010,29184,900.2,32.42,10826.1
4109708,Ibaiti,2011,28928,900.2,32.14,14316.51
4109708,Ibaiti,2012,29099,900.2,32.33,13775.52
4109708,Ibaiti,2013,30242,900.2,33.59,15387.94
4109708,Ibaiti,2014,30464,900.2,33.84,16372.51
4109708,Ibaiti,2015,30678,900.2,34.08,18388.98
4109708,Ibaiti,2016,30888,900.2,34.31,18936.42
4109708,Ibaiti,2017,31095,900.2,34.54,20883.36
4109708,Ibaiti,2018,31142,900.2,34.59,21790.86
4109708,Ibaiti,2019,31364,900.2,34.84,22216.27
4109708,Ibaiti,2020,31644,900.2,35.15,24402.04
4109708,Ibaiti,2021,31854,900.2,35.39,27576.88
4109708,Ibaiti,2022,31049,900.2,34.49,31895.78
4109708,Ibaiti,2023,30245,900.2,33.6,40881.37
4109708,Ibaiti,2024,29440,900.2,32.7,41999.22
4109708,Ibaiti,2025,29464,900.2,32.73,41965.01
4109708,Ibaiti,2026,29464,900.2,32.73,41965.01
4109757,Ibema,2008,6124,145.8,42.0,10978.94
4109757,Ibema,2009,6144,145.8,42.14,11104.49
4109757,Ibema,2010,6112,145.8,41.92,11440.61
4109757,Ibema,2011,6081,145.8,41.71,12302.42
4109757,Ibema,2012,6096,145.8,41.81,13692.42
4109757,Ibema,2013,6306,145.8,43.25,17901.05
4109757,Ibema,2014,6329,145.8,43.41,18471.48
4109757,Ibema,2015,6352,145.8,43.57,19949.46
4109757,Ibema,2016,6374,145.8,43.72,21629.28
4109757,Ibema,2017,6396,145.8,43.87,21028.61
4109757,Ibema,2018,6334,145.8,43.44,26149.04
4109757,Ibema,2019,6352,145.8,43.57,23210.01
4109757,Ibema,2020,6370,145.8,43.69,26453.69
4109757,Ibema,2021,6387,145.8,43.81,28548.77
4109757,Ibema,2022,6367,145.8,43.67,31168.68
4109757,Ibema,2023,6347,145.8,43.53,32785.73
4109757,Ibema,2024,6327,145.8,43.4,32889.36
4109757,Ibema,2025,6343,145.8,43.5,32806.4
4109757,Ibema,2026,6343,145.8,43.5,32806.4
4109807,Ibiporã,2008,47052,298.5,157.63,18613.0
4109807,Ibiporã,2009,47514,298.5,159.18,24090.9
4109807,Ibiporã,2010,48088,298.5,161.1,24162.91
4109807,Ibiporã,2011,48662,298.5,163.02,26015.02
4109807,Ibiporã,2012,49111,298.5,164.53,31773.78
4109807,Ibiporã,2013,51255,298.5,171.71,38784.51
4109807,Ibiporã,2014,51802,298.5,173.54,41973.82
4109807,Ibiporã,2015,52330,298.5,175.31,49758.67
4109807,Ibiporã,2016,52848,298.5,177.05,43874.21
4109807,Ibiporã,2017,53356,298.5,178.75,45700.46
4109807,Ibiporã,2018,53970,298.5,180.8,45235.83
4109807,Ibiporã,2019,54558,298.5,182.77,50722.0
4109807,Ibiporã,2020,55131,298.5,184.69,48234.71
4109807,Ibiporã,2021,55688,298.5,186.56,59499.25
4109807,Ibiporã,2022,54810,298.5,183.62,82224.83
4109807,Ibiporã,2023,53932,298.5,180.68,74869.37
4109807,Ibiporã,2024,53054,298.5,177.74,76108.4
4109807,Ibiporã,2025,53276,298.5,178.48,75791.26
4109807,Ibiporã,2026,53276,298.5,178.48,75791.26
4109906,Icaraíma,2008,9374,676.7,13.85,8093.77
4109906,Icaraíma,2009,9296,676.7,13.74,9143.61
4109906,Icaraíma,2010,9022,676.7,13.33,10621.7
4109906,Icaraíma,2011,8747,676.7,12.93,12795.59
4109906,Icaraíma,2012,8657,676.7,12.79,16162.07
4109906,Icaraíma,2013,8809,676.7,13.02,17819.73
4109906,Icaraíma,2014,8723,676.7,12.89,19599.68
4109906,Icaraíma,2015,8641,676.7,12.77,20612.2
4109906,Icaraíma,2016,8561,676.7,12.65,23480.2
4109906,Icaraíma,2017,8482,676.7,12.53,26405.56
4109906,Icaraíma,2018,8025,676.7,11.86,29010.22
4109906,Icaraíma,2019,7904,676.7,11.68,28165.87
4109906,Icaraíma,2020,7786,676.7,11.51,33167.09
4109906,Icaraíma,2021,7671,676.7,11.34,32531.61
4109906,Icaraíma,2022,8160,676.7,12.06,34093.75
4109906,Icaraíma,2023,8650,676.7,12.78,38046.94
4109906,Icaraíma,2024,9139,676.7,13.51,36011.16
4109906,Icaraíma,2025,9149,676.7,13.52,35971.8
4109906,Icaraíma,2026,9149,676.7,13.52,35971.8
4110003,Iguaraçu,2008,3882,165.4,23.47,14989.95
4110003,Iguaraçu,2009,3907,165.4,23.62,12507.55
4110003,Iguaraçu,2010,3960,165.4,23.94,21004.04
4110003,Iguaraçu,2011,4012,165.4,24.26,21592.97
4110003,Iguaraçu,2012,4040,165.4,24.43,28230.94
4110003,Iguaraçu,2013,4205,165.4,25.42,29239.95
4110003,Iguaraçu,2014,4241,165.4,25.64,26763.26
4110003,Iguaraçu,2015,4275,165.4,25.85,31792.75
4110003,Iguaraçu,2016,4309,165.4,26.05,31201.44
4110003,Iguaraçu,2017,4343,165.4,26.26,32387.98
4110003,Iguaraçu,2018,4366,165.4,26.4,33960.6
4110003,Iguaraçu,2019,4404,165.4,26.63,36955.04
4110003,Iguaraçu,2020,4440,165.4,26.84,41150.23
4110003,Iguaraçu,2021,4475,165.4,27.06,47487.15
4110003,Iguaraçu,2022,4850,165.4,29.32,48333.2
4110003,Iguaraçu,2023,5224,165.4,31.58,51140.51
4110003,Iguaraçu,2024,5599,165.4,33.85,47715.31
4110003,Iguaraçu,2025,5693,165.4,34.42,46927.45
4110003,Iguaraçu,2026,5693,165.4,34.42,46927.45
4110052,Iguatu,2008,2363,107.1,22.06,14912.4
4110052,Iguatu,2009,2372,107.1,22.15,13295.11
4110052,Iguatu,2010,2302,107.1,21.49,17076.89
4110052,Iguatu,2011,2233,107.1,20.85,19992.39
4110052,Iguatu,2012,2231,107.1,20.83,22926.49
4110052,Iguatu,2013,2299,107.1,21.47,27639.41
4110052,Iguatu,2014,2300,107.1,21.48,27109.57
4110052,Iguatu,2015,2302,107.1,21.49,25340.14
4110052,Iguatu,2016,2303,107.1,21.5,27000.43
4110052,Iguatu,2017,2304,107.1,21.51,24455.73
4110052,Iguatu,2018,2258,107.1,21.08,27442.43
4110052,Iguatu,2019,2256,107.1,21.06,27844.86
4110052,Iguatu,2020,2253,107.1,21.04,40635.15
4110052,Iguatu,2021,2251,107.1,21.02,37314.97
4110052,Iguatu,2022,2221,107.1,20.74,40900.05
4110052,Iguatu,2023,2192,107.1,20.47,43244.07
4110052,Iguatu,2024,2162,107.1,20.19,43844.13
4110052,Iguatu,2025,2156,107.1,20.13,43966.14
4110052,Iguatu,2026,2156,107.1,20.13,43966.14
4110078,Imbaú,2008,11811,331.3,35.65,7027.43
4110078,Imbaú,2009,12040,331.3,36.34,6351.91
4110078,Imbaú,2010,11726,331.3,35.39,9672.52
4110078,Imbaú,2011,11413,331.3,34.45,9867.17
4110078,Imbaú,2012,11546,331.3,34.85,10121.25
4110078,Imbaú,2013,12087,331.3,36.48,10452.22
4110078,Imbaú,2014,12246,331.3,36.96,11064.1
4110078,Imbaú,2015,12400,331.3,37.43,14279.52
4110078,Imbaú,2016,12550,331.3,37.88,16323.9
4110078,Imbaú,2017,12697,331.3,38.32,16904.07
4110078,Imbaú,2018,12936,331.3,39.05,17378.4
4110078,Imbaú,2019,13111,331.3,39.57,16560.45
4110078,Imbaú,2020,13282,331.3,40.09,17169.33
4110078,Imbaú,2021,13449,331.3,40.59,20533.57
4110078,Imbaú,2022,13904,331.3,41.97,21272.73
4110078,Imbaú,2023,14360,331.3,43.34,22316.92
4110078,Imbaú,2024,14815,331.3,44.72,21631.52
4110078,Imbaú,2025,15068,331.3,45.48,21268.32
4110078,Imbaú,2026,15068,331.3,45.48,21268.32
4110102,Imbituva,2008,28295,758.1,37.32,9724.54
4110102,Imbituva,2009,28660,758.1,37.81,9472.71
4110102,Imbituva,2010,28710,758.1,37.87,12209.79
4110102,Imbituva,2011,28759,758.1,37.94,14429.4
4110102,Imbituva,2012,29053,758.1,38.32,16015.28
4110102,Imbituva,2013,30359,758.1,40.05,18282.35
4110102,Imbituva,2014,30713,758.1,40.51,20932.6
4110102,Imbituva,2015,31055,758.1,40.96,22306.78
4110102,Imbituva,2016,31391,758.1,41.41,23071.1
4110102,Imbituva,2017,31719,758.1,41.84,25956.18
4110102,Imbituva,2018,32179,758.1,42.45,27827.28
4110102,Imbituva,2019,32564,758.1,42.95,26662.94
4110102,Imbituva,2020,32940,758.1,43.45,31785.61
4110102,Imbituva,2021,33306,758.1,43.93,38755.48
4110102,Imbituva,2022,32456,758.1,42.81,41792.52
4110102,Imbituva,2023,31607,758.1,41.69,47565.98
4110102,Imbituva,2024,30757,758.1,40.57,48880.52
4110102,Imbituva,2025,30849,758.1,40.69,48734.74
4110102,Imbituva,2026,30849,758.1,40.69,48734.74
4110201,Inácio Martins,2008,11397,938.0,12.15,7437.66
4110201,Inácio Martins,2009,11431,938.0,12.19,6991.78
4110201,Inácio Martins,2010,11186,938.0,11.93,8439.92
4110201,Inácio Martins,2011,10942,938.0,11.67,8062.97
4110201,Inácio Martins,2012,10940,938.0,11.66,9069.2
4110201,Inácio Martins,2013,11282,938.0,12.03,11674.17
4110201,Inácio Martins,2014,11294,938.0,12.04,11307.15
4110201,Inácio Martins,2015,11307,938.0,12.05,12713.98
4110201,Inácio Martins,2016,11319,938.0,12.07,13980.3
4110201,Inácio Martins,2017,11331,938.0,12.08,15557.14
4110201,Inácio Martins,2018,11129,938.0,11.86,17186.36
4110201,Inácio Martins,2019,11125,938.0,11.86,15538.79
4110201,Inácio Martins,2020,11121,938.0,11.86,21152.23
4110201,Inácio Martins,2021,11117,938.0,11.85,23901.14
4110201,Inácio Martins,2022,10622,938.0,11.32,23630.2
4110201,Inácio Martins,2023,10128,938.0,10.8,24679.01
4110201,Inácio Martins,2024,9633,938.0,10.27,25947.16
4110201,Inácio Martins,2025,9555,938.0,10.19,26158.97
4110201,Inácio Martins,2026,9555,938.0,10.19,26158.97
4110300,Inajá,2008,2882,195.2,14.76,8387.58
4110300,Inajá,2009,2876,195.2,14.73,8786.51
4110300,Inajá,2010,2935,195.2,15.04,10328.45
4110300,Inajá,2011,2994,195.2,15.34,11947.56
4110300,Inajá,2012,3000,195.2,15.37,11627.67
4110300,Inajá,2013,3100,195.2,15.88,12825.16
4110300,Inajá,2014,3110,195.2,15.93,12351.13
4110300,Inajá,2015,3119,195.2,15.98,13090.73
4110300,Inajá,2016,3128,195.2,16.02,17262.47
4110300,Inajá,2017,3137,195.2,16.07,18210.07
4110300,Inajá,2018,3103,195.2,15.9,16170.48
4110300,Inajá,2019,3109,195.2,15.93,18705.05
4110300,Inajá,2020,3116,195.2,15.96,16613.93
4110300,Inajá,2021,3122,195.2,15.99,18677.77
4110300,Inajá,2022,2918,195.2,14.95,19075.39
4110300,Inajá,2023,2714,195.2,13.9,28091.01
4110300,Inajá,2024,2510,195.2,12.86,30374.1
4110300,Inajá,2025,2481,195.2,12.71,30729.14
4110300,Inajá,2026,2481,195.2,12.71,30729.14
4110409,Indianópolis,2008,4257,123.0,34.61,19009.87
4110409,Indianópolis,2009,4258,123.0,34.62,23425.55
4110409,Indianópolis,2010,4282,123.0,34.81,27211.58
4110409,Indianópolis,2011,4306,123.0,35.01,47027.17
4110409,Indianópolis,2012,4313,123.0,35.07,53045.44
4110409,Indianópolis,2013,4456,123.0,36.23,60701.97
4110409,Indianópolis,2014,4469,123.0,36.33,79507.05
4110409,Indianópolis,2015,4481,123.0,36.43,86447.89
4110409,Indianópolis,2016,4493,123.0,36.53,111960.16
4110409,Indianópolis,2017,4504,123.0,36.62,118874.33
4110409,Indianópolis,2018,4449,123.0,36.17,115711.4
4110409,Indianópolis,2019,4457,123.0,36.24,118880.41
4110409,Indianópolis,2020,4465,123.0,36.3,104601.34
4110409,Indianópolis,2021,4472,123.0,36.36,113471.38
4110409,Indianópolis,2022,4492,123.0,36.52,153074.58
4110409,Indianópolis,2023,4511,123.0,36.67,171256.93
4110409,Indianópolis,2024,4531,123.0,36.84,170500.99
4110409,Indianópolis,2025,4544,123.0,36.94,170013.2
4110409,Indianópolis,2026,4544,123.0,36.94,170013.2
4110508,Ipiranga,2008,14542,902.5,16.11,11778.5
4110508,Ipiranga,2009,14655,902.5,16.24,12315.39
4110508,Ipiranga,2010,14435,902.5,15.99,16642.81
4110508,Ipiranga,2011,14215,902.5,15.75,17043.19
4110508,Ipiranga,2012,14278,902.5,15.82,20827.01
4110508,Ipiranga,2013,14809,902.5,16.41,24787.49
4110508,Ipiranga,2014,14895,902.5,16.5,25680.03
4110508,Ipiranga,2015,14978,902.5,16.6,25817.47
4110508,Ipiranga,2016,15059,902.5,16.69,26262.57
4110508,Ipiranga,2017,15139,902.5,16.77,30938.9
4110508,Ipiranga,2018,15092,902.5,16.72,33389.54
4110508,Ipiranga,2019,15172,902.5,16.81,30819.6
4110508,Ipiranga,2020,15251,902.5,16.9,37323.32
4110508,Ipiranga,2021,15327,902.5,16.98,40137.67
4110508,Ipiranga,2022,14997,902.5,16.62,55106.42
4110508,Ipiranga,2023,14668,902.5,16.25,52911.37
4110508,Ipiranga,2024,14338,902.5,15.89,54129.17
4110508,Ipiranga,2025,14317,902.5,15.86,54208.56
4110508,Ipiranga,2026,14317,902.5,15.86,54208.56
4110607,Iporã,2008,15353,649.4,23.64,9076.01
4110607,Iporã,2009,15227,649.4,23.45,9359.23
4110607,Iporã,2010,15048,649.4,23.17,11492.89
4110607,Iporã,2011,14869,649.4,22.9,12998.39
4110607,Iporã,2012,14760,649.4,22.73,13863.55
4110607,Iporã,2013,15078,649.4,23.22,19021.82
4110607,Iporã,2014,14981,649.4,23.07,19531.21
4110607,Iporã,2015,14887,649.4,22.92,22315.71
4110607,Iporã,2016,14794,649.4,22.78,24305.8
4110607,Iporã,2017,14704,649.4,22.64,30910.7
4110607,Iporã,2018,14073,649.4,21.67,26060.9
4110607,Iporã,2019,13926,649.4,21.44,25305.83
4110607,Iporã,2020,13782,649.4,21.22,32140.76
4110607,Iporã,2021,13642,649.4,21.01,43766.46
4110607,Iporã,2022,14449,649.4,22.25,37233.58
4110607,Iporã,2023,15255,649.4,23.49,55719.9
4110607,Iporã,2024,16062,649.4,24.73,52920.37
4110607,Iporã,2025,16102,649.4,24.8,52788.91
4110607,Iporã,2026,16102,649.4,24.8,52788.91
4110656,Iracema do Oeste,2008,2604,81.8,31.83,12692.4
4110656,Iracema do Oeste,2009,2567,81.8,31.38,12515.78
4110656,Iracema do Oeste,2010,2558,81.8,31.27,14587.96
4110656,Iracema do Oeste,2011,2550,81.8,31.17,19428.63
4110656,Iracema do Oeste,2012,2522,81.8,30.83,17666.14
4110656,Iracema do Oeste,2013,2564,81.8,31.34,26025.35
4110656,Iracema do Oeste,2014,2537,81.8,31.01,25286.16
4110656,Iracema do Oeste,2015,2512,81.8,30.71,26135.35
4110656,Iracema do Oeste,2016,2487,81.8,30.4,30307.6
4110656,Iracema do Oeste,2017,2462,81.8,30.1,30629.16
4110656,Iracema do Oeste,2018,2325,81.8,28.42,35498.92
4110656,Iracema do Oeste,2019,2288,81.8,27.97,33687.94
4110656,Iracema do Oeste,2020,2251,81.8,27.52,40120.39
4110656,Iracema do Oeste,2021,2216,81.8,27.09,87710.29
4110656,Iracema do Oeste,2022,2259,81.8,27.62,37495.79
4110656,Iracema do Oeste,2023,2301,81.8,28.13,54787.05
4110656,Iracema do Oeste,2024,2344,81.8,28.66,53782.0
4110656,Iracema do Oeste,2025,2328,81.8,28.46,54151.63
4110656,Iracema do Oeste,2026,2328,81.8,28.46,54151.63
4110706,Irati,2008,56143,1001.4,56.06,11852.7
4110706,Irati,2009,56483,1001.4,56.4,13117.82
4110706,Irati,2010,56493,1001.4,56.41,13900.87
4110706,Irati,2011,56503,1001.4,56.42,16371.1
4110706,Irati,2012,56790,1001.4,56.71,18991.39
4110706,Irati,2013,58957,1001.4,58.87,22372.64
4110706,Irati,2014,59339,1001.4,59.26,23341.48
4110706,Irati,2015,59708,1001.4,59.62,24825.53
4110706,Irati,2016,60070,1001.4,59.99,26192.96
4110706,Irati,2017,60425,1001.4,60.34,29581.53
4110706,Irati,2018,60357,1001.4,60.27,30280.48
4110706,Irati,2019,60727,1001.4,60.64,31333.36
4110706,Irati,2020,61088,1001.4,61.0,33544.69
4110706,Irati,2021,61439,1001.4,61.35,37211.07
4110706,Irati,2022,61225,1001.4,61.14,41472.72
4110706,Irati,2023,61010,1001.4,60.92,46158.73
4110706,Irati,2024,60796,1001.4,60.71,46321.21
4110706,Irati,2025,61004,1001.4,60.92,46163.27
4110706,Irati,2026,61004,1001.4,60.92,46163.27
4110805,Iretama,2008,11503,571.7,20.12,7321.83
4110805,Iretama,2009,11510,571.7,20.13,7185.23
4110805,Iretama,2010,11039,571.7,19.31,8773.98
4110805,Iretama,2011,10568,571.7,18.49,10603.33
4110805,Iretama,2012,10515,571.7,18.39,13563.1
4110805,Iretama,2013,10773,571.7,18.84,15804.7
4110805,Iretama,2014,10730,571.7,18.77,18952.84
4110805,Iretama,2015,10689,571.7,18.7,19793.99
4110805,Iretama,2016,10648,571.7,18.63,21329.73
4110805,Iretama,2017,10608,571.7,18.56,22496.42
4110805,Iretama,2018,10241,571.7,17.91,25114.64
4110805,Iretama,2019,10169,571.7,17.79,26996.56
4110805,Iretama,2020,10098,571.7,17.66,30058.82
4110805,Iretama,2021,10029,571.7,17.54,35313.89
4110805,Iretama,2022,10300,571.7,18.02,35281.75
4110805,Iretama,2023,10572,571.7,18.49,38737.04
4110805,Iretama,2024,10843,571.7,18.97,37768.88
4110805,Iretama,2025,10832,571.7,18.95,37807.24
4110805,Iretama,2026,10832,571.7,18.95,37807.24
4110904,Itaguajé,2008,4610,194.8,23.67,6955.75
4110904,Itaguajé,2009,4589,194.8,23.56,8862.5
4110904,Itaguajé,2010,4571,194.8,23.47,9723.04
4110904,Itaguajé,2011,4553,194.8,23.37,11210.63
4110904,Itaguajé,2012,4538,194.8,23.3,12856.32
4110904,Itaguajé,2013,4659,194.8,23.92,13786.65
4110904,Itaguajé,2014,4649,194.8,23.87,14108.63
4110904,Itaguajé,2015,4639,194.8,23.81,17163.61
4110904,Itaguajé,2016,4629,194.8,23.76,20133.51
4110904,Itaguajé,2017,4620,194.8,23.72,22104.11
4110904,Itaguajé,2018,4487,194.8,23.03,21819.92
4110904,Itaguajé,2019,4466,194.8,22.93,21319.08
4110904,Itaguajé,2020,4446,194.8,22.82,25494.83
4110904,Itaguajé,2021,4426,194.8,22.72,27514.23
4110904,Itaguajé,2022,4461,194.8,22.9,28509.53
4110904,Itaguajé,2023,4497,194.8,23.09,36534.36
4110904,Itaguajé,2024,4532,194.8,23.26,36252.21
4110904,Itaguajé,2025,4530,194.8,23.25,36268.21
4110904,Itaguajé,2026,4530,194.8,23.25,36268.21
4110953,Itaipulândia,2008,9122,331.6,27.51,12863.08
4110953,Itaipulândia,2009,9349,331.6,28.19,10998.61
4110953,Itaipulândia,2010,9272,331.6,27.96,14623.38
4110953,Itaipulândia,2011,9195,331.6,27.73,19158.35
4110953,Itaipulândia,2012,9357,331.6,28.22,20515.12
4110953,Itaipulândia,2013,9869,331.6,29.76,25015.4
4110953,Itaipulândia,2014,10056,331.6,30.33,27870.43
4110953,Itaipulândia,2015,10236,331.6,30.87,29386.97
4110953,Itaipulândia,2016,10413,331.6,31.4,34660.14
4110953,Itaipulândia,2017,10587,331.6,31.93,32857.09
4110953,Itaipulândia,2018,10961,331.6,33.05,32812.79
4110953,Itaipulândia,2019,11176,331.6,33.7,33539.55
4110953,Itaipulândia,2020,11385,331.6,34.33,39840.14
4110953,Itaipulândia,2021,11588,331.6,34.95,45286.85
4110953,Itaipulândia,2022,11720,331.6,35.34,43356.4
4110953,Itaipulândia,2023,11852,331.6,35.74,47821.13
4110953,Itaipulândia,2024,11984,331.6,36.14,47294.39
4110953,Itaipulândia,2025,12116,331.6,36.54,46779.14
4110953,Itaipulândia,2026,12116,331.6,36.54,46779.14
4111001,Itambaracá,2008,7130,207.8,34.31,8832.26
4111001,Itambaracá,2009,7128,207.8,34.3,9083.05
4111001,Itambaracá,2010,6931,207.8,33.35,10396.34
4111001,Itambaracá,2011,6734,207.8,32.41,12433.47
4111001,Itambaracá,2012,6710,207.8,32.29,15537.85
4111001,Itambaracá,2013,6887,207.8,33.14,16951.36
4111001,Itambaracá,2014,6869,207.8,33.06,15013.25
4111001,Itambaracá,2015,6852,207.8,32.97,17601.72
4111001,Itambaracá,2016,6835,207.8,32.89,19819.17
4111001,Itambaracá,2017,6819,207.8,32.82,20029.18
4111001,Itambaracá,2018,6616,207.8,31.84,24352.93
4111001,Itambaracá,2019,6582,207.8,31.67,23987.24
4111001,Itambaracá,2020,6549,207.8,31.52,31140.94
4111001,Itambaracá,2021,6516,207.8,31.36,34318.91
4111001,Itambaracá,2022,6302,207.8,30.33,41521.74
4111001,Itambaracá,2023,6088,207.8,29.3,45902.27
4111001,Itambaracá,2024,5874,207.8,28.27,47574.57
4111001,Itambaracá,2025,5819,207.8,28.0,48024.23
4111001,Itambaracá,2026,5819,207.8,28.0,48024.23
4111100,Itambé,2008,6075,244.4,24.86,14067.65
4111100,Itambé,2009,6082,244.4,24.89,13904.47
4111100,Itambé,2010,6032,244.4,24.68,13773.54
4111100,Itambé,2011,5981,244.4,24.47,18727.8
4111100,Itambé,2012,5983,244.4,24.48,19077.39
4111100,Itambé,2013,6173,244.4,25.26,22795.56
4111100,Itambé,2014,6183,244.4,25.3,23362.45
4111100,Itambé,2015,6192,244.4,25.34,25122.42
4111100,Itambé,2016,6201,244.4,25.37,27617.64
4111100,Itambé,2017,6210,244.4,25.41,29020.77
4111100,Itambé,2018,6107,244.4,24.99,31057.15
4111100,Itambé,2019,6108,244.4,24.99,28554.52
4111100,Itambé,2020,6109,244.4,25.0,40073.5
4111100,Itambé,2021,6110,244.4,25.0,37370.38
4111100,Itambé,2022,6145,244.4,25.14,30149.39
4111100,Itambé,2023,6180,244.4,25.29,44663.75
4111100,Itambé,2024,6215,244.4,25.43,44412.23
4111100,Itambé,2025,6228,244.4,25.48,44319.52
4111100,Itambé,2026,6228,244.4,25.48,44319.52
4111209,Itapejara d'Oeste,2008,11083,254.5,43.55,13550.93
4111209,Itapejara d'Oeste,2009,11270,254.5,44.28,14177.02
4111209,Itapejara d'Oeste,2010,10954,254.5,43.04,14618.31
4111209,Itapejara d'Oeste,2011,10637,254.5,41.8,18961.08
4111209,Itapejara d'Oeste,2012,10738,254.5,42.19,19713.08
4111209,Itapejara d'Oeste,2013,11211,254.5,44.05,25851.75
4111209,Itapejara d'Oeste,2014,11335,254.5,44.54,30489.99
4111209,Itapejara d'Oeste,2015,11454,254.5,45.01,33339.88
4111209,Itapejara d'Oeste,2016,11571,254.5,45.47,41446.72
4111209,Itapejara d'Oeste,2017,11685,254.5,45.91,45496.45
4111209,Itapejara d'Oeste,2018,11831,254.5,46.49,52016.99
4111209,Itapejara d'Oeste,2019,11964,254.5,47.01,44772.07
4111209,Itapejara d'Oeste,2020,12094,254.5,47.52,57870.35
4111209,Itapejara d'Oeste,2021,12220,254.5,48.02,61621.44
4111209,Itapejara d'Oeste,2022,12402,254.5,48.73,72561.04
4111209,Itapejara d'Oeste,2023,12584,254.5,49.45,77125.32
4111209,Itapejara d'Oeste,2024,12766,254.5,50.16,76025.77
4111209,Itapejara d'Oeste,2025,12869,254.5,50.57,75417.28
4111209,Itapejara d'Oeste,2026,12869,254.5,50.57,75417.28
4111258,Itaperuçu,2008,23132,323.7,71.46,10275.55
4111258,Itaperuçu,2009,23501,323.7,72.6,10687.84
4111258,Itaperuçu,2010,23868,323.7,73.73,11923.71
4111258,Itaperuçu,2011,24236,323.7,74.87,13642.47
4111258,Itaperuçu,2012,24573,323.7,75.91,16078.83
4111258,Itaperuçu,2013,25974,323.7,80.24,15967.47
4111258,Itaperuçu,2014,26371,323.7,81.47,16408.48
4111258,Itaperuçu,2015,26755,323.7,82.65,15366.03
4111258,Itaperuçu,2016,27131,323.7,83.82,16665.36
4111258,Itaperuçu,2017,27500,323.7,84.96,15593.93
4111258,Itaperuçu,2018,28187,323.7,87.08,18017.35
4111258,Itaperuçu,2019,28634,323.7,88.46,18015.72
4111258,Itaperuçu,2020,29070,323.7,89.81,19876.92
4111258,Itaperuçu,2021,29493,323.7,91.11,21256.81
4111258,Itaperuçu,2022,30625,323.7,94.61,22183.22
4111258,Itaperuçu,2023,31758,323.7,98.11,25181.62
4111258,Itaperuçu,2024,32890,323.7,101.61,24314.93
4111258,Itaperuçu,2025,33310,323.7,102.9,24008.35
4111258,Itaperuçu,2026,33310,323.7,102.9,24008.35
4111308,Itaúna do Sul,2008,3701,129.2,28.65,6559.31
4111308,Itaúna do Sul,2009,3621,129.2,28.03,7445.46
4111308,Itaúna do Sul,2010,3569,129.2,27.62,8617.54
4111308,Itaúna do Sul,2011,3517,129.2,27.22,11203.3
4111308,Itaúna do Sul,2012,3453,129.2,26.73,12503.33
4111308,Itaúna do Sul,2013,3476,129.2,26.9,15318.47
4111308,Itaúna do Sul,2014,3411,129.2,26.4,17538.55
4111308,Itaúna do Sul,2015,3349,129.2,25.92,19710.96
4111308,Itaúna do Sul,2016,3288,129.2,25.45,21601.58
4111308,Itaúna do Sul,2017,3229,129.2,24.99,23761.23
4111308,Itaúna do Sul,2018,2951,129.2,22.84,25677.06
4111308,Itaúna do Sul,2019,2865,129.2,22.17,26965.79
4111308,Itaúna do Sul,2020,2781,129.2,21.52,30393.74
4111308,Itaúna do Sul,2021,2700,129.2,20.9,32500.0
4111308,Itaúna do Sul,2022,3007,129.2,23.27,41438.31
4111308,Itaúna do Sul,2023,3313,129.2,25.64,45827.04
4111308,Itaúna do Sul,2024,3620,129.2,28.02,41940.61
4111308,Itaúna do Sul,2025,3607,129.2,27.92,42091.77
4111308,Itaúna do Sul,2026,3607,129.2,27.92,42091.77
4111407,Ivaí,2008,13392,609.1,21.99,10630.97
4111407,Ivaí,2009,13533,609.1,22.22,9433.09
4111407,Ivaí,2010,13210,609.1,21.69,15041.18
4111407,Ivaí,2011,12886,609.1,21.16,16123.08
4111407,Ivaí,2012,12954,609.1,21.27,17637.41
4111407,Ivaí,2013,13451,609.1,22.08,18251.06
4111407,Ivaí,2014,13541,609.1,22.23,16422.35
4111407,Ivaí,2015,13628,609.1,22.37,19883.03
4111407,Ivaí,2016,13714,609.1,22.52,20673.91
4111407,Ivaí,2017,13797,609.1,22.65,27239.76
4111407,Ivaí,2018,13791,609.1,22.64,27250.24
4111407,Ivaí,2019,13879,609.1,22.79,26693.35
4111407,Ivaí,2020,13965,609.1,22.93,33566.27
4111407,Ivaí,2021,14049,609.1,23.07,35426.51
4111407,Ivaí,2022,13857,609.1,22.75,34619.33
4111407,Ivaí,2023,13665,609.1,22.43,52036.08
4111407,Ivaí,2024,13473,609.1,22.12,52777.63
4111407,Ivaí,2025,13476,609.1,22.12,52765.88
4111407,Ivaí,2026,13476,609.1,22.12,52765.88
4111506,Ivaiporã,2008,32193,438.0,73.5,9869.26
4111506,Ivaiporã,2009,32157,438.0,73.42,10697.98
4111506,Ivaiporã,2010,31970,438.0,72.99,11249.77
4111506,Ivaiporã,2011,31782,438.0,72.56,12361.65
4111506,Ivaiporã,2012,31748,438.0,72.48,14813.15
4111506,Ivaiporã,2013,32699,438.0,74.66,17366.37
4111506,Ivaiporã,2014,32705,438.0,74.67,18362.73
4111506,Ivaiporã,2015,32710,438.0,74.68,20207.37
4111506,Ivaiporã,2016,32715,438.0,74.69,21620.45
4111506,Ivaiporã,2017,32720,438.0,74.7,23087.16
4111506,Ivaiporã,2018,32035,438.0,73.14,25612.92
4111506,Ivaiporã,2019,31984,438.0,73.02,26013.07
4111506,Ivaiporã,2020,31935,438.0,72.91,27068.14
4111506,Ivaiporã,2021,31886,438.0,72.8,29725.3
4111506,Ivaiporã,2022,32434,438.0,74.05,31179.93
4111506,Ivaiporã,2023,32981,438.0,75.3,34634.06
4111506,Ivaiporã,2024,33529,438.0,76.55,34068.0
4111506,Ivaiporã,2025,33566,438.0,76.63,34030.45
4111506,Ivaiporã,2026,33566,438.0,76.63,34030.45
4111555,Ivaté,2008,8173,411.1,19.88,10825.89
4111555,Ivaté,2009,8294,411.1,20.18,12588.74
4111555,Ivaté,2010,7927,411.1,19.28,12981.71
4111555,Ivaté,2011,7560,411.1,18.39,17834.66
4111555,Ivaté,2012,7603,411.1,18.49,18814.42
4111555,Ivaté,2013,7901,411.1,19.22,19381.22
4111555,Ivaté,2014,7958,411.1,19.36,21996.98
4111555,Ivaté,2015,8013,411.1,19.49,21361.29
4111555,Ivaté,2016,8067,411.1,19.62,24030.25
4111555,Ivaté,2017,8120,411.1,19.75,23077.71
4111555,Ivaté,2018,8128,411.1,19.77,24077.51
4111555,Ivaté,2019,8185,411.1,19.91,24629.57
4111555,Ivaté,2020,8240,411.1,20.04,24586.41
4111555,Ivaté,2021,8294,411.1,20.18,24587.65
4111555,Ivaté,2022,7807,411.1,18.99,26724.73
4111555,Ivaté,2023,7320,411.1,17.81,38310.11
4111555,Ivaté,2024,6833,411.1,16.62,41040.54
4111555,Ivaté,2025,6788,411.1,16.51,41312.61
4111555,Ivaté,2026,6788,411.1,16.51,41312.61
4111605,Ivatuba,2008,2789,96.9,28.78,15493.73
4111605,Ivatuba,2009,2786,96.9,28.75,13258.08
4111605,Ivatuba,2010,2906,96.9,29.99,14406.06
4111605,Ivatuba,2011,3027,96.9,31.24,18222.66
4111605,Ivatuba,2012,3043,96.9,31.4,21154.78
4111605,Ivatuba,2013,3159,96.9,32.6,25173.79
4111605,Ivatuba,2014,3180,96.9,32.82,24761.64
4111605,Ivatuba,2015,3201,96.9,33.03,27578.26
4111605,Ivatuba,2016,3220,96.9,33.23,33083.54
4111605,Ivatuba,2017,3240,96.9,33.44,31666.98
4111605,Ivatuba,2018,3238,96.9,33.42,34523.47
4111605,Ivatuba,2019,3259,96.9,33.63,34706.97
4111605,Ivatuba,2020,3279,96.9,33.84,42790.18
4111605,Ivatuba,2021,3299,96.9,34.05,43526.22
4111605,Ivatuba,2022,3101,96.9,32.0,39671.4
4111605,Ivatuba,2023,2903,96.9,29.96,57600.76
4111605,Ivatuba,2024,2705,96.9,27.92,61817.01
4111605,Ivatuba,2025,2685,96.9,27.71,62277.47
4111605,Ivatuba,2026,2685,96.9,27.71,62277.47
4111704,Jaboti,2008,5245,139.7,37.54,6411.06
4111704,Jaboti,2009,5307,139.7,37.99,6754.85
4111704,Jaboti,2010,5116,139.7,36.62,7699.18
4111704,Jaboti,2011,4926,139.7,35.26,10393.22
4111704,Jaboti,2012,4950,139.7,35.43,10631.31
4111704,Jaboti,2013,5135,139.7,36.76,12250.24
4111704,Jaboti,2014,5166,139.7,36.98,13462.25
4111704,Jaboti,2015,5197,139.7,37.2,15076.97
4111704,Jaboti,2016,5226,139.7,37.41,16430.73
4111704,Jaboti,2017,5255,139.7,37.62,17580.02
4111704,Jaboti,2018,5244,139.7,37.54,20628.53
4111704,Jaboti,2019,5274,139.7,37.75,20685.25
4111704,Jaboti,2020,5303,139.7,37.96,23427.31
4111704,Jaboti,2021,5332,139.7,38.17,30017.07
4111704,Jaboti,2022,5413,139.7,38.75,29403.1
4111704,Jaboti,2023,5495,139.7,39.33,28494.27
4111704,Jaboti,2024,5576,139.7,39.91,28080.34
4111704,Jaboti,2025,5655,139.7,40.48,27688.06
4111704,Jaboti,2026,5655,139.7,40.48,27688.06
4111803,Jacarezinho,2008,40526,603.8,67.12,9861.25
4111803,Jacarezinho,2009,40582,603.8,67.21,11629.22
4111803,Jacarezinho,2010,39832,603.8,65.97,13590.63
4111803,Jacarezinho,2011,39083,603.8,64.73,16381.06
4111803,Jacarezinho,2012,39045,603.8,64.67,18234.09
4111803,Jacarezinho,2013,40221,603.8,66.61,20420.65
4111803,Jacarezinho,2014,40232,603.8,66.63,22143.24
4111803,Jacarezinho,2015,40243,603.8,66.65,25623.11
4111803,Jacarezinho,2016,40253,603.8,66.67,28449.31
4111803,Jacarezinho,2017,40263,603.8,66.68,29286.86
4111803,Jacarezinho,2018,39435,603.8,65.31,34442.65
4111803,Jacarezinho,2019,39378,603.8,65.22,32421.1
4111803,Jacarezinho,2020,39322,603.8,65.12,36389.15
4111803,Jacarezinho,2021,39268,603.8,65.03,40695.45
4111803,Jacarezinho,2022,39979,603.8,66.21,45134.0
4111803,Jacarezinho,2023,40689,603.8,67.39,48096.37
4111803,Jacarezinho,2024,41400,603.8,68.57,47270.36
4111803,Jacarezinho,2025,41493,603.8,68.72,47164.41
4111803,Jacarezinho,2026,41493,603.8,68.72,47164.41
4111902,Jaguapitã,2008,12286,476.1,25.81,13295.46
4111902,Jaguapitã,2009,12414,476.1,26.07,15892.94
4111902,Jaguapitã,2010,12370,476.1,25.98,25554.49
4111902,Jaguapitã,2011,12325,476.1,25.89,28807.22
4111902,Jaguapitã,2012,12421,476.1,26.09,31276.23
4111902,Jaguapitã,2013,12939,476.1,27.18,37418.58
4111902,Jaguapitã,2014,13059,476.1,27.43,45392.91
4111902,Jaguapitã,2015,13174,476.1,27.67,48097.31
4111902,Jaguapitã,2016,13287,476.1,27.91,54953.49
4111902,Jaguapitã,2017,13398,476.1,28.14,57829.97
4111902,Jaguapitã,2018,13494,476.1,28.34,57909.74
4111902,Jaguapitã,2019,13620,476.1,28.61,59363.95
4111902,Jaguapitã,2020,13742,476.1,28.86,67492.94
4111902,Jaguapitã,2021,13861,476.1,29.11,75707.52
4111902,Jaguapitã,2022,14480,476.1,30.41,88510.5
4111902,Jaguapitã,2023,15100,476.1,31.72,96190.93
4111902,Jaguapitã,2024,15719,476.1,33.02,92403.02
4111902,Jaguapitã,2025,15908,476.1,33.41,91305.19
4111902,Jaguapitã,2026,15908,476.1,33.41,91305.19
4112009,Jaguariaíva,2008,33041,1456.0,22.69,20768.95
4112009,Jaguariaíva,2009,33244,1456.0,22.83,20661.17
4112009,Jaguariaíva,2010,32996,1456.0,22.66,21325.19
4112009,Jaguariaíva,2011,32747,1456.0,22.49,23060.19
4112009,Jaguariaíva,2012,32882,1456.0,22.58,26426.89
4112009,Jaguariaíva,2013,34096,1456.0,23.42,29041.76
4112009,Jaguariaíva,2014,34285,1456.0,23.55,34707.95
4112009,Jaguariaíva,2015,34468,1456.0,23.67,37366.51
4112009,Jaguariaíva,2016,34647,1456.0,23.8,40118.37
4112009,Jaguariaíva,2017,34822,1456.0,23.92,40872.47
4112009,Jaguariaíva,2018,34683,1456.0,23.82,42685.38
4112009,Jaguariaíva,2019,34857,1456.0,23.94,42721.23
4112009,Jaguariaíva,2020,35027,1456.0,24.06,40412.37
4112009,Jaguariaíva,2021,35192,1456.0,24.17,50831.24
4112009,Jaguariaíva,2022,35538,1456.0,24.41,53748.72
4112009,Jaguariaíva,2023,35885,1456.0,24.65,57476.24
4112009,Jaguariaíva,2024,36231,1456.0,24.88,56927.36
4112009,Jaguariaíva,2025,36384,1456.0,24.99,56687.97
4112009,Jaguariaíva,2026,36384,1456.0,24.99,56687.97
4112108,Jandaia do Sul,2008,20131,188.0,107.08,11924.84
4112108,Jandaia do Sul,2009,20159,188.0,107.23,13022.17
4112108,Jandaia do Sul,2010,20237,188.0,107.64,17753.37
4112108,Jandaia do Sul,2011,20315,188.0,108.06,22328.87
4112108,Jandaia do Sul,2012,20359,188.0,108.29,28162.29
4112108,Jandaia do Sul,2013,21057,188.0,112.01,30950.94
4112108,Jandaia do Sul,2014,21131,188.0,112.4,30047.04
4112108,Jandaia do Sul,2015,21203,188.0,112.78,25858.27
4112108,Jandaia do Sul,2016,21273,188.0,113.15,28008.13
4112108,Jandaia do Sul,2017,21341,188.0,113.52,30803.76
4112108,Jandaia do Sul,2018,21122,188.0,112.35,32094.31
4112108,Jandaia do Sul,2019,21176,188.0,112.64,36324.09
4112108,Jandaia do Sul,2020,21230,188.0,112.93,36137.26
4112108,Jandaia do Sul,2021,21281,188.0,113.2,37129.6
4112108,Jandaia do Sul,2022,21471,188.0,114.21,40862.47
4112108,Jandaia do Sul,2023,21661,188.0,115.22,44453.35
4112108,Jandaia do Sul,2024,21851,188.0,116.23,44066.82
4112108,Jandaia do Sul,2025,21930,188.0,116.65,43908.07
4112108,Jandaia do Sul,2026,21930,188.0,116.65,43908.07
4112207,Janiópolis,2008,7092,336.6,21.07,12655.81
4112207,Janiópolis,2009,6983,336.6,20.75,12723.47
4112207,Janiópolis,2010,6698,336.6,19.9,12159.45
4112207,Janiópolis,2011,6413,336.6,19.05,14208.17
4112207,Janiópolis,2012,6298,336.6,18.71,16082.72
4112207,Janiópolis,2013,6341,336.6,18.84,21826.53
4112207,Janiópolis,2014,6226,336.6,18.5,21826.37
4112207,Janiópolis,2015,6114,336.6,18.16,23132.16
4112207,Janiópolis,2016,6005,336.6,17.84,27810.16
4112207,Janiópolis,2017,5897,336.6,17.52,24944.04
4112207,Janiópolis,2018,5400,336.6,16.04,29462.59
4112207,Janiópolis,2019,5245,336.6,15.58,29634.32
4112207,Janiópolis,2020,5095,336.6,15.14,49129.15
4112207,Janiópolis,2021,4948,336.6,14.7,48895.72
4112207,Janiópolis,2022,5244,336.6,15.58,39934.97
4112207,Janiópolis,2023,5539,336.6,16.46,60827.77
4112207,Janiópolis,2024,5835,336.6,17.34,57742.07
4112207,Janiópolis,2025,5807,336.6,17.25,58020.49
4112207,Janiópolis,2026,5807,336.6,17.25,58020.49
4112306,Japira,2008,4810,188.3,25.54,7956.55
4112306,Japira,2009,4797,188.3,25.48,8429.85
4112306,Japira,2010,4850,188.3,25.76,10262.68
4112306,Japira,2011,4904,188.3,26.04,12737.56
4112306,Japira,2012,4904,188.3,26.04,14767.54
4112306,Japira,2013,5058,188.3,26.86,15378.21
4112306,Japira,2014,5065,188.3,26.9,14182.82
4112306,Japira,2015,5071,188.3,26.93,17448.43
4112306,Japira,2016,5078,188.3,26.97,19424.97
4112306,Japira,2017,5084,188.3,27.0,19885.13
4112306,Japira,2018,4995,188.3,26.53,20254.45
4112306,Japira,2019,4994,188.3,26.52,21071.69
4112306,Japira,2020,4930,188.3,26.18,23758.82
4112306,Japira,2021,4929,188.3,26.18,33154.39
4112306,Japira,2022,4973,188.3,26.41,36383.47
4112306,Japira,2023,5016,188.3,26.64,33879.59
4112306,Japira,2024,5060,188.3,26.87,33584.98
4112306,Japira,2025,5054,188.3,26.84,33624.85
4112306,Japira,2026,5054,188.3,26.84,33624.85
4112405,Japurá,2008,8585,165.6,51.84,8466.05
4112405,Japurá,2009,8663,165.6,52.31,8618.15
4112405,Japurá,2010,8636,165.6,52.15,10508.92
4112405,Japurá,2011,8610,165.6,51.99,12206.39
4112405,Japurá,2012,8669,165.6,52.35,13878.42
4112405,Japurá,2013,9020,165.6,54.47,18889.36
4112405,Japurá,2014,9095,165.6,54.92,17100.82
4112405,Japurá,2015,9167,165.6,55.36,20088.14
4112405,Japurá,2016,9238,165.6,55.79,22200.48
4112405,Japurá,2017,9307,165.6,56.2,24929.62
4112405,Japurá,2018,9349,165.6,56.46,26887.69
4112405,Japurá,2019,9425,165.6,56.91,24991.62
4112405,Japurá,2020,9500,165.6,57.37,32924.74
4112405,Japurá,2021,9573,165.6,57.81,33550.4
4112405,Japurá,2022,9500,165.6,57.37,38294.84
4112405,Japurá,2023,9427,165.6,56.93,46876.74
4112405,Japurá,2024,9354,165.6,56.49,47242.57
4112405,Japurá,2025,9393,165.6,56.72,47046.42
4112405,Japurá,2026,9393,165.6,56.72,47046.42
4112504,Jardim Alegre,2008,14867,414.2,35.89,6627.43
4112504,Jardim Alegre,2009,14976,414.2,36.16,6198.58
4112504,Jardim Alegre,2010,13598,414.2,32.83,7963.6
4112504,Jardim Alegre,2011,12221,414.2,29.51,9951.64
4112504,Jardim Alegre,2012,12121,414.2,29.26,12198.33
4112504,Jardim Alegre,2013,12371,414.2,29.87,14972.52
4112504,Jardim Alegre,2014,12280,414.2,29.65,16151.79
4112504,Jardim Alegre,2015,12191,414.2,29.43,17272.58
4112504,Jardim Alegre,2016,12104,414.2,29.22,18998.02
4112504,Jardim Alegre,2017,12019,414.2,29.02,20884.18
4112504,Jardim Alegre,2018,11465,414.2,27.68,22021.11
4112504,Jardim Alegre,2019,11328,414.2,27.35,23909.6
4112504,Jardim Alegre,2020,11196,414.2,27.03,28895.94
4112504,Jardim Alegre,2021,11067,414.2,26.72,33803.11
4112504,Jardim Alegre,2022,11421,414.2,27.57,33396.73
4112504,Jardim Alegre,2023,11776,414.2,28.43,36043.56
4112504,Jardim Alegre,2024,12130,414.2,29.29,34991.67
4112504,Jardim Alegre,2025,12138,414.2,29.3,34968.61
4112504,Jardim Alegre,2026,12138,414.2,29.3,34968.61
4112603,Jardim Olinda,2008,1498,128.8,11.63,10825.1
4112603,Jardim Olinda,2009,1494,128.8,11.6,15710.84
4112603,Jardim Olinda,2010,1448,128.8,11.24,14879.83
4112603,Jardim Olinda,2011,1401,128.8,10.88,18557.46
4112603,Jardim Olinda,2012,1392,128.8,10.81,18285.2
4112603,Jardim Olinda,2013,1424,128.8,11.06,19853.23
4112603,Jardim Olinda,2014,1416,128.8,10.99,19922.32
4112603,Jardim Olinda,2015,1409,128.8,10.94,23647.27
4112603,Jardim Olinda,2016,1403,128.8,10.89,25737.7
4112603,Jardim Olinda,2017,1396,128.8,10.84,30291.55
4112603,Jardim Olinda,2018,1343,128.8,10.43,31376.77
4112603,Jardim Olinda,2019,1331,128.8,10.33,29960.18
4112603,Jardim Olinda,2020,1320,128.8,10.25,34925.76
4112603,Jardim Olinda,2021,1309,128.8,10.16,43578.3
4112603,Jardim Olinda,2022,1324,128.8,10.28,39847.43
4112603,Jardim Olinda,2023,1338,128.8,10.39,59027.65
4112603,Jardim Olinda,2024,1353,128.8,10.5,58373.24
4112603,Jardim Olinda,2025,1349,128.8,10.47,58546.33
4112603,Jardim Olinda,2026,1349,128.8,10.47,58546.33
4112702,Jataizinho,2008,11587,159.5,72.65,7194.53
4112702,Jataizinho,2009,11604,159.5,72.75,7015.77
4112702,Jataizinho,2010,11761,159.5,73.74,9741.26
4112702,Jataizinho,2011,11918,159.5,74.72,10839.15
4112702,Jataizinho,2012,11958,159.5,74.97,11998.58
4112702,Jataizinho,2013,12387,159.5,77.66,12742.79
4112702,Jataizinho,2014,12447,159.5,78.04,15369.97
4112702,Jataizinho,2015,12504,159.5,78.39,14915.31
4112702,Jataizinho,2016,12560,159.5,78.75,15412.58
4112702,Jataizinho,2017,12615,159.5,79.09,14780.1
4112702,Jataizinho,2018,12536,159.5,78.6,15244.58
4112702,Jataizinho,2019,12588,159.5,78.92,17944.79
4112702,Jataizinho,2020,12638,159.5,79.24,19545.42
4112702,Jataizinho,2021,12687,159.5,79.54,22280.76
4112702,Jataizinho,2022,12448,159.5,78.04,24310.89
4112702,Jataizinho,2023,12210,159.5,76.55,24690.42
4112702,Jataizinho,2024,11971,159.5,75.05,25183.36
4112702,Jataizinho,2025,11996,159.5,75.21,25130.88
4112702,Jataizinho,2026,11996,159.5,75.21,25130.88
4112751,Jesuítas,2008,8948,247.9,36.1,12131.31
4112751,Jesuítas,2009,8849,247.9,35.7,11362.64
4112751,Jesuítas,2010,8894,247.9,35.88,14560.49
4112751,Jesuítas,2011,8938,247.9,36.05,18557.95
4112751,Jesuítas,2012,8876,247.9,35.8,17724.88
4112751,Jesuítas,2013,9072,247.9,36.6,22567.35
4112751,Jesuítas,2014,9017,247.9,36.37,27286.24
4112751,Jesuítas,2015,8964,247.9,36.16,29628.74
4112751,Jesuítas,2016,8912,247.9,35.95,35748.43
4112751,Jesuítas,2017,8861,247.9,35.74,37487.42
4112751,Jesuítas,2018,8495,247.9,34.27,40573.75
4112751,Jesuítas,2019,8412,247.9,33.93,37909.53
4112751,Jesuítas,2020,8330,247.9,33.6,47023.41
4112751,Jesuítas,2021,8251,247.9,33.28,53565.87
4112751,Jesuítas,2022,9121,247.9,36.79,47477.47
4112751,Jesuítas,2023,9990,247.9,40.3,55714.31
4112751,Jesuítas,2024,10860,247.9,43.81,51251.01
4112751,Jesuítas,2025,10954,247.9,44.19,50811.21
4112751,Jesuítas,2026,10954,247.9,44.19,50811.21
4112801,Joaquim Távora,2008,10662,289.8,36.79,11154.0
4112801,Joaquim Távora,2009,10755,289.8,37.11,14099.58
4112801,Joaquim Távora,2010,10787,289.8,37.22,18629.74
4112801,Joaquim Távora,2011,10819,289.8,37.33,21223.31
4112801,Joaquim Távora,2012,10899,289.8,37.61,24253.33
4112801,Joaquim Távora,2013,11347,289.8,39.15,29430.77
4112801,Joaquim Távora,2014,11447,289.8,39.5,36113.92
4112801,Joaquim Távora,2015,11544,289.8,39.83,40502.86
4112801,Joaquim Távora,2016,11639,289.8,40.16,45139.7
4112801,Joaquim Távora,2017,11731,289.8,40.48,51850.57
4112801,Joaquim Távora,2018,11803,289.8,40.73,49769.72
4112801,Joaquim Távora,2019,11908,289.8,41.09,48719.01
4112801,Joaquim Távora,2020,12009,289.8,41.44,54430.43
4112801,Joaquim Távora,2021,12108,289.8,41.78,56241.91
4112801,Joaquim Távora,2022,12165,289.8,41.98,69622.69
4112801,Joaquim Távora,2023,12223,289.8,42.18,71361.04
4112801,Joaquim Távora,2024,12280,289.8,42.37,71029.8
4112801,Joaquim Távora,2025,12341,289.8,42.58,70678.71
4112801,Joaquim Távora,2026,12341,289.8,42.58,70678.71
4112900,Jundiaí do Sul,2008,3769,321.7,11.72,9899.71
4112900,Jundiaí do Sul,2009,3777,321.7,11.74,9324.6
4112900,Jundiaí do Sul,2010,3596,321.7,11.18,11251.67
4112900,Jundiaí do Sul,2011,3416,321.7,10.62,15158.37
4112900,Jundiaí do Sul,2012,3399,321.7,10.57,17541.92
4112900,Jundiaí do Sul,2013,3483,321.7,10.83,19559.58
4112900,Jundiaí do Sul,2014,3469,321.7,10.78,17266.36
4112900,Jundiaí do Sul,2015,3456,321.7,10.74,25388.6
4112900,Jundiaí do Sul,2016,3443,321.7,10.7,28462.1
4112900,Jundiaí do Sul,2017,3430,321.7,10.66,26361.81
4112900,Jundiaí do Sul,2018,3315,321.7,10.3,22475.72
4112900,Jundiaí do Sul,2019,3292,321.7,10.23,24448.66
4112900,Jundiaí do Sul,2020,3269,321.7,10.16,35029.06
4112900,Jundiaí do Sul,2021,3248,321.7,10.1,39427.34
4112900,Jundiaí do Sul,2022,3287,321.7,10.22,49383.94
4112900,Jundiaí do Sul,2023,3327,321.7,10.34,47298.17
4112900,Jundiaí do Sul,2024,3366,321.7,10.46,46750.15
4112900,Jundiaí do Sul,2025,3372,321.7,10.48,46666.96
4112900,Jundiaí do Sul,2026,3372,321.7,10.48,46666.96
4112959,Juranda,2008,7858,355.1,22.13,20928.48
4112959,Juranda,2009,7822,355.1,22.03,16169.01
4112959,Juranda,2010,7713,355.1,21.72,19010.89
4112959,Juranda,2011,7604,355.1,21.41,22816.28
4112959,Juranda,2012,7567,355.1,21.31,26625.35
4112959,Juranda,2013,7755,355.1,21.84,32511.54
4112959,Juranda,2014,7726,355.1,21.76,34974.37
4112959,Juranda,2015,7697,355.1,21.68,37404.57
4112959,Juranda,2016,7669,355.1,21.6,43630.46
4112959,Juranda,2017,7650,355.1,21.54,40024.84
4112959,Juranda,2018,7391,355.1,20.81,45869.71
4112959,Juranda,2019,7340,355.1,20.67,42705.72
4112959,Juranda,2020,7292,355.1,20.54,54987.79
4112959,Juranda,2021,7244,355.1,20.4,60868.44
4112959,Juranda,2022,7462,355.1,21.01,54542.48
4112959,Juranda,2023,7680,355.1,21.63,64724.87
4112959,Juranda,2024,7898,355.1,22.24,62938.34
4112959,Juranda,2025,7899,355.1,22.24,62930.37
4112959,Juranda,2026,7899,355.1,22.24,62930.37
4113007,Jussara,2008,6250,211.4,29.56,16190.4
4113007,Jussara,2009,6240,211.4,29.52,17695.19
4113007,Jussara,2010,6437,211.4,30.45,14100.51
4113007,Jussara,2011,6634,211.4,31.38,15537.99
4113007,Jussara,2012,6657,211.4,31.49,19925.94
4113007,Jussara,2013,6897,211.4,32.63,21238.22
4113007,Jussara,2014,6931,211.4,32.79,25619.25
4113007,Jussara,2015,6963,211.4,32.94,28652.16
4113007,Jussara,2016,6995,211.4,33.09,30510.51
4113007,Jussara,2017,7026,211.4,33.24,30464.28
4113007,Jussara,2018,6983,211.4,33.03,32149.79
4113007,Jussara,2019,7013,211.4,33.17,31984.46
4113007,Jussara,2020,7041,211.4,33.31,52726.32
4113007,Jussara,2021,7069,211.4,33.44,57311.22
4113007,Jussara,2022,6978,211.4,33.01,53963.89
4113007,Jussara,2023,6886,211.4,32.57,53799.74
4113007,Jussara,2024,6795,211.4,32.14,54520.24
4113007,Jussara,2025,6786,211.4,32.1,54592.54
4113007,Jussara,2026,6786,211.4,32.1,54592.54
4113106,Kaloré,2008,4752,193.7,24.53,10696.55
4113106,Kaloré,2009,4718,193.7,24.36,9319.2
4113106,Kaloré,2010,4592,193.7,23.71,9869.34
4113106,Kaloré,2011,4465,193.7,23.05,12749.38
4113106,Kaloré,2012,4425,193.7,22.84,15013.11
4113106,Kaloré,2013,4511,193.7,23.29,22921.3
4113106,Kaloré,2014,4473,193.7,23.09,19703.11
4113106,Kaloré,2015,4438,193.7,22.91,22408.29
4113106,Kaloré,2016,4402,193.7,22.73,21355.29
4113106,Kaloré,2017,4368,193.7,22.55,24832.88
4113106,Kaloré,2018,4154,193.7,21.45,27260.23
4113106,Kaloré,2019,4100,193.7,21.17,27519.76
4113106,Kaloré,2020,4047,193.7,20.89,36036.08
4113106,Kaloré,2021,3996,193.7,20.63,41453.95
4113106,Kaloré,2022,4216,193.7,21.77,36737.67
4113106,Kaloré,2023,4437,193.7,22.91,45354.07
4113106,Kaloré,2024,4657,193.7,24.04,43211.51
4113106,Kaloré,2025,4666,193.7,24.09,43128.16
4113106,Kaloré,2026,4666,193.7,24.09,43128.16
4113205,Lapa,2008,42906,2097.4,20.46,13891.76
4113205,Lapa,2009,42933,2097.4,20.47,12859.41
4113205,Lapa,2010,44035,2097.4,21.0,17150.45
4113205,Lapa,2011,45137,2097.4,21.52,18843.41
4113205,Lapa,2012,45334,2097.4,21.61,21757.49
4113205,Lapa,2013,47023,2097.4,22.42,24774.03
4113205,Lapa,2014,47294,2097.4,22.55,26266.5
4113205,Lapa,2015,47557,2097.4,22.67,29436.09
4113205,Lapa,2016,47814,2097.4,22.8,36462.04
4113205,Lapa,2017,48067,2097.4,22.92,39097.78
4113205,Lapa,2018,47909,2097.4,22.84,34291.03
4113205,Lapa,2019,48163,2097.4,22.96,37455.89
4113205,Lapa,2020,48410,2097.4,23.08,41857.76
4113205,Lapa,2021,48651,2097.4,23.2,58399.19
4113205,Lapa,2022,47720,2097.4,22.75,53253.69
4113205,Lapa,2023,46788,2097.4,22.31,56586.43
4113205,Lapa,2024,45857,2097.4,21.86,57735.26
4113205,Lapa,2025,45878,2097.4,21.87,57708.84
4113205,Lapa,2026,45878,2097.4,21.87,57708.84
4113254,Laranjal,2008,6410,560.5,11.44,5638.22
4113254,Laranjal,2009,6339,560.5,11.31,6108.22
4113254,Laranjal,2010,6324,560.5,11.28,6340.92
4113254,Laranjal,2011,6308,560.5,11.25,7741.6
4113254,Laranjal,2012,6257,560.5,11.16,8722.23
4113254,Laranjal,2013,6384,560.5,11.39,9745.46
4113254,Laranjal,2014,6337,560.5,11.31,10788.54
4113254,Laranjal,2015,6292,560.5,11.23,12154.32
4113254,Laranjal,2016,6248,560.5,11.15,13234.31
4113254,Laranjal,2017,6205,560.5,11.07,13540.05
4113254,Laranjal,2018,5921,560.5,10.56,13927.55
4113254,Laranjal,2019,5852,560.5,10.44,14434.72
4113254,Laranjal,2020,5784,560.5,10.32,17449.17
4113254,Laranjal,2021,5719,560.5,10.2,19761.5
4113254,Laranjal,2022,5671,560.5,10.12,19588.96
4113254,Laranjal,2023,5623,560.5,10.03,22316.02
4113254,Laranjal,2024,5575,560.5,9.95,22508.16
4113254,Laranjal,2025,5525,560.5,9.86,22711.86
4113254,Laranjal,2026,5525,560.5,9.86,22711.86
4113304,Laranjeiras do Sul,2008,31516,675.2,46.68,8465.35
4113304,Laranjeiras do Sul,2009,31641,675.2,46.86,9072.91
4113304,Laranjeiras do Sul,2010,31238,675.2,46.26,9387.48
4113304,Laranjeiras do Sul,2011,30835,675.2,45.67,11065.67
4113304,Laranjeiras do Sul,2012,30891,675.2,45.75,12372.44
4113304,Laranjeiras do Sul,2013,31936,675.2,47.3,15479.33
4113304,Laranjeiras do Sul,2014,32036,675.2,47.45,18254.81
4113304,Laranjeiras do Sul,2015,32133,675.2,47.59,19842.19
4113304,Laranjeiras do Sul,2016,32228,675.2,47.73,21540.18
4113304,Laranjeiras do Sul,2017,32379,675.2,47.95,22554.68
4113304,Laranjeiras do Sul,2018,32006,675.2,47.4,24174.97
4113304,Laranjeiras do Sul,2019,32073,675.2,47.5,24619.15
4113304,Laranjeiras do Sul,2020,32139,675.2,47.6,27682.16
4113304,Laranjeiras do Sul,2021,32167,675.2,47.64,31949.79
4113304,Laranjeiras do Sul,2022,32479,675.2,48.1,34644.97
4113304,Laranjeiras do Sul,2023,32791,675.2,48.56,37538.47
4113304,Laranjeiras do Sul,2024,33103,675.2,49.03,37184.67
4113304,Laranjeiras do Sul,2025,33179,675.2,49.14,37099.49
4113304,Laranjeiras do Sul,2026,33179,675.2,49.14,37099.49
4113403,Leópolis,2008,4331,345.7,12.53,16487.88
4113403,Leópolis,2009,4316,345.7,12.48,12114.92
4113403,Leópolis,2010,4220,345.7,12.21,14610.9
4113403,Leópolis,2011,4123,345.7,11.93,18527.53
4113403,Leópolis,2012,4101,345.7,11.86,19251.4
4113403,Leópolis,2013,4200,345.7,12.15,25665.71
4113403,Leópolis,2014,4182,345.7,12.1,20137.02
4113403,Leópolis,2015,4165,345.7,12.05,25479.23
4113403,Leópolis,2016,4147,345.7,12.0,28827.59
4113403,Leópolis,2017,4131,345.7,11.95,29972.89
4113403,Leópolis,2018,3984,345.7,11.52,37763.05
4113403,Leópolis,2019,3954,345.7,11.44,34914.01
4113403,Leópolis,2020,3925,345.7,11.35,47854.01
4113403,Leópolis,2021,3896,345.7,11.27,58360.37
4113403,Leópolis,2022,3848,345.7,11.13,47991.94
4113403,Leópolis,2023,3799,345.7,10.99,59520.4
4113403,Leópolis,2024,3751,345.7,10.85,60282.06
4113403,Leópolis,2025,3725,345.7,10.78,60702.82
4113403,Leópolis,2026,3725,345.7,10.78,60702.82
4113429,Lidianópolis,2008,4151,151.8,27.35,9054.69
4113429,Lidianópolis,2009,4083,151.8,26.9,8339.46
4113429,Lidianópolis,2010,3997,151.8,26.33,9047.04
4113429,Lidianópolis,2011,3911,151.8,25.76,11668.88
4113429,Lidianópolis,2012,3851,151.8,25.37,13692.81
4113429,Lidianópolis,2013,3891,151.8,25.63,13980.21
4113429,Lidianópolis,2014,3831,151.8,25.24,14980.68
4113429,Lidianópolis,2015,3774,151.8,24.86,17998.94
4113429,Lidianópolis,2016,3717,151.8,24.49,21217.65
4113429,Lidianópolis,2017,3662,151.8,24.12,22164.94
4113429,Lidianópolis,2018,3391,151.8,22.34,24880.27
4113429,Lidianópolis,2019,3310,151.8,21.81,25403.63
4113429,Lidianópolis,2020,3231,151.8,21.28,34811.2
4113429,Lidianópolis,2021,3155,151.8,20.78,39835.5
4113429,Lidianópolis,2022,3433,151.8,22.62,37329.74
4113429,Lidianópolis,2023,3711,151.8,24.45,39568.04
4113429,Lidianópolis,2024,3989,151.8,26.28,36810.48
4113429,Lidianópolis,2025,3987,151.8,26.26,36828.94
4113429,Lidianópolis,2026,3987,151.8,26.26,36828.94
4113452,Lindoeste,2008,5498,347.9,15.8,13091.85
4113452,Lindoeste,2009,5419,347.9,15.58,12164.79
4113452,Lindoeste,2010,5357,347.9,15.4,15182.0
4113452,Lindoeste,2011,5295,347.9,15.22,17037.39
4113452,Lindoeste,2012,5231,347.9,15.04,20320.02
4113452,Lindoeste,2013,5309,347.9,15.26,25080.43
4113452,Lindoeste,2014,5247,347.9,15.08,30617.31
4113452,Lindoeste,2015,5187,347.9,14.91,31207.83
4113452,Lindoeste,2016,5129,347.9,14.74,33251.32
4113452,Lindoeste,2017,5071,347.9,14.58,28827.06
4113452,Lindoeste,2018,4762,347.9,13.69,34336.62
4113452,Lindoeste,2019,4676,347.9,13.44,35735.03
4113452,Lindoeste,2020,4592,347.9,13.2,40704.92
4113452,Lindoeste,2021,4488,347.9,12.9,44757.35
4113452,Lindoeste,2022,4734,347.9,13.61,49057.88
4113452,Lindoeste,2023,4980,347.9,14.31,50011.45
4113452,Lindoeste,2024,5226,347.9,15.02,47657.29
4113452,Lindoeste,2025,5217,347.9,15.0,47739.51
4113452,Lindoeste,2026,5217,347.9,15.0,47739.51
4113502,Loanda,2008,20067,724.1,27.71,8505.81
4113502,Loanda,2009,20103,724.1,27.76,9778.34
4113502,Loanda,2010,20716,724.1,28.61,10864.21
4113502,Loanda,2011,21328,724.1,29.45,12268.71
4113502,Loanda,2012,21451,724.1,29.62,15827.93
4113502,Loanda,2013,22288,724.1,30.78,17312.72
4113502,Loanda,2014,22448,724.1,31.0,19636.98
4113502,Loanda,2015,22603,724.1,31.22,20455.29
4113502,Loanda,2016,22754,724.1,31.42,21725.76
4113502,Loanda,2017,22903,724.1,31.63,23352.44
4113502,Loanda,2018,22927,724.1,31.66,25048.98
4113502,Loanda,2019,23086,724.1,31.88,25721.0
4113502,Loanda,2020,23242,724.1,32.1,28292.36
4113502,Loanda,2021,23393,724.1,32.31,29835.85
4113502,Loanda,2022,23533,724.1,32.5,31726.34
4113502,Loanda,2023,23673,724.1,32.69,38414.4
4113502,Loanda,2024,23813,724.1,32.89,38188.55
4113502,Loanda,2025,23966,724.1,33.1,37944.76
4113502,Loanda,2026,23966,724.1,33.1,37944.76
4113601,Lobato,2008,4377,241.5,18.12,20808.54
4113601,Lobato,2009,4405,241.5,18.24,24580.48
4113601,Lobato,2010,4416,241.5,18.29,22950.18
4113601,Lobato,2011,4427,241.5,18.33,27172.13
4113601,Lobato,2012,4452,241.5,18.43,28339.85
4113601,Lobato,2013,4626,241.5,19.16,29836.79
4113601,Lobato,2014,4658,241.5,19.29,27579.0
4113601,Lobato,2015,4690,241.5,19.42,32464.61
4113601,Lobato,2016,4721,241.5,19.55,37476.59
4113601,Lobato,2017,4751,241.5,19.67,38552.73
4113601,Lobato,2018,4755,241.5,19.69,38826.92
4113601,Lobato,2019,4787,241.5,19.82,38496.14
4113601,Lobato,2020,4819,241.5,19.95,46945.84
4113601,Lobato,2021,4850,241.5,20.08,44446.19
4113601,Lobato,2022,4798,241.5,19.87,55172.36
4113601,Lobato,2023,4745,241.5,19.65,70256.69
4113601,Lobato,2024,4693,241.5,19.43,71035.16
4113601,Lobato,2025,4707,241.5,19.49,70823.88
4113601,Lobato,2026,4707,241.5,19.49,70823.88
4113700,Londrina,2008,505184,1656.1,305.04,17427.36
4113700,Londrina,2009,510707,1656.1,308.38,18688.25
4113700,Londrina,2010,510993,1656.1,308.55,21180.3
4113700,Londrina,2011,511279,1656.1,308.72,24515.17
4113700,Londrina,2012,515707,1656.1,311.4,28638.45
4113700,Londrina,2013,537566,1656.1,324.6,29711.85
4113700,Londrina,2014,543003,1656.1,327.88,30305.19
4113700,Londrina,2015,548249,1656.1,331.05,32372.87
4113700,Londrina,2016,553393,1656.1,334.15,33384.71
4113700,Londrina,2017,558439,1656.1,337.2,34454.22
4113700,Londrina,2018,563943,1656.1,340.52,35381.57
4113700,Londrina,2019,569733,1656.1,344.02,37897.61
4113700,Londrina,2020,575377,1656.1,347.43,37715.09
4113700,Londrina,2021,580870,1656.1,350.75,40635.08
4113700,Londrina,2022,579686,1656.1,350.03,45223.02
4113700,Londrina,2023,578502,1656.1,349.32,48400.07
4113700,Londrina,2024,577318,1656.1,348.6,48499.33
4113700,Londrina,2025,581382,1656.1,351.05,48160.31
4113700,Londrina,2026,581382,1656.1,351.05,48160.31
4113734,Luiziana,2008,7380,918.8,8.03,21543.9
4113734,Luiziana,2009,7357,918.8,8.01,19880.11
4113734,Luiziana,2010,7328,918.8,7.98,17742.9
4113734,Luiziana,2011,7298,918.8,7.94,21777.34
4113734,Luiziana,2012,7282,918.8,7.93,27651.47
4113734,Luiziana,2013,7487,918.8,8.15,32716.71
4113734,Luiziana,2014,7479,918.8,8.14,34686.99
4113734,Luiziana,2015,7471,918.8,8.13,34008.97
4113734,Luiziana,2016,7463,918.8,8.12,32312.88
4113734,Luiziana,2017,7455,918.8,8.11,34909.73
4113734,Luiziana,2018,7285,918.8,7.93,45024.16
4113734,Luiziana,2019,7262,918.8,7.9,43263.98
4113734,Luiziana,2020,7240,918.8,7.88,69021.82
4113734,Luiziana,2021,7217,918.8,7.85,75773.59
4113734,Luiziana,2022,7043,918.8,7.67,68100.38
4113734,Luiziana,2023,6870,918.8,7.48,87240.32
4113734,Luiziana,2024,6696,918.8,7.29,89507.32
4113734,Luiziana,2025,6659,918.8,7.25,90004.66
4113734,Luiziana,2026,6659,918.8,7.25,90004.66
4113759,Lunardelli,2008,5152,199.7,25.8,7876.55
4113759,Lunardelli,2009,5094,199.7,25.51,7836.08
4113759,Lunardelli,2010,5108,199.7,25.58,8546.59
4113759,Lunardelli,2011,5122,199.7,25.65,9520.3
4113759,Lunardelli,2012,5084,199.7,25.46,11405.78
4113759,Lunardelli,2013,5193,199.7,26.0,11887.93
4113759,Lunardelli,2014,5159,199.7,25.83,11592.94
4113759,Lunardelli,2015,5127,199.7,25.67,13610.3
4113759,Lunardelli,2016,5095,199.7,25.51,14501.67
4113759,Lunardelli,2017,5063,199.7,25.35,17049.38
4113759,Lunardelli,2018,4845,199.7,24.26,18306.09
4113759,Lunardelli,2019,4794,199.7,24.01,18804.55
4113759,Lunardelli,2020,4744,199.7,23.76,24757.38
4113759,Lunardelli,2021,4695,199.7,23.51,30289.67
4113759,Lunardelli,2022,4764,199.7,23.86,26456.13
4113759,Lunardelli,2023,4833,199.7,24.2,30475.89
4113759,Lunardelli,2024,4902,199.7,24.55,30046.92
4113759,Lunardelli,2025,4864,199.7,24.36,30281.66
4113759,Lunardelli,2026,4864,199.7,24.36,30281.66
4113809,Lupionópolis,2008,4521,121.4,37.24,10127.18
4113809,Lupionópolis,2009,4538,121.4,37.38,10289.33
4113809,Lupionópolis,2010,4576,121.4,37.69,9463.07
4113809,Lupionópolis,2011,4613,121.4,38.0,12691.52
4113809,Lupionópolis,2012,4633,121.4,38.16,13899.2
4113809,Lupionópolis,2013,4805,121.4,39.58,15055.36
4113809,Lupionópolis,2014,4832,121.4,39.8,14918.67
4113809,Lupionópolis,2015,4859,121.4,40.02,17570.9
4113809,Lupionópolis,2016,4885,121.4,40.24,18868.78
4113809,Lupionópolis,2017,4911,121.4,40.45,21183.47
4113809,Lupionópolis,2018,4894,121.4,40.31,20925.01
4113809,Lupionópolis,2019,4920,121.4,40.53,19952.03
4113809,Lupionópolis,2020,4945,121.4,40.73,25540.14
4113809,Lupionópolis,2021,4969,121.4,40.93,26463.67
4113809,Lupionópolis,2022,4950,121.4,40.77,29143.84
4113809,Lupionópolis,2023,4930,121.4,40.61,33437.32
4113809,Lupionópolis,2024,4911,121.4,40.45,33566.69
4113809,Lupionópolis,2025,4929,121.4,40.6,33444.11
4113809,Lupionópolis,2026,4929,121.4,40.6,33444.11
4113908,Mallet,2008,12778,761.6,16.78,14741.9
4113908,Mallet,2009,12784,761.6,16.79,15697.51
4113908,Mallet,2010,12893,761.6,16.93,19814.32
4113908,Mallet,2011,13002,761.6,17.07,23424.47
4113908,Mallet,2012,13030,761.6,17.11,25830.31
4113908,Mallet,2013,13475,761.6,17.69,29266.42
4113908,Mallet,2014,13522,761.6,17.75,36337.82
4113908,Mallet,2015,13567,761.6,17.81,38581.93
4113908,Mallet,2016,13611,761.6,17.87,44323.56
4113908,Mallet,2017,13738,761.6,18.04,47872.62
4113908,Mallet,2018,13595,761.6,17.85,52248.25
4113908,Mallet,2019,13630,761.6,17.9,50667.28
4113908,Mallet,2020,13663,761.6,17.94,50844.32
4113908,Mallet,2021,13697,761.6,17.98,55369.57
4113908,Mallet,2022,13683,761.6,17.97,62359.28
4113908,Mallet,2023,13669,761.6,17.95,71206.09
4113908,Mallet,2024,13655,761.6,17.93,71279.09
4113908,Mallet,2025,13681,761.6,17.96,71143.63
4113908,Mallet,2026,13681,761.6,17.96,71143.63
4114005,Mamborê,2008,14421,789.5,18.27,18521.46
4114005,Mamborê,2009,14332,789.5,18.15,17678.2
4114005,Mamborê,2010,14101,789.5,17.86,18160.98
4114005,Mamborê,2011,13870,789.5,17.57,22981.4
4114005,Mamborê,2012,13781,789.5,17.46,25342.65
4114005,Mamborê,2013,14095,789.5,17.85,30771.69
4114005,Mamborê,2014,14017,789.5,17.75,32736.25
4114005,Mamborê,2015,13943,789.5,17.66,33886.9
4114005,Mamborê,2016,13870,789.5,17.57,38060.56
4114005,Mamborê,2017,13798,789.5,17.48,35879.11
4114005,Mamborê,2018,13252,789.5,16.79,41063.31
4114005,Mamborê,2019,13132,789.5,16.63,42776.65
4114005,Mamborê,2020,13014,789.5,16.48,60495.77
4114005,Mamborê,2021,12900,789.5,16.34,61486.59
4114005,Mamborê,2022,13124,789.5,16.62,59959.01
4114005,Mamborê,2023,13348,789.5,16.91,64370.77
4114005,Mamborê,2024,13572,789.5,17.19,63308.36
4114005,Mamborê,2025,13551,789.5,17.16,63406.46
4114005,Mamborê,2026,13551,789.5,17.16,63406.46
4114104,Mandaguaçu,2008,19058,294.8,64.65,9453.62
4114104,Mandaguaçu,2009,19270,294.8,65.37,11312.09
4114104,Mandaguaçu,2010,19639,294.8,66.62,12121.49
4114104,Mandaguaçu,2011,20008,294.8,67.87,13875.2
4114104,Mandaguaçu,2012,20227,294.8,68.61,16041.58
4114104,Mandaguaçu,2013,21156,294.8,71.76,18074.49
4114104,Mandaguaçu,2014,21419,294.8,72.66,19167.47
4114104,Mandaguaçu,2015,21672,294.8,73.51,21274.22
4114104,Mandaguaçu,2016,21920,294.8,74.36,23063.41
4114104,Mandaguaçu,2017,22164,294.8,75.18,24701.86
4114104,Mandaguaçu,2018,22531,294.8,76.43,24761.79
4114104,Mandaguaçu,2019,22819,294.8,77.41,27272.89
4114104,Mandaguaçu,2020,23100,294.8,78.36,26724.68
4114104,Mandaguaçu,2021,23373,294.8,79.28,29424.25
4114104,Mandaguaçu,2022,26833,294.8,91.02,30146.05
4114104,Mandaguaçu,2023,30292,294.8,102.75,32860.49
4114104,Mandaguaçu,2024,33752,294.8,114.49,29491.88
4114104,Mandaguaçu,2025,34521,294.8,117.1,28834.91
4114104,Mandaguaçu,2026,34521,294.8,117.1,28834.91
4114203,Mandaguari,2008,32976,336.7,97.94,14177.74
4114203,Mandaguari,2009,33109,336.7,98.33,14851.73
4114203,Mandaguari,2010,32932,336.7,97.81,16590.85
4114203,Mandaguari,2011,32755,336.7,97.28,18778.45
4114203,Mandaguari,2012,32849,336.7,97.56,21605.65
4114203,Mandaguari,2013,34006,336.7,101.0,25748.54
4114203,Mandaguari,2014,34150,336.7,101.43,31021.02
4114203,Mandaguari,2015,34289,336.7,101.84,34007.0
4114203,Mandaguari,2016,34425,336.7,102.24,38742.28
4114203,Mandaguari,2017,34559,336.7,102.64,44587.49
4114203,Mandaguari,2018,34281,336.7,101.81,45663.22
4114203,Mandaguari,2019,34400,336.7,102.17,43453.4
4114203,Mandaguari,2020,34515,336.7,102.51,48919.51
4114203,Mandaguari,2021,34628,336.7,102.85,53012.19
4114203,Mandaguari,2022,35769,336.7,106.23,73720.88
4114203,Mandaguari,2023,36909,336.7,109.62,79018.67
4114203,Mandaguari,2024,38050,336.7,113.01,76649.15
4114203,Mandaguari,2025,38313,336.7,113.79,76122.99
4114203,Mandaguari,2026,38313,336.7,113.79,76122.99
4114302,Mandirituba,2008,21498,379.9,56.59,13260.95
4114302,Mandirituba,2009,21885,379.9,57.61,13730.87
4114302,Mandirituba,2010,22232,379.9,58.52,15919.62
4114302,Mandirituba,2011,22580,379.9,59.44,17459.79
4114302,Mandirituba,2012,22927,379.9,60.35,19073.89
4114302,Mandirituba,2013,24112,379.9,63.47,20969.1
4114302,Mandirituba,2014,24516,379.9,64.53,22476.83
4114302,Mandirituba,2015,24905,379.9,65.56,22118.97
4114302,Mandirituba,2016,25287,379.9,66.56,21684.82
4114302,Mandirituba,2017,25662,379.9,67.55,22894.94
4114302,Mandirituba,2018,26411,379.9,69.52,23214.0
4114302,Mandirituba,2019,26869,379.9,70.73,22696.64
4114302,Mandirituba,2020,27315,379.9,71.9,22259.82
4114302,Mandirituba,2021,27750,379.9,73.05,23964.43
4114302,Mandirituba,2022,28087,379.9,73.93,25982.48
4114302,Mandirituba,2023,28424,379.9,74.82,28195.64
4114302,Mandirituba,2024,28761,379.9,75.71,27865.27
4114302,Mandirituba,2025,29104,379.9,76.61,27536.87
4114302,Mandirituba,2026,29104,379.9,76.61,27536.87
4114351,Manfrinópolis,2008,3334,216.2,15.42,8077.08
4114351,Manfrinópolis,2009,3283,216.2,15.19,8339.02
4114351,Manfrinópolis,2010,3180,216.2,14.71,10115.09
4114351,Manfrinópolis,2011,3076,216.2,14.23,11184.98
4114351,Manfrinópolis,2012,3026,216.2,14.0,11321.88
4114351,Manfrinópolis,2013,3053,216.2,14.12,14770.06
4114351,Manfrinópolis,2014,3003,216.2,13.89,15300.7
4114351,Manfrinópolis,2015,2954,216.2,13.66,16202.78
4114351,Manfrinópolis,2016,2907,216.2,13.45,18750.26
4114351,Manfrinópolis,2017,2861,216.2,13.23,19305.49
4114351,Manfrinópolis,2018,2639,216.2,12.21,19930.66
4114351,Manfrinópolis,2019,2571,216.2,11.89,21620.77
4114351,Manfrinópolis,2020,2506,216.2,11.59,28966.08
4114351,Manfrinópolis,2021,2442,216.2,11.3,33362.82
4114351,Manfrinópolis,2022,2548,216.2,11.79,30689.17
4114351,Manfrinópolis,2023,2655,216.2,12.28,39321.66
4114351,Manfrinópolis,2024,2761,216.2,12.77,37812.02
4114351,Manfrinópolis,2025,2790,216.2,12.9,37419.0
4114351,Manfrinópolis,2026,2790,216.2,12.9,37419.0
4114401,Mangueirinha,2008,17562,1057.4,16.61,36192.23
4114401,Mangueirinha,2009,17526,1057.4,16.57,35000.34
4114401,Mangueirinha,2010,17260,1057.4,16.32,41167.32
4114401,Mangueirinha,2011,16994,1057.4,16.07,46401.55
4114401,Mangueirinha,2012,16941,1057.4,16.02,60916.06
4114401,Mangueirinha,2013,17402,1057.4,16.46,62974.49
4114401,Mangueirinha,2014,17367,1057.4,16.42,47753.33
4114401,Mangueirinha,2015,17334,1057.4,16.39,62251.18
4114401,Mangueirinha,2016,17301,1057.4,16.36,98115.25
4114401,Mangueirinha,2017,17269,1057.4,16.33,76194.22
4114401,Mangueirinha,2018,16787,1057.4,15.88,80181.09
4114401,Mangueirinha,2019,16714,1057.4,15.81,87374.48
4114401,Mangueirinha,2020,16642,1057.4,15.74,93858.07
4114401,Mangueirinha,2021,16572,1057.4,15.67,107003.86
4114401,Mangueirinha,2022,16636,1057.4,15.73,103378.88
4114401,Mangueirinha,2023,16700,1057.4,15.79,111958.98
4114401,Mangueirinha,2024,16764,1057.4,15.85,111531.56
4114401,Mangueirinha,2025,16737,1057.4,15.83,111711.48
4114401,Mangueirinha,2026,16737,1057.4,15.83,111711.48
4114500,Manoel Ribas,2008,13119,572.2,22.93,10473.44
4114500,Manoel Ribas,2009,13113,572.2,22.92,10624.27
4114500,Manoel Ribas,2010,13145,572.2,22.97,11040.7
4114500,Manoel Ribas,2011,13177,572.2,23.03,13576.53
4114500,Manoel Ribas,2012,13185,572.2,23.04,15922.11
4114500,Manoel Ribas,2013,13610,572.2,23.79,20380.38
4114500,Manoel Ribas,2014,13635,572.2,23.83,21795.97
4114500,Manoel Ribas,2015,13660,572.2,23.87,21983.6
4114500,Manoel Ribas,2016,13684,572.2,23.91,26111.96
4114500,Manoel Ribas,2017,13708,572.2,23.96,22962.36
4114500,Manoel Ribas,2018,13494,572.2,23.58,28109.23
4114500,Manoel Ribas,2019,13502,572.2,23.6,27482.15
4114500,Manoel Ribas,2020,13510,572.2,23.61,34071.43
4114500,Manoel Ribas,2021,13517,572.2,23.62,39319.97
4114500,Manoel Ribas,2022,13870,572.2,24.24,45695.24
4114500,Manoel Ribas,2023,14223,572.2,24.86,46136.26
4114500,Manoel Ribas,2024,14576,572.2,25.47,45018.94
4114500,Manoel Ribas,2025,14675,572.2,25.65,44715.23
4114500,Manoel Ribas,2026,14675,572.2,25.65,44715.23
4114609,Marechal Cândido Rondon,2008,46523,747.4,62.25,17408.36
4114609,Marechal Cândido Rondon,2009,47048,747.4,62.95,16153.52
4114609,Marechal Cândido Rondon,2010,47157,747.4,63.09,20857.75
4114609,Marechal Cândido Rondon,2011,47266,747.4,63.24,24327.44
4114609,Marechal Cândido Rondon,2012,47697,747.4,63.82,26143.57
4114609,Marechal Cândido Rondon,2013,49773,747.4,66.59,30121.67
4114609,Marechal Cândido Rondon,2014,50299,747.4,67.3,33995.84
4114609,Marechal Cândido Rondon,2015,50808,747.4,67.98,36042.38
4114609,Marechal Cândido Rondon,2016,51306,747.4,68.65,40507.47
4114609,Marechal Cândido Rondon,2017,51795,747.4,69.3,42466.42
4114609,Marechal Cândido Rondon,2018,52379,747.4,70.08,44733.61
4114609,Marechal Cândido Rondon,2019,52944,747.4,70.84,44316.94
4114609,Marechal Cândido Rondon,2020,53495,747.4,71.57,52950.86
4114609,Marechal Cândido Rondon,2021,54031,747.4,72.29,54112.44
4114609,Marechal Cândido Rondon,2022,55401,747.4,74.12,65544.74
4114609,Marechal Cândido Rondon,2023,56770,747.4,75.96,69033.06
4114609,Marechal Cândido Rondon,2024,58140,747.4,77.79,67406.38
4114609,Marechal Cândido Rondon,2025,58734,747.4,78.58,66724.67
4114609,Marechal Cândido Rondon,2026,58734,747.4,78.58,66724.67
4114708,Maria Helena,2008,6145,487.4,12.61,5844.1
4114708,Maria Helena,2009,6115,487.4,12.55,6219.3
4114708,Maria Helena,2010,6020,487.4,12.35,7281.73
4114708,Maria Helena,2011,5924,487.4,12.15,8357.53
4114708,Maria Helena,2012,5892,487.4,12.09,9904.96
4114708,Maria Helena,2013,6034,487.4,12.38,10223.73
4114708,Maria Helena,2014,6007,487.4,12.32,11484.93
4114708,Maria Helena,2015,5982,487.4,12.27,13550.15
4114708,Maria Helena,2016,5957,487.4,12.22,17133.29
4114708,Maria Helena,2017,5932,487.4,12.17,16903.91
4114708,Maria Helena,2018,5720,487.4,11.74,18991.08
4114708,Maria Helena,2019,5677,487.4,11.65,17627.27
4114708,Maria Helena,2020,5634,487.4,11.56,22962.02
4114708,Maria Helena,2021,5593,487.4,11.48,24037.73
4114708,Maria Helena,2022,5707,487.4,11.71,24283.16
4114708,Maria Helena,2023,5821,487.4,11.94,30305.27
4114708,Maria Helena,2024,5935,487.4,12.18,29723.17
4114708,Maria Helena,2025,5926,487.4,12.16,29768.31
4114708,Maria Helena,2026,5926,487.4,12.16,29768.31
4114807,Marialva,2008,31171,476.5,65.42,12026.72
4114807,Marialva,2009,31397,476.5,65.89,13070.64
4114807,Marialva,2010,31803,476.5,66.74,14887.05
4114807,Marialva,2011,32209,476.5,67.59,19233.13
4114807,Marialva,2012,32451,476.5,68.1,22178.7
4114807,Marialva,2013,33794,476.5,70.92,26748.98
4114807,Marialva,2014,34096,476.5,71.56,30584.67
4114807,Marialva,2015,34388,476.5,72.17,37688.32
4114807,Marialva,2016,34675,476.5,72.77,39611.33
4114807,Marialva,2017,34955,476.5,73.36,41401.29
4114807,Marialva,2018,35180,476.5,73.83,42116.43
4114807,Marialva,2019,35496,476.5,74.49,42134.13
4114807,Marialva,2020,35804,476.5,75.14,56932.72
4114807,Marialva,2021,36103,476.5,75.77,73523.89
4114807,Marialva,2022,38768,476.5,81.36,71151.21
4114807,Marialva,2023,41433,476.5,86.95,71552.14
4114807,Marialva,2024,44098,476.5,92.55,67227.99
4114807,Marialva,2025,44749,476.5,93.91,66249.97
4114807,Marialva,2026,44749,476.5,93.91,66249.97
4114906,Marilândia do Sul,2008,9193,385.5,23.85,16606.77
4114906,Marilândia do Sul,2009,9197,385.5,23.86,15373.82
4114906,Marilândia do Sul,2010,9022,385.5,23.4,16716.03
4114906,Marilândia do Sul,2011,8848,385.5,22.95,22351.04
4114906,Marilândia do Sul,2012,8832,385.5,22.91,26660.1
4114906,Marilândia do Sul,2013,9088,385.5,23.57,29492.41
4114906,Marilândia do Sul,2014,9083,385.5,23.56,24688.65
4114906,Marilândia do Sul,2015,9078,385.5,23.55,29105.86
4114906,Marilândia do Sul,2016,9073,385.5,23.54,29470.96
4114906,Marilândia do Sul,2017,9068,385.5,23.52,32658.69
4114906,Marilândia do Sul,2018,8858,385.5,22.98,37611.2
4114906,Marilândia do Sul,2019,8836,385.5,22.92,36478.84
4114906,Marilândia do Sul,2020,8814,385.5,22.86,44437.6
4114906,Marilândia do Sul,2021,8793,385.5,22.81,53045.95
4114906,Marilândia do Sul,2022,8787,385.5,22.79,56251.28
4114906,Marilândia do Sul,2023,8780,385.5,22.78,58117.08
4114906,Marilândia do Sul,2024,8774,385.5,22.76,58156.83
4114906,Marilândia do Sul,2025,8761,385.5,22.73,58243.12
4114906,Marilândia do Sul,2026,8761,385.5,22.73,58243.12
4115002,Marilena,2008,6715,232.9,28.83,4983.62
4115002,Marilena,2009,6704,232.9,28.78,6649.91
4115002,Marilena,2010,6785,232.9,29.13,7361.83
4115002,Marilena,2011,6866,232.9,29.48,7897.32
4115002,Marilena,2012,6874,232.9,29.51,9083.07
4115002,Marilena,2013,7100,232.9,30.49,10633.1
4115002,Marilena,2014,7117,232.9,30.56,13833.22
4115002,Marilena,2015,7134,232.9,30.63,14812.73
4115002,Marilena,2016,7150,232.9,30.7,15708.39
4115002,Marilena,2017,7166,232.9,30.77,17623.92
4115002,Marilena,2018,7067,232.9,30.34,19342.3
4115002,Marilena,2019,7076,232.9,30.38,21320.52
4115002,Marilena,2020,7084,232.9,30.42,24157.68
4115002,Marilena,2021,7093,232.9,30.46,24600.31
4115002,Marilena,2022,7198,232.9,30.91,29297.3
4115002,Marilena,2023,7304,232.9,31.36,32480.42
4115002,Marilena,2024,7409,232.9,31.81,32020.11
4115002,Marilena,2025,7450,232.9,31.99,31843.89
4115002,Marilena,2026,7450,232.9,31.99,31843.89
4115101,Mariluz,2008,10817,434.1,24.92,7791.07
4115101,Mariluz,2009,10861,434.1,25.02,7081.67
4115101,Mariluz,2010,10540,434.1,24.28,8332.73
4115101,Mariluz,2011,10219,434.1,23.54,10193.95
4115101,Mariluz,2012,10214,434.1,23.53,11424.03
4115101,Mariluz,2013,10526,434.1,24.25,14440.15
4115101,Mariluz,2014,10534,434.1,24.27,16236.57
4115101,Mariluz,2015,10541,434.1,24.28,16198.27
4115101,Mariluz,2016,10548,434.1,24.3,20071.1
4115101,Mariluz,2017,10555,434.1,24.31,19835.34
4115101,Mariluz,2018,10354,434.1,23.85,22239.13
4115101,Mariluz,2019,10345,434.1,23.83,20272.89
4115101,Mariluz,2020,10336,434.1,23.81,26111.55
4115101,Mariluz,2021,10327,434.1,23.79,27535.49
4115101,Mariluz,2022,10196,434.1,23.49,25247.45
4115101,Mariluz,2023,10065,434.1,23.19,40134.82
4115101,Mariluz,2024,9934,434.1,22.88,40664.08
4115101,Mariluz,2025,9910,434.1,22.83,40762.56
4115101,Mariluz,2026,9910,434.1,22.83,40762.56
4115200,Maringá,2008,331412,488.3,678.71,18360.57
4115200,Maringá,2009,335511,488.3,687.1,21427.75
4115200,Maringá,2010,348920,488.3,714.56,24518.42
4115200,Maringá,2011,362329,488.3,742.02,27215.78
4115200,Maringá,2012,367410,488.3,752.43,31001.62
4115200,Maringá,2013,385753,488.3,789.99,35750.9
4115200,Maringá,2014,391698,488.3,802.17,37189.94
4115200,Maringá,2015,397437,488.3,813.92,38894.23
4115200,Maringá,2016,403063,488.3,825.44,39924.6
4115200,Maringá,2017,406693,488.3,832.88,41583.18
4115200,Maringá,2018,417010,488.3,854.0,44441.29
4115200,Maringá,2019,423666,488.3,867.63,45581.28
4115200,Maringá,2020,430157,488.3,880.93,46478.13
4115200,Maringá,2021,436472,488.3,893.86,51906.51
4115200,Maringá,2022,432976,488.3,886.7,61593.19
4115200,Maringá,2023,429479,488.3,879.54,64769.98
4115200,Maringá,2024,425983,488.3,872.38,65301.54
4115200,Maringá,2025,429660,488.3,879.91,64742.69
4115200,Maringá,2026,429660,488.3,879.91,64742.69
4115309,Mariópolis,2008,5956,230.9,25.79,16364.17
4115309,Mariópolis,2009,5944,230.9,25.74,16548.62
4115309,Mariópolis,2010,6116,230.9,26.49,17023.87
4115309,Mariópolis,2011,6288,230.9,27.23,19652.67
4115309,Mariópolis,2012,6306,230.9,27.31,21320.01
4115309,Mariópolis,2013,6529,230.9,28.28,27737.17
4115309,Mariópolis,2014,6558,230.9,28.4,29657.67
4115309,Mariópolis,2015,6585,230.9,28.52,30838.88
4115309,Mariópolis,2016,6612,230.9,28.64,35764.52
4115309,Mariópolis,2017,6638,230.9,28.75,34630.91
4115309,Mariópolis,2018,6586,230.9,28.52,42681.29
4115309,Mariópolis,2019,6610,230.9,28.63,44024.96
4115309,Mariópolis,2020,6632,230.9,28.72,56090.47
4115309,Mariópolis,2021,6655,230.9,28.82,66102.33
4115309,Mariópolis,2022,6595,230.9,28.56,95645.94
4115309,Mariópolis,2023,6535,230.9,28.3,84779.5
4115309,Mariópolis,2024,6475,230.9,28.04,85565.1
4115309,Mariópolis,2025,6506,230.9,28.18,85157.39
4115309,Mariópolis,2026,6506,230.9,28.18,85157.39
4115358,Maripá,2008,5698,284.4,20.04,24300.98
4115358,Maripá,2009,5673,284.4,19.95,22533.4
4115358,Maripá,2010,5671,284.4,19.94,27059.78
4115358,Maripá,2011,5669,284.4,19.93,31860.82
4115358,Maripá,2012,5654,284.4,19.88,30176.34
4115358,Maripá,2013,5810,284.4,20.43,46487.61
4115358,Maripá,2014,5802,284.4,20.4,47300.93
4115358,Maripá,2015,5793,284.4,20.37,50906.61
4115358,Maripá,2016,5784,284.4,20.34,62632.61
4115358,Maripá,2017,5776,284.4,20.31,57296.75
4115358,Maripá,2018,5624,284.4,19.77,62614.69
4115358,Maripá,2019,5603,284.4,19.7,60984.12
4115358,Maripá,2020,5582,284.4,19.63,80020.24
4115358,Maripá,2021,5562,284.4,19.56,85960.09
4115358,Maripá,2022,5964,284.4,20.97,62556.17
4115358,Maripá,2023,6365,284.4,22.38,84160.72
4115358,Maripá,2024,6767,284.4,23.79,79161.08
4115358,Maripá,2025,6824,284.4,23.99,78499.85
4115358,Maripá,2026,6824,284.4,23.99,78499.85
4115408,Marmeleiro,2008,13493,388.3,34.75,10508.86
4115408,Marmeleiro,2009,13463,388.3,34.67,11124.71
4115408,Marmeleiro,2010,13691,388.3,35.26,11831.5
4115408,Marmeleiro,2011,13919,388.3,35.85,12858.83
4115408,Marmeleiro,2012,13936,388.3,35.89,14062.57
4115408,Marmeleiro,2013,14397,388.3,37.08,19052.65
4115408,Marmeleiro,2014,14434,388.3,37.17,21447.35
4115408,Marmeleiro,2015,14470,388.3,37.27,24545.75
4115408,Marmeleiro,2016,14505,388.3,37.36,27731.47
4115408,Marmeleiro,2017,14539,388.3,37.44,29490.54
4115408,Marmeleiro,2018,14346,388.3,36.95,31572.15
4115408,Marmeleiro,2019,14367,388.3,37.0,29566.78
4115408,Marmeleiro,2020,14387,388.3,37.05,37638.98
4115408,Marmeleiro,2021,14407,388.3,37.1,44083.02
4115408,Marmeleiro,2022,15067,388.3,38.8,42790.6
4115408,Marmeleiro,2023,15726,388.3,40.5,46954.28
4115408,Marmeleiro,2024,16386,388.3,42.2,45063.04
4115408,Marmeleiro,2025,16605,388.3,42.76,44468.71
4115408,Marmeleiro,2026,16605,388.3,42.76,44468.71
4115457,Marquinho,2008,5300,504.9,10.5,7268.3
4115457,Marquinho,2009,5258,504.9,10.41,7151.2
4115457,Marquinho,2010,5094,504.9,10.09,7529.25
4115457,Marquinho,2011,4929,504.9,9.76,7764.66
4115457,Marquinho,2012,4879,504.9,9.66,8297.19
4115457,Marquinho,2013,4965,504.9,9.83,11032.23
4115457,Marquinho,2014,4917,504.9,9.74,13011.19
4115457,Marquinho,2015,4871,504.9,9.65,14265.86
4115457,Marquinho,2016,4826,504.9,9.56,16728.97
4115457,Marquinho,2017,4725,504.9,9.36,16277.04
4115457,Marquinho,2018,4472,504.9,8.86,19146.24
4115457,Marquinho,2019,4405,504.9,8.72,18813.85
4115457,Marquinho,2020,4340,504.9,8.6,24788.71
4115457,Marquinho,2021,4283,504.9,8.48,26022.41
4115457,Marquinho,2022,4362,504.9,8.64,28899.13
4115457,Marquinho,2023,4442,504.9,8.8,30387.66
4115457,Marquinho,2024,4521,504.9,8.95,29856.67
4115457,Marquinho,2025,4491,504.9,8.89,30056.11
4115457,Marquinho,2026,4491,504.9,8.89,30056.11
4115507,Marumbi,2008,4200,208.9,20.11,7617.62
4115507,Marumbi,2009,4154,208.9,19.89,8240.49
4115507,Marumbi,2010,4378,208.9,20.96,8578.57
4115507,Marumbi,2011,4603,208.9,22.03,9253.96
4115507,Marumbi,2012,4602,208.9,22.03,10925.03
4115507,Marumbi,2013,4745,208.9,22.71,12480.72
4115507,Marumbi,2014,4750,208.9,22.74,12798.74
4115507,Marumbi,2015,4755,208.9,22.76,13189.7
4115507,Marumbi,2016,4760,208.9,22.79,14224.58
4115507,Marumbi,2017,4765,208.9,22.81,15761.59
4115507,Marumbi,2018,4681,208.9,22.41,16218.54
4115507,Marumbi,2019,4679,208.9,22.4,17281.47
4115507,Marumbi,2020,4677,208.9,22.39,18871.93
4115507,Marumbi,2021,4676,208.9,22.38,22123.82
4115507,Marumbi,2022,4710,208.9,22.55,23100.21
4115507,Marumbi,2023,4744,208.9,22.71,28312.18
4115507,Marumbi,2024,4778,208.9,22.87,28110.72
4115507,Marumbi,2025,4780,208.9,22.88,28098.95
4115507,Marumbi,2026,4780,208.9,22.88,28098.95
4115606,Matelândia,2008,16056,641.0,25.05,13450.49
4115606,Matelândia,2009,16217,641.0,25.3,13990.07
4115606,Matelândia,2010,16214,641.0,25.29,15742.88
4115606,Matelândia,2011,16212,641.0,25.29,19576.12
4115606,Matelândia,2012,16340,641.0,25.49,23178.46
4115606,Matelândia,2013,17026,641.0,26.56,29879.48
4115606,Matelândia,2014,17186,641.0,26.81,33660.71
4115606,Matelândia,2015,17340,641.0,27.05,37767.82
4115606,Matelândia,2016,17491,641.0,27.29,43168.83
4115606,Matelândia,2017,17640,641.0,27.52,48866.84
4115606,Matelândia,2018,17775,641.0,27.73,51478.2
4115606,Matelândia,2019,17943,641.0,27.99,47077.02
4115606,Matelândia,2020,18107,641.0,28.25,54738.28
4115606,Matelândia,2021,18266,641.0,28.5,60022.23
4115606,Matelândia,2022,18518,641.0,28.89,69568.96
4115606,Matelândia,2023,18770,641.0,29.28,76761.59
4115606,Matelândia,2024,19022,641.0,29.68,75744.66
4115606,Matelândia,2025,19223,641.0,29.99,74952.66
4115606,Matelândia,2026,19223,641.0,29.99,74952.66
4115705,Matinhos,2008,23968,118.0,203.12,14082.69
4115705,Matinhos,2009,23925,118.0,202.75,11895.72
4115705,Matinhos,2010,26878,118.0,227.78,12580.55
4115705,Matinhos,2011,29831,118.0,252.81,12277.33
4115705,Matinhos,2012,30220,118.0,256.1,14288.48
4115705,Matinhos,2013,31690,118.0,268.56,16547.08
4115705,Matinhos,2014,32148,118.0,272.44,18875.45
4115705,Matinhos,2015,32591,118.0,276.19,27084.47
4115705,Matinhos,2016,33024,118.0,279.86,28583.64
4115705,Matinhos,2017,33450,118.0,283.47,22305.29
4115705,Matinhos,2018,34207,118.0,289.89,22284.82
4115705,Matinhos,2019,34720,118.0,294.24,22858.84
4115705,Matinhos,2020,35219,118.0,298.47,23293.08
4115705,Matinhos,2021,35705,118.0,302.58,24988.99
4115705,Matinhos,2022,37609,118.0,318.72,26602.62
4115705,Matinhos,2023,39512,118.0,334.85,29059.65
4115705,Matinhos,2024,41416,118.0,350.98,27723.71
4115705,Matinhos,2025,42063,118.0,356.47,27297.27
4115705,Matinhos,2026,42063,118.0,356.47,27297.27
4115739,Mato Rico,2008,4235,395.4,10.71,8663.52
4115739,Mato Rico,2009,4205,395.4,10.63,6271.82
4115739,Mato Rico,2010,3986,395.4,10.08,8185.15
4115739,Mato Rico,2011,3766,395.4,9.52,9714.29
4115739,Mato Rico,2012,3716,395.4,9.4,11573.74
4115739,Mato Rico,2013,3765,395.4,9.52,14652.32
4115739,Mato Rico,2014,3716,395.4,9.4,17107.91
4115739,Mato Rico,2015,3668,395.4,9.28,14040.08
4115739,Mato Rico,2016,3622,395.4,9.16,21180.84
4115739,Mato Rico,2017,3576,395.4,9.04,20746.92
4115739,Mato Rico,2018,3340,395.4,8.45,24217.07
4115739,Mato Rico,2019,3272,395.4,8.28,21933.07
4115739,Mato Rico,2020,3206,395.4,8.11,30537.43
4115739,Mato Rico,2021,3142,395.4,7.95,39206.56
4115739,Mato Rico,2022,3174,395.4,8.03,41427.54
4115739,Mato Rico,2023,3205,395.4,8.11,49094.54
4115739,Mato Rico,2024,3237,395.4,8.19,48609.21
4115739,Mato Rico,2025,3249,395.4,8.22,48429.67
4115739,Mato Rico,2026,3249,395.4,8.22,48429.67
4115754,Mauá da Serra,2008,8268,108.5,76.2,14327.65
4115754,Mauá da Serra,2009,8446,108.5,77.84,14354.84
4115754,Mauá da Serra,2010,8580,108.5,79.08,15632.75
4115754,Mauá da Serra,2011,8715,108.5,80.32,19034.65
4115754,Mauá da Serra,2012,8870,108.5,81.75,19769.22
4115754,Mauá da Serra,2013,9355,108.5,86.22,22279.1
4115754,Mauá da Serra,2014,9534,108.5,87.87,22618.52
4115754,Mauá da Serra,2015,9705,108.5,89.45,23704.79
4115754,Mauá da Serra,2016,9874,108.5,91.0,27308.99
4115754,Mauá da Serra,2017,10039,108.5,92.53,27805.76
4115754,Mauá da Serra,2018,10397,108.5,95.82,28379.72
4115754,Mauá da Serra,2019,10601,108.5,97.71,29140.08
4115754,Mauá da Serra,2020,10800,108.5,99.54,33026.76
4115754,Mauá da Serra,2021,10994,108.5,101.33,33991.09
4115754,Mauá da Serra,2022,10539,108.5,97.13,51637.25
4115754,Mauá da Serra,2023,10083,108.5,92.93,52287.22
4115754,Mauá da Serra,2024,9628,108.5,88.74,54758.21
4115754,Mauá da Serra,2025,9689,108.5,89.3,54413.46
4115754,Mauá da Serra,2026,9689,108.5,89.3,54413.46
4115804,Medianeira,2008,39700,329.4,120.52,14984.96
4115804,Medianeira,2009,39857,329.4,121.0,16209.7
4115804,Medianeira,2010,40990,329.4,124.44,18303.44
4115804,Medianeira,2011,42124,329.4,127.88,21754.63
4115804,Medianeira,2012,42420,329.4,128.78,24382.77
4115804,Medianeira,2013,44149,329.4,134.03,28674.33
4115804,Medianeira,2014,44523,329.4,135.16,31048.72
4115804,Medianeira,2015,44885,329.4,136.26,33029.23
4115804,Medianeira,2016,45239,329.4,137.34,36981.87
4115804,Medianeira,2017,45586,329.4,138.39,39995.74
4115804,Medianeira,2018,45812,329.4,139.08,42116.0
4115804,Medianeira,2019,46198,329.4,140.25,42284.71
4115804,Medianeira,2020,46574,329.4,141.39,44412.91
4115804,Medianeira,2021,46940,329.4,142.5,52024.71
4115804,Medianeira,2022,50333,329.4,152.8,52540.28
4115804,Medianeira,2023,53727,329.4,163.11,55979.23
4115804,Medianeira,2024,57120,329.4,173.41,52653.99
4115804,Medianeira,2025,57910,329.4,175.8,51935.69
4115804,Medianeira,2026,57910,329.4,175.8,51935.69
4115853,Mercedes,2008,4879,197.6,24.69,16898.54
4115853,Mercedes,2009,4902,197.6,24.81,13944.51
4115853,Mercedes,2010,4991,197.6,25.26,17099.38
4115853,Mercedes,2011,5080,197.6,25.71,19142.52
4115853,Mercedes,2012,5113,197.6,25.88,20994.52
4115853,Mercedes,2013,5316,197.6,26.9,27848.57
4115853,Mercedes,2014,5357,197.6,27.11,30034.53
4115853,Mercedes,2015,5398,197.6,27.32,32309.93
4115853,Mercedes,2016,5437,197.6,27.52,36693.21
4115853,Mercedes,2017,5476,197.6,27.71,37414.17
4115853,Mercedes,2018,5493,197.6,27.8,39391.41
4115853,Mercedes,2019,5536,197.6,28.02,35571.53
4115853,Mercedes,2020,5577,197.6,28.22,44276.13
4115853,Mercedes,2021,5617,197.6,28.43,49530.18
4115853,Mercedes,2022,5790,197.6,29.3,45340.93
4115853,Mercedes,2023,5963,197.6,30.18,52300.69
4115853,Mercedes,2024,6136,197.6,31.05,50826.11
4115853,Mercedes,2025,6194,197.6,31.35,50350.18
4115853,Mercedes,2026,6194,197.6,31.35,50350.18
4115903,Mirador,2008,2385,222.3,10.73,13377.78
4115903,Mirador,2009,2371,222.3,10.67,15438.21
4115903,Mirador,2010,2342,222.3,10.54,18124.25
4115903,Mirador,2011,2314,222.3,10.41,25933.88
4115903,Mirador,2012,2301,222.3,10.35,23284.66
4115903,Mirador,2013,2355,222.3,10.59,23605.1
4115903,Mirador,2014,2345,222.3,10.55,27597.87
4115903,Mirador,2015,2334,222.3,10.5,37659.81
4115903,Mirador,2016,2324,222.3,10.45,37351.55
4115903,Mirador,2017,2314,222.3,10.41,35340.97
4115903,Mirador,2018,2231,222.3,10.04,45871.36
4115903,Mirador,2019,2213,222.3,9.96,45770.45
4115903,Mirador,2020,2196,222.3,9.88,59231.79
4115903,Mirador,2021,2180,222.3,9.81,58089.45
4115903,Mirador,2022,2206,222.3,9.92,57101.99
4115903,Mirador,2023,2232,222.3,10.04,80196.68
4115903,Mirador,2024,2258,222.3,10.16,79273.25
4115903,Mirador,2025,2248,222.3,10.11,79625.89
4115903,Mirador,2026,2248,222.3,10.11,79625.89
4116000,Miraselva,2008,1949,90.5,21.54,8478.71
4116000,Miraselva,2009,1946,90.5,21.5,9646.97
4116000,Miraselva,2010,1900,90.5,20.99,11094.74
4116000,Miraselva,2011,1855,90.5,20.5,11449.6
4116000,Miraselva,2012,1848,90.5,20.42,14590.91
4116000,Miraselva,2013,1896,90.5,20.95,14950.42
4116000,Miraselva,2014,1890,90.5,20.88,16882.54
4116000,Miraselva,2015,1885,90.5,20.83,18876.92
4116000,Miraselva,2016,1880,90.5,20.77,21369.68
4116000,Miraselva,2017,1875,90.5,20.72,23900.27
4116000,Miraselva,2018,1816,90.5,20.07,21294.6
4116000,Miraselva,2019,1806,90.5,19.96,22512.74
4116000,Miraselva,2020,1796,90.5,19.85,23763.92
4116000,Miraselva,2021,1786,90.5,19.73,29296.75
4116000,Miraselva,2022,1860,90.5,20.55,32964.52
4116000,Miraselva,2023,1934,90.5,21.37,35881.08
4116000,Miraselva,2024,2008,90.5,22.19,34558.76
4116000,Miraselva,2025,2017,90.5,22.29,34404.56
4116000,Miraselva,2026,2017,90.5,22.29,34404.56
4116059,Missal,2008,10739,325.2,33.02,15597.54
4116059,Missal,2009,10760,325.2,33.09,13536.06
4116059,Missal,2010,10619,325.2,32.65,17159.15
4116059,Missal,2011,10478,325.2,32.22,19945.22
4116059,Missal,2012,10481,325.2,32.23,20833.7
4116059,Missal,2013,10813,325.2,33.25,27594.1
4116059,Missal,2014,10830,325.2,33.3,26276.64
4116059,Missal,2015,10847,325.2,33.35,27486.68
4116059,Missal,2016,10863,325.2,33.4,30581.52
4116059,Missal,2017,10879,325.2,33.45,29334.96
4116059,Missal,2018,10700,325.2,32.9,32446.73
4116059,Missal,2019,10702,325.2,32.91,34096.9
4116059,Missal,2020,10704,325.2,32.92,36196.38
4116059,Missal,2021,10706,325.2,32.92,43566.22
4116059,Missal,2022,10904,325.2,33.53,39574.56
4116059,Missal,2023,11103,325.2,34.14,44736.38
4116059,Missal,2024,11301,325.2,34.75,43952.57
4116059,Missal,2025,11423,325.2,35.13,43483.15
4116059,Missal,2026,11423,325.2,35.13,43483.15
4116109,Moreira Sales,2008,13263,354.6,37.4,10247.53
4116109,Moreira Sales,2009,13238,354.6,37.33,10208.34
4116109,Moreira Sales,2010,12892,354.6,36.36,9456.1
4116109,Moreira Sales,2011,12546,354.6,35.38,11793.48
4116109,Moreira Sales,2012,12487,354.6,35.21,11701.21
4116109,Moreira Sales,2013,12800,354.6,36.1,14196.56
4116109,Moreira Sales,2014,12754,354.6,35.97,16646.54
4116109,Moreira Sales,2015,12709,354.6,35.84,18323.16
4116109,Moreira Sales,2016,12664,354.6,35.71,19071.54
4116109,Moreira Sales,2017,12621,354.6,35.59,23097.62
4116109,Moreira Sales,2018,12201,354.6,34.41,25425.87
4116109,Moreira Sales,2019,12121,354.6,34.18,24672.72
4116109,Moreira Sales,2020,12042,354.6,33.96,24374.02
4116109,Moreira Sales,2021,11966,354.6,33.75,25584.49
4116109,Moreira Sales,2022,11690,354.6,32.97,23259.45
4116109,Moreira Sales,2023,11413,354.6,32.19,33479.19
4116109,Moreira Sales,2024,11137,354.6,31.41,34308.88
4116109,Moreira Sales,2025,11043,354.6,31.14,34600.92
4116109,Moreira Sales,2026,11043,354.6,31.14,34600.92
4116208,Morretes,2008,16853,685.9,24.57,6611.76
4116208,Morretes,2009,17000,685.9,24.78,7113.94
4116208,Morretes,2010,16376,685.9,23.88,8784.14
4116208,Morretes,2011,15753,685.9,22.97,10176.86
4116208,Morretes,2012,15785,685.9,23.01,12134.43
4116208,Morretes,2013,16325,685.9,23.8,13999.2
4116208,Morretes,2014,16381,685.9,23.88,14088.4
4116208,Morretes,2015,16435,685.9,23.96,15190.75
4116208,Morretes,2016,16488,685.9,24.04,18287.54
4116208,Morretes,2017,16540,685.9,24.11,18945.89
4116208,Morretes,2018,16366,685.9,23.86,20421.54
4116208,Morretes,2019,16406,685.9,23.92,21415.4
4116208,Morretes,2020,16446,685.9,23.98,22403.08
4116208,Morretes,2021,16485,685.9,24.03,23610.01
4116208,Morretes,2022,17293,685.9,25.21,24039.15
4116208,Morretes,2023,18100,685.9,26.39,29542.1
4116208,Morretes,2024,18908,685.9,27.57,28279.67
4116208,Morretes,2025,19089,685.9,27.83,28011.52
4116208,Morretes,2026,19089,685.9,27.83,28011.52
4116307,Munhoz de Melo,2008,3688,137.4,26.84,10229.39
4116307,Munhoz de Melo,2009,3714,137.4,27.03,10435.11
4116307,Munhoz de Melo,2010,3704,137.4,26.96,11421.71
4116307,Munhoz de Melo,2011,3693,137.4,26.88,13792.04
4116307,Munhoz de Melo,2012,3713,137.4,27.02,15802.32
4116307,Munhoz de Melo,2013,3857,137.4,28.07,18455.02
4116307,Munhoz de Melo,2014,3883,137.4,28.26,18259.08
4116307,Munhoz de Melo,2015,3909,137.4,28.45,20202.1
4116307,Munhoz de Melo,2016,3934,137.4,28.63,21575.75
4116307,Munhoz de Melo,2017,3958,137.4,28.81,24218.54
4116307,Munhoz de Melo,2018,3958,137.4,28.81,24148.05
4116307,Munhoz de Melo,2019,3984,137.4,29.0,24427.71
4116307,Munhoz de Melo,2020,4009,137.4,29.18,31986.28
4116307,Munhoz de Melo,2021,4034,137.4,29.36,33943.73
4116307,Munhoz de Melo,2022,4038,137.4,29.39,36583.7
4116307,Munhoz de Melo,2023,4041,137.4,29.41,43717.64
4116307,Munhoz de Melo,2024,4045,137.4,29.44,43674.41
4116307,Munhoz de Melo,2025,4057,137.4,29.53,43545.23
4116307,Munhoz de Melo,2026,4057,137.4,29.53,43545.23
4116406,Nossa Senhora das Graças,2008,4038,186.2,21.69,8118.62
4116406,Nossa Senhora das Graças,2009,4055,186.2,21.78,8196.3
4116406,Nossa Senhora das Graças,2010,3992,186.2,21.44,8545.84
4116406,Nossa Senhora das Graças,2011,3929,186.2,21.1,11397.05
4116406,Nossa Senhora das Graças,2012,3930,186.2,21.11,14583.21
4116406,Nossa Senhora das Graças,2013,4053,186.2,21.77,14556.62
4116406,Nossa Senhora das Graças,2014,4059,186.2,21.8,14875.59
4116406,Nossa Senhora das Graças,2015,4064,186.2,21.83,14858.02
4116406,Nossa Senhora das Graças,2016,4070,186.2,21.86,17689.19
4116406,Nossa Senhora das Graças,2017,4075,186.2,21.89,17936.69
4116406,Nossa Senhora das Graças,2018,4008,186.2,21.53,17624.75
4116406,Nossa Senhora das Graças,2019,4008,186.2,21.53,18562.38
4116406,Nossa Senhora das Graças,2020,4008,186.2,21.53,23149.95
4116406,Nossa Senhora das Graças,2021,4009,186.2,21.53,24822.9
4116406,Nossa Senhora das Graças,2022,3901,186.2,20.95,26589.85
4116406,Nossa Senhora das Graças,2023,3793,186.2,20.37,33459.79
4116406,Nossa Senhora das Graças,2024,3685,186.2,19.79,34440.43
4116406,Nossa Senhora das Graças,2025,3669,186.2,19.7,34590.62
4116406,Nossa Senhora das Graças,2026,3669,186.2,19.7,34590.62
4116505,Nova Aliança do Ivaí,2008,1426,131.6,10.84,11269.28
4116505,Nova Aliança do Ivaí,2009,1434,131.6,10.9,12403.07
4116505,Nova Aliança do Ivaí,2010,1436,131.6,10.91,13972.84
4116505,Nova Aliança do Ivaí,2011,1439,131.6,10.93,17436.41
4116505,Nova Aliança do Ivaí,2012,1446,131.6,10.99,18172.2
4116505,Nova Aliança do Ivaí,2013,1500,131.6,11.4,20244.67
4116505,Nova Aliança do Ivaí,2014,1509,131.6,11.47,22865.47
4116505,Nova Aliança do Ivaí,2015,1518,131.6,11.53,23216.07
4116505,Nova Aliança do Ivaí,2016,1527,131.6,11.6,25563.85
4116505,Nova Aliança do Ivaí,2017,1536,131.6,11.67,29891.28
4116505,Nova Aliança do Ivaí,2018,1534,131.6,11.66,27477.18
4116505,Nova Aliança do Ivaí,2019,1543,131.6,11.72,26686.97
4116505,Nova Aliança do Ivaí,2020,1551,131.6,11.79,29502.9
4116505,Nova Aliança do Ivaí,2021,1560,131.6,11.85,33285.9
4116505,Nova Aliança do Ivaí,2022,1482,131.6,11.26,34634.28
4116505,Nova Aliança do Ivaí,2023,1405,131.6,10.68,50703.2
4116505,Nova Aliança do Ivaí,2024,1327,131.6,10.08,53683.5
4116505,Nova Aliança do Ivaí,2025,1322,131.6,10.05,53886.54
4116505,Nova Aliança do Ivaí,2026,1322,131.6,10.05,53886.54
4116604,Nova América da Colina,2008,3358,129.8,25.87,11355.57
4116604,Nova América da Colina,2009,3331,129.8,25.66,17977.48
4116604,Nova América da Colina,2010,3400,129.8,26.19,12413.82
4116604,Nova América da Colina,2011,3470,129.8,26.73,15213.83
4116604,Nova América da Colina,2012,3462,129.8,26.67,15475.16
4116604,Nova América da Colina,2013,3560,129.8,27.43,17464.89
4116604,Nova América da Colina,2014,3556,129.8,27.4,16580.15
4116604,Nova América da Colina,2015,3553,129.8,27.37,21208.56
4116604,Nova América da Colina,2016,3549,129.8,27.34,24040.01
4116604,Nova América da Colina,2017,3545,129.8,27.31,23825.11
4116604,Nova América da Colina,2018,3456,129.8,26.63,21431.71
4116604,Nova América da Colina,2019,3445,129.8,26.54,22000.58
4116604,Nova América da Colina,2020,3434,129.8,26.46,27837.22
4116604,Nova América da Colina,2021,3424,129.8,26.38,28504.67
4116604,Nova América da Colina,2022,3382,129.8,26.06,30275.58
4116604,Nova América da Colina,2023,3341,129.8,25.74,32354.68
4116604,Nova América da Colina,2024,3299,129.8,25.42,32766.6
4116604,Nova América da Colina,2025,3286,129.8,25.32,32896.23
4116604,Nova América da Colina,2026,3286,129.8,25.32,32896.23
4116703,Nova Aurora,2008,11833,471.6,25.09,17163.61
4116703,Nova Aurora,2009,11636,471.6,24.67,15956.86
4116703,Nova Aurora,2010,11683,471.6,24.77,17542.41
4116703,Nova Aurora,2011,11730,471.6,24.87,20871.78
4116703,Nova Aurora,2012,11598,471.6,24.59,24358.42
4116703,Nova Aurora,2013,11786,471.6,24.99,31266.93
4116703,Nova Aurora,2014,11659,471.6,24.72,34330.3
4116703,Nova Aurora,2015,11537,471.6,24.46,37843.89
4116703,Nova Aurora,2016,11418,471.6,24.21,45562.97
4116703,Nova Aurora,2017,11300,471.6,23.96,48606.99
4116703,Nova Aurora,2018,10650,471.6,22.58,58756.53
4116703,Nova Aurora,2019,10472,471.6,22.21,52995.42
4116703,Nova Aurora,2020,10299,471.6,21.84,72354.4
4116703,Nova Aurora,2021,10131,471.6,21.48,80915.51
4116703,Nova Aurora,2022,11494,471.6,24.37,74087.35
4116703,Nova Aurora,2023,12856,471.6,27.26,80959.32
4116703,Nova Aurora,2024,14219,471.6,30.15,73198.75
4116703,Nova Aurora,2025,14331,471.6,30.39,72626.68
4116703,Nova Aurora,2026,14331,471.6,30.39,72626.68
4116802,Nova Cantu,2008,7714,556.8,13.85,10700.54
4116802,Nova Cantu,2009,7481,556.8,13.44,11104.0
4116802,Nova Cantu,2010,7358,556.8,13.21,10376.6
4116802,Nova Cantu,2011,7234,556.8,12.99,12448.44
4116802,Nova Cantu,2012,7050,556.8,12.66,16505.82
4116802,Nova Cantu,2013,7023,556.8,12.61,21042.15
4116802,Nova Cantu,2014,6833,556.8,12.27,23677.89
4116802,Nova Cantu,2015,6650,556.8,11.94,26633.23
4116802,Nova Cantu,2016,6471,556.8,11.62,30366.4
4116802,Nova Cantu,2017,6295,556.8,11.31,29419.38
4116802,Nova Cantu,2018,5550,556.8,9.97,36110.09
4116802,Nova Cantu,2019,5302,556.8,9.52,37449.45
4116802,Nova Cantu,2020,5061,556.8,9.09,61091.48
4116802,Nova Cantu,2021,4827,556.8,8.67,72112.49
4116802,Nova Cantu,2022,5484,556.8,9.85,61051.6
4116802,Nova Cantu,2023,6142,556.8,11.03,55637.41
4116802,Nova Cantu,2024,6799,556.8,12.21,50261.07
4116802,Nova Cantu,2025,6739,556.8,12.1,50708.56
4116802,Nova Cantu,2026,6739,556.8,12.1,50708.56
4116901,Nova Esperança,2008,26532,402.6,65.9,10229.42
4116901,Nova Esperança,2009,26591,402.6,66.05,11807.49
4116901,Nova Esperança,2010,26638,402.6,66.16,14390.31
4116901,Nova Esperança,2011,26684,402.6,66.28,15086.34
4116901,Nova Esperança,2012,26749,402.6,66.44,16402.37
4116901,Nova Esperança,2013,27678,402.6,68.75,18668.08
4116901,Nova Esperança,2014,27783,402.6,69.01,20386.42
4116901,Nova Esperança,2015,27886,402.6,69.26,21121.1
4116901,Nova Esperança,2016,27986,402.6,69.51,23567.18
4116901,Nova Esperança,2017,28084,402.6,69.76,27241.31
4116901,Nova Esperança,2018,27821,402.6,69.1,26154.7
4116901,Nova Esperança,2019,27904,402.6,69.31,26296.27
4116901,Nova Esperança,2020,27984,402.6,69.51,30741.5
4116901,Nova Esperança,2021,28062,402.6,69.7,33610.61
4116901,Nova Esperança,2022,27755,402.6,68.94,39118.36
4116901,Nova Esperança,2023,27449,402.6,68.18,45666.44
4116901,Nova Esperança,2024,27142,402.6,67.42,46182.96
4116901,Nova Esperança,2025,27142,402.6,67.42,46182.96
4116901,Nova Esperança,2026,27142,402.6,67.42,46182.96
4116950,Nova Esperança do Sudoeste,2008,5334,208.9,25.53,9008.06
4116950,Nova Esperança do Sudoeste,2009,5337,208.9,25.55,9553.49
4116950,Nova Esperança do Sudoeste,2010,5212,208.9,24.95,10977.17
4116950,Nova Esperança do Sudoeste,2011,5086,208.9,24.35,13030.67
4116950,Nova Esperança do Sudoeste,2012,5074,208.9,24.29,13340.17
4116950,Nova Esperança do Sudoeste,2013,5218,208.9,24.98,14441.93
4116950,Nova Esperança do Sudoeste,2014,5211,208.9,24.94,16876.42
4116950,Nova Esperança do Sudoeste,2015,5206,208.9,24.92,18797.54
4116950,Nova Esperança do Sudoeste,2016,5200,208.9,24.89,20431.35
4116950,Nova Esperança do Sudoeste,2017,5194,208.9,24.86,21011.36
4116950,Nova Esperança do Sudoeste,2018,5063,208.9,24.24,21289.95
4116950,Nova Esperança do Sudoeste,2019,5046,208.9,24.16,22373.37
4116950,Nova Esperança do Sudoeste,2020,5030,208.9,24.08,27743.74
4116950,Nova Esperança do Sudoeste,2021,5014,208.9,24.0,32866.37
4116950,Nova Esperança do Sudoeste,2022,5257,208.9,25.17,31387.48
4116950,Nova Esperança do Sudoeste,2023,5501,208.9,26.33,36133.43
4116950,Nova Esperança do Sudoeste,2024,5744,208.9,27.5,34604.81
4116950,Nova Esperança do Sudoeste,2025,5783,208.9,27.68,34371.43
4116950,Nova Esperança do Sudoeste,2026,5783,208.9,27.68,34371.43
4117008,Nova Fátima,2008,8270,284.2,29.1,9976.06
4117008,Nova Fátima,2009,8259,284.2,29.06,7895.63
4117008,Nova Fátima,2010,8197,284.2,28.84,10370.14
4117008,Nova Fátima,2011,8135,284.2,28.62,13652.49
4117008,Nova Fátima,2012,8124,284.2,28.59,14272.28
4117008,Nova Fátima,2013,8363,284.2,29.43,16926.1
4117008,Nova Fátima,2014,8361,284.2,29.42,16303.19
4117008,Nova Fátima,2015,8359,284.2,29.41,21908.24
4117008,Nova Fátima,2016,8357,284.2,29.41,24833.91
4117008,Nova Fátima,2017,8356,284.2,29.4,35745.45
4117008,Nova Fátima,2018,8170,284.2,28.75,30298.9
4117008,Nova Fátima,2019,8153,284.2,28.69,26484.36
4117008,Nova Fátima,2020,8136,284.2,28.63,34595.75
4117008,Nova Fátima,2021,8120,284.2,28.57,38784.24
4117008,Nova Fátima,2022,7814,284.2,27.49,45604.68
4117008,Nova Fátima,2023,7507,284.2,26.41,43617.02
4117008,Nova Fátima,2024,7201,284.2,25.34,45470.49
4117008,Nova Fátima,2025,7140,284.2,25.12,45858.96
4117008,Nova Fátima,2026,7140,284.2,25.12,45858.96
4117057,Nova Laranjeiras,2008,11598,1212.8,9.56,8006.81
4117057,Nova Laranjeiras,2009,11577,1212.8,9.55,7085.86
4117057,Nova Laranjeiras,2010,11392,1212.8,9.39,7583.57
4117057,Nova Laranjeiras,2011,11206,1212.8,9.24,8258.61
4117057,Nova Laranjeiras,2012,11690,1212.8,9.64,8871.17
4117057,Nova Laranjeiras,2013,12010,1212.8,9.9,11244.05
4117057,Nova Laranjeiras,2014,11988,1212.8,9.88,13030.03
4117057,Nova Laranjeiras,2015,11968,1212.8,9.87,13987.05
4117057,Nova Laranjeiras,2016,11947,1212.8,9.85,16465.22
4117057,Nova Laranjeiras,2017,11927,1212.8,9.83,16429.19
4117057,Nova Laranjeiras,2018,11603,1212.8,9.57,17539.34
4117057,Nova Laranjeiras,2019,11554,1212.8,9.53,19111.3
4117057,Nova Laranjeiras,2020,11507,1212.8,9.49,21983.92
4117057,Nova Laranjeiras,2021,11462,1212.8,9.45,26896.18
4117057,Nova Laranjeiras,2022,11737,1212.8,9.68,27039.87
4117057,Nova Laranjeiras,2023,12012,1212.8,9.9,31499.5
4117057,Nova Laranjeiras,2024,12287,1212.8,10.13,30794.5
4117057,Nova Laranjeiras,2025,12298,1212.8,10.14,30766.95
4117057,Nova Laranjeiras,2026,12298,1212.8,10.14,30766.95
4117107,Nova Londrina,2008,12933,270.1,47.88,9935.9
4117107,Nova Londrina,2009,12898,270.1,47.75,11269.27
4117107,Nova Londrina,2010,12979,270.1,48.05,12966.18
4117107,Nova Londrina,2011,13060,270.1,48.35,14345.48
4117107,Nova Londrina,2012,13052,270.1,48.32,15349.91
4117107,Nova Londrina,2013,13452,270.1,49.8,17749.85
4117107,Nova Londrina,2014,13461,270.1,49.84,18746.9
4117107,Nova Londrina,2015,13470,270.1,49.87,20476.84
4117107,Nova Londrina,2016,13478,270.1,49.9,22530.42
4117107,Nova Londrina,2017,13486,270.1,49.93,24870.38
4117107,Nova Londrina,2018,13225,270.1,48.96,24026.24
4117107,Nova Londrina,2019,13213,270.1,48.92,26104.06
4117107,Nova Londrina,2020,13200,270.1,48.87,30174.55
4117107,Nova Londrina,2021,13188,270.1,48.83,33586.21
4117107,Nova Londrina,2022,13154,270.1,48.7,45387.56
4117107,Nova Londrina,2023,13119,270.1,48.57,54761.64
4117107,Nova Londrina,2024,13085,270.1,48.45,54903.94
4117107,Nova Londrina,2025,13074,270.1,48.4,54950.13
4117107,Nova Londrina,2026,13074,270.1,48.4,54950.13
4117206,Nova Olímpia,2008,5385,136.7,39.39,6473.35
4117206,Nova Olímpia,2009,5391,136.7,39.44,6817.66
4117206,Nova Olímpia,2010,5456,136.7,39.91,7387.28
4117206,Nova Olímpia,2011,5521,136.7,40.39,7493.39
4117206,Nova Olímpia,2012,5537,136.7,40.5,8746.97
4117206,Nova Olímpia,2013,5733,136.7,41.94,9996.86
4117206,Nova Olímpia,2014,5758,136.7,42.12,11251.48
4117206,Nova Olímpia,2015,5782,136.7,42.3,11658.77
4117206,Nova Olímpia,2016,5806,136.7,42.47,12943.85
4117206,Nova Olímpia,2017,5829,136.7,42.64,13719.51
4117206,Nova Olímpia,2018,5785,136.7,42.32,14262.92
4117206,Nova Olímpia,2019,5806,136.7,42.47,15803.65
4117206,Nova Olímpia,2020,5826,136.7,42.62,16931.69
4117206,Nova Olímpia,2021,5846,136.7,42.77,18680.64
4117206,Nova Olímpia,2022,5884,136.7,43.04,19005.95
4117206,Nova Olímpia,2023,5922,136.7,43.32,22414.89
4117206,Nova Olímpia,2024,5960,136.7,43.6,22271.98
4117206,Nova Olímpia,2025,5982,136.7,43.76,22190.07
4117206,Nova Olímpia,2026,5982,136.7,43.76,22190.07
4117214,Nova Santa Bárbara,2008,3952,77.1,51.26,9637.9
4117214,Nova Santa Bárbara,2009,3984,77.1,51.67,8701.81
4117214,Nova Santa Bárbara,2010,3958,77.1,51.34,8595.0
4117214,Nova Santa Bárbara,2011,3931,77.1,50.99,9768.0
4117214,Nova Santa Bárbara,2012,3953,77.1,51.27,11216.54
4117214,Nova Santa Bárbara,2013,4106,77.1,53.26,13840.48
4117214,Nova Santa Bárbara,2014,4135,77.1,53.63,13474.0
4117214,Nova Santa Bárbara,2015,4163,77.1,53.99,16244.78
4117214,Nova Santa Bárbara,2016,4190,77.1,54.35,17440.81
4117214,Nova Santa Bárbara,2017,4217,77.1,54.7,18456.72
4117214,Nova Santa Bárbara,2018,4220,77.1,54.73,19667.06
4117214,Nova Santa Bárbara,2019,4249,77.1,55.11,19120.73
4117214,Nova Santa Bárbara,2020,4277,77.1,55.47,21462.47
4117214,Nova Santa Bárbara,2021,4304,77.1,55.82,25730.02
4117214,Nova Santa Bárbara,2022,4296,77.1,55.72,29822.86
4117214,Nova Santa Bárbara,2023,4288,77.1,55.62,30692.4
4117214,Nova Santa Bárbara,2024,4280,77.1,55.51,30749.77
4117214,Nova Santa Bárbara,2025,4308,77.1,55.88,30549.91
4117214,Nova Santa Bárbara,2026,4308,77.1,55.88,30549.91
4117222,Nova Santa Rosa,2008,7893,205.2,38.46,16093.37
4117222,Nova Santa Rosa,2009,7965,205.2,38.82,15425.11
4117222,Nova Santa Rosa,2010,7815,205.2,38.08,18184.9
4117222,Nova Santa Rosa,2011,7665,205.2,37.35,20974.95
4117222,Nova Santa Rosa,2012,7702,205.2,37.53,22650.74
4117222,Nova Santa Rosa,2013,7994,205.2,38.96,31649.74
4117222,Nova Santa Rosa,2014,8044,205.2,39.2,34376.18
4117222,Nova Santa Rosa,2015,8092,205.2,39.43,34680.8
4117222,Nova Santa Rosa,2016,8140,205.2,39.67,38153.81
4117222,Nova Santa Rosa,2017,8186,205.2,39.89,39029.2
4117222,Nova Santa Rosa,2018,8171,205.2,39.82,40036.47
4117222,Nova Santa Rosa,2019,8219,205.2,40.05,41076.89
4117222,Nova Santa Rosa,2020,8266,205.2,40.28,51799.06
4117222,Nova Santa Rosa,2021,8311,205.2,40.5,52911.44
4117222,Nova Santa Rosa,2022,8386,205.2,40.87,44278.2
4117222,Nova Santa Rosa,2023,8460,205.2,41.23,57242.91
4117222,Nova Santa Rosa,2024,8535,205.2,41.59,56739.89
4117222,Nova Santa Rosa,2025,8581,205.2,41.82,56435.73
4117222,Nova Santa Rosa,2026,8581,205.2,41.82,56435.73
4117255,Nova Prata do Iguaçu,2008,10791,353.3,30.54,10606.06
4117255,Nova Prata do Iguaçu,2009,10822,353.3,30.63,10482.26
4117255,Nova Prata do Iguaçu,2010,10599,353.3,30.0,12910.93
4117255,Nova Prata do Iguaçu,2011,10376,353.3,29.37,14885.41
4117255,Nova Prata do Iguaçu,2012,10374,353.3,29.36,16216.7
4117255,Nova Prata do Iguaçu,2013,10698,353.3,30.28,21776.59
4117255,Nova Prata do Iguaçu,2014,10710,353.3,30.31,22565.45
4117255,Nova Prata do Iguaçu,2015,10722,353.3,30.35,23533.2
4117255,Nova Prata do Iguaçu,2016,10733,353.3,30.38,28281.84
4117255,Nova Prata do Iguaçu,2017,10745,353.3,30.41,29794.79
4117255,Nova Prata do Iguaçu,2018,10552,353.3,29.87,31075.82
4117255,Nova Prata do Iguaçu,2019,10548,353.3,29.86,30296.93
4117255,Nova Prata do Iguaçu,2020,10544,353.3,29.84,37214.15
4117255,Nova Prata do Iguaçu,2021,10540,353.3,29.83,46726.57
4117255,Nova Prata do Iguaçu,2022,11425,353.3,32.34,36209.98
4117255,Nova Prata do Iguaçu,2023,12311,353.3,34.85,45497.85
4117255,Nova Prata do Iguaçu,2024,13196,353.3,37.35,42446.5
4117255,Nova Prata do Iguaçu,2025,13340,353.3,37.76,41988.31
4117255,Nova Prata do Iguaçu,2026,13340,353.3,37.76,41988.31
4117271,Nova Tebas,2008,8401,547.0,15.36,6476.01
4117271,Nova Tebas,2009,8283,547.0,15.14,6098.52
4117271,Nova Tebas,2010,7761,547.0,14.19,6532.02
4117271,Nova Tebas,2011,7239,547.0,13.23,8467.19
4117271,Nova Tebas,2012,7085,547.0,12.95,10316.44
4117271,Nova Tebas,2013,7100,547.0,12.98,13022.25
4117271,Nova Tebas,2014,6943,547.0,12.69,14801.81
4117271,Nova Tebas,2015,6792,547.0,12.42,15051.09
4117271,Nova Tebas,2016,6644,547.0,12.15,18768.96
4117271,Nova Tebas,2017,6498,547.0,11.88,18922.9
4117271,Nova Tebas,2018,5856,547.0,10.71,22561.99
4117271,Nova Tebas,2019,5649,547.0,10.33,23211.19
4117271,Nova Tebas,2020,5448,547.0,9.96,29864.9
4117271,Nova Tebas,2021,5252,547.0,9.6,36136.33
4117271,Nova Tebas,2022,5791,547.0,10.59,38079.61
4117271,Nova Tebas,2023,6331,547.0,11.57,37466.75
4117271,Nova Tebas,2024,6870,547.0,12.56,34527.22
4117271,Nova Tebas,2025,6852,547.0,12.53,34617.92
4117271,Nova Tebas,2026,6852,547.0,12.53,34617.92
4117297,Novo Itacolomi,2008,2816,161.9,17.39,9243.25
4117297,Novo Itacolomi,2009,2808,161.9,17.34,10132.83
4117297,Novo Itacolomi,2010,2816,161.9,17.39,10485.8
4117297,Novo Itacolomi,2011,2825,161.9,17.45,12345.84
4117297,Novo Itacolomi,2012,2822,161.9,17.43,14313.25
4117297,Novo Itacolomi,2013,2906,161.9,17.95,16598.07
4117297,Novo Itacolomi,2014,2906,161.9,17.95,17487.27
4117297,Novo Itacolomi,2015,2907,161.9,17.96,18969.73
4117297,Novo Itacolomi,2016,2907,161.9,17.96,20831.44
4117297,Novo Itacolomi,2017,2908,161.9,17.96,23128.27
4117297,Novo Itacolomi,2018,2848,161.9,17.59,23294.59
4117297,Novo Itacolomi,2019,2844,161.9,17.57,23976.44
4117297,Novo Itacolomi,2020,2840,161.9,17.54,29266.9
4117297,Novo Itacolomi,2021,2836,161.9,17.52,32230.96
4117297,Novo Itacolomi,2022,2961,161.9,18.29,34488.69
4117297,Novo Itacolomi,2023,3085,161.9,19.05,40493.68
4117297,Novo Itacolomi,2024,3210,161.9,19.83,38916.82
4117297,Novo Itacolomi,2025,3227,161.9,19.93,38711.81
4117297,Novo Itacolomi,2026,3227,161.9,19.93,38711.81
4117305,Ortigueira,2008,25043,2435.1,10.28,9262.11
4117305,Ortigueira,2009,25002,2435.1,10.27,9052.2
4117305,Ortigueira,2010,24121,2435.1,9.91,10268.11
4117305,Ortigueira,2011,23240,2435.1,9.54,12320.4
4117305,Ortigueira,2012,23103,2435.1,9.49,13803.32
4117305,Ortigueira,2013,23646,2435.1,9.71,17524.66
4117305,Ortigueira,2014,23530,2435.1,9.66,28567.91
4117305,Ortigueira,2015,23418,2435.1,9.62,41787.6
4117305,Ortigueira,2016,23308,2435.1,9.57,52260.34
4117305,Ortigueira,2017,23200,2435.1,9.53,77208.19
4117305,Ortigueira,2018,22327,2435.1,9.17,97506.2
4117305,Ortigueira,2019,22141,2435.1,9.09,131014.0
4117305,Ortigueira,2020,21960,2435.1,9.02,123792.44
4117305,Ortigueira,2021,21783,2435.1,8.95,125163.2
4117305,Ortigueira,2022,22731,2435.1,9.33,136567.9
4117305,Ortigueira,2023,23679,2435.1,9.72,151707.0
4117305,Ortigueira,2024,24627,2435.1,10.11,145867.14
4117305,Ortigueira,2025,24706,2435.1,10.15,145400.71
4117305,Ortigueira,2026,24706,2435.1,10.15,145400.71
4117404,Ourizona,2008,3384,176.8,19.14,13551.42
4117404,Ourizona,2009,3380,176.8,19.12,16064.79
4117404,Ourizona,2010,3380,176.8,19.12,14636.98
4117404,Ourizona,2011,3379,176.8,19.11,19142.94
4117404,Ourizona,2012,3378,176.8,19.11,21427.77
4117404,Ourizona,2013,3482,176.8,19.69,24214.53
4117404,Ourizona,2014,3485,176.8,19.71,24397.13
4117404,Ourizona,2015,3488,176.8,19.73,25561.93
4117404,Ourizona,2016,3491,176.8,19.75,28063.88
4117404,Ourizona,2017,3494,176.8,19.76,28372.93
4117404,Ourizona,2018,3430,176.8,19.4,31022.16
4117404,Ourizona,2019,3428,176.8,19.39,28892.94
4117404,Ourizona,2020,3425,176.8,19.37,43792.41
4117404,Ourizona,2021,3423,176.8,19.36,48698.8
4117404,Ourizona,2022,3351,176.8,18.95,40247.99
4117404,Ourizona,2023,3278,176.8,18.54,56916.72
4117404,Ourizona,2024,3206,176.8,18.13,58194.95
4117404,Ourizona,2025,3193,176.8,18.06,58431.88
4117404,Ourizona,2026,3193,176.8,18.06,58431.88
4117453,Ouro Verde do Oeste,2008,5636,293.7,19.19,14248.76
4117453,Ouro Verde do Oeste,2009,5648,293.7,19.23,11869.87
4117453,Ouro Verde do Oeste,2010,5678,293.7,19.33,13672.24
4117453,Ouro Verde do Oeste,2011,5709,293.7,19.44,15257.14
4117453,Ouro Verde do Oeste,2012,5726,293.7,19.5,16409.54
4117453,Ouro Verde do Oeste,2013,5927,293.7,20.18,23436.98
4117453,Ouro Verde do Oeste,2014,5952,293.7,20.27,24502.52
4117453,Ouro Verde do Oeste,2015,5976,293.7,20.35,24964.19
4117453,Ouro Verde do Oeste,2016,6000,293.7,20.43,28097.17
4117453,Ouro Verde do Oeste,2017,6023,293.7,20.51,29023.24
4117453,Ouro Verde do Oeste,2018,5975,293.7,20.34,29576.07
4117453,Ouro Verde do Oeste,2019,5996,293.7,20.42,29985.99
4117453,Ouro Verde do Oeste,2020,6016,293.7,20.48,43839.93
4117453,Ouro Verde do Oeste,2021,6036,293.7,20.55,52786.94
4117453,Ouro Verde do Oeste,2022,6368,293.7,21.68,37282.04
4117453,Ouro Verde do Oeste,2023,6699,293.7,22.81,44355.43
4117453,Ouro Verde do Oeste,2024,7031,293.7,23.94,42260.99
4117453,Ouro Verde do Oeste,2025,7102,293.7,24.18,41838.5
4117453,Ouro Verde do Oeste,2026,7102,293.7,24.18,41838.5
4117503,Paiçandu,2008,36336,171.8,211.5,6085.2
4117503,Paiçandu,2009,36876,171.8,214.64,5919.51
4117503,Paiçandu,2010,36604,171.8,213.06,6370.12
4117503,Paiçandu,2011,36333,171.8,211.48,8221.31
4117503,Paiçandu,2012,36717,171.8,213.72,10056.98
4117503,Paiçandu,2013,38385,171.8,223.43,11392.39
4117503,Paiçandu,2014,38846,171.8,226.11,12941.08
4117503,Paiçandu,2015,39291,171.8,228.7,16889.36
4117503,Paiçandu,2016,39728,171.8,231.25,19407.62
4117503,Paiçandu,2017,40156,171.8,233.74,21963.02
4117503,Paiçandu,2018,40777,171.8,237.35,20508.6
4117503,Paiçandu,2019,41281,171.8,240.29,20045.52
4117503,Paiçandu,2020,41773,171.8,243.15,23682.09
4117503,Paiçandu,2021,42251,171.8,245.93,25033.63
4117503,Paiçandu,2022,44236,171.8,257.49,26750.41
4117503,Paiçandu,2023,46222,171.8,269.05,29041.63
4117503,Paiçandu,2024,48207,171.8,280.6,27845.79
4117503,Paiçandu,2025,48695,171.8,283.44,27566.73
4117503,Paiçandu,2026,48695,171.8,283.44,27566.73
4117602,Palmas,2008,42643,1561.4,27.31,11944.12
4117602,Palmas,2009,43409,1561.4,27.8,11091.39
4117602,Palmas,2010,43458,1561.4,27.83,11751.39
4117602,Palmas,2011,43508,1561.4,27.86,12250.0
4117602,Palmas,2012,44107,1561.4,28.25,13955.97
4117602,Palmas,2013,46294,1561.4,29.65,15701.62
4117602,Palmas,2014,46996,1561.4,30.1,18029.47
4117602,Palmas,2015,47674,1561.4,30.53,20534.38
4117602,Palmas,2016,48339,1561.4,30.96,22003.6
4117602,Palmas,2017,48990,1561.4,31.38,22532.15
4117602,Palmas,2018,50198,1561.4,32.15,23589.53
4117602,Palmas,2019,50986,1561.4,32.65,22851.51
4117602,Palmas,2020,51755,1561.4,33.15,26519.49
4117602,Palmas,2021,52503,1561.4,33.63,30789.19
4117602,Palmas,2022,51632,1561.4,33.07,31401.05
4117602,Palmas,2023,50762,1561.4,32.51,34044.4
4117602,Palmas,2024,49891,1561.4,31.95,34638.75
4117602,Palmas,2025,50238,1561.4,32.17,34399.5
4117602,Palmas,2026,50238,1561.4,32.17,34399.5
4117701,Palmeira,2008,32282,1473.1,21.91,14472.31
4117701,Palmeira,2009,32401,1473.1,22.0,14413.47
4117701,Palmeira,2010,32316,1473.1,21.94,17484.13
4117701,Palmeira,2011,32232,1473.1,21.88,20491.9
4117701,Palmeira,2012,32326,1473.1,21.94,24044.7
4117701,Palmeira,2013,33469,1473.1,22.72,26049.33
4117701,Palmeira,2014,33613,1473.1,22.82,29008.24
4117701,Palmeira,2015,33753,1473.1,22.91,30485.76
4117701,Palmeira,2016,33889,1473.1,23.01,38153.65
4117701,Palmeira,2017,34023,1473.1,23.1,41813.68
4117701,Palmeira,2018,33757,1473.1,22.92,42390.53
4117701,Palmeira,2019,33877,1473.1,23.0,39697.91
4117701,Palmeira,2020,33994,1473.1,23.08,45164.73
4117701,Palmeira,2021,34109,1473.1,23.15,48140.55
4117701,Palmeira,2022,34341,1473.1,23.31,57208.9
4117701,Palmeira,2023,34574,1473.1,23.47,64210.19
4117701,Palmeira,2024,34806,1473.1,23.63,63782.19
4117701,Palmeira,2025,34948,1473.1,23.72,63523.03
4117701,Palmeira,2026,34948,1473.1,23.72,63523.03
4117800,Palmital,2008,15699,819.5,19.16,5782.02
4117800,Palmital,2009,15548,819.5,18.97,6396.9
4117800,Palmital,2010,15124,819.5,18.46,7052.83
4117800,Palmital,2011,14699,819.5,17.94,8619.57
4117800,Palmital,2012,14538,819.5,17.74,10426.81
4117800,Palmital,2013,14780,819.5,18.04,12156.77
4117800,Palmital,2014,14626,819.5,17.85,13986.53
4117800,Palmital,2015,14477,819.5,17.67,15426.61
4117800,Palmital,2016,14332,819.5,17.49,17078.01
4117800,Palmital,2017,14189,819.5,17.31,17236.66
4117800,Palmital,2018,13389,819.5,16.34,18982.0
4117800,Palmital,2019,13172,819.5,16.07,19198.6
4117800,Palmital,2020,12960,819.5,15.81,22648.23
4117800,Palmital,2021,12755,819.5,15.56,25937.83
4117800,Palmital,2022,12826,819.5,15.65,29416.97
4117800,Palmital,2023,12896,819.5,15.74,31543.19
4117800,Palmital,2024,12967,819.5,15.82,31370.48
4117800,Palmital,2025,12879,819.5,15.72,31584.83
4117800,Palmital,2026,12879,819.5,15.72,31584.83
4117909,Palotina,2008,28691,652.7,43.96,24753.79
4117909,Palotina,2009,28966,652.7,44.38,25311.85
4117909,Palotina,2010,28936,652.7,44.33,27606.79
4117909,Palotina,2011,28907,652.7,44.29,32496.63
4117909,Palotina,2012,29123,652.7,44.62,34812.31
4117909,Palotina,2013,30327,652.7,46.46,45312.69
4117909,Palotina,2014,30598,652.7,46.88,47319.5
4117909,Palotina,2015,30859,652.7,47.28,53437.51
4117909,Palotina,2016,31115,652.7,47.67,62617.71
4117909,Palotina,2017,31366,652.7,48.06,64942.84
4117909,Palotina,2018,31564,652.7,48.36,69645.42
4117909,Palotina,2019,31846,652.7,48.79,67256.77
4117909,Palotina,2020,32121,652.7,49.21,83298.96
4117909,Palotina,2021,32389,652.7,49.62,86937.39
4117909,Palotina,2022,33800,652.7,51.78,92004.85
4117909,Palotina,2023,35212,652.7,53.95,105023.71
4117909,Palotina,2024,36623,652.7,56.11,100977.39
4117909,Palotina,2025,37039,652.7,56.75,99843.27
4117909,Palotina,2026,37039,652.7,56.75,99843.27
4118006,Paraíso do Norte,2008,11743,205.0,57.28,8132.25
4118006,Paraíso do Norte,2009,11939,205.0,58.24,8478.01
4118006,Paraíso do Norte,2010,11934,205.0,58.21,9752.89
4118006,Paraíso do Norte,2011,11929,205.0,58.19,11442.12
4118006,Paraíso do Norte,2012,12079,205.0,58.92,12674.48
4118006,Paraíso do Norte,2013,12661,205.0,61.76,15139.48
4118006,Paraíso do Norte,2014,12839,205.0,62.63,15757.61
4118006,Paraíso do Norte,2015,13011,205.0,63.47,18418.49
4118006,Paraíso do Norte,2016,13180,205.0,64.29,24527.92
4118006,Paraíso do Norte,2017,13345,205.0,65.1,23814.91
4118006,Paraíso do Norte,2018,13631,205.0,66.49,24177.46
4118006,Paraíso do Norte,2019,13830,205.0,67.46,23327.98
4118006,Paraíso do Norte,2020,14023,205.0,68.4,26952.86
4118006,Paraíso do Norte,2021,14211,205.0,69.32,26545.56
4118006,Paraíso do Norte,2022,14019,205.0,68.39,28980.95
4118006,Paraíso do Norte,2023,13826,205.0,67.44,38581.44
4118006,Paraíso do Norte,2024,13634,205.0,66.51,39124.76
4118006,Paraíso do Norte,2025,13728,205.0,66.97,38856.86
4118006,Paraíso do Norte,2026,13728,205.0,66.97,38856.86
4118105,Paranacity,2008,9876,349.5,28.26,10900.47
4118105,Paranacity,2009,9946,349.5,28.46,13080.13
4118105,Paranacity,2010,10142,349.5,29.02,14231.41
4118105,Paranacity,2011,10338,349.5,29.58,17765.33
4118105,Paranacity,2012,10423,349.5,29.82,18870.09
4118105,Paranacity,2013,10863,349.5,31.08,21980.39
4118105,Paranacity,2014,10968,349.5,31.38,22674.05
4118105,Paranacity,2015,11069,349.5,31.67,23882.46
4118105,Paranacity,2016,11168,349.5,31.95,27486.12
4118105,Paranacity,2017,11265,349.5,32.23,32378.78
4118105,Paranacity,2018,11361,349.5,32.51,28209.14
4118105,Paranacity,2019,11472,349.5,32.82,29006.89
4118105,Paranacity,2020,11580,349.5,33.13,26565.72
4118105,Paranacity,2021,11685,349.5,33.43,27858.11
4118105,Paranacity,2022,10989,349.5,31.44,32896.99
4118105,Paranacity,2023,10293,349.5,29.45,50287.48
4118105,Paranacity,2024,9597,349.5,27.46,53934.46
4118105,Paranacity,2025,9549,349.5,27.32,54205.57
4118105,Paranacity,2026,9549,349.5,27.32,54205.57
4118204,Paranaguá,2008,138748,824.2,168.34,28802.63
4118204,Paranaguá,2009,139796,824.2,169.61,24813.54
4118204,Paranaguá,2010,140636,824.2,170.63,28926.65
4118204,Paranaguá,2011,141477,824.2,171.65,34230.38
4118204,Paranaguá,2012,142452,824.2,172.84,37479.64
4118204,Paranaguá,2013,148232,824.2,179.85,41722.17
4118204,Paranaguá,2014,149467,824.2,181.35,43306.16
4118204,Paranaguá,2015,150660,824.2,182.8,47255.78
4118204,Paranaguá,2016,151829,824.2,184.21,54721.75
4118204,Paranaguá,2017,152975,824.2,185.6,64457.8
4118204,Paranaguá,2018,153666,824.2,186.44,63610.07
4118204,Paranaguá,2019,154936,824.2,187.98,62839.87
4118204,Paranaguá,2020,156174,824.2,189.49,77431.12
4118204,Paranaguá,2021,157378,824.2,190.95,86714.2
4118204,Paranaguá,2022,154858,824.2,187.89,105694.39
4118204,Paranaguá,2023,152339,824.2,184.83,100379.44
4118204,Paranaguá,2024,149819,824.2,181.78,102067.85
4118204,Paranaguá,2025,150104,824.2,182.12,101874.05
4118204,Paranaguá,2026,150104,824.2,182.12,101874.05
4118303,Paranapoema,2008,2781,176.4,15.77,10401.65
4118303,Paranapoema,2009,2818,176.4,15.98,9898.51
4118303,Paranapoema,2010,2820,176.4,15.99,11564.18
4118303,Paranapoema,2011,2822,176.4,16.0,12154.85
4118303,Paranapoema,2012,2852,176.4,16.17,13159.19
4118303,Paranapoema,2013,2980,176.4,16.89,14234.9
4118303,Paranapoema,2014,3016,176.4,17.1,15484.08
4118303,Paranapoema,2015,3050,176.4,17.29,17272.46
4118303,Paranapoema,2016,3084,176.4,17.48,19304.47
4118303,Paranapoema,2017,3117,176.4,17.67,21162.34
4118303,Paranapoema,2018,3164,176.4,17.94,21016.12
4118303,Paranapoema,2019,3203,176.4,18.16,19106.77
4118303,Paranapoema,2020,3241,176.4,18.37,23950.02
4118303,Paranapoema,2021,3277,176.4,18.58,28080.87
4118303,Paranapoema,2022,2977,176.4,16.88,26698.35
4118303,Paranapoema,2023,2678,176.4,15.18,33151.98
4118303,Paranapoema,2024,2378,176.4,13.48,37334.31
4118303,Paranapoema,2025,2352,176.4,13.33,37747.02
4118303,Paranapoema,2026,2352,176.4,13.33,37747.02
4118402,Paranavaí,2008,82133,1205.6,68.13,11008.78
4118402,Paranavaí,2009,82716,1205.6,68.61,11610.86
4118402,Paranavaí,2010,82378,1205.6,68.33,13374.41
4118402,Paranavaí,2011,82039,1205.6,68.05,15095.22
4118402,Paranavaí,2012,82472,1205.6,68.41,17962.53
4118402,Paranavaí,2013,85643,1205.6,71.04,20440.49
4118402,Paranavaí,2014,86218,1205.6,71.51,22464.31
4118402,Paranavaí,2015,86773,1205.6,71.97,24552.23
4118402,Paranavaí,2016,87316,1205.6,72.43,25479.98
4118402,Paranavaí,2017,87850,1205.6,72.87,30158.91
4118402,Paranavaí,2018,87813,1205.6,72.84,30152.96
4118402,Paranavaí,2019,88374,1205.6,73.3,30410.48
4118402,Paranavaí,2020,88922,1205.6,73.76,30911.79
4118402,Paranavaí,2021,89454,1205.6,74.2,35546.74
4118402,Paranavaí,2022,91478,1205.6,75.88,37951.61
4118402,Paranavaí,2023,93501,1205.6,77.56,44809.84
4118402,Paranavaí,2024,95525,1205.6,79.23,43860.4
4118402,Paranavaí,2025,96209,1205.6,79.8,43548.58
4118402,Paranavaí,2026,96209,1205.6,79.8,43548.58
4118451,Pato Bragado,2008,4867,135.9,35.81,11824.12
4118451,Pato Bragado,2009,4947,135.9,36.4,10687.29
4118451,Pato Bragado,2010,4914,135.9,36.16,13460.11
4118451,Pato Bragado,2011,4882,135.9,35.92,15472.55
4118451,Pato Bragado,2012,4939,135.9,36.34,16209.76
4118451,Pato Bragado,2013,5170,135.9,38.04,21607.93
4118451,Pato Bragado,2014,5239,135.9,38.55,24362.86
4118451,Pato Bragado,2015,5304,135.9,39.03,24704.75
4118451,Pato Bragado,2016,5369,135.9,39.51,28049.17
4118451,Pato Bragado,2017,5432,135.9,39.97,29336.34
4118451,Pato Bragado,2018,5535,135.9,40.73,29832.34
4118451,Pato Bragado,2019,5610,135.9,41.28,30413.9
4118451,Pato Bragado,2020,5684,135.9,41.82,38500.0
4118451,Pato Bragado,2021,5755,135.9,42.35,42308.08
4118451,Pato Bragado,2022,5816,135.9,42.8,38397.87
4118451,Pato Bragado,2023,5878,135.9,43.25,45890.44
4118451,Pato Bragado,2024,5939,135.9,43.7,45419.09
4118451,Pato Bragado,2025,6004,135.9,44.18,44927.38
4118451,Pato Bragado,2026,6004,135.9,44.18,44927.38
4118501,Pato Branco,2008,69478,540.1,128.64,18880.55
4118501,Pato Branco,2009,70160,540.1,129.9,20628.99
4118501,Pato Branco,2010,71654,540.1,132.67,21965.65
4118501,Pato Branco,2011,73148,540.1,135.43,24374.53
4118501,Pato Branco,2012,73901,540.1,136.83,29301.97
4118501,Pato Branco,2013,77230,540.1,142.99,32776.05
4118501,Pato Branco,2014,78136,540.1,144.67,36198.15
4118501,Pato Branco,2015,79011,540.1,146.29,38832.9
4118501,Pato Branco,2016,79869,540.1,147.88,41739.04
4118501,Pato Branco,2017,80710,540.1,149.44,44605.85
4118501,Pato Branco,2018,81893,540.1,151.63,46841.89
4118501,Pato Branco,2019,82881,540.1,153.45,48322.11
4118501,Pato Branco,2020,83843,540.1,155.24,49713.32
4118501,Pato Branco,2021,84779,540.1,156.97,53646.37
4118501,Pato Branco,2022,88720,540.1,164.27,61371.64
4118501,Pato Branco,2023,92661,540.1,171.56,62786.89
4118501,Pato Branco,2024,96602,540.1,178.86,60225.42
4118501,Pato Branco,2025,97821,540.1,181.12,59474.92
4118501,Pato Branco,2026,97821,540.1,181.12,59474.92
4118600,Paula Freitas,2008,5691,422.2,13.48,19053.07
4118600,Paula Freitas,2009,5751,422.2,13.62,19342.72
4118600,Paula Freitas,2010,5607,422.2,13.28,23746.39
4118600,Paula Freitas,2011,5463,422.2,12.94,25498.99
4118600,Paula Freitas,2012,5491,422.2,13.01,30283.19
4118600,Paula Freitas,2013,5700,422.2,13.5,37059.82
4118600,Paula Freitas,2014,5737,422.2,13.59,40416.94
4118600,Paula Freitas,2015,5773,422.2,13.67,39468.21
4118600,Paula Freitas,2016,5808,422.2,13.76,41725.03
4118600,Paula Freitas,2017,5842,422.2,13.84,45904.31
4118600,Paula Freitas,2018,5837,422.2,13.83,48727.77
4118600,Paula Freitas,2019,5873,422.2,13.91,47686.36
4118600,Paula Freitas,2020,5908,422.2,13.99,60284.87
4118600,Paula Freitas,2021,5942,422.2,14.07,74042.75
4118600,Paula Freitas,2022,5887,422.2,13.94,85490.4
4118600,Paula Freitas,2023,5833,422.2,13.82,83753.13
4118600,Paula Freitas,2024,5778,422.2,13.69,84550.36
4118600,Paula Freitas,2025,5706,422.2,13.51,85617.25
4118600,Paula Freitas,2026,5706,422.2,13.51,85617.25
4118709,Paulo Frontin,2008,7327,364.2,20.12,15953.73
4118709,Paulo Frontin,2009,7398,364.2,20.31,16686.81
4118709,Paulo Frontin,2010,7169,364.2,19.68,18063.75
4118709,Paulo Frontin,2011,6940,364.2,19.06,21741.07
4118709,Paulo Frontin,2012,6966,364.2,19.13,24205.14
4118709,Paulo Frontin,2013,7219,364.2,19.82,28523.34
4118709,Paulo Frontin,2014,7256,364.2,19.92,32822.08
4118709,Paulo Frontin,2015,7291,364.2,20.02,31963.24
4118709,Paulo Frontin,2016,7326,364.2,20.12,36704.61
4118709,Paulo Frontin,2017,7360,364.2,20.21,39577.99
4118709,Paulo Frontin,2018,7321,364.2,20.1,41993.03
4118709,Paulo Frontin,2019,7354,364.2,20.19,43579.96
4118709,Paulo Frontin,2020,7387,364.2,20.28,52018.68
4118709,Paulo Frontin,2021,7418,364.2,20.37,53481.26
4118709,Paulo Frontin,2022,7068,364.2,19.41,65368.99
4118709,Paulo Frontin,2023,6719,364.2,18.45,70524.63
4118709,Paulo Frontin,2024,6369,364.2,17.49,74400.22
4118709,Paulo Frontin,2025,6414,364.2,17.61,73878.24
4118709,Paulo Frontin,2026,6414,364.2,17.61,73878.24
4118808,Peabiru,2008,13371,469.5,28.48,11002.24
4118808,Peabiru,2009,13347,469.5,28.43,10342.25
4118808,Peabiru,2010,13491,469.5,28.73,9894.97
4118808,Peabiru,2011,13635,469.5,29.04,12284.2
4118808,Peabiru,2012,13645,469.5,29.06,14059.73
4118808,Peabiru,2013,14087,469.5,30.0,17373.96
4118808,Peabiru,2014,14116,469.5,30.07,17897.85
4118808,Peabiru,2015,14144,469.5,30.13,19769.65
4118808,Peabiru,2016,14171,469.5,30.18,21694.31
4118808,Peabiru,2017,14198,469.5,30.24,22582.41
4118808,Peabiru,2018,13985,469.5,29.79,23403.15
4118808,Peabiru,2019,13996,469.5,29.81,22536.65
4118808,Peabiru,2020,14007,469.5,29.83,30304.28
4118808,Peabiru,2021,14017,469.5,29.86,32405.58
4118808,Peabiru,2022,13843,469.5,29.48,26938.38
4118808,Peabiru,2023,13670,469.5,29.12,38821.73
4118808,Peabiru,2024,13496,469.5,28.75,39322.24
4118808,Peabiru,2025,13494,469.5,28.74,39328.07
4118808,Peabiru,2026,13494,469.5,28.74,39328.07
4118857,Perobal,2008,5179,409.8,12.64,12781.81
4118857,Perobal,2009,5163,409.8,12.6,14135.58
4118857,Perobal,2010,5422,409.8,13.23,15184.06
4118857,Perobal,2011,5681,409.8,13.86,18276.18
4118857,Perobal,2012,5708,409.8,13.93,20656.27
4118857,Perobal,2013,5923,409.8,14.45,21380.21
4118857,Perobal,2014,5960,409.8,14.54,20523.49
4118857,Perobal,2015,5995,409.8,14.63,22745.45
4118857,Perobal,2016,6029,409.8,14.71,25089.4
4118857,Perobal,2017,6105,409.8,14.9,25415.23
4118857,Perobal,2018,6092,409.8,14.87,29981.62
4118857,Perobal,2019,6127,409.8,14.95,29871.06
4118857,Perobal,2020,6160,409.8,15.03,40386.04
4118857,Perobal,2021,6194,409.8,15.11,45509.04
4118857,Perobal,2022,6628,409.8,16.17,36657.06
4118857,Perobal,2023,7062,409.8,17.23,50261.68
4118857,Perobal,2024,7496,409.8,18.29,47351.65
4118857,Perobal,2025,7599,409.8,18.54,46709.83
4118857,Perobal,2026,7599,409.8,18.54,46709.83
4118907,Pérola,2008,9637,236.7,40.71,14447.23
4118907,Pérola,2009,9665,236.7,40.83,14085.05
4118907,Pérola,2010,9972,236.7,42.13,21786.7
4118907,Pérola,2011,10280,236.7,43.43,31725.19
4118907,Pérola,2012,10348,236.7,43.72,34545.52
4118907,Pérola,2013,10765,236.7,45.48,47115.84
4118907,Pérola,2014,10852,236.7,45.85,49172.13
4118907,Pérola,2015,10937,236.7,46.21,42555.09
4118907,Pérola,2016,11020,236.7,46.56,32087.3
4118907,Pérola,2017,11101,236.7,46.9,42593.28
4118907,Pérola,2018,11144,236.7,47.08,30398.87
4118907,Pérola,2019,11234,236.7,47.46,40836.03
4118907,Pérola,2020,11321,236.7,47.83,35257.22
4118907,Pérola,2021,11406,236.7,48.19,31534.72
4118907,Pérola,2022,11696,236.7,49.41,27538.47
4118907,Pérola,2023,11985,236.7,50.63,30373.47
4118907,Pérola,2024,12275,236.7,51.86,29655.89
4118907,Pérola,2025,12389,236.7,52.34,29383.0
4118907,Pérola,2026,12389,236.7,52.34,29383.0
4119004,Pérola d'Oeste,2008,7222,205.7,35.11,9043.48
4119004,Pérola d'Oeste,2009,7202,205.7,35.01,9202.86
4119004,Pérola d'Oeste,2010,6959,205.7,33.83,11221.73
4119004,Pérola d'Oeste,2011,6716,205.7,32.65,12720.07
4119004,Pérola d'Oeste,2012,6672,205.7,32.44,12612.56
4119004,Pérola d'Oeste,2013,6822,205.7,33.16,18091.62
4119004,Pérola d'Oeste,2014,6783,205.7,32.98,19320.36
4119004,Pérola d'Oeste,2015,6746,205.7,32.8,20432.26
4119004,Pérola d'Oeste,2016,6710,205.7,32.62,23689.42
4119004,Pérola d'Oeste,2017,6674,205.7,32.45,23285.59
4119004,Pérola d'Oeste,2018,6407,205.7,31.15,25973.78
4119004,Pérola d'Oeste,2019,6347,205.7,30.86,24583.74
4119004,Pérola d'Oeste,2020,6288,205.7,30.57,34275.13
4119004,Pérola d'Oeste,2021,6232,205.7,30.3,38182.28
4119004,Pérola d'Oeste,2022,6233,205.7,30.3,28151.77
4119004,Pérola d'Oeste,2023,6234,205.7,30.31,43389.0
4119004,Pérola d'Oeste,2024,6235,205.7,30.31,43382.04
4119004,Pérola d'Oeste,2025,6218,205.7,30.23,43500.64
4119004,Pérola d'Oeste,2026,6218,205.7,30.23,43500.64
4119103,Piên,2008,11632,255.2,45.58,38082.96
4119103,Piên,2009,11811,255.2,46.28,34938.96
4119103,Piên,2010,11579,255.2,45.37,35860.78
4119103,Piên,2011,11347,255.2,44.46,39314.88
4119103,Piên,2012,11454,255.2,44.88,43891.57
4119103,Piên,2013,11956,255.2,46.85,48881.4
4119103,Piên,2014,12086,255.2,47.36,51270.56
4119103,Piên,2015,12211,255.2,47.85,55877.08
4119103,Piên,2016,12334,255.2,48.33,56064.46
4119103,Piên,2017,12455,255.2,48.8,59338.74
4119103,Piên,2018,12606,255.2,49.4,63033.24
4119103,Piên,2019,12746,255.2,49.95,65845.05
4119103,Piên,2020,12882,255.2,50.48,56068.08
4119103,Piên,2021,13015,255.2,51.0,70666.85
4119103,Piên,2022,13403,255.2,52.52,68816.38
4119103,Piên,2023,13791,255.2,54.04,61868.25
4119103,Piên,2024,14179,255.2,55.56,60175.26
4119103,Piên,2025,14409,255.2,56.46,59214.73
4119103,Piên,2026,14409,255.2,56.46,59214.73
4119152,Pinhais,2008,116984,61.0,1917.77,26370.99
4119152,Pinhais,2009,118319,61.0,1939.66,24956.94
4119152,Pinhais,2010,118326,61.0,1939.77,32407.93
4119152,Pinhais,2011,118334,61.0,1939.9,33067.53
4119152,Pinhais,2012,119379,61.0,1957.03,37731.43
4119152,Pinhais,2013,124528,61.0,2041.44,39831.98
4119152,Pinhais,2014,125808,61.0,2062.43,40720.8
4119152,Pinhais,2015,127045,61.0,2082.7,40075.09
4119152,Pinhais,2016,128256,61.0,2102.56,41994.46
4119152,Pinhais,2017,129445,61.0,2122.05,43228.56
4119152,Pinhais,2018,130789,61.0,2144.08,44774.6
4119152,Pinhais,2019,132157,61.0,2166.51,48889.31
4119152,Pinhais,2020,133490,61.0,2188.36,47717.93
4119152,Pinhais,2021,134788,61.0,2209.64,59077.62
4119152,Pinhais,2022,133592,61.0,2190.03,64066.49
4119152,Pinhais,2023,132395,61.0,2170.41,74418.23
4119152,Pinhais,2024,131199,61.0,2150.8,75096.62
4119152,Pinhais,2025,131255,61.0,2151.72,75064.58
4119152,Pinhais,2026,131255,61.0,2151.72,75064.58
4119202,Pinhalão,2008,6030,221.2,27.26,9840.63
4119202,Pinhalão,2009,6005,221.2,27.15,8855.62
4119202,Pinhalão,2010,6110,221.2,27.62,11387.56
4119202,Pinhalão,2011,6215,221.2,28.1,16608.05
4119202,Pinhalão,2012,6215,221.2,28.1,17869.51
4119202,Pinhalão,2013,6409,221.2,28.97,17511.62
4119202,Pinhalão,2014,6417,221.2,29.01,17608.38
4119202,Pinhalão,2015,6425,221.2,29.05,23117.2
4119202,Pinhalão,2016,6433,221.2,29.08,24800.09
4119202,Pinhalão,2017,6440,221.2,29.11,26622.05
4119202,Pinhalão,2018,6327,221.2,28.6,24868.5
4119202,Pinhalão,2019,6326,221.2,28.6,24295.13
4119202,Pinhalão,2020,6324,221.2,28.59,29740.51
4119202,Pinhalão,2021,6323,221.2,28.58,39771.47
4119202,Pinhalão,2022,6451,221.2,29.16,43484.11
4119202,Pinhalão,2023,6579,221.2,29.74,38290.17
4119202,Pinhalão,2024,6707,221.2,30.32,37559.42
4119202,Pinhalão,2025,6676,221.2,30.18,37733.82
4119202,Pinhalão,2026,6676,221.2,30.18,37733.82
4119251,Pinhal de São Bento,2008,2598,97.6,26.62,7952.27
4119251,Pinhal de São Bento,2009,2600,97.6,26.64,8292.69
4119251,Pinhal de São Bento,2010,2615,97.6,26.79,9842.07
4119251,Pinhal de São Bento,2011,2630,97.6,26.95,11173.0
4119251,Pinhal de São Bento,2012,2635,97.6,27.0,10922.96
4119251,Pinhal de São Bento,2013,2724,97.6,27.91,13301.4
4119251,Pinhal de São Bento,2014,2732,97.6,27.99,14602.86
4119251,Pinhal de São Bento,2015,2740,97.6,28.07,14804.01
4119251,Pinhal de São Bento,2016,2749,97.6,28.17,17357.58
4119251,Pinhal de São Bento,2017,2757,97.6,28.25,18085.96
4119251,Pinhal de São Bento,2018,2725,97.6,27.92,18949.36
4119251,Pinhal de São Bento,2019,2731,97.6,27.98,20113.15
4119251,Pinhal de São Bento,2020,2737,97.6,28.04,24859.34
4119251,Pinhal de São Bento,2021,2742,97.6,28.09,29265.5
4119251,Pinhal de São Bento,2022,2768,97.6,28.36,22589.6
4119251,Pinhal de São Bento,2023,2793,97.6,28.62,29396.35
4119251,Pinhal de São Bento,2024,2819,97.6,28.88,29125.22
4119251,Pinhal de São Bento,2025,2805,97.6,28.74,29270.59
4119251,Pinhal de São Bento,2026,2805,97.6,28.74,29270.59
4119301,Pinhão,2008,30144,2005.8,15.03,20851.81
4119301,Pinhão,2009,30295,2005.8,15.1,20659.09
4119301,Pinhão,2010,30321,2005.8,15.12,24318.33
4119301,Pinhão,2011,30347,2005.8,15.13,28256.43
4119301,Pinhão,2012,30480,2005.8,15.2,30388.45
4119301,Pinhão,2013,31617,2005.8,15.76,32883.51
4119301,Pinhão,2014,31800,2005.8,15.85,28673.87
4119301,Pinhão,2015,31978,2005.8,15.94,38773.13
4119301,Pinhão,2016,32152,2005.8,16.03,58905.98
4119301,Pinhão,2017,32322,2005.8,16.11,45386.08
4119301,Pinhão,2018,32219,2005.8,16.06,48650.7
4119301,Pinhão,2019,32391,2005.8,16.15,48564.35
4119301,Pinhão,2020,32559,2005.8,16.23,48027.98
4119301,Pinhão,2021,32722,2005.8,16.31,54849.12
4119301,Pinhão,2022,31972,2005.8,15.94,56276.9
4119301,Pinhão,2023,31222,2005.8,15.57,59288.58
4119301,Pinhão,2024,30472,2005.8,15.19,60747.83
4119301,Pinhão,2025,30451,2005.8,15.18,60789.73
4119301,Pinhão,2026,30451,2005.8,15.18,60789.73
4119400,Piraí do Sul,2008,24139,1348.3,17.9,13710.18
4119400,Piraí do Sul,2009,24374,1348.3,18.08,14648.19
4119400,Piraí do Sul,2010,23968,1348.3,17.78,14810.25
4119400,Piraí do Sul,2011,23561,1348.3,17.47,16606.3
4119400,Piraí do Sul,2012,23693,1348.3,17.57,18972.27
4119400,Piraí do Sul,2013,24613,1348.3,18.25,21670.26
4119400,Piraí do Sul,2014,24786,1348.3,18.38,24025.82
4119400,Piraí do Sul,2015,24953,1348.3,18.51,25838.46
4119400,Piraí do Sul,2016,25117,1348.3,18.63,27341.6
4119400,Piraí do Sul,2017,25277,1348.3,18.75,31870.71
4119400,Piraí do Sul,2018,25291,1348.3,18.76,31574.2
4119400,Piraí do Sul,2019,25463,1348.3,18.89,31872.21
4119400,Piraí do Sul,2020,25617,1348.3,19.0,42127.73
4119400,Piraí do Sul,2021,25779,1348.3,19.12,46226.39
4119400,Piraí do Sul,2022,25186,1348.3,18.68,54320.61
4119400,Piraí do Sul,2023,24593,1348.3,18.24,58605.13
4119400,Piraí do Sul,2024,24000,1348.3,17.8,60053.17
4119400,Piraí do Sul,2025,23977,1348.3,17.78,60110.77
4119400,Piraí do Sul,2026,23977,1348.3,17.78,60110.77
4119509,Piraquara,2008,86012,227.5,378.07,5020.9
4119509,Piraquara,2009,87285,227.5,383.67,6081.88
4119509,Piraquara,2010,90902,227.5,399.57,6948.01
4119509,Piraquara,2011,94518,227.5,415.46,8168.84
4119509,Piraquara,2012,96023,227.5,422.08,9723.61
4119509,Piraquara,2013,101053,227.5,444.19,10725.1
4119509,Piraquara,2014,102798,227.5,451.86,10904.92
4119509,Piraquara,2015,104481,227.5,459.26,10188.63
4119509,Piraquara,2016,106132,227.5,466.51,10660.17
4119509,Piraquara,2017,107751,227.5,473.63,11345.07
4119509,Piraquara,2018,111052,227.5,488.14,11680.43
4119509,Piraquara,2019,113036,227.5,496.86,12365.41
4119509,Piraquara,2020,114970,227.5,505.36,12154.49
4119509,Piraquara,2021,116852,227.5,513.64,13211.99
4119509,Piraquara,2022,119546,227.5,525.48,14148.19
4119509,Piraquara,2023,122240,227.5,537.32,15555.7
4119509,Piraquara,2024,124934,227.5,549.16,15220.27
4119509,Piraquara,2025,127433,227.5,560.15,14921.79
4119509,Piraquara,2026,127433,227.5,560.15,14921.79
4119608,Pitanga,2008,35155,1667.7,21.08,9818.83
4119608,Pitanga,2009,35052,1667.7,21.02,10281.13
4119608,Pitanga,2010,33722,1667.7,20.22,10429.51
4119608,Pitanga,2011,32391,1667.7,19.42,13002.87
4119608,Pitanga,2012,32152,1667.7,19.28,15593.84
4119608,Pitanga,2013,32841,1667.7,19.69,18831.7
4119608,Pitanga,2014,32626,1667.7,19.56,21252.28
4119608,Pitanga,2015,32419,1667.7,19.44,21622.78
4119608,Pitanga,2016,32215,1667.7,19.32,25363.46
4119608,Pitanga,2017,32015,1667.7,19.2,25474.28
4119608,Pitanga,2018,30635,1667.7,18.37,29162.62
4119608,Pitanga,2019,30310,1667.7,18.17,28563.74
4119608,Pitanga,2020,29994,1667.7,17.99,36477.73
4119608,Pitanga,2021,29686,1667.7,17.8,38428.55
4119608,Pitanga,2022,31295,1667.7,18.77,43824.19
4119608,Pitanga,2023,32904,1667.7,19.73,44029.42
4119608,Pitanga,2024,34513,1667.7,20.69,41976.76
4119608,Pitanga,2025,34527,1667.7,20.7,41959.74
4119608,Pitanga,2026,34527,1667.7,20.7,41959.74
4119657,Pitangueiras,2008,2786,123.6,22.54,16094.76
4119657,Pitangueiras,2009,2822,123.6,22.83,15386.96
4119657,Pitangueiras,2010,2834,123.6,22.93,15433.66
4119657,Pitangueiras,2011,2845,123.6,23.02,18872.76
4119657,Pitangueiras,2012,2874,123.6,23.25,20785.66
4119657,Pitangueiras,2013,3004,123.6,24.3,21858.85
4119657,Pitangueiras,2014,3039,123.6,24.59,18740.7
4119657,Pitangueiras,2015,3073,123.6,24.86,23148.06
4119657,Pitangueiras,2016,3107,123.6,25.14,21822.01
4119657,Pitangueiras,2017,3140,123.6,25.4,27900.0
4119657,Pitangueiras,2018,3185,123.6,25.77,30434.54
4119657,Pitangueiras,2019,3224,123.6,26.08,28152.61
4119657,Pitangueiras,2020,3262,123.6,26.39,40126.0
4119657,Pitangueiras,2021,3298,123.6,26.68,36944.51
4119657,Pitangueiras,2022,3239,123.6,26.21,47749.92
4119657,Pitangueiras,2023,3180,123.6,25.73,50494.65
4119657,Pitangueiras,2024,3121,123.6,25.25,51449.21
4119657,Pitangueiras,2025,3141,123.6,25.41,51121.62
4119657,Pitangueiras,2026,3141,123.6,25.41,51121.62
4119707,Planaltina do Paraná,2008,3879,357.0,10.87,8717.45
4119707,Planaltina do Paraná,2009,3864,357.0,10.82,9261.39
4119707,Planaltina do Paraná,2010,3984,357.0,11.16,11216.11
4119707,Planaltina do Paraná,2011,4103,357.0,11.49,12087.98
4119707,Planaltina do Paraná,2012,4111,357.0,11.52,14126.0
4119707,Planaltina do Paraná,2013,4250,357.0,11.9,18217.18
4119707,Planaltina do Paraná,2014,4264,357.0,11.94,19671.2
4119707,Planaltina do Paraná,2015,4277,357.0,11.98,20486.32
4119707,Planaltina do Paraná,2016,4290,357.0,12.02,22692.07
4119707,Planaltina do Paraná,2017,4303,357.0,12.05,24566.58
4119707,Planaltina do Paraná,2018,4254,357.0,11.92,23059.47
4119707,Planaltina do Paraná,2019,4263,357.0,11.94,24183.67
4119707,Planaltina do Paraná,2020,4272,357.0,11.97,23430.24
4119707,Planaltina do Paraná,2021,4281,357.0,11.99,24273.3
4119707,Planaltina do Paraná,2022,4228,357.0,11.84,27426.68
4119707,Planaltina do Paraná,2023,4176,357.0,11.7,35809.39
4119707,Planaltina do Paraná,2024,4123,357.0,11.55,36269.71
4119707,Planaltina do Paraná,2025,4125,357.0,11.55,36252.12
4119707,Planaltina do Paraná,2026,4125,357.0,11.55,36252.12
4119806,Planalto,2008,14007,347.0,40.37,8925.82
4119806,Planalto,2009,13983,347.0,40.3,9579.49
4119806,Planalto,2010,13801,347.0,39.77,11076.3
4119806,Planalto,2011,13619,347.0,39.25,12781.19
4119806,Planalto,2012,13584,347.0,39.15,12797.11
4119806,Planalto,2013,13964,347.0,40.24,16709.75
4119806,Planalto,2014,13944,347.0,40.18,17815.48
4119806,Planalto,2015,13926,347.0,40.13,18608.86
4119806,Planalto,2016,13907,347.0,40.08,21401.38
4119806,Planalto,2017,13889,347.0,40.03,22359.78
4119806,Planalto,2018,13528,347.0,38.99,24112.06
4119806,Planalto,2019,13479,347.0,38.84,23781.96
4119806,Planalto,2020,13431,347.0,38.71,28127.32
4119806,Planalto,2021,13385,347.0,38.57,31776.32
4119806,Planalto,2022,13811,347.0,39.8,29534.07
4119806,Planalto,2023,14237,347.0,41.03,36949.36
4119806,Planalto,2024,14663,347.0,42.26,35875.88
4119806,Planalto,2025,14722,347.0,42.43,35732.1
4119806,Planalto,2026,14722,347.0,42.43,35732.1
4119905,Ponta Grossa,2008,311106,2059.1,151.09,17626.82
4119905,Ponta Grossa,2009,314681,2059.1,152.82,18618.89
4119905,Ponta Grossa,2010,314600,2059.1,152.79,21292.86
4119905,Ponta Grossa,2011,314518,2059.1,152.75,25038.62
4119905,Ponta Grossa,2012,317339,2059.1,154.12,28196.35
4119905,Ponta Grossa,2013,331084,2059.1,160.79,31116.41
4119905,Ponta Grossa,2014,334535,2059.1,162.47,33827.94
4119905,Ponta Grossa,2015,337865,2059.1,164.08,34934.98
4119905,Ponta Grossa,2016,341130,2059.1,165.67,38031.68
4119905,Ponta Grossa,2017,344332,2059.1,167.22,42224.21
4119905,Ponta Grossa,2018,348043,2059.1,169.03,43252.88
4119905,Ponta Grossa,2019,351736,2059.1,170.82,44363.84
4119905,Ponta Grossa,2020,355336,2059.1,172.57,48618.83
4119905,Ponta Grossa,2021,358838,2059.1,174.27,54314.9
4119905,Ponta Grossa,2022,363413,2059.1,176.49,64092.98
4119905,Ponta Grossa,2023,367987,2059.1,178.71,69522.36
4119905,Ponta Grossa,2024,372562,2059.1,180.93,68668.64
4119905,Ponta Grossa,2025,375632,2059.1,182.43,68107.42
4119905,Ponta Grossa,2026,375632,2059.1,182.43,68107.42
4119954,Pontal do Paraná,2008,17508,200.8,87.19,9879.6
4119954,Pontal do Paraná,2009,17820,200.8,88.75,9752.58
4119954,Pontal do Paraná,2010,19624,200.8,97.73,10006.57
4119954,Pontal do Paraná,2011,21427,200.8,106.71,10391.84
4119954,Pontal do Paraná,2012,21917,200.8,109.15,18369.44
4119954,Pontal do Paraná,2013,23261,200.8,115.84,14185.89
4119954,Pontal do Paraná,2014,23816,200.8,118.61,16202.18
4119954,Pontal do Paraná,2015,24352,200.8,121.27,17477.54
4119954,Pontal do Paraná,2016,24878,200.8,123.89,19186.59
4119954,Pontal do Paraná,2017,25393,200.8,126.46,22760.76
4119954,Pontal do Paraná,2018,26636,200.8,132.65,91045.2
4119954,Pontal do Paraná,2019,27284,200.8,135.88,32751.25
4119954,Pontal do Paraná,2020,27915,200.8,139.02,21271.93
4119954,Pontal do Paraná,2021,28529,200.8,142.08,22900.1
4119954,Pontal do Paraná,2022,29828,200.8,148.55,23911.69
4119954,Pontal do Paraná,2023,31127,200.8,155.01,26013.04
4119954,Pontal do Paraná,2024,32426,200.8,161.48,24970.95
4119954,Pontal do Paraná,2025,33131,200.8,165.0,24439.59
4119954,Pontal do Paraná,2026,33131,200.8,165.0,24439.59
4120002,Porecatu,2008,14358,292.3,49.12,19217.23
4120002,Porecatu,2009,14189,292.3,48.54,23177.39
4120002,Porecatu,2010,14124,292.3,48.32,24995.19
4120002,Porecatu,2011,14060,292.3,48.1,30943.88
4120002,Porecatu,2012,13934,292.3,47.67,34571.98
4120002,Porecatu,2013,14203,292.3,48.59,35460.25
4120002,Porecatu,2014,14086,292.3,48.19,31252.8
4120002,Porecatu,2015,13973,292.3,47.8,38970.94
4120002,Porecatu,2016,13863,292.3,47.43,45542.88
4120002,Porecatu,2017,13754,292.3,47.05,36918.06
4120002,Porecatu,2018,13084,292.3,44.76,42638.41
4120002,Porecatu,2019,12914,292.3,44.18,46827.09
4120002,Porecatu,2020,12748,292.3,43.61,51359.12
4120002,Porecatu,2021,12587,292.3,43.06,44029.24
4120002,Porecatu,2022,12204,292.3,41.75,55639.46
4120002,Porecatu,2023,11821,292.3,40.44,62003.89
4120002,Porecatu,2024,11438,292.3,39.13,64080.08
4120002,Porecatu,2025,11271,292.3,38.56,65029.54
4120002,Porecatu,2026,11271,292.3,38.56,65029.54
4120101,Porto Amazonas,2008,4341,186.9,23.23,12980.19
4120101,Porto Amazonas,2009,4348,186.9,23.26,13002.76
4120101,Porto Amazonas,2010,4442,186.9,23.77,14815.62
4120101,Porto Amazonas,2011,4536,186.9,24.27,14693.78
4120101,Porto Amazonas,2012,4556,186.9,24.38,19214.0
4120101,Porto Amazonas,2013,4727,186.9,25.29,20374.87
4120101,Porto Amazonas,2014,4755,186.9,25.44,18149.74
4120101,Porto Amazonas,2015,4782,186.9,25.59,19303.64
4120101,Porto Amazonas,2016,4809,186.9,25.73,23207.32
4120101,Porto Amazonas,2017,4835,186.9,25.87,24894.93
4120101,Porto Amazonas,2018,4821,186.9,25.79,24967.64
4120101,Porto Amazonas,2019,4848,186.9,25.94,23456.27
4120101,Porto Amazonas,2020,4874,186.9,26.08,31855.77
4120101,Porto Amazonas,2021,4899,186.9,26.21,33298.84
4120101,Porto Amazonas,2022,4632,186.9,24.78,52618.31
4120101,Porto Amazonas,2023,4366,186.9,23.36,89707.28
4120101,Porto Amazonas,2024,4099,186.9,21.93,95550.62
4120101,Porto Amazonas,2025,4072,186.9,21.79,96184.18
4120101,Porto Amazonas,2026,4072,186.9,21.79,96184.18
4120150,Porto Barreiro,2008,3812,361.8,10.54,10950.16
4120150,Porto Barreiro,2009,3768,361.8,10.41,12694.27
4120150,Porto Barreiro,2010,3695,361.8,10.21,12299.05
4120150,Porto Barreiro,2011,3622,361.8,10.01,14507.73
4120150,Porto Barreiro,2012,3582,361.8,9.9,14794.81
4120150,Porto Barreiro,2013,3640,361.8,10.06,18998.63
4120150,Porto Barreiro,2014,3601,361.8,9.95,22015.0
4120150,Porto Barreiro,2015,3564,361.8,9.85,22165.82
4120150,Porto Barreiro,2016,3527,361.8,9.75,24758.72
4120150,Porto Barreiro,2017,3491,361.8,9.65,24938.41
4120150,Porto Barreiro,2018,3292,361.8,9.1,29992.41
4120150,Porto Barreiro,2019,3237,361.8,8.95,33468.33
4120150,Porto Barreiro,2020,3184,361.8,8.8,45788.94
4120150,Porto Barreiro,2021,3133,361.8,8.66,54265.24
4120150,Porto Barreiro,2022,3115,361.8,8.61,59142.22
4120150,Porto Barreiro,2023,3096,361.8,8.56,54640.83
4120150,Porto Barreiro,2024,3078,361.8,8.51,54960.36
4120150,Porto Barreiro,2025,3057,361.8,8.45,55337.91
4120150,Porto Barreiro,2026,3057,361.8,8.45,55337.91
4120200,Porto Rico,2008,2526,218.2,11.58,8479.41
4120200,Porto Rico,2009,2521,218.2,11.55,10024.99
4120200,Porto Rico,2010,2525,218.2,11.57,10780.2
4120200,Porto Rico,2011,2529,218.2,11.59,12955.71
4120200,Porto Rico,2012,2527,218.2,11.58,15031.66
4120200,Porto Rico,2013,2605,218.2,11.94,17001.92
4120200,Porto Rico,2014,2606,218.2,11.94,18064.85
4120200,Porto Rico,2015,2608,218.2,11.95,20855.06
4120200,Porto Rico,2016,2610,218.2,11.96,23516.48
4120200,Porto Rico,2017,2611,218.2,11.97,26160.86
4120200,Porto Rico,2018,2561,218.2,11.74,27291.29
4120200,Porto Rico,2019,2559,218.2,11.73,29465.03
4120200,Porto Rico,2020,2556,218.2,11.71,34108.37
4120200,Porto Rico,2021,2554,218.2,11.7,42525.84
4120200,Porto Rico,2022,2808,218.2,12.87,42231.13
4120200,Porto Rico,2023,3062,218.2,14.03,49960.81
4120200,Porto Rico,2024,3316,218.2,15.2,46133.9
4120200,Porto Rico,2025,3370,218.2,15.44,45394.66
4120200,Porto Rico,2026,3370,218.2,15.44,45394.66
4120309,Porto Vitória,2008,3856,213.4,18.07,8773.6
4120309,Porto Vitória,2009,3833,213.4,17.96,8884.69
4120309,Porto Vitória,2010,3926,213.4,18.4,9334.18
4120309,Porto Vitória,2011,4018,213.4,18.83,9596.07
4120309,Porto Vitória,2012,4016,213.4,18.82,9836.65
4120309,Porto Vitória,2013,4138,213.4,19.39,11649.59
4120309,Porto Vitória,2014,4141,213.4,19.4,14026.32
4120309,Porto Vitória,2015,4143,213.4,19.41,14194.06
4120309,Porto Vitória,2016,4146,213.4,19.43,13958.76
4120309,Porto Vitória,2017,4148,213.4,19.44,15196.72
4120309,Porto Vitória,2018,4068,213.4,19.06,15769.67
4120309,Porto Vitória,2019,4065,213.4,19.05,16827.8
4120309,Porto Vitória,2020,4061,213.4,19.03,20316.42
4120309,Porto Vitória,2021,4057,213.4,19.01,24337.69
4120309,Porto Vitória,2022,3888,213.4,18.22,23498.46
4120309,Porto Vitória,2023,3718,213.4,17.42,26449.97
4120309,Porto Vitória,2024,3549,213.4,16.63,27709.5
4120309,Porto Vitória,2025,3515,213.4,16.47,27977.52
4120309,Porto Vitória,2026,3515,213.4,16.47,27977.52
4120333,Prado Ferreira,2008,3480,153.3,22.7,12472.13
4120333,Prado Ferreira,2009,3510,153.3,22.9,11716.81
4120333,Prado Ferreira,2010,3483,153.3,22.72,14360.61
4120333,Prado Ferreira,2011,3456,153.3,22.54,18576.97
4120333,Prado Ferreira,2012,3477,153.3,22.68,21536.09
4120333,Prado Ferreira,2013,3614,153.3,23.57,23675.98
4120333,Prado Ferreira,2014,3641,153.3,23.75,25895.36
4120333,Prado Ferreira,2015,3668,153.3,23.93,27094.87
4120333,Prado Ferreira,2016,3693,153.3,24.09,27062.55
4120333,Prado Ferreira,2017,3718,153.3,24.25,31181.82
4120333,Prado Ferreira,2018,3726,153.3,24.31,35163.98
4120333,Prado Ferreira,2019,3753,153.3,24.48,31689.85
4120333,Prado Ferreira,2020,3780,153.3,24.66,47666.14
4120333,Prado Ferreira,2021,3806,153.3,24.83,44909.88
4120333,Prado Ferreira,2022,3804,153.3,24.81,52113.56
4120333,Prado Ferreira,2023,3801,153.3,24.79,54710.6
4120333,Prado Ferreira,2024,3799,153.3,24.78,54739.41
4120333,Prado Ferreira,2025,3816,153.3,24.89,54495.55
4120333,Prado Ferreira,2026,3816,153.3,24.89,54495.55
4120358,Pranchita,2008,5925,226.6,26.15,15263.97
4120358,Pranchita,2009,5885,226.6,25.97,15647.07
4120358,Pranchita,2010,5732,226.6,25.3,15933.71
4120358,Pranchita,2011,5580,226.6,24.62,19306.45
4120358,Pranchita,2012,5533,226.6,24.42,19628.23
4120358,Pranchita,2013,5643,226.6,24.9,27405.99
4120358,Pranchita,2014,5600,226.6,24.71,28176.61
4120358,Pranchita,2015,5558,226.6,24.53,29338.25
4120358,Pranchita,2016,5517,226.6,24.35,34400.76
4120358,Pranchita,2017,5477,226.6,24.17,40297.06
4120358,Pranchita,2018,5221,226.6,23.04,36858.84
4120358,Pranchita,2019,5157,226.6,22.76,39672.87
4120358,Pranchita,2020,5095,226.6,22.48,53947.79
4120358,Pranchita,2021,5035,226.6,22.22,65430.59
4120358,Pranchita,2022,5301,226.6,23.39,52661.57
4120358,Pranchita,2023,5567,226.6,24.57,68023.53
4120358,Pranchita,2024,5833,226.6,25.74,64921.48
4120358,Pranchita,2025,5831,226.6,25.73,64943.75
4120358,Pranchita,2026,5831,226.6,25.73,64943.75
4120408,Presidente Castelo Branco,2008,4879,156.0,31.28,7670.42
4120408,Presidente Castelo Branco,2009,4934,156.0,31.63,8007.09
4120408,Presidente Castelo Branco,2010,4878,156.0,31.27,11540.39
4120408,Presidente Castelo Branco,2011,4821,156.0,30.9,15447.83
4120408,Presidente Castelo Branco,2012,4857,156.0,31.13,14823.55
4120408,Presidente Castelo Branco,2013,5056,156.0,32.41,18172.07
4120408,Presidente Castelo Branco,2014,5101,156.0,32.7,19144.68
4120408,Presidente Castelo Branco,2015,5144,156.0,32.97,20319.79
4120408,Presidente Castelo Branco,2016,5186,156.0,33.24,21079.44
4120408,Presidente Castelo Branco,2017,5227,156.0,33.51,25401.57
4120408,Presidente Castelo Branco,2018,5260,156.0,33.72,26126.05
4120408,Presidente Castelo Branco,2019,5306,156.0,34.01,28528.84
4120408,Presidente Castelo Branco,2020,5351,156.0,34.3,26723.23
4120408,Presidente Castelo Branco,2021,5395,156.0,34.58,27321.59
4120408,Presidente Castelo Branco,2022,5042,156.0,32.32,36673.15
4120408,Presidente Castelo Branco,2023,4689,156.0,30.06,42042.23
4120408,Presidente Castelo Branco,2024,4336,156.0,27.79,45464.94
4120408,Presidente Castelo Branco,2025,4304,156.0,27.59,45802.97
4120408,Presidente Castelo Branco,2026,4304,156.0,27.59,45802.97
4120507,Primeiro de Maio,2008,11098,415.5,26.71,10683.37
4120507,Primeiro de Maio,2009,11126,415.5,26.78,9455.06
4120507,Primeiro de Maio,2010,10983,415.5,26.43,12940.36
4120507,Primeiro de Maio,2011,10840,415.5,26.09,14718.82
4120507,Primeiro de Maio,2012,10848,415.5,26.11,18827.06
4120507,Primeiro de Maio,2013,11199,415.5,26.95,20577.19
4120507,Primeiro de Maio,2014,11222,415.5,27.01,19321.87
4120507,Primeiro de Maio,2015,11243,415.5,27.06,22619.76
4120507,Primeiro de Maio,2016,11265,415.5,27.11,24164.85
4120507,Primeiro de Maio,2017,11286,415.5,27.16,24109.87
4120507,Primeiro de Maio,2018,11114,415.5,26.75,26990.46
4120507,Primeiro de Maio,2019,11123,415.5,26.77,26542.75
4120507,Primeiro de Maio,2020,11130,415.5,26.79,33306.92
4120507,Primeiro de Maio,2021,11138,415.5,26.81,33332.91
4120507,Primeiro de Maio,2022,10799,415.5,25.99,42682.75
4120507,Primeiro de Maio,2023,10460,415.5,25.17,44213.77
4120507,Primeiro de Maio,2024,10121,415.5,24.36,45694.69
4120507,Primeiro de Maio,2025,10064,415.5,24.22,45953.5
4120507,Primeiro de Maio,2026,10064,415.5,24.22,45953.5
4120606,Prudentópolis,2008,50614,2251.4,22.48,8632.33
4120606,Prudentópolis,2009,51008,2251.4,22.66,9291.88
4120606,Prudentópolis,2010,49970,2251.4,22.2,10131.04
4120606,Prudentópolis,2011,48933,2251.4,21.73,11902.48
4120606,Prudentópolis,2012,49150,2251.4,21.83,13304.52
4120606,Prudentópolis,2013,50983,2251.4,22.65,15887.65
4120606,Prudentópolis,2014,51281,2251.4,22.78,16780.99
4120606,Prudentópolis,2015,51567,2251.4,22.9,18060.06
4120606,Prudentópolis,2016,51849,2251.4,23.03,20352.87
4120606,Prudentópolis,2017,52125,2251.4,23.15,22311.92
4120606,Prudentópolis,2018,51961,2251.4,23.08,23031.68
4120606,Prudentópolis,2019,52241,2251.4,23.2,24237.3
4120606,Prudentópolis,2020,52513,2251.4,23.32,27338.75
4120606,Prudentópolis,2021,52776,2251.4,23.44,29781.15
4120606,Prudentópolis,2022,51993,2251.4,23.09,31111.84
4120606,Prudentópolis,2023,51211,2251.4,22.75,37217.45
4120606,Prudentópolis,2024,50428,2251.4,22.4,37795.33
4120606,Prudentópolis,2025,50946,2251.4,22.63,37411.04
4120606,Prudentópolis,2026,50946,2251.4,22.63,37411.04
4120655,Quarto Centenário,2008,4927,322.6,15.27,21522.02
4120655,Quarto Centenário,2009,4881,322.6,15.13,21025.2
4120655,Quarto Centenário,2010,4850,322.6,15.03,18674.64
4120655,Quarto Centenário,2011,4820,322.6,14.94,23542.53
4120655,Quarto Centenário,2012,4784,322.6,14.83,26454.01
4120655,Quarto Centenário,2013,4887,322.6,15.15,35606.92
4120655,Quarto Centenário,2014,4855,322.6,15.05,35808.86
4120655,Quarto Centenário,2015,4824,322.6,14.95,39309.49
4120655,Quarto Centenário,2016,4794,322.6,14.86,46192.32
4120655,Quarto Centenário,2017,4764,322.6,14.77,44419.4
4120655,Quarto Centenário,2018,4560,322.6,14.14,50421.49
4120655,Quarto Centenário,2019,4512,322.6,13.99,48435.06
4120655,Quarto Centenário,2020,4465,322.6,13.84,76498.32
4120655,Quarto Centenário,2021,4420,322.6,13.7,82127.38
4120655,Quarto Centenário,2022,4337,322.6,13.44,61276.46
4120655,Quarto Centenário,2023,4253,322.6,13.18,96171.88
4120655,Quarto Centenário,2024,4170,322.6,12.93,98086.09
4120655,Quarto Centenário,2025,4127,322.6,12.79,99108.07
4120655,Quarto Centenário,2026,4127,322.6,12.79,99108.07
4120705,Quatiguá,2008,7116,113.0,62.97,8476.11
4120705,Quatiguá,2009,7148,113.0,63.26,9478.46
4120705,Quatiguá,2010,7108,113.0,62.9,10550.08
4120705,Quatiguá,2011,7069,113.0,62.56,13577.45
4120705,Quatiguá,2012,7091,113.0,62.75,13135.81
4120705,Quatiguá,2013,7344,113.0,64.99,15596.0
4120705,Quatiguá,2014,7377,113.0,65.28,26623.29
4120705,Quatiguá,2015,7410,113.0,65.58,21371.26
4120705,Quatiguá,2016,7441,113.0,65.85,23709.99
4120705,Quatiguá,2017,7472,113.0,66.12,22871.25
4120705,Quatiguá,2018,7420,113.0,65.66,23984.64
4120705,Quatiguá,2019,7449,113.0,65.92,26103.1
4120705,Quatiguá,2020,7477,113.0,66.17,26443.09
4120705,Quatiguá,2021,7504,113.0,66.41,28266.79
4120705,Quatiguá,2022,7788,113.0,68.92,29896.25
4120705,Quatiguá,2023,8073,113.0,71.44,30287.01
4120705,Quatiguá,2024,8357,113.0,73.96,29257.75
4120705,Quatiguá,2025,8426,113.0,74.57,29018.16
4120705,Quatiguá,2026,8426,113.0,74.57,29018.16
4120804,Quatro Barras,2008,19002,180.8,105.1,29214.03
4120804,Quatro Barras,2009,19277,180.8,106.62,32676.09
4120804,Quatro Barras,2010,19706,180.8,108.99,37193.95
4120804,Quatro Barras,2011,20135,180.8,111.37,45574.87
4120804,Quatro Barras,2012,20409,180.8,112.88,43278.9
4120804,Quatro Barras,2013,21417,180.8,118.46,72165.71
4120804,Quatro Barras,2014,21738,180.8,120.23,52128.12
4120804,Quatro Barras,2015,22048,180.8,121.95,52762.06
4120804,Quatro Barras,2016,22353,180.8,123.63,55677.72
4120804,Quatro Barras,2017,22651,180.8,125.28,63781.51
4120804,Quatro Barras,2018,23199,180.8,128.31,66792.02
4120804,Quatro Barras,2019,23559,180.8,130.3,67047.79
4120804,Quatro Barras,2020,23911,180.8,132.25,66702.69
4120804,Quatro Barras,2021,24253,180.8,134.14,80036.28
4120804,Quatro Barras,2022,24538,180.8,135.72,84921.18
4120804,Quatro Barras,2023,24824,180.8,137.3,94109.77
4120804,Quatro Barras,2024,25109,180.8,138.88,93041.58
4120804,Quatro Barras,2025,25397,180.8,140.47,91986.49
4120804,Quatro Barras,2026,25397,180.8,140.47,91986.49
4120853,Quatro Pontes,2008,3789,114.6,33.06,19111.38
4120853,Quatro Pontes,2009,3800,114.6,33.16,17494.21
4120853,Quatro Pontes,2010,3808,114.6,33.23,20197.74
4120853,Quatro Pontes,2011,3816,114.6,33.3,25503.67
4120853,Quatro Pontes,2012,3827,114.6,33.39,22315.13
4120853,Quatro Pontes,2013,3963,114.6,34.58,29752.46
4120853,Quatro Pontes,2014,3981,114.6,34.74,36762.37
4120853,Quatro Pontes,2015,3998,114.6,34.89,35416.21
4120853,Quatro Pontes,2016,4014,114.6,35.03,39901.84
4120853,Quatro Pontes,2017,4031,114.6,35.17,43148.6
4120853,Quatro Pontes,2018,4000,114.6,34.9,44284.25
4120853,Quatro Pontes,2019,4015,114.6,35.03,42783.56
4120853,Quatro Pontes,2020,4029,114.6,35.16,60921.32
4120853,Quatro Pontes,2021,4043,114.6,35.28,62717.54
4120853,Quatro Pontes,2022,4241,114.6,37.01,59684.51
4120853,Quatro Pontes,2023,4438,114.6,38.73,69202.79
4120853,Quatro Pontes,2024,4636,114.6,40.45,66247.2
4120853,Quatro Pontes,2025,4672,114.6,40.77,65736.73
4120853,Quatro Pontes,2026,4672,114.6,40.77,65736.73
4120903,Quedas do Iguaçu,2008,31572,823.3,38.35,24287.12
4120903,Quedas do Iguaçu,2009,31976,823.3,38.84,25228.3
4120903,Quedas do Iguaçu,2010,31415,823.3,38.16,30003.69
4120903,Quedas do Iguaçu,2011,30854,823.3,37.48,32250.15
4120903,Quedas do Iguaçu,2012,31095,823.3,37.77,37181.77
4120903,Quedas do Iguaçu,2013,32393,823.3,39.35,38410.46
4120903,Quedas do Iguaçu,2014,32693,823.3,39.71,29483.93
4120903,Quedas do Iguaçu,2015,32982,823.3,40.06,34177.61
4120903,Quedas do Iguaçu,2016,33265,823.3,40.4,38159.57
4120903,Quedas do Iguaçu,2017,33543,823.3,40.74,38750.83
4120903,Quedas do Iguaçu,2018,33788,823.3,41.04,35360.72
4120903,Quedas do Iguaçu,2019,34103,823.3,41.42,38000.12
4120903,Quedas do Iguaçu,2020,34409,823.3,41.79,37550.93
4120903,Quedas do Iguaçu,2021,34707,823.3,42.16,42254.21
4120903,Quedas do Iguaçu,2022,33606,823.3,40.82,50066.51
4120903,Quedas do Iguaçu,2023,32506,823.3,39.48,59310.43
4120903,Quedas do Iguaçu,2024,31405,823.3,38.15,61389.75
4120903,Quedas do Iguaçu,2025,31423,823.3,38.17,61354.58
4120903,Quedas do Iguaçu,2026,31423,823.3,38.17,61354.58
4121000,Querência do Norte,2008,12235,916.6,13.35,7137.47
4121000,Querência do Norte,2009,12306,916.6,13.43,8076.79
4121000,Querência do Norte,2010,12029,916.6,13.12,8428.55
4121000,Querência do Norte,2011,11752,916.6,12.82,9682.1
4121000,Querência do Norte,2012,11773,916.6,12.84,10848.21
4121000,Querência do Norte,2013,12171,916.6,13.28,13422.07
4121000,Querência do Norte,2014,12210,916.6,13.32,13813.1
4121000,Querência do Norte,2015,12247,916.6,13.36,15393.65
4121000,Querência do Norte,2016,12284,916.6,13.4,16263.92
4121000,Querência do Norte,2017,12320,916.6,13.44,17716.31
4121000,Querência do Norte,2018,12180,916.6,13.29,19477.09
4121000,Querência do Norte,2019,12206,916.6,13.32,18021.3
4121000,Querência do Norte,2020,12232,916.6,13.34,20950.29
4121000,Querência do Norte,2021,12257,916.6,13.37,21311.58
4121000,Querência do Norte,2022,11736,916.6,12.8,21328.39
4121000,Querência do Norte,2023,11214,916.6,12.23,30519.35
4121000,Querência do Norte,2024,10693,916.6,11.67,32006.36
4121000,Querência do Norte,2025,10625,916.6,11.59,32211.2
4121000,Querência do Norte,2026,10625,916.6,11.59,32211.2
4121109,Quinta do Sol,2008,5246,327.1,16.04,16010.1
4121109,Quinta do Sol,2009,5189,327.1,15.86,13549.62
4121109,Quinta do Sol,2010,5113,327.1,15.63,16426.36
4121109,Quinta do Sol,2011,5037,327.1,15.4,18420.49
4121109,Quinta do Sol,2012,4987,327.1,15.25,21014.24
4121109,Quinta do Sol,2013,5077,327.1,15.52,26249.75
4121109,Quinta do Sol,2014,5030,327.1,15.38,27563.22
4121109,Quinta do Sol,2015,4985,327.1,15.24,29429.09
4121109,Quinta do Sol,2016,4941,327.1,15.11,34021.66
4121109,Quinta do Sol,2017,4897,327.1,14.97,32709.82
4121109,Quinta do Sol,2018,4640,327.1,14.19,37372.84
4121109,Quinta do Sol,2019,4573,327.1,13.98,35708.07
4121109,Quinta do Sol,2020,4508,327.1,13.78,54082.3
4121109,Quinta do Sol,2021,4444,327.1,13.59,57936.77
4121109,Quinta do Sol,2022,4649,327.1,14.21,48566.57
4121109,Quinta do Sol,2023,4855,327.1,14.84,64871.88
4121109,Quinta do Sol,2024,5060,327.1,15.47,62243.68
4121109,Quinta do Sol,2025,5052,327.1,15.44,62342.24
4121109,Quinta do Sol,2026,5052,327.1,15.44,62342.24
4121208,Quitandinha,2008,16497,447.9,36.83,7677.58
4121208,Quitandinha,2009,16608,447.9,37.08,7001.08
4121208,Quitandinha,2010,16918,447.9,37.77,10185.84
4121208,Quitandinha,2011,17229,447.9,38.47,10488.07
4121208,Quitandinha,2012,17364,447.9,38.77,11669.37
4121208,Quitandinha,2013,18089,447.9,40.39,14384.54
4121208,Quitandinha,2014,18257,447.9,40.76,14786.49
4121208,Quitandinha,2015,18419,447.9,41.12,17055.59
4121208,Quitandinha,2016,18578,447.9,41.48,16879.0
4121208,Quitandinha,2017,18733,447.9,41.82,18860.46
4121208,Quitandinha,2018,18873,447.9,42.14,20778.04
4121208,Quitandinha,2019,19049,447.9,42.53,21364.74
4121208,Quitandinha,2020,19221,447.9,42.91,23474.74
4121208,Quitandinha,2021,19388,447.9,43.29,26260.42
4121208,Quitandinha,2022,19200,447.9,42.87,29231.56
4121208,Quitandinha,2023,19011,447.9,42.44,31269.21
4121208,Quitandinha,2024,18823,447.9,42.03,31581.52
4121208,Quitandinha,2025,18882,447.9,42.16,31482.84
4121208,Quitandinha,2026,18882,447.9,42.16,31482.84
4121257,Ramilândia,2008,4322,237.7,18.18,11115.22
4121257,Ramilândia,2009,4365,237.7,18.36,9772.51
4121257,Ramilândia,2010,4260,237.7,17.92,11466.9
4121257,Ramilândia,2011,4155,237.7,17.48,13067.15
4121257,Ramilândia,2012,4175,237.7,17.56,13619.16
4121257,Ramilândia,2013,4332,237.7,18.22,16269.39
4121257,Ramilândia,2014,4359,237.7,18.34,16955.04
4121257,Ramilândia,2015,4385,237.7,18.45,17376.51
4121257,Ramilândia,2016,4410,237.7,18.55,19097.73
4121257,Ramilândia,2017,4435,237.7,18.66,18396.84
4121257,Ramilândia,2018,4426,237.7,18.62,18590.6
4121257,Ramilândia,2019,4451,237.7,18.73,18432.94
4121257,Ramilândia,2020,4476,237.7,18.83,21002.46
4121257,Ramilândia,2021,4500,237.7,18.93,25283.11
4121257,Ramilândia,2022,4431,237.7,18.64,22277.59
4121257,Ramilândia,2023,4362,237.7,18.35,29019.94
4121257,Ramilândia,2024,4293,237.7,18.06,29486.37
4121257,Ramilândia,2025,4279,237.7,18.0,29582.85
4121257,Ramilândia,2026,4279,237.7,18.0,29582.85
4121307,Rancho Alegre,2008,4097,168.0,24.39,11841.59
4121307,Rancho Alegre,2009,4083,168.0,24.3,8961.06
4121307,Rancho Alegre,2010,4010,168.0,23.87,10688.03
4121307,Rancho Alegre,2011,3937,168.0,23.43,14391.92
4121307,Rancho Alegre,2012,3919,168.0,23.33,17210.26
4121307,Rancho Alegre,2013,4018,168.0,23.92,21413.64
4121307,Rancho Alegre,2014,4004,168.0,23.83,18206.29
4121307,Rancho Alegre,2015,3990,168.0,23.75,22767.17
4121307,Rancho Alegre,2016,3977,168.0,23.67,24977.87
4121307,Rancho Alegre,2017,3963,168.0,23.59,25366.39
4121307,Rancho Alegre,2018,3832,168.0,22.81,31411.53
4121307,Rancho Alegre,2019,3808,168.0,22.67,31642.59
4121307,Rancho Alegre,2020,3784,168.0,22.52,43060.52
4121307,Rancho Alegre,2021,3760,168.0,22.38,49375.27
4121307,Rancho Alegre,2022,3674,168.0,21.87,47457.81
4121307,Rancho Alegre,2023,3587,168.0,21.35,54967.94
4121307,Rancho Alegre,2024,3501,168.0,20.84,56318.19
4121307,Rancho Alegre,2025,3472,168.0,20.67,56788.59
4121307,Rancho Alegre,2026,3472,168.0,20.67,56788.59
4121356,Rancho Alegre D'Oeste,2008,2992,241.9,12.37,22068.18
4121356,Rancho Alegre D'Oeste,2009,2976,241.9,12.3,21882.06
4121356,Rancho Alegre D'Oeste,2010,2902,241.9,12.0,18935.91
4121356,Rancho Alegre D'Oeste,2011,2827,241.9,11.69,24153.17
4121356,Rancho Alegre D'Oeste,2012,2807,241.9,11.6,25246.53
4121356,Rancho Alegre D'Oeste,2013,2868,241.9,11.86,35427.13
4121356,Rancho Alegre D'Oeste,2014,2850,241.9,11.78,41866.32
4121356,Rancho Alegre D'Oeste,2015,2833,241.9,11.71,42018.36
4121356,Rancho Alegre D'Oeste,2016,2816,241.9,11.64,49354.05
4121356,Rancho Alegre D'Oeste,2017,2800,241.9,11.58,46552.86
4121356,Rancho Alegre D'Oeste,2018,2682,241.9,11.09,52568.23
4121356,Rancho Alegre D'Oeste,2019,2655,241.9,10.98,50123.54
4121356,Rancho Alegre D'Oeste,2020,2628,241.9,10.86,84921.23
4121356,Rancho Alegre D'Oeste,2021,2602,241.9,10.76,90240.97
4121356,Rancho Alegre D'Oeste,2022,2614,241.9,10.81,68639.25
4121356,Rancho Alegre D'Oeste,2023,2626,241.9,10.86,89734.2
4121356,Rancho Alegre D'Oeste,2024,2638,241.9,10.91,89326.0
4121356,Rancho Alegre D'Oeste,2025,2623,241.9,10.84,89836.83
4121356,Rancho Alegre D'Oeste,2026,2623,241.9,10.84,89836.83
4121406,Realeza,2008,16276,354.1,45.96,12384.92
4121406,Realeza,2009,16288,354.1,46.0,13569.38
4121406,Realeza,2010,16326,354.1,46.11,15679.41
4121406,Realeza,2011,16363,354.1,46.21,17840.43
4121406,Realeza,2012,16386,354.1,46.28,19567.19
4121406,Realeza,2013,16932,354.1,47.82,24399.42
4121406,Realeza,2014,16978,354.1,47.95,26478.68
4121406,Realeza,2015,17023,354.1,48.07,30955.82
4121406,Realeza,2016,17068,354.1,48.2,33887.63
4121406,Realeza,2017,17111,354.1,48.32,33767.28
4121406,Realeza,2018,16894,354.1,47.71,35698.06
4121406,Realeza,2019,16922,354.1,47.79,36467.62
4121406,Realeza,2020,16950,354.1,47.87,40482.6
4121406,Realeza,2021,16976,354.1,47.94,43772.5
4121406,Realeza,2022,17952,354.1,50.7,41691.96
4121406,Realeza,2023,18927,354.1,53.45,50667.67
4121406,Realeza,2024,19903,354.1,56.21,48183.04
4121406,Realeza,2025,20097,354.1,56.76,47717.92
4121406,Realeza,2026,20097,354.1,56.76,47717.92
4121505,Rebouças,2008,14558,482.6,30.17,9015.39
4121505,Rebouças,2009,14637,482.6,30.33,7815.33
4121505,Rebouças,2010,14426,482.6,29.89,11437.61
4121505,Rebouças,2011,14216,482.6,29.46,12907.71
4121505,Rebouças,2012,14254,482.6,29.54,15502.6
4121505,Rebouças,2013,14752,482.6,30.57,19106.97
4121505,Rebouças,2014,14812,482.6,30.69,19483.86
4121505,Rebouças,2015,14869,482.6,30.81,20498.35
4121505,Rebouças,2016,14926,482.6,30.93,21732.68
4121505,Rebouças,2017,14981,482.6,31.04,23961.95
4121505,Rebouças,2018,14851,482.6,30.77,25556.86
4121505,Rebouças,2019,14899,482.6,30.87,25726.69
4121505,Rebouças,2020,14946,482.6,30.97,30208.75
4121505,Rebouças,2021,14991,482.6,31.06,35783.6
4121505,Rebouças,2022,14912,482.6,30.9,36264.89
4121505,Rebouças,2023,14833,482.6,30.74,42860.65
4121505,Rebouças,2024,14754,482.6,30.57,43090.15
4121505,Rebouças,2025,14825,482.6,30.72,42883.78
4121505,Rebouças,2026,14825,482.6,30.72,42883.78
4121604,Renascença,2008,6945,426.1,16.3,15905.11
4121604,Renascença,2009,6937,426.1,16.28,15205.28
4121604,Renascença,2010,6869,426.1,16.12,17618.58
4121604,Renascença,2011,6801,426.1,15.96,21455.52
4121604,Renascença,2012,6790,426.1,15.94,21227.98
4121604,Renascença,2013,6989,426.1,16.4,29832.02
4121604,Renascença,2014,6986,426.1,16.4,29864.59
4121604,Renascença,2015,6984,426.1,16.39,31405.5
4121604,Renascença,2016,6981,426.1,16.38,36048.13
4121604,Renascença,2017,6979,426.1,16.38,37997.42
4121604,Renascença,2018,6818,426.1,16.0,37486.07
4121604,Renascença,2019,6802,426.1,15.96,37952.07
4121604,Renascença,2020,6787,426.1,15.93,50257.55
4121604,Renascença,2021,6772,426.1,15.89,62392.65
4121604,Renascença,2022,6830,426.1,16.03,50819.18
4121604,Renascença,2023,6888,426.1,16.17,66793.26
4121604,Renascença,2024,6946,426.1,16.3,66235.53
4121604,Renascença,2025,6945,426.1,16.3,66245.07
4121604,Renascença,2026,6945,426.1,16.3,66245.07
4121703,Reserva,2008,25059,1639.4,15.29,11013.45
4121703,Reserva,2009,25148,1639.4,15.34,9791.2
4121703,Reserva,2010,25206,1639.4,15.38,11578.39
4121703,Reserva,2011,25264,1639.4,15.41,14066.38
4121703,Reserva,2012,25353,1639.4,15.46,15934.37
4121703,Reserva,2013,26268,1639.4,16.02,18761.92
4121703,Reserva,2014,26397,1639.4,16.1,17042.39
4121703,Reserva,2015,26522,1639.4,16.18,19853.07
4121703,Reserva,2016,26643,1639.4,16.25,21353.19
4121703,Reserva,2017,26763,1639.4,16.32,20751.15
4121703,Reserva,2018,26602,1639.4,16.23,23196.34
4121703,Reserva,2019,26715,1639.4,16.3,22573.31
4121703,Reserva,2020,26825,1639.4,16.36,25377.63
4121703,Reserva,2021,26933,1639.4,16.43,28120.82
4121703,Reserva,2022,26239,1639.4,16.01,29726.48
4121703,Reserva,2023,25545,1639.4,15.58,29922.53
4121703,Reserva,2024,24851,1639.4,15.16,30758.16
4121703,Reserva,2025,24878,1639.4,15.18,30724.78
4121703,Reserva,2026,24878,1639.4,15.18,30724.78
4121752,Reserva do Iguaçu,2008,7383,836.0,8.83,9490.72
4121752,Reserva do Iguaçu,2009,7449,836.0,8.91,10333.74
4121752,Reserva do Iguaçu,2010,7402,836.0,8.85,9003.11
4121752,Reserva do Iguaçu,2011,7356,836.0,8.8,11111.61
4121752,Reserva do Iguaçu,2012,7402,836.0,8.85,14058.9
4121752,Reserva do Iguaçu,2013,7697,836.0,9.21,16840.46
4121752,Reserva do Iguaçu,2014,7757,836.0,9.28,15303.08
4121752,Reserva do Iguaçu,2015,7815,836.0,9.35,15319.39
4121752,Reserva do Iguaçu,2016,7872,836.0,9.42,18711.0
4121752,Reserva do Iguaçu,2017,7927,836.0,9.48,18359.28
4121752,Reserva do Iguaçu,2018,7950,836.0,9.51,19843.9
4121752,Reserva do Iguaçu,2019,8010,836.0,9.58,20831.34
4121752,Reserva do Iguaçu,2020,8069,836.0,9.65,29530.67
4121752,Reserva do Iguaçu,2021,8127,836.0,9.72,31995.57
4121752,Reserva do Iguaçu,2022,7599,836.0,9.09,34654.69
4121752,Reserva do Iguaçu,2023,7071,836.0,8.46,36464.29
4121752,Reserva do Iguaçu,2024,6543,836.0,7.83,39406.85
4121752,Reserva do Iguaçu,2025,6493,836.0,7.77,39710.3
4121752,Reserva do Iguaçu,2026,6493,836.0,7.77,39710.3
4121802,Ribeirão Claro,2008,11223,630.6,17.8,16966.68
4121802,Ribeirão Claro,2009,11246,630.6,17.83,20420.24
4121802,Ribeirão Claro,2010,10954,630.6,17.37,26035.97
4121802,Ribeirão Claro,2011,10661,630.6,16.91,27607.45
4121802,Ribeirão Claro,2012,10645,630.6,16.88,32290.37
4121802,Ribeirão Claro,2013,10956,630.6,17.37,30692.77
4121802,Ribeirão Claro,2014,10952,630.6,17.37,30097.97
4121802,Ribeirão Claro,2015,10949,630.6,17.36,32800.53
4121802,Ribeirão Claro,2016,10945,630.6,17.36,43725.63
4121802,Ribeirão Claro,2017,10941,630.6,17.35,42422.63
4121802,Ribeirão Claro,2018,10693,630.6,16.96,43863.74
4121802,Ribeirão Claro,2019,10668,630.6,16.92,39223.19
4121802,Ribeirão Claro,2020,10645,630.6,16.88,43201.88
4121802,Ribeirão Claro,2021,10622,630.6,16.84,36122.29
4121802,Ribeirão Claro,2022,11338,630.6,17.98,43757.98
4121802,Ribeirão Claro,2023,12054,630.6,19.12,50584.12
4121802,Ribeirão Claro,2024,12770,630.6,20.25,47747.92
4121802,Ribeirão Claro,2025,12856,630.6,20.39,47428.52
4121802,Ribeirão Claro,2026,12856,630.6,20.39,47428.52
4121901,Ribeirão do Pinhal,2008,13666,375.7,36.37,6910.58
4121901,Ribeirão do Pinhal,2009,13584,375.7,36.16,6506.48
4121901,Ribeirão do Pinhal,2010,13523,375.7,35.99,7990.24
4121901,Ribeirão do Pinhal,2011,13462,375.7,35.83,9182.44
4121901,Ribeirão do Pinhal,2012,13401,375.7,35.67,10556.97
4121901,Ribeirão do Pinhal,2013,13740,375.7,36.57,11768.85
4121901,Ribeirão do Pinhal,2014,13692,375.7,36.44,11631.32
4121901,Ribeirão do Pinhal,2015,13646,375.7,36.32,13776.42
4121901,Ribeirão do Pinhal,2016,13601,375.7,36.2,15771.63
4121901,Ribeirão do Pinhal,2017,13557,375.7,36.08,17473.26
4121901,Ribeirão do Pinhal,2018,13112,375.7,34.9,17800.18
4121901,Ribeirão do Pinhal,2019,13029,375.7,34.68,18064.78
4121901,Ribeirão do Pinhal,2020,12948,375.7,34.46,24771.62
4121901,Ribeirão do Pinhal,2021,12869,375.7,34.25,26267.85
4121901,Ribeirão do Pinhal,2022,12973,375.7,34.53,35399.98
4121901,Ribeirão do Pinhal,2023,13076,375.7,34.8,37315.16
4121901,Ribeirão do Pinhal,2024,13180,375.7,35.08,37020.71
4121901,Ribeirão do Pinhal,2025,13158,375.7,35.02,37082.61
4121901,Ribeirão do Pinhal,2026,13158,375.7,35.02,37082.61
4122008,Rio Azul,2008,13702,600.3,22.83,12993.36
4122008,Rio Azul,2009,13760,600.3,22.92,12249.85
4122008,Rio Azul,2010,13968,600.3,23.27,17093.21
4122008,Rio Azul,2011,14176,600.3,23.61,20292.61
4122008,Rio Azul,2012,14255,600.3,23.75,21313.71
4122008,Rio Azul,2013,14809,600.3,24.67,23757.99
4122008,Rio Azul,2014,14913,600.3,24.84,27199.76
4122008,Rio Azul,2015,15014,600.3,25.01,31350.34
4122008,Rio Azul,2016,15112,600.3,25.17,31768.53
4122008,Rio Azul,2017,15125,600.3,25.2,38981.55
4122008,Rio Azul,2018,15134,600.3,25.21,40165.46
4122008,Rio Azul,2019,15236,600.3,25.38,41217.97
4122008,Rio Azul,2020,15336,600.3,25.55,43342.33
4122008,Rio Azul,2021,15433,600.3,25.71,47272.99
4122008,Rio Azul,2022,15027,600.3,25.03,63148.47
4122008,Rio Azul,2023,14620,600.3,24.35,68193.71
4122008,Rio Azul,2024,14214,600.3,23.68,70141.55
4122008,Rio Azul,2025,14174,600.3,23.61,70339.49
4122008,Rio Azul,2026,14174,600.3,23.61,70339.49
4122107,Rio Bom,2008,3319,178.2,18.63,9672.79
4122107,Rio Bom,2009,3292,178.2,18.47,9223.88
4122107,Rio Bom,2010,3305,178.2,18.55,10066.57
4122107,Rio Bom,2011,3318,178.2,18.62,11620.55
4122107,Rio Bom,2012,3302,178.2,18.53,12309.21
4122107,Rio Bom,2013,3385,178.2,19.0,15249.63
4122107,Rio Bom,2014,3372,178.2,18.92,16826.22
4122107,Rio Bom,2015,3360,178.2,18.86,17761.01
4122107,Rio Bom,2016,3348,178.2,18.79,17577.06
4122107,Rio Bom,2017,3337,178.2,18.73,20598.74
4122107,Rio Bom,2018,3225,178.2,18.1,21667.6
4122107,Rio Bom,2019,3203,178.2,17.97,21262.57
4122107,Rio Bom,2020,3182,178.2,17.86,29131.36
4122107,Rio Bom,2021,3162,178.2,17.74,33005.06
4122107,Rio Bom,2022,3182,178.2,17.86,36324.95
4122107,Rio Bom,2023,3203,178.2,17.97,37094.91
4122107,Rio Bom,2024,3223,178.2,18.09,36864.72
4122107,Rio Bom,2025,3214,178.2,18.04,36967.95
4122107,Rio Bom,2026,3214,178.2,18.04,36967.95
4122156,Rio Bonito do Iguaçu,2008,15009,682.7,21.98,7212.87
4122156,Rio Bonito do Iguaçu,2009,15121,682.7,22.15,6925.34
4122156,Rio Bonito do Iguaçu,2010,14386,682.7,21.07,8300.5
4122156,Rio Bonito do Iguaçu,2011,13652,682.7,20.0,10036.7
4122156,Rio Bonito do Iguaçu,2012,13125,682.7,19.23,11061.87
4122156,Rio Bonito do Iguaçu,2013,13524,682.7,19.81,14756.73
4122156,Rio Bonito do Iguaçu,2014,13532,682.7,19.82,16197.16
4122156,Rio Bonito do Iguaçu,2015,13538,682.7,19.83,17113.75
4122156,Rio Bonito do Iguaçu,2016,13545,682.7,19.84,20384.27
4122156,Rio Bonito do Iguaçu,2017,13552,682.7,19.85,20221.0
4122156,Rio Bonito do Iguaçu,2018,13283,682.7,19.46,21735.45
4122156,Rio Bonito do Iguaçu,2019,13269,682.7,19.44,23269.73
4122156,Rio Bonito do Iguaçu,2020,13255,682.7,19.42,30779.03
4122156,Rio Bonito do Iguaçu,2021,13240,682.7,19.39,33346.98
4122156,Rio Bonito do Iguaçu,2022,13571,682.7,19.88,37386.63
4122156,Rio Bonito do Iguaçu,2023,13903,682.7,20.36,36990.94
4122156,Rio Bonito do Iguaçu,2024,14234,682.7,20.85,36130.74
4122156,Rio Bonito do Iguaçu,2025,14297,682.7,20.94,35971.53
4122156,Rio Bonito do Iguaçu,2026,14297,682.7,20.94,35971.53
4122172,Rio Branco do Ivaí,2008,3986,376.9,10.58,9814.85
4122172,Rio Branco do Ivaí,2009,4006,376.9,10.63,10700.45
4122172,Rio Branco do Ivaí,2010,3958,376.9,10.5,9636.18
4122172,Rio Branco do Ivaí,2011,3909,376.9,10.37,12051.42
4122172,Rio Branco do Ivaí,2012,3920,376.9,10.4,15569.64
4122172,Rio Branco do Ivaí,2013,4056,376.9,10.76,16816.81
4122172,Rio Branco do Ivaí,2014,4072,376.9,10.8,19329.81
4122172,Rio Branco do Ivaí,2015,4088,376.9,10.85,19068.74
4122172,Rio Branco do Ivaí,2016,4104,376.9,10.89,20509.5
4122172,Rio Branco do Ivaí,2017,4119,376.9,10.93,18186.94
4122172,Rio Branco do Ivaí,2018,4083,376.9,10.83,19602.01
4122172,Rio Branco do Ivaí,2019,4096,376.9,10.87,19421.39
4122172,Rio Branco do Ivaí,2020,4109,376.9,10.9,27456.32
4122172,Rio Branco do Ivaí,2021,4121,376.9,10.93,28040.28
4122172,Rio Branco do Ivaí,2022,4031,376.9,10.7,37486.48
4122172,Rio Branco do Ivaí,2023,3940,376.9,10.45,44340.1
4122172,Rio Branco do Ivaí,2024,3850,376.9,10.21,45376.62
4122172,Rio Branco do Ivaí,2025,3841,376.9,10.19,45482.95
4122172,Rio Branco do Ivaí,2026,3841,376.9,10.19,45482.95
4122206,Rio Branco do Sul,2008,32815,813.3,40.35,20075.79
4122206,Rio Branco do Sul,2009,33142,813.3,40.75,22773.22
4122206,Rio Branco do Sul,2010,31946,813.3,39.28,25340.2
4122206,Rio Branco do Sul,2011,30751,813.3,37.81,30604.92
4122206,Rio Branco do Sul,2012,30848,813.3,37.93,30794.7
4122206,Rio Branco do Sul,2013,31947,813.3,39.28,31869.25
4122206,Rio Branco do Sul,2014,32092,813.3,39.46,37681.04
4122206,Rio Branco do Sul,2015,32232,813.3,39.63,36451.29
4122206,Rio Branco do Sul,2016,32369,813.3,39.8,33187.49
4122206,Rio Branco do Sul,2017,32504,813.3,39.97,32721.85
4122206,Rio Branco do Sul,2018,32273,813.3,39.68,34624.18
4122206,Rio Branco do Sul,2019,32397,813.3,39.83,37946.72
4122206,Rio Branco do Sul,2020,32517,813.3,39.98,31195.1
4122206,Rio Branco do Sul,2021,32635,813.3,40.13,42151.03
4122206,Rio Branco do Sul,2022,34859,813.3,42.86,47319.72
4122206,Rio Branco do Sul,2023,37083,813.3,45.6,49910.36
4122206,Rio Branco do Sul,2024,39307,813.3,48.33,47086.42
4122206,Rio Branco do Sul,2025,40308,813.3,49.56,45917.09
4122206,Rio Branco do Sul,2026,40308,813.3,49.56,45917.09
4122305,Rio Negro,2008,30985,605.4,51.18,18975.54
4122305,Rio Negro,2009,31191,605.4,51.52,18885.13
4122305,Rio Negro,2010,31331,605.4,51.75,18534.39
4122305,Rio Negro,2011,31471,605.4,51.98,20263.64
4122305,Rio Negro,2012,31662,605.4,52.3,23190.48
4122305,Rio Negro,2013,32911,605.4,54.36,26144.81
4122305,Rio Negro,2014,33157,605.4,54.77,27163.25
4122305,Rio Negro,2015,33395,605.4,55.16,28939.63
4122305,Rio Negro,2016,33628,605.4,55.55,30088.08
4122305,Rio Negro,2017,33857,605.4,55.93,32970.17
4122305,Rio Negro,2018,33922,605.4,56.03,36244.53
4122305,Rio Negro,2019,34170,605.4,56.44,36342.2
4122305,Rio Negro,2020,34411,605.4,56.84,34869.26
4122305,Rio Negro,2021,34645,605.4,57.23,37475.94
4122305,Rio Negro,2022,33761,605.4,55.77,40394.0
4122305,Rio Negro,2023,32876,605.4,54.3,44292.65
4122305,Rio Negro,2024,31992,605.4,52.84,45516.54
4122305,Rio Negro,2025,31951,605.4,52.78,45574.94
4122305,Rio Negro,2026,31951,605.4,52.78,45574.94
4122404,Rolândia,2008,55750,460.1,121.17,16459.05
4122404,Rolândia,2009,56352,460.1,122.48,19257.61
4122404,Rolândia,2010,57432,460.1,124.83,21433.94
4122404,Rolândia,2011,58511,460.1,127.17,24289.28
4122404,Rolândia,2012,59139,460.1,128.54,27403.29
4122404,Rolândia,2013,61837,460.1,134.4,31733.86
4122404,Rolândia,2014,62590,460.1,136.04,35053.38
4122404,Rolândia,2015,63316,460.1,137.61,36221.44
4122404,Rolândia,2016,64028,460.1,139.16,38474.18
4122404,Rolândia,2017,64726,460.1,140.68,40164.93
4122404,Rolândia,2018,65757,460.1,142.92,40408.69
4122404,Rolândia,2019,66580,460.1,144.71,41833.46
4122404,Rolândia,2020,67383,460.1,146.45,45763.75
4122404,Rolândia,2021,68165,460.1,148.15,52445.46
4122404,Rolândia,2022,70422,460.1,153.06,59453.38
4122404,Rolândia,2023,72678,460.1,157.96,63330.09
4122404,Rolândia,2024,74935,460.1,162.87,61422.62
4122404,Rolândia,2025,75818,460.1,164.79,60707.27
4122404,Rolândia,2026,75818,460.1,164.79,60707.27
4122503,Roncador,2008,12442,743.8,16.73,11637.12
4122503,Roncador,2009,12309,743.8,16.55,12183.2
4122503,Roncador,2010,11843,743.8,15.92,11813.65
4122503,Roncador,2011,11377,743.8,15.3,16065.57
4122503,Roncador,2012,11221,743.8,15.09,19580.96
4122503,Roncador,2013,11365,743.8,15.28,25870.22
4122503,Roncador,2014,11212,743.8,15.07,28096.33
4122503,Roncador,2015,11065,743.8,14.88,30022.96
4122503,Roncador,2016,10921,743.8,14.68,33858.35
4122503,Roncador,2017,10779,743.8,14.49,34577.14
4122503,Roncador,2018,10058,743.8,13.52,42915.79
4122503,Roncador,2019,9849,743.8,13.24,39257.39
4122503,Roncador,2020,9645,743.8,12.97,55865.32
4122503,Roncador,2021,9447,743.8,12.7,63310.15
4122503,Roncador,2022,10088,743.8,13.56,62675.46
4122503,Roncador,2023,10730,743.8,14.43,59596.83
4122503,Roncador,2024,11371,743.8,15.29,56237.27
4122503,Roncador,2025,11339,743.8,15.24,56395.98
4122503,Roncador,2026,11339,743.8,15.24,56395.98
4122602,Rondon,2008,9385,556.5,16.86,13857.96
4122602,Rondon,2009,9465,556.5,17.01,15392.92
4122602,Rondon,2010,9245,556.5,16.61,18008.65
4122602,Rondon,2011,9025,556.5,16.22,20362.22
4122602,Rondon,2012,9060,556.5,16.28,21342.16
4122602,Rondon,2013,9391,556.5,16.88,24645.51
4122602,Rondon,2014,9441,556.5,16.96,27162.59
4122602,Rondon,2015,9488,556.5,17.05,30022.55
4122602,Rondon,2016,9535,556.5,17.13,28172.0
4122602,Rondon,2017,9581,556.5,17.22,26083.08
4122602,Rondon,2018,9534,556.5,17.13,27777.64
4122602,Rondon,2019,9579,556.5,17.21,34217.14
4122602,Rondon,2020,9622,556.5,17.29,34715.65
4122602,Rondon,2021,9664,556.5,17.37,36223.51
4122602,Rondon,2022,9523,556.5,17.11,42266.72
4122602,Rondon,2023,9381,556.5,16.86,57428.42
4122602,Rondon,2024,9240,556.5,16.6,58304.76
4122602,Rondon,2025,9255,556.5,16.63,58210.26
4122602,Rondon,2026,9255,556.5,16.63,58210.26
4122651,Rosário do Ivaí,2008,5890,378.4,15.57,5522.41
4122651,Rosário do Ivaí,2009,5813,378.4,15.36,6126.27
4122651,Rosário do Ivaí,2010,5662,378.4,14.96,6724.13
4122651,Rosário do Ivaí,2011,5512,378.4,14.57,7678.52
4122651,Rosário do Ivaí,2012,5438,378.4,14.37,9280.25
4122651,Rosário do Ivaí,2013,5509,378.4,14.56,12066.44
4122651,Rosário do Ivaí,2014,5437,378.4,14.37,13936.55
4122651,Rosário do Ivaí,2015,5367,378.4,14.18,15238.87
4122651,Rosário do Ivaí,2016,5298,378.4,14.0,15760.85
4122651,Rosário do Ivaí,2017,5231,378.4,13.82,15668.9
4122651,Rosário do Ivaí,2018,4886,378.4,12.91,17629.96
4122651,Rosário do Ivaí,2019,4786,378.4,12.65,19003.34
4122651,Rosário do Ivaí,2020,4689,378.4,12.39,24394.11
4122651,Rosário do Ivaí,2021,4595,378.4,12.14,28262.89
4122651,Rosário do Ivaí,2022,4894,378.4,12.93,29042.71
4122651,Rosário do Ivaí,2023,5192,378.4,13.72,32095.15
4122651,Rosário do Ivaí,2024,5491,378.4,14.51,30347.48
4122651,Rosário do Ivaí,2025,5484,378.4,14.49,30386.21
4122651,Rosário do Ivaí,2026,5484,378.4,14.49,30386.21
4122701,Sabáudia,2008,5625,190.7,29.5,14577.6
4122701,Sabáudia,2009,5642,190.7,29.59,12774.37
4122701,Sabáudia,2010,5896,190.7,30.92,21473.37
4122701,Sabáudia,2011,6149,190.7,32.24,29534.72
4122701,Sabáudia,2012,6200,190.7,32.51,33375.97
4122701,Sabáudia,2013,6462,190.7,33.89,47753.64
4122701,Sabáudia,2014,6524,190.7,34.21,53112.51
4122701,Sabáudia,2015,6585,190.7,34.53,55950.19
4122701,Sabáudia,2016,6644,190.7,34.84,52939.19
4122701,Sabáudia,2017,6702,190.7,35.14,68071.62
4122701,Sabáudia,2018,6760,190.7,35.45,84169.08
4122701,Sabáudia,2019,6827,190.7,35.8,75101.07
4122701,Sabáudia,2020,6891,190.7,36.14,84916.7
4122701,Sabáudia,2021,6954,190.7,36.47,101426.23
4122701,Sabáudia,2022,7743,190.7,40.6,89445.95
4122701,Sabáudia,2023,8531,190.7,44.74,86900.13
4122701,Sabáudia,2024,9320,190.7,48.87,79543.45
4122701,Sabáudia,2025,9511,190.7,49.87,77946.06
4122701,Sabáudia,2026,9511,190.7,49.87,77946.06
4122800,Salgado Filho,2008,4709,181.4,25.96,10315.57
4122800,Salgado Filho,2009,4640,181.4,25.58,9906.47
4122800,Salgado Filho,2010,4484,181.4,24.72,13157.45
4122800,Salgado Filho,2011,4327,181.4,23.85,15138.43
4122800,Salgado Filho,2012,4253,181.4,23.45,14311.07
4122800,Salgado Filho,2013,4287,181.4,23.63,17433.17
4122800,Salgado Filho,2014,4213,181.4,23.22,20781.63
4122800,Salgado Filho,2015,4142,181.4,22.83,21782.96
4122800,Salgado Filho,2016,4072,181.4,22.45,24992.14
4122800,Salgado Filho,2017,4003,181.4,22.07,24753.43
4122800,Salgado Filho,2018,3679,181.4,20.28,24589.56
4122800,Salgado Filho,2019,3580,181.4,19.74,26372.07
4122800,Salgado Filho,2020,3483,181.4,19.2,33026.41
4122800,Salgado Filho,2021,3389,181.4,18.68,36689.58
4122800,Salgado Filho,2022,3625,181.4,19.98,34336.0
4122800,Salgado Filho,2023,3861,181.4,21.28,37446.52
4122800,Salgado Filho,2024,4097,181.4,22.59,35289.48
4122800,Salgado Filho,2025,4090,181.4,22.55,35349.88
4122800,Salgado Filho,2026,4090,181.4,22.55,35349.88
4122909,Salto do Itararé,2008,5177,200.9,25.77,11339.0
4122909,Salto do Itararé,2009,5134,200.9,25.56,11159.91
4122909,Salto do Itararé,2010,5142,200.9,25.59,26512.64
4122909,Salto do Itararé,2011,5150,200.9,25.63,20813.2
4122909,Salto do Itararé,2012,5122,200.9,25.5,21964.86
4122909,Salto do Itararé,2013,5246,200.9,26.11,14103.32
4122909,Salto do Itararé,2014,5223,200.9,26.0,13223.63
4122909,Salto do Itararé,2015,5201,200.9,25.89,16246.11
4122909,Salto do Itararé,2016,5179,200.9,25.78,18234.41
4122909,Salto do Itararé,2017,5158,200.9,25.67,18256.69
4122909,Salto do Itararé,2018,4973,200.9,24.75,17861.45
4122909,Salto do Itararé,2019,4935,200.9,24.56,15573.66
4122909,Salto do Itararé,2020,4898,200.9,24.38,20760.31
4122909,Salto do Itararé,2021,4862,200.9,24.2,21319.62
4122909,Salto do Itararé,2022,4997,200.9,24.87,22563.34
4122909,Salto do Itararé,2023,5132,200.9,25.55,24193.3
4122909,Salto do Itararé,2024,5267,200.9,26.22,23573.19
4122909,Salto do Itararé,2025,5214,200.9,25.95,23812.81
4122909,Salto do Itararé,2026,5214,200.9,25.95,23812.81
4123006,Salto do Lontra,2008,12832,313.3,40.96,10304.01
4123006,Salto do Lontra,2009,12828,313.3,40.94,11374.81
4123006,Salto do Lontra,2010,13294,313.3,42.43,12716.19
4123006,Salto do Lontra,2011,13761,313.3,43.92,14364.15
4123006,Salto do Lontra,2012,13830,313.3,44.14,15196.82
4123006,Salto do Lontra,2013,14357,313.3,45.83,19162.5
4123006,Salto do Lontra,2014,14450,313.3,46.12,20129.27
4123006,Salto do Lontra,2015,14539,313.3,46.41,20860.72
4123006,Salto do Lontra,2016,14627,313.3,46.69,23293.84
4123006,Salto do Lontra,2017,14713,313.3,46.96,25305.31
4123006,Salto do Lontra,2018,14695,313.3,46.9,25292.07
4123006,Salto do Lontra,2019,14785,313.3,47.19,25302.54
4123006,Salto do Lontra,2020,14872,313.3,47.47,31540.01
4123006,Salto do Lontra,2021,14957,313.3,47.74,35427.63
4123006,Salto do Lontra,2022,15183,313.3,48.46,32212.08
4123006,Salto do Lontra,2023,15410,313.3,49.19,40782.22
4123006,Salto do Lontra,2024,15636,313.3,49.91,40192.76
4123006,Salto do Lontra,2025,15706,313.3,50.13,40013.63
4123006,Salto do Lontra,2026,15706,313.3,50.13,40013.63
4123105,Santa Amélia,2008,4137,78.3,52.84,7346.87
4123105,Santa Amélia,2009,4105,78.3,52.43,6904.75
4123105,Santa Amélia,2010,3931,78.3,50.2,9525.31
4123105,Santa Amélia,2011,3757,78.3,47.98,11800.11
4123105,Santa Amélia,2012,3712,78.3,47.41,14549.3
4123105,Santa Amélia,2013,3769,78.3,48.14,14772.35
4123105,Santa Amélia,2014,3726,78.3,47.59,13671.5
4123105,Santa Amélia,2015,3684,78.3,47.05,17047.23
4123105,Santa Amélia,2016,3643,78.3,46.53,19159.48
4123105,Santa Amélia,2017,3603,78.3,46.02,21611.99
4123105,Santa Amélia,2018,3385,78.3,43.23,22210.93
4123105,Santa Amélia,2019,3324,78.3,42.45,22862.82
4123105,Santa Amélia,2020,3266,78.3,41.71,29454.38
4123105,Santa Amélia,2021,3208,78.3,40.97,31438.9
4123105,Santa Amélia,2022,3267,78.3,41.72,36359.66
4123105,Santa Amélia,2023,3327,78.3,42.49,42543.43
4123105,Santa Amélia,2024,3386,78.3,43.24,41802.13
4123105,Santa Amélia,2025,3358,78.3,42.89,42150.68
4123105,Santa Amélia,2026,3358,78.3,42.89,42150.68
4123204,Santa Cecília do Pavão,2008,3732,105.3,35.44,13268.76
4123204,Santa Cecília do Pavão,2009,3695,105.3,35.09,13972.4
4123204,Santa Cecília do Pavão,2010,3654,105.3,34.7,14291.74
4123204,Santa Cecília do Pavão,2011,3614,105.3,34.32,17143.61
4123204,Santa Cecília do Pavão,2012,3583,105.3,34.03,19490.93
4123204,Santa Cecília do Pavão,2013,3654,105.3,34.7,22535.85
4123204,Santa Cecília do Pavão,2014,3625,105.3,34.43,21376.28
4123204,Santa Cecília do Pavão,2015,3597,105.3,34.16,26671.95
4123204,Santa Cecília do Pavão,2016,3570,105.3,33.9,30263.31
4123204,Santa Cecília do Pavão,2017,3544,105.3,33.66,29343.4
4123204,Santa Cecília do Pavão,2018,3376,105.3,32.06,33266.59
4123204,Santa Cecília do Pavão,2019,3334,105.3,31.66,33874.33
4123204,Santa Cecília do Pavão,2020,3293,105.3,31.27,53499.54
4123204,Santa Cecília do Pavão,2021,3253,105.3,30.89,47190.29
4123204,Santa Cecília do Pavão,2022,3294,105.3,31.28,56174.56
4123204,Santa Cecília do Pavão,2023,3334,105.3,31.66,53739.05
4123204,Santa Cecília do Pavão,2024,3375,105.3,32.05,53086.22
4123204,Santa Cecília do Pavão,2025,3357,105.3,31.88,53370.87
4123204,Santa Cecília do Pavão,2026,3357,105.3,31.88,53370.87
4123303,Santa Cruz de Monte Castelo,2008,8074,442.9,18.23,10047.31
4123303,Santa Cruz de Monte Castelo,2009,8015,442.9,18.1,11026.58
4123303,Santa Cruz de Monte Castelo,2010,8035,442.9,18.14,13455.51
4123303,Santa Cruz de Monte Castelo,2011,8055,442.9,18.19,16266.42
4123303,Santa Cruz de Monte Castelo,2012,8019,442.9,18.11,20348.17
4123303,Santa Cruz de Monte Castelo,2013,8222,442.9,18.56,22230.6
4123303,Santa Cruz de Monte Castelo,2014,8194,442.9,18.5,22786.43
4123303,Santa Cruz de Monte Castelo,2015,8166,442.9,18.44,24301.13
4123303,Santa Cruz de Monte Castelo,2016,8140,442.9,18.38,32326.54
4123303,Santa Cruz de Monte Castelo,2017,8113,442.9,18.32,31165.66
4123303,Santa Cruz de Monte Castelo,2018,7849,442.9,17.72,33464.9
4123303,Santa Cruz de Monte Castelo,2019,7800,442.9,17.61,35237.18
4123303,Santa Cruz de Monte Castelo,2020,7751,442.9,17.5,46477.36
4123303,Santa Cruz de Monte Castelo,2021,7705,442.9,17.4,48682.15
4123303,Santa Cruz de Monte Castelo,2022,8072,442.9,18.23,43929.76
4123303,Santa Cruz de Monte Castelo,2023,8439,442.9,19.05,45879.25
4123303,Santa Cruz de Monte Castelo,2024,8806,442.9,19.88,43967.18
4123303,Santa Cruz de Monte Castelo,2025,8840,442.9,19.96,43798.08
4123303,Santa Cruz de Monte Castelo,2026,8840,442.9,19.96,43798.08
4123402,Santa Fé,2008,10224,276.9,36.92,10379.69
4123402,Santa Fé,2009,10354,276.9,37.39,10297.95
4123402,Santa Fé,2010,10453,276.9,37.75,11255.05
4123402,Santa Fé,2011,10552,276.9,38.11,15666.22
4123402,Santa Fé,2012,10668,276.9,38.53,17098.52
4123402,Santa Fé,2013,11158,276.9,40.3,18766.36
4123402,Santa Fé,2014,11297,276.9,40.8,18697.88
4123402,Santa Fé,2015,11431,276.9,41.28,19394.28
4123402,Santa Fé,2016,11562,276.9,41.76,20189.41
4123402,Santa Fé,2017,11691,276.9,42.22,22104.27
4123402,Santa Fé,2018,11885,276.9,42.92,22753.47
4123402,Santa Fé,2019,12037,276.9,43.47,22826.04
4123402,Santa Fé,2020,12186,276.9,44.01,24863.94
4123402,Santa Fé,2021,12330,276.9,44.53,25926.52
4123402,Santa Fé,2022,12110,276.9,43.73,29271.92
4123402,Santa Fé,2023,11889,276.9,42.94,37842.21
4123402,Santa Fé,2024,11669,276.9,42.14,38555.66
4123402,Santa Fé,2025,11730,276.9,42.36,38355.16
4123402,Santa Fé,2026,11730,276.9,42.36,38355.16
4123501,Santa Helena,2008,23872,756.1,31.57,15717.28
4123501,Santa Helena,2009,24198,756.1,32.0,13791.72
4123501,Santa Helena,2010,23918,756.1,31.63,17272.85
4123501,Santa Helena,2011,23638,756.1,31.26,20692.7
4123501,Santa Helena,2012,23855,756.1,31.55,21984.32
4123501,Santa Helena,2013,24895,756.1,32.93,25195.22
4123501,Santa Helena,2014,25159,756.1,33.27,27749.0
4123501,Santa Helena,2015,25415,756.1,33.61,30515.21
4123501,Santa Helena,2016,25665,756.1,33.94,33300.25
4123501,Santa Helena,2017,25911,756.1,34.27,33043.65
4123501,Santa Helena,2018,26206,756.1,34.66,35652.98
4123501,Santa Helena,2019,26490,756.1,35.04,36926.61
4123501,Santa Helena,2020,26767,756.1,35.4,45163.67
4123501,Santa Helena,2021,27036,756.1,35.76,54194.07
4123501,Santa Helena,2022,26804,756.1,35.45,58222.77
4123501,Santa Helena,2023,26573,756.1,35.14,61756.07
4123501,Santa Helena,2024,26341,756.1,34.84,62299.99
4123501,Santa Helena,2025,26461,756.1,35.0,62017.46
4123501,Santa Helena,2026,26461,756.1,35.0,62017.46
4123600,Santa Inês,2008,1904,157.4,12.1,10147.06
4123600,Santa Inês,2009,1882,157.4,11.96,10883.63
4123600,Santa Inês,2010,1840,157.4,11.69,12520.65
4123600,Santa Inês,2011,1797,157.4,11.42,16139.12
4123600,Santa Inês,2012,1776,157.4,11.28,15425.11
4123600,Santa Inês,2013,1804,157.4,11.46,19850.89
4123600,Santa Inês,2014,1784,157.4,11.33,19042.6
4123600,Santa Inês,2015,1765,157.4,11.21,18571.1
4123600,Santa Inês,2016,1746,157.4,11.09,24351.66
4123600,Santa Inês,2017,1727,157.4,10.97,28506.08
4123600,Santa Inês,2018,1624,157.4,10.32,25286.95
4123600,Santa Inês,2019,1596,157.4,10.14,27474.94
4123600,Santa Inês,2020,1594,157.4,10.13,32580.93
4123600,Santa Inês,2021,1568,157.4,9.96,32834.82
4123600,Santa Inês,2022,1632,157.4,10.37,36105.39
4123600,Santa Inês,2023,1696,157.4,10.78,50209.32
4123600,Santa Inês,2024,1760,157.4,11.18,48383.52
4123600,Santa Inês,2025,1745,157.4,11.09,48799.43
4123600,Santa Inês,2026,1745,157.4,11.09,48799.43
4123709,Santa Isabel do Ivaí,2008,8678,350.3,24.77,8239.46
4123709,Santa Isabel do Ivaí,2009,8621,350.3,24.61,8842.59
4123709,Santa Isabel do Ivaí,2010,8676,350.3,24.77,9566.27
4123709,Santa Isabel do Ivaí,2011,8730,350.3,24.92,10312.03
4123709,Santa Isabel do Ivaí,2012,8701,350.3,24.84,12115.5
4123709,Santa Isabel do Ivaí,2013,8935,350.3,25.51,14467.38
4123709,Santa Isabel do Ivaí,2014,8915,350.3,25.45,15739.54
4123709,Santa Isabel do Ivaí,2015,8896,350.3,25.4,17498.65
4123709,Santa Isabel do Ivaí,2016,8877,350.3,25.34,19341.78
4123709,Santa Isabel do Ivaí,2017,8858,350.3,25.29,21432.83
4123709,Santa Isabel do Ivaí,2018,8603,350.3,24.56,22903.64
4123709,Santa Isabel do Ivaí,2019,8562,350.3,24.44,22090.4
4123709,Santa Isabel do Ivaí,2020,8523,350.3,24.33,28833.98
4123709,Santa Isabel do Ivaí,2021,8484,350.3,24.22,29835.34
4123709,Santa Isabel do Ivaí,2022,8676,350.3,24.77,29479.48
4123709,Santa Isabel do Ivaí,2023,8867,350.3,25.31,33121.91
4123709,Santa Isabel do Ivaí,2024,9059,350.3,25.86,32419.91
4123709,Santa Isabel do Ivaí,2025,9043,350.3,25.82,32477.28
4123709,Santa Isabel do Ivaí,2026,9043,350.3,25.82,32477.28
4123808,Santa Izabel do Oeste,2008,11753,321.8,36.52,10160.55
4123808,Santa Izabel do Oeste,2009,11747,321.8,36.5,9969.1
4123808,Santa Izabel do Oeste,2010,12494,321.8,38.83,11673.84
4123808,Santa Izabel do Oeste,2011,13242,321.8,41.15,12875.7
4123808,Santa Izabel do Oeste,2012,13347,321.8,41.48,13700.23
4123808,Santa Izabel do Oeste,2013,13908,321.8,43.22,17165.16
4123808,Santa Izabel do Oeste,2014,14039,321.8,43.63,17577.25
4123808,Santa Izabel do Oeste,2015,14165,321.8,44.02,18513.38
4123808,Santa Izabel do Oeste,2016,14289,321.8,44.4,19961.58
4123808,Santa Izabel do Oeste,2017,14411,321.8,44.78,21722.64
4123808,Santa Izabel do Oeste,2018,14521,321.8,45.12,22155.09
4123808,Santa Izabel do Oeste,2019,14659,321.8,45.55,23137.59
4123808,Santa Izabel do Oeste,2020,14794,321.8,45.97,25748.41
4123808,Santa Izabel do Oeste,2021,14924,321.8,46.38,31291.34
4123808,Santa Izabel do Oeste,2022,14744,321.8,45.82,27031.54
4123808,Santa Izabel do Oeste,2023,14565,321.8,45.26,35295.5
4123808,Santa Izabel do Oeste,2024,14385,321.8,44.7,35737.16
4123808,Santa Izabel do Oeste,2025,14462,321.8,44.94,35546.88
4123808,Santa Izabel do Oeste,2026,14462,321.8,44.94,35546.88
4123824,Santa Lúcia,2008,3781,127.0,29.77,9752.71
4123824,Santa Lúcia,2009,3743,127.0,29.47,10035.53
4123824,Santa Lúcia,2010,3826,127.0,30.13,14526.92
4123824,Santa Lúcia,2011,3910,127.0,30.79,18216.62
4123824,Santa Lúcia,2012,3895,127.0,30.67,20221.05
4123824,Santa Lúcia,2013,3997,127.0,31.47,22486.87
4123824,Santa Lúcia,2014,3986,127.0,31.39,23218.77
4123824,Santa Lúcia,2015,3976,127.0,31.31,23335.01
4123824,Santa Lúcia,2016,3965,127.0,31.22,27681.46
4123824,Santa Lúcia,2017,3955,127.0,31.14,25141.34
4123824,Santa Lúcia,2018,3834,127.0,30.19,28147.37
4123824,Santa Lúcia,2019,3813,127.0,30.02,30452.4
4123824,Santa Lúcia,2020,3793,127.0,29.87,38485.9
4123824,Santa Lúcia,2021,3795,127.0,29.88,36919.1
4123824,Santa Lúcia,2022,3749,127.0,29.52,41763.94
4123824,Santa Lúcia,2023,3703,127.0,29.16,42718.88
4123824,Santa Lúcia,2024,3657,127.0,28.8,43256.22
4123824,Santa Lúcia,2025,3638,127.0,28.65,43482.13
4123824,Santa Lúcia,2026,3638,127.0,28.65,43482.13
4123857,Santa Maria do Oeste,2008,11590,838.2,13.83,6202.67
4123857,Santa Maria do Oeste,2009,11369,838.2,13.56,6069.14
4123857,Santa Maria do Oeste,2010,11352,838.2,13.54,6446.35
4123857,Santa Maria do Oeste,2011,11336,838.2,13.52,7765.7
4123857,Santa Maria do Oeste,2012,11178,838.2,13.34,8336.29
4123857,Santa Maria do Oeste,2013,11315,838.2,13.5,10586.57
4123857,Santa Maria do Oeste,2014,11159,838.2,13.31,13508.02
4123857,Santa Maria do Oeste,2015,11009,838.2,13.13,13773.0
4123857,Santa Maria do Oeste,2016,10861,838.2,12.96,16587.15
4123857,Santa Maria do Oeste,2017,10716,838.2,12.78,17242.44
4123857,Santa Maria do Oeste,2018,9824,838.2,11.72,18031.96
4123857,Santa Maria do Oeste,2019,9615,838.2,11.47,16936.56
4123857,Santa Maria do Oeste,2020,9410,838.2,11.23,21873.11
4123857,Santa Maria do Oeste,2021,9210,838.2,10.99,29023.89
4123857,Santa Maria do Oeste,2022,9468,838.2,11.3,34449.2
4123857,Santa Maria do Oeste,2023,9727,838.2,11.6,36295.47
4123857,Santa Maria do Oeste,2024,9985,838.2,11.91,35357.64
4123857,Santa Maria do Oeste,2025,9869,838.2,11.77,35773.23
4123857,Santa Maria do Oeste,2026,9869,838.2,11.77,35773.23
4123907,Santa Mariana,2008,12143,428.2,28.36,12580.99
4123907,Santa Mariana,2009,11996,428.2,28.01,9530.43
4123907,Santa Mariana,2010,12176,428.2,28.44,12247.78
4123907,Santa Mariana,2011,12356,428.2,28.86,15094.93
4123907,Santa Mariana,2012,12279,428.2,28.68,16082.25
4123907,Santa Mariana,2013,12562,428.2,29.34,20152.13
4123907,Santa Mariana,2014,12496,428.2,29.18,18906.53
4123907,Santa Mariana,2015,12432,428.2,29.03,23884.73
4123907,Santa Mariana,2016,12369,428.2,28.89,26095.97
4123907,Santa Mariana,2017,12307,428.2,28.74,27733.0
4123907,Santa Mariana,2018,11829,428.2,27.62,28615.44
4123907,Santa Mariana,2019,11724,428.2,27.38,31133.91
4123907,Santa Mariana,2020,11622,428.2,27.14,37821.46
4123907,Santa Mariana,2021,11523,428.2,26.91,42789.72
4123907,Santa Mariana,2022,11360,428.2,26.53,40635.3
4123907,Santa Mariana,2023,11197,428.2,26.15,44472.72
4123907,Santa Mariana,2024,11034,428.2,25.77,45129.69
4123907,Santa Mariana,2025,10941,428.2,25.55,45513.3
4123907,Santa Mariana,2026,10941,428.2,25.55,45513.3
4123956,Santa Mônica,2008,3603,260.6,13.83,9056.34
4123956,Santa Mônica,2009,3642,260.6,13.98,8450.58
4123956,Santa Mônica,2010,3622,260.6,13.9,10161.24
4123956,Santa Mônica,2011,3601,260.6,13.82,10552.07
4123956,Santa Mônica,2012,3629,260.6,13.93,11579.22
4123956,Santa Mônica,2013,3780,260.6,14.5,14679.37
4123956,Santa Mônica,2014,3815,260.6,14.64,16076.02
4123956,Santa Mônica,2015,3849,260.6,14.77,15816.58
4123956,Santa Mônica,2016,3882,260.6,14.9,19106.65
4123956,Santa Mônica,2017,3915,260.6,15.02,20901.92
4123956,Santa Mônica,2018,3944,260.6,15.13,22625.0
4123956,Santa Mônica,2019,3981,260.6,15.28,21220.05
4123956,Santa Mônica,2020,4017,260.6,15.41,23827.98
4123956,Santa Mônica,2021,4052,260.6,15.55,22460.27
4123956,Santa Mônica,2022,3826,260.6,14.68,23726.08
4123956,Santa Mônica,2023,3599,260.6,13.81,32084.19
4123956,Santa Mônica,2024,3373,260.6,12.94,34233.92
4123956,Santa Mônica,2025,3361,260.6,12.9,34356.14
4123956,Santa Mônica,2026,3361,260.6,12.9,34356.14
4124004,Santana do Itararé,2008,5696,251.9,22.61,8024.75
4124004,Santana do Itararé,2009,5697,251.9,22.62,7723.19
4124004,Santana do Itararé,2010,5458,251.9,21.67,8268.78
4124004,Santana do Itararé,2011,5220,251.9,20.72,11360.73
4124004,Santana do Itararé,2012,5191,251.9,20.61,12553.84
4124004,Santana do Itararé,2013,5315,251.9,21.1,15517.4
4124004,Santana do Itararé,2014,5291,251.9,21.0,13912.87
4124004,Santana do Itararé,2015,5267,251.9,20.91,15901.27
4124004,Santana do Itararé,2016,5244,251.9,20.82,18663.23
4124004,Santana do Itararé,2017,5222,251.9,20.73,18761.2
4124004,Santana do Itararé,2018,5031,251.9,19.97,19137.55
4124004,Santana do Itararé,2019,4992,251.9,19.82,19784.25
4124004,Santana do Itararé,2020,4954,251.9,19.67,27970.93
4124004,Santana do Itararé,2021,4916,251.9,19.52,34906.63
4124004,Santana do Itararé,2022,5153,251.9,20.46,38016.3
4124004,Santana do Itararé,2023,5391,251.9,21.4,34138.75
4124004,Santana do Itararé,2024,5628,251.9,22.34,32701.14
4124004,Santana do Itararé,2025,5646,251.9,22.41,32596.88
4124004,Santana do Itararé,2026,5646,251.9,22.41,32596.88
4124020,Santa Tereza do Oeste,2008,9462,326.8,28.95,14471.89
4124020,Santa Tereza do Oeste,2009,9320,326.8,28.52,14817.17
4124020,Santa Tereza do Oeste,2010,9810,326.8,30.02,16649.64
4124020,Santa Tereza do Oeste,2011,10300,326.8,31.52,20637.18
4124020,Santa Tereza do Oeste,2012,10269,326.8,31.42,22550.69
4124020,Santa Tereza do Oeste,2013,10548,326.8,32.28,29430.6
4124020,Santa Tereza do Oeste,2014,10528,326.8,32.22,30656.82
4124020,Santa Tereza do Oeste,2015,10509,326.8,32.16,29454.09
4124020,Santa Tereza do Oeste,2016,10489,326.8,32.1,34475.93
4124020,Santa Tereza do Oeste,2017,10471,326.8,32.04,34005.25
4124020,Santa Tereza do Oeste,2018,10182,326.8,31.16,36647.52
4124020,Santa Tereza do Oeste,2019,10139,326.8,31.03,37598.38
4124020,Santa Tereza do Oeste,2020,10096,326.8,30.89,52218.8
4124020,Santa Tereza do Oeste,2021,10055,326.8,30.77,57891.1
4124020,Santa Tereza do Oeste,2022,11286,326.8,34.53,60134.41
4124020,Santa Tereza do Oeste,2023,12518,326.8,38.3,56983.14
4124020,Santa Tereza do Oeste,2024,13749,326.8,42.07,51881.23
4124020,Santa Tereza do Oeste,2025,13938,326.8,42.65,51177.72
4124020,Santa Tereza do Oeste,2026,13938,326.8,42.65,51177.72
4124053,Santa Terezinha de Itaipu,2008,20354,268.9,75.69,11011.4
4124053,Santa Terezinha de Itaipu,2009,20539,268.9,76.38,12350.99
4124053,Santa Terezinha de Itaipu,2010,20785,268.9,77.3,11637.29
4124053,Santa Terezinha de Itaipu,2011,21031,268.9,78.21,13524.65
4124053,Santa Terezinha de Itaipu,2012,21215,268.9,78.9,15480.08
4124053,Santa Terezinha de Itaipu,2013,22127,268.9,82.29,18387.67
4124053,Santa Terezinha de Itaipu,2014,22353,268.9,83.13,20643.18
4124053,Santa Terezinha de Itaipu,2015,22570,268.9,83.93,22894.33
4124053,Santa Terezinha de Itaipu,2016,22783,268.9,84.73,23009.17
4124053,Santa Terezinha de Itaipu,2017,22992,268.9,85.5,21106.3
4124053,Santa Terezinha de Itaipu,2018,23224,268.9,86.37,22534.32
4124053,Santa Terezinha de Itaipu,2019,23465,268.9,87.26,24847.3
4124053,Santa Terezinha de Itaipu,2020,23699,268.9,88.13,24990.25
4124053,Santa Terezinha de Itaipu,2021,23927,268.9,88.98,28726.42
4124053,Santa Terezinha de Itaipu,2022,24303,268.9,90.38,28665.47
4124053,Santa Terezinha de Itaipu,2023,24679,268.9,91.78,31003.85
4124053,Santa Terezinha de Itaipu,2024,25055,268.9,93.18,30538.58
4124053,Santa Terezinha de Itaipu,2025,25300,268.9,94.09,30242.85
4124053,Santa Terezinha de Itaipu,2026,25300,268.9,94.09,30242.85
4124103,Santo Antônio da Platina,2008,41844,723.3,57.85,9184.52
4124103,Santo Antônio da Platina,2009,42002,723.3,58.07,11063.16
4124103,Santo Antônio da Platina,2010,42461,723.3,58.7,11933.35
4124103,Santo Antônio da Platina,2011,42920,723.3,59.34,13650.7
4124103,Santo Antônio da Platina,2012,43125,723.3,59.62,15003.2
4124103,Santo Antônio da Platina,2013,44754,723.3,61.87,17745.94
4124103,Santo Antônio da Platina,2014,45031,723.3,62.26,19421.98
4124103,Santo Antônio da Platina,2015,45299,723.3,62.63,21578.89
4124103,Santo Antônio da Platina,2016,45562,723.3,62.99,22075.98
4124103,Santo Antônio da Platina,2017,45819,723.3,63.35,24917.13
4124103,Santo Antônio da Platina,2018,45728,723.3,63.22,26464.18
4124103,Santo Antônio da Platina,2019,45993,723.3,63.59,27059.88
4124103,Santo Antônio da Platina,2020,46251,723.3,63.94,29010.23
4124103,Santo Antônio da Platina,2021,46503,723.3,64.29,32376.34
4124103,Santo Antônio da Platina,2022,46180,723.3,63.85,38547.34
4124103,Santo Antônio da Platina,2023,45857,723.3,63.4,40078.59
4124103,Santo Antônio da Platina,2024,45534,723.3,62.95,40362.89
4124103,Santo Antônio da Platina,2025,45628,723.3,63.08,40279.74
4124103,Santo Antônio da Platina,2026,45628,723.3,63.08,40279.74
4124202,Santo Antônio do Caiuá,2008,2748,219.7,12.51,7710.33
4124202,Santo Antônio do Caiuá,2009,2733,219.7,12.44,8074.28
4124202,Santo Antônio do Caiuá,2010,2724,219.7,12.4,9486.05
4124202,Santo Antônio do Caiuá,2011,2716,219.7,12.36,9196.61
4124202,Santo Antônio do Caiuá,2012,2705,219.7,12.31,10564.88
4124202,Santo Antônio do Caiuá,2013,2774,219.7,12.63,12727.11
4124202,Santo Antônio do Caiuá,2014,2765,219.7,12.59,13639.42
4124202,Santo Antônio do Caiuá,2015,2757,219.7,12.55,14674.28
4124202,Santo Antônio do Caiuá,2016,2749,219.7,12.51,16443.43
4124202,Santo Antônio do Caiuá,2017,2741,219.7,12.48,19130.61
4124202,Santo Antônio do Caiuá,2018,2656,219.7,12.09,18422.44
4124202,Santo Antônio do Caiuá,2019,2641,219.7,12.02,19315.41
4124202,Santo Antônio do Caiuá,2020,2626,219.7,11.95,19988.96
4124202,Santo Antônio do Caiuá,2021,2611,219.7,11.88,20703.18
4124202,Santo Antônio do Caiuá,2022,2573,219.7,11.71,22645.16
4124202,Santo Antônio do Caiuá,2023,2534,219.7,11.53,27634.96
4124202,Santo Antônio do Caiuá,2024,2496,219.7,11.36,28055.69
4124202,Santo Antônio do Caiuá,2025,2474,219.7,11.26,28305.17
4124202,Santo Antônio do Caiuá,2026,2474,219.7,11.26,28305.17
4124301,Santo Antônio do Paraíso,2008,2361,167.3,14.11,17273.61
4124301,Santo Antônio do Paraíso,2009,2315,167.3,13.84,14787.04
4124301,Santo Antônio do Paraíso,2010,2347,167.3,14.03,14834.26
4124301,Santo Antônio do Paraíso,2011,2379,167.3,14.22,19340.48
4124301,Santo Antônio do Paraíso,2012,2351,167.3,14.05,22016.59
4124301,Santo Antônio do Paraíso,2013,2387,167.3,14.27,26152.07
4124301,Santo Antônio do Paraíso,2014,2359,167.3,14.1,21340.4
4124301,Santo Antônio do Paraíso,2015,2333,167.3,13.95,26492.5
4124301,Santo Antônio do Paraíso,2016,2307,167.3,13.79,28274.82
4124301,Santo Antônio do Paraíso,2017,2281,167.3,13.63,31873.74
4124301,Santo Antônio do Paraíso,2018,2144,167.3,12.82,40834.89
4124301,Santo Antônio do Paraíso,2019,2106,167.3,12.59,32926.88
4124301,Santo Antônio do Paraíso,2020,2068,167.3,12.36,44149.9
4124301,Santo Antônio do Paraíso,2021,2032,167.3,12.15,52604.33
4124301,Santo Antônio do Paraíso,2022,2060,167.3,12.31,59899.51
4124301,Santo Antônio do Paraíso,2023,2088,167.3,12.48,54980.36
4124301,Santo Antônio do Paraíso,2024,2116,167.3,12.65,54252.84
4124301,Santo Antônio do Paraíso,2025,2088,167.3,12.48,54980.36
4124301,Santo Antônio do Paraíso,2026,2088,167.3,12.48,54980.36
4124400,Santo Antônio do Sudoeste,2008,19260,326.3,59.03,7787.85
4124400,Santo Antônio do Sudoeste,2009,19386,326.3,59.41,8823.74
4124400,Santo Antônio do Sudoeste,2010,19179,326.3,58.78,9374.68
4124400,Santo Antônio do Sudoeste,2011,18972,326.3,58.14,12212.68
4124400,Santo Antônio do Sudoeste,2012,19048,326.3,58.38,13428.86
4124400,Santo Antônio do Sudoeste,2013,19748,326.3,60.52,17934.32
4124400,Santo Antônio do Sudoeste,2014,19855,326.3,60.85,20329.49
4124400,Santo Antônio do Sudoeste,2015,19958,326.3,61.16,20774.13
4124400,Santo Antônio do Sudoeste,2016,20059,326.3,61.47,24229.02
4124400,Santo Antônio do Sudoeste,2017,20158,326.3,61.78,25158.99
4124400,Santo Antônio do Sudoeste,2018,20069,326.3,61.5,25232.7
4124400,Santo Antônio do Sudoeste,2019,20166,326.3,61.8,24884.81
4124400,Santo Antônio do Sudoeste,2020,20261,326.3,62.09,28539.51
4124400,Santo Antônio do Sudoeste,2021,20354,326.3,62.38,31850.74
4124400,Santo Antônio do Sudoeste,2022,21784,326.3,66.76,30549.94
4124400,Santo Antônio do Sudoeste,2023,23214,326.3,71.14,34671.58
4124400,Santo Antônio do Sudoeste,2024,24644,326.3,75.53,32659.71
4124400,Santo Antônio do Sudoeste,2025,24980,326.3,76.56,32220.42
4124400,Santo Antônio do Sudoeste,2026,24980,326.3,76.56,32220.42
4124509,Santo Inácio,2008,4982,280.9,17.74,21459.86
4124509,Santo Inácio,2009,4956,280.9,17.64,21565.58
4124509,Santo Inácio,2010,5116,280.9,18.21,28373.73
4124509,Santo Inácio,2011,5276,280.9,18.78,34069.56
4124509,Santo Inácio,2012,5282,280.9,18.8,33679.1
4124509,Santo Inácio,2013,5455,280.9,19.42,42148.49
4124509,Santo Inácio,2014,5468,280.9,19.47,38684.35
4124509,Santo Inácio,2015,5481,280.9,19.51,49739.65
4124509,Santo Inácio,2016,5494,280.9,19.56,68158.72
4124509,Santo Inácio,2017,5506,280.9,19.6,57881.4
4124509,Santo Inácio,2018,5431,280.9,19.33,53762.29
4124509,Santo Inácio,2019,5438,280.9,19.36,62224.16
4124509,Santo Inácio,2020,5416,280.9,19.28,93244.83
4124509,Santo Inácio,2021,5422,280.9,19.3,98139.43
4124509,Santo Inácio,2022,5747,280.9,20.46,121531.23
4124509,Santo Inácio,2023,6072,280.9,21.62,137800.89
4124509,Santo Inácio,2024,6397,280.9,22.77,130799.91
4124509,Santo Inácio,2025,6463,280.9,23.01,129464.18
4124509,Santo Inácio,2026,6463,280.9,23.01,129464.18
4124608,São Carlos do Ivaí,2008,5987,225.6,26.54,17660.1
4124608,São Carlos do Ivaí,2009,5990,225.6,26.55,19518.36
4124608,São Carlos do Ivaí,2010,6190,225.6,27.44,19332.47
4124608,São Carlos do Ivaí,2011,6389,225.6,28.32,22552.04
4124608,São Carlos do Ivaí,2012,6422,225.6,28.47,24305.82
4124608,São Carlos do Ivaí,2013,6668,225.6,29.56,28710.71
4124608,São Carlos do Ivaí,2014,6713,225.6,29.76,33409.65
4124608,São Carlos do Ivaí,2015,6756,225.6,29.95,34851.1
4124608,São Carlos do Ivaí,2016,6797,225.6,30.13,39231.13
4124608,São Carlos do Ivaí,2017,6839,225.6,30.31,43504.02
4124608,São Carlos do Ivaí,2018,6834,225.6,30.29,45033.8
4124608,São Carlos do Ivaí,2019,6878,225.6,30.49,46156.44
4124608,São Carlos do Ivaí,2020,6920,225.6,30.67,54737.28
4124608,São Carlos do Ivaí,2021,6961,225.6,30.86,56892.11
4124608,São Carlos do Ivaí,2022,6878,225.6,30.49,64374.53
4124608,São Carlos do Ivaí,2023,6795,225.6,30.12,83566.74
4124608,São Carlos do Ivaí,2024,6712,225.6,29.75,84600.12
4124608,São Carlos do Ivaí,2025,6727,225.6,29.82,84411.48
4124608,São Carlos do Ivaí,2026,6727,225.6,29.82,84411.48
4124707,São Jerônimo da Serra,2008,11900,825.9,14.41,8196.05
4124707,São Jerônimo da Serra,2009,11905,825.9,14.41,7272.57
4124707,São Jerônimo da Serra,2010,11606,825.9,14.05,7318.54
4124707,São Jerônimo da Serra,2011,11306,825.9,13.69,11333.63
4124707,São Jerônimo da Serra,2012,11275,825.9,13.65,11849.49
4124707,São Jerônimo da Serra,2013,11588,825.9,14.03,14271.06
4124707,São Jerônimo da Serra,2014,11570,825.9,14.01,12868.45
4124707,São Jerônimo da Serra,2015,11553,825.9,13.99,16142.13
4124707,São Jerônimo da Serra,2016,11535,825.9,13.97,17652.28
4124707,São Jerônimo da Serra,2017,11519,825.9,13.95,18854.5
4124707,São Jerônimo da Serra,2018,11213,825.9,13.58,20368.05
4124707,São Jerônimo da Serra,2019,11170,825.9,13.52,19030.62
4124707,São Jerônimo da Serra,2020,11128,825.9,13.47,25639.02
4124707,São Jerônimo da Serra,2021,11088,825.9,13.43,29120.76
4124707,São Jerônimo da Serra,2022,11030,825.9,13.36,33568.72
4124707,São Jerônimo da Serra,2023,10971,825.9,13.28,31839.03
4124707,São Jerônimo da Serra,2024,10913,825.9,13.21,32008.25
4124707,São Jerônimo da Serra,2025,10884,825.9,13.18,32093.53
4124707,São Jerônimo da Serra,2026,10884,825.9,13.18,32093.53
4124806,São João,2008,11198,388.8,28.8,13301.84
4124806,São João,2009,11187,388.8,28.77,14556.81
4124806,São João,2010,10870,388.8,27.96,16143.42
4124806,São João,2011,10553,388.8,27.14,23766.89
4124806,São João,2012,10508,388.8,27.03,29508.95
4124806,São João,2013,10777,388.8,27.72,39947.2
4124806,São João,2014,10743,388.8,27.63,44635.76
4124806,São João,2015,10709,388.8,27.54,52334.58
4124806,São João,2016,10676,388.8,27.46,61295.52
4124806,São João,2017,10644,388.8,27.38,63724.73
4124806,São João,2018,10303,388.8,26.5,71760.85
4124806,São João,2019,10241,388.8,26.34,68477.98
4124806,São João,2020,10181,388.8,26.19,76887.63
4124806,São João,2021,10122,388.8,26.03,87988.34
4124806,São João,2022,10825,388.8,27.84,99874.92
4124806,São João,2023,11527,388.8,29.65,105853.91
4124806,São João,2024,12230,388.8,31.46,99769.26
4124806,São João,2025,12297,388.8,31.63,99225.66
4124806,São João,2026,12297,388.8,31.63,99225.66
4124905,São João do Caiuá,2008,6151,305.2,20.15,6880.99
4124905,São João do Caiuá,2009,6152,305.2,20.16,6713.43
4124905,São João do Caiuá,2010,6025,305.2,19.74,10684.15
4124905,São João do Caiuá,2011,5898,305.2,19.33,12619.7
4124905,São João do Caiuá,2012,5884,305.2,19.28,12895.65
4124905,São João do Caiuá,2013,6051,305.2,19.83,14684.85
4124905,São João do Caiuá,2014,6044,305.2,19.8,15222.87
4124905,São João do Caiuá,2015,6038,305.2,19.78,16458.76
4124905,São João do Caiuá,2016,6031,305.2,19.76,17700.38
4124905,São João do Caiuá,2017,6025,305.2,19.74,23487.8
4124905,São João do Caiuá,2018,5874,305.2,19.25,21383.38
4124905,São João do Caiuá,2019,5855,305.2,19.18,22737.49
4124905,São João do Caiuá,2020,5837,305.2,19.13,23233.85
4124905,São João do Caiuá,2021,5819,305.2,19.07,26566.76
4124905,São João do Caiuá,2022,5753,305.2,18.85,24846.86
4124905,São João do Caiuá,2023,5686,305.2,18.63,33706.65
4124905,São João do Caiuá,2024,5620,305.2,18.41,34102.49
4124905,São João do Caiuá,2025,5607,305.2,18.37,34181.56
4124905,São João do Caiuá,2026,5607,305.2,18.37,34181.56
4125001,São João do Ivaí,2008,12022,354.2,33.94,10043.09
4125001,São João do Ivaí,2009,11890,354.2,33.57,10293.69
4125001,São João do Ivaí,2010,11644,354.2,32.87,10351.43
4125001,São João do Ivaí,2011,11397,354.2,32.18,12423.27
4125001,São João do Ivaí,2012,11273,354.2,31.83,15723.06
4125001,São João do Ivaí,2013,11461,354.2,32.36,18525.26
4125001,São João do Ivaí,2014,11342,354.2,32.02,19353.73
4125001,São João do Ivaí,2015,11228,354.2,31.7,20870.86
4125001,São João do Ivaí,2016,11115,354.2,31.38,21832.48
4125001,São João do Ivaí,2017,11005,354.2,31.07,24909.68
4125001,São João do Ivaí,2018,10386,354.2,29.32,27109.57
4125001,São João do Ivaí,2019,10219,354.2,28.85,25646.74
4125001,São João do Ivaí,2020,10056,354.2,28.39,32941.53
4125001,São João do Ivaí,2021,9897,354.2,27.94,36495.6
4125001,São João do Ivaí,2022,10165,354.2,28.7,34565.47
4125001,São João do Ivaí,2023,10432,354.2,29.45,39361.29
4125001,São João do Ivaí,2024,10700,354.2,30.21,38375.42
4125001,São João do Ivaí,2025,10639,354.2,30.04,38595.45
4125001,São João do Ivaí,2026,10639,354.2,30.04,38595.45
4125100,São João do Triunfo,2008,14226,721.7,19.71,9256.22
4125100,São João do Triunfo,2009,14399,721.7,19.95,9242.59
4125100,São João do Triunfo,2010,14101,721.7,19.54,15534.93
4125100,São João do Triunfo,2011,13803,721.7,19.13,15692.02
4125100,São João do Triunfo,2012,13899,721.7,19.26,18531.55
4125100,São João do Triunfo,2013,14462,721.7,20.04,20171.21
4125100,São João do Triunfo,2014,14583,721.7,20.21,27389.84
4125100,São João do Triunfo,2015,14700,721.7,20.37,29857.21
4125100,São João do Triunfo,2016,14815,721.7,20.53,30884.04
4125100,São João do Triunfo,2017,14927,721.7,20.68,38083.81
4125100,São João do Triunfo,2018,14996,721.7,20.78,36354.89
4125100,São João do Triunfo,2019,15120,721.7,20.95,33828.11
4125100,São João do Triunfo,2020,15241,721.7,21.12,39664.0
4125100,São João do Triunfo,2021,15359,721.7,21.28,37733.9
4125100,São João do Triunfo,2022,14880,721.7,20.62,49005.91
4125100,São João do Triunfo,2023,14402,721.7,19.96,60818.43
4125100,São João do Triunfo,2024,13923,721.7,19.29,62910.8
4125100,São João do Triunfo,2025,13899,721.7,19.26,63019.43
4125100,São João do Triunfo,2026,13899,721.7,19.26,63019.43
4125209,São Jorge d'Oeste,2008,9213,380.3,24.23,10676.11
4125209,São Jorge d'Oeste,2009,9195,380.3,24.18,10314.74
4125209,São Jorge d'Oeste,2010,9132,380.3,24.01,12505.91
4125209,São Jorge d'Oeste,2011,9068,380.3,23.84,15832.71
4125209,São Jorge d'Oeste,2012,9052,380.3,23.8,17864.12
4125209,São Jorge d'Oeste,2013,9313,380.3,24.49,20884.36
4125209,São Jorge d'Oeste,2014,9307,380.3,24.47,21866.34
4125209,São Jorge d'Oeste,2015,9302,380.3,24.46,24417.11
4125209,São Jorge d'Oeste,2016,9296,380.3,24.44,27563.68
4125209,São Jorge d'Oeste,2017,9291,380.3,24.43,26554.95
4125209,São Jorge d'Oeste,2018,9074,380.3,23.86,31136.54
4125209,São Jorge d'Oeste,2019,9050,380.3,23.8,31701.99
4125209,São Jorge d'Oeste,2020,9028,380.3,23.74,39196.17
4125209,São Jorge d'Oeste,2021,9005,380.3,23.68,52563.46
4125209,São Jorge d'Oeste,2022,9187,380.3,24.16,48581.36
4125209,São Jorge d'Oeste,2023,9368,380.3,24.63,56737.94
4125209,São Jorge d'Oeste,2024,9550,380.3,25.11,55656.65
4125209,São Jorge d'Oeste,2025,9587,380.3,25.21,55441.85
4125209,São Jorge d'Oeste,2026,9587,380.3,25.21,55441.85
4125308,São Jorge do Ivaí,2008,5406,315.8,17.12,21937.29
4125308,São Jorge do Ivaí,2009,5382,315.8,17.04,20019.51
4125308,São Jorge do Ivaí,2010,5447,315.8,17.25,24318.16
4125308,São Jorge do Ivaí,2011,5512,315.8,17.45,29426.89
4125308,São Jorge do Ivaí,2012,5506,315.8,17.44,32815.84
4125308,São Jorge do Ivaí,2013,5671,315.8,17.96,39207.72
4125308,São Jorge do Ivaí,2014,5673,315.8,17.96,38554.56
4125308,São Jorge do Ivaí,2015,5674,315.8,17.97,44857.07
4125308,São Jorge do Ivaí,2016,5675,315.8,17.97,46145.02
4125308,São Jorge do Ivaí,2017,5676,315.8,17.97,46097.6
4125308,São Jorge do Ivaí,2018,5559,315.8,17.6,49975.54
4125308,São Jorge do Ivaí,2019,5551,315.8,17.58,46896.78
4125308,São Jorge do Ivaí,2020,5543,315.8,17.55,64400.14
4125308,São Jorge do Ivaí,2021,5535,315.8,17.53,72504.97
4125308,São Jorge do Ivaí,2022,5421,315.8,17.17,59346.43
4125308,São Jorge do Ivaí,2023,5307,315.8,16.8,78635.01
4125308,São Jorge do Ivaí,2024,5193,315.8,16.44,80361.26
4125308,São Jorge do Ivaí,2025,5170,315.8,16.37,80718.76
4125308,São Jorge do Ivaí,2026,5170,315.8,16.37,80718.76
4125357,São Jorge do Patrocínio,2008,6134,407.4,15.06,7060.97
4125357,São Jorge do Patrocínio,2009,6080,407.4,14.92,6552.8
4125357,São Jorge do Patrocínio,2010,6039,407.4,14.82,8480.87
4125357,São Jorge do Patrocínio,2011,5998,407.4,14.72,9642.05
4125357,São Jorge do Patrocínio,2012,5956,407.4,14.62,10918.4
4125357,São Jorge do Patrocínio,2013,6088,407.4,14.94,16355.12
4125357,São Jorge do Patrocínio,2014,6051,407.4,14.85,17960.01
4125357,São Jorge do Patrocínio,2015,6015,407.4,14.76,17559.6
4125357,São Jorge do Patrocínio,2016,5980,407.4,14.68,18293.81
4125357,São Jorge do Patrocínio,2017,5946,407.4,14.59,19667.84
4125357,São Jorge do Patrocínio,2018,5698,407.4,13.99,20301.68
4125357,São Jorge do Patrocínio,2019,5641,407.4,13.85,22104.59
4125357,São Jorge do Patrocínio,2020,5586,407.4,13.71,34229.5
4125357,São Jorge do Patrocínio,2021,5532,407.4,13.58,26277.48
4125357,São Jorge do Patrocínio,2022,5908,407.4,14.5,29044.52
4125357,São Jorge do Patrocínio,2023,6283,407.4,15.42,29163.14
4125357,São Jorge do Patrocínio,2024,6659,407.4,16.35,27516.44
4125357,São Jorge do Patrocínio,2025,6690,407.4,16.42,27388.94
4125357,São Jorge do Patrocínio,2026,6690,407.4,16.42,27388.94
4125407,São José da Boa Vista,2008,6386,400.6,15.94,10523.18
4125407,São José da Boa Vista,2009,6320,400.6,15.78,10635.92
4125407,São José da Boa Vista,2010,6398,400.6,15.97,10360.89
4125407,São José da Boa Vista,2011,6476,400.6,16.17,12709.39
4125407,São José da Boa Vista,2012,6441,400.6,16.08,14050.46
4125407,São José da Boa Vista,2013,6596,400.6,16.47,18050.64
4125407,São José da Boa Vista,2014,6567,400.6,16.39,15550.94
4125407,São José da Boa Vista,2015,6539,400.6,16.32,19144.06
4125407,São José da Boa Vista,2016,6512,400.6,16.26,23246.78
4125407,São José da Boa Vista,2017,6485,400.6,16.19,21715.34
4125407,São José da Boa Vista,2018,6254,400.6,15.61,23179.09
4125407,São José da Boa Vista,2019,6206,400.6,15.49,23561.07
4125407,São José da Boa Vista,2020,6160,400.6,15.38,30565.42
4125407,São José da Boa Vista,2021,6115,400.6,15.26,37577.27
4125407,São José da Boa Vista,2022,6097,400.6,15.22,42578.48
4125407,São José da Boa Vista,2023,6078,400.6,15.17,38275.91
4125407,São José da Boa Vista,2024,6060,400.6,15.13,38389.6
4125407,São José da Boa Vista,2025,6023,400.6,15.03,38625.44
4125407,São José da Boa Vista,2026,6023,400.6,15.03,38625.44
4125456,São José das Palmeiras,2008,3960,182.8,21.66,8516.67
4125456,São José das Palmeiras,2009,3942,182.8,21.56,7369.36
4125456,São José das Palmeiras,2010,3876,182.8,21.2,10007.22
4125456,São José das Palmeiras,2011,3810,182.8,20.84,11445.41
4125456,São José das Palmeiras,2012,3789,182.8,20.73,10812.62
4125456,São José das Palmeiras,2013,3880,182.8,21.23,15731.7
4125456,São José das Palmeiras,2014,3864,182.8,21.14,16506.99
4125456,São José das Palmeiras,2015,3847,182.8,21.04,18293.74
4125456,São José das Palmeiras,2016,3832,182.8,20.96,21376.83
4125456,São José das Palmeiras,2017,3816,182.8,20.88,19231.39
4125456,São José das Palmeiras,2018,3682,182.8,20.14,20466.05
4125456,São José das Palmeiras,2019,3654,182.8,19.99,20935.14
4125456,São José das Palmeiras,2020,3627,182.8,19.84,25015.99
4125456,São José das Palmeiras,2021,3601,182.8,19.7,27499.03
4125456,São José das Palmeiras,2022,3744,182.8,20.48,23876.34
4125456,São José das Palmeiras,2023,3887,182.8,21.26,28215.59
4125456,São José das Palmeiras,2024,4030,182.8,22.05,27214.39
4125456,São José das Palmeiras,2025,4031,182.8,22.05,27207.64
4125456,São José das Palmeiras,2026,4031,182.8,22.05,27207.64
4125506,São José dos Pinhais,2008,272530,948.1,287.45,48874.48
4125506,São José dos Pinhais,2009,279297,948.1,294.59,50672.75
4125506,São José dos Pinhais,2010,274052,948.1,289.05,62900.5
4125506,São José dos Pinhais,2011,268808,948.1,283.52,77041.84
4125506,São José dos Pinhais,2012,273255,948.1,288.21,81504.91
4125506,São José dos Pinhais,2013,287792,948.1,303.55,87588.59
4125506,São José dos Pinhais,2014,292934,948.1,308.97,77617.35
4125506,São José dos Pinhais,2015,297895,948.1,314.2,76563.43
4125506,São José dos Pinhais,2016,302759,948.1,319.33,66538.23
4125506,São José dos Pinhais,2017,307530,948.1,324.36,73465.05
4125506,São José dos Pinhais,2018,317476,948.1,334.85,75933.9
4125506,São José dos Pinhais,2019,323340,948.1,341.04,92653.86
4125506,São José dos Pinhais,2020,329058,948.1,347.07,67139.6
4125506,São José dos Pinhais,2021,334620,948.1,352.94,80715.17
4125506,São José dos Pinhais,2022,338295,948.1,356.81,93052.16
4125506,São José dos Pinhais,2023,341969,948.1,360.69,99301.29
4125506,São José dos Pinhais,2024,345644,948.1,364.56,98245.49
4125506,São José dos Pinhais,2025,349880,948.1,369.03,97056.03
4125506,São José dos Pinhais,2026,349880,948.1,369.03,97056.03
4125555,São Manoel do Paraná,2008,2163,95.6,22.63,11110.96
4125555,São Manoel do Paraná,2009,2170,95.6,22.7,10381.11
4125555,São Manoel do Paraná,2010,2135,95.6,22.33,10253.86
4125555,São Manoel do Paraná,2011,2100,95.6,21.97,13844.76
4125555,São Manoel do Paraná,2012,2102,95.6,21.99,13885.35
4125555,São Manoel do Paraná,2013,2170,95.6,22.7,13999.54
4125555,São Manoel do Paraná,2014,2175,95.6,22.75,20493.79
4125555,São Manoel do Paraná,2015,2180,95.6,22.8,20011.47
4125555,São Manoel do Paraná,2016,2184,95.6,22.85,23356.23
4125555,São Manoel do Paraná,2017,2189,95.6,22.9,22661.49
4125555,São Manoel do Paraná,2018,2158,95.6,22.57,23363.3
4125555,São Manoel do Paraná,2019,2160,95.6,22.59,25309.26
4125555,São Manoel do Paraná,2020,2163,95.6,22.63,28226.54
4125555,São Manoel do Paraná,2021,2165,95.6,22.65,28793.53
4125555,São Manoel do Paraná,2022,2168,95.6,22.68,30531.37
4125555,São Manoel do Paraná,2023,2170,95.6,22.7,38262.67
4125555,São Manoel do Paraná,2024,2173,95.6,22.73,38209.85
4125555,São Manoel do Paraná,2025,2176,95.6,22.76,38157.17
4125555,São Manoel do Paraná,2026,2176,95.6,22.76,38157.17
4125605,São Mateus do Sul,2008,40791,1344.0,30.35,14031.43
4125605,São Mateus do Sul,2009,41188,1344.0,30.65,14354.42
4125605,São Mateus do Sul,2010,41402,1344.0,30.81,13712.79
4125605,São Mateus do Sul,2011,41617,1344.0,30.97,15693.97
4125605,São Mateus do Sul,2012,41965,1344.0,31.22,18207.53
4125605,São Mateus do Sul,2013,43750,1344.0,32.55,23943.79
4125605,São Mateus do Sul,2014,44179,1344.0,32.87,25218.86
4125605,São Mateus do Sul,2015,44594,1344.0,33.18,26282.8
4125605,São Mateus do Sul,2016,45000,1344.0,33.48,26471.13
4125605,São Mateus do Sul,2017,45398,1344.0,33.78,27204.13
4125605,São Mateus do Sul,2018,45806,1344.0,34.08,27418.77
4125605,São Mateus do Sul,2019,46261,1344.0,34.42,27738.61
4125605,São Mateus do Sul,2020,46705,1344.0,34.75,27960.24
4125605,São Mateus do Sul,2021,47137,1344.0,35.07,32179.77
4125605,São Mateus do Sul,2022,45896,1344.0,34.15,40384.63
4125605,São Mateus do Sul,2023,44654,1344.0,33.22,43313.97
4125605,São Mateus do Sul,2024,43413,1344.0,32.3,44552.14
4125605,São Mateus do Sul,2025,43490,1344.0,32.36,44473.26
4125605,São Mateus do Sul,2026,43490,1344.0,32.36,44473.26
4125704,São Miguel do Iguaçu,2008,26284,853.7,30.79,16179.96
4125704,São Miguel do Iguaçu,2009,26451,853.7,30.98,18261.09
4125704,São Miguel do Iguaçu,2010,26162,853.7,30.65,20810.03
4125704,São Miguel do Iguaçu,2011,25872,853.7,30.31,25287.84
4125704,São Miguel do Iguaçu,2012,25971,853.7,30.42,26099.57
4125704,São Miguel do Iguaçu,2013,26920,853.7,31.53,31970.02
4125704,São Miguel do Iguaçu,2014,27061,853.7,31.7,34454.2
4125704,São Miguel do Iguaçu,2015,27197,853.7,31.86,37459.98
4125704,São Miguel do Iguaçu,2016,27330,853.7,32.01,37274.13
4125704,São Miguel do Iguaçu,2017,27461,853.7,32.17,34321.84
4125704,São Miguel do Iguaçu,2018,27325,853.7,32.01,36720.0
4125704,São Miguel do Iguaçu,2019,27452,853.7,32.16,39864.86
4125704,São Miguel do Iguaçu,2020,27576,853.7,32.3,43738.61
4125704,São Miguel do Iguaçu,2021,27696,853.7,32.44,53079.18
4125704,São Miguel do Iguaçu,2022,28530,853.7,33.42,49633.86
4125704,São Miguel do Iguaçu,2023,29364,853.7,34.4,50552.1
4125704,São Miguel do Iguaçu,2024,30198,853.7,35.37,49155.97
4125704,São Miguel do Iguaçu,2025,30416,853.7,35.63,48803.66
4125704,São Miguel do Iguaçu,2026,30416,853.7,35.63,48803.66
4125753,São Pedro do Iguaçu,2008,6633,309.0,21.47,13556.01
4125753,São Pedro do Iguaçu,2009,6561,309.0,21.23,11994.67
4125753,São Pedro do Iguaçu,2010,6496,309.0,21.02,13213.36
4125753,São Pedro do Iguaçu,2011,6431,309.0,20.81,14910.74
4125753,São Pedro do Iguaçu,2012,6373,309.0,20.62,15469.95
4125753,São Pedro do Iguaçu,2013,6495,309.0,21.02,21982.6
4125753,São Pedro do Iguaçu,2014,6440,309.0,20.84,23599.69
4125753,São Pedro do Iguaçu,2015,6388,309.0,20.67,24494.52
4125753,São Pedro do Iguaçu,2016,6336,309.0,20.5,28147.41
4125753,São Pedro do Iguaçu,2017,6286,309.0,20.34,31406.3
4125753,São Pedro do Iguaçu,2018,5976,309.0,19.34,27928.55
4125753,São Pedro do Iguaçu,2019,5897,309.0,19.08,31202.81
4125753,São Pedro do Iguaçu,2020,5820,309.0,18.83,43494.85
4125753,São Pedro do Iguaçu,2021,5745,309.0,18.59,43020.71
4125753,São Pedro do Iguaçu,2022,5753,309.0,18.62,39350.95
4125753,São Pedro do Iguaçu,2023,5761,309.0,18.64,46498.35
4125753,São Pedro do Iguaçu,2024,5769,309.0,18.67,46433.87
4125753,São Pedro do Iguaçu,2025,5730,309.0,18.54,46749.91
4125753,São Pedro do Iguaçu,2026,5730,309.0,18.54,46749.91
4125803,São Pedro do Ivaí,2008,9887,323.4,30.57,17254.78
4125803,São Pedro do Ivaí,2009,9921,323.4,30.68,14686.02
4125803,São Pedro do Ivaí,2010,10071,323.4,31.14,17027.41
4125803,São Pedro do Ivaí,2011,10221,323.4,31.6,19587.22
4125803,São Pedro do Ivaí,2012,10272,323.4,31.76,20807.92
4125803,São Pedro do Ivaí,2013,10664,323.4,32.97,21322.11
4125803,São Pedro do Ivaí,2014,10733,323.4,33.19,22637.38
4125803,São Pedro do Ivaí,2015,10799,323.4,33.39,23516.07
4125803,São Pedro do Ivaí,2016,10864,323.4,33.59,24050.9
4125803,São Pedro do Ivaí,2017,10928,323.4,33.79,24329.7
4125803,São Pedro do Ivaí,2018,10915,323.4,33.75,27079.43
4125803,São Pedro do Ivaí,2019,10981,323.4,33.95,27874.06
4125803,São Pedro do Ivaí,2020,11046,323.4,34.16,31200.71
4125803,São Pedro do Ivaí,2021,11109,323.4,34.35,33317.22
4125803,São Pedro do Ivaí,2022,10276,323.4,31.77,39519.27
4125803,São Pedro do Ivaí,2023,9444,323.4,29.2,47973.1
4125803,São Pedro do Ivaí,2024,8611,323.4,26.63,52613.87
4125803,São Pedro do Ivaí,2025,8514,323.4,26.33,53213.3
4125803,São Pedro do Ivaí,2026,8514,323.4,26.33,53213.3
4125902,São Pedro do Paraná,2008,2580,251.3,10.27,9414.73
4125902,São Pedro do Paraná,2009,2561,251.3,10.19,10123.39
4125902,São Pedro do Paraná,2010,2517,251.3,10.02,10966.23
4125902,São Pedro do Paraná,2011,2473,251.3,9.84,13089.37
4125902,São Pedro do Paraná,2012,2454,251.3,9.77,18610.84
4125902,São Pedro do Paraná,2013,2506,251.3,9.97,22424.98
4125902,São Pedro do Paraná,2014,2490,251.3,9.91,24096.79
4125902,São Pedro do Paraná,2015,2474,251.3,9.84,25500.0
4125902,São Pedro do Paraná,2016,2459,251.3,9.79,26743.39
4125902,São Pedro do Paraná,2017,2443,251.3,9.72,26982.4
4125902,São Pedro do Paraná,2018,2338,251.3,9.3,28115.91
4125902,São Pedro do Paraná,2019,2313,251.3,9.2,28626.89
4125902,São Pedro do Paraná,2020,2289,251.3,9.11,37702.93
4125902,São Pedro do Paraná,2021,2265,251.3,9.01,39877.7
4125902,São Pedro do Paraná,2022,2417,251.3,9.62,37525.03
4125902,São Pedro do Paraná,2023,2570,251.3,10.23,43303.89
4125902,São Pedro do Paraná,2024,2722,251.3,10.83,40885.75
4125902,São Pedro do Paraná,2025,2726,251.3,10.85,40825.75
4125902,São Pedro do Paraná,2026,2726,251.3,10.85,40825.75
4126009,São Sebastião da Amoreira,2008,8976,227.5,39.45,9152.74
4126009,São Sebastião da Amoreira,2009,9012,227.5,39.61,9884.93
4126009,São Sebastião da Amoreira,2010,8822,227.5,38.78,10271.82
4126009,São Sebastião da Amoreira,2011,8632,227.5,37.94,13266.33
4126009,São Sebastião da Amoreira,2012,8638,227.5,37.97,15791.16
4126009,São Sebastião da Amoreira,2013,8917,227.5,39.2,18778.29
4126009,São Sebastião da Amoreira,2014,8935,227.5,39.27,17527.14
4126009,São Sebastião da Amoreira,2015,8952,227.5,39.35,19965.93
4126009,São Sebastião da Amoreira,2016,8968,227.5,39.42,21035.79
4126009,São Sebastião da Amoreira,2017,8985,227.5,39.49,21300.17
4126009,São Sebastião da Amoreira,2018,8847,227.5,38.89,22134.62
4126009,São Sebastião da Amoreira,2019,8853,227.5,38.91,24932.0
4126009,São Sebastião da Amoreira,2020,8859,227.5,38.94,27518.0
4126009,São Sebastião da Amoreira,2021,8865,227.5,38.97,33858.09
4126009,São Sebastião da Amoreira,2022,8610,227.5,37.85,36087.22
4126009,São Sebastião da Amoreira,2023,8355,227.5,36.73,33221.9
4126009,São Sebastião da Amoreira,2024,8100,227.5,35.6,34267.78
4126009,São Sebastião da Amoreira,2025,8063,227.5,35.44,34425.03
4126009,São Sebastião da Amoreira,2026,8063,227.5,35.44,34425.03
4126108,São Tomé,2008,5482,219.1,25.02,14458.41
4126108,São Tomé,2009,5522,219.1,25.2,15409.63
4126108,São Tomé,2010,5448,219.1,24.87,15932.45
4126108,São Tomé,2011,5373,219.1,24.52,18868.42
4126108,São Tomé,2012,5395,219.1,24.62,19279.52
4126108,São Tomé,2013,5595,219.1,25.54,24067.56
4126108,São Tomé,2014,5626,219.1,25.68,25068.43
4126108,São Tomé,2015,5657,219.1,25.82,26397.91
4126108,São Tomé,2016,5686,219.1,25.95,28865.81
4126108,São Tomé,2017,5715,219.1,26.08,25284.16
4126108,São Tomé,2018,5693,219.1,25.98,24275.25
4126108,São Tomé,2019,5722,219.1,26.12,29309.86
4126108,São Tomé,2020,5750,219.1,26.24,27394.61
4126108,São Tomé,2021,5778,219.1,26.37,28290.58
4126108,São Tomé,2022,5615,219.1,25.63,31960.28
4126108,São Tomé,2023,5453,219.1,24.89,40563.73
4126108,São Tomé,2024,5290,219.1,24.14,41813.61
4126108,São Tomé,2025,5282,219.1,24.11,41876.94
4126108,São Tomé,2026,5282,219.1,24.11,41876.94
4126207,Sapopema,2008,6812,679.3,10.03,7380.65
4126207,Sapopema,2009,6800,679.3,10.01,6942.5
4126207,Sapopema,2010,6763,679.3,9.96,7558.63
4126207,Sapopema,2011,6726,679.3,9.9,8382.4
4126207,Sapopema,2012,6716,679.3,9.89,9309.11
4126207,Sapopema,2013,6912,679.3,10.18,10949.94
4126207,Sapopema,2014,6910,679.3,10.17,12023.59
4126207,Sapopema,2015,6908,679.3,10.17,13261.29
4126207,Sapopema,2016,6906,679.3,10.17,14183.61
4126207,Sapopema,2017,6905,679.3,10.16,14868.21
4126207,Sapopema,2018,6751,679.3,9.94,15952.9
4126207,Sapopema,2019,6736,679.3,9.92,15982.33
4126207,Sapopema,2020,6722,679.3,9.9,20161.71
4126207,Sapopema,2021,6708,679.3,9.87,22939.77
4126207,Sapopema,2022,6733,679.3,9.91,23407.99
4126207,Sapopema,2023,6759,679.3,9.95,27078.41
4126207,Sapopema,2024,6784,679.3,9.99,26978.63
4126207,Sapopema,2025,6778,679.3,9.98,27002.51
4126207,Sapopema,2026,6778,679.3,9.98,27002.51
4126256,Sarandi,2008,83486,103.8,804.3,6274.06
4126256,Sarandi,2009,84651,103.8,815.52,6685.72
4126256,Sarandi,2010,84188,103.8,811.06,8623.24
4126256,Sarandi,2011,83724,103.8,806.59,9860.6
4126256,Sarandi,2012,84573,103.8,814.77,11419.22
4126256,Sarandi,2013,88365,103.8,851.3,13208.37
4126256,Sarandi,2014,89388,103.8,861.16,13688.16
4126256,Sarandi,2015,90376,103.8,870.67,14688.47
4126256,Sarandi,2016,91344,103.8,880.0,15504.46
4126256,Sarandi,2017,94181,103.8,907.33,15472.02
4126256,Sarandi,2018,95543,103.8,920.45,16617.66
4126256,Sarandi,2019,96688,103.8,931.48,17875.9
4126256,Sarandi,2020,97803,103.8,942.23,18526.98
4126256,Sarandi,2021,98888,103.8,952.68,20960.43
4126256,Sarandi,2022,107854,103.8,1039.06,20961.01
4126256,Sarandi,2023,116819,103.8,1125.42,20533.39
4126256,Sarandi,2024,125785,103.8,1211.8,19069.76
4126256,Sarandi,2025,128106,103.8,1234.16,18724.26
4126256,Sarandi,2026,128106,103.8,1234.16,18724.26
4126272,Saudade do Iguaçu,2008,5137,152.4,33.71,145632.66
4126272,Saudade do Iguaçu,2009,5187,152.4,34.04,148393.1
4126272,Saudade do Iguaçu,2010,5124,152.4,33.62,193637.98
4126272,Saudade do Iguaçu,2011,5061,152.4,33.21,194926.1
4126272,Saudade do Iguaçu,2012,5092,152.4,33.41,220812.84
4126272,Saudade do Iguaçu,2013,5293,152.4,34.73,202810.88
4126272,Saudade do Iguaçu,2014,5333,152.4,34.99,105312.58
4126272,Saudade do Iguaçu,2015,5372,152.4,35.25,114150.04
4126272,Saudade do Iguaçu,2016,5410,152.4,35.5,148364.51
4126272,Saudade do Iguaçu,2017,5448,152.4,35.75,165129.96
4126272,Saudade do Iguaçu,2018,5459,152.4,35.82,145265.98
4126272,Saudade do Iguaçu,2019,5500,152.4,36.09,161559.09
4126272,Saudade do Iguaçu,2020,5539,152.4,36.35,125758.26
4126272,Saudade do Iguaçu,2021,5578,152.4,36.6,140967.73
4126272,Saudade do Iguaçu,2022,5833,152.4,38.27,199174.7
4126272,Saudade do Iguaçu,2023,6087,152.4,39.94,187847.38
4126272,Saudade do Iguaçu,2024,6342,152.4,41.61,180294.39
4126272,Saudade do Iguaçu,2025,6413,152.4,42.08,178298.3
4126272,Saudade do Iguaçu,2026,6413,152.4,42.08,178298.3
4126306,Sengés,2008,20213,1444.9,13.99,11960.32
4126306,Sengés,2009,20445,1444.9,14.15,10377.65
4126306,Sengés,2010,19454,1444.9,13.46,12962.37
4126306,Sengés,2011,18463,1444.9,12.78,15315.6
4126306,Sengés,2012,18511,1444.9,12.81,16669.17
4126306,Sengés,2013,19154,1444.9,13.26,18070.59
4126306,Sengés,2014,19229,1444.9,13.31,18966.72
4126306,Sengés,2015,19302,1444.9,13.36,19554.04
4126306,Sengés,2016,19373,1444.9,13.41,23242.97
4126306,Sengés,2017,19443,1444.9,13.46,24444.89
4126306,Sengés,2018,19267,1444.9,13.33,23760.78
4126306,Sengés,2019,19327,1444.9,13.38,23133.54
4126306,Sengés,2020,19385,1444.9,13.42,28423.78
4126306,Sengés,2021,19441,1444.9,13.45,34195.26
4126306,Sengés,2022,18742,1444.9,12.97,34817.79
4126306,Sengés,2023,18043,1444.9,12.49,38293.19
4126306,Sengés,2024,17344,1444.9,12.0,39836.49
4126306,Sengés,2025,17256,1444.9,11.94,40039.64
4126306,Sengés,2026,17256,1444.9,11.94,40039.64
4126355,Serranópolis do Iguaçu,2008,4400,483.4,9.1,20200.91
4126355,Serranópolis do Iguaçu,2009,4362,483.4,9.02,19116.0
4126355,Serranópolis do Iguaçu,2010,4458,483.4,9.22,23300.36
4126355,Serranópolis do Iguaçu,2011,4555,483.4,9.42,25320.53
4126355,Serranópolis do Iguaçu,2012,4543,483.4,9.4,26702.84
4126355,Serranópolis do Iguaçu,2013,4667,483.4,9.65,36447.83
4126355,Serranópolis do Iguaçu,2014,4659,483.4,9.64,40891.82
4126355,Serranópolis do Iguaçu,2015,4652,483.4,9.62,40738.39
4126355,Serranópolis do Iguaçu,2016,4645,483.4,9.61,41001.94
4126355,Serranópolis do Iguaçu,2017,4637,483.4,9.59,35717.27
4126355,Serranópolis do Iguaçu,2018,4513,483.4,9.34,43091.73
4126355,Serranópolis do Iguaçu,2019,4495,483.4,9.3,46886.1
4126355,Serranópolis do Iguaçu,2020,4477,483.4,9.26,54685.95
4126355,Serranópolis do Iguaçu,2021,4460,483.4,9.23,65320.4
4126355,Serranópolis do Iguaçu,2022,4686,483.4,9.69,48418.27
4126355,Serranópolis do Iguaçu,2023,4912,483.4,10.16,55491.25
4126355,Serranópolis do Iguaçu,2024,5138,483.4,10.63,53050.41
4126355,Serranópolis do Iguaçu,2025,5161,483.4,10.68,52813.99
4126355,Serranópolis do Iguaçu,2026,5161,483.4,10.68,52813.99
4126405,Sertaneja,2008,5984,445.5,13.43,22364.3
4126405,Sertaneja,2009,5924,445.5,13.3,17708.47
4126405,Sertaneja,2010,5844,445.5,13.12,23265.91
4126405,Sertaneja,2011,5763,445.5,12.94,31195.38
4126405,Sertaneja,2012,5711,445.5,12.82,34616.35
4126405,Sertaneja,2013,5820,445.5,13.06,42828.35
4126405,Sertaneja,2014,5771,445.5,12.95,36067.58
4126405,Sertaneja,2015,5724,445.5,12.85,44606.39
4126405,Sertaneja,2016,5678,445.5,12.75,46392.57
4126405,Sertaneja,2017,5633,445.5,12.64,44963.43
4126405,Sertaneja,2018,5355,445.5,12.02,53375.72
4126405,Sertaneja,2019,5284,445.5,11.86,54171.46
4126405,Sertaneja,2020,5216,445.5,11.71,66221.43
4126405,Sertaneja,2021,5149,445.5,11.56,80879.98
4126405,Sertaneja,2022,5322,445.5,11.95,69889.7
4126405,Sertaneja,2023,5494,445.5,12.33,84767.38
4126405,Sertaneja,2024,5667,445.5,12.72,82179.64
4126405,Sertaneja,2025,5654,445.5,12.69,82368.59
4126405,Sertaneja,2026,5654,445.5,12.69,82368.59
4126504,Sertanópolis,2008,16027,506.9,31.62,13909.71
4126504,Sertanópolis,2009,16103,506.9,31.77,15606.35
4126504,Sertanópolis,2010,15890,506.9,31.35,17608.43
4126504,Sertanópolis,2011,15676,506.9,30.93,21813.47
4126504,Sertanópolis,2012,15713,506.9,31.0,27739.13
4126504,Sertanópolis,2013,16255,506.9,32.07,31560.44
4126504,Sertanópolis,2014,16315,506.9,32.19,32502.24
4126504,Sertanópolis,2015,16373,506.9,32.3,35572.41
4126504,Sertanópolis,2016,16429,506.9,32.41,34558.95
4126504,Sertanópolis,2017,16485,506.9,32.52,43025.17
4126504,Sertanópolis,2018,16323,506.9,32.2,42090.12
4126504,Sertanópolis,2019,16369,506.9,32.29,42787.4
4126504,Sertanópolis,2020,16413,506.9,32.38,54136.11
4126504,Sertanópolis,2021,16456,506.9,32.46,41977.39
4126504,Sertanópolis,2022,16365,506.9,32.28,54743.48
4126504,Sertanópolis,2023,16274,506.9,32.1,53086.58
4126504,Sertanópolis,2024,16183,506.9,31.93,53385.1
4126504,Sertanópolis,2025,16210,506.9,31.98,53296.18
4126504,Sertanópolis,2026,16210,506.9,31.98,53296.18
4126603,Siqueira Campos,2008,17293,278.7,62.05,10132.71
4126603,Siqueira Campos,2009,17411,278.7,62.47,10966.23
4126603,Siqueira Campos,2010,18027,278.7,64.68,12580.19
4126603,Siqueira Campos,2011,18643,278.7,66.89,14220.19
4126603,Siqueira Campos,2012,18825,278.7,67.55,15238.94
4126603,Siqueira Campos,2013,19661,278.7,70.55,17850.01
4126603,Siqueira Campos,2014,19881,278.7,71.33,19414.77
4126603,Siqueira Campos,2015,20094,278.7,72.1,21247.34
4126603,Siqueira Campos,2016,20303,278.7,72.85,23226.47
4126603,Siqueira Campos,2017,20508,278.7,73.58,25932.03
4126603,Siqueira Campos,2018,20778,278.7,74.55,26060.26
4126603,Siqueira Campos,2019,21016,278.7,75.41,26449.23
4126603,Siqueira Campos,2020,21249,278.7,76.24,27848.6
4126603,Siqueira Campos,2021,21476,278.7,77.06,32899.8
4126603,Siqueira Campos,2022,22221,278.7,79.73,35601.46
4126603,Siqueira Campos,2023,22967,278.7,82.41,37058.43
4126603,Siqueira Campos,2024,23712,278.7,85.08,35894.1
4126603,Siqueira Campos,2025,24031,278.7,86.23,35417.63
4126603,Siqueira Campos,2026,24031,278.7,86.23,35417.63
4126652,Sulina,2008,3481,171.0,20.36,10953.17
4126652,Sulina,2009,3434,171.0,20.08,10947.0
4126652,Sulina,2010,3394,171.0,19.85,11467.3
4126652,Sulina,2011,3354,171.0,19.61,14398.63
4126652,Sulina,2012,3315,171.0,19.39,16123.68
4126652,Sulina,2013,3366,171.0,19.68,22535.65
4126652,Sulina,2014,3329,171.0,19.47,21987.98
4126652,Sulina,2015,3293,171.0,19.26,23509.26
4126652,Sulina,2016,3257,171.0,19.05,28421.55
4126652,Sulina,2017,3222,171.0,18.84,29237.74
4126652,Sulina,2018,3033,171.0,17.74,30706.89
4126652,Sulina,2019,2981,171.0,17.43,33397.85
4126652,Sulina,2020,2930,171.0,17.13,48443.69
4126652,Sulina,2021,2880,171.0,16.84,55041.67
4126652,Sulina,2022,3085,171.0,18.04,54661.59
4126652,Sulina,2023,3290,171.0,19.24,58048.33
4126652,Sulina,2024,3495,171.0,20.44,54643.49
4126652,Sulina,2025,3498,171.0,20.46,54596.63
4126652,Sulina,2026,3498,171.0,20.46,54596.63
4126678,Tamarana,2008,11413,473.2,24.12,11236.13
4126678,Tamarana,2009,11577,473.2,24.47,10380.93
4126678,Tamarana,2010,12018,473.2,25.4,12632.55
4126678,Tamarana,2011,12458,473.2,26.33,14793.95
4126678,Tamarana,2012,12647,473.2,26.73,16812.13
4126678,Tamarana,2013,13298,473.2,28.1,18043.47
4126678,Tamarana,2014,13518,473.2,28.57,17209.5
4126678,Tamarana,2015,13730,473.2,29.02,20233.07
4126678,Tamarana,2016,13939,473.2,29.46,19294.07
4126678,Tamarana,2017,14143,473.2,29.89,19682.53
4126678,Tamarana,2018,14548,473.2,30.74,20888.16
4126678,Tamarana,2019,14797,473.2,31.27,20238.97
4126678,Tamarana,2020,15040,473.2,31.78,76477.26
4126678,Tamarana,2021,15277,473.2,32.28,25632.06
4126678,Tamarana,2022,13733,473.2,29.02,32231.05
4126678,Tamarana,2023,12189,473.2,25.76,38936.42
4126678,Tamarana,2024,10645,473.2,22.5,44583.94
4126678,Tamarana,2025,10540,473.2,22.27,45028.08
4126678,Tamarana,2026,10540,473.2,22.27,45028.08
4126702,Tamboara,2008,4757,193.7,24.56,8762.03
4126702,Tamboara,2009,4804,193.7,24.8,9956.7
4126702,Tamboara,2010,4750,193.7,24.52,11780.84
4126702,Tamboara,2011,4696,193.7,24.24,13631.6
4126702,Tamboara,2012,4726,193.7,24.4,16045.07
4126702,Tamboara,2013,4915,193.7,25.37,16652.49
4126702,Tamboara,2014,4954,193.7,25.58,17794.31
4126702,Tamboara,2015,4991,193.7,25.77,18304.35
4126702,Tamboara,2016,5028,193.7,25.96,20872.51
4126702,Tamboara,2017,5064,193.7,26.14,22390.6
4126702,Tamboara,2018,5080,193.7,26.23,24629.92
4126702,Tamboara,2019,5120,193.7,26.43,23523.05
4126702,Tamboara,2020,5158,193.7,26.63,24792.75
4126702,Tamboara,2021,5196,193.7,26.82,24310.24
4126702,Tamboara,2022,5124,193.7,26.45,28649.3
4126702,Tamboara,2023,5051,193.7,26.08,36457.14
4126702,Tamboara,2024,4979,193.7,25.7,36984.33
4126702,Tamboara,2025,4986,193.7,25.74,36932.41
4126702,Tamboara,2026,4986,193.7,25.74,36932.41
4126801,Tapejara,2008,15170,592.9,25.59,12928.54
4126801,Tapejara,2009,15367,592.9,25.92,13041.45
4126801,Tapejara,2010,15040,592.9,25.37,15184.84
4126801,Tapejara,2011,14712,592.9,24.81,18415.99
4126801,Tapejara,2012,14822,592.9,25.0,21012.75
4126801,Tapejara,2013,15434,592.9,26.03,22989.5
4126801,Tapejara,2014,15572,592.9,26.26,24618.48
4126801,Tapejara,2015,15704,592.9,26.49,25935.24
4126801,Tapejara,2016,15835,592.9,26.71,28336.47
4126801,Tapejara,2017,15962,592.9,26.92,30367.81
4126801,Tapejara,2018,16062,592.9,27.09,28146.62
4126801,Tapejara,2019,16205,592.9,27.33,32364.89
4126801,Tapejara,2020,16345,592.9,27.57,31791.8
4126801,Tapejara,2021,16480,592.9,27.8,30136.53
4126801,Tapejara,2022,16405,592.9,27.67,32982.44
4126801,Tapejara,2023,16330,592.9,27.54,44772.99
4126801,Tapejara,2024,16255,592.9,27.42,44979.58
4126801,Tapejara,2025,16326,592.9,27.54,44783.96
4126801,Tapejara,2026,16326,592.9,27.54,44783.96
4126900,Tapira,2008,5944,435.4,13.65,7710.63
4126900,Tapira,2009,5904,435.4,13.56,7890.24
4126900,Tapira,2010,5853,435.4,13.44,9505.89
4126900,Tapira,2011,5802,435.4,13.33,11002.24
4126900,Tapira,2012,5769,435.4,13.25,12165.37
4126900,Tapira,2013,5906,435.4,13.56,14835.59
4126900,Tapira,2014,5878,435.4,13.5,16555.12
4126900,Tapira,2015,5851,435.4,13.44,17524.87
4126900,Tapira,2016,5824,435.4,13.38,20744.85
4126900,Tapira,2017,5798,435.4,13.32,21818.73
4126900,Tapira,2018,5584,435.4,12.82,23109.42
4126900,Tapira,2019,5539,435.4,12.72,23630.44
4126900,Tapira,2020,5495,435.4,12.62,24251.32
4126900,Tapira,2021,5452,435.4,12.52,28140.68
4126900,Tapira,2022,5572,435.4,12.8,27914.21
4126900,Tapira,2023,5693,435.4,13.08,32972.77
4126900,Tapira,2024,5813,435.4,13.35,32292.1
4126900,Tapira,2025,5807,435.4,13.34,32325.47
4126900,Tapira,2026,5807,435.4,13.34,32325.47
4127007,Teixeira Soares,2008,10337,904.8,11.42,11548.52
4127007,Teixeira Soares,2009,10548,904.8,11.66,9079.92
4127007,Teixeira Soares,2010,10496,904.8,11.6,11701.98
4127007,Teixeira Soares,2011,10444,904.8,11.54,14721.28
4127007,Teixeira Soares,2012,10599,904.8,11.71,17820.17
4127007,Teixeira Soares,2013,11140,904.8,12.31,21241.65
4127007,Teixeira Soares,2014,11321,904.8,12.51,22676.44
4127007,Teixeira Soares,2015,11495,904.8,12.7,25639.41
4127007,Teixeira Soares,2016,11666,904.8,12.89,28127.72
4127007,Teixeira Soares,2017,11834,904.8,13.08,29202.13
4127007,Teixeira Soares,2018,12163,904.8,13.44,31218.7
4127007,Teixeira Soares,2019,12367,904.8,13.67,30453.46
4127007,Teixeira Soares,2020,12567,904.8,13.89,42104.72
4127007,Teixeira Soares,2021,12761,904.8,14.1,48303.74
4127007,Teixeira Soares,2022,11701,904.8,12.93,50870.61
4127007,Teixeira Soares,2023,10641,904.8,11.76,59494.69
4127007,Teixeira Soares,2024,9581,904.8,10.59,66076.92
4127007,Teixeira Soares,2025,9540,904.8,10.54,66360.9
4127007,Teixeira Soares,2026,9540,904.8,10.54,66360.9
4127106,Telêmaco Borba,2008,68584,1386.2,49.48,22276.26
4127106,Telêmaco Borba,2009,69278,1386.2,49.98,22360.2
4127106,Telêmaco Borba,2010,69906,1386.2,50.43,25810.19
4127106,Telêmaco Borba,2011,70535,1386.2,50.88,27688.28
4127106,Telêmaco Borba,2012,71176,1386.2,51.35,28299.43
4127106,Telêmaco Borba,2013,74270,1386.2,53.58,30974.57
4127106,Telêmaco Borba,2014,75054,1386.2,54.14,33765.64
4127106,Telêmaco Borba,2015,75809,1386.2,54.69,38927.45
4127106,Telêmaco Borba,2016,76550,1386.2,55.22,44276.3
4127106,Telêmaco Borba,2017,77276,1386.2,55.75,49762.5
4127106,Telêmaco Borba,2018,78135,1386.2,56.37,43919.82
4127106,Telêmaco Borba,2019,78974,1386.2,56.97,45295.02
4127106,Telêmaco Borba,2020,79792,1386.2,57.56,52896.03
4127106,Telêmaco Borba,2021,80588,1386.2,58.14,60969.88
4127106,Telêmaco Borba,2022,79453,1386.2,57.32,63770.85
4127106,Telêmaco Borba,2023,78317,1386.2,56.5,81839.51
4127106,Telêmaco Borba,2024,77182,1386.2,55.68,83043.0
4127106,Telêmaco Borba,2025,77479,1386.2,55.89,82724.67
4127106,Telêmaco Borba,2026,77479,1386.2,55.89,82724.67
4127205,Terra Boa,2008,15041,321.6,46.77,8594.71
4127205,Terra Boa,2009,15069,321.6,46.86,9441.57
4127205,Terra Boa,2010,15466,321.6,48.09,11742.73
4127205,Terra Boa,2011,15864,321.6,49.33,14483.17
4127205,Terra Boa,2012,15948,321.6,49.59,16715.14
4127205,Terra Boa,2013,16562,321.6,51.5,17928.51
4127205,Terra Boa,2014,16674,321.6,51.85,20151.61
4127205,Terra Boa,2015,16781,321.6,52.18,21474.47
4127205,Terra Boa,2016,16887,321.6,52.51,23608.99
4127205,Terra Boa,2017,16991,321.6,52.83,26366.55
4127205,Terra Boa,2018,16984,321.6,52.81,28607.4
4127205,Terra Boa,2019,17094,321.6,53.15,27313.97
4127205,Terra Boa,2020,17200,321.6,53.48,30705.23
4127205,Terra Boa,2021,17304,321.6,53.81,32906.61
4127205,Terra Boa,2022,17552,321.6,54.58,34988.26
4127205,Terra Boa,2023,17800,321.6,55.35,39883.26
4127205,Terra Boa,2024,18048,321.6,56.12,39335.22
4127205,Terra Boa,2025,18168,321.6,56.49,39075.41
4127205,Terra Boa,2026,18168,321.6,56.49,39075.41
4127304,Terra Rica,2008,14955,702.4,21.29,9417.85
4127304,Terra Rica,2009,15060,702.4,21.44,10623.51
4127304,Terra Rica,2010,15196,702.4,21.63,10647.21
4127304,Terra Rica,2011,15331,702.4,21.83,13504.6
4127304,Terra Rica,2012,15437,702.4,21.98,14077.67
4127304,Terra Rica,2013,16063,702.4,22.87,16097.99
4127304,Terra Rica,2014,16197,702.4,23.06,17332.41
4127304,Terra Rica,2015,16326,702.4,23.24,18142.9
4127304,Terra Rica,2016,16453,702.4,23.42,19942.87
4127304,Terra Rica,2017,16578,702.4,23.6,22597.42
4127304,Terra Rica,2018,16652,702.4,23.71,20955.74
4127304,Terra Rica,2019,16789,702.4,23.9,22035.74
4127304,Terra Rica,2020,16924,702.4,24.09,21241.73
4127304,Terra Rica,2021,17054,702.4,24.28,22056.7
4127304,Terra Rica,2022,16366,702.4,23.3,24941.77
4127304,Terra Rica,2023,15677,702.4,22.32,34416.41
4127304,Terra Rica,2024,14989,702.4,21.34,35996.13
4127304,Terra Rica,2025,14961,702.4,21.3,36063.5
4127304,Terra Rica,2026,14961,702.4,21.3,36063.5
4127403,Terra Roxa,2008,16707,802.5,20.82,17963.61
4127403,Terra Roxa,2009,16734,802.5,20.85,16457.27
4127403,Terra Roxa,2010,16764,802.5,20.89,19305.54
4127403,Terra Roxa,2011,16795,802.5,20.93,23004.88
4127403,Terra Roxa,2012,16829,802.5,20.97,22168.76
4127403,Terra Roxa,2013,17402,802.5,21.68,30910.18
4127403,Terra Roxa,2014,17461,802.5,21.76,30983.05
4127403,Terra Roxa,2015,17517,802.5,21.83,33861.22
4127403,Terra Roxa,2016,17573,802.5,21.9,36575.88
4127403,Terra Roxa,2017,17627,802.5,21.97,34822.15
4127403,Terra Roxa,2018,17439,802.5,21.73,38867.19
4127403,Terra Roxa,2019,17481,802.5,21.78,35690.69
4127403,Terra Roxa,2020,17522,802.5,21.83,52107.98
4127403,Terra Roxa,2021,17562,802.5,21.88,51025.22
4127403,Terra Roxa,2022,17891,802.5,22.29,41071.15
4127403,Terra Roxa,2023,18219,802.5,22.7,50573.58
4127403,Terra Roxa,2024,18548,802.5,23.11,49676.51
4127403,Terra Roxa,2025,18636,802.5,23.22,49441.94
4127403,Terra Roxa,2026,18636,802.5,23.22,49441.94
4127502,Tibagi,2008,19345,2983.9,6.48,22177.1
4127502,Tibagi,2009,19421,2983.9,6.51,18354.77
4127502,Tibagi,2010,19418,2983.9,6.51,20061.44
4127502,Tibagi,2011,19414,2983.9,6.51,24655.09
4127502,Tibagi,2012,19482,2983.9,6.53,30265.42
4127502,Tibagi,2013,20184,2983.9,6.76,39108.01
4127502,Tibagi,2014,20283,2983.9,6.8,34019.47
4127502,Tibagi,2015,20377,2983.9,6.83,39411.98
4127502,Tibagi,2016,20470,2983.9,6.86,43332.93
4127502,Tibagi,2017,20562,2983.9,6.89,42548.05
4127502,Tibagi,2018,20436,2983.9,6.85,43874.98
4127502,Tibagi,2019,20522,2983.9,6.88,41019.05
4127502,Tibagi,2020,20607,2983.9,6.91,57407.0
4127502,Tibagi,2021,20688,2983.9,6.93,69608.47
4127502,Tibagi,2022,20560,2983.9,6.89,81874.46
4127502,Tibagi,2023,20432,2983.9,6.85,70899.77
4127502,Tibagi,2024,20304,2983.9,6.8,71346.73
4127502,Tibagi,2025,20374,2983.9,6.83,71101.6
4127502,Tibagi,2026,20374,2983.9,6.83,71101.6
4127601,Tijucas do Sul,2008,13633,673.1,20.25,8977.55
4127601,Tijucas do Sul,2009,13762,673.1,20.45,11695.32
4127601,Tijucas do Sul,2010,14237,673.1,21.15,15163.8
4127601,Tijucas do Sul,2011,14712,673.1,21.86,15432.23
4127601,Tijucas do Sul,2012,14881,673.1,22.11,19034.07
4127601,Tijucas do Sul,2013,15575,673.1,23.14,23321.41
4127601,Tijucas do Sul,2014,15776,673.1,23.44,24266.35
4127601,Tijucas do Sul,2015,15970,673.1,23.73,22377.77
4127601,Tijucas do Sul,2016,16161,673.1,24.01,21807.75
4127601,Tijucas do Sul,2017,16348,673.1,24.29,18641.42
4127601,Tijucas do Sul,2018,16646,673.1,24.73,19517.42
4127601,Tijucas do Sul,2019,16868,673.1,25.06,19460.64
4127601,Tijucas do Sul,2020,17084,673.1,25.38,24605.01
4127601,Tijucas do Sul,2021,17295,673.1,25.69,33326.63
4127601,Tijucas do Sul,2022,17623,673.1,26.18,36125.12
4127601,Tijucas do Sul,2023,17951,673.1,26.67,30871.54
4127601,Tijucas do Sul,2024,18279,673.1,27.16,30317.58
4127601,Tijucas do Sul,2025,18458,673.1,27.42,30023.57
4127601,Tijucas do Sul,2026,18458,673.1,27.42,30023.57
4127700,Toledo,2008,115136,1200.4,95.91,18800.71
4127700,Toledo,2009,116774,1200.4,97.28,20119.73
4127700,Toledo,2010,118854,1200.4,99.01,20514.63
4127700,Toledo,2011,120934,1200.4,100.74,23625.08
4127700,Toledo,2012,122502,1200.4,102.05,26778.58
4127700,Toledo,2013,128448,1200.4,107.0,30940.47
4127700,Toledo,2014,130295,1200.4,108.54,34298.18
4127700,Toledo,2015,132077,1200.4,110.03,36891.81
4127700,Toledo,2016,133824,1200.4,111.48,40406.32
4127700,Toledo,2017,135538,1200.4,112.91,43760.73
4127700,Toledo,2018,138572,1200.4,115.44,44448.3
4127700,Toledo,2019,140635,1200.4,117.16,44031.64
4127700,Toledo,2020,142645,1200.4,118.83,47558.62
4127700,Toledo,2021,144601,1200.4,120.46,51743.69
4127700,Toledo,2022,149274,1200.4,124.35,56509.53
4127700,Toledo,2023,153947,1200.4,128.25,61765.23
4127700,Toledo,2024,158620,1200.4,132.14,59945.61
4127700,Toledo,2025,160701,1200.4,133.87,59169.34
4127700,Toledo,2026,160701,1200.4,133.87,59169.34
4127809,Tomazina,2008,8920,593.1,15.04,8069.62
4127809,Tomazina,2009,8808,593.1,14.85,8105.93
4127809,Tomazina,2010,8756,593.1,14.76,11624.37
4127809,Tomazina,2011,8704,593.1,14.68,11828.93
4127809,Tomazina,2012,8619,593.1,14.53,13744.29
4127809,Tomazina,2013,8776,593.1,14.8,15327.83
4127809,Tomazina,2014,8696,593.1,14.66,15283.23
4127809,Tomazina,2015,8619,593.1,14.53,16473.6
4127809,Tomazina,2016,8544,593.1,14.41,19587.31
4127809,Tomazina,2017,8470,593.1,14.28,21021.61
4127809,Tomazina,2018,8032,593.1,13.54,24895.17
4127809,Tomazina,2019,7918,593.1,13.35,25477.9
4127809,Tomazina,2020,7807,593.1,13.16,33550.53
4127809,Tomazina,2021,7699,593.1,12.98,42103.65
4127809,Tomazina,2022,7964,593.1,13.43,46511.3
4127809,Tomazina,2023,8230,593.1,13.88,42583.84
4127809,Tomazina,2024,8495,593.1,14.32,41255.44
4127809,Tomazina,2025,8523,593.1,14.37,41119.91
4127809,Tomazina,2026,8523,593.1,14.37,41119.91
4127858,Três Barras do Paraná,2008,12073,506.6,23.83,9922.39
4127858,Três Barras do Paraná,2009,12088,506.6,23.86,10678.36
4127858,Três Barras do Paraná,2010,11956,506.6,23.6,13327.28
4127858,Três Barras do Paraná,2011,11825,506.6,23.34,15887.19
4127858,Três Barras do Paraná,2012,11825,506.6,23.34,16127.36
4127858,Três Barras do Paraná,2013,12196,506.6,24.07,20770.33
4127858,Três Barras do Paraná,2014,12212,506.6,24.11,20420.32
4127858,Três Barras do Paraná,2015,12227,506.6,24.14,22995.75
4127858,Três Barras do Paraná,2016,12242,506.6,24.17,25038.64
4127858,Três Barras do Paraná,2017,12256,506.6,24.19,26365.45
4127858,Três Barras do Paraná,2018,12043,506.6,23.77,26456.61
4127858,Três Barras do Paraná,2019,12040,506.6,23.77,27056.15
4127858,Três Barras do Paraná,2020,12038,506.6,23.76,36117.05
4127858,Três Barras do Paraná,2021,12036,506.6,23.76,36221.0
4127858,Três Barras do Paraná,2022,11756,506.6,23.21,38658.73
4127858,Três Barras do Paraná,2023,11477,506.6,22.65,39518.17
4127858,Três Barras do Paraná,2024,11197,506.6,22.1,40506.39
4127858,Três Barras do Paraná,2025,11157,506.6,22.02,40651.61
4127858,Três Barras do Paraná,2026,11157,506.6,22.02,40651.61
4127882,Tunas do Paraná,2008,6465,669.8,9.65,7348.8
4127882,Tunas do Paraná,2009,6753,669.8,10.08,7419.37
4127882,Tunas do Paraná,2010,6606,669.8,9.86,8024.67
4127882,Tunas do Paraná,2011,6460,669.8,9.64,9623.37
4127882,Tunas do Paraná,2012,6656,669.8,9.94,12344.05
4127882,Tunas do Paraná,2013,7127,669.8,10.64,12363.69
4127882,Tunas do Paraná,2014,7347,669.8,10.97,14497.35
4127882,Tunas do Paraná,2015,7559,669.8,11.29,14035.19
4127882,Tunas do Paraná,2016,7767,669.8,11.6,13696.79
4127882,Tunas do Paraná,2017,7971,669.8,11.9,14337.6
4127882,Tunas do Paraná,2018,8509,669.8,12.7,12947.58
4127882,Tunas do Paraná,2019,8769,669.8,13.09,13596.76
4127882,Tunas do Paraná,2020,9022,669.8,13.47,13577.92
4127882,Tunas do Paraná,2021,9269,669.8,13.84,15549.57
4127882,Tunas do Paraná,2022,8280,669.8,12.36,16042.15
4127882,Tunas do Paraná,2023,7291,669.8,10.89,19540.12
4127882,Tunas do Paraná,2024,6302,669.8,9.41,22606.63
4127882,Tunas do Paraná,2025,6304,669.8,9.41,22599.46
4127882,Tunas do Paraná,2026,6304,669.8,9.41,22599.46
4127908,Tuneiras do Oeste,2008,8806,700.5,12.57,9267.32
4127908,Tuneiras do Oeste,2009,8777,700.5,12.53,9721.32
4127908,Tuneiras do Oeste,2010,8724,700.5,12.45,10547.34
4127908,Tuneiras do Oeste,2011,8671,700.5,12.38,11354.86
4127908,Tuneiras do Oeste,2012,8647,700.5,12.34,13958.25
4127908,Tuneiras do Oeste,2013,8887,700.5,12.69,17255.2
4127908,Tuneiras do Oeste,2014,8873,700.5,12.67,17973.85
4127908,Tuneiras do Oeste,2015,8860,700.5,12.65,18633.07
4127908,Tuneiras do Oeste,2016,8847,700.5,12.63,20809.31
4127908,Tuneiras do Oeste,2017,8833,700.5,12.61,23407.34
4127908,Tuneiras do Oeste,2018,8599,700.5,12.28,23395.16
4127908,Tuneiras do Oeste,2019,8566,700.5,12.23,21894.7
4127908,Tuneiras do Oeste,2020,8533,700.5,12.18,29893.0
4127908,Tuneiras do Oeste,2021,8502,700.5,12.14,27490.12
4127908,Tuneiras do Oeste,2022,8366,700.5,11.94,28562.4
4127908,Tuneiras do Oeste,2023,8231,700.5,11.75,36146.4
4127908,Tuneiras do Oeste,2024,8095,700.5,11.56,36753.68
4127908,Tuneiras do Oeste,2025,8067,700.5,11.52,36881.24
4127908,Tuneiras do Oeste,2026,8067,700.5,11.52,36881.24
4127957,Tupãssi,2008,7960,300.4,26.5,17516.08
4127957,Tupãssi,2009,7947,300.4,26.45,16493.39
4127957,Tupãssi,2010,7972,300.4,26.54,18207.6
4127957,Tupãssi,2011,7996,300.4,26.62,21517.26
4127957,Tupãssi,2012,7994,300.4,26.61,23856.02
4127957,Tupãssi,2013,8243,300.4,27.44,31587.29
4127957,Tupãssi,2014,8252,300.4,27.47,32797.75
4127957,Tupãssi,2015,8261,300.4,27.5,34924.83
4127957,Tupãssi,2016,8269,300.4,27.53,39054.06
4127957,Tupãssi,2017,8277,300.4,27.55,39231.0
4127957,Tupãssi,2018,8128,300.4,27.06,42172.24
4127957,Tupãssi,2019,8124,300.4,27.04,40256.28
4127957,Tupãssi,2020,8109,300.4,26.99,50964.85
4127957,Tupãssi,2021,8105,300.4,26.98,53229.73
4127957,Tupãssi,2022,8138,300.4,27.09,54208.28
4127957,Tupãssi,2023,8171,300.4,27.2,63690.74
4127957,Tupãssi,2024,8204,300.4,27.31,63434.54
4127957,Tupãssi,2025,8208,300.4,27.32,63403.63
4127957,Tupãssi,2026,8208,300.4,27.32,63403.63
4127965,Turvo,2008,14391,941.3,15.29,9942.12
4127965,Turvo,2009,14363,941.3,15.26,12615.05
4127965,Turvo,2010,14040,941.3,14.92,14384.76
4127965,Turvo,2011,13717,941.3,14.57,16199.39
4127965,Turvo,2012,13628,941.3,14.48,17500.81
4127965,Turvo,2013,13937,941.3,14.81,20089.4
4127965,Turvo,2014,13860,941.3,14.72,22086.36
4127965,Turvo,2015,13785,941.3,14.64,23243.67
4127965,Turvo,2016,13712,941.3,14.57,27665.04
4127965,Turvo,2017,13640,941.3,14.49,31278.81
4127965,Turvo,2018,13340,941.3,14.17,33160.12
4127965,Turvo,2019,13215,941.3,14.04,32637.84
4127965,Turvo,2020,13095,941.3,13.91,41508.67
4127965,Turvo,2021,12977,941.3,13.79,46360.64
4127965,Turvo,2022,13466,941.3,14.31,47046.19
4127965,Turvo,2023,13954,941.3,14.82,50012.18
4127965,Turvo,2024,14443,941.3,15.34,48318.91
4127965,Turvo,2025,14101,941.3,14.98,49490.82
4127965,Turvo,2026,14101,941.3,14.98,49490.82
4128005,Ubiratã,2008,21672,653.9,33.14,15166.62
4128005,Ubiratã,2009,21558,653.9,32.97,14268.9
4128005,Ubiratã,2010,21518,653.9,32.91,15551.54
4128005,Ubiratã,2011,21479,653.9,32.85,19788.58
4128005,Ubiratã,2012,21402,653.9,32.73,25109.1
4128005,Ubiratã,2013,21971,653.9,33.6,29958.17
4128005,Ubiratã,2014,21916,653.9,33.52,31988.0
4128005,Ubiratã,2015,21864,653.9,33.44,35893.62
4128005,Ubiratã,2016,21812,653.9,33.36,41265.91
4128005,Ubiratã,2017,21762,653.9,33.28,39753.93
4128005,Ubiratã,2018,21119,653.9,32.3,44834.79
4128005,Ubiratã,2019,21013,653.9,32.13,44426.97
4128005,Ubiratã,2020,20909,653.9,31.98,76612.18
4128005,Ubiratã,2021,20809,653.9,31.82,82365.42
4128005,Ubiratã,2022,22378,653.9,34.22,77777.46
4128005,Ubiratã,2023,23948,653.9,36.62,88939.45
4128005,Ubiratã,2024,25517,653.9,39.02,83470.71
4128005,Ubiratã,2025,25732,653.9,39.35,82773.28
4128005,Ubiratã,2026,25732,653.9,39.35,82773.28
4128104,Umuarama,2008,98855,1237.2,79.9,11526.78
4128104,Umuarama,2009,99606,1237.2,80.51,13241.9
4128104,Umuarama,2010,100524,1237.2,81.25,14597.22
4128104,Umuarama,2011,101443,1237.2,81.99,16854.25
4128104,Umuarama,2012,102184,1237.2,82.59,21190.89
4128104,Umuarama,2013,106387,1237.2,85.99,23161.53
4128104,Umuarama,2014,107319,1237.2,86.74,25728.84
4128104,Umuarama,2015,108218,1237.2,87.47,28751.64
4128104,Umuarama,2016,109132,1237.2,88.21,28951.63
4128104,Umuarama,2017,109955,1237.2,88.87,29877.31
4128104,Umuarama,2018,110590,1237.2,89.39,30658.87
4128104,Umuarama,2019,111557,1237.2,90.17,33340.6
4128104,Umuarama,2020,112500,1237.2,90.93,32663.27
4128104,Umuarama,2021,113416,1237.2,91.67,36181.93
4128104,Umuarama,2022,116268,1237.2,93.98,37864.22
4128104,Umuarama,2023,119120,1237.2,96.28,42788.75
4128104,Umuarama,2024,121972,1237.2,98.59,41788.25
4128104,Umuarama,2025,123059,1237.2,99.47,41419.12
4128104,Umuarama,2026,123059,1237.2,99.47,41419.12
4128203,União da Vitória,2008,53048,721.4,73.53,11725.8
4128203,União da Vitória,2009,53466,721.4,74.11,12371.64
4128203,União da Vitória,2010,53262,721.4,73.83,13580.7
4128203,União da Vitória,2011,53059,721.4,73.55,14858.21
4128203,União da Vitória,2012,53372,721.4,73.98,16047.14
4128203,União da Vitória,2013,55467,721.4,76.89,18436.96
4128203,União da Vitória,2014,55874,721.4,77.45,20597.97
4128203,União da Vitória,2015,56265,721.4,77.99,22373.23
4128203,União da Vitória,2016,56650,721.4,78.53,24839.06
4128203,União da Vitória,2017,57027,721.4,79.05,26844.81
4128203,União da Vitória,2018,57111,721.4,79.17,27677.66
4128203,União da Vitória,2019,57517,721.4,79.73,27891.46
4128203,União da Vitória,2020,57913,721.4,80.28,27907.98
4128203,União da Vitória,2021,58298,721.4,80.81,33605.87
4128203,União da Vitória,2022,57664,721.4,79.93,34284.75
4128203,União da Vitória,2023,57031,721.4,79.06,38985.34
4128203,União da Vitória,2024,56397,721.4,78.18,39423.6
4128203,União da Vitória,2025,56560,721.4,78.4,39309.99
4128203,União da Vitória,2026,56560,721.4,78.4,39309.99
4128302,Uniflor,2008,2484,95.1,26.12,9101.45
4128302,Uniflor,2009,2495,95.1,26.24,7887.37
4128302,Uniflor,2010,2484,95.1,26.12,11523.75
4128302,Uniflor,2011,2474,95.1,26.01,14854.08
4128302,Uniflor,2012,2482,95.1,26.1,17113.22
4128302,Uniflor,2013,2570,95.1,27.02,19316.34
4128302,Uniflor,2014,2581,95.1,27.14,19372.72
4128302,Uniflor,2015,2593,95.1,27.27,22234.86
4128302,Uniflor,2016,2604,95.1,27.38,22533.41
4128302,Uniflor,2017,2614,95.1,27.49,25445.29
4128302,Uniflor,2018,2595,95.1,27.29,24953.76
4128302,Uniflor,2019,2605,95.1,27.39,24985.03
4128302,Uniflor,2020,2614,95.1,27.49,40162.59
4128302,Uniflor,2021,2623,95.1,27.58,38077.77
4128302,Uniflor,2022,2456,95.1,25.83,42193.81
4128302,Uniflor,2023,2288,95.1,24.06,57545.89
4128302,Uniflor,2024,2121,95.1,22.3,62076.85
4128302,Uniflor,2025,2106,95.1,22.15,62518.99
4128302,Uniflor,2026,2106,95.1,22.15,62518.99
4128401,Uraí,2008,11793,238.4,49.47,9984.57
4128401,Uraí,2009,11774,238.4,49.39,8807.2
4128401,Uraí,2010,11608,238.4,48.69,9378.02
4128401,Uraí,2011,11441,238.4,47.99,11553.89
4128401,Uraí,2012,11411,238.4,47.86,13727.54
4128401,Uraí,2013,11729,238.4,49.2,15820.19
4128401,Uraí,2014,11711,238.4,49.12,15931.69
4128401,Uraí,2015,11695,238.4,49.06,18209.66
4128401,Uraí,2016,11678,238.4,48.98,20698.32
4128401,Uraí,2017,11662,238.4,48.92,22339.14
4128401,Uraí,2018,11356,238.4,47.63,25003.26
4128401,Uraí,2019,11314,238.4,47.46,24076.72
4128401,Uraí,2020,11273,238.4,47.29,29467.49
4128401,Uraí,2021,11233,238.4,47.12,32746.91
4128401,Uraí,2022,10958,238.4,45.96,31605.77
4128401,Uraí,2023,10682,238.4,44.81,36983.06
4128401,Uraí,2024,10407,238.4,43.65,37960.32
4128401,Uraí,2025,10308,238.4,43.24,38324.89
4128401,Uraí,2026,10308,238.4,43.24,38324.89
4128500,Wenceslau Braz,2008,19149,398.7,48.03,9313.33
4128500,Wenceslau Braz,2009,19090,398.7,47.88,10249.87
4128500,Wenceslau Braz,2010,19184,398.7,48.12,10109.05
4128500,Wenceslau Braz,2011,19278,398.7,48.35,11687.31
4128500,Wenceslau Braz,2012,19259,398.7,48.3,13896.2
4128500,Wenceslau Braz,2013,19838,398.7,49.76,16736.11
4128500,Wenceslau Braz,2014,19843,398.7,49.77,17384.32
4128500,Wenceslau Braz,2015,19847,398.7,49.78,20328.56
4128500,Wenceslau Braz,2016,19852,398.7,49.79,24389.99
4128500,Wenceslau Braz,2017,19856,398.7,49.8,25917.41
4128500,Wenceslau Braz,2018,19444,398.7,48.77,28653.21
4128500,Wenceslau Braz,2019,19414,398.7,48.69,27863.76
4128500,Wenceslau Braz,2020,19386,398.7,48.62,32125.45
4128500,Wenceslau Braz,2021,19358,398.7,48.55,36740.42
4128500,Wenceslau Braz,2022,19382,398.7,48.61,43614.95
4128500,Wenceslau Braz,2023,19406,398.7,48.67,39537.05
4128500,Wenceslau Braz,2024,19430,398.7,48.73,39488.21
4128500,Wenceslau Braz,2025,19398,398.7,48.65,39553.36
4128500,Wenceslau Braz,2026,19398,398.7,48.65,39553.36
4128534,Ventania,2008,10948,821.3,13.33,14002.1
4128534,Ventania,2009,11239,821.3,13.68,11792.78
4128534,Ventania,2010,10672,821.3,12.99,14019.68
4128534,Ventania,2011,10106,821.3,12.3,16620.72
4128534,Ventania,2012,10249,821.3,12.48,18877.74
4128534,Ventania,2013,10763,821.3,13.1,21623.99
4128534,Ventania,2014,10934,821.3,13.31,17132.8
4128534,Ventania,2015,11093,821.3,13.51,20189.4
4128534,Ventania,2016,11252,821.3,13.7,20829.63
4128534,Ventania,2017,11407,821.3,13.89,19543.35
4128534,Ventania,2018,11703,821.3,14.25,19565.84
4128534,Ventania,2019,11892,821.3,14.48,20461.15
4128534,Ventania,2020,12088,821.3,14.72,26531.52
4128534,Ventania,2021,12267,821.3,14.94,28336.43
4128534,Ventania,2022,11438,821.3,13.93,34731.16
4128534,Ventania,2023,10608,821.3,12.92,35707.39
4128534,Ventania,2024,9779,821.3,11.91,38734.43
4128534,Ventania,2025,9760,821.3,11.88,38809.84
4128534,Ventania,2026,9760,821.3,11.88,38809.84
4128559,Vera Cruz do Oeste,2008,9301,327.9,28.37,12169.23
4128559,Vera Cruz do Oeste,2009,9257,327.9,28.23,10935.4
4128559,Vera Cruz do Oeste,2010,9089,327.9,27.72,12241.94
4128559,Vera Cruz do Oeste,2011,8921,327.9,27.21,14360.27
4128559,Vera Cruz do Oeste,2012,8871,327.9,27.05,14956.83
4128559,Vera Cruz do Oeste,2013,9081,327.9,27.69,21837.57
4128559,Vera Cruz do Oeste,2014,9038,327.9,27.56,21310.25
4128559,Vera Cruz do Oeste,2015,8998,327.9,27.44,23019.23
4128559,Vera Cruz do Oeste,2016,8958,327.9,27.32,26812.68
4128559,Vera Cruz do Oeste,2017,8918,327.9,27.2,25542.27
4128559,Vera Cruz do Oeste,2018,8590,327.9,26.2,29918.63
4128559,Vera Cruz do Oeste,2019,8521,327.9,25.99,27925.95
4128559,Vera Cruz do Oeste,2020,8454,327.9,25.78,39549.68
4128559,Vera Cruz do Oeste,2021,8389,327.9,25.58,40661.34
4128559,Vera Cruz do Oeste,2022,8335,327.9,25.42,34885.3
4128559,Vera Cruz do Oeste,2023,8281,327.9,25.25,40527.35
4128559,Vera Cruz do Oeste,2024,8227,327.9,25.09,40793.36
4128559,Vera Cruz do Oeste,2025,8178,327.9,24.94,41037.78
4128559,Vera Cruz do Oeste,2026,8178,327.9,24.94,41037.78
4128609,Verê,2008,8144,312.4,26.07,13783.28
4128609,Verê,2009,8078,312.4,25.86,11808.86
4128609,Verê,2010,7946,312.4,25.44,12932.92
4128609,Verê,2011,7814,312.4,25.01,15844.38
4128609,Verê,2012,7751,312.4,24.81,17614.63
4128609,Verê,2013,7911,312.4,25.32,24225.64
4128609,Verê,2014,7853,312.4,25.14,26167.96
4128609,Verê,2015,7799,312.4,24.96,30308.63
4128609,Verê,2016,7745,312.4,24.79,35776.89
4128609,Verê,2017,7692,312.4,24.62,34329.43
4128609,Verê,2018,7342,312.4,23.5,39915.83
4128609,Verê,2019,7257,312.4,23.23,39171.97
4128609,Verê,2020,7174,312.4,22.96,58202.54
4128609,Verê,2021,7094,312.4,22.71,70443.76
4128609,Verê,2022,7413,312.4,23.73,72249.02
4128609,Verê,2023,7732,312.4,24.75,78482.67
4128609,Verê,2024,8051,312.4,25.77,75373.0
4128609,Verê,2025,8077,312.4,25.85,75130.37
4128609,Verê,2026,8077,312.4,25.85,75130.37
4128625,Alto Paraíso,2008,3273,969.8,3.37,9695.39
4128625,Alto Paraíso,2009,3217,969.8,3.32,10553.31
4128625,Alto Paraíso,2010,3190,969.8,3.29,11525.08
4128625,Alto Paraíso,2011,3162,969.8,3.26,12741.94
4128625,Alto Paraíso,2012,3119,969.8,3.22,16058.03
4128625,Alto Paraíso,2013,3159,969.8,3.26,17417.22
4128625,Alto Paraíso,2014,3116,969.8,3.21,20552.63
4128625,Alto Paraíso,2015,3077,969.8,3.17,20950.28
4128625,Alto Paraíso,2016,3037,969.8,3.13,27360.55
4128625,Alto Paraíso,2017,2998,969.8,3.09,28621.75
4128625,Alto Paraíso,2018,2799,969.8,2.89,34431.94
4128625,Alto Paraíso,2019,2741,969.8,2.83,33217.8
4128625,Alto Paraíso,2020,2685,969.8,2.77,38833.52
4128625,Alto Paraíso,2021,2630,969.8,2.71,43217.11
4128625,Alto Paraíso,2022,2779,969.8,2.87,42596.98
4128625,Alto Paraíso,2023,2928,969.8,3.02,50464.48
4128625,Alto Paraíso,2024,3077,969.8,3.17,48020.8
4128625,Alto Paraíso,2025,3067,969.8,3.16,48177.37
4128625,Alto Paraíso,2026,3067,969.8,3.16,48177.37
4128633,Doutor Ulysses,2008,6137,779.1,7.88,7300.15
4128633,Doutor Ulysses,2009,6145,779.1,7.89,8331.98
4128633,Doutor Ulysses,2010,5926,779.1,7.61,10619.3
4128633,Doutor Ulysses,2011,5706,779.1,7.32,9160.53
4128633,Doutor Ulysses,2012,5686,779.1,7.3,9682.2
4128633,Doutor Ulysses,2013,5837,779.1,7.49,9235.91
4128633,Doutor Ulysses,2014,5822,779.1,7.47,10669.01
4128633,Doutor Ulysses,2015,5808,779.1,7.45,10849.0
4128633,Doutor Ulysses,2016,5794,779.1,7.44,11477.56
4128633,Doutor Ulysses,2017,5781,779.1,7.42,11792.94
4128633,Doutor Ulysses,2018,5609,779.1,7.2,11111.61
4128633,Doutor Ulysses,2019,5580,779.1,7.16,12380.47
4128633,Doutor Ulysses,2020,5552,779.1,7.13,16100.5
4128633,Doutor Ulysses,2021,5525,779.1,7.09,17956.02
4128633,Doutor Ulysses,2022,5608,779.1,7.2,17562.59
4128633,Doutor Ulysses,2023,5690,779.1,7.3,20412.48
4128633,Doutor Ulysses,2024,5773,779.1,7.41,20119.0
4128633,Doutor Ulysses,2025,5744,779.1,7.37,20220.58
4128633,Doutor Ulysses,2026,5744,779.1,7.37,20220.58
4128658,Virmond,2008,4163,249.6,16.68,11445.59
4128658,Virmond,2009,4181,249.6,16.75,10409.95
4128658,Virmond,2010,4066,249.6,16.29,13139.7
4128658,Virmond,2011,3951,249.6,15.83,14930.65
4128658,Virmond,2012,3951,249.6,15.83,15849.41
4128658,Virmond,2013,4075,249.6,16.33,20797.79
4128658,Virmond,2014,4080,249.6,16.35,23993.38
4128658,Virmond,2015,4085,249.6,16.37,23661.69
4128658,Virmond,2016,4090,249.6,16.39,23654.28
4128658,Virmond,2017,4095,249.6,16.41,28070.09
4128658,Virmond,2018,4023,249.6,16.12,31666.67
4128658,Virmond,2019,4023,249.6,16.12,34353.22
4128658,Virmond,2020,4022,249.6,16.11,43450.77
4128658,Virmond,2021,4051,249.6,16.23,46834.86
4128658,Virmond,2022,3981,249.6,15.95,51128.36
4128658,Virmond,2023,3912,249.6,15.67,61753.32
4128658,Virmond,2024,3842,249.6,15.39,62878.45
4128658,Virmond,2025,3828,249.6,15.34,63108.41
4128658,Virmond,2026,3828,249.6,15.34,63108.41
4128708,Vitorino,2008,6513,308.9,21.08,18013.36
4128708,Vitorino,2009,6531,308.9,21.14,20484.76
4128708,Vitorino,2010,6531,308.9,21.14,20579.08
4128708,Vitorino,2011,6531,308.9,21.14,27291.38
4128708,Vitorino,2012,6548,308.9,21.2,29773.67
4128708,Vitorino,2013,6775,308.9,21.93,45244.43
4128708,Vitorino,2014,6801,308.9,22.02,46796.35
4128708,Vitorino,2015,6828,308.9,22.1,45560.05
4128708,Vitorino,2016,6853,308.9,22.19,50954.33
4128708,Vitorino,2017,6878,308.9,22.27,44719.83
4128708,Vitorino,2018,6817,308.9,22.07,52874.14
4128708,Vitorino,2019,6838,308.9,22.14,51167.89
4128708,Vitorino,2020,6859,308.9,22.2,64736.4
4128708,Vitorino,2021,6879,308.9,22.27,72442.8
4128708,Vitorino,2022,8013,308.9,25.94,64919.01
4128708,Vitorino,2023,9146,308.9,29.61,68994.64
4128708,Vitorino,2024,10280,308.9,33.28,61383.75
4128708,Vitorino,2025,10549,308.9,34.15,59818.47
4128708,Vitorino,2026,10549,308.9,34.15,59818.47
4128807,Xambrê,2008,5896,360.6,16.35,6840.57
4128807,Xambrê,2009,5829,360.6,16.16,6767.03
4128807,Xambrê,2010,5902,360.6,16.37,7137.07
4128807,Xambrê,2011,5975,360.6,16.57,7745.61
4128807,Xambrê,2012,5939,360.6,16.47,9147.16
4128807,Xambrê,2013,6077,360.6,16.85,10591.57
4128807,Xambrê,2014,6047,360.6,16.77,11494.13
4128807,Xambrê,2015,6016,360.6,16.68,12142.95
4128807,Xambrê,2016,5986,360.6,16.6,14174.41
4128807,Xambrê,2017,5957,360.6,16.52,14552.8
4128807,Xambrê,2018,5728,360.6,15.88,16633.9
4128807,Xambrê,2019,5679,360.6,15.75,16776.19
4128807,Xambrê,2020,5630,360.6,15.61,22785.26
4128807,Xambrê,2021,5584,360.6,15.49,21423.89
4128807,Xambrê,2022,5673,360.6,15.73,19455.84
4128807,Xambrê,2023,5762,360.6,15.98,24036.45
4128807,Xambrê,2024,5851,360.6,16.23,23670.83
4128807,Xambrê,2025,5835,360.6,16.18,23735.73
4128807,Xambrê,2026,5835,360.6,16.18,23735.73
