municipio,ano,casos,populacao,densidade,pib_per_capita,estrato,IES0001,IAG0001,esgoto_pct,agua_pct,log_pib,log_dens,ano_c
Abatiá,2008,164,7965,34.75,9321.91,cobertura baixa,23.11,75.9,23.11,75.9,9.140122822305518,3.548179572010801,0
Abatiá,2009,71,7928,34.59,8904.77,cobertura baixa,23.11,75.9,23.11,75.9,9.094342367203797,3.5435646229490776,1
Abatiá,2010,77,7828,34.15,10328.82,cobertura baixa,23.11,75.9,23.11,75.9,9.242693325191993,3.530762586016799,2
Abatiá,2011,112,7727,33.71,15122.17,cobertura baixa,23.11,75.9,23.11,75.9,9.623917157954246,3.5177945292459696,3
Abatiá,2012,160,7690,33.55,13173.08,cobertura baixa,23.11,75.9,23.11,75.9,9.48593063223955,3.5130368634176907,4
Abatiá,2013,102,7881,34.38,15755.74,cobertura baixa,23.11,75.9,23.11,75.9,9.664960022304477,3.5374749999547035,5
Abatiá,2014,64,7852,34.26,17091.44,cobertura baixa,23.11,75.9,23.11,75.9,9.746333032361033,3.5339784928959737,6
Abatiá,2015,124,7823,34.13,18855.3,cobertura baixa,23.11,75.9,23.11,75.9,9.844549320464846,3.530176762918616,7
Abatiá,2016,24,7795,34.01,21147.15,cobertura baixa,23.11,75.9,23.11,75.9,9.959260423621538,3.526654599019104,8
Abatiá,2017,56,7768,33.89,22815.01,cobertura baixa,23.11,75.9,23.11,75.9,10.035173931669537,3.52311998561896,9
Abatiá,2018,16,7507,32.75,21529.24,cobertura baixa,23.11,75.9,23.11,75.9,9.977167290153385,3.488902962081261,10
Abatiá,2019,3,7457,32.53,25295.83,cobertura baixa,23.11,75.9,23.11,75.9,10.138394838996563,3.48216274048526,11
Abatiá,2020,8,7408,32.32,32358.13,cobertura baixa,23.11,75.9,23.11,75.9,10.38462058211083,3.4756862336528944,12
Abatiá,2021,2,7360,32.11,30138.18,cobertura baixa,23.11,75.9,23.11,75.9,10.313548085486643,3.4691675081014224,13
Abatiá,2022,8,7330,31.98,38540.65,cobertura baixa,23.11,75.9,23.11,75.9,10.559468807420323,3.4651107074058083,14
Abatiá,2023,3,7301,31.85,40702.1,cobertura baixa,23.11,75.9,23.11,75.9,10.614034967151202,3.4610373820181723,15
Abatiá,2024,5,7271,31.72,40870.03,cobertura baixa,23.11,75.9,23.11,75.9,10.618152310592798,3.456947396766647,16
Abatiá,2025,1,7233,31.56,41084.75,cobertura baixa,23.11,75.9,23.11,75.9,10.62339228540093,3.4518904959776733,17
Abatiá,2026,1,7233,31.56,41084.75,cobertura baixa,23.11,75.9,23.11,75.9,10.62339228540093,3.4518904959776733,18
Adrianópolis,2008,1,6875,5.08,7505.31,sem rede,,34.09,0.0,34.09,8.923366049010637,1.6253112615903906,0
Adrianópolis,2009,0,6856,5.07,7950.41,sem rede,,34.09,0.0,34.09,8.980978778645614,1.623340817603092,1
Adrianópolis,2010,2,6592,4.88,10330.1,sem rede,,34.09,0.0,34.09,9.242817242608938,1.5851452198650557,2
Adrianópolis,2011,1,6328,4.68,11681.26,sem rede,,34.09,0.0,34.09,9.365741127276273,1.5432981099295553,3
Adrianópolis,2012,0,6281,4.65,13408.06,sem rede,,34.09,0.0,34.09,9.503611297652187,1.536867219599265,4
Adrianópolis,2013,0,6416,4.74,16508.57,sem rede,,34.09,0.0,34.09,9.711634918989722,1.556037135706985,5
Adrianópolis,2014,1,6374,4.71,18070.29,sem rede,,34.09,0.0,34.09,9.802024432156998,1.5496879080283263,6
Adrianópolis,2015,1,6333,4.68,26807.99,sem rede,,34.09,0.0,34.09,10.196455256394099,1.5432981099295553,7
Adrianópolis,2016,0,6293,4.65,37954.08,sem rede,,34.09,0.0,34.09,10.544132286926425,1.536867219599265,8
Adrianópolis,2017,1,6254,4.63,40715.86,sem rede,,34.09,0.0,34.09,10.614372976114606,1.5325568680981427,9
Adrianópolis,2018,0,5983,4.42,43677.42,sem rede,,34.09,0.0,34.09,10.68458654274026,1.4861396960896067,10
Adrianópolis,2019,0,5919,4.38,36329.95,sem rede,,34.09,0.0,34.09,10.500397748941248,1.4770487243883548,11
Adrianópolis,2020,0,5857,4.33,48750.9,sem rede,,34.09,0.0,34.09,10.794478937794043,1.4655675420143985,12
Adrianópolis,2021,0,5797,4.29,63628.43,sem rede,,34.09,0.0,34.09,11.06081566202647,1.4562867329399256,13
Adrianópolis,2022,0,5974,4.42,74117.17,sem rede,,34.09,0.0,34.09,11.213402498342793,1.4861396960896067,14
Adrianópolis,2023,1,6150,4.55,75955.93,sem rede,,34.09,0.0,34.09,11.2379085826587,1.5151272329628591,15
Adrianópolis,2024,2,6327,4.68,73831.04,sem rede,,34.09,0.0,34.09,11.209534518368734,1.5432981099295553,16
Adrianópolis,2025,1,6319,4.67,73924.51,sem rede,,34.09,0.0,34.09,11.210799716359176,1.541159071680806,17
Adrianópolis,2026,1,6319,4.67,73924.51,sem rede,,34.09,0.0,34.09,11.210799716359176,1.541159071680806,18
Agudos do Sul,2008,5,8601,44.68,6734.22,cobertura baixa,30.97,56.71,30.97,56.71,8.814957269220036,3.799525974201,0
Agudos do Sul,2009,2,8735,45.38,6748.71,cobertura baixa,30.97,56.71,30.97,56.71,8.81710665449141,3.8150714793516958,1
Agudos do Sul,2010,6,8543,44.38,10198.53,cobertura baixa,30.97,56.71,30.97,56.71,9.229998871239358,3.792788917504448,2
Agudos do Sul,2011,1,8351,43.38,10445.34,cobertura baixa,30.97,56.71,30.97,56.71,9.253911224920907,3.7699985053987284,3
Agudos do Sul,2012,0,8429,43.79,11428.76,cobertura baixa,30.97,56.71,30.97,56.71,9.343888264464582,3.779405480813307,4
Agudos do Sul,2013,3,8797,45.7,13644.31,cobertura baixa,30.97,56.71,30.97,56.71,9.52107786389022,3.822098297900159,5
Agudos do Sul,2014,1,8892,46.19,15832.1,cobertura baixa,30.97,56.71,30.97,56.71,9.669794803583828,3.832763324442514,6
Agudos do Sul,2015,1,8983,46.66,17228.88,cobertura baixa,30.97,56.71,30.97,56.71,9.75434232450728,3.842887266593284,7
Agudos do Sul,2016,6,9073,47.13,18468.53,cobertura baixa,30.97,56.71,30.97,56.71,9.823823481504023,3.8529097409356394,8
Agudos do Sul,2017,3,9161,47.59,20515.56,cobertura baixa,30.97,56.71,30.97,56.71,9.928938901603411,3.862622655133019,9
Agudos do Sul,2018,2,9269,48.15,22087.6,cobertura baixa,30.97,56.71,30.97,56.71,10.002771644065355,3.8743211382441345,10
Agudos do Sul,2019,8,9371,48.68,23278.95,cobertura baixa,30.97,56.71,30.97,56.71,10.055304797735415,3.8852682681193262,11
Agudos do Sul,2020,1,9470,49.19,21915.52,cobertura baixa,30.97,56.71,30.97,56.71,9.99495034061156,3.8956903508072482,12
Agudos do Sul,2021,0,9567,49.7,22672.1,cobertura baixa,30.97,56.71,30.97,56.71,10.028890372647622,3.906004933102583,13
Agudos do Sul,2022,3,9927,51.57,24031.93,cobertura baixa,30.97,56.71,30.97,56.71,10.087138641776663,3.9429401080628677,14
Agudos do Sul,2023,1,10286,53.43,27161.97,cobertura baixa,30.97,56.71,30.97,56.71,10.209573112179198,3.97837238596968,15
Agudos do Sul,2024,1,10646,55.3,26243.47,cobertura baixa,30.97,56.71,30.97,56.71,10.175172475168633,4.012772908528289,16
Agudos do Sul,2025,4,10770,55.95,25941.32,cobertura baixa,30.97,56.71,30.97,56.71,10.16359234323728,4.024458434757935,17
Agudos do Sul,2026,2,10770,55.95,25941.32,cobertura baixa,30.97,56.71,30.97,56.71,10.16359234323728,4.024458434757935,18
Almirante Tamandaré,2008,257,96739,497.12,4762.06,cobertura alta,72.6,88.75,72.6,88.75,8.468435626715436,6.208831445644737,0
Almirante Tamandaré,2009,157,97523,501.15,5838.17,cobertura alta,72.6,88.75,72.6,88.75,8.672172670551587,6.216905457470875,1
Almirante Tamandaré,2010,228,100936,518.68,7003.46,cobertura alta,72.6,88.75,72.6,88.75,8.854159591632792,6.251287122680683,2
Almirante Tamandaré,2011,166,104350,536.23,8002.19,cobertura alta,72.6,88.75,72.6,88.75,8.987470533199279,6.284563173509416,3
Almirante Tamandaré,2012,76,105458,541.92,8902.6,cobertura alta,72.6,88.75,72.6,88.75,9.09409864788862,6.2951183890694615,4
Almirante Tamandaré,2013,69,110256,566.58,9989.27,cobertura alta,72.6,88.75,72.6,88.75,9.209266795899559,6.339618288503033,5
Almirante Tamandaré,2014,48,111586,573.41,10892.77,cobertura alta,72.6,88.75,72.6,88.75,9.295854545382344,6.351600993129775,6
Almirante Tamandaré,2015,42,112870,580.01,11163.72,cobertura alta,72.6,88.75,72.6,88.75,9.320424513725422,6.363045344771145,7
Almirante Tamandaré,2016,43,114129,586.48,12227.09,cobertura alta,72.6,88.75,72.6,88.75,9.411409260876075,6.374138566915331,8
Almirante Tamandaré,2017,35,115364,592.83,13204.37,cobertura alta,72.6,88.75,72.6,88.75,9.488303114392052,6.384907679988821,9
Almirante Tamandaré,2018,43,117168,602.1,13167.71,cobertura alta,72.6,88.75,72.6,88.75,9.48552289958807,6.400423544470402,10
Almirante Tamandaré,2019,44,118623,609.57,13735.31,cobertura alta,72.6,88.75,72.6,88.75,9.527725168351122,6.412753790563031,11
Almirante Tamandaré,2020,25,120041,616.86,14209.18,cobertura alta,72.6,88.75,72.6,88.75,9.561643513585143,6.4246420937826825,12
Almirante Tamandaré,2021,17,121420,623.95,15946.76,cobertura alta,72.6,88.75,72.6,88.75,9.677010952782085,6.436070236953864,13
Almirante Tamandaré,2022,20,122543,629.72,16929.36,cobertura alta,72.6,88.75,72.6,88.75,9.73680467169557,6.445275276146428,14
Almirante Tamandaré,2023,21,123665,635.48,18134.64,cobertura alta,72.6,88.75,72.6,88.75,9.805579200403342,6.454380618851823,15
Almirante Tamandaré,2024,28,124788,641.25,17971.44,cobertura alta,72.6,88.75,72.6,88.75,9.796539110123009,6.463419396484979,16
Almirante Tamandaré,2025,39,125861,646.77,17818.23,cobertura alta,72.6,88.75,72.6,88.75,9.78797736949226,6.471990744438026,17
Almirante Tamandaré,2026,15,125861,646.77,17818.23,cobertura alta,72.6,88.75,72.6,88.75,9.78797736949226,6.471990744438026,18
Altamira do Paraná,2008,78,4101,10.58,8116.56,cobertura baixa,23.43,59.47,23.43,59.47,9.001661698072496,2.3589654264301534,0
Altamira do Paraná,2009,71,3799,9.8,9123.72,cobertura baixa,23.43,59.47,23.43,59.47,9.118632894638775,2.2823823856765264,1
Altamira do Paraná,2010,71,3950,10.19,9466.08,cobertura baixa,23.43,59.47,23.43,59.47,9.155470161729868,2.321406847234633,2
Altamira do Paraná,2011,48,4100,10.58,10262.2,cobertura baixa,23.43,59.47,23.43,59.47,9.236222520690283,2.3589654264301534,3
Altamira do Paraná,2012,67,3900,10.06,12049.23,cobertura baixa,23.43,59.47,23.43,59.47,9.396756036462145,2.3085671646715933,4
Altamira do Paraná,2013,26,3754,9.68,14742.41,cobertura baixa,23.43,59.47,23.43,59.47,9.598483653056974,2.2700619012884857,5
Altamira do Paraná,2014,52,3544,9.14,16568.0,cobertura baixa,23.43,59.47,23.43,59.47,9.71522840307542,2.2126603854660587,6
Altamira do Paraná,2015,37,3341,8.62,19081.41,cobertura baixa,23.43,59.47,23.43,59.47,9.856469841642923,2.1540850846756014,7
Altamira do Paraná,2016,26,3143,8.11,23067.45,cobertura baixa,23.43,59.47,23.43,59.47,10.04617781189861,2.0930978681273213,8
Altamira do Paraná,2017,0,2948,7.6,24474.9,cobertura baixa,23.43,59.47,23.43,59.47,10.105403381588525,2.028148247292285,9
Altamira do Paraná,2018,0,2209,5.7,33206.43,cobertura baixa,23.43,59.47,23.43,59.47,10.410498810850852,1.7404661748405046,10
Altamira do Paraná,2019,10,1942,5.01,38643.67,cobertura baixa,23.43,59.47,23.43,59.47,10.562138263112272,1.6114359150967734,11
Altamira do Paraná,2020,10,1682,4.34,49775.27,cobertura baixa,23.43,59.47,23.43,59.47,10.815273553327529,1.4678743481123135,12
Altamira do Paraná,2021,3,1429,3.69,67324.7,cobertura baixa,23.43,59.47,23.43,59.47,11.117282461672842,1.3056264580524357,13
Altamira do Paraná,2022,4,2134,5.5,49687.44,cobertura baixa,23.43,59.47,23.43,59.47,10.813507463848788,1.7047480922384253,14
Altamira do Paraná,2023,2,2838,7.32,40700.85,cobertura baixa,23.43,59.47,23.43,59.47,10.614004255733493,1.9906103279732201,15
Altamira do Paraná,2024,2,3543,9.14,32602.03,cobertura baixa,23.43,59.47,23.43,59.47,10.392129835354757,2.2126603854660587,16
Altamira do Paraná,2025,1,3496,9.02,33040.33,cobertura baixa,23.43,59.47,23.43,59.47,10.405484215478499,2.199444334074532,17
Altamira do Paraná,2026,0,3496,9.02,33040.33,cobertura baixa,23.43,59.47,23.43,59.47,10.405484215478499,2.199444334074532,18
Alto Paraná,2008,99,13379,32.74,7109.95,cobertura alta,71.81,87.46,71.81,87.46,8.869250490423754,3.488597571942989,0
Alto Paraná,2009,75,13435,32.87,7575.07,cobertura alta,71.81,87.46,71.81,87.46,8.932617871258966,3.4925603876761278,1
Alto Paraná,2010,34,13586,33.24,10190.12,cobertura alta,71.81,87.46,71.81,87.46,9.229173902398658,3.5037539699872475,2
Alto Paraná,2011,35,13736,33.61,11501.31,cobertura alta,71.81,87.46,71.81,87.46,9.350216220907221,3.5148236417370144,3
Alto Paraná,2012,36,13806,33.78,14684.49,cobertura alta,71.81,87.46,71.81,87.46,9.594547113714016,3.519868911379654,4
Alto Paraná,2013,38,14334,35.07,17273.55,cobertura alta,71.81,87.46,71.81,87.46,9.756931708788853,3.5573460641520867,5
Alto Paraná,2014,82,14427,35.3,19093.57,cobertura alta,71.81,87.46,71.81,87.46,9.857106908140993,3.563882963939251,6
Alto Paraná,2015,91,14518,35.52,18282.68,cobertura alta,71.81,87.46,71.81,87.46,9.813709442577291,3.5700959181239695,7
Alto Paraná,2016,95,14606,35.74,18445.3,cobertura alta,71.81,87.46,71.81,87.46,9.822564874468853,3.576270509731282,8
Alto Paraná,2017,80,14693,35.95,26737.97,cobertura alta,71.81,87.46,71.81,87.46,10.193839931543785,3.5821290841670557,9
Alto Paraná,2018,104,14679,35.92,22430.62,cobertura alta,71.81,87.46,71.81,87.46,10.018182268683727,3.581294243433999,10
Alto Paraná,2019,119,14770,36.14,21703.66,cobertura alta,71.81,87.46,71.81,87.46,9.985236188900917,3.5874002851640823,11
Alto Paraná,2020,85,14859,36.36,21082.85,cobertura alta,71.81,87.46,71.81,87.46,9.956215192757691,3.5934692693092782,12
Alto Paraná,2021,74,14945,36.57,29191.1,cobertura alta,71.81,87.46,71.81,87.46,10.281619147276535,3.59922823216129,13
Alto Paraná,2022,74,14676,35.91,26688.2,cobertura alta,71.81,87.46,71.81,87.46,10.19197679913519,3.5810158082379915,14
Alto Paraná,2023,109,14407,35.25,39055.11,cobertura alta,71.81,87.46,71.81,87.46,10.572729004581207,3.5624655292582776,15
Alto Paraná,2024,104,14138,34.59,39798.2,cobertura alta,71.81,87.46,71.81,87.46,10.591576964119144,3.5435646229490776,16
Alto Paraná,2025,74,14183,34.7,39671.93,cobertura alta,71.81,87.46,71.81,87.46,10.58839916369877,3.5467396869528134,17
Alto Paraná,2026,50,14183,34.7,39671.93,cobertura alta,71.81,87.46,71.81,87.46,10.58839916369877,3.5467396869528134,18
Alto Paraíso,2008,5,3273,3.37,9695.39,cobertura baixa,23.72,63.6,23.72,63.6,9.179405793788765,1.2149127443642704,0
Alto Paraíso,2009,6,3217,3.32,10553.31,cobertura baixa,23.72,63.6,23.72,63.6,9.264194833772661,1.199964782928397,1
Alto Paraíso,2010,3,3190,3.29,11525.08,cobertura baixa,23.72,63.6,23.72,63.6,9.352280809272427,1.1908875647772805,2
Alto Paraíso,2011,2,3162,3.26,12741.94,cobertura baixa,23.72,63.6,23.72,63.6,9.45265419382843,1.1817271953786161,3
Alto Paraíso,2012,3,3119,3.22,16058.03,cobertura baixa,23.72,63.6,23.72,63.6,9.68396431497056,1.169381359556317,4
Alto Paraíso,2013,0,3159,3.26,17417.22,cobertura baixa,23.72,63.6,23.72,63.6,9.76521465098921,1.1817271953786161,5
Alto Paraíso,2014,2,3116,3.21,20552.63,cobertura baixa,23.72,63.6,23.72,63.6,9.93074419227085,1.1662709371419244,6
Alto Paraíso,2015,0,3077,3.17,20950.28,cobertura baixa,23.72,63.6,23.72,63.6,9.949907290416101,1.1537315878891892,7
Alto Paraíso,2016,2,3037,3.13,27360.55,cobertura baixa,23.72,63.6,23.72,63.6,10.216857473873619,1.1410330045520618,8
Alto Paraíso,2017,4,2998,3.09,28621.75,cobertura baixa,23.72,63.6,23.72,63.6,10.26192219729281,1.128171090909654,9
Alto Paraíso,2018,1,2799,2.89,34431.94,cobertura baixa,23.72,63.6,23.72,63.6,10.446739900954883,1.0612565021243408,10
Alto Paraíso,2019,3,2741,2.83,33217.8,cobertura baixa,23.72,63.6,23.72,63.6,10.41084115580874,1.0402767116551463,11
Alto Paraíso,2020,0,2685,2.77,38833.52,cobertura baixa,23.72,63.6,23.72,63.6,10.567039070175182,1.0188473201992472,12
Alto Paraíso,2021,2,2630,2.71,43217.11,cobertura baixa,23.72,63.6,23.72,63.6,10.67399176063405,0.9969486348916096,13
Alto Paraíso,2022,1,2779,2.87,42596.98,cobertura baixa,23.72,63.6,23.72,63.6,10.659538637725724,1.0543120297715298,14
Alto Paraíso,2023,0,2928,3.02,50464.48,cobertura baixa,23.72,63.6,23.72,63.6,10.829025001448663,1.1052568313867783,15
Alto Paraíso,2024,2,3077,3.17,48020.8,cobertura baixa,23.72,63.6,23.72,63.6,10.779389529361588,1.1537315878891892,16
Alto Paraíso,2025,4,3067,3.16,48177.37,cobertura baixa,23.72,63.6,23.72,63.6,10.782644687713393,1.1505720275988207,17
Alto Paraíso,2026,1,3067,3.16,48177.37,cobertura baixa,23.72,63.6,23.72,63.6,10.782644687713393,1.1505720275988207,18
Alto Piquiri,2008,26,10448,23.29,9739.38,cobertura baixa,63.8,90.99,63.8,90.99,9.183932739579712,3.1480240838962494,0
Alto Piquiri,2009,6,10406,23.2,10044.88,cobertura baixa,63.8,90.99,63.8,90.99,9.214818330935767,3.1441522786722644,1
Alto Piquiri,2010,14,10270,22.89,11423.95,cobertura baixa,63.8,90.99,63.8,90.99,9.343467307819088,3.1307001339644756,2
Alto Piquiri,2011,6,10135,22.59,13834.63,cobertura baixa,63.8,90.99,63.8,90.99,9.534930148097594,3.1175073304799117,3
Alto Piquiri,2012,12,10092,22.5,15472.75,cobertura baixa,63.8,90.99,63.8,90.99,9.646835691182126,3.1135153092103742,4
Alto Piquiri,2013,6,10350,23.07,19796.52,cobertura baixa,63.8,90.99,63.8,90.99,9.893261443659696,3.138533072185662,5
Alto Piquiri,2014,4,10317,23.0,20989.43,cobertura baixa,63.8,90.99,63.8,90.99,9.951774256657483,3.1354942159291497,6
Alto Piquiri,2015,2,10285,22.93,23506.85,cobertura baixa,63.8,90.99,63.8,90.99,10.065047147019182,3.132446096869813,7
Alto Piquiri,2016,2,10253,22.86,24641.47,cobertura baixa,63.8,90.99,63.8,90.99,10.112186074958833,3.1293886583666644,8
Alto Piquiri,2017,2,10222,22.79,27883.98,cobertura baixa,63.8,90.99,63.8,90.99,10.235807609348823,3.126321843257593,9
Alto Piquiri,2018,7,9896,22.06,30900.36,cobertura baixa,63.8,90.99,63.8,90.99,10.338523113303408,3.0937660138253564,10
Alto Piquiri,2019,6,9836,21.93,27592.11,cobertura baixa,63.8,90.99,63.8,90.99,10.22528514127153,3.0878555624297968,11
Alto Piquiri,2020,4,9778,21.8,35781.86,cobertura baixa,63.8,90.99,63.8,90.99,10.48519634006037,3.0819099697950434,12
Alto Piquiri,2021,6,9722,21.67,42252.62,cobertura baixa,63.8,90.99,63.8,90.99,10.651421642696985,3.075928815548268,13
Alto Piquiri,2022,3,9749,21.73,39088.83,cobertura baixa,63.8,90.99,63.8,90.99,10.573592027410434,3.078693794268338,14
Alto Piquiri,2023,1,9775,21.79,49984.04,cobertura baixa,63.8,90.99,63.8,90.99,10.81945903345512,3.0814511489565284,15
Alto Piquiri,2024,3,9802,21.85,49846.36,cobertura baixa,63.8,90.99,63.8,90.99,10.816700753666792,3.084200921541599,16
Alto Piquiri,2025,11,9771,21.78,50004.5,cobertura baixa,63.8,90.99,63.8,90.99,10.819868280360526,3.0809921175048145,17
Alto Piquiri,2026,3,9771,21.78,50004.5,cobertura baixa,63.8,90.99,63.8,90.99,10.819868280360526,3.0809921175048145,18
Altônia,2008,28,20638,31.12,5988.32,cobertura baixa,60.62,81.14,60.62,81.14,8.697566184325403,3.4378506993101907,0
Altônia,2009,16,20764,31.31,6454.63,cobertura baixa,60.62,81.14,60.62,81.14,8.772552981730845,3.443937535338314,1
Altônia,2010,15,20690,31.2,7602.8,cobertura baixa,60.62,81.14,60.62,81.14,8.936271879476683,3.4404180948154366,2
Altônia,2011,28,20615,31.09,8462.87,cobertura baixa,60.62,81.14,60.62,81.14,9.043443638569022,3.4368862240706624,3
Altônia,2012,31,20711,31.23,9327.31,cobertura baixa,60.62,81.14,60.62,81.14,9.140701935013816,3.441379171294987,4
Altônia,2013,8,21489,32.41,11101.21,cobertura baixa,60.62,81.14,60.62,81.14,9.314809390368383,3.4784670171534557,5
Altônia,2014,26,21619,32.6,12171.75,cobertura baixa,60.62,81.14,60.62,81.14,9.4068729718641,3.484312288372662,6
Altônia,2015,16,21744,32.79,13276.72,cobertura baixa,60.62,81.14,60.62,81.14,9.49376740457207,3.4901235908565567,7
Altônia,2016,23,21867,32.98,15272.05,cobertura baixa,60.62,81.14,60.62,81.14,9.63377963936565,3.4959013171314526,8
Altônia,2017,13,21988,33.16,16339.82,cobertura baixa,60.62,81.14,60.62,81.14,9.701360352441446,3.501344330267094,9
Altônia,2018,14,21933,33.08,17247.48,cobertura baixa,60.62,81.14,60.62,81.14,9.755421324831245,3.4989288701554906,10
Altônia,2019,9,22056,33.26,16852.92,cobertura baixa,60.62,81.14,60.62,81.14,9.732279214535422,3.5043554737647815,11
Altônia,2020,15,22176,33.44,18919.46,cobertura baixa,60.62,81.14,60.62,81.14,9.847946300972344,3.5097527882165007,12
Altônia,2021,27,22293,33.62,20746.11,cobertura baixa,60.62,81.14,60.62,81.14,9.940114038204651,3.5151211279804695,13
Altônia,2022,15,21112,31.84,20976.22,cobertura baixa,60.62,81.14,60.62,81.14,9.951144694125444,3.460723360976182,14
Altônia,2023,6,19931,30.06,27414.63,cobertura baixa,60.62,81.14,60.62,81.14,10.218832091485902,3.4031953843248286,15
Altônia,2024,6,18750,28.28,29141.39,cobertura baixa,60.62,81.14,60.62,81.14,10.279914779366527,3.342154841028372,16
Altônia,2025,5,18634,28.1,29322.8,cobertura baixa,60.62,81.14,60.62,81.14,10.286120649394563,3.3357695763397,17
Altônia,2026,4,18634,28.1,29322.8,cobertura baixa,60.62,81.14,60.62,81.14,10.286120649394563,3.3357695763397,18
Alvorada do Sul,2008,3,9262,21.78,12321.42,sem rede,,90.62,0.0,90.62,9.419094490185877,3.0809921175048145,0
Alvorada do Sul,2009,3,9255,21.76,10953.0,sem rede,,90.62,0.0,90.62,9.301368670323747,3.080073421987742,1
Alvorada do Sul,2010,2,9809,23.06,11688.76,sem rede,,90.62,0.0,90.62,9.366382975272764,3.138099514840913,2
Alvorada do Sul,2011,4,10363,24.37,13135.58,sem rede,,90.62,0.0,90.62,9.483079857977645,3.193352867637115,3
Alvorada do Sul,2012,2,10439,24.55,16776.42,sem rede,,90.62,0.0,90.62,9.727729608033746,3.2007118542405295,4
Alvorada do Sul,2013,0,10869,25.56,17683.78,sem rede,,90.62,0.0,90.62,9.780403114244455,3.241028629509334,5
Alvorada do Sul,2014,0,10965,25.78,16461.01,sem rede,,90.62,0.0,90.62,9.708749833223408,3.2495989975110415,6
Alvorada do Sul,2015,2,11057,26.0,20296.37,sem rede,,90.62,0.0,90.62,9.918197331306091,3.258096538021482,7
Alvorada do Sul,2016,9,11148,26.21,21859.53,sem rede,,90.62,0.0,90.62,9.992392261041935,3.266141017335315,8
Alvorada do Sul,2017,6,11237,26.42,22181.54,sem rede,,90.62,0.0,90.62,10.007015690414724,3.2741212990941793,9
Alvorada do Sul,2018,4,11306,26.58,23481.69,sem rede,,90.62,0.0,90.62,10.063976247501788,3.2801590532850993,10
Alvorada do Sul,2019,4,11406,26.82,21849.82,sem rede,,90.62,0.0,90.62,9.991947962503534,3.2891478778535324,11
Alvorada do Sul,2020,2,11503,27.05,31470.49,sem rede,,90.62,0.0,90.62,10.356805560321728,3.2976870052924907,12
Alvorada do Sul,2021,4,11598,27.27,29173.91,sem rede,,90.62,0.0,90.62,10.281030095702755,3.305787196857497,13
Alvorada do Sul,2022,1,11225,26.39,40075.63,sem rede,,90.62,0.0,90.62,10.598523697878205,3.2729851505152325,14
Alvorada do Sul,2023,0,10851,25.51,40221.45,sem rede,,90.62,0.0,90.62,10.60215571439236,3.23907053215372,15
Alvorada do Sul,2024,2,10478,24.64,41653.27,sem rede,,90.62,0.0,90.62,10.637135155917692,3.204371138665319,16
Alvorada do Sul,2025,3,10481,24.64,41641.35,sem rede,,90.62,0.0,90.62,10.636848942952643,3.204371138665319,17
Alvorada do Sul,2026,1,10481,24.64,41641.35,sem rede,,90.62,0.0,90.62,10.636848942952643,3.204371138665319,18
Amaporã,2008,8,5378,13.95,7716.07,sem rede,,86.72,0.0,86.72,8.95106044604253,2.6354795082673745,0
Amaporã,2009,10,5447,14.13,8588.21,sem rede,,86.72,0.0,86.72,9.058145611424441,2.6483001966964363,1
Amaporã,2010,11,5476,14.2,8699.78,sem rede,,86.72,0.0,86.72,9.071053016966623,2.653241964607215,2
Amaporã,2011,9,5504,14.27,9210.94,sem rede,,86.72,0.0,86.72,9.128147187016308,2.658159431488745,3
Amaporã,2012,4,5562,14.42,11449.66,sem rede,,86.72,0.0,86.72,9.345715314218356,2.668616131856803,4
Amaporã,2013,6,5815,15.08,13724.16,sem rede,,86.72,0.0,86.72,9.526913062319009,2.71336936257981,5
Amaporã,2014,0,5885,15.26,13211.21,sem rede,,86.72,0.0,86.72,9.48882099059639,2.725235025856311,6
Amaporã,2015,3,5953,15.44,15105.83,sem rede,,86.72,0.0,86.72,9.622836041003634,2.73696154459663,7
Amaporã,2016,3,6019,15.61,17052.5,sem rede,,86.72,0.0,86.72,9.744052099528874,2.7479117345273405,8
Amaporã,2017,2,6084,15.78,19293.72,sem rede,,86.72,0.0,86.72,9.867534933341583,2.7587433154177283,9
Amaporã,2018,0,6181,16.03,25691.64,sem rede,,86.72,0.0,86.72,10.153920926135655,2.7744619666214616,10
Amaporã,2019,5,6257,16.23,26910.34,sem rede,,86.72,0.0,86.72,10.200265878349422,2.7868613815264998,11
Amaporã,2020,2,6332,16.42,19174.35,sem rede,,86.72,0.0,86.72,9.861328727355811,2.7985001040242823,12
Amaporã,2021,3,6405,16.61,18909.29,sem rede,,86.72,0.0,86.72,9.84740861467581,2.8100049236252036,13
Amaporã,2022,1,5849,15.17,21021.88,sem rede,,86.72,0.0,86.72,9.953319079061423,2.719319793360441,14
Amaporã,2023,4,5292,13.72,30971.09,sem rede,,86.72,0.0,86.72,10.340809467698246,2.6188546222977394,15
Amaporã,2024,6,4736,12.28,34607.05,sem rede,,86.72,0.0,86.72,10.451812697515566,2.5079719227189963,16
Amaporã,2025,4,4688,12.16,34961.39,sem rede,,86.72,0.0,86.72,10.461999588704476,2.498151876538021,17
Amaporã,2026,0,4688,12.16,34961.39,sem rede,,86.72,0.0,86.72,10.461999588704476,2.498151876538021,18
Ampére,2008,186,17830,59.65,12656.98,cobertura alta,74.26,81.05,74.26,81.05,9.445964120637925,4.0884941485439255,0
Ampére,2009,97,18041,60.36,13246.72,cobertura alta,74.26,81.05,74.26,81.05,9.4915052535997,4.100326633899648,1
Ampére,2010,122,17740,59.35,14976.32,cobertura alta,74.26,81.05,74.26,81.05,9.61422556601046,4.083452121055677,2
Ampére,2011,62,17438,58.34,17529.88,cobertura alta,74.26,81.05,74.26,81.05,9.771662132483979,4.066287964439575,3
Ampére,2012,96,17563,58.76,19100.55,cobertura alta,74.26,81.05,74.26,81.05,9.857472409431647,4.073461351305676,4
Ampére,2013,97,18281,61.16,22393.36,cobertura alta,74.26,81.05,74.26,81.05,10.01651976532807,4.113493381060861,5
Ampére,2014,119,18439,61.69,24858.89,cobertura alta,74.26,81.05,74.26,81.05,10.120970714027633,4.122121843221548,6
Ampére,2015,85,18591,62.2,26260.61,cobertura alta,74.26,81.05,74.26,81.05,10.175825376832995,4.130354999745133,7
Ampére,2016,113,18740,62.7,28009.28,cobertura alta,74.26,81.05,74.26,81.05,10.240291162818453,4.138361447638875,8
Ampére,2017,90,18886,63.19,30584.3,cobertura alta,74.26,81.05,74.26,81.05,10.328242084378624,4.146146060785364,9
Ampére,2018,106,18989,63.53,31922.59,cobertura alta,74.26,81.05,74.26,81.05,10.371069188622922,4.1515122352784415,10
Ampére,2019,97,19152,64.07,31163.06,cobertura alta,74.26,81.05,74.26,81.05,10.346988697987236,4.15997623565093,11
Ampére,2020,30,19311,64.61,33702.86,cobertura alta,74.26,81.05,74.26,81.05,10.42533797920834,4.168369197570074,12
Ampére,2021,29,19466,65.13,38547.42,cobertura alta,74.26,81.05,74.26,81.05,10.559644450681787,4.17638527255831,13
Ampére,2022,40,19710,65.94,41334.45,cobertura alta,74.26,81.05,74.26,81.05,10.629451571683168,4.188745237643585,14
Ampére,2023,62,19955,66.76,50171.59,cobertura alta,74.26,81.05,74.26,81.05,10.823204209222473,4.2011040987936346,15
Ampére,2024,102,20199,67.58,49565.52,cobertura alta,74.26,81.05,74.26,81.05,10.811050709686048,4.213312081286144,16
Ampére,2025,97,20337,68.04,49229.19,cobertura alta,74.26,81.05,74.26,81.05,10.804242019234804,4.220095767527661,17
Ampére,2026,38,20337,68.04,49229.19,cobertura alta,74.26,81.05,74.26,81.05,10.804242019234804,4.220095767527661,18
Anahy,2008,2,2937,28.49,11496.08,sem rede,,85.06,0.0,85.06,9.349761386676889,3.3495531485098167,0
Anahy,2009,8,2926,28.38,10703.35,sem rede,,85.06,0.0,85.06,9.278312055561544,3.3456846717318967,1
Anahy,2010,3,2895,28.08,12825.22,sem rede,,85.06,0.0,85.06,9.459168823887943,3.3350575791576103,2
Anahy,2011,6,2864,27.78,16613.48,sem rede,,85.06,0.0,85.06,9.717969693004658,3.3243163373261977,3
Anahy,2012,6,2854,27.68,20893.13,sem rede,,85.06,0.0,85.06,9.947175675782571,3.3207101307494686,4
Anahy,2013,6,2929,28.41,19689.31,sem rede,,85.06,0.0,85.06,9.887831127850024,3.3467411958660964,5
Anahy,2014,3,2922,28.34,22584.19,sem rede,,85.06,0.0,85.06,10.025005382933713,3.3442742342625342,6
Anahy,2015,2,2915,28.27,24723.16,sem rede,,85.06,0.0,85.06,10.11549573511706,3.341801171705499,7
Anahy,2016,5,2908,28.21,30314.31,sem rede,,85.06,0.0,85.06,10.319375157237394,3.339676525013905,8
Anahy,2017,2,2901,28.14,25557.74,sem rede,,85.06,0.0,85.06,10.148695485176924,3.337192051686243,9
Anahy,2018,2,2816,27.31,30290.13,sem rede,,85.06,0.0,85.06,10.318577195857566,3.3072529354856135,10
Anahy,2019,11,2801,27.17,30779.72,sem rede,,85.06,0.0,85.06,10.33461131053538,3.3021134234382563,11
Anahy,2020,7,2788,27.04,43261.84,sem rede,,85.06,0.0,85.06,10.675026232120787,3.2973172511747633,12
Anahy,2021,0,2774,26.91,41471.52,sem rede,,85.06,0.0,85.06,10.632762205570891,3.2924979647388146,13
Anahy,2022,2,2838,27.53,39102.18,sem rede,,85.06,0.0,85.06,10.573933498894938,3.315276319154516,14
Anahy,2023,4,2901,28.14,42855.22,sem rede,,85.06,0.0,85.06,10.665582736909819,3.337192051686243,15
Anahy,2024,7,2965,28.76,41930.19,sem rede,,85.06,0.0,85.06,10.643761371516336,3.358985532852846,16
Anahy,2025,8,2971,28.82,41845.51,sem rede,,85.06,0.0,85.06,10.641739782228765,3.361069590571376,17
Anahy,2026,1,2971,28.82,41845.51,sem rede,,85.06,0.0,85.06,10.641739782228765,3.361069590571376,18
Andirá,2008,38,21953,92.86,15947.16,cobertura alta,77.76,96.2,77.76,96.2,9.677036035932732,4.531092982591776,0
Andirá,2009,33,21964,92.91,16289.43,cobertura alta,77.76,96.2,77.76,96.2,9.698271710192001,4.531631282653221,1
Andirá,2010,107,21247,89.88,18013.13,cobertura alta,77.76,96.2,77.76,96.2,9.798856215407453,4.498475447317128,2
Andirá,2011,69,20530,86.84,21586.17,cobertura alta,77.76,96.2,77.76,96.2,9.979808110829126,4.464067345010091,3
Andirá,2012,51,20451,86.51,25469.61,cobertura alta,77.76,96.2,77.76,96.2,10.14524125572435,4.460260014192283,4
Andirá,2013,49,20988,88.78,26224.89,cobertura alta,77.76,96.2,77.76,96.2,10.174464238784777,4.486161399405889,5
Andirá,2014,44,20931,88.54,26328.75,cobertura alta,77.76,96.2,77.76,96.2,10.178416776999569,4.483454427303995,6
Andirá,2015,43,20876,88.31,29007.42,cobertura alta,77.76,96.2,77.76,96.2,10.27530693831046,4.480853351480711,7
Andirá,2016,41,20822,88.08,32927.67,cobertura alta,77.76,96.2,77.76,96.2,10.402068616717667,4.478245492414424,8
Andirá,2017,28,20769,87.86,34413.31,cobertura alta,77.76,96.2,77.76,96.2,10.44619868713244,4.475744638547633,9
Andirá,2018,35,20139,85.19,37116.19,cobertura alta,77.76,96.2,77.76,96.2,10.521808541546076,4.444884056054749,10
Andirá,2019,46,20031,84.73,37723.58,cobertura alta,77.76,96.2,77.76,96.2,10.53804064210588,4.439469730210373,11
Andirá,2020,16,19926,84.29,39442.49,cobertura alta,77.76,96.2,77.76,96.2,10.582598940597952,4.434263234009391,12
Andirá,2021,26,19823,83.85,41189.68,cobertura alta,77.76,96.2,77.76,96.2,10.625943018524008,4.429029488269218,13
Andirá,2022,33,19897,84.17,42334.22,cobertura alta,77.76,96.2,77.76,96.2,10.653351021435167,4.432838563223485,14
Andirá,2023,33,19970,84.48,43123.34,cobertura alta,77.76,96.2,77.76,96.2,10.671819660839173,4.436514819957951,15
Andirá,2024,41,20044,84.79,42964.13,cobertura alta,77.76,96.2,77.76,96.2,10.668120860502393,4.440177611315912,16
Andirá,2025,34,19989,84.56,43082.35,cobertura alta,77.76,96.2,77.76,96.2,10.670868679457568,4.437461341561982,17
Andirá,2026,32,19989,84.56,43082.35,cobertura alta,77.76,96.2,77.76,96.2,10.670868679457568,4.437461341561982,18
Antonina,2008,19,17891,20.02,11838.24,sem rede,,87.69,0.0,87.69,9.379090248740043,2.9967317738870745,0
Antonina,2009,25,17743,19.86,13713.86,sem rede,,87.69,0.0,87.69,9.52616227924619,2.9887076586170265,1
Antonina,2010,34,18306,20.49,15333.06,sem rede,,87.69,0.0,87.69,9.63776656055728,3.0199369622508083,2
Antonina,2011,31,18870,21.12,14965.39,sem rede,,87.69,0.0,87.69,9.613495480755775,3.050220458838061,3
Antonina,2012,18,18849,21.1,16306.49,sem rede,,87.69,0.0,87.69,9.699318467059593,3.0492730404820207,4
Antonina,2013,13,19412,21.73,18710.18,sem rede,,87.69,0.0,87.69,9.836823039745642,3.078693794268338,5
Antonina,2014,15,19414,21.73,17580.51,sem rede,,87.69,0.0,87.69,9.774546181057287,3.078693794268338,6
Antonina,2015,5,19416,21.73,19782.65,sem rede,,87.69,0.0,87.69,9.892560569913845,3.078693794268338,7
Antonina,2016,10,19418,21.73,27165.52,sem rede,,87.69,0.0,87.69,10.20970380108108,3.078693794268338,8
Antonina,2017,31,19420,21.73,26620.24,sem rede,,87.69,0.0,87.69,10.189427107686072,3.078693794268338,9
Antonina,2018,1,19011,21.28,28312.56,sem rede,,87.69,0.0,87.69,10.251060801428443,3.0577676644734435,10
Antonina,2019,8,18980,21.24,29776.87,sem rede,,87.69,0.0,87.69,10.301487196617469,3.055886196373738,11
Antonina,2020,3,18949,21.21,30290.31,sem rede,,87.69,0.0,87.69,10.318583138369704,3.0544727685765913,12
Antonina,2021,1,18919,21.17,37045.88,sem rede,,87.69,0.0,87.69,10.519912423461312,3.0525850851467737,13
Antonina,2022,1,18687,20.91,50777.76,sem rede,,87.69,0.0,87.69,10.835213742430652,3.0402275134405423,14
Antonina,2023,2,18455,20.65,54276.62,sem rede,,87.69,0.0,87.69,10.901848842297365,3.027715319407042,15
Antonina,2024,3,18223,20.4,54967.62,sem rede,,87.69,0.0,87.69,10.914499563573932,3.0155349008501706,16
Antonina,2025,6,18140,20.3,55219.13,sem rede,,87.69,0.0,87.69,10.919064730198858,3.0106208860477417,17
Antonina,2026,1,18140,20.3,55219.13,sem rede,,87.69,0.0,87.69,10.919064730198858,3.0106208860477417,18
Antônio Olinto,2008,9,7725,16.42,12803.37,cobertura baixa,13.75,24.88,13.75,24.88,9.457463696505283,2.7985001040242823,0
Antônio Olinto,2009,3,7750,16.47,10696.0,cobertura baixa,13.75,24.88,13.75,24.88,9.27762511878178,2.8015405441895487,1
Antônio Olinto,2010,5,7548,16.04,14759.8,cobertura baixa,13.75,24.88,13.75,24.88,9.599662547927158,2.7750856024383683,2
Antônio Olinto,2011,6,7347,15.61,14588.4,cobertura baixa,13.75,24.88,13.75,24.88,9.587981971349748,2.7479117345273405,3
Antônio Olinto,2012,7,7343,15.6,15872.12,cobertura baixa,13.75,24.88,13.75,24.88,9.672319389979945,2.747270914255491,4
Antônio Olinto,2013,10,7567,16.08,18502.71,cobertura baixa,13.75,24.88,13.75,24.88,9.825672486824805,2.77757626375082,5
Antônio Olinto,2014,2,7573,16.09,20983.36,cobertura baixa,13.75,24.88,13.75,24.88,9.951485021653458,2.7781979610042917,6
Antônio Olinto,2015,1,7578,16.1,21248.61,cobertura baixa,13.75,24.88,13.75,24.88,9.964046760448415,2.7788192719904172,7
Antônio Olinto,2016,3,7582,16.11,21933.26,cobertura baixa,13.75,24.88,13.75,24.88,9.995759485174665,2.779440197188883,8
Antônio Olinto,2017,3,7587,16.12,22358.51,cobertura baixa,13.75,24.88,13.75,24.88,10.01496228819718,2.7800607370784824,9
Antônio Olinto,2018,1,7441,15.81,25292.97,cobertura baixa,13.75,24.88,13.75,24.88,10.138281770491162,2.7606426512213806,10
Antônio Olinto,2019,4,7434,15.8,26096.45,cobertura baixa,13.75,24.88,13.75,24.88,10.16955456873419,2.760009940032921,11
Antônio Olinto,2020,2,7427,15.78,28820.12,cobertura baixa,13.75,24.88,13.75,24.88,10.268829033320001,2.7587433154177283,12
Antônio Olinto,2021,2,7421,15.77,31443.88,cobertura baixa,13.75,24.88,13.75,24.88,10.355959648598008,2.758109400974947,13
Antônio Olinto,2022,3,7304,15.52,33527.38,cobertura baixa,13.75,24.88,13.75,24.88,10.420117697427248,2.7421295147550726,14
Antônio Olinto,2023,2,7188,15.27,39317.06,cobertura baixa,13.75,24.88,13.75,24.88,10.579413800356754,2.725890119230541,15
Antônio Olinto,2024,4,7071,15.03,39967.61,cobertura baixa,13.75,24.88,13.75,24.88,10.595824655071452,2.710048203764883,16
Antônio Olinto,2025,2,7048,14.98,40098.04,cobertura baixa,13.75,24.88,13.75,24.88,10.599082734294615,2.7067159780890733,17
Antônio Olinto,2026,1,7048,14.98,40098.04,cobertura baixa,13.75,24.88,13.75,24.88,10.599082734294615,2.7067159780890733,18
Apucarana,2008,253,120133,215.18,12270.71,cobertura alta,93.58,96.81,93.58,96.81,9.414970400741536,5.371474887165763,0
Apucarana,2009,244,121290,217.25,13638.16,cobertura alta,93.58,96.81,93.58,96.81,9.520627024937282,5.381048764145501,1
Apucarana,2010,284,121607,217.82,14390.32,cobertura alta,93.58,96.81,93.58,96.81,9.574311037299205,5.38366903364754,2
Apucarana,2011,222,121924,218.38,15733.47,cobertura alta,93.58,96.81,93.58,96.81,9.663545569308488,5.38623666458592,3
Apucarana,2012,126,122896,220.13,17406.91,cobertura alta,93.58,96.81,93.58,96.81,9.76462253280557,5.39421828092524,4
Apucarana,2013,75,128058,229.37,19609.38,cobertura alta,93.58,96.81,93.58,96.81,9.883763302168397,5.4353364202061245,5
Apucarana,2014,149,129265,231.53,21626.2,cobertura alta,93.58,96.81,93.58,96.81,9.981660821589973,5.444709454763107,6
Apucarana,2015,79,130430,233.62,22271.05,cobertura alta,93.58,96.81,93.58,96.81,10.011042907770396,5.45369586372755,7
Apucarana,2016,120,131571,235.66,22627.4,cobertura alta,93.58,96.81,93.58,96.81,10.026916840290388,5.462390088285194,8
Apucarana,2017,106,132691,237.67,23876.31,cobertura alta,93.58,96.81,93.58,96.81,10.080642032953625,5.470883156893275,9
Apucarana,2018,108,133726,239.52,23315.34,cobertura alta,93.58,96.81,93.58,96.81,10.056866792022646,5.478636920671319,10
Apucarana,2019,92,134996,241.8,25602.85,cobertura alta,93.58,96.81,93.58,96.81,10.150458952396137,5.488110938180692,11
Apucarana,2020,67,136234,244.02,24493.05,cobertura alta,93.58,96.81,93.58,96.81,10.106144682820501,5.497250189147188,12
Apucarana,2021,61,137438,246.17,28187.84,cobertura alta,93.58,96.81,93.58,96.81,10.246645958256545,5.506022354173055,13
Apucarana,2022,47,136394,244.3,31615.91,cobertura alta,93.58,96.81,93.58,96.81,10.361415753883623,5.498396978263695,14
Apucarana,2023,52,135350,242.43,35714.91,cobertura alta,93.58,96.81,93.58,96.81,10.483323527636298,5.490713008913466,15
Apucarana,2024,88,134306,240.56,35992.53,cobertura alta,93.58,96.81,93.58,96.81,10.491066695907143,5.4829695386802735,16
Apucarana,2025,62,134910,241.64,35831.39,cobertura alta,93.58,96.81,93.58,96.81,10.486579603852967,5.48744901527054,17
Apucarana,2026,23,134910,241.64,35831.39,cobertura alta,93.58,96.81,93.58,96.81,10.486579603852967,5.48744901527054,18
Arapongas,2008,139,101467,264.86,21499.7,cobertura alta,96.12,98.14,96.12,98.14,9.975794260530032,5.579201384498818,0
Arapongas,2009,87,103025,268.92,23296.95,cobertura alta,96.12,98.14,96.12,98.14,10.056077729697916,5.594413937600836,1
Arapongas,2010,116,104306,272.27,25131.76,cobertura alta,96.12,98.14,96.12,98.14,10.131887663899013,5.6067942210065205,2
Arapongas,2011,103,105588,275.61,29360.28,cobertura alta,96.12,98.14,96.12,98.14,10.287398019467718,5.618986822951485,3
Arapongas,2012,98,106978,279.24,33139.07,cobertura alta,96.12,98.14,96.12,98.14,10.408468227822755,5.632071627102201,4
Arapongas,2013,98,112198,292.87,34092.03,cobertura alta,96.12,98.14,96.12,98.14,10.436818911613642,5.679728824552481,5
Arapongas,2014,97,113833,297.14,35120.9,cobertura alta,96.12,98.14,96.12,98.14,10.466551673844393,5.694203408209207,6
Arapongas,2015,62,115412,301.26,33672.56,cobertura alta,96.12,98.14,96.12,98.14,10.42443854134086,5.707973679274669,7
Arapongas,2016,58,116960,305.3,34501.84,cobertura alta,96.12,98.14,96.12,98.14,10.448767934930613,5.721294899740832,8
Arapongas,2017,49,118477,309.26,37813.13,cobertura alta,96.12,98.14,96.12,98.14,10.540411675791427,5.734182347047285,9
Arapongas,2018,53,121198,316.36,35439.8,cobertura alta,96.12,98.14,96.12,98.14,10.475590761362236,5.756880805651217,10
Arapongas,2019,71,123027,321.14,40428.08,cobertura alta,96.12,98.14,96.12,98.14,10.60727987201915,5.771877165121539,11
Arapongas,2020,52,124810,325.79,35785.9,cobertura alta,96.12,98.14,96.12,98.14,10.485309240059035,5.786253002019782,12
Arapongas,2021,32,126545,330.32,39148.04,cobertura alta,96.12,98.14,96.12,98.14,10.575105636308752,5.800061881577835,13
Arapongas,2022,43,125651,327.98,40609.78,cobertura alta,96.12,98.14,96.12,98.14,10.611764203280789,5.792952630915299,14
Arapongas,2023,43,124757,325.65,45812.83,cobertura alta,96.12,98.14,96.12,98.14,10.73231946187728,5.78582318499241,15
Arapongas,2024,73,123863,323.32,46143.49,cobertura alta,96.12,98.14,96.12,98.14,10.739511168225707,5.778642544865644,16
Arapongas,2025,75,124838,325.86,45783.1,cobertura alta,96.12,98.14,96.12,98.14,10.731670306373449,5.786467841274809,17
Arapongas,2026,33,124838,325.86,45783.1,cobertura alta,96.12,98.14,96.12,98.14,10.731670306373449,5.786467841274809,18
Arapoti,2008,71,26729,19.63,22436.87,cobertura alta,82.66,89.27,82.66,89.27,10.01846086684201,2.9770590082883697,0
Arapoti,2009,42,26998,19.83,21552.45,cobertura alta,82.66,89.27,82.66,89.27,9.978244778164907,2.9871959425317045,1
Arapoti,2010,38,26502,19.47,22511.85,cobertura alta,82.66,89.27,82.66,89.27,10.021797116218965,2.968874819384108,2
Arapoti,2011,33,26007,19.1,25748.34,cobertura alta,82.66,89.27,82.66,89.27,10.156125437994442,2.9496883350525844,3
Arapoti,2012,25,26153,19.21,30446.91,cobertura alta,82.66,89.27,82.66,89.27,10.323739790156306,2.955430976780465,4
Arapoti,2013,47,27170,19.96,32282.74,cobertura alta,82.66,89.27,82.66,89.27,10.382288001061637,2.993730270883318,5
Arapoti,2014,23,27362,20.1,34641.25,cobertura alta,82.66,89.27,82.66,89.27,10.452800447475653,3.0007198150650303,6
Arapoti,2015,10,27547,20.23,37465.39,cobertura alta,82.66,89.27,82.66,89.27,10.531172852459965,3.007166651179654,7
Arapoti,2016,3,27728,20.37,37523.62,cobertura alta,82.66,89.27,82.66,89.27,10.532725880342417,3.0140632302387145,8
Arapoti,2017,3,27906,20.5,39112.09,cobertura alta,82.66,89.27,82.66,89.27,10.5741869053399,3.0204248861443626,9
Arapoti,2018,1,27925,20.51,41058.51,cobertura alta,82.66,89.27,82.66,89.27,10.622753401555986,3.0209125720842893,10
Arapoti,2019,1,28115,20.65,43694.93,cobertura alta,82.66,89.27,82.66,89.27,10.6849873560464,3.027715319407042,11
Arapoti,2020,3,28300,20.79,45230.21,cobertura alta,82.66,89.27,82.66,89.27,10.719520505397215,3.0344721018699214,12
Arapoti,2021,0,28480,20.92,50822.72,cobertura alta,82.66,89.27,82.66,89.27,10.836098777677233,3.040705639196722,13
Arapoti,2022,4,27757,20.39,60398.1,cobertura alta,82.66,89.27,82.66,89.27,11.008712926474484,3.015044584586364,14
Arapoti,2023,0,27033,19.86,60404.65,cobertura alta,82.66,89.27,82.66,89.27,11.008821367714544,2.9887076586170265,15
Arapoti,2024,9,26310,19.33,62064.58,cobertura alta,82.66,89.27,82.66,89.27,11.035930734828142,2.9616582932202395,16
Arapoti,2025,20,26325,19.34,62029.21,cobertura alta,82.66,89.27,82.66,89.27,11.03536068211305,2.9621754900251482,17
Arapoti,2026,16,26325,19.34,62029.21,cobertura alta,82.66,89.27,82.66,89.27,11.03536068211305,2.9621754900251482,18
Arapuã,2008,20,4035,18.52,11052.79,sem rede,,57.4,0.0,57.4,9.310438163763777,2.918851229218033,0
Arapuã,2009,33,4017,18.44,10318.65,sem rede,,57.4,0.0,57.4,9.241708216525174,2.914522218128448,1
Arapuã,2010,14,3766,17.28,10337.76,sem rede,,57.4,0.0,57.4,9.243558490164393,2.8495497633759097,2
Arapuã,2011,2,3515,16.13,15417.07,sem rede,,57.4,0.0,57.4,9.643230616092401,2.7806808921371173,3
Arapuã,2012,12,3469,15.92,21021.91,sem rede,,57.4,0.0,57.4,9.953320506144946,2.767576180416237,4
Arapuã,2013,1,3513,16.12,26482.21,sem rede,,57.4,0.0,57.4,10.184228465782919,2.7800607370784824,5
Arapuã,2014,8,3469,15.92,25878.35,sem rede,,57.4,0.0,57.4,10.161161990786368,2.767576180416237,6
Arapuã,2015,5,3426,15.72,27706.07,sem rede,,57.4,0.0,57.4,10.229406801743183,2.7549337870010606,7
Arapuã,2016,10,3384,15.53,28629.73,sem rede,,57.4,0.0,57.4,10.26220096738056,2.7427736371605955,8
Arapuã,2017,14,3343,15.34,27040.08,sem rede,,57.4,0.0,57.4,10.205075488732405,2.73046379593911,9
Arapuã,2018,8,3128,14.36,33898.66,sem rede,,57.4,0.0,57.4,10.43113076456369,2.664446563620078,10
Arapuã,2019,11,3068,14.08,31086.38,sem rede,,57.4,0.0,57.4,10.34452506012048,2.644755350729896,11
Arapuã,2020,15,3009,13.81,42450.98,sem rede,,57.4,0.0,57.4,10.656105277456525,2.6253929674212007,12
Arapuã,2021,6,2951,13.54,51557.44,sem rede,,57.4,0.0,57.4,10.850451804928312,2.605648267484129,13
Arapuã,2022,18,3158,14.49,42284.99,sem rede,,57.4,0.0,57.4,10.652187455725814,2.673458756332591,14
Arapuã,2023,15,3366,15.45,45836.3,sem rede,,57.4,0.0,57.4,10.73283163259866,2.7376090033437546,15
Arapuã,2024,16,3573,16.4,43180.8,sem rede,,57.4,0.0,57.4,10.673151230993051,2.797281334830153,16
Arapuã,2025,10,3573,16.4,43180.8,sem rede,,57.4,0.0,57.4,10.673151230993051,2.797281334830153,17
Arapuã,2026,1,3573,16.4,43180.8,sem rede,,57.4,0.0,57.4,10.673151230993051,2.797281334830153,18
Araruna,2008,90,12984,26.27,15779.65,cobertura alta,71.24,93.58,71.24,93.58,9.666476414179234,3.2684276036974484,0
Araruna,2009,100,12962,26.23,16362.44,cobertura alta,71.24,93.58,71.24,93.58,9.70274374329012,3.2669037938787824,1
Araruna,2010,132,13204,26.72,18049.53,cobertura alta,71.24,93.58,71.24,93.58,9.800874924640848,3.285412348668445,2
Araruna,2011,83,13445,27.21,21853.4,cobertura alta,71.24,93.58,71.24,93.58,9.992111794825638,3.303584552795155,3
Araruna,2012,136,13471,27.26,23671.07,cobertura alta,71.24,93.58,71.24,93.58,10.072008906387037,3.3054204262683866,4
Araruna,2013,68,13926,28.18,28982.05,cobertura alta,71.24,93.58,71.24,93.58,10.274431951813131,3.3386125064705343,5
Araruna,2014,47,13971,28.27,30472.34,cobertura alta,71.24,93.58,71.24,93.58,10.324574665880387,3.341801171705499,6
Araruna,2015,43,14014,28.36,30409.38,cobertura alta,71.24,93.58,71.24,93.58,10.322506392433318,3.344979701663927,7
Araruna,2016,31,14056,28.44,31885.46,cobertura alta,71.24,93.58,71.24,93.58,10.369905385491785,3.34779660493504,8
Araruna,2017,41,14098,28.53,34713.22,cobertura alta,71.24,93.58,71.24,93.58,10.454875873207653,3.3509561652254085,9
Araruna,2018,42,13939,28.21,32537.13,cobertura alta,71.24,93.58,71.24,93.58,10.390137177743735,3.339676525013905,10
Araruna,2019,53,13970,28.27,33701.43,cobertura alta,71.24,93.58,71.24,93.58,10.42529554867461,3.341801171705499,11
Araruna,2020,13,14000,28.33,38119.57,cobertura alta,71.24,93.58,71.24,93.58,10.548483077536625,3.3439213138424253,12
Araruna,2021,7,14029,28.39,39015.82,cobertura alta,71.24,93.58,71.24,93.58,10.571722483887346,3.34603697048488,13
Araruna,2022,7,14294,28.92,33014.62,cobertura alta,71.24,93.58,71.24,93.58,10.404705772642698,3.3645333972905638,14
Araruna,2023,8,14559,29.46,43326.88,cobertura alta,71.24,93.58,71.24,93.58,10.676528506602544,3.3830334110344844,15
Araruna,2024,4,14824,30.0,42552.35,cobertura alta,71.24,93.58,71.24,93.58,10.658490361618632,3.4011973816621555,16
Araruna,2025,3,14894,30.14,42352.36,cobertura alta,71.24,93.58,71.24,93.58,10.65377942461965,3.4058531931983493,17
Araruna,2026,1,14894,30.14,42352.36,cobertura alta,71.24,93.58,71.24,93.58,10.65377942461965,3.4058531931983493,18
Araucária,2008,60,115849,246.43,61459.29,cobertura alta,84.68,89.78,84.68,89.78,11.026130283388657,5.507077977494793,0
Araucária,2009,31,117964,250.93,62649.66,cobertura alta,84.68,89.78,84.68,89.78,11.045313533334228,5.525174015774129,1
Araucária,2010,73,119498,254.2,75263.79,cobertura alta,84.68,89.78,84.68,89.78,11.22875442163578,5.538121358755354,2
Araucária,2011,50,121032,257.46,60642.08,cobertura alta,84.68,89.78,84.68,89.78,11.012744320519552,5.550864368231489,3
Araucária,2012,54,122878,261.39,46562.39,cobertura alta,84.68,89.78,84.68,89.78,10.748548412703018,5.566013544911305,4
Araucária,2013,58,129209,274.85,52924.45,cobertura alta,84.68,89.78,84.68,89.78,10.876620703884827,5.616225494306669,5
Araucária,2014,27,131356,279.42,64999.98,cobertura alta,84.68,89.78,84.68,89.78,11.08214224118542,5.632716026222341,6
Araucária,2015,20,133428,283.83,104565.04,cobertura alta,84.68,89.78,84.68,89.78,11.557564549125713,5.648375467384462,7
Araucária,2016,28,135459,288.15,125350.42,cobertura alta,84.68,89.78,84.68,89.78,11.738868454199094,5.663481177882676,8
Araucária,2017,29,137452,292.39,123511.33,cobertura alta,84.68,89.78,84.68,89.78,11.72408817173292,5.678088527564397,9
Araucária,2018,35,141410,300.81,116021.84,cobertura alta,84.68,89.78,84.68,89.78,11.661533728228894,5.706478836203944,10
Araucária,2019,33,143843,305.98,130033.22,cobertura alta,84.68,89.78,84.68,89.78,11.775545235254867,5.723519740339233,11
Araucária,2020,25,146214,311.03,134639.33,cobertura alta,84.68,89.78,84.68,89.78,11.810354852619389,5.739889370549484,12
Araucária,2021,29,148522,315.94,170121.34,cobertura alta,84.68,89.78,84.68,89.78,12.044267226129401,5.755552322140951,13
Araucária,2022,23,152361,324.1,205489.31,cobertura alta,84.68,89.78,84.68,89.78,12.233149292100647,5.781052110147502,14
Araucária,2023,65,156199,332.27,218151.54,cobertura alta,84.68,89.78,84.68,89.78,12.292945237889663,5.805947891417486,15
Araucária,2024,57,160038,340.43,212918.51,cobertura alta,84.68,89.78,84.68,89.78,12.268664789328712,5.830209524425728,16
Araucária,2025,29,162247,345.13,210019.61,cobertura alta,84.68,89.78,84.68,89.78,12.254956186292256,5.843921157649903,17
Araucária,2026,20,162247,345.13,210019.61,cobertura alta,84.68,89.78,84.68,89.78,12.254956186292256,5.843921157649903,18
Ariranha do Ivaí,2008,23,2568,10.94,12242.6,sem rede,,45.04,0.0,45.04,9.412676951809399,2.392425796993835,0
Ariranha do Ivaí,2009,21,2533,10.79,11436.64,sem rede,,45.04,0.0,45.04,9.344577515499942,2.378619779270043,1
Ariranha do Ivaí,2010,9,2476,10.55,14767.37,sem rede,,45.04,0.0,45.04,9.600175296027695,2.3561258599220753,2
Ariranha do Ivaí,2011,2,2420,10.31,18910.74,sem rede,,45.04,0.0,45.04,9.84748529362084,2.333114298028869,3
Ariranha do Ivaí,2012,12,2389,10.18,22732.52,sem rede,,45.04,0.0,45.04,10.031551777397327,2.3204250111223765,4
Ariranha do Ivaí,2013,3,2421,10.32,28217.68,sem rede,,45.04,0.0,45.04,10.247704010829548,2.334083760053417,5
Ariranha do Ivaí,2014,2,2389,10.18,30626.2,sem rede,,45.04,0.0,45.04,10.329611130752838,2.3204250111223765,6
Ariranha do Ivaí,2015,6,2359,10.05,32044.09,sem rede,,45.04,0.0,45.04,10.374868045969185,2.307572634505085,7
Ariranha do Ivaí,2016,6,2330,9.93,33874.68,sem rede,,45.04,0.0,45.04,10.430423111642918,2.295560478057081,8
Ariranha do Ivaí,2017,9,2301,9.8,34323.34,sem rede,,45.04,0.0,45.04,10.443580868213997,2.2823823856765264,9
Ariranha do Ivaí,2018,4,2151,9.16,41179.45,sem rede,,45.04,0.0,45.04,10.62569462449453,2.214846178686039,10
Ariranha do Ivaí,2019,4,2108,8.98,36865.75,sem rede,,45.04,0.0,45.04,10.515038214717007,2.194999882314108,11
Ariranha do Ivaí,2020,22,2066,8.8,60626.82,sem rede,,45.04,0.0,45.04,11.012492648407731,2.174751721484161,12
Ariranha do Ivaí,2021,7,2026,8.63,63659.43,sem rede,,45.04,0.0,45.04,11.061302746978845,2.155244505095337,13
Ariranha do Ivaí,2022,19,2134,9.09,53810.22,sem rede,,45.04,0.0,45.04,10.893218690934502,2.2071749081893874,14
Ariranha do Ivaí,2023,17,2243,9.56,64633.53,sem rede,,45.04,0.0,45.04,11.076488595363575,2.25758772706331,15
Ariranha do Ivaí,2024,12,2351,10.02,61664.4,sem rede,,45.04,0.0,45.04,11.02946205796005,2.3045830956567186,16
Ariranha do Ivaí,2025,16,2351,10.02,61664.4,sem rede,,45.04,0.0,45.04,11.02946205796005,2.3045830956567186,17
Ariranha do Ivaí,2026,8,2351,10.02,61664.4,sem rede,,45.04,0.0,45.04,11.02946205796005,2.3045830956567186,18
Assaí,2008,160,16306,36.95,15845.46,cobertura alta,85.91,90.56,85.91,90.56,9.670638302943761,3.609565647394211,0
Assaí,2009,88,16112,36.51,13389.09,cobertura alta,85.91,90.56,85.91,90.56,9.502195475210705,3.5975861956675455,1
Assaí,2010,88,16168,36.64,16376.55,cobertura alta,85.91,90.56,85.91,90.56,9.70360571251236,3.6011405398059297,2
Assaí,2011,69,16225,36.77,19758.83,cobertura alta,85.91,90.56,85.91,90.56,9.891355759022531,3.6046822953131805,3
Assaí,2012,105,16099,36.48,20261.2,cobertura alta,85.91,90.56,85.91,90.56,9.916463006058517,3.5967641652061304,4
Assaí,2013,71,16436,37.24,23328.91,cobertura alta,85.91,90.56,85.91,90.56,10.05744864296388,3.617383452408866,5
Assaí,2014,56,16322,36.99,21362.82,cobertura alta,85.91,90.56,85.91,90.56,9.969407306831842,3.610647605844363,6
Assaí,2015,96,16212,36.74,25437.76,cobertura alta,85.91,90.56,85.91,90.56,10.143989963262937,3.6038660797869797,7
Assaí,2016,115,16104,36.49,24481.93,cobertura alta,85.91,90.56,85.91,90.56,10.105690573387845,3.5970382504483562,8
Assaí,2017,39,15999,36.25,24684.73,cobertura alta,85.91,90.56,85.91,90.56,10.113940112816657,3.590439381300684,9
Assaí,2018,11,15289,34.65,25938.91,cobertura alta,85.91,90.56,85.91,90.56,10.163499436941308,3.5452977256359124,10
Assaí,2019,5,15119,34.26,29054.04,cobertura alta,85.91,90.56,85.91,90.56,10.276912823178629,3.5339784928959737,11
Assaí,2020,1,14954,33.89,33145.91,cobertura alta,85.91,90.56,85.91,90.56,10.408674609420043,3.52311998561896,12
Assaí,2021,2,14792,33.52,36475.93,cobertura alta,85.91,90.56,85.91,90.56,10.504407869981641,3.5121422756138823,13
Assaí,2022,2,14409,32.65,42577.0,cobertura alta,85.91,90.56,85.91,90.56,10.659069480352393,3.48584485572244,14
Assaí,2023,0,14026,31.78,45429.49,cobertura alta,85.91,90.56,85.91,90.56,10.723916732628362,3.45883716110857,15
Assaí,2024,4,13643,30.92,46704.83,cobertura alta,85.91,90.56,85.91,90.56,10.751602864433073,3.4314032237192214,16
Assaí,2025,6,13477,30.54,47280.11,cobertura alta,85.91,90.56,85.91,90.56,10.763844978642418,3.4190372997904865,17
Assaí,2026,1,13477,30.54,47280.11,cobertura alta,85.91,90.56,85.91,90.56,10.763844978642418,3.4190372997904865,18
Assis Chateaubriand,2008,237,33077,33.65,15027.9,cobertura baixa,48.17,90.73,48.17,90.73,9.617663752426312,3.5160130560907366,0
Assis Chateaubriand,2009,238,33023,33.59,12353.57,cobertura baixa,48.17,90.73,48.17,90.73,9.421700369109692,3.5142284036242013,1
Assis Chateaubriand,2010,270,33013,33.58,16868.51,cobertura baixa,48.17,90.73,48.17,90.73,9.733203849173439,3.5139306516493947,2
Assis Chateaubriand,2011,163,33003,33.57,18720.45,cobertura baixa,48.17,90.73,48.17,90.73,9.837371788204202,3.5136328109919437,3
Assis Chateaubriand,2012,199,32981,33.55,19424.85,cobertura baixa,48.17,90.73,48.17,90.73,9.874308453198312,3.5130368634176907,4
Assis Chateaubriand,2013,130,33988,34.58,26826.0,cobertura baixa,48.17,90.73,48.17,90.73,10.197126845462035,3.5432754802551445,5
Assis Chateaubriand,2014,101,34008,34.6,27072.69,cobertura baixa,48.17,90.73,48.17,90.73,10.2062807496698,3.543853682063679,6
Assis Chateaubriand,2015,108,34027,34.62,29225.47,cobertura baixa,48.17,90.73,48.17,90.73,10.282795868332425,3.544431549748063,7
Assis Chateaubriand,2016,112,34046,34.63,33930.51,cobertura baixa,48.17,90.73,48.17,90.73,10.432069888611379,3.5447203584143305,8
Assis Chateaubriand,2017,67,34064,34.65,33812.85,cobertura baixa,48.17,90.73,48.17,90.73,10.428596186736742,3.5452977256359124,9
Assis Chateaubriand,2018,62,33397,33.97,36800.16,cobertura baixa,48.17,90.73,48.17,90.73,10.513257471973658,3.5254777821724925,10
Assis Chateaubriand,2019,136,33362,33.94,35134.49,cobertura baixa,48.17,90.73,48.17,90.73,10.466938548080504,3.52459425980608,11
Assis Chateaubriand,2020,113,33340,33.92,41843.04,cobertura baixa,48.17,90.73,48.17,90.73,10.641680753843143,3.5240048109237025,12
Assis Chateaubriand,2021,94,33306,33.88,49038.01,cobertura baixa,48.17,90.73,48.17,90.73,10.800350990667653,3.522824869783854,13
Assis Chateaubriand,2022,76,34906,35.51,46341.26,cobertura baixa,48.17,90.73,48.17,90.73,10.743787987949043,3.5698143469549963,14
Assis Chateaubriand,2023,61,36505,37.14,55711.03,cobertura baixa,48.17,90.73,48.17,90.73,10.927933431445636,3.61469455592456,15
Assis Chateaubriand,2024,60,38105,38.76,53371.76,cobertura baixa,48.17,90.73,48.17,90.73,10.885037046112338,3.6573887870225654,16
Assis Chateaubriand,2025,47,38357,39.02,53021.12,cobertura baixa,48.17,90.73,48.17,90.73,10.878445603724018,3.6640743351949654,17
Assis Chateaubriand,2026,16,38357,39.02,53021.12,cobertura baixa,48.17,90.73,48.17,90.73,10.878445603724018,3.6640743351949654,18
Astorga,2008,179,25042,57.46,10076.31,cobertura alta,87.4,95.56,87.4,95.56,9.217942403176286,4.051089053551143,0
Astorga,2009,78,25164,57.74,10153.51,cobertura alta,87.4,95.56,87.4,95.56,9.225574737498347,4.055950174234789,1
Astorga,2010,127,24972,57.3,12150.53,cobertura alta,87.4,95.56,87.4,95.56,9.405128069216486,4.048300623720694,2
Astorga,2011,64,24780,56.86,13933.7,cobertura alta,87.4,95.56,87.4,95.56,9.542065645287957,4.040592106222854,3
Astorga,2012,75,24859,57.04,16092.76,cobertura alta,87.4,95.56,87.4,95.56,9.68612476039094,4.04375277610604,4
Astorga,2013,59,25745,59.08,18235.11,cobertura alta,87.4,95.56,87.4,95.56,9.811104135579946,4.078892457663179,5
Astorga,2014,63,25862,59.34,19774.57,cobertura alta,87.4,95.56,87.4,95.56,9.892152047772383,4.083283614862676,6
Astorga,2015,42,25976,59.61,22937.75,cobertura alta,87.4,95.56,87.4,95.56,10.040539303920092,4.087823345231835,7
Astorga,2016,53,26087,59.86,23815.04,cobertura alta,87.4,95.56,87.4,95.56,10.078072592847239,4.0920085024245525,8
Astorga,2017,41,26196,60.11,27532.52,cobertura alta,87.4,95.56,87.4,95.56,10.223123130453073,4.09617621705107,9
Astorga,2018,41,26011,59.69,29141.63,cobertura alta,87.4,95.56,87.4,95.56,10.279923015041343,4.089164502180559,10
Astorga,2019,51,26111,59.92,28302.9,cobertura alta,87.4,95.56,87.4,95.56,10.250719551879511,4.0930103392089645,11
Astorga,2020,16,26209,60.14,33151.4,cobertura alta,87.4,95.56,87.4,95.56,10.408840226999777,4.096675177560383,12
Astorga,2021,10,26304,60.36,33566.0,cobertura alta,87.4,95.56,87.4,95.56,10.421268928868125,4.100326633899648,13
Astorga,2022,28,26251,60.24,42298.05,cobertura alta,87.4,95.56,87.4,95.56,10.652496264680984,4.098336583491638,14
Astorga,2023,28,26198,60.11,44462.02,cobertura alta,87.4,95.56,87.4,95.56,10.702390620584156,4.09617621705107,15
Astorga,2024,36,26145,59.99,44552.15,cobertura alta,87.4,95.56,87.4,95.56,10.704415692116054,4.094177881665002,16
Astorga,2025,17,26203,60.13,44453.54,cobertura alta,87.4,95.56,87.4,95.56,10.702199877815945,4.0965088850514775,17
Astorga,2026,12,26203,60.13,44453.54,cobertura alta,87.4,95.56,87.4,95.56,10.702199877815945,4.0965088850514775,18
Atalaia,2008,16,3682,26.68,11755.84,sem rede,,84.45,0.0,84.45,9.372105417374737,3.283914221047423,0
Atalaia,2009,1,3645,26.41,11700.41,sem rede,,84.45,0.0,84.45,9.367379162906907,3.273742726309041,1
Atalaia,2010,11,3776,27.36,14586.33,sem rede,,84.45,0.0,84.45,9.587840067722638,3.3090820927543496,2
Atalaia,2011,2,3906,28.3,17758.06,sem rede,,84.45,0.0,84.45,9.784594776345433,3.342861804649192,3
Atalaia,2012,4,3898,28.25,20646.49,sem rede,,84.45,0.0,84.45,9.935300608154733,3.34109345759245,4
Atalaia,2013,2,4010,29.06,24181.8,sem rede,,84.45,0.0,84.45,10.093355563085483,3.369362658142137,5
Atalaia,2014,2,4007,29.04,24761.42,sem rede,,84.45,0.0,84.45,10.11704207571948,3.3686741899565953,6
Atalaia,2015,4,4004,29.01,28512.24,sem rede,,84.45,0.0,84.45,10.258088747743527,3.367640598133313,7
Atalaia,2016,2,4002,29.0,27652.42,sem rede,,84.45,0.0,84.45,10.22746852572458,3.367295829986474,8
Atalaia,2017,2,3999,28.98,38370.59,sem rede,,84.45,0.0,84.45,10.555046559719079,3.3666059368925363,9
Atalaia,2018,1,3902,28.28,35008.46,sem rede,,84.45,0.0,84.45,10.463345025549074,3.342154841028372,10
Atalaia,2019,1,3892,28.2,37246.15,sem rede,,84.45,0.0,84.45,10.525303862761438,3.339321977944068,11
Atalaia,2020,1,3881,28.12,47608.86,sem rede,,84.45,0.0,84.45,10.770774157352426,3.336481066942464,12
Atalaia,2021,0,3871,28.05,45803.15,sem rede,,84.45,0.0,84.45,10.732108145029803,3.3339886319687055,13
Atalaia,2022,1,3929,28.47,51784.42,sem rede,,84.45,0.0,84.45,10.854844610805772,3.3488509012899463,14
Atalaia,2023,0,3987,28.89,63895.66,sem rede,,84.45,0.0,84.45,11.065006719436203,3.363495514478144,15
Atalaia,2024,2,4045,29.31,62979.48,sem rede,,84.45,0.0,84.45,11.050564238031537,3.377928754722801,16
Atalaia,2025,3,4046,29.32,62963.91,sem rede,,84.45,0.0,84.45,11.05031698408547,3.3782698770184507,17
Atalaia,2026,2,4046,29.32,62963.91,sem rede,,84.45,0.0,84.45,11.05031698408547,3.3782698770184507,18
Balsa Nova,2008,0,11118,31.78,28976.61,cobertura baixa,21.94,96.89,21.94,96.89,10.274244231806632,3.45883716110857,0
Balsa Nova,2009,4,11252,32.17,30569.5,cobertura baixa,21.94,96.89,21.94,96.89,10.327758058846639,3.471034341250935,1
Balsa Nova,2010,4,11337,32.41,33288.61,cobertura baixa,21.94,96.89,21.94,96.89,10.412970575416772,3.4784670171534557,2
Balsa Nova,2011,3,11422,32.65,40817.19,cobertura baixa,21.94,96.89,21.94,96.89,10.616858595189829,3.48584485572244,3
Balsa Nova,2012,11,11539,32.99,44212.24,cobertura baixa,21.94,96.89,21.94,96.89,10.696756952806595,3.49620448524049,4
Balsa Nova,2013,5,12059,34.47,45717.97,cobertura baixa,21.94,96.89,21.94,96.89,10.730246716223094,3.540089380528774,5
Balsa Nova,2014,8,12200,34.88,50336.72,cobertura baixa,21.94,96.89,21.94,96.89,10.826490109633646,3.551913599040779,6
Balsa Nova,2015,3,12337,35.27,49747.18,cobertura baixa,21.94,96.89,21.94,96.89,10.814709057563087,3.563032744247961,7
Balsa Nova,2016,5,12471,35.65,48793.28,cobertura baixa,21.94,96.89,21.94,96.89,10.795347877441014,3.573749146860305,8
Balsa Nova,2017,4,12602,36.03,51161.48,cobertura baixa,21.94,96.89,21.94,96.89,10.842742184125013,3.5843519247600018,9
Balsa Nova,2018,7,12787,36.56,53916.16,cobertura baixa,21.94,96.89,21.94,96.89,10.895185526432954,3.5989547465859495,10
Balsa Nova,2019,7,12941,37.0,57991.35,cobertura baixa,21.94,96.89,21.94,96.89,10.968049140475355,3.6109179126442243,11
Balsa Nova,2020,1,13092,37.43,54286.51,cobertura baixa,21.94,96.89,21.94,96.89,10.902031040434567,3.6224725219163374,12
Balsa Nova,2021,2,13238,37.84,69964.12,cobertura baixa,21.94,96.89,21.94,96.89,11.155737818193284,3.6333667441836774,13
Balsa Nova,2022,3,13449,38.45,94619.23,cobertura baixa,21.94,96.89,21.94,96.89,11.457616011337612,3.649358695951653,14
Balsa Nova,2023,1,13660,39.05,95315.96,cobertura baixa,21.94,96.89,21.94,96.89,11.464952546764323,3.664842876285695,15
Balsa Nova,2024,3,13871,39.65,93866.05,cobertura baixa,21.94,96.89,21.94,96.89,11.449624044974062,3.680090948080857,16
Balsa Nova,2025,4,13867,39.64,93893.13,cobertura baixa,21.94,96.89,21.94,96.89,11.449912499580519,3.6798387094617873,17
Balsa Nova,2026,0,13867,39.64,93893.13,cobertura baixa,21.94,96.89,21.94,96.89,11.449912499580519,3.6798387094617873,18
Bandeirantes,2008,251,33089,74.14,8981.84,cobertura alta,90.61,92.02,90.61,92.02,9.102960040084437,4.305955197722586,0
Bandeirantes,2009,199,32994,73.93,9021.76,cobertura alta,90.61,92.02,90.61,92.02,9.107394715974078,4.3031186995690085,1
Bandeirantes,2010,213,32530,72.89,10164.46,cobertura alta,90.61,92.02,90.61,92.02,9.226652601188484,4.2889514553941215,2
Bandeirantes,2011,238,32066,71.85,11981.04,cobertura alta,90.61,92.02,90.61,92.02,9.391080679253808,4.274580612525034,3
Bandeirantes,2012,181,31951,71.59,13479.36,cobertura alta,90.61,92.02,90.61,92.02,9.508914905594388,4.270955399408094,4
Bandeirantes,2013,167,32800,73.49,14925.34,cobertura alta,90.61,92.02,90.61,92.02,9.610815718570844,4.29714934254078,5
Bandeirantes,2014,150,32718,73.31,15673.76,cobertura alta,90.61,92.02,90.61,92.02,9.659743255513956,4.294697025235496,6
Bandeirantes,2015,114,32639,73.13,18345.17,cobertura alta,90.61,92.02,90.61,92.02,9.817121603576645,4.2922386792828595,7
Bandeirantes,2016,153,32562,72.96,21219.64,cobertura alta,90.61,92.02,90.61,92.02,9.962682446896826,4.289911345766076,8
Bandeirantes,2017,186,32486,72.79,22394.08,cobertura alta,90.61,92.02,90.61,92.02,10.016551917199221,4.287578583130166,9
Bandeirantes,2018,202,31526,70.64,24858.15,cobertura alta,90.61,92.02,90.61,92.02,10.12094094556193,4.257596556295705,10
Bandeirantes,2019,113,31367,70.28,25816.21,cobertura alta,90.61,92.02,90.61,92.02,10.158757868188951,4.252487263318897,11
Bandeirantes,2020,76,31211,69.93,32170.71,cobertura alta,90.61,92.02,90.61,92.02,10.378811690241315,4.247494741715776,12
Bandeirantes,2021,89,31061,69.6,33272.21,cobertura alta,90.61,92.02,90.61,92.02,10.412477793016198,4.242764567340374,13
Bandeirantes,2022,107,31310,70.15,35878.57,cobertura alta,90.61,92.02,90.61,92.02,10.487895460306033,4.25063580654847,14
Bandeirantes,2023,38,31558,70.71,43166.01,cobertura alta,90.61,92.02,90.61,92.02,10.672808658982698,4.25858700561615,15
Bandeirantes,2024,56,31807,71.27,42828.09,cobertura alta,90.61,92.02,90.61,92.02,10.664949474704924,4.266475481513779,16
Bandeirantes,2025,46,31747,71.13,42909.03,cobertura alta,90.61,92.02,90.61,92.02,10.666837572276789,4.264509188745424,17
Bandeirantes,2026,11,31747,71.13,42909.03,cobertura alta,90.61,92.02,90.61,92.02,10.666837572276789,4.264509188745424,18
Barbosa Ferraz,2008,344,14017,25.97,6785.05,cobertura baixa,45.01,83.41,45.01,83.41,8.822476941438575,3.256942025674657,0
Barbosa Ferraz,2009,340,13995,25.93,6402.86,cobertura baixa,45.01,83.41,45.01,83.41,8.764500044528868,3.255400599550573,1
Barbosa Ferraz,2010,304,13270,24.58,7100.45,cobertura baixa,45.01,83.41,45.01,83.41,8.867913441302651,3.201933104137889,2
Barbosa Ferraz,2011,99,12545,23.24,9250.38,cobertura baixa,45.01,83.41,45.01,83.41,9.132419910743748,3.1458749319837103,3
Barbosa Ferraz,2012,134,12437,23.04,10590.42,cobertura baixa,45.01,83.41,45.01,83.41,9.26770509786567,3.1372318358276905,4
Barbosa Ferraz,2013,114,12683,23.5,12739.65,cobertura baixa,45.01,83.41,45.01,83.41,9.452474456221305,3.1570004211501135,5
Barbosa Ferraz,2014,83,12583,23.31,14177.7,cobertura baixa,45.01,83.41,45.01,83.41,9.559425586648143,3.1488824530476656,6
Barbosa Ferraz,2015,45,12487,23.13,15604.95,cobertura baixa,45.01,83.41,45.01,83.41,9.655343450598497,3.141130476243348,7
Barbosa Ferraz,2016,50,12393,22.96,16197.13,cobertura baixa,45.01,83.41,45.01,83.41,9.692589345031875,3.133753571451366,8
Barbosa Ferraz,2017,34,12300,22.79,17624.88,cobertura baixa,45.01,83.41,45.01,83.41,9.777066819146652,3.126321843257593,9
Barbosa Ferraz,2018,62,11714,21.7,17993.26,cobertura baixa,45.01,83.41,45.01,83.41,9.797752522312031,3.077312260546414,10
Barbosa Ferraz,2019,47,11568,21.43,18311.72,cobertura baixa,45.01,83.41,45.01,83.41,9.815296570995624,3.064791809485486,11
Barbosa Ferraz,2020,35,11426,21.17,24664.8,cobertura baixa,45.01,83.41,45.01,83.41,10.113132404978973,3.0525850851467737,12
Barbosa Ferraz,2021,8,11287,20.91,26522.81,cobertura baixa,45.01,83.41,45.01,83.41,10.185760396454393,3.0402275134405423,13
Barbosa Ferraz,2022,4,11089,20.54,20986.02,cobertura baixa,45.01,83.41,45.01,83.41,9.9516117807337,3.0223742045004123,14
Barbosa Ferraz,2023,7,10890,20.17,31419.19,cobertura baixa,45.01,83.41,45.01,83.41,10.355174131719192,3.0041963519661206,15
Barbosa Ferraz,2024,7,10692,19.81,32001.03,cobertura baixa,45.01,83.41,45.01,83.41,10.373523368763857,2.9861868607104594,16
Barbosa Ferraz,2025,2,10580,19.6,32339.79,cobertura baixa,45.01,83.41,45.01,83.41,10.384053639603522,2.975529566236472,17
Barbosa Ferraz,2026,4,10580,19.6,32339.79,cobertura baixa,45.01,83.41,45.01,83.41,10.384053639603522,2.975529566236472,18
Barra do Jacaré,2008,2,2850,24.55,12954.74,cobertura alta,69.05,81.54,69.05,81.54,9.46921702332357,3.2007118542405295,0
Barra do Jacaré,2009,0,2860,24.63,12246.15,cobertura alta,69.05,81.54,69.05,81.54,9.412966880860482,3.2039652121324464,1
Barra do Jacaré,2010,19,2794,24.07,15686.83,cobertura alta,69.05,81.54,69.05,81.54,9.66057678579873,3.1809662517949806,2
Barra do Jacaré,2011,7,2728,23.5,18626.1,cobertura alta,69.05,81.54,69.05,81.54,9.832319101906448,3.1570004211501135,3
Barra do Jacaré,2012,10,2728,23.5,22234.24,cobertura alta,69.05,81.54,69.05,81.54,10.009388722014334,3.1570004211501135,4
Barra do Jacaré,2013,9,2813,24.23,24779.95,cobertura alta,69.05,81.54,69.05,81.54,10.117790137424842,3.1875915348284343,5
Barra do Jacaré,2014,3,2817,24.26,28214.41,cobertura alta,69.05,81.54,69.05,81.54,10.24758811932159,3.1888289035159043,6
Barra do Jacaré,2015,3,2821,24.3,26538.11,cobertura alta,69.05,81.54,69.05,81.54,10.186337092087415,3.190476350346503,7
Barra do Jacaré,2016,4,2825,24.33,30139.12,cobertura alta,69.05,81.54,69.05,81.54,10.313579274673952,3.1917101567954314,8
Barra do Jacaré,2017,3,2828,24.36,27830.62,cobertura alta,69.05,81.54,69.05,81.54,10.233892132388922,3.192942442841696,9
Barra do Jacaré,2018,5,2781,23.95,33015.82,cobertura alta,69.05,81.54,69.05,81.54,10.404742119515449,3.175968323856924,10
Barra do Jacaré,2019,1,2781,23.95,29227.62,cobertura alta,69.05,81.54,69.05,81.54,10.282869431594897,3.175968323856924,11
Barra do Jacaré,2020,0,2781,23.95,44326.14,cobertura alta,69.05,81.54,69.05,81.54,10.699329849731813,3.175968323856924,12
Barra do Jacaré,2021,1,2781,23.95,53990.65,cobertura alta,69.05,81.54,69.05,81.54,10.896566162406392,3.175968323856924,13
Barra do Jacaré,2022,4,2809,24.19,66316.48,cobertura alta,69.05,81.54,69.05,81.54,11.102193712405422,3.185939324621936,14
Barra do Jacaré,2023,3,2838,24.44,65940.1,cobertura alta,69.05,81.54,69.05,81.54,11.096502033154751,3.1962211343033946,15
Barra do Jacaré,2024,3,2866,24.69,65295.88,cobertura alta,69.05,81.54,69.05,81.54,11.086684219859041,3.206398303357088,16
Barra do Jacaré,2025,1,2872,24.74,65159.47,cobertura alta,69.05,81.54,69.05,81.54,11.08459292885847,3.208421366964342,17
Barra do Jacaré,2026,0,2872,24.74,65159.47,cobertura alta,69.05,81.54,69.05,81.54,11.08459292885847,3.208421366964342,18
Barracão,2008,140,9275,57.39,9108.25,sem rede,,71.93,0.0,71.93,9.116935875203943,4.049870072120271,0
Barracão,2009,89,9267,57.35,14893.28,sem rede,,71.93,0.0,71.93,9.608665383488024,4.04917284357538,1
Barracão,2010,119,9516,58.89,12106.35,sem rede,,71.93,0.0,71.93,9.40148538731737,4.07567129695648,2
Barracão,2011,10,9766,60.43,13433.65,sem rede,,71.93,0.0,71.93,9.505518032189814,4.101485670373467,3
Barracão,2012,106,9796,60.62,16253.16,sem rede,,71.93,0.0,71.93,9.696042630391151,4.104624871629657,4
Barracão,2013,81,10143,62.77,19008.48,sem rede,,71.93,0.0,71.93,9.852640474368785,4.13947725232944,5
Barracão,2014,13,10187,63.04,20501.82,sem rede,,71.93,0.0,71.93,9.92826894167355,4.143769445549624,6
Barracão,2015,0,10231,63.31,22399.96,sem rede,,71.93,0.0,71.93,10.016814452127251,4.148043294556035,7
Barracão,2016,0,10273,63.57,24501.51,sem rede,,71.93,0.0,71.93,10.106490027286666,4.152141660948318,8
Barracão,2017,1,10314,63.82,22297.17,sem rede,,71.93,0.0,71.93,10.012215043565387,4.156066620850098,9
Barracão,2018,1,10238,63.35,24066.52,sem rede,,71.93,0.0,71.93,10.088576942011413,4.148674906767148,10
Barracão,2019,0,10275,63.58,25619.17,sem rede,,71.93,0.0,71.93,10.151096178360762,4.152298955482657,11
Barracão,2020,0,10312,63.81,26014.06,sem rede,,71.93,0.0,71.93,10.1663924400714,4.155909917880256,12
Barracão,2021,0,10347,64.03,25536.87,sem rede,,71.93,0.0,71.93,10.147878569218054,4.159351723530711,13
Barracão,2022,2,10198,63.11,28605.41,sem rede,,71.93,0.0,71.93,10.26135113975845,4.144879235596148,14
Barracão,2023,0,10049,62.18,32172.06,sem rede,,71.93,0.0,71.93,10.378853652997975,4.130033404630607,15
Barracão,2024,1,9900,61.26,32656.26,sem rede,,71.93,0.0,71.93,10.39379184680137,4.115127101404629,16
Barracão,2025,0,9903,61.28,32646.37,sem rede,,71.93,0.0,71.93,10.393488949350667,4.1154535254323354,17
Barracão,2026,0,9903,61.28,32646.37,sem rede,,71.93,0.0,71.93,10.393488949350667,4.1154535254323354,18
Bela Vista da Caroba,2008,37,4210,28.37,8837.53,sem rede,,49.54,0.0,49.54,9.086762704824244,3.34533224882076,0
Bela Vista da Caroba,2009,25,4176,28.14,8078.07,sem rede,,49.54,0.0,49.54,8.996908261597078,3.337192051686243,1
Bela Vista da Caroba,2010,19,4040,27.22,10428.96,sem rede,,49.54,0.0,49.54,9.252341830655041,3.30395199722332,2
Bela Vista da Caroba,2011,12,3903,26.3,11469.13,sem rede,,49.54,0.0,49.54,9.347414357203064,3.269568939183719,3
Bela Vista da Caroba,2012,22,3861,26.02,11758.35,sem rede,,49.54,0.0,49.54,9.372318905486344,3.2588654730843594,4
Bela Vista da Caroba,2013,3,3926,26.46,14784.77,sem rede,,49.54,0.0,49.54,9.60135287585851,3.2756341586868096,5
Bela Vista da Caroba,2014,0,3887,26.19,14966.81,sem rede,,49.54,0.0,49.54,9.613590361853795,3.2653776585196206,6
Bela Vista da Caroba,2015,1,3848,25.93,15694.65,sem rede,,49.54,0.0,49.54,9.66107516893183,3.255400599550573,7
Bela Vista da Caroba,2016,0,3811,25.68,25203.62,sem rede,,49.54,0.0,49.54,10.134742913976378,3.2457124788217606,8
Bela Vista da Caroba,2017,16,3774,25.43,17523.32,sem rede,,49.54,0.0,49.54,9.771287844254854,3.2359295794340284,9
Bela Vista da Caroba,2018,1,3567,24.04,20124.47,sem rede,,49.54,0.0,49.54,9.909691766536255,3.179719109667007,10
Bela Vista da Caroba,2019,7,3511,23.66,20053.55,sem rede,,49.54,0.0,49.54,9.90616147441852,3.1637858585502405,11
Bela Vista da Caroba,2020,3,3457,23.3,27163.15,sem rede,,49.54,0.0,49.54,10.209616554328987,3.1484533605716547,12
Bela Vista da Caroba,2021,1,3404,22.94,31411.28,sem rede,,49.54,0.0,49.54,10.354922343055451,3.1328821117012247,13
Bela Vista da Caroba,2022,0,3636,24.5,25046.75,sem rede,,49.54,0.0,49.54,10.12849935757702,3.1986731175506815,14
Bela Vista da Caroba,2023,3,3868,26.06,32599.53,sem rede,,49.54,0.0,49.54,10.392053150072956,3.260401571696699,15
Bela Vista da Caroba,2024,5,4100,27.63,30754.88,sem rede,,49.54,0.0,49.54,10.333803959830272,3.318902138935325,16
Bela Vista da Caroba,2025,4,4122,27.78,30590.73,sem rede,,49.54,0.0,49.54,10.328452300868054,3.3243163373261977,17
Bela Vista da Caroba,2026,4,4122,27.78,30590.73,sem rede,,49.54,0.0,49.54,10.328452300868054,3.3243163373261977,18
Bela Vista do Paraíso,2008,17,15465,63.56,11334.89,cobertura baixa,52.85,96.9,52.85,96.9,9.335640858439314,4.151984341668515,0
Bela Vista do Paraíso,2009,13,15496,63.69,11393.84,cobertura baixa,52.85,96.9,52.85,96.9,9.340828137463246,4.1540275643832745,1
Bela Vista do Paraíso,2010,9,15290,62.84,12937.21,cobertura baixa,52.85,96.9,52.85,96.9,9.467862934297557,4.14059181338742,2
Bela Vista do Paraíso,2011,5,15083,61.99,15666.45,cobertura baixa,52.85,96.9,52.85,96.9,9.65927676214122,4.126973081713828,3
Bela Vista do Paraíso,2012,4,15087,62.01,19470.74,cobertura baixa,52.85,96.9,52.85,96.9,9.87666810483454,4.127295662361787,4
Bela Vista do Paraíso,2013,9,15565,63.97,21869.39,cobertura baixa,52.85,96.9,52.85,96.9,9.992843221192201,4.158414223462046,5
Bela Vista do Paraíso,2014,10,15589,64.07,21305.79,cobertura baixa,52.85,96.9,52.85,96.9,9.966734145744084,4.15997623565093,6
Bela Vista do Paraíso,2015,12,15612,64.17,27637.59,cobertura baixa,52.85,96.9,52.85,96.9,10.226932081605447,4.161535811762424,7
Bela Vista do Paraíso,2016,19,15634,64.26,28737.05,cobertura baixa,52.85,96.9,52.85,96.9,10.265942509966667,4.162937353687712,8
Bela Vista do Paraíso,2017,12,15656,64.35,28777.08,cobertura baixa,52.85,96.9,52.85,96.9,10.267334515947242,4.164336934042136,9
Bela Vista do Paraíso,2018,15,15395,63.28,29496.07,cobertura baixa,52.85,96.9,52.85,96.9,10.292012313114311,4.147569323459399,10
Bela Vista do Paraíso,2019,5,15397,63.28,30153.34,cobertura baixa,52.85,96.9,52.85,96.9,10.314050975455896,4.147569323459399,11
Bela Vista do Paraíso,2020,10,15399,63.29,34275.15,cobertura baixa,52.85,96.9,52.85,96.9,10.442175880788554,4.147727338787214,12
Bela Vista do Paraíso,2021,5,15400,63.3,34012.4,cobertura baixa,52.85,96.9,52.85,96.9,10.434480442991626,4.147885329150131,13
Bela Vista do Paraíso,2022,5,15266,62.75,41484.48,cobertura baixa,52.85,96.9,52.85,96.9,10.633074660368747,4.139158578011894,14
Bela Vista do Paraíso,2023,5,15132,62.19,37275.57,cobertura baixa,52.85,96.9,52.85,96.9,10.526093431266524,4.1301942151157975,15
Bela Vista do Paraíso,2024,7,14998,61.64,37608.61,cobertura baixa,52.85,96.9,52.85,96.9,10.534988292525625,4.121311010451915,16
Bela Vista do Paraíso,2025,5,14982,61.58,37648.78,cobertura baixa,52.85,96.9,52.85,96.9,10.53605582898457,4.120337142496354,17
Bela Vista do Paraíso,2026,1,14982,61.58,37648.78,cobertura baixa,52.85,96.9,52.85,96.9,10.53605582898457,4.120337142496354,18
Bituruna,2008,34,16716,13.51,8695.56,cobertura baixa,45.38,66.53,45.38,66.53,9.070567829544844,2.6034301519721073,0
Bituruna,2009,45,16803,13.58,8198.12,cobertura baixa,45.38,66.53,45.38,66.53,9.011660138673669,2.60859812213055,1
Bituruna,2010,48,16348,13.21,9540.86,cobertura baixa,45.38,66.53,45.38,66.53,9.163338907129882,2.580974118534234,2
Bituruna,2011,22,15892,12.85,11115.97,cobertura baixa,45.38,66.53,45.38,66.53,9.31613809204623,2.553343811341229,3
Bituruna,2012,31,15903,12.85,11655.1,cobertura baixa,45.38,66.53,45.38,66.53,9.36349913144163,2.553343811341229,4
Bituruna,2013,25,16416,13.27,13492.08,cobertura baixa,45.38,66.53,45.38,66.53,9.50985812560363,2.5855058483441162,5
Bituruna,2014,12,16448,13.29,15777.3,cobertura baixa,45.38,66.53,45.38,66.53,9.666327477098537,2.587011872725154,6
Bituruna,2015,8,16480,13.32,16379.85,cobertura baixa,45.38,66.53,45.38,66.53,9.703807199855973,2.589266665112243,7
Bituruna,2016,9,16511,13.35,17597.18,cobertura baixa,45.38,66.53,45.38,66.53,9.775493940915755,2.5915163848462583,8
Bituruna,2017,4,16627,13.44,19856.92,cobertura baixa,45.38,66.53,45.38,66.53,9.896307839972954,2.5982353350950036,9
Bituruna,2018,11,16377,13.24,22965.62,cobertura baixa,45.38,66.53,45.38,66.53,10.041753594000516,2.5832425505088623,10
Bituruna,2019,20,16389,13.25,22005.49,cobertura baixa,45.38,66.53,45.38,66.53,9.99904724666371,2.583997552432231,11
Bituruna,2020,20,16400,13.26,27059.33,cobertura baixa,45.38,66.53,45.38,66.53,10.205787141625198,2.5847519847577165,12
Bituruna,2021,13,16411,13.26,33656.82,cobertura baixa,45.38,66.53,45.38,66.53,10.423970989128536,2.5847519847577165,13
Bituruna,2022,15,16170,13.07,32631.29,cobertura baixa,45.38,66.53,45.38,66.53,10.39302692297692,2.570319527636131,14
Bituruna,2023,8,15930,12.88,41203.83,cobertura baixa,45.38,66.53,45.38,66.53,10.626286492182045,2.5556757206762075,15
Bituruna,2024,9,15689,12.68,41836.76,cobertura baixa,45.38,66.53,45.38,66.53,10.64153065788183,2.5400259490090797,16
Bituruna,2025,7,15650,12.65,41941.02,cobertura baixa,45.38,66.53,45.38,66.53,10.64401962461797,2.5376572151735295,17
Bituruna,2026,9,15650,12.65,41941.02,cobertura baixa,45.38,66.53,45.38,66.53,10.64401962461797,2.5376572151735295,18
Boa Esperança,2008,19,4785,15.77,25126.44,sem rede,,85.66,0.0,85.66,10.131675957151861,2.758109400974947,0
Boa Esperança,2009,31,4742,15.62,21958.67,sem rede,,85.66,0.0,85.66,9.99691732912633,2.7485521444115397,1
Boa Esperança,2010,14,4632,15.26,20765.11,sem rede,,85.66,0.0,85.66,9.941029453426214,2.725235025856311,2
Boa Esperança,2011,21,4523,14.9,24618.17,sem rede,,85.66,0.0,85.66,10.111240067162687,2.7013612129514133,3
Boa Esperança,2012,8,4479,14.76,28436.26,sem rede,,85.66,0.0,85.66,10.255420370347002,2.6919208191723265,4
Boa Esperança,2013,9,4559,15.02,37984.65,sem rede,,85.66,0.0,85.66,10.544937409731386,2.7093826463359885,5
Boa Esperança,2014,7,4518,14.89,39328.24,sem rede,,85.66,0.0,85.66,10.579698114869517,2.7006898466959175,6
Boa Esperança,2015,3,4478,14.75,35919.38,sem rede,,85.66,0.0,85.66,10.489032261688106,2.691243082785829,7
Boa Esperança,2016,16,4438,14.62,47733.66,sem rede,,85.66,0.0,85.66,10.773392088392574,2.6823904543216326,8
Boa Esperança,2017,2,4392,14.47,44485.88,sem rede,,85.66,0.0,85.66,10.702927114432178,2.6720775406433925,9
Boa Esperança,2018,2,4165,13.72,48709.24,sem rede,,85.66,0.0,85.66,10.793624024133189,2.6188546222977394,10
Boa Esperança,2019,0,4105,13.53,49033.13,sem rede,,85.66,0.0,85.66,10.800251471073937,2.604909442182697,11
Boa Esperança,2020,0,4047,13.33,68227.58,sem rede,,85.66,0.0,85.66,11.130604160911366,2.5900171341906173,12
Boa Esperança,2021,0,3991,13.15,71583.31,sem rede,,85.66,0.0,85.66,11.17861722521792,2.5764217586237734,13
Boa Esperança,2022,0,4201,13.84,66808.14,sem rede,,85.66,0.0,85.66,11.109580208388287,2.6275629501895237,14
Boa Esperança,2023,3,4412,14.54,77726.65,sem rede,,85.66,0.0,85.66,11.260953463392527,2.6769034721053733,15
Boa Esperança,2024,1,4622,15.23,74195.15,sem rede,,85.66,0.0,85.66,11.214454063137758,2.7232671669070703,16
Boa Esperança,2025,1,4595,15.14,74631.12,sem rede,,85.66,0.0,85.66,11.220312857382513,2.717340248009303,17
Boa Esperança,2026,0,4595,15.14,74631.12,sem rede,,85.66,0.0,85.66,11.220312857382513,2.717340248009303,18
Boa Esperança do Iguaçu,2008,4,2919,19.19,14619.73,sem rede,,51.72,0.0,51.72,9.59012726528098,2.9543893100196086,0
Boa Esperança do Iguaçu,2009,23,2898,19.05,13253.28,sem rede,,51.72,0.0,51.72,9.492000347949434,2.94706710157271,1
Boa Esperança do Iguaçu,2010,37,2818,18.53,15759.05,sem rede,,51.72,0.0,51.72,9.66517008240719,2.9193910402972683,2
Boa Esperança do Iguaçu,2011,15,2738,18.0,18149.38,sem rede,,51.72,0.0,51.72,9.806391679329924,2.8903717578961645,3
Boa Esperança do Iguaçu,2012,32,2713,17.84,18823.44,sem rede,,51.72,0.0,51.72,9.842858180708411,2.8814431271518632,4
Boa Esperança do Iguaçu,2013,11,2763,18.17,22973.58,sem rede,,51.72,0.0,51.72,10.042100139002592,2.89977188240808,5
Boa Esperança do Iguaçu,2014,9,2739,18.01,23043.08,sem rede,,51.72,0.0,51.72,10.045120786430934,2.8909271591878647,6
Boa Esperança do Iguaçu,2015,1,2716,17.86,25884.76,sem rede,,51.72,0.0,51.72,10.161409657513996,2.882563575448353,7
Boa Esperança do Iguaçu,2016,5,2694,17.71,31164.44,sem rede,,51.72,0.0,51.72,10.347032980206167,2.8741294517947424,8
Boa Esperança do Iguaçu,2017,0,2671,17.56,32016.1,sem rede,,51.72,0.0,51.72,10.373994180256917,2.8656235882069705,9
Boa Esperança do Iguaçu,2018,1,2538,16.69,36931.44,sem rede,,51.72,0.0,51.72,10.516818499775285,2.8148097376737438,10
Boa Esperança do Iguaçu,2019,2,2503,16.46,35233.32,sem rede,,51.72,0.0,51.72,10.46974750476063,2.800933195248924,11
Boa Esperança do Iguaçu,2020,1,2470,16.24,47700.0,sem rede,,51.72,0.0,51.72,10.772686676876432,2.787477334733532,12
Boa Esperança do Iguaçu,2021,2,2437,16.02,58517.44,sem rede,,51.72,0.0,51.72,10.977080108449233,2.7738379416402132,13
Boa Esperança do Iguaçu,2022,1,2441,16.05,49993.45,sem rede,,51.72,0.0,51.72,10.819647275829034,2.775708849576025,14
Boa Esperança do Iguaçu,2023,0,2444,16.07,67524.96,sem rede,,51.72,0.0,51.72,11.120252586287446,2.776954179749421,15
Boa Esperança do Iguaçu,2024,0,2448,16.09,67414.62,sem rede,,51.72,0.0,51.72,11.118617187324558,2.7781979610042917,16
Boa Esperança do Iguaçu,2025,2,2421,15.92,68166.46,sem rede,,51.72,0.0,51.72,11.129707934007447,2.767576180416237,17
Boa Esperança do Iguaçu,2026,0,2421,15.92,68166.46,sem rede,,51.72,0.0,51.72,11.129707934007447,2.767576180416237,18
Boa Ventura de São Roque,2008,30,6952,11.18,13962.46,sem rede,,31.41,0.0,31.41,9.54412757855688,2.414126467726953,0
Boa Ventura de São Roque,2009,41,6964,11.2,13666.28,sem rede,,31.41,0.0,31.41,9.522686763935162,2.4159137783010487,1
Boa Ventura de São Roque,2010,12,6750,10.86,14568.59,sem rede,,31.41,0.0,31.41,9.586623120312778,2.3850863145057892,2
Boa Ventura de São Roque,2011,5,6537,10.51,15336.39,sem rede,,31.41,0.0,31.41,9.637983714762072,2.3523271848888596,3
Boa Ventura de São Roque,2012,4,6520,10.49,18109.66,sem rede,,31.41,0.0,31.41,9.804200776543299,2.3504224224082058,4
Boa Ventura de São Roque,2013,16,6702,10.78,21891.38,sem rede,,31.41,0.0,31.41,9.993848231014967,2.377692565480851,5
Boa Ventura de São Roque,2014,8,6692,10.76,24613.72,sem rede,,31.41,0.0,31.41,10.111059290027699,2.3758355547336385,6
Boa Ventura de São Roque,2015,12,6683,10.75,23323.81,sem rede,,31.41,0.0,31.41,10.057230006193278,2.3749057545736716,7
Boa Ventura de São Roque,2016,29,6674,10.73,30580.01,sem rede,,31.41,0.0,31.41,10.328101806494118,2.373043556642607,8
Boa Ventura de São Roque,2017,14,6665,10.72,33444.41,sem rede,,31.41,0.0,31.41,10.41763993649393,2.372111155642656,9
Boa Ventura de São Roque,2018,8,6411,10.31,36480.11,sem rede,,31.41,0.0,31.41,10.504522459534599,2.333114298028869,10
Boa Ventura de São Roque,2019,7,6387,10.27,34084.55,sem rede,,31.41,0.0,31.41,10.436599481421338,2.329227023940467,11
Boa Ventura de São Roque,2020,1,6365,10.24,47251.22,sem rede,,31.41,0.0,31.41,10.763233752694376,2.3263016196113617,12
Boa Ventura de São Roque,2021,2,6343,10.2,56990.38,sem rede,,31.41,0.0,31.41,10.950637760643279,2.322387720290225,13
Boa Ventura de São Roque,2022,4,6310,10.15,66470.36,sem rede,,31.41,0.0,31.41,11.104511412998093,2.3174737054877963,14
Boa Ventura de São Roque,2023,0,6277,10.09,71596.94,sem rede,,31.41,0.0,31.41,11.178807614605299,2.3115448343655176,15
Boa Ventura de São Roque,2024,6,6244,10.04,71975.34,sem rede,,31.41,0.0,31.41,11.184078839331672,2.306577114263583,16
Boa Ventura de São Roque,2025,1,6241,10.04,72009.93,sem rede,,31.41,0.0,31.41,11.18455930515523,2.306577114263583,17
Boa Ventura de São Roque,2026,4,6241,10.04,72009.93,sem rede,,31.41,0.0,31.41,11.18455930515523,2.306577114263583,18
Boa Vista da Aparecida,2008,4,7972,29.88,6899.4,sem rede,,82.2,0.0,82.2,8.839189730282675,3.3971893602646164,0
Boa Vista da Aparecida,2009,7,7919,29.68,6885.84,sem rede,,82.2,0.0,82.2,8.837222408078127,3.39047341829918,1
Boa Vista da Aparecida,2010,30,7896,29.6,7602.96,sem rede,,82.2,0.0,82.2,8.936292924133445,3.3877743613300146,2
Boa Vista da Aparecida,2011,52,7872,29.51,9065.68,sem rede,,82.2,0.0,82.2,9.112251134164858,3.3847291889548483,3
Boa Vista da Aparecida,2012,28,7834,29.36,10285.93,sem rede,,82.2,0.0,82.2,9.238532220945187,3.3796332037463146,4
Boa Vista da Aparecida,2013,26,8028,30.09,12022.8,sem rede,,82.2,0.0,82.2,9.394560126053218,3.4041928906419536,5
Boa Vista da Aparecida,2014,41,7998,29.98,13330.33,sem rede,,82.2,0.0,82.2,9.497797169055373,3.4005304926744517,6
Boa Vista da Aparecida,2015,38,7968,29.87,14774.6,sem rede,,82.2,0.0,82.2,9.600664769149788,3.3968546322280186,7
Boa Vista da Aparecida,2016,33,7939,29.76,16823.4,sem rede,,82.2,0.0,82.2,9.730526053408495,3.393165209964891,8
Boa Vista da Aparecida,2017,18,7911,29.65,17035.39,sem rede,,82.2,0.0,82.2,9.74304822387468,3.3894621254437345,9
Boa Vista da Aparecida,2018,21,7643,28.65,18345.68,sem rede,,82.2,0.0,82.2,9.817149403423203,3.3551534431607486,10
Boa Vista da Aparecida,2019,9,7591,28.45,18545.51,sem rede,,82.2,0.0,82.2,9.82798299021959,3.34814816057234,11
Boa Vista da Aparecida,2020,7,7540,28.26,23924.14,sem rede,,82.2,0.0,82.2,10.082643270011562,3.3414473772563813,12
Boa Vista da Aparecida,2021,1,7524,28.2,24629.85,sem rede,,82.2,0.0,82.2,10.111714400962056,3.339321977944068,13
Boa Vista da Aparecida,2022,7,7694,28.84,24992.46,sem rede,,82.2,0.0,82.2,10.12632945835991,3.3617633124167483,14
Boa Vista da Aparecida,2023,11,7864,29.48,28285.48,sem rede,,82.2,0.0,82.2,10.250103877758773,3.383712067321136,15
Boa Vista da Aparecida,2024,21,8034,30.11,27686.96,sem rede,,82.2,0.0,82.2,10.228716823211293,3.4048573424936426,16
Boa Vista da Aparecida,2025,22,8023,30.07,27724.92,sem rede,,82.2,0.0,82.2,10.230086926731989,3.4035279970004377,17
Boa Vista da Aparecida,2026,4,8023,30.07,27724.92,sem rede,,82.2,0.0,82.2,10.230086926731989,3.4035279970004377,18
Bocaiúva do Sul,2008,21,9910,11.98,7677.19,cobertura baixa,43.09,70.99,43.09,70.99,8.94600887377265,2.4832385926873033,0
Bocaiúva do Sul,2009,14,9989,12.07,8618.88,cobertura baixa,43.09,70.99,43.09,70.99,9.061710424821623,2.4907230351094403,1
Bocaiúva do Sul,2010,8,10562,12.76,10458.53,cobertura baixa,43.09,70.99,43.09,70.99,9.255173192370044,2.546315277916644,2
Bocaiúva do Sul,2011,6,11136,13.46,10390.45,cobertura baixa,43.09,70.99,43.09,70.99,9.248642394031226,2.599722324216582,3
Bocaiúva do Sul,2012,3,11280,13.63,11989.01,cobertura baixa,43.09,70.99,43.09,70.99,9.391745675805229,2.612273245708441,4
Bocaiúva do Sul,2013,7,11826,14.29,12998.99,cobertura baixa,43.09,70.99,43.09,70.99,9.472626941117777,2.659559991941776,5
Bocaiúva do Sul,2014,4,11996,14.5,13903.97,cobertura baixa,43.09,70.99,43.09,70.99,9.539929689850371,2.6741486494265287,6
Bocaiúva do Sul,2015,2,12159,14.69,14606.22,cobertura baixa,43.09,70.99,43.09,70.99,9.589202744369782,2.6871669901857858,7
Bocaiúva do Sul,2016,3,12320,14.89,15840.42,cobertura baixa,43.09,70.99,43.09,70.99,9.670320180168412,2.7006898466959175,8
Bocaiúva do Sul,2017,3,12477,15.08,15868.96,cobertura baixa,43.09,70.99,43.09,70.99,9.672120278921945,2.71336936257981,9
Bocaiúva do Sul,2018,2,12755,15.41,15506.08,cobertura baixa,43.09,70.99,43.09,70.99,9.648987484058772,2.7350166493320245,10
Bocaiúva do Sul,2019,3,12944,15.64,15502.78,cobertura baixa,43.09,70.99,43.09,70.99,9.648774641663891,2.7498317351171653,11
Bocaiúva do Sul,2020,1,13129,15.87,17745.98,cobertura baixa,43.09,70.99,43.09,70.99,9.783914290380109,2.7644305345383176,12
Bocaiúva do Sul,2021,5,13308,16.08,21064.55,cobertura baixa,43.09,70.99,43.09,70.99,9.955346811735376,2.77757626375082,13
Bocaiúva do Sul,2022,4,13473,16.28,21457.21,cobertura baixa,43.09,70.99,43.09,70.99,9.97381599841308,2.7899373605743945,14
Bocaiúva do Sul,2023,6,13639,16.48,22398.86,cobertura baixa,43.09,70.99,43.09,70.99,10.016765343690903,2.8021475244813256,15
Bocaiúva do Sul,2024,7,13804,16.68,22131.12,cobertura baixa,43.09,70.99,43.09,70.99,10.004740041796083,2.8142103969306005,16
Bocaiúva do Sul,2025,7,13405,16.2,22789.85,cobertura baixa,43.09,70.99,43.09,70.99,10.034070540383931,2.785011242238338,17
Bocaiúva do Sul,2026,4,13405,16.2,22789.85,cobertura baixa,43.09,70.99,43.09,70.99,10.034070540383931,2.785011242238338,18
Bom Jesus do Sul,2008,28,3907,22.15,7917.84,sem rede,,36.89,0.0,36.89,8.976873720338899,3.0978374964911444,0
Bom Jesus do Sul,2009,14,3879,21.99,7365.3,sem rede,,36.89,0.0,36.89,8.904535061264713,3.09058780456667,1
Bom Jesus do Sul,2010,30,3824,21.68,8863.49,sem rede,,36.89,0.0,36.89,9.089695871230717,3.0763901765714454,2
Bom Jesus do Sul,2011,3,3769,21.37,10181.48,sem rede,,36.89,0.0,36.89,9.22832566264154,3.0619880693310564,3
Bom Jesus do Sul,2012,33,3742,21.21,10050.51,sem rede,,36.89,0.0,36.89,9.21537865846833,3.0544727685765913,4
Bom Jesus do Sul,2013,10,3824,21.68,13342.57,sem rede,,36.89,0.0,36.89,9.498714954587442,3.0763901765714454,5
Bom Jesus do Sul,2014,0,3800,21.54,14701.05,sem rede,,36.89,0.0,36.89,9.595674198787357,3.0699116717282426,6
Bom Jesus do Sul,2015,1,3777,21.41,16333.33,sem rede,,36.89,0.0,36.89,9.700963084343,3.0638581026015914,7
Bom Jesus do Sul,2016,0,3755,21.29,19276.43,sem rede,,36.89,0.0,36.89,9.866638385044098,3.058237478905388,8
Bom Jesus do Sul,2017,0,3733,21.16,18865.52,sem rede,,36.89,0.0,36.89,9.845091196290985,3.052112606990099,9
Bom Jesus do Sul,2018,0,3577,20.28,20289.07,sem rede,,36.89,0.0,36.89,9.917837596382498,3.0096351787229825,10
Bom Jesus do Sul,2019,0,3541,20.07,19812.2,sem rede,,36.89,0.0,36.89,9.89405318854916,2.9992261628082466,11
Bom Jesus do Sul,2020,1,3506,19.88,26147.75,sem rede,,36.89,0.0,36.89,10.171518423726228,2.989714201228428,12
Bom Jesus do Sul,2021,1,3472,19.68,33315.09,sem rede,,36.89,0.0,36.89,10.413765726478806,2.9796028916241073,13
Bom Jesus do Sul,2022,0,3668,20.79,34458.29,sem rede,,36.89,0.0,36.89,10.447504886099656,3.0344721018699214,14
Bom Jesus do Sul,2023,0,3865,21.91,36848.12,sem rede,,36.89,0.0,36.89,10.51455987867696,3.086943153607375,15
Bom Jesus do Sul,2024,0,4061,23.02,35069.69,sem rede,,36.89,0.0,36.89,10.465092503631226,3.1363634032937364,16
Bom Jesus do Sul,2025,0,4072,23.08,34974.95,sem rede,,36.89,0.0,36.89,10.462387369940094,3.138966441639899,17
Bom Jesus do Sul,2026,0,4072,23.08,34974.95,sem rede,,36.89,0.0,36.89,10.462387369940094,3.138966441639899,18
Bom Sucesso,2008,1,6634,20.51,8433.68,sem rede,,95.21,0.0,95.21,9.039988491922012,3.0209125720842893,0
Bom Sucesso,2009,1,6676,20.64,8859.5,sem rede,,95.21,0.0,95.21,9.089245608598125,3.027230940613362,1
Bom Sucesso,2010,0,6634,20.51,9366.14,sem rede,,95.21,0.0,95.21,9.14485633731488,3.0209125720842893,2
Bom Sucesso,2011,0,6591,20.37,11194.66,sem rede,,95.21,0.0,95.21,9.32319215787045,3.0140632302387145,3
Bom Sucesso,2012,1,6620,20.46,12819.94,sem rede,,95.21,0.0,95.21,9.458757050276501,3.0184717605234805,4
Bom Sucesso,2013,2,6866,21.22,14536.7,sem rede,,95.21,0.0,95.21,9.584431765218126,3.054944133185837,5
Bom Sucesso,2014,0,6906,21.35,14155.08,sem rede,,95.21,0.0,95.21,9.557828849243204,3.0610517396746335,6
Bom Sucesso,2015,1,6944,21.47,14937.07,sem rede,,95.21,0.0,95.21,9.611601321648646,3.0666566118906897,7
Bom Sucesso,2016,0,6982,21.58,16081.35,sem rede,,95.21,0.0,95.21,9.685415494432796,3.0717669598299886,8
Bom Sucesso,2017,1,7019,21.7,17497.36,sem rede,,95.21,0.0,95.21,9.769805291388664,3.077312260546414,9
Bom Sucesso,2018,1,6995,21.62,16424.3,sem rede,,95.21,0.0,95.21,9.706517224484214,3.073618812211062,10
Bom Sucesso,2019,4,7032,21.74,17084.19,sem rede,,95.21,0.0,95.21,9.745908753416723,3.0791538816930633,11
Bom Sucesso,2020,0,7068,21.85,20852.01,sem rede,,95.21,0.0,95.21,9.945205625458186,3.084200921541599,12
Bom Sucesso,2021,0,7103,21.96,22141.21,sem rede,,95.21,0.0,95.21,10.00519585698244,3.08922261664133,13
Bom Sucesso,2022,2,6961,21.52,25828.04,sem rede,,95.21,0.0,95.21,10.159216002451988,3.0689827352935835,14
Bom Sucesso,2023,1,6819,21.08,32505.94,sem rede,,95.21,0.0,95.21,10.389178120848337,3.0483247236731614,15
Bom Sucesso,2024,4,6677,20.64,33197.24,sem rede,,95.21,0.0,95.21,10.410222018918759,3.027230940613362,16
Bom Sucesso,2025,6,6674,20.63,33212.17,sem rede,,95.21,0.0,95.21,10.410671654000641,3.0267463270831603,17
Bom Sucesso,2026,1,6674,20.63,33212.17,sem rede,,95.21,0.0,95.21,10.410671654000641,3.0267463270831603,18
Bom Sucesso do Sul,2008,14,3107,15.83,20965.56,sem rede,,54.27,0.0,54.27,9.950636370433434,2.761906873892921,0
Bom Sucesso do Sul,2009,11,3075,15.66,19906.99,sem rede,,54.27,0.0,54.27,9.898826205317945,2.751109690562657,1
Bom Sucesso do Sul,2010,9,3180,16.2,21512.89,sem rede,,54.27,0.0,54.27,9.976407569350236,2.785011242238338,2
Bom Sucesso do Sul,2011,10,3286,16.74,26372.19,sem rede,,54.27,0.0,54.27,10.180065324818187,2.817801065061329,3
Bom Sucesso do Sul,2012,3,3279,16.7,31539.8,sem rede,,54.27,0.0,54.27,10.359005519342833,2.8154087194227095,4
Bom Sucesso do Sul,2013,2,3372,17.18,42116.84,sem rede,,54.27,0.0,54.27,10.6482029396918,2.8437459165561094,5
Bom Sucesso do Sul,2014,3,3368,17.16,42495.25,sem rede,,54.27,0.0,54.27,10.657147583960485,2.8425810940598164,6
Bom Sucesso do Sul,2015,2,3365,17.14,44330.46,sem rede,,54.27,0.0,54.27,10.699427304405315,2.8414149131696336,7
Bom Sucesso do Sul,2016,1,3361,17.12,67165.72,sem rede,,54.27,0.0,54.27,11.114918277308636,2.840247370713596,8
Bom Sucesso do Sul,2017,3,3358,17.11,52370.76,sem rede,,54.27,0.0,54.27,10.866103699293497,2.839663087904102,9
Bom Sucesso do Sul,2018,1,3274,16.68,62892.49,sem rede,,54.27,0.0,54.27,11.049182039693823,2.8142103969306005,10
Bom Sucesso do Sul,2019,1,3264,16.63,54459.25,sem rede,,54.27,0.0,54.27,10.905207994557454,2.811208293204836,11
Bom Sucesso do Sul,2020,5,3254,16.58,80643.82,sem rede,,54.27,0.0,54.27,11.29779745321497,2.8081971497071487,12
Bom Sucesso do Sul,2021,2,3244,16.53,92495.68,sem rede,,54.27,0.0,54.27,11.43491721970721,2.805176911832933,13
Bom Sucesso do Sul,2022,3,3241,16.51,96959.89,sem rede,,54.27,0.0,54.27,11.482052666814049,2.8039662579320366,14
Bom Sucesso do Sul,2023,2,3237,16.49,102411.18,sem rede,,54.27,0.0,54.27,11.536751165315376,2.8027541365715076,15
Bom Sucesso do Sul,2024,2,3234,16.47,102506.18,sem rede,,54.27,0.0,54.27,11.537678368425995,2.8015405441895487,16
Bom Sucesso do Sul,2025,1,3244,16.53,102190.2,sem rede,,54.27,0.0,54.27,11.534591061743003,2.805176911832933,17
Bom Sucesso do Sul,2026,0,3244,16.53,102190.2,sem rede,,54.27,0.0,54.27,11.534591061743003,2.805176911832933,18
Borrazópolis,2008,64,8355,24.93,10421.18,sem rede,,86.4,0.0,86.4,9.251595552657763,3.2160718975354663,0
Borrazópolis,2009,30,8235,24.57,10097.87,sem rede,,86.4,0.0,86.4,9.22007978949959,3.201526186533088,1
Borrazópolis,2010,38,7996,23.85,10835.42,sem rede,,86.4,0.0,86.4,9.290575676486373,3.1717842173343502,2
Borrazópolis,2011,39,7758,23.14,13593.97,sem rede,,86.4,0.0,86.4,9.517381591048183,3.1415627217655304,3
Borrazópolis,2012,18,7641,22.8,17975.53,sem rede,,86.4,0.0,86.4,9.796766667550946,3.126760535960395,4
Borrazópolis,2013,12,7724,23.04,21820.43,sem rede,,86.4,0.0,86.4,9.990601965883997,3.1372318358276905,5
Borrazópolis,2014,30,7608,22.7,18973.05,sem rede,,86.4,0.0,86.4,9.850774830184543,3.122364924487357,6
Borrazópolis,2015,21,7497,22.37,21888.49,sem rede,,86.4,0.0,86.4,9.993716206867605,3.107720775502038,7
Borrazópolis,2016,41,7387,22.04,23501.15,sem rede,,86.4,0.0,86.4,10.064804635105128,3.092858984284714,8
Borrazópolis,2017,40,7280,21.72,22835.44,sem rede,,86.4,0.0,86.4,10.036068994099981,3.0782334950657346,9
Borrazópolis,2018,32,6749,20.13,31389.69,sem rede,,86.4,0.0,86.4,10.354234774030623,3.0022112396517002,10
Borrazópolis,2019,21,6592,19.67,30001.67,sem rede,,86.4,0.0,86.4,10.309008325761628,2.979094632400968,11
Borrazópolis,2020,11,6439,19.21,35870.32,sem rede,,86.4,0.0,86.4,10.487665491590523,2.955430976780465,12
Borrazópolis,2021,2,6290,18.76,39057.71,sem rede,,86.4,0.0,86.4,10.57279557495982,2.9317269435780786,13
Borrazópolis,2022,0,6801,20.29,39696.96,sem rede,,86.4,0.0,86.4,10.589029889436015,3.0101281538377234,14
Borrazópolis,2023,2,7313,21.82,40539.45,sem rede,,86.4,0.0,86.4,10.610030853066403,3.0828269804049246,15
Borrazópolis,2024,2,7824,23.34,37891.74,sem rede,,86.4,0.0,86.4,10.542488425365212,3.15016862685841,16
Borrazópolis,2025,2,7818,23.32,37920.82,sem rede,,86.4,0.0,86.4,10.543255580607726,3.1493113614822916,17
Borrazópolis,2026,0,7818,23.32,37920.82,sem rede,,86.4,0.0,86.4,10.543255580607726,3.1493113614822916,18
Braganey,2008,14,6213,18.05,13289.72,sem rede,,70.53,0.0,70.53,9.494746083012812,2.89314568477889,0
Braganey,2009,20,6209,18.04,11935.9,sem rede,,70.53,0.0,70.53,9.387305944392361,2.8925915146344776,1
Braganey,2010,15,5954,17.3,13211.96,sem rede,,70.53,0.0,70.53,9.488877758955386,2.8507065015037334,2
Braganey,2011,16,5700,16.56,18764.74,sem rede,,70.53,0.0,70.53,9.839734855890931,2.8069901489571136,3
Braganey,2012,27,5667,16.46,21895.18,sem rede,,70.53,0.0,70.53,9.994021800256741,2.800933195248924,4
Braganey,2013,10,5799,16.85,27007.07,sem rede,,70.53,0.0,70.53,10.203853962561105,2.8243506567983707,5
Braganey,2014,7,5770,16.76,27497.23,sem rede,,70.53,0.0,70.53,10.221840551308603,2.818995095053937,6
Braganey,2015,4,5742,16.68,28388.89,sem rede,,70.53,0.0,70.53,10.253753150428619,2.8142103969306005,7
Braganey,2016,10,5714,16.6,31542.7,sem rede,,70.53,0.0,70.53,10.359097462433297,2.8094026953624978,8
Braganey,2017,10,5687,16.52,28460.52,sem rede,,70.53,0.0,70.53,10.256273142734832,2.804571768092832,9
Braganey,2018,9,5473,15.9,31363.24,sem rede,,70.53,0.0,70.53,10.35339178545411,2.766319109226186,10
Braganey,2019,14,5427,15.77,32664.64,sem rede,,70.53,0.0,70.53,10.394048426243662,2.758109400974947,11
Braganey,2020,3,5382,15.64,45479.38,sem rede,,70.53,0.0,70.53,10.725014315405677,2.7498317351171653,12
Braganey,2021,49,5338,15.51,45246.53,sem rede,,70.53,0.0,70.53,10.719881261104748,2.7414849771884473,13
Braganey,2022,41,5159,14.99,49871.29,sem rede,,70.53,0.0,70.53,10.817200765460479,2.7073833121145063,14
Braganey,2023,11,4981,14.47,52400.52,sem rede,,70.53,0.0,70.53,10.866671793924016,2.6720775406433925,15
Braganey,2024,13,4802,13.95,54353.81,sem rede,,70.53,0.0,70.53,10.903269991288333,2.6354795082673745,16
Braganey,2025,11,4745,13.79,55006.74,sem rede,,70.53,0.0,70.53,10.915211002161072,2.6239436918052106,17
Braganey,2026,7,4745,13.79,55006.74,sem rede,,70.53,0.0,70.53,10.915211002161072,2.6239436918052106,18
Brasilândia do Sul,2008,15,3321,11.39,20942.19,sem rede,,90.23,0.0,90.23,9.949521063483168,2.432735777459091,0
Brasilândia do Sul,2009,12,3260,11.18,15637.12,sem rede,,90.23,0.0,90.23,9.65740285392035,2.414126467726953,1
Brasilândia do Sul,2010,5,3208,11.0,22051.12,sem rede,,90.23,0.0,90.23,10.001118673235831,2.3978952727983707,2
Brasilândia do Sul,2011,5,3157,10.83,27204.94,sem rede,,90.23,0.0,90.23,10.21115385344066,2.382320061012899,3
Brasilândia do Sul,2012,14,3107,10.66,28713.87,sem rede,,90.23,0.0,90.23,10.265135560269158,2.3664984187376983,4
Brasilândia do Sul,2013,6,3136,10.75,40573.66,sem rede,,90.23,0.0,90.23,10.610874366575585,2.3749057545736716,5
Brasilândia do Sul,2014,7,3086,10.58,43292.94,sem rede,,90.23,0.0,90.23,10.675744852197884,2.3589654264301534,6
Brasilândia do Sul,2015,3,3037,10.41,48767.86,sem rede,,90.23,0.0,90.23,10.79482676830729,2.3427668826268775,7
Brasilândia do Sul,2016,12,2990,10.25,60201.0,sem rede,,90.23,0.0,90.23,11.005444242454628,2.327277705584417,8
Brasilândia do Sul,2017,18,2943,10.09,55552.16,sem rede,,90.23,0.0,90.23,10.925077678200207,2.3115448343655176,9
Brasilândia do Sul,2018,11,2719,9.32,70768.3,sem rede,,90.23,0.0,90.23,11.167166439303283,2.2321626286975,10
Brasilândia do Sul,2019,6,2651,9.09,63314.22,sem rede,,90.23,0.0,90.23,11.055865227453221,2.2071749081893874,11
Brasilândia do Sul,2020,15,2585,8.86,84205.42,sem rede,,90.23,0.0,90.23,11.341014568705042,2.1815467646169897,12
Brasilândia do Sul,2021,3,2521,8.65,109460.13,sem rede,,90.23,0.0,90.23,11.60331565234566,2.157559320943788,13
Brasilândia do Sul,2022,1,2957,10.14,79553.94,sem rede,,90.23,0.0,90.23,11.284190561137798,2.316487998163037,14
Brasilândia do Sul,2023,3,3392,11.63,88040.68,sem rede,,90.23,0.0,90.23,11.385554259372496,2.453587966530573,15
Brasilândia do Sul,2024,2,3828,13.13,78013.06,sem rede,,90.23,0.0,90.23,11.26463152755334,2.574899688314705,16
Brasilândia do Sul,2025,5,3861,13.24,77346.28,sem rede,,90.23,0.0,90.23,11.256047761761316,2.5832425505088623,17
Brasilândia do Sul,2026,2,3861,13.24,77346.28,sem rede,,90.23,0.0,90.23,11.256047761761316,2.5832425505088623,18
Cafeara,2008,2,2821,15.15,10221.55,sem rede,,82.98,0.0,82.98,9.232253515663052,2.7180005319553784,0
Cafeara,2009,0,2853,15.32,12411.5,sem rede,,82.98,0.0,82.98,9.426378741160345,2.729159164312445,1
Cafeara,2010,0,2782,14.94,12471.96,sem rede,,82.98,0.0,82.98,9.431238203548377,2.7040421797046714,2
Cafeara,2011,2,2712,14.56,15429.94,sem rede,,82.98,0.0,82.98,9.644065056820807,2.67827804276854,3
Cafeara,2012,1,2727,14.65,16713.24,sem rede,,82.98,0.0,82.98,9.723956498664801,2.6844403354630764,4
Cafeara,2013,0,2833,15.21,18231.2,sem rede,,82.98,0.0,82.98,9.810889691068562,2.7219531062712017,5
Cafeara,2014,0,2853,15.32,16900.81,sem rede,,82.98,0.0,82.98,9.73511682875669,2.729159164312445,6
Cafeara,2015,1,2873,15.43,18263.49,sem rede,,82.98,0.0,82.98,9.812659264035261,2.7363136663750693,7
Cafeara,2016,3,2892,15.53,21749.31,sem rede,,82.98,0.0,82.98,9.987337311875677,2.7427736371605955,8
Cafeara,2017,1,2911,15.63,21176.92,sem rede,,82.98,0.0,82.98,9.96066718837311,2.749192144433385,9
Cafeara,2018,0,2914,15.65,23156.14,sem rede,,82.98,0.0,82.98,10.050015251129832,2.750470916986162,10
Cafeara,2019,0,2934,15.76,22167.69,sem rede,,82.98,0.0,82.98,10.00639110232378,2.757475084429733,11
Cafeara,2020,1,2954,15.86,26065.0,sem rede,,82.98,0.0,82.98,10.168348697202207,2.7638002162067017,12
Cafeara,2021,0,2973,15.97,38361.59,sem rede,,82.98,0.0,82.98,10.554811977564857,2.770711962226921,13
Cafeara,2022,0,2867,15.4,32721.66,sem rede,,82.98,0.0,82.98,10.395792522926115,2.7343675094195836,14
Cafeara,2023,0,2761,14.83,44017.39,sem rede,,82.98,0.0,82.98,10.6923400620914,2.696652156149841,15
Cafeara,2024,0,2655,14.26,45774.76,sem rede,,82.98,0.0,82.98,10.731488126492374,2.65745841498615,16
Cafeara,2025,1,2648,14.22,45895.77,sem rede,,82.98,0.0,82.98,10.734128234939186,2.6546494243750947,17
Cafeara,2026,0,2648,14.22,45895.77,sem rede,,82.98,0.0,82.98,10.734128234939186,2.6546494243750947,18
Cafelândia,2008,140,13776,50.0,27429.15,cobertura alta,90.4,90.86,90.4,90.86,10.219361595482136,3.912023005428146,0
Cafelândia,2009,111,14034,50.94,28252.6,cobertura alta,90.4,90.86,90.4,90.86,10.24894076773782,3.930648469551311,1
Cafelândia,2010,114,14484,52.57,33374.69,cobertura alta,90.4,90.86,90.4,90.86,10.4155531072699,3.9621456148313565,2
Cafelândia,2011,87,14933,54.2,46966.65,cobertura alta,90.4,90.86,90.4,90.86,10.757193054356994,3.9926809084456005,3
Cafelândia,2012,69,15194,55.15,56371.2,cobertura alta,90.4,90.86,90.4,90.86,10.939713668768142,4.0100567456995115,4
Cafelândia,2013,73,16020,58.15,68932.83,cobertura alta,90.4,90.86,90.4,90.86,11.140887831180832,4.063025878964673,5
Cafelândia,2014,27,16321,59.24,76703.57,cobertura alta,90.4,90.86,90.4,90.86,11.247703531252608,4.081596989399598,6
Cafelândia,2015,13,16611,60.29,82207.57,cobertura alta,90.4,90.86,90.4,90.86,11.317002669261441,4.099166252501314,7
Cafelândia,2016,59,16896,61.33,89218.34,cobertura alta,90.4,90.86,90.4,90.86,11.398841902815377,4.116269119637892,8
Cafelândia,2017,43,17175,62.34,78341.14,cobertura alta,90.4,90.86,90.4,90.86,11.268828159066969,4.132603274339191,9
Cafelândia,2018,3,17775,64.52,77663.18,cobertura alta,90.4,90.86,90.4,90.86,11.260136550168157,4.166975253257008,10
Cafelândia,2019,2,18120,65.77,75397.85,cobertura alta,90.4,90.86,90.4,90.86,11.23053403900064,4.186163807313259,11
Cafelândia,2020,0,18456,66.99,113472.37,cobertura alta,90.4,90.86,90.4,90.86,11.639314650144863,4.204543354520176,12
Cafelândia,2021,1,18783,68.18,103776.07,cobertura alta,90.4,90.86,90.4,90.86,11.549990683636574,4.222151266709757,13
Cafelândia,2022,3,19137,69.46,125969.22,cobertura alta,90.4,90.86,90.4,90.86,11.743792870376714,4.240751047315928,14
Cafelândia,2023,0,19490,70.74,138416.32,cobertura alta,90.4,90.86,90.4,90.86,11.838021234288943,4.259011183777335,15
Cafelândia,2024,7,19844,72.03,135947.09,cobertura alta,90.4,90.86,90.4,90.86,11.820021044903246,4.277082698901271,16
Cafelândia,2025,13,20145,73.12,133915.81,cobertura alta,90.4,90.86,90.4,90.86,11.80496659789812,4.292101927145895,17
Cafelândia,2026,2,20145,73.12,133915.81,cobertura alta,90.4,90.86,90.4,90.86,11.80496659789812,4.292101927145895,18
Cafezal do Sul,2008,9,4348,12.93,8133.39,sem rede,,91.82,0.0,91.82,9.003733089802028,2.559550192783766,0
Cafezal do Sul,2009,3,4313,12.82,7973.1,sem rede,,91.82,0.0,91.82,8.983828654754205,2.551006451492524,1
Cafezal do Sul,2010,11,4288,12.75,8845.15,sem rede,,91.82,0.0,91.82,9.087624565183836,2.545531271604435,2
Cafezal do Sul,2011,9,4263,12.68,10280.79,sem rede,,91.82,0.0,91.82,9.238032384305509,2.5400259490090797,3
Cafezal do Sul,2012,18,4236,12.6,12378.42,sem rede,,91.82,0.0,91.82,9.423709912891859,2.533696813957432,4
Cafezal do Sul,2013,5,4334,12.89,14976.93,sem rede,,91.82,0.0,91.82,9.614266296148262,2.556451816951096,5
Cafezal do Sul,2014,2,4310,12.82,15668.45,sem rede,,91.82,0.0,91.82,9.659404415333201,2.551006451492524,6
Cafezal do Sul,2015,2,4288,12.75,16915.35,sem rede,,91.82,0.0,91.82,9.735976772694501,2.545531271604435,7
Cafezal do Sul,2016,6,4266,12.69,18756.45,sem rede,,91.82,0.0,91.82,9.839292972244122,2.540814281726296,8
Cafezal do Sul,2017,3,4245,12.62,21280.57,sem rede,,91.82,0.0,91.82,9.965549728811135,2.5352828571130672,9
Cafezal do Sul,2018,4,4080,12.13,25337.5,sem rede,,91.82,0.0,91.82,10.140040790760256,2.495681722955959,10
Cafezal do Sul,2019,1,4044,12.02,21699.55,sem rede,,91.82,0.0,91.82,9.985046801986341,2.4865719291070616,11
Cafezal do Sul,2020,2,4009,11.92,32601.9,sem rede,,91.82,0.0,91.82,10.392125847865046,2.4782176616372036,12
Cafezal do Sul,2021,2,3975,11.82,37480.0,sem rede,,91.82,0.0,91.82,10.531562736352358,2.469793011977952,13
Cafezal do Sul,2022,1,4170,12.4,33325.18,sem rede,,91.82,0.0,91.82,10.41406854638266,2.517696472610991,14
Cafezal do Sul,2023,1,4366,12.98,45585.43,sem rede,,91.82,0.0,91.82,10.727343426902012,2.563409711275944,15
Cafezal do Sul,2024,1,4561,13.56,43636.48,sem rede,,91.82,0.0,91.82,10.683648776748814,2.6071242825122494,16
Cafezal do Sul,2025,3,4580,13.62,43455.46,sem rede,,91.82,0.0,91.82,10.679491784478863,2.611539300721366,17
Cafezal do Sul,2026,1,4580,13.62,43455.46,sem rede,,91.82,0.0,91.82,10.679491784478863,2.611539300721366,18
Califórnia,2008,15,7765,54.64,7362.78,cobertura baixa,24.46,89.69,24.46,89.69,8.90419285779697,4.0007662152625345,0
Califórnia,2009,17,7767,54.66,7710.57,cobertura baixa,24.46,89.69,24.46,89.69,8.95034739378578,4.001132180499922,1
Califórnia,2010,14,7934,55.83,7962.31,cobertura baixa,24.46,89.69,24.46,89.69,8.982474437743287,4.022311359322269,2
Califórnia,2011,10,8100,57.0,9300.37,cobertura baixa,24.46,89.69,24.46,89.69,9.137809463296184,4.04305126783455,3
Califórnia,2012,3,8129,57.21,10291.06,cobertura baixa,24.46,89.69,24.46,89.69,9.239030836156283,4.046728708280438,4
Califórnia,2013,8,8423,59.28,11839.13,cobertura baixa,24.46,89.69,24.46,89.69,9.3791654260085,4.082271980987832,5
Califórnia,2014,5,8464,59.56,12865.55,cobertura baixa,24.46,89.69,24.46,89.69,9.462308475453787,4.086984207815808,6
Califórnia,2015,7,8505,59.85,14202.94,cobertura baixa,24.46,89.69,24.46,89.69,9.561204264412584,4.091841432003982,7
Califórnia,2016,8,8545,60.13,16333.65,cobertura baixa,24.46,89.69,24.46,89.69,9.700982675991815,4.0965088850514775,8
Califórnia,2017,2,8583,60.4,19952.0,cobertura baixa,24.46,89.69,24.46,89.69,9.901084667919818,4.100989104940769,9
Califórnia,2018,2,8533,60.05,20864.29,cobertura baixa,24.46,89.69,24.46,89.69,9.94579436416966,4.095177548525992,10
Califórnia,2019,7,8570,60.31,18196.5,cobertura baixa,24.46,89.69,24.46,89.69,9.808984546879083,4.099497927462895,11
Califórnia,2020,7,8606,60.56,25361.14,cobertura baixa,24.46,89.69,24.46,89.69,10.140973360222208,4.103634609129194,12
Califórnia,2021,3,8641,60.81,29302.74,cobertura baixa,24.46,89.69,24.46,89.69,10.285436305991231,4.107754249132018,13
Califórnia,2022,1,8734,61.46,27500.11,cobertura baixa,24.46,89.69,24.46,89.69,10.221945283646663,4.1183865567023386,14
Califórnia,2023,2,8828,62.13,28432.15,cobertura baixa,24.46,89.69,24.46,89.69,10.255275826126155,4.129228964075603,15
Califórnia,2024,3,8921,62.78,28135.75,cobertura baixa,24.46,89.69,24.46,89.69,10.244796288700638,4.139636551413807,16
Califórnia,2025,9,8963,63.08,28003.9,cobertura baixa,24.46,89.69,24.46,89.69,10.240099065172272,4.1444037620948375,17
Califórnia,2026,5,8963,63.08,28003.9,cobertura baixa,24.46,89.69,24.46,89.69,10.240099065172272,4.1444037620948375,18
Cambará,2008,79,24902,67.85,12177.62,cobertura alta,95.2,95.14,95.2,95.14,9.407355119871522,4.217299386280878,0
Cambará,2009,70,25102,68.4,11531.39,cobertura alta,95.2,95.14,95.2,95.14,9.352828161070647,4.225372824628505,1
Cambará,2010,111,24538,66.86,13630.78,cobertura alta,95.2,95.14,95.2,95.14,9.520085749758989,4.202600880991953,2
Cambará,2011,78,23974,65.32,16317.22,cobertura alta,95.2,95.14,95.2,95.14,9.699976270870803,4.179298268102264,3
Cambará,2012,40,24060,65.56,18015.34,cobertura alta,95.2,95.14,95.2,95.14,9.798978896165352,4.182965753875629,4
Cambará,2013,70,24928,67.92,20241.13,cobertura alta,95.2,95.14,95.2,95.14,9.91547195188249,4.218330542003092,5
Cambará,2014,54,25051,68.26,21855.34,cobertura alta,95.2,95.14,95.2,95.14,9.992200564257164,4.223323943478561,6
Cambará,2015,67,25170,68.58,23409.54,cobertura alta,95.2,95.14,95.2,95.14,10.060898910569557,4.228000947034774,7
Cambará,2016,52,25287,68.9,26083.72,cobertura alta,95.2,95.14,95.2,95.14,10.16906664390556,4.232656178019613,8
Cambará,2017,40,25401,69.21,24388.13,cobertura alta,95.2,95.14,95.2,95.14,10.101851817503904,4.237145360853772,9
Cambará,2018,24,25252,68.81,28586.41,cobertura alta,95.2,95.14,95.2,95.14,10.260686709051436,4.231349083214389,10
Cambará,2019,25,25360,69.1,30052.92,cobertura alta,95.2,95.14,95.2,95.14,10.310715106623553,4.235554730773624,11
Cambará,2020,17,25466,69.39,31401.36,cobertura alta,95.2,95.14,95.2,95.14,10.354606483060314,4.239742764911457,12
Cambará,2021,11,25569,69.67,32032.38,cobertura alta,95.2,95.14,95.2,95.14,10.374502545181445,4.2437698090420275,13
Cambará,2022,24,24856,67.73,39009.74,cobertura alta,95.2,95.14,95.2,95.14,10.571566637520789,4.215529213226812,14
Cambará,2023,15,24143,65.78,40819.78,cobertura alta,95.2,95.14,95.2,95.14,10.616922046834368,4.186315840760911,15
Cambará,2024,14,23430,63.84,42061.97,cobertura alta,95.2,95.14,95.2,95.14,10.646899286010523,4.1563799531415535,16
Cambará,2025,11,23393,63.74,42128.5,cobertura alta,95.2,95.14,95.2,95.14,10.64847975025662,4.15481230898919,17
Cambará,2026,6,23393,63.74,42128.5,cobertura alta,95.2,95.14,95.2,95.14,10.64847975025662,4.15481230898919,18
Cambira,2008,17,7106,42.99,11600.34,sem rede,,90.78,0.0,90.78,9.358789687009743,3.76096753050819,0
Cambira,2009,5,7142,43.21,11890.51,sem rede,,90.78,0.0,90.78,9.383495881952493,3.766071949943842,1
Cambira,2010,7,7210,43.62,13335.23,sem rede,,90.78,0.0,90.78,9.498164684311392,3.775515760773483,2
Cambira,2011,4,7279,44.04,15298.12,sem rede,,90.78,0.0,90.78,9.635485224013681,3.785098311854479,3
Cambira,2012,3,7319,44.28,16709.52,sem rede,,90.78,0.0,90.78,9.723733895862676,3.790533107840436,4
Cambira,2013,2,7603,46.0,18081.42,sem rede,,90.78,0.0,90.78,9.802640170685086,3.828641396489095,5
Cambira,2014,10,7657,46.32,22139.87,sem rede,,90.78,0.0,90.78,10.005135334520006,3.83557383326474,6
Cambira,2015,5,7708,46.63,21598.99,sem rede,,90.78,0.0,90.78,9.98040183331975,3.8422441108202294,7
Cambira,2016,2,7759,46.94,22991.62,sem rede,,90.78,0.0,90.78,10.042885080694404,3.8488701904228773,8
Cambira,2017,3,7808,47.24,23855.66,sem rede,,90.78,0.0,90.78,10.079776784723212,3.8552409913291616,9
Cambira,2018,5,7813,47.27,21998.72,sem rede,,90.78,0.0,90.78,9.998739548829644,3.855875844805145,10
Cambira,2019,5,7865,47.58,26043.23,sem rede,,90.78,0.0,90.78,10.167513128568745,3.8624125048748117,11
Cambira,2020,5,7917,47.89,31018.06,sem rede,,90.78,0.0,90.78,10.342324894478221,3.868906714354518,12
Cambira,2021,3,7967,48.2,35171.46,sem rede,,90.78,0.0,90.78,10.467990237259231,3.8753590210565547,13
Cambira,2022,4,8611,52.09,36543.72,sem rede,,90.78,0.0,90.78,10.50626463098983,3.9529729917571004,14
Cambira,2023,8,9255,55.99,37749.0,sem rede,,90.78,0.0,90.78,10.538714264260078,4.025173103360802,15
Cambira,2024,14,9899,59.89,35293.16,sem rede,,90.78,0.0,90.78,10.471444456440619,4.092509546276371,16
Cambira,2025,3,10045,60.77,34780.19,sem rede,,90.78,0.0,90.78,10.456803250803071,4.107096246147264,17
Cambira,2026,1,10045,60.77,34780.19,sem rede,,90.78,0.0,90.78,10.456803250803071,4.107096246147264,18
Cambé,2008,288,96555,194.47,14879.46,cobertura alta,97.68,97.7,97.68,97.7,9.607737017405993,5.270277909516791,0
Cambé,2009,242,97329,196.03,15828.04,cobertura alta,97.68,97.7,97.68,97.7,9.669538329669168,5.278267708742333,1
Cambé,2010,141,97360,196.09,18147.49,cobertura alta,97.68,97.7,97.68,97.7,9.806287538118756,5.278573737511425,2
Cambé,2011,83,97390,196.15,21653.68,cobertura alta,97.68,97.7,97.68,97.7,9.982930695891511,5.278879672655561,3
Cambé,2012,102,98024,197.43,26352.39,cobertura alta,97.68,97.7,97.68,97.7,10.179314251943609,5.285384091136137,4
Cambé,2013,59,102222,205.89,29838.76,cobertura alta,97.68,97.7,97.68,97.7,10.30356349849448,5.327342045588653,5
Cambé,2014,32,103036,207.52,31622.34,cobertura alta,97.68,97.7,97.68,97.7,10.361619111820383,5.335227720568134,6
Cambé,2015,20,103822,209.11,34093.69,cobertura alta,97.68,97.7,97.68,97.7,10.436867602160588,5.3428604292987085,7
Cambé,2016,56,104592,210.66,34470.74,cobertura alta,97.68,97.7,97.68,97.7,10.447866127223618,5.350245459408396,8
Cambé,2017,37,105347,212.18,36469.14,cobertura alta,97.68,97.7,97.68,97.7,10.504221702499189,5.357434971031125,9
Cambé,2018,47,105704,212.9,36311.69,cobertura alta,97.68,97.7,97.68,97.7,10.499895006977146,5.360822571899434,10
Cambé,2019,18,106533,214.57,38631.79,cobertura alta,97.68,97.7,97.68,97.7,10.561830791630548,5.36863602545699,11
Cambé,2020,18,107341,216.2,43344.96,cobertura alta,97.68,97.7,97.68,97.7,10.676945712473845,5.376203905205108,12
Cambé,2021,14,108126,217.78,46518.89,cobertura alta,97.68,97.7,97.68,97.7,10.747613745642857,5.383485378917915,13
Cambé,2022,24,109087,219.71,56091.31,cobertura alta,97.68,97.7,97.68,97.7,10.934736177551455,5.392308494968279,14
Cambé,2023,17,110048,221.65,61529.27,cobertura alta,97.68,97.7,97.68,97.7,11.027268275532839,5.401099561191063,15
Cambé,2024,29,111009,223.58,60996.61,cobertura alta,97.68,97.7,97.68,97.7,11.018573567840678,5.40976929184218,16
Cambé,2025,25,110923,223.41,61043.9,cobertura alta,97.68,97.7,97.68,97.7,11.019348556446786,5.409008648390664,17
Cambé,2026,18,110923,223.41,61043.9,cobertura alta,97.68,97.7,97.68,97.7,11.019348556446786,5.409008648390664,18
Campina Grande do Sul,2008,27,36644,67.8,12322.34,cobertura alta,87.23,91.03,87.23,91.03,9.419169154117066,4.216562194946349,0
Campina Grande do Sul,2009,20,36825,68.13,14761.96,cobertura alta,87.23,91.03,87.23,91.03,9.599808880666389,4.221417644785577,1
Campina Grande do Sul,2010,54,37958,70.23,17522.5,cobertura alta,87.23,91.03,87.23,91.03,9.77124104837448,4.251775570170929,2
Campina Grande do Sul,2011,24,39092,72.33,20714.62,cobertura alta,87.23,91.03,87.23,91.03,9.938595010148218,4.28123898086119,3
Campina Grande do Sul,2012,22,39404,72.9,22576.52,cobertura alta,87.23,91.03,87.23,91.03,10.024665707137043,4.289088639014612,4
Campina Grande do Sul,2013,19,41060,75.97,24590.23,cobertura alta,87.23,91.03,87.23,91.03,10.110104488562184,4.33033852551513,5
Campina Grande do Sul,2014,20,41447,76.68,24822.74,cobertura alta,87.23,91.03,87.23,91.03,10.119515447508405,4.339640918177444,6
Campina Grande do Sul,2015,22,41821,77.37,26275.36,cobertura alta,87.23,91.03,87.23,91.03,10.176386896888207,4.348599108561364,7
Campina Grande do Sul,2016,5,42187,78.05,27278.74,cobertura alta,87.23,91.03,87.23,91.03,10.21386292320743,4.357349646961441,8
Campina Grande do Sul,2017,8,42547,78.72,34863.07,cobertura alta,87.23,91.03,87.23,91.03,10.459183381748304,4.365897252743998,9
Campina Grande do Sul,2018,21,42880,79.33,36517.49,cobertura alta,87.23,91.03,87.23,91.03,10.50554660288362,4.373616367313912,10
Campina Grande do Sul,2019,11,43288,80.09,36499.7,cobertura alta,87.23,91.03,87.23,91.03,10.505059320358724,4.383151002335591,11
Campina Grande do Sul,2020,7,43685,80.82,39982.19,cobertura alta,87.23,91.03,87.23,91.03,10.596189383942859,4.392224459650327,12
Campina Grande do Sul,2021,7,44072,81.54,49374.3,cobertura alta,87.23,91.03,87.23,91.03,10.807185324887735,4.401093697391107,13
Campina Grande do Sul,2022,5,46038,85.18,54241.52,cobertura alta,87.23,91.03,87.23,91.03,10.901201945820443,4.444766664495067,14
Campina Grande do Sul,2023,29,48005,88.82,59822.25,cobertura alta,87.23,91.03,87.23,91.03,10.99913294431511,4.486611849863956,15
Campina Grande do Sul,2024,32,49971,92.45,57468.67,cobertura alta,87.23,91.03,87.23,91.03,10.95899520872486,4.5266679578331335,16
Campina Grande do Sul,2025,56,50600,93.62,56754.29,cobertura alta,87.23,91.03,87.23,91.03,10.94648652720017,4.539244035871924,17
Campina Grande do Sul,2026,73,50600,93.62,56754.29,cobertura alta,87.23,91.03,87.23,91.03,10.94648652720017,4.539244035871924,18
Campina da Lagoa,2008,136,16329,20.45,12072.75,sem rede,,88.89,0.0,88.89,9.39870612575445,3.017982882488811,0
Campina da Lagoa,2009,96,16243,20.34,11043.9,sem rede,,88.89,0.0,88.89,9.309633518318721,3.012589390620414,1
Campina da Lagoa,2010,220,15756,19.73,11976.45,sem rede,,88.89,0.0,88.89,9.390697500543837,2.982140320034524,2
Campina da Lagoa,2011,195,15270,19.13,14040.8,sem rede,,88.89,0.0,88.89,9.549722656013481,2.9512577834521614,3
Campina da Lagoa,2012,77,15149,18.97,17510.86,sem rede,,88.89,0.0,88.89,9.770576538865352,2.9428587839469227,4
Campina da Lagoa,2013,66,15463,19.37,20888.31,sem rede,,88.89,0.0,88.89,9.946944951325904,2.9637254774189046,5
Campina da Lagoa,2014,87,15353,19.23,23552.01,sem rede,,88.89,0.0,88.89,10.066966446120905,2.9564715596006885,6
Campina da Lagoa,2015,16,15247,19.1,24592.05,sem rede,,88.89,0.0,88.89,10.110178498957833,2.9496883350525844,7
Campina da Lagoa,2016,132,15144,18.97,29122.49,sem rede,,88.89,0.0,88.89,10.279266006896759,2.9428587839469227,8
Campina da Lagoa,2017,215,15042,18.84,26186.81,sem rede,,88.89,0.0,88.89,10.17301112786868,2.935982269148217,9
Campina da Lagoa,2018,228,14366,17.99,28823.05,sem rede,,88.89,0.0,88.89,10.268930693239207,2.8898160479624417,10
Campina da Lagoa,2019,184,14202,17.79,29083.58,sem rede,,88.89,0.0,88.89,10.277929032735955,2.8786365016777435,11
Campina da Lagoa,2020,186,14043,17.59,39242.47,sem rede,,88.89,0.0,88.89,10.577514857671781,2.8673305587494666,12
Campina da Lagoa,2021,106,13888,17.39,41645.52,sem rede,,88.89,0.0,88.89,10.636949078784461,2.855895328366192,13
Campina da Lagoa,2022,117,14585,18.27,41532.19,sem rede,,88.89,0.0,88.89,10.634224068198588,2.9052603703899154,14
Campina da Lagoa,2023,114,15282,19.14,44131.79,sem rede,,88.89,0.0,88.89,10.694935663416958,2.9517803860248084,15
Campina da Lagoa,2024,109,15979,20.01,42206.77,sem rede,,88.89,0.0,88.89,10.650335913697425,2.996232148595642,16
Campina da Lagoa,2025,62,16014,20.06,42114.52,sem rede,,88.89,0.0,88.89,10.648147853320154,2.9987277825337895,17
Campina da Lagoa,2026,25,16014,20.06,42114.52,sem rede,,88.89,0.0,88.89,10.648147853320154,2.9987277825337895,18
Campina do Simão,2008,9,4284,9.53,10051.35,sem rede,,43.04,0.0,43.04,9.215462232824185,2.254444717666111,0
Campina do Simão,2009,8,4272,9.5,11279.26,sem rede,,43.04,0.0,43.04,9.33072092006321,2.2512917986064953,1
Campina do Simão,2010,13,4163,9.26,10442.71,sem rede,,43.04,0.0,43.04,9.25365940629601,2.225704048658088,2
Campina do Simão,2011,5,4054,9.02,13960.53,sem rede,,43.04,0.0,43.04,9.543989341211734,2.199444334074532,3
Campina do Simão,2012,11,4033,8.97,17513.51,sem rede,,43.04,0.0,43.04,9.770727862072883,2.1938856760707046,4
Campina do Simão,2013,8,4130,9.19,19712.83,sem rede,,43.04,0.0,43.04,9.88902497177797,2.2181159363675955,5
Campina do Simão,2014,5,4113,9.15,21182.11,sem rede,,43.04,0.0,43.04,9.960912236478602,2.21375387928743,6
Campina do Simão,2015,5,4096,9.11,18052.98,sem rede,,43.04,0.0,43.04,9.801066047086934,2.209372711271867,7
Campina do Simão,2016,3,4079,9.07,20480.51,sem rede,,43.04,0.0,43.04,9.927228981187136,2.2049722641270453,8
Campina do Simão,2017,0,4062,9.04,22744.46,sem rede,,43.04,0.0,43.04,10.032076878240627,2.201659174404085,9
Campina do Simão,2018,3,3917,8.71,24117.69,sem rede,,43.04,0.0,43.04,10.090700875110494,2.1644717908644115,10
Campina do Simão,2019,1,3887,8.65,26073.06,sem rede,,43.04,0.0,43.04,10.16865787633408,2.157559320943788,11
Campina do Simão,2020,2,3859,8.59,33842.96,sem rede,,43.04,0.0,43.04,10.429486280344015,2.150598735996164,12
Campina do Simão,2021,1,3831,8.52,39250.85,sem rede,,43.04,0.0,43.04,10.577728379027022,2.1424163408412245,13
Campina do Simão,2022,0,3878,8.63,43400.21,sem rede,,43.04,0.0,43.04,10.678219558786466,2.155244505095337,14
Campina do Simão,2023,1,3926,8.73,49699.44,sem rede,,43.04,0.0,43.04,10.813748944415606,2.166765369851511,15
Campina do Simão,2024,2,3973,8.84,49111.5,sem rede,,43.04,0.0,43.04,10.801848502244301,2.179286876649552,16
Campina do Simão,2025,0,3954,8.8,49347.5,sem rede,,43.04,0.0,43.04,10.806642385017142,2.174751721484161,17
Campina do Simão,2026,1,3954,8.8,49347.5,sem rede,,43.04,0.0,43.04,10.806642385017142,2.174751721484161,18
Campo Bonito,2008,7,4458,10.25,18259.08,sem rede,,62.33,0.0,62.33,9.812417769528087,2.327277705584417,0
Campo Bonito,2009,16,4385,10.08,13988.37,sem rede,,62.33,0.0,62.33,9.545981549077363,2.3105532626432224,1
Campo Bonito,2010,18,4368,10.04,17475.05,sem rede,,62.33,0.0,62.33,9.768529428328247,2.306577114263583,2
Campo Bonito,2011,12,4352,10.01,22309.28,sem rede,,62.33,0.0,62.33,10.012758014382277,2.303584593327129,3
Campo Bonito,2012,4,4299,9.89,25202.14,sem rede,,62.33,0.0,62.33,10.134684190528882,2.2915241456346207,4
Campo Bonito,2013,8,4361,10.03,31630.13,sem rede,,62.33,0.0,62.33,10.36186542631338,2.305580601973844,5
Campo Bonito,2014,11,4309,9.91,29580.41,sem rede,,62.33,0.0,62.33,10.294867596885432,2.2935443483418965,6
Campo Bonito,2015,2,4259,9.79,33671.28,sem rede,,62.33,0.0,62.33,10.424400527470546,2.281361456542419,7
Campo Bonito,2016,3,4210,9.68,38668.88,sem rede,,62.33,0.0,62.33,10.562790421161477,2.2700619012884857,8
Campo Bonito,2017,1,4162,9.57,36427.2,sem rede,,62.33,0.0,62.33,10.503071027317757,2.258633205464863,9
Campo Bonito,2018,20,3905,8.98,42442.0,sem rede,,62.33,0.0,62.33,10.655893716970995,2.194999882314108,10
Campo Bonito,2019,52,3833,8.81,35635.01,sem rede,,62.33,0.0,62.33,10.481083860558915,2.175887439948088,11
Campo Bonito,2020,19,3763,8.65,63963.59,sem rede,,62.33,0.0,62.33,11.066069294203245,2.157559320943788,12
Campo Bonito,2021,1,3694,8.49,60817.81,sem rede,,62.33,0.0,62.33,11.015637952690915,2.138889000323256,13
Campo Bonito,2022,3,3807,8.75,54608.09,sem rede,,62.33,0.0,62.33,10.907937319255296,2.169053700369523,14
Campo Bonito,2023,3,3919,9.01,60524.88,sem rede,,62.33,0.0,62.33,11.010809799152497,2.1983350716202463,15
Campo Bonito,2024,5,4032,9.27,58828.62,sem rede,,62.33,0.0,62.33,10.982383750163688,2.2267833795777636,16
Campo Bonito,2025,5,3997,9.19,59343.76,sem rede,,62.33,0.0,62.33,10.991102255504424,2.2181159363675955,17
Campo Bonito,2026,3,3997,9.19,59343.76,sem rede,,62.33,0.0,62.33,10.991102255504424,2.2181159363675955,18
Campo Largo,2008,93,110796,88.91,12332.39,cobertura alta,72.08,81.86,72.08,81.86,9.419984413546524,4.487624622133048,0
Campo Largo,2009,129,112548,90.31,12816.17,cobertura alta,72.08,81.86,72.08,81.86,9.45846293388933,4.503248196262708,1
Campo Largo,2010,191,113215,90.85,15487.35,cobertura alta,72.08,81.86,72.08,81.86,9.647778840660472,4.50920979484218,2
Campo Largo,2011,142,113882,91.38,19524.96,cobertura alta,72.08,81.86,72.08,81.86,9.879448926050218,4.515026636135126,3
Campo Largo,2012,234,115336,92.55,22455.56,cobertura alta,72.08,81.86,72.08,81.86,10.019293523977295,4.527749039019507,4
Campo Largo,2013,200,120730,96.88,28840.31,cobertura alta,72.08,81.86,72.08,81.86,10.269529340300894,4.573473099244837,5
Campo Largo,2014,157,122443,98.25,29514.7,cobertura alta,72.08,81.86,72.08,81.86,10.292643723299907,4.58751525074937,6
Campo Largo,2015,128,124098,99.58,28926.49,cobertura alta,72.08,81.86,72.08,81.86,10.272513063267564,4.600961341214036,7
Campo Largo,2016,106,125719,100.88,30313.32,cobertura alta,72.08,81.86,72.08,81.86,10.319342498860344,4.613931691656664,8
Campo Largo,2017,138,127309,102.16,32623.32,cobertura alta,72.08,81.86,72.08,81.86,10.392782649046246,4.626540211724284,9
Campo Largo,2018,110,130091,104.39,33305.26,cobertura alta,72.08,81.86,72.08,81.86,10.413470621452449,4.648133885420207,10
Campo Largo,2019,63,132002,105.92,35795.99,cobertura alta,72.08,81.86,72.08,81.86,10.485591154941888,4.662684092188698,11
Campo Largo,2020,17,133865,107.42,35251.83,cobertura alta,72.08,81.86,72.08,81.86,10.4702727217865,4.676746384477314,12
Campo Largo,2021,10,135678,108.87,42255.83,cobertura alta,72.08,81.86,72.08,81.86,10.651497611431509,4.690154509893088,13
Campo Largo,2022,31,138017,110.75,44331.29,cobertura alta,72.08,81.86,72.08,81.86,10.69944602724803,4.707275408925245,14
Campo Largo,2023,27,140356,112.63,50374.71,cobertura alta,72.08,81.86,72.08,81.86,10.827244542408593,4.724108110059605,15
Campo Largo,2024,32,142695,114.5,49548.99,cobertura alta,72.08,81.86,72.08,81.86,10.81071715609933,4.740574822994295,16
Campo Largo,2025,40,144504,115.96,48928.7,cobertura alta,72.08,81.86,72.08,81.86,10.798119415362878,4.753245304053455,17
Campo Largo,2026,25,144504,115.96,48928.7,cobertura alta,72.08,81.86,72.08,81.86,10.798119415362878,4.753245304053455,18
Campo Magro,2008,23,23328,84.52,6940.93,cobertura baixa,40.28,67.55,40.28,67.55,8.84519105028657,4.436988192747856,0
Campo Magro,2009,10,23607,85.53,7803.53,cobertura baixa,40.28,67.55,40.28,67.55,8.962331474404001,4.44886719159269,1
Campo Magro,2010,12,24396,88.39,8603.58,cobertura baixa,40.28,67.55,40.28,67.55,9.059933674691273,4.481758841072857,2
Campo Magro,2011,9,25184,91.25,8973.24,cobertura baixa,40.28,67.55,40.28,67.55,9.102002093847755,4.513602992462601,3
Campo Magro,2012,13,25513,92.44,9973.97,cobertura baixa,40.28,67.55,40.28,67.55,9.207733978281212,4.52655978540618,4
Campo Magro,2013,7,26755,96.94,10382.13,cobertura baixa,40.28,67.55,40.28,67.55,9.247841337980903,4.57409223041723,5
Campo Magro,2014,2,27143,98.34,10785.32,cobertura baixa,40.28,67.55,40.28,67.55,9.285941229222214,4.5884308619837935,6
Campo Magro,2015,10,27517,99.7,11730.97,cobertura baixa,40.28,67.55,40.28,67.55,9.36998763217571,4.602165676967792,7
Campo Magro,2016,11,27884,101.03,12763.66,cobertura baixa,40.28,67.55,40.28,67.55,9.454357349625614,4.615417502439641,8
Campo Magro,2017,23,28244,102.33,14754.99,cobertura baixa,40.28,67.55,40.28,67.55,9.59933660964045,4.628202885098664,9
Campo Magro,2018,20,28885,104.66,14644.8,cobertura baixa,40.28,67.55,40.28,67.55,9.591840602630516,4.650717000944062,10
Campo Magro,2019,8,29318,106.22,14830.1,cobertura baixa,40.28,67.55,40.28,67.55,9.604414178197578,4.665512414994253,11
Campo Magro,2020,3,29740,107.75,16884.94,cobertura baixa,40.28,67.55,40.28,67.55,9.734177379363548,4.6798137289838575,12
Campo Magro,2021,1,30151,109.24,17962.95,cobertura baixa,40.28,67.55,40.28,67.55,9.796066582265546,4.693547296605504,13
Campo Magro,2022,6,30619,110.94,19331.17,cobertura baixa,40.28,67.55,40.28,67.55,9.869474098047837,4.708989514627088,14
Campo Magro,2023,4,31087,112.63,22536.2,cobertura baixa,40.28,67.55,40.28,67.55,10.022878184206215,4.724108110059605,15
Campo Magro,2024,3,31555,114.33,22201.96,cobertura baixa,40.28,67.55,40.28,67.55,10.007935852251478,4.739089003553879,16
Campo Magro,2025,7,31888,115.54,21970.11,cobertura baixa,40.28,67.55,40.28,67.55,9.997438172193613,4.7496167903531195,17
Campo Magro,2026,2,31888,115.54,21970.11,cobertura baixa,40.28,67.55,40.28,67.55,9.997438172193613,4.7496167903531195,18
Campo Mourão,2008,85,85460,113.75,17992.36,cobertura alta,97.81,98.06,97.81,98.06,9.797702502331818,4.7340030578310595,0
Campo Mourão,2009,27,85896,114.33,20355.21,cobertura alta,97.81,98.06,97.81,98.06,9.921092177759322,4.739089003553879,1
Campo Mourão,2010,77,86803,115.54,19611.34,cobertura alta,97.81,98.06,97.81,98.06,9.88386324933926,4.7496167903531195,2
Campo Mourão,2011,46,87710,116.74,23072.02,cobertura alta,97.81,98.06,97.81,98.06,10.046375906935895,4.759949239775645,3
Campo Mourão,2012,70,88209,117.41,25793.86,cobertura alta,97.81,98.06,97.81,98.06,10.15789175809078,4.76567208264212,4
Campo Mourão,2013,40,91648,121.99,27727.16,cobertura alta,97.81,98.06,97.81,98.06,10.230167717209143,4.803939074160646,5
Campo Mourão,2014,57,92300,122.85,31777.3,cobertura alta,97.81,98.06,97.81,98.06,10.366507477387708,4.8109640989671885,6
Campo Mourão,2015,51,92930,123.69,33176.18,cobertura alta,97.81,98.06,97.81,98.06,10.409587427520373,4.817778435386918,7
Campo Mourão,2016,30,93547,124.51,35947.64,cobertura alta,97.81,98.06,97.81,98.06,10.48981871426278,4.824386033964322,8
Campo Mourão,2017,19,94153,125.32,36501.74,cobertura alta,97.81,98.06,97.81,98.06,10.505115209667222,4.830870466083991,9
Campo Mourão,2018,15,94212,125.4,41534.92,cobertura alta,97.81,98.06,97.81,98.06,10.634289798184884,4.83150862819882,10
Campo Mourão,2019,37,94859,126.26,40806.93,cobertura alta,97.81,98.06,97.81,98.06,10.616607198910051,4.83834327293948,11
Campo Mourão,2020,12,95488,127.1,48056.7,cobertura alta,97.81,98.06,97.81,98.06,10.78013684276318,4.844974178195408,12
Campo Mourão,2021,13,96102,127.91,53560.9,cobertura alta,97.81,98.06,97.81,98.06,10.888574603248696,4.8513268916113015,13
Campo Mourão,2022,8,98515,131.13,57836.05,cobertura alta,97.81,98.06,97.81,98.06,10.965367562661095,4.876189197543333,14
Campo Mourão,2023,5,100927,134.34,59368.73,cobertura alta,97.81,98.06,97.81,98.06,10.99152293576087,4.900373899838718,15
Campo Mourão,2024,17,103340,137.55,57982.47,cobertura alta,97.81,98.06,97.81,98.06,10.967896002465116,4.923987487370583,16
Campo Mourão,2025,7,104122,138.59,57546.99,cobertura alta,97.81,98.06,97.81,98.06,10.960357110436426,4.931519934080711,17
Campo Mourão,2026,5,104122,138.59,57546.99,cobertura alta,97.81,98.06,97.81,98.06,10.960357110436426,4.931519934080711,18
Campo do Tenente,2008,3,6685,21.9,11224.08,cobertura baixa,31.54,84.01,31.54,84.01,9.325816749340644,3.086486636822455,0
Campo do Tenente,2009,6,6715,22.0,11317.8,cobertura baixa,31.54,84.01,31.54,84.01,9.334131986579735,3.091042453358316,1
Campo do Tenente,2010,12,6950,22.77,15513.38,cobertura baixa,31.54,84.01,31.54,84.01,9.649458156348668,3.125443880075648,2
Campo do Tenente,2011,5,7186,23.55,16486.22,cobertura baixa,31.54,84.01,31.54,84.01,9.710280159440206,3.159125820462427,3
Campo do Tenente,2012,15,7245,23.74,16263.22,cobertura baixa,31.54,84.01,31.54,84.01,9.696661395476378,3.167161389181522,4
Campo do Tenente,2013,7,7550,24.74,20412.32,cobertura baixa,31.54,84.01,31.54,84.01,9.923893919113693,3.208421366964342,5
Campo do Tenente,2014,2,7623,24.98,19846.91,cobertura baixa,31.54,84.01,31.54,84.01,9.895803606491596,3.2180755046974316,6
Campo do Tenente,2015,3,7693,25.21,20482.39,cobertura baixa,31.54,84.01,31.54,84.01,9.92732077156337,3.2272407411998283,7
Campo do Tenente,2016,11,7762,25.43,20345.14,cobertura baixa,31.54,84.01,31.54,84.01,9.92059734170973,3.2359295794340284,8
Campo do Tenente,2017,5,7829,25.65,23428.92,cobertura baixa,31.54,84.01,31.54,84.01,10.061726435689126,3.2445435716167785,9
Campo do Tenente,2018,3,7894,25.87,25837.09,cobertura baixa,31.54,84.01,31.54,84.01,10.159566335455798,3.2530839961979376,10
Campo do Tenente,2019,4,7971,26.12,25307.24,cobertura baixa,31.54,84.01,31.54,84.01,10.138845799785834,3.2627013044082305,11
Campo do Tenente,2020,0,8045,26.36,25691.98,cobertura baixa,31.54,84.01,31.54,84.01,10.153934159924944,3.2718477096343066,12
Campo do Tenente,2021,0,8118,26.6,32184.04,cobertura baixa,31.54,84.01,31.54,84.01,10.379225956482443,3.2809112157876537,13
Campo do Tenente,2022,1,7967,26.1,39393.37,cobertura baixa,31.54,84.01,31.54,84.01,10.581352807014673,3.261935314328648,14
Campo do Tenente,2023,2,7817,25.61,39231.55,cobertura baixa,31.54,84.01,31.54,84.01,10.577236549001714,3.242982900211434,15
Campo do Tenente,2024,0,7666,25.12,40004.3,cobertura baixa,31.54,84.01,31.54,84.01,10.596742227318362,3.223664341599998,16
Campo do Tenente,2025,1,7693,25.21,39863.9,cobertura baixa,31.54,84.01,31.54,84.01,10.593226431429095,3.2272407411998283,17
Campo do Tenente,2026,0,7693,25.21,39863.9,cobertura baixa,31.54,84.01,31.54,84.01,10.593226431429095,3.2272407411998283,18
Candói,2008,53,16090,10.61,14620.26,cobertura baixa,45.98,60.92,45.98,60.92,9.590163517003369,2.3617969526258915,0
Candói,2009,60,16271,10.73,12564.81,cobertura baixa,45.98,60.92,45.98,60.92,9.438655328494482,2.373043556642607,1
Candói,2010,8,15658,10.33,14090.05,cobertura baixa,45.98,60.92,45.98,60.92,9.55322415350247,2.3350522831315472,2
Candói,2011,2,15045,9.93,17151.68,cobertura baixa,45.98,60.92,45.98,60.92,9.749851406980072,2.295560478057081,3
Candói,2012,7,15104,9.96,19704.12,cobertura baixa,45.98,60.92,45.98,60.92,9.888583029915813,2.298577071596507,4
Candói,2013,13,15657,10.33,24338.25,cobertura baixa,45.98,60.92,45.98,60.92,10.099804465846619,2.3350522831315472,5
Candói,2014,9,15741,10.38,24417.38,cobertura baixa,45.98,60.92,45.98,60.92,10.103050452801519,2.3398808777377424,6
Candói,2015,7,15822,10.44,25775.57,cobertura baixa,45.98,60.92,45.98,60.92,10.157182423092628,2.3456445824544927,7
Candói,2016,15,15901,10.49,30613.42,cobertura baixa,45.98,60.92,45.98,60.92,10.32919375389173,2.3504224224082058,8
Candói,2017,26,15978,10.54,29955.81,cobertura baixa,45.98,60.92,45.98,60.92,10.307478574713278,2.355177543113216,9
Candói,2018,21,15903,10.49,32013.14,cobertura baixa,45.98,60.92,45.98,60.92,10.37390172249849,2.3504224224082058,10
Candói,2019,9,15979,10.54,30799.24,cobertura baixa,45.98,60.92,45.98,60.92,10.33524529333255,2.355177543113216,11
Candói,2020,22,16053,10.59,45146.83,cobertura baixa,45.98,60.92,45.98,60.92,10.71767534597052,2.359910159613315,12
Candói,2021,18,16126,10.64,52712.89,cobertura baixa,45.98,60.92,45.98,60.92,10.87261529665206,2.3646204839134985,13
Candói,2022,30,15809,10.43,58122.59,cobertura baixa,45.98,60.92,45.98,60.92,10.970309679664478,2.344686269012681,14
Candói,2023,41,15491,10.22,58191.79,cobertura baixa,45.98,60.92,45.98,60.92,10.971499558476788,2.3243465847755584,15
Candói,2024,22,15174,10.01,59407.47,cobertura baixa,45.98,60.92,45.98,60.92,10.992175255019673,2.303584593327129,16
Candói,2025,25,15174,10.01,59407.47,cobertura baixa,45.98,60.92,45.98,60.92,10.992175255019673,2.303584593327129,17
Candói,2026,12,15174,10.01,59407.47,cobertura baixa,45.98,60.92,45.98,60.92,10.992175255019673,2.303584593327129,18
Cantagalo,2008,71,12750,21.82,8070.12,cobertura baixa,55.86,83.42,55.86,83.42,8.995923631041915,3.0828269804049246,0
Cantagalo,2009,77,12733,21.79,8909.92,cobertura baixa,55.86,83.42,55.86,83.42,9.094920541748902,3.0814511489565284,1
Cantagalo,2010,98,12848,21.98,8586.47,cobertura baixa,55.86,83.42,55.86,83.42,9.057942987561178,3.090132948975475,2
Cantagalo,2011,74,12963,22.18,10102.29,cobertura baixa,55.86,83.42,55.86,83.42,9.22051740980265,3.099190981922221,3
Cantagalo,2012,108,12974,22.2,11631.88,cobertura baixa,55.86,83.42,55.86,83.42,9.361504883351449,3.100092288878234,4
Cantagalo,2013,64,13396,22.92,13415.12,cobertura baixa,55.86,83.42,55.86,83.42,9.504137708030301,3.132009891846539,5
Cantagalo,2014,103,13424,22.97,13693.46,cobertura baixa,55.86,83.42,55.86,83.42,9.524673625575028,3.134189016701007,6
Cantagalo,2015,95,13452,23.02,14419.57,cobertura baixa,55.86,83.42,55.86,83.42,9.576341590699457,3.1363634032937364,7
Cantagalo,2016,94,13478,23.06,17230.08,cobertura baixa,55.86,83.42,55.86,83.42,9.75441197257562,3.138099514840913,8
Cantagalo,2017,78,13505,23.11,17484.34,cobertura baixa,55.86,83.42,55.86,83.42,9.769060902145076,3.1402654242862895,9
Cantagalo,2018,14,13306,22.77,19379.0,cobertura baixa,55.86,83.42,55.86,83.42,9.87194528452625,3.125443880075648,10
Cantagalo,2019,15,13317,22.79,19093.79,cobertura baixa,55.86,83.42,55.86,83.42,9.857118430278161,3.126321843257593,11
Cantagalo,2020,7,13329,22.81,22946.81,cobertura baixa,55.86,83.42,55.86,83.42,10.040934208006249,3.1271990362962967,12
Cantagalo,2021,4,13340,22.83,25183.21,cobertura baixa,55.86,83.42,55.86,83.42,10.133932781601855,3.1280754605417043,13
Cantagalo,2022,5,12493,21.38,29367.49,cobertura baixa,55.86,83.42,55.86,83.42,10.287643559185511,3.062455905596899,14
Cantagalo,2023,5,11646,19.93,33173.19,cobertura baixa,55.86,83.42,55.86,83.42,10.409497298556012,2.9922261342247034,15
Cantagalo,2024,14,10799,18.48,35775.07,cobertura baixa,55.86,83.42,55.86,83.42,10.485006561096393,2.916689066213538,16
Cantagalo,2025,9,10672,18.26,36200.81,cobertura baixa,55.86,83.42,55.86,83.42,10.496836773254138,2.9047128751668225,17
Cantagalo,2026,3,10672,18.26,36200.81,cobertura baixa,55.86,83.42,55.86,83.42,10.496836773254138,2.9047128751668225,18
Capanema,2008,105,18655,44.44,12640.1,cobertura baixa,46.39,69.41,46.39,69.41,9.444629579061958,3.7941399647714293,0
Capanema,2009,128,18681,44.5,13428.24,cobertura baixa,46.39,69.41,46.39,69.41,9.505115231041186,3.7954891891721947,1
Capanema,2010,151,18615,44.34,14897.5,cobertura baixa,46.39,69.41,46.39,69.41,9.608948692621134,3.7918872041881655,2
Capanema,2011,100,18549,44.19,16508.76,cobertura baixa,46.39,69.41,46.39,69.41,9.711646428097211,3.7884985191426486,3
Capanema,2012,116,18570,44.24,17298.06,cobertura baixa,46.39,69.41,46.39,69.41,9.75834963546953,3.7896293572140793,4
Capanema,2013,112,19182,45.69,26824.63,cobertura baixa,46.39,69.41,46.39,69.41,10.197075774300325,3.8218794555751803,5
Capanema,2014,160,19229,45.81,25250.56,cobertura baixa,46.39,69.41,46.39,69.41,10.136603612675394,3.8245024078986507,6
Capanema,2015,188,19275,45.91,25287.73,cobertura baixa,46.39,69.41,46.39,69.41,10.138074576837505,3.826682958261131,7
Capanema,2016,178,19320,46.02,34176.5,cobertura baixa,46.39,69.41,46.39,69.41,10.43929355236266,3.82907608460722,8
Capanema,2017,162,19364,46.13,34041.78,cobertura baixa,46.39,69.41,46.39,69.41,10.435343872742019,3.8314634975697293,9
Capanema,2018,138,19099,45.5,32451.86,cobertura baixa,46.39,69.41,46.39,69.41,10.387513039441801,3.817712325956905,10
Capanema,2019,122,19124,45.56,30804.85,cobertura baixa,46.39,69.41,46.39,69.41,10.335427424097423,3.8190301385789813,11
Capanema,2020,128,19148,45.61,41802.43,cobertura baixa,46.39,69.41,46.39,69.41,10.640709750794425,3.820126990723609,12
Capanema,2021,166,19172,45.67,57724.39,cobertura baixa,46.39,69.41,46.39,69.41,10.96343506682169,3.821441627196908,13
Capanema,2022,109,19789,47.14,60972.66,cobertura baixa,46.39,69.41,46.39,69.41,11.018180845963965,3.853121897507985,14
Capanema,2023,118,20405,48.61,78053.47,cobertura baixa,46.39,69.41,46.39,69.41,11.265149383635654,3.883829271057364,15
Capanema,2024,94,21022,50.08,75762.58,cobertura baixa,46.39,69.41,46.39,69.41,11.235359782190347,3.913621726791843,16
Capanema,2025,84,21088,50.23,75525.46,cobertura baixa,46.39,69.41,46.39,69.41,11.23222509693477,3.9166124577619534,17
Capanema,2026,43,21088,50.23,75525.46,cobertura baixa,46.39,69.41,46.39,69.41,11.23222509693477,3.9166124577619534,18
Capitão Leônidas Marques,2008,165,13929,49.64,40617.2,cobertura baixa,40.59,83.42,40.59,83.42,10.61194690119768,3.9047969603364066,0
Capitão Leônidas Marques,2009,211,13870,49.43,44543.62,cobertura baixa,40.59,83.42,40.59,83.42,10.7042242127669,3.9005575273188677,1
Capitão Leônidas Marques,2010,136,14443,51.47,48993.63,cobertura baixa,40.59,83.42,40.59,83.42,10.799445568642032,3.940999113664663,2
Capitão Leônidas Marques,2011,49,15016,53.51,51192.73,cobertura baixa,40.59,83.42,40.59,83.42,10.843352808758254,3.979868552323213,3
Capitão Leônidas Marques,2012,46,15060,53.67,61806.77,cobertura baixa,40.59,83.42,40.59,83.42,11.031768184371522,3.9828541861887374,4
Capitão Leônidas Marques,2013,41,15592,55.57,68901.87,cobertura baixa,40.59,83.42,40.59,83.42,11.140438597417191,4.01764348729183,5
Capitão Leônidas Marques,2014,81,15659,55.81,49645.32,cobertura baixa,40.59,83.42,40.59,83.42,10.812659405211852,4.021953064800342,6
Capitão Leônidas Marques,2015,79,15724,56.04,64120.64,cobertura baixa,40.59,83.42,40.59,83.42,11.068521587958767,4.0260657214688065,7
Capitão Leônidas Marques,2016,59,15788,56.27,94458.7,cobertura baixa,40.59,83.42,40.59,83.42,11.455917980916277,4.030161533445187,8
Capitão Leônidas Marques,2017,53,15850,56.49,74843.6,cobertura baixa,40.59,83.42,40.59,83.42,11.223155881850053,4.034063631337171,9
Capitão Leônidas Marques,2018,22,15724,56.04,74161.79,cobertura baixa,40.59,83.42,40.59,83.42,11.214004336949523,4.0260657214688065,10
Capitão Leônidas Marques,2019,35,15780,56.24,81455.39,cobertura baixa,40.59,83.42,40.59,83.42,11.307810787408519,4.029628247502409,11
Capitão Leônidas Marques,2020,14,15834,56.43,88039.47,cobertura baixa,40.59,83.42,40.59,83.42,11.385540515631364,4.033000931981049,12
Capitão Leônidas Marques,2021,13,15887,56.62,79028.51,cobertura baixa,40.59,83.42,40.59,83.42,11.27756395242139,4.036362279683754,13
Capitão Leônidas Marques,2022,34,15523,55.32,74993.36,cobertura baixa,40.59,83.42,40.59,83.42,11.225154855265806,4.013134506796558,14
Capitão Leônidas Marques,2023,33,15160,54.03,85766.49,cobertura baixa,40.59,83.42,40.59,83.42,11.359383649747292,3.9895394478559743,15
Capitão Leônidas Marques,2024,52,14796,52.73,87876.45,cobertura baixa,40.59,83.42,40.59,83.42,11.383687129688068,3.9651845535423784,16
Capitão Leônidas Marques,2025,64,14776,52.66,87995.4,cobertura baixa,40.59,83.42,40.59,83.42,11.385039819366805,3.9638561540681634,17
Capitão Leônidas Marques,2026,42,14776,52.66,87995.4,cobertura baixa,40.59,83.42,40.59,83.42,11.385039819366805,3.9638561540681634,18
Carambeí,2008,13,17301,26.58,37829.89,cobertura alta,80.52,81.29,80.52,81.29,10.540854809877672,3.2801590532850993,0
Carambeí,2009,4,17537,26.94,40803.73,cobertura alta,80.52,81.29,80.52,81.29,10.616528777782184,3.293612170982218,1
Carambeí,2010,14,18516,28.44,35887.5,cobertura alta,80.52,81.29,80.52,81.29,10.488144324429319,3.34779660493504,2
Carambeí,2011,2,19494,29.94,41174.72,cobertura alta,80.52,81.29,80.52,81.29,10.625579754779853,3.3991953789914824,3
Carambeí,2012,7,19813,30.43,47559.43,cobertura alta,80.52,81.29,80.52,81.29,10.769735365871671,3.4154289639088797,4
Carambeí,2013,5,20863,32.05,50624.12,cobertura alta,80.52,81.29,80.52,81.29,10.83218342154171,3.467297183366679,5
Carambeí,2014,6,21233,32.62,51244.85,cobertura alta,80.52,81.29,80.52,81.29,10.844370404146538,3.4849255971928677,6
Carambeí,2015,5,21590,33.16,54906.72,cobertura alta,80.52,81.29,80.52,81.29,10.913391024378402,3.501344330267094,7
Carambeí,2016,1,21939,33.7,59647.43,cobertura alta,80.52,81.29,80.52,81.29,10.996206341937372,3.517497837358316,8
Carambeí,2017,2,22282,34.23,57664.08,cobertura alta,80.52,81.29,80.52,81.29,10.96238972831444,3.533102452542094,9
Carambeí,2018,2,22993,35.32,56774.19,cobertura alta,80.52,81.29,80.52,81.29,10.946837100029187,3.564449375735759,10
Carambeí,2019,4,23415,35.97,63589.96,cobertura alta,80.52,81.29,80.52,81.29,11.060210875231533,3.5826852577075323,11
Carambeí,2020,1,23825,36.6,61249.95,cobertura alta,80.52,81.29,80.52,81.29,11.02271831208011,3.6000482404073204,12
Carambeí,2021,1,24225,37.21,65173.7,cobertura alta,80.52,81.29,80.52,81.29,11.084811292304344,3.6165775423585313,13
Carambeí,2022,1,24203,37.18,75605.88,cobertura alta,80.52,81.29,80.52,81.29,11.233289336920867,3.6157709822932977,14
Carambeí,2023,0,24181,37.14,82291.72,cobertura alta,80.52,81.29,80.52,81.29,11.318025774070469,3.61469455592456,15
Carambeí,2024,1,24159,37.11,82366.65,cobertura alta,80.52,81.29,80.52,81.29,11.318935900961343,3.613886475072506,16
Carambeí,2025,2,24469,37.59,81323.14,cobertura alta,80.52,81.29,80.52,81.29,11.306185879884183,3.6267380575760866,17
Carambeí,2026,0,24469,37.59,81323.14,cobertura alta,80.52,81.29,80.52,81.29,11.306185879884183,3.6267380575760866,18
Carlópolis,2008,10,13566,29.98,9406.9,cobertura alta,73.23,75.5,73.23,75.5,9.149198741533818,3.4005304926744517,0
Carlópolis,2009,8,13581,30.01,8946.25,cobertura alta,73.23,75.5,73.23,75.5,9.098989729052807,3.4015306594522756,1
Carlópolis,2010,13,13659,30.19,13836.08,cobertura alta,73.23,75.5,73.23,75.5,9.535034952058268,3.4075107437187473,2
Carlópolis,2011,9,13737,30.36,15025.19,cobertura alta,73.23,75.5,73.23,75.5,9.617483404914136,3.4131259525274293,3
Carlópolis,2012,1,13767,30.42,16025.13,cobertura alta,73.23,75.5,73.23,75.5,9.681913394080459,3.4151002868311466,4
Carlópolis,2013,3,14239,31.47,15869.65,cobertura alta,73.23,75.5,73.23,75.5,9.672163759086962,3.4490347110763153,5
Carlópolis,2014,20,14289,31.58,16586.82,cobertura alta,73.23,75.5,73.23,75.5,9.716363683075214,3.452524008827496,6
Carlópolis,2015,0,14337,31.68,20703.29,cobertura alta,73.23,75.5,73.23,75.5,9.93804790382235,3.455685566946225,7
Carlópolis,2016,1,14384,31.79,19282.54,cobertura alta,73.23,75.5,73.23,75.5,9.866955302225813,3.459151774922711,8
Carlópolis,2017,0,14431,31.89,18628.44,cobertura alta,73.23,75.5,73.23,75.5,9.832444724179764,3.4622924810219664,9
Carlópolis,2018,2,14283,31.56,23990.27,cobertura alta,73.23,75.5,73.23,75.5,10.08540361045986,3.4518904959776733,10
Carlópolis,2019,1,14320,31.65,24445.39,cobertura alta,73.23,75.5,73.23,75.5,10.104196929068339,3.4547381485901854,11
Carlópolis,2020,1,14356,31.73,28004.95,cobertura alta,73.23,75.5,73.23,75.5,10.240136559246874,3.4572626055951043,12
Carlópolis,2021,1,14391,31.8,31869.78,cobertura alta,73.23,75.5,73.23,75.5,10.36941350434394,3.459466289786131,13
Carlópolis,2022,2,15450,34.14,34541.1,cobertura alta,73.23,75.5,73.23,75.5,10.449905198327318,3.5304697173662944,14
Carlópolis,2023,2,16508,36.48,34880.91,cobertura alta,73.23,75.5,73.23,75.5,10.459694967132133,3.5967641652061304,15
Carlópolis,2024,2,17567,38.82,32778.16,cobertura alta,73.23,75.5,73.23,75.5,10.397517718934697,3.658935577740864,16
Carlópolis,2025,1,17788,39.31,32370.92,cobertura alta,73.23,75.5,73.23,75.5,10.38501576789423,3.671478939433769,17
Carlópolis,2026,8,17788,39.31,32370.92,cobertura alta,73.23,75.5,73.23,75.5,10.38501576789423,3.671478939433769,18
Cascavel,2008,87,291747,139.25,15485.62,cobertura alta,96.25,91.85,96.25,91.85,9.647667130352948,4.9362708788073935,0
Cascavel,2009,64,296254,141.4,16810.26,cobertura alta,96.25,91.85,96.25,91.85,9.729744693266987,4.951592753462473,1
Cascavel,2010,115,292797,139.75,18159.55,cobertura alta,96.25,91.85,96.25,91.85,9.80695187211258,4.939855112035208,2
Cascavel,2011,108,289340,138.1,21799.46,cobertura alta,96.25,91.85,96.25,91.85,9.98964047782818,4.9279780604152466,3
Cascavel,2012,228,292372,139.55,24670.59,cobertura alta,96.25,91.85,96.25,91.85,10.113367124924496,4.938422959982331,4
Cascavel,2013,58,305615,145.87,27594.99,cobertura alta,96.25,91.85,96.25,91.85,10.225389513489047,4.982715814098122,5
Cascavel,2014,42,309259,147.61,30613.85,cobertura alta,96.25,91.85,96.25,91.85,10.329207799920566,4.994573660548905,6
Cascavel,2015,33,312778,149.29,32381.5,cobertura alta,96.25,91.85,96.25,91.85,10.38534255105057,5.005890723065499,7
Cascavel,2016,46,316226,150.94,34205.66,cobertura alta,96.25,91.85,96.25,91.85,10.44014640643359,5.016882406856722,8
Cascavel,2017,45,319608,152.55,35600.54,cobertura alta,96.25,91.85,96.25,91.85,10.480116085264406,5.027492411162679,9
Cascavel,2018,39,324476,154.87,37731.74,cobertura alta,96.25,91.85,96.25,91.85,10.53825692904315,5.0425860553280835,10
Cascavel,2019,32,328454,156.77,38341.24,cobertura alta,96.25,91.85,96.25,91.85,10.554281358277994,5.05477976308044,11
Cascavel,2020,11,332333,158.62,42599.97,cobertura alta,96.25,91.85,96.25,91.85,10.659608828031862,5.066511404655174,12
Cascavel,2021,11,336073,160.41,46974.63,cobertura alta,96.25,91.85,96.25,91.85,10.757362947720576,5.07773303762875,13
Cascavel,2022,20,345417,164.87,52399.83,cobertura alta,96.25,91.85,96.25,91.85,10.866658626029063,5.105157284573087,14
Cascavel,2023,27,354760,169.33,54132.87,cobertura alta,96.25,91.85,96.25,91.85,10.899196858891676,5.131849473677249,15
Cascavel,2024,74,364104,173.79,52743.66,cobertura alta,96.25,91.85,96.25,91.85,10.873198854541508,5.157847673776643,16
Cascavel,2025,81,368195,175.74,52157.63,cobertura alta,96.25,91.85,96.25,91.85,10.862025758451672,5.169005630067697,17
Cascavel,2026,42,368195,175.74,52157.63,cobertura alta,96.25,91.85,96.25,91.85,10.862025758451672,5.169005630067697,18
Castro,2008,148,67708,26.69,15131.76,cobertura alta,78.82,80.59,78.82,80.59,9.624551125198911,3.284288963416433,0
Castro,2009,80,68071,26.84,16317.58,cobertura alta,78.82,80.59,78.82,80.59,9.699998333209166,3.289893312103481,1
Castro,2010,137,67712,26.7,16440.51,cobertura alta,78.82,80.59,78.82,80.59,9.707503690026812,3.2846635654062037,2
Castro,2011,54,67353,26.55,19724.99,cobertura alta,78.82,80.59,78.82,80.59,9.889641638743097,3.279029747687948,3
Castro,2012,54,67613,26.66,25189.28,cobertura alta,78.82,80.59,78.82,80.59,10.134173786167219,3.2831643147505627,4
Castro,2013,37,70086,27.63,28597.32,cobertura alta,78.82,80.59,78.82,80.59,10.261068286123528,3.318902138935325,5
Castro,2014,41,70454,27.78,30219.05,cobertura alta,78.82,80.59,78.82,80.59,10.316227799197595,3.3243163373261977,6
Castro,2015,21,70810,27.92,31935.12,cobertura alta,78.82,80.59,78.82,80.59,10.371461623621322,3.329343277894172,7
Castro,2016,20,71159,28.06,35208.98,cobertura alta,78.82,80.59,78.82,80.59,10.469056442686602,3.3343450746743146,8
Castro,2017,10,71501,28.19,37198.91,cobertura alta,78.82,80.59,78.82,80.59,10.524034738756685,3.338967305126021,9
Castro,2018,14,71151,28.05,39626.95,cobertura alta,78.82,80.59,78.82,80.59,10.587264721325209,3.3339886319687055,10
Castro,2019,20,71484,28.18,38680.74,cobertura alta,78.82,80.59,78.82,80.59,10.563097080718252,3.3386125064705343,11
Castro,2020,12,71809,28.31,45858.25,cobertura alta,78.82,80.59,78.82,80.59,10.733310396067575,3.343215099123808,12
Castro,2021,3,72125,28.44,50345.32,cobertura alta,78.82,80.59,78.82,80.59,10.826660944472131,3.34779660493504,13
Castro,2022,4,73180,28.85,58416.96,cobertura alta,78.82,80.59,78.82,80.59,10.975361537614123,3.3621099929541085,14
Castro,2023,4,74236,29.27,60853.24,cobertura alta,78.82,80.59,78.82,80.59,11.016220342684285,3.3765631007037946,15
Castro,2024,2,75291,29.68,60000.54,cobertura alta,78.82,80.59,78.82,80.59,11.002108841163738,3.39047341829918,16
Castro,2025,7,75644,29.82,59720.55,cobertura alta,78.82,80.59,78.82,80.59,10.997431461255728,3.3951793093365925,17
Castro,2026,4,75644,29.82,59720.55,cobertura alta,78.82,80.59,78.82,80.59,10.997431461255728,3.3951793093365925,18
Catanduvas,2008,136,9751,16.77,13931.8,sem rede,,63.05,0.0,63.05,9.54192927594214,2.8195915758351173,0
Catanduvas,2009,113,9673,16.64,12943.35,sem rede,,63.05,0.0,63.05,9.468337421720951,2.8118094353930627,1
Catanduvas,2010,133,9930,17.08,13779.66,sem rede,,63.05,0.0,63.05,9.530948870823487,2.837908188360424,2
Catanduvas,2011,85,10186,17.52,16159.04,sem rede,,63.05,0.0,63.05,9.69023492436989,2.8633430855082453,3
Catanduvas,2012,93,10169,17.49,15861.64,sem rede,,63.05,0.0,63.05,9.671658894634861,2.8616292890305104,4
Catanduvas,2013,15,10467,18.0,20482.47,sem rede,,63.05,0.0,63.05,9.92732467734994,2.8903717578961645,5
Catanduvas,2014,22,10463,18.0,20074.93,sem rede,,63.05,0.0,63.05,9.907227051884849,2.8903717578961645,6
Catanduvas,2015,8,10459,17.99,21276.8,sem rede,,63.05,0.0,63.05,9.965372556208136,2.8898160479624417,7
Catanduvas,2016,13,10455,17.98,26101.39,sem rede,,63.05,0.0,63.05,10.169743848597678,2.8892600290434745,8
Catanduvas,2017,0,10451,17.98,24849.97,sem rede,,63.05,0.0,63.05,10.120611824280585,2.8892600290434745,9
Catanduvas,2018,1,10213,17.57,26803.19,sem rede,,63.05,0.0,63.05,10.196276189266204,2.866192902199006,10
Catanduvas,2019,6,10189,17.52,23828.54,sem rede,,63.05,0.0,63.05,10.078639300905756,2.8633430855082453,11
Catanduvas,2020,2,10167,17.49,34221.01,sem rede,,63.05,0.0,63.05,10.440595061914193,2.8616292890305104,12
Catanduvas,2021,2,10144,17.45,35089.81,sem rede,,63.05,0.0,63.05,10.465666053914553,2.859339648648436,13
Catanduvas,2022,1,10305,17.72,39592.62,sem rede,,63.05,0.0,63.05,10.586398016238348,2.8746939451769347,14
Catanduvas,2023,1,10466,18.0,39526.56,sem rede,,63.05,0.0,63.05,10.584728129989507,2.8903717578961645,15
Catanduvas,2024,1,10627,18.28,38927.73,sem rede,,63.05,0.0,63.05,10.569462129117623,2.905807566026004,16
Catanduvas,2025,1,10621,18.27,38949.72,sem rede,,63.05,0.0,63.05,10.57002686256959,2.9052603703899154,17
Catanduvas,2026,0,10621,18.27,38949.72,sem rede,,63.05,0.0,63.05,10.57002686256959,2.9052603703899154,18
Centenário do Sul,2008,4,11515,30.89,6473.47,cobertura alta,76.92,91.42,76.92,91.42,8.775467565209752,3.43043250693049,0
Centenário do Sul,2009,3,11474,30.78,7102.93,cobertura alta,76.92,91.42,76.92,91.42,8.8682626539584,3.426865128410733,1
Centenário do Sul,2010,1,11308,30.33,8467.63,cobertura alta,76.92,91.42,76.92,91.42,9.044005937393678,3.41213732170049,2
Centenário do Sul,2011,3,11142,29.89,10234.52,cobertura alta,76.92,91.42,76.92,91.42,9.233521599096283,3.3975239762958465,3
Centenário do Sul,2012,2,11096,29.76,11910.42,cobertura alta,76.92,91.42,76.92,91.42,9.385168926211195,3.393165209964891,4
Centenário do Sul,2013,4,11382,30.53,12980.58,cobertura alta,76.92,91.42,76.92,91.42,9.471209673389206,3.4187098067467865,5
Centenário do Sul,2014,8,11346,30.43,12541.16,cobertura alta,76.92,91.42,76.92,91.42,9.436771313895923,3.4154289639088797,6
Centenário do Sul,2015,5,11312,30.34,15652.76,cobertura alta,76.92,91.42,76.92,91.42,9.658402538246563,3.4124669739203863,7
Centenário do Sul,2016,9,11279,30.25,18487.63,cobertura alta,76.92,91.42,76.92,91.42,9.824857138772561,3.4094961844768505,8
Centenário do Sul,2017,12,11246,30.17,19823.49,cobertura alta,76.92,91.42,76.92,91.42,9.894622877145743,3.40684805317097,9
Centenário do Sul,2018,8,10891,29.21,20942.61,cobertura alta,76.92,91.42,76.92,91.42,9.94954111849119,3.3745111163996495,10
Centenário do Sul,2019,7,10827,29.04,19798.28,cobertura alta,76.92,91.42,76.92,91.42,9.893350344222455,3.3686741899565953,11
Centenário do Sul,2020,7,10764,28.87,25679.3,cobertura alta,76.92,91.42,76.92,91.42,10.153440498865399,3.3628029936748436,12
Centenário do Sul,2021,7,10704,28.71,41152.75,cobertura alta,76.92,91.42,76.92,91.42,10.625046032547857,3.3572454941329726,13
Centenário do Sul,2022,7,10781,28.92,31445.88,cobertura alta,76.92,91.42,76.92,91.42,10.356023251957303,3.3645333972905638,14
Centenário do Sul,2023,15,10859,29.13,34674.0,cobertura alta,76.92,91.42,76.92,91.42,10.453745405545833,3.3717685709713434,15
Centenário do Sul,2024,2,10936,29.33,34429.86,cobertura alta,76.92,91.42,76.92,91.42,10.446679490102984,3.3786108829893595,16
Centenário do Sul,2025,8,10903,29.25,34534.07,cobertura alta,76.92,91.42,76.92,91.42,10.449701651958216,3.3758795736778655,17
Centenário do Sul,2026,3,10903,29.25,34534.07,cobertura alta,76.92,91.42,76.92,91.42,10.449701651958216,3.3758795736778655,18
Cerro Azul,2008,99,18460,13.73,5716.74,cobertura baixa,1.14,50.21,1.14,50.21,8.651153991832036,2.6195832197798796,0
Cerro Azul,2009,101,18660,13.88,6522.83,cobertura baixa,1.14,50.21,1.14,50.21,8.783063609828401,2.6304489550786583,1
Cerro Azul,2010,67,17822,13.26,8063.29,cobertura baixa,1.14,50.21,1.14,50.21,8.995076940799985,2.5847519847577165,2
Cerro Azul,2011,56,16983,12.64,9068.54,cobertura baixa,1.14,50.21,1.14,50.21,9.112566559920552,2.5368663887187113,3
Cerro Azul,2012,85,17027,12.67,10099.2,cobertura baixa,1.14,50.21,1.14,50.21,9.220211491771446,2.5392369943330477,4
Cerro Azul,2013,30,17619,13.11,11624.27,cobertura baixa,1.14,50.21,1.14,50.21,9.3608504327849,2.5733752977756086,5
Cerro Azul,2014,105,17689,13.16,12208.6,cobertura baixa,1.14,50.21,1.14,50.21,9.409895900416117,2.5771819258971713,6
Cerro Azul,2015,40,17755,13.21,13072.37,cobertura baixa,1.14,50.21,1.14,50.21,9.478256121472773,2.580974118534234,7
Cerro Azul,2016,29,17821,13.26,14724.43,cobertura baixa,1.14,50.21,1.14,50.21,9.597263298093129,2.5847519847577165,8
Cerro Azul,2017,14,17885,13.31,17862.96,cobertura baixa,1.14,50.21,1.14,50.21,9.790484574180857,2.58851563240702,9
Cerro Azul,2018,9,17725,13.19,17862.34,cobertura baixa,1.14,50.21,1.14,50.21,9.7904498648852,2.579458966729223,10
Cerro Azul,2019,10,17779,13.23,18083.86,cobertura baixa,1.14,50.21,1.14,50.21,9.802775106734451,2.5824869781268642,11
Cerro Azul,2020,5,17833,13.27,19685.36,cobertura baixa,1.14,50.21,1.14,50.21,9.88763049124719,2.5855058483441162,12
Cerro Azul,2021,3,17884,13.31,22650.75,cobertura baixa,1.14,50.21,1.14,50.21,10.027948242945753,2.58851563240702,13
Cerro Azul,2022,4,17336,12.9,19650.61,cobertura baixa,1.14,50.21,1.14,50.21,9.885863660072573,2.5572273113676265,14
Cerro Azul,2023,21,16788,12.49,22278.41,cobertura baixa,1.14,50.21,1.14,50.21,10.011373327042232,2.5249283241374862,15
Cerro Azul,2024,50,16240,12.08,23030.17,cobertura baixa,1.14,50.21,1.14,50.21,10.044560374463561,2.4915511925066687,16
Cerro Azul,2025,46,16287,12.12,22963.71,cobertura baixa,1.14,50.21,1.14,50.21,10.041670422745847,2.4948569806411682,17
Cerro Azul,2026,5,16287,12.12,22963.71,cobertura baixa,1.14,50.21,1.14,50.21,10.041670422745847,2.4948569806411682,18
Chopinzinho,2008,218,19628,20.41,12347.06,cobertura baixa,64.1,73.14,64.1,73.14,9.421173257035973,3.0160249768217535,0
Chopinzinho,2009,164,19517,20.3,13629.45,cobertura baixa,64.1,73.14,64.1,73.14,9.519988171712065,3.0106208860477417,1
Chopinzinho,2010,206,19565,20.35,13053.16,cobertura baixa,64.1,73.14,64.1,73.14,9.476785529032197,3.013080911888604,2
Chopinzinho,2011,162,19613,20.4,16415.34,cobertura baixa,64.1,73.14,64.1,73.14,9.705971542483903,3.0155349008501706,3
Chopinzinho,2012,151,19549,20.33,17566.17,cobertura baixa,64.1,73.14,64.1,73.14,9.773730172216867,3.012097627640255,4
Chopinzinho,2013,136,20077,20.88,22063.75,cobertura baixa,64.1,73.14,64.1,73.14,10.001691269294488,3.038791763014438,5
Chopinzinho,2014,142,20034,20.84,25046.22,cobertura baixa,64.1,73.14,64.1,73.14,10.128478196923139,3.0368742168851663,6
Chopinzinho,2015,122,19992,20.79,25503.75,cobertura baixa,64.1,73.14,64.1,73.14,10.146580779157958,3.0344721018699214,7
Chopinzinho,2016,145,19951,20.75,30420.68,cobertura baixa,64.1,73.14,64.1,73.14,10.322877919278104,3.0325462466767075,8
Chopinzinho,2017,99,19911,20.71,31541.51,cobertura baixa,64.1,73.14,64.1,73.14,10.359059735084404,3.030616675407493,9
Chopinzinho,2018,92,19343,20.12,34096.16,cobertura baixa,64.1,73.14,64.1,73.14,10.436940046959956,3.0017143452315387,10
Chopinzinho,2019,115,19254,20.02,34534.8,cobertura baixa,64.1,73.14,64.1,73.14,10.449722790280012,2.9967317738870745,11
Chopinzinho,2020,69,19167,19.93,44249.23,cobertura baixa,64.1,73.14,64.1,73.14,10.69759324915473,2.9922261342247034,12
Chopinzinho,2021,99,19083,19.85,47648.22,cobertura baixa,64.1,73.14,64.1,73.14,10.771600552665824,2.9882040071331994,13
Chopinzinho,2022,113,19908,20.71,48662.25,cobertura baixa,64.1,73.14,64.1,73.14,10.792658854479365,3.030616675407493,14
Chopinzinho,2023,164,20734,21.56,57700.4,cobertura baixa,64.1,73.14,64.1,73.14,10.963019384881173,3.070839746040796,15
Chopinzinho,2024,30,21559,22.42,55492.37,cobertura baixa,64.1,73.14,64.1,73.14,10.924000812806154,3.109953417644014,16
Chopinzinho,2025,30,21604,22.47,55376.78,cobertura baixa,64.1,73.14,64.1,73.14,10.92191565130034,3.112181086197238,17
Chopinzinho,2026,20,21604,22.47,55376.78,cobertura baixa,64.1,73.14,64.1,73.14,10.92191565130034,3.112181086197238,18
Cianorte,2008,129,67637,83.12,13315.35,cobertura alta,68.65,93.09,68.65,93.09,9.496672784046005,4.420285346790972,0
Cianorte,2009,57,68629,84.34,15695.17,cobertura alta,68.65,93.09,68.65,93.09,9.661108300692385,4.434856248318414,1
Cianorte,2010,101,69776,85.75,17378.17,cobertura alta,68.65,93.09,68.65,93.09,9.762970099834902,4.45143608604605,2
Cianorte,2011,60,70922,87.16,20148.33,cobertura alta,68.65,93.09,68.65,93.09,9.910876685528313,4.467745510076419,3
Cianorte,2012,67,71855,88.31,22975.16,cobertura alta,68.65,93.09,68.65,93.09,10.042168911291043,4.480853351480711,4
Cianorte,2013,28,75360,92.61,26193.72,cobertura alta,68.65,93.09,68.65,93.09,10.173274966361344,4.528397127182178,5
Cianorte,2014,20,76456,93.96,28855.51,cobertura alta,68.65,93.09,68.65,93.09,10.27005624156867,4.542869159790712,6
Cianorte,2015,68,77515,95.26,30247.54,cobertura alta,68.65,93.09,68.65,93.09,10.317170137838099,4.556609995372715,7
Cianorte,2016,87,78553,96.54,31722.0,cobertura alta,68.65,93.09,68.65,93.09,10.364765725463505,4.569957430232347,8
Cianorte,2017,44,79571,97.79,34145.08,cobertura alta,68.65,93.09,68.65,93.09,10.438373784341632,4.5828223223241835,9
Cianorte,2018,28,81393,100.03,32662.62,cobertura alta,68.65,93.09,68.65,93.09,10.393986583760121,4.605470140997089,10
Cianorte,2019,44,82620,101.54,34335.1,cobertura alta,68.65,93.09,68.65,93.09,10.443923433530513,4.620452809519248,11
Cianorte,2020,19,83816,103.01,32065.25,cobertura alta,68.65,93.09,68.65,93.09,10.375528168215597,4.634826070895602,12
Cianorte,2021,13,84980,104.44,35769.78,cobertura alta,68.65,93.09,68.65,93.09,10.484858681828783,4.648612743830928,13
Cianorte,2022,20,84106,103.36,41586.78,cobertura alta,68.65,93.09,68.65,93.09,10.635537607282362,4.638218040034292,14
Cianorte,2023,4,83233,102.29,47898.03,cobertura alta,68.65,93.09,68.65,93.09,10.776829655204612,4.627811916468916,15
Cianorte,2024,18,82359,101.22,48406.33,cobertura alta,68.65,93.09,68.65,93.09,10.787385869277061,4.617296365785932,16
Cianorte,2025,12,82988,101.99,48039.44,cobertura alta,68.65,93.09,68.65,93.09,10.779777619173437,4.624874769262426,17
Cianorte,2026,12,82988,101.99,48039.44,cobertura alta,68.65,93.09,68.65,93.09,10.779777619173437,4.624874769262426,18
Cidade Gaúcha,2008,120,10944,27.1,10901.22,cobertura alta,95.8,95.98,95.8,95.98,9.296629988559424,3.299533727885655,0
Cidade Gaúcha,2009,139,11079,27.43,12519.27,cobertura alta,95.8,95.98,95.8,95.98,9.435024336244922,3.311637304949512,1
Cidade Gaúcha,2010,152,11130,27.56,12934.5,cobertura alta,95.8,95.98,95.8,95.98,9.46765343906049,3.3163654461454577,2
Cidade Gaúcha,2011,136,11180,27.68,17294.36,cobertura alta,95.8,95.98,95.8,95.98,9.758135715771855,3.3207101307494686,3
Cidade Gaúcha,2012,154,11294,27.96,18319.99,cobertura alta,95.8,95.98,95.8,95.98,9.815748092376444,3.3307749173656096,4
Cidade Gaúcha,2013,117,11800,29.22,22787.54,cobertura alta,95.8,95.98,95.8,95.98,10.033969174333706,3.3748534063225533,5
Cidade Gaúcha,2014,118,11937,29.55,24710.98,cobertura alta,95.8,95.98,95.8,95.98,10.115002958252873,3.386083743852107,6
Cidade Gaúcha,2015,68,12069,29.88,23843.73,cobertura alta,95.8,95.98,95.8,95.98,10.079276568672283,3.3971893602646164,7
Cidade Gaúcha,2016,74,12199,30.2,26655.46,cobertura alta,95.8,95.98,95.8,95.98,10.19074928665813,3.407841924380824,8
Cidade Gaúcha,2017,71,12326,30.52,31618.29,cobertura alta,95.8,95.98,95.8,95.98,10.361491029604709,3.4183822064162563,9
Cidade Gaúcha,2018,74,12503,30.96,33163.56,cobertura alta,95.8,95.98,95.8,95.98,10.409206961749712,3.4326960487215263,10
Cidade Gaúcha,2019,83,12652,31.32,32708.5,cobertura alta,95.8,95.98,95.8,95.98,10.39539026194502,3.4442568711226023,11
Cidade Gaúcha,2020,131,12797,31.68,32934.98,cobertura alta,95.8,95.98,95.8,95.98,10.402290593817892,3.455685566946225,12
Cidade Gaúcha,2021,118,12939,32.04,33346.7,cobertura alta,95.8,95.98,95.8,95.98,10.414714095923106,3.4669851222001586,13
Cidade Gaúcha,2022,150,12521,31.0,40427.44,cobertura alta,95.8,95.98,95.8,95.98,10.607264041312725,3.4339872044851463,14
Cidade Gaúcha,2023,160,12102,29.96,51274.5,cobertura alta,95.8,95.98,95.8,95.98,10.844948831552227,3.3998631586490187,15
Cidade Gaúcha,2024,105,11684,28.93,53108.87,cobertura alta,95.8,95.98,95.8,95.98,10.88009923659435,3.3648791189880436,16
Cidade Gaúcha,2025,65,11705,28.98,53013.58,cobertura alta,95.8,95.98,95.8,95.98,10.878303386128971,3.3666059368925363,17
Cidade Gaúcha,2026,27,11705,28.98,53013.58,cobertura alta,95.8,95.98,95.8,95.98,10.878303386128971,3.3666059368925363,18
Clevelândia,2008,48,18041,25.58,14129.65,cobertura alta,89.82,90.85,89.82,90.85,9.55603070537887,3.2418107961506966,0
Clevelândia,2009,73,17995,25.52,12242.73,cobertura alta,89.82,90.85,89.82,90.85,9.412687570412455,3.239462458476589,1
Clevelândia,2010,61,17576,24.92,10570.38,cobertura alta,89.82,90.85,89.82,90.85,9.265811029022231,3.2156706939192525,2
Clevelândia,2011,40,17156,24.33,13271.86,cobertura alta,89.82,90.85,89.82,90.85,9.493401283291437,3.1917101567954314,3
Clevelândia,2012,78,17075,24.21,16344.71,cobertura alta,89.82,90.85,89.82,90.85,9.701659576572036,3.1867657709499673,4
Clevelândia,2013,128,17501,24.82,22994.06,cobertura alta,89.82,90.85,89.82,90.85,10.04299120068664,3.211649779776461,5
Clevelândia,2014,124,17436,24.72,22073.3,cobertura alta,89.82,90.85,89.82,90.85,10.002124012314198,3.20761263258949,6
Clevelândia,2015,66,17373,24.64,23756.58,cobertura alta,89.82,90.85,89.82,90.85,10.075614823722374,3.204371138665319,7
Clevelândia,2016,53,17311,24.55,26782.62,cobertura alta,89.82,90.85,89.82,90.85,10.19550844866434,3.2007118542405295,8
Clevelândia,2017,72,17250,24.46,29012.99,cobertura alta,89.82,90.85,89.82,90.85,10.275498939711936,3.1970391302590264,9
Clevelândia,2018,39,16671,23.64,27935.64,cobertura alta,89.82,90.85,89.82,90.85,10.237658571958358,3.1629401925378975,10
Clevelândia,2019,79,16559,23.48,31016.79,cobertura alta,89.82,90.85,89.82,90.85,10.34228394975118,3.1561489949598958,11
Clevelândia,2020,75,16450,23.33,36293.92,cobertura alta,89.82,90.85,89.82,90.85,10.499405513111457,3.1497400860333387,12
Clevelândia,2021,81,16344,23.18,51271.41,cobertura alta,89.82,90.85,89.82,90.85,10.844888565862432,3.1432898379116057,13
Clevelândia,2022,53,15888,22.53,51749.37,cobertura alta,89.82,90.85,89.82,90.85,10.85416753714047,3.114847754444153,14
Clevelândia,2023,96,15431,21.88,59333.48,cobertura alta,89.82,90.85,89.82,90.85,10.99092901251317,3.0855729775537806,15
Clevelândia,2024,123,14975,21.24,61140.23,cobertura alta,89.82,90.85,89.82,90.85,11.02092535729578,3.055886196373738,16
Clevelândia,2025,152,14833,21.03,61725.54,cobertura alta,89.82,90.85,89.82,90.85,11.03045306265628,3.0459499897146083,17
Clevelândia,2026,78,14833,21.03,61725.54,cobertura alta,89.82,90.85,89.82,90.85,11.03045306265628,3.0459499897146083,18
Colombo,2008,317,241505,1219.72,7524.37,cobertura alta,84.0,98.02,84.0,98.02,8.92590236518205,7.106376603189545,0
Colombo,2009,238,247268,1248.83,8411.79,cobertura alta,84.0,98.02,84.0,98.02,9.037389572174314,7.1299623919748125,1
Colombo,2010,233,231255,1167.95,10207.78,cobertura alta,84.0,98.02,84.0,98.02,9.230905453628191,7.063005354252696,2
Colombo,2011,199,215242,1087.08,12834.48,cobertura alta,84.0,98.02,84.0,98.02,9.459890578265584,6.991250481469197,3
Colombo,2012,184,217443,1098.2,15015.9,cobertura alta,84.0,98.02,84.0,98.02,9.616864918681037,7.001427754844772,4
Colombo,2013,142,227220,1147.58,16688.91,cobertura alta,84.0,98.02,84.0,98.02,9.722499705955178,7.045410656280198,5
Colombo,2014,95,229872,1160.97,18592.33,cobertura alta,84.0,98.02,84.0,98.02,9.830504409063824,7.057011141570757,6
Colombo,2015,82,232432,1173.9,18901.07,cobertura alta,84.0,98.02,84.0,98.02,9.84697381320185,7.068086817884477,7
Colombo,2016,97,234941,1186.57,19943.8,cobertura alta,84.0,98.02,84.0,98.02,9.900673597074492,7.078822071185709,8
Colombo,2017,89,237402,1199.0,19945.74,cobertura alta,84.0,98.02,84.0,98.02,9.900770865681828,7.089243155027514,9
Colombo,2018,86,240840,1216.36,21682.23,cobertura alta,84.0,98.02,84.0,98.02,9.984248310042476,7.103618071342758,10
Colombo,2019,88,243726,1230.94,22145.12,cobertura alta,84.0,98.02,84.0,98.02,10.005372435173053,7.115533384135491,11
Colombo,2020,45,246540,1245.15,20199.49,cobertura alta,84.0,98.02,84.0,98.02,9.91341263554582,7.127011283569154,12
Colombo,2021,46,249277,1258.97,22841.54,cobertura alta,84.0,98.02,84.0,98.02,10.036336087066122,7.13804920532518,13
Colombo,2022,83,246425,1244.57,25834.55,cobertura alta,84.0,98.02,84.0,98.02,10.159468022338505,7.126545367714767,14
Colombo,2023,87,243572,1230.16,31321.23,cobertura alta,84.0,98.02,84.0,98.02,10.352051421364266,7.1148995212074375,15
Colombo,2024,76,240720,1215.76,31692.32,cobertura alta,84.0,98.02,84.0,98.02,10.363829659219565,7.10312467462535,16
Colombo,2025,89,241672,1220.57,31567.48,cobertura alta,84.0,98.02,84.0,98.02,10.359882755749634,7.107073241731992,17
Colombo,2026,61,241672,1220.57,31567.48,cobertura alta,84.0,98.02,84.0,98.02,10.359882755749634,7.107073241731992,18
Colorado,2008,140,21729,53.19,12821.67,cobertura alta,82.58,100.0,82.58,100.0,9.458891987201493,3.9738704087542263,0
Colorado,2009,136,21789,53.34,15819.59,cobertura alta,82.58,100.0,82.58,100.0,9.66900432442449,3.9766865187538682,1
Colorado,2010,141,22120,54.15,16571.47,cobertura alta,82.58,100.0,82.58,100.0,9.715437821030063,3.9917579734469997,2
Colorado,2011,128,22452,54.96,17479.42,cobertura alta,82.58,100.0,82.58,100.0,9.768779467881,4.006605647914094,3
Colorado,2012,121,22555,55.21,19010.55,cobertura alta,82.58,100.0,82.58,100.0,9.852749367204927,4.011144096295953,4
Colorado,2013,95,23402,57.29,21094.78,cobertura alta,82.58,100.0,82.58,100.0,9.956780895492443,4.048126088420487,5
Colorado,2014,120,23542,57.63,24872.78,cobertura alta,82.58,100.0,82.58,100.0,10.121529311812957,4.054043265448575,6
Colorado,2015,102,23678,57.96,24938.0,cobertura alta,82.58,100.0,82.58,100.0,10.12414802355653,4.059753117452481,7
Colorado,2016,122,23811,58.29,24492.55,cobertura alta,82.58,100.0,82.58,100.0,10.106124268657972,4.0654305520574585,8
Colorado,2017,102,23941,58.61,26044.69,cobertura alta,82.58,100.0,82.58,100.0,10.167569187631974,4.070905330488338,9
Colorado,2018,72,23879,58.46,25897.9,cobertura alta,82.58,100.0,82.58,100.0,10.1619171633193,4.0683427596831,10
Colorado,2019,43,24012,58.78,29075.13,cobertura alta,82.58,100.0,82.58,100.0,10.277638448572054,4.073801660990771,11
Colorado,2020,18,24145,59.11,29705.61,cobertura alta,82.58,100.0,82.58,100.0,10.29909119584242,4.079400114836278,12
Colorado,2021,18,24271,59.41,32807.34,cobertura alta,82.58,100.0,82.58,100.0,10.398407549824922,4.08446256236765,13
Colorado,2022,18,23940,58.6,39604.3,cobertura alta,82.58,100.0,82.58,100.0,10.586692977206141,4.070734696582967,14
Colorado,2023,13,23609,57.79,49628.87,cobertura alta,82.58,100.0,82.58,100.0,10.812327999835478,4.056815750329687,15
Colorado,2024,17,23278,56.98,50334.56,cobertura alta,82.58,100.0,82.58,100.0,10.826447197692914,4.0427003290697625,16
Colorado,2025,21,23313,57.07,50259.0,cobertura alta,82.58,100.0,82.58,100.0,10.824944914361643,4.044278584548617,17
Colorado,2026,5,23313,57.07,50259.0,cobertura alta,82.58,100.0,82.58,100.0,10.824944914361643,4.044278584548617,18
Congonhinhas,2008,17,8931,16.63,10441.16,sem rede,,61.47,0.0,61.47,9.253510966375359,2.811208293204836,0
Congonhinhas,2009,6,9035,16.82,8864.97,sem rede,,61.47,0.0,61.47,9.089862834407828,2.822568654544802,1
Congonhinhas,2010,13,8674,16.15,9736.57,sem rede,,61.47,0.0,61.47,9.18364417855758,2.7819200496686656,2
Congonhinhas,2011,4,8312,15.48,13218.48,sem rede,,61.47,0.0,61.47,9.48937112948817,2.739548868161581,3
Congonhinhas,2012,8,8344,15.54,13823.35,sem rede,,61.47,0.0,61.47,9.534114470262452,2.7434173449395014,4
Congonhinhas,2013,5,8648,16.1,17152.98,sem rede,,61.47,0.0,61.47,9.749927198432347,2.7788192719904172,5
Congonhinhas,2014,5,8693,16.19,14435.64,sem rede,,61.47,0.0,61.47,9.57745542779587,2.784393767689544,6
Congonhinhas,2015,1,8736,16.27,18228.82,sem rede,,61.47,0.0,61.47,9.810759137108175,2.7893229212309465,7
Congonhinhas,2016,5,8779,16.35,19967.19,sem rede,,61.47,0.0,61.47,9.90184570544253,2.7942278973432626,8
Congonhinhas,2017,8,8821,16.42,21643.46,sem rede,,61.47,0.0,61.47,9.982458609273788,2.7985001040242823,9
Congonhinhas,2018,9,8777,16.34,23435.0,sem rede,,61.47,0.0,61.47,10.061985910356807,2.7936160894318567,10
Congonhinhas,2019,8,8818,16.42,22623.72,sem rede,,61.47,0.0,61.47,10.02675419238209,2.7985001040242823,11
Congonhinhas,2020,2,8857,16.49,29837.64,sem rede,,61.47,0.0,61.47,10.303525962718188,2.8027541365715076,12
Congonhinhas,2021,14,8896,16.56,32106.23,sem rede,,61.47,0.0,61.47,10.376805371283712,2.8069901489571136,13
Congonhinhas,2022,18,8745,16.28,37845.05,sem rede,,61.47,0.0,61.47,10.541255470920886,2.7899373605743945,14
Congonhinhas,2023,12,8593,16.0,36019.67,sem rede,,61.47,0.0,61.47,10.491820457111078,2.772588722239781,15
Congonhinhas,2024,4,8442,15.72,36663.94,sem rede,,61.47,0.0,61.47,10.509548989704967,2.7549337870010606,16
Congonhinhas,2025,5,8445,15.72,36650.92,sem rede,,61.47,0.0,61.47,10.509193809318976,2.7549337870010606,17
Congonhinhas,2026,3,8445,15.72,36650.92,sem rede,,61.47,0.0,61.47,10.509193809318976,2.7549337870010606,18
Conselheiro Mairinck,2008,26,3681,17.95,10257.0,cobertura alta,74.47,82.13,74.47,82.13,9.235715678307411,2.8875901149342877,0
Conselheiro Mairinck,2009,17,3700,18.04,9180.81,cobertura alta,74.47,82.13,74.47,82.13,9.124870715016149,2.8925915146344776,1
Conselheiro Mairinck,2010,23,3675,17.92,11338.5,cobertura alta,74.47,82.13,74.47,82.13,9.335959293400341,2.8859174075467844,2
Conselheiro Mairinck,2011,10,3650,17.8,12878.63,cobertura alta,74.47,82.13,74.47,82.13,9.463324627541404,2.8791984572980396,3
Conselheiro Mairinck,2012,0,3663,17.86,15380.02,cobertura alta,74.47,82.13,74.47,82.13,9.640824543448906,2.882563575448353,4
Conselheiro Mairinck,2013,34,3794,18.5,17345.28,cobertura alta,74.47,82.13,74.47,82.13,9.761075702254239,2.917770732084279,5
Conselheiro Mairinck,2014,32,3813,18.59,19671.39,cobertura alta,74.47,82.13,74.47,82.13,9.886920574875196,2.922623801733353,6
Conselheiro Mairinck,2015,23,3831,18.68,22968.15,cobertura alta,74.47,82.13,74.47,82.13,10.041863752605071,2.9274534328006965,7
Conselheiro Mairinck,2016,8,3849,18.77,26472.59,cobertura alta,74.47,82.13,74.47,82.13,10.183865137053292,2.9322598505984176,8
Conselheiro Mairinck,2017,0,3866,18.85,25594.93,cobertura alta,74.47,82.13,74.47,82.13,10.150149563978783,2.93651291389402,9
Conselheiro Mairinck,2018,0,3843,18.74,24756.18,cobertura alta,74.47,82.13,74.47,82.13,10.116830433797434,2.930660276810276,10
Conselheiro Mairinck,2019,4,3860,18.82,27050.52,cobertura alta,74.47,82.13,74.47,82.13,10.205461507749744,2.9349201341572337,11
Conselheiro Mairinck,2020,1,3876,18.9,30422.6,cobertura alta,74.47,82.13,74.47,82.13,10.322941032246394,2.9391619220655967,12
Conselheiro Mairinck,2021,0,3891,18.97,39173.73,cobertura alta,74.47,82.13,74.47,82.13,10.575761648064393,2.9428587839469227,13
Conselheiro Mairinck,2022,0,3756,18.31,48706.07,cobertura alta,74.47,82.13,74.47,82.13,10.793558941960764,2.907447358686419,14
Conselheiro Mairinck,2023,0,3621,17.65,46612.81,cobertura alta,74.47,82.13,74.47,82.13,10.749630675041523,2.8707357833793057,15
Conselheiro Mairinck,2024,0,3486,17.0,48417.96,cobertura alta,74.47,82.13,74.47,82.13,10.787626098253817,2.833213344056216,16
Conselheiro Mairinck,2025,1,3474,16.94,48585.2,cobertura alta,74.47,82.13,74.47,82.13,10.791074236761927,2.8296776892239084,17
Conselheiro Mairinck,2026,0,3474,16.94,48585.2,cobertura alta,74.47,82.13,74.47,82.13,10.791074236761927,2.8296776892239084,18
Contenda,2008,4,15509,51.77,9773.74,cobertura baixa,58.1,72.28,58.1,72.28,9.18745447628946,3.94681083091381,0
Contenda,2009,9,15728,52.5,10608.41,cobertura baixa,58.1,72.28,58.1,72.28,9.269402361754164,3.960813169597578,1
Contenda,2010,14,15912,53.11,10156.99,cobertura baixa,58.1,72.28,58.1,72.28,9.225917417396337,3.972365234434308,2
Contenda,2011,18,16095,53.72,11724.95,cobertura baixa,58.1,72.28,58.1,72.28,9.369474328913064,3.9837853716550367,3
Contenda,2012,10,16292,54.38,11826.6,cobertura baixa,58.1,72.28,58.1,72.28,9.378106510760938,3.995996439204325,4
Contenda,2013,5,17067,56.97,14279.96,cobertura baixa,58.1,72.28,58.1,72.28,9.566612434769205,4.042524813492304,5
Contenda,2014,2,17300,57.74,14512.2,cobertura baixa,58.1,72.28,58.1,72.28,9.582744953957857,4.055950174234789,6
Contenda,2015,4,17525,58.49,17276.52,cobertura baixa,58.1,72.28,58.1,72.28,9.757103633187693,4.068855799454934,7
Contenda,2016,4,17745,59.23,19409.52,cobertura baixa,58.1,72.28,58.1,72.28,9.87351894633641,4.0814281702888735,8
Contenda,2017,6,17961,59.95,21139.97,cobertura baixa,58.1,72.28,58.1,72.28,9.958920840312532,4.093510881473524,9
Contenda,2018,4,18326,61.17,21848.03,cobertura baixa,58.1,72.28,58.1,72.28,9.991866036275995,4.113656873254474,10
Contenda,2019,8,18584,62.03,21691.62,cobertura baixa,58.1,72.28,58.1,72.28,9.984681289828531,4.127618138985026,11
Contenda,2020,11,18837,62.87,23932.37,cobertura baixa,58.1,72.28,58.1,72.28,10.082987214861745,4.14106910239497,12
Contenda,2021,10,19082,63.69,29220.05,cobertura baixa,58.1,72.28,58.1,72.28,10.282610396459969,4.1540275643832745,13
Contenda,2022,2,19330,64.52,32033.26,cobertura baixa,58.1,72.28,58.1,72.28,10.374530017005656,4.166975253257008,14
Contenda,2023,6,19579,65.35,32065.89,cobertura baixa,58.1,72.28,58.1,72.28,10.37554812731815,4.179757440070231,15
Contenda,2024,1,19827,66.18,31664.8,cobertura baixa,58.1,72.28,58.1,72.28,10.362960932808683,4.192378302493466,16
Contenda,2025,4,20006,66.78,31381.49,cobertura baixa,58.1,72.28,58.1,72.28,10.353973507632679,4.201403634515509,17
Contenda,2026,1,20006,66.78,31381.49,cobertura baixa,58.1,72.28,58.1,72.28,10.353973507632679,4.201403634515509,18
Corbélia,2008,48,15858,29.9,17049.12,cobertura alta,81.86,87.9,81.86,87.9,9.743853868476446,3.3978584803966405,0
Corbélia,2009,42,15850,29.89,16655.33,cobertura alta,81.86,87.9,81.86,87.9,9.720485564301196,3.3975239762958465,1
Corbélia,2010,32,16101,30.36,18297.19,cobertura alta,81.86,87.9,81.86,87.9,9.814502775126641,3.4131259525274293,2
Corbélia,2011,44,16352,30.84,21199.67,cobertura alta,81.86,87.9,81.86,87.9,9.961740894501215,3.4288125486951286,3
Corbélia,2012,67,16389,30.91,23939.47,cobertura alta,81.86,87.9,81.86,87.9,10.083283840186867,3.431079756144025,4
Corbélia,2013,43,16954,31.97,29420.79,cobertura alta,81.86,87.9,81.86,87.9,10.289456846276213,3.4647979630717503,5
Corbélia,2014,34,17016,32.09,30859.6,cobertura alta,81.86,87.9,81.86,87.9,10.337203164070347,3.4685444551217657,6
Corbélia,2015,15,17076,32.2,33653.61,cobertura alta,81.86,87.9,81.86,87.9,10.423875610150793,3.4719664525503626,7
Corbélia,2016,77,17135,32.31,35603.27,cobertura alta,81.86,87.9,81.86,87.9,10.480192766554392,3.475376779836407,8
Corbélia,2017,63,17193,32.42,33683.01,cobertura alta,81.86,87.9,81.86,87.9,10.424748834909272,3.4787755163075302,9
Corbélia,2018,19,17024,32.1,35814.14,cobertura alta,81.86,87.9,81.86,87.9,10.486098066474897,3.4688560301359703,10
Corbélia,2019,119,17071,32.19,39545.14,cobertura alta,81.86,87.9,81.86,87.9,10.58519808321783,3.4716558453107167,11
Corbélia,2020,105,17117,32.28,60243.15,cobertura alta,81.86,87.9,81.86,87.9,11.00614415194331,3.474447843401748,12
Corbélia,2021,92,17162,32.36,62007.75,cobertura alta,81.86,87.9,81.86,87.9,11.03501465621538,3.4769230921902907,13
Corbélia,2022,15,17395,32.8,57696.98,cobertura alta,81.86,87.9,81.86,87.9,10.962960111438381,3.490428515390098,14
Corbélia,2023,17,17629,33.24,56354.87,cobertura alta,81.86,87.9,81.86,87.9,10.939423939868444,3.5037539699872475,15
Corbélia,2024,31,17862,33.68,55619.75,cobertura alta,81.86,87.9,81.86,87.9,10.926293632991806,3.516904189374126,16
Corbélia,2025,18,17933,33.82,55399.54,cobertura alta,81.86,87.9,81.86,87.9,10.922326569451805,3.5210523434704344,17
Corbélia,2026,4,17933,33.82,55399.54,cobertura alta,81.86,87.9,81.86,87.9,10.922326569451805,3.5210523434704344,18
Cornélio Procópio,2008,218,48427,76.07,13382.12,cobertura alta,96.77,96.98,96.77,96.98,9.501674766572023,4.33165396900921,0
Cornélio Procópio,2009,116,48544,76.26,14455.79,cobertura alta,96.77,96.98,96.77,96.98,9.578850305326483,4.334148554429418,1
Cornélio Procópio,2010,164,47739,74.99,15777.08,cobertura alta,96.77,96.98,96.77,96.98,9.666313532917096,4.317354771313298,2
Cornélio Procópio,2011,142,46934,73.73,18815.91,cobertura alta,96.77,96.98,96.77,96.98,9.84245806752365,4.300409772001559,3
Cornélio Procópio,2012,151,46939,73.73,21367.03,cobertura alta,96.77,96.98,96.77,96.98,9.96960435877626,4.300409772001559,4
Cornélio Procópio,2013,74,48420,76.06,24667.53,cobertura alta,96.77,96.98,96.77,96.98,10.113243082905711,4.331522502500114,5
Cornélio Procópio,2014,113,48487,76.17,25618.25,cobertura alta,96.77,96.98,96.77,96.98,10.151060267106834,4.3329676843846965,6
Cornélio Procópio,2015,107,48551,76.27,28339.35,cobertura alta,96.77,96.98,96.77,96.98,10.252006577201826,4.3342796761761475,7
Cornélio Procópio,2016,106,48615,76.37,28944.96,cobertura alta,96.77,96.98,96.77,96.98,10.273151374580902,4.335589948900293,8
Cornélio Procópio,2017,90,48677,76.46,29749.61,cobertura alta,96.77,96.98,96.77,96.98,10.300571301644151,4.336767728268267,9
Cornélio Procópio,2018,130,47847,75.16,32330.49,cobertura alta,96.77,96.98,96.77,96.98,10.383766026806295,4.319619174545265,10
Cornélio Procópio,2019,83,47845,75.16,35292.51,cobertura alta,96.77,96.98,96.77,96.98,10.471426039104635,4.319619174545265,11
Cornélio Procópio,2020,69,47842,75.15,36478.51,cobertura alta,96.77,96.98,96.77,96.98,10.50447859905587,4.319486116198983,12
Cornélio Procópio,2021,54,47840,75.15,37880.48,cobertura alta,96.77,96.98,96.77,96.98,10.54219121881424,4.319486116198983,13
Cornélio Procópio,2022,112,47170,74.1,46087.34,cobertura alta,96.77,96.98,96.77,96.98,10.7382935708792,4.3054155323020415,14
Cornélio Procópio,2023,101,46500,73.04,51230.99,cobertura alta,96.77,96.98,96.77,96.98,10.844099901361014,4.291007236286713,15
Cornélio Procópio,2024,151,45830,71.99,51979.95,cobertura alta,96.77,96.98,96.77,96.98,10.858613346286592,4.276527220481212,16
Cornélio Procópio,2025,134,45720,71.82,52105.01,cobertura alta,96.77,96.98,96.77,96.98,10.861016384346671,4.274162988797936,17
Cornélio Procópio,2026,37,45720,71.82,52105.01,cobertura alta,96.77,96.98,96.77,96.98,10.861016384346671,4.274162988797936,18
Coronel Domingos Soares,2008,48,7790,5.0,10254.69,sem rede,,56.96,0.0,56.96,9.235490440893061,1.6094379124341003,0
Coronel Domingos Soares,2009,62,7864,5.04,9817.78,sem rede,,56.96,0.0,56.96,9.191950306544571,1.6174060820832772,1
Coronel Domingos Soares,2010,61,7560,4.85,11104.89,sem rede,,56.96,0.0,56.96,9.315140830831472,1.5789787049493917,2
Coronel Domingos Soares,2011,36,7256,4.65,13529.22,sem rede,,56.96,0.0,56.96,9.512607069835623,1.536867219599265,3
Coronel Domingos Soares,2012,37,7274,4.67,15540.01,sem rede,,56.96,0.0,56.96,9.651173267422076,1.541159071680806,4
Coronel Domingos Soares,2013,26,7525,4.83,17958.41,sem rede,,56.96,0.0,56.96,9.795813807870358,1.5748464676644813,5
Coronel Domingos Soares,2014,16,7553,4.84,19257.65,sem rede,,56.96,0.0,56.96,9.865663663369835,1.5769147207285403,6
Coronel Domingos Soares,2015,23,7580,4.86,19777.31,sem rede,,56.96,0.0,56.96,9.892290599972904,1.5810384379124025,7
Coronel Domingos Soares,2016,20,7607,4.88,22634.28,sem rede,,56.96,0.0,56.96,10.027220850219008,1.5851452198650557,8
Coronel Domingos Soares,2017,13,7547,4.84,23248.71,sem rede,,56.96,0.0,56.96,10.054004925605248,1.5769147207285403,9
Coronel Domingos Soares,2018,29,7475,4.79,26205.75,sem rede,,56.96,0.0,56.96,10.17373413131898,1.5665304114228238,10
Coronel Domingos Soares,2019,33,7497,4.81,25741.76,sem rede,,56.96,0.0,56.96,10.155869854880956,1.5706970841176697,11
Coronel Domingos Soares,2020,6,7518,4.82,30520.22,sem rede,,56.96,0.0,56.96,10.326144693760355,1.572773928062509,12
Coronel Domingos Soares,2021,8,7538,4.84,42944.55,sem rede,,56.96,0.0,56.96,10.66766502762639,1.5769147207285403,13
Coronel Domingos Soares,2022,29,6864,4.4,48673.51,sem rede,,56.96,0.0,56.96,10.792890218575156,1.4816045409242156,14
Coronel Domingos Soares,2023,25,6190,3.97,53140.87,sem rede,,56.96,0.0,56.96,10.880701591027735,1.3787660946990992,15
Coronel Domingos Soares,2024,25,5516,3.54,59634.16,sem rede,,56.96,0.0,56.96,10.99598384322563,1.264126727145683,16
Coronel Domingos Soares,2025,30,5427,3.48,60612.12,sem rede,,56.96,0.0,56.96,11.012250152060073,1.247032293786383,17
Coronel Domingos Soares,2026,15,5427,3.48,60612.12,sem rede,,56.96,0.0,56.96,11.012250152060073,1.247032293786383,18
Coronel Vivida,2008,179,21985,32.06,11560.25,cobertura baixa,62.74,77.36,62.74,77.36,9.3553277682901,3.467609147181407,0
Coronel Vivida,2009,184,21830,31.83,12187.68,cobertura baixa,62.74,77.36,62.74,77.36,9.408180884427807,3.4604092412940015,1
Coronel Vivida,2010,125,21730,31.69,12617.12,cobertura baixa,62.74,77.36,62.74,77.36,9.442809900859766,3.4560011737028296,2
Coronel Vivida,2011,110,21630,31.54,15623.35,cobertura baixa,62.74,77.36,62.74,77.36,9.656521869028529,3.451256581534892,3
Coronel Vivida,2012,215,21514,31.37,15828.07,cobertura baixa,62.74,77.36,62.74,77.36,9.669540225037865,3.445852022202587,4
Coronel Vivida,2013,82,22035,32.13,21710.23,cobertura baixa,62.74,77.36,62.74,77.36,9.985538857012441,3.4697901731277674,5
Coronel Vivida,2014,40,21939,31.99,23464.79,cobertura baixa,62.74,77.36,62.74,77.36,10.063256278689217,3.4654233539614268,6
Coronel Vivida,2015,46,21846,31.85,25895.36,cobertura baixa,62.74,77.36,62.74,77.36,10.161819081059097,3.4610373820181723,7
Coronel Vivida,2016,37,21755,31.72,28648.68,cobertura baixa,62.74,77.36,62.74,77.36,10.262862647783049,3.456947396766647,8
Coronel Vivida,2017,44,21666,31.59,28935.47,cobertura baixa,62.74,77.36,62.74,77.36,10.272823457179975,3.4528406148139936,9
Coronel Vivida,2018,33,20892,30.46,32847.55,cobertura baixa,62.74,77.36,62.74,77.36,10.399632439700678,3.4164143474670157,10
Coronel Vivida,2019,34,20734,30.23,32482.54,cobertura baixa,62.74,77.36,62.74,77.36,10.388457993188442,3.408834808791367,11
Coronel Vivida,2020,10,20580,30.01,35451.9,cobertura baixa,62.74,77.36,62.74,77.36,10.475932127138977,3.4015306594522756,12
Coronel Vivida,2021,22,20430,29.79,43431.67,cobertura baixa,62.74,77.36,62.74,77.36,10.67894417747206,3.394172766725191,13
Coronel Vivida,2022,11,21573,31.46,41510.55,cobertura baixa,62.74,77.36,62.74,77.36,10.633702890778627,3.4487168976301317,14
Coronel Vivida,2023,12,22716,33.12,48839.63,cobertura baixa,62.74,77.36,62.74,77.36,10.79629735243837,3.500137329517059,15
Coronel Vivida,2024,29,23859,34.79,46499.9,cobertura baixa,62.74,77.36,62.74,77.36,10.7472054410355,3.5493299891638506,16
Coronel Vivida,2025,12,24010,35.01,46207.46,cobertura baixa,62.74,77.36,62.74,77.36,10.740896535896125,3.555633734966574,17
Coronel Vivida,2026,6,24010,35.01,46207.46,cobertura baixa,62.74,77.36,62.74,77.36,10.740896535896125,3.555633734966574,18
Corumbataí do Sul,2008,4,4291,26.05,7167.33,cobertura alta,66.3,66.24,66.3,66.24,8.877288479303939,3.260017768199376,0
Corumbataí do Sul,2009,7,4220,25.62,6654.5,cobertura alta,66.3,66.24,66.3,66.24,8.803048596526612,3.2433732964685884,1
Corumbataí do Sul,2010,18,4075,24.74,9672.64,cobertura alta,66.3,66.24,66.3,66.24,9.177056560494217,3.208421366964342,2
Corumbataí do Sul,2011,22,3930,23.86,11767.68,cobertura alta,66.3,66.24,66.3,66.24,9.373112069525423,3.17220341666977,3
Corumbataí do Sul,2012,22,3860,23.44,12028.76,cobertura alta,66.3,66.24,66.3,66.24,9.395055728011842,3.154443964708812,4
Corumbataí do Sul,2013,14,3887,23.6,13466.43,cobertura alta,66.3,66.24,66.3,66.24,9.507955200869278,3.1612467120315646,5
Corumbataí do Sul,2014,32,3817,23.18,14036.68,cobertura alta,66.3,66.24,66.3,66.24,9.54942918238055,3.1432898379116057,6
Corumbataí do Sul,2015,12,3749,22.76,15890.64,cobertura alta,66.3,66.24,66.3,66.24,9.673485535623382,3.1250046092581303,7
Corumbataí do Sul,2016,13,3682,22.36,16765.89,cobertura alta,66.3,66.24,66.3,66.24,9.727101744279226,3.1072736482868986,8
Corumbataí do Sul,2017,5,3617,21.96,18526.4,cobertura alta,66.3,66.24,66.3,66.24,9.826952020858009,3.08922261664133,9
Corumbataí do Sul,2018,8,3313,20.12,19915.18,cobertura alta,66.3,66.24,66.3,66.24,9.899237533988154,3.0017143452315387,10
Corumbataí do Sul,2019,3,3219,19.54,19398.26,cobertura alta,66.3,66.24,66.3,66.24,9.872938650307317,2.972463646614637,11
Corumbataí do Sul,2020,1,3127,18.99,26211.38,cobertura alta,66.3,66.24,66.3,66.24,10.173948946591073,2.9439125248241944,12
Corumbataí do Sul,2021,1,3038,18.45,28862.08,cobertura alta,66.3,66.24,66.3,66.24,10.270283901802866,2.915064370486536,13
Corumbataí do Sul,2022,0,3285,19.95,25243.84,cobertura alta,66.3,66.24,66.3,66.24,10.136337444544289,2.9932291433358724,14
Corumbataí do Sul,2023,1,3533,21.45,29701.39,cobertura alta,66.3,66.24,66.3,66.24,10.298949125042444,3.065724645374026,15
Corumbataí do Sul,2024,2,3780,22.95,27760.58,cobertura alta,66.3,66.24,66.3,66.24,10.231372307774235,3.133317936506554,16
Corumbataí do Sul,2025,1,3770,22.89,27834.22,cobertura alta,66.3,66.24,66.3,66.24,10.234021477950861,3.1307001339644756,17
Corumbataí do Sul,2026,0,3770,22.89,27834.22,cobertura alta,66.3,66.24,66.3,66.24,10.234021477950861,3.1307001339644756,18
Cruz Machado,2008,25,19011,12.83,7923.15,cobertura baixa,3.48,37.71,3.48,37.71,8.977544133008672,2.551786178627545,0
Cruz Machado,2009,46,19132,12.91,6934.25,cobertura baixa,3.48,37.71,3.48,37.71,8.844228179820586,2.558002204858551,1
Cruz Machado,2010,77,18600,12.56,9180.16,cobertura baixa,3.48,37.71,3.48,37.71,9.124799912656549,2.5305171610400525,2
Cruz Machado,2011,52,18069,12.2,11109.91,cobertura baixa,3.48,37.71,3.48,37.71,9.315592781790784,2.501435951739211,3
Cruz Machado,2012,62,18097,12.22,11579.93,cobertura baixa,3.48,37.71,3.48,37.71,9.357028706203707,2.503073953743449,4
Cruz Machado,2013,55,18702,12.62,14549.78,cobertura baixa,3.48,37.71,3.48,37.71,9.585331152210411,2.5352828571130672,5
Cruz Machado,2014,56,18755,12.66,17360.33,cobertura baixa,3.48,37.71,3.48,37.71,9.761942997250259,2.5384474167160302,6
Cruz Machado,2015,30,18807,12.7,15700.32,cobertura baixa,3.48,37.71,3.48,37.71,9.661436373294292,2.5416019934645457,7
Cruz Machado,2016,24,18858,12.73,16192.39,cobertura baixa,3.48,37.71,3.48,37.71,9.692296657765509,2.543961412569315,8
Cruz Machado,2017,13,18907,12.76,18200.88,cobertura baixa,3.48,37.71,3.48,37.71,9.809225223544335,2.546315277916644,9
Cruz Machado,2018,9,18675,12.61,19721.02,cobertura baixa,3.48,37.71,3.48,37.71,9.88944035095691,2.534490149976828,10
Cruz Machado,2019,12,18708,12.63,20011.55,cobertura baixa,3.48,37.71,3.48,37.71,9.904064885847175,2.5360749363624,11
Cruz Machado,2020,19,18741,12.65,23550.93,cobertura baixa,3.48,37.71,3.48,37.71,10.066920589110696,2.5376572151735295,12
Cruz Machado,2021,4,18772,12.67,26905.28,cobertura baixa,3.48,37.71,3.48,37.71,10.200077828856916,2.5392369943330477,13
Cruz Machado,2022,14,17818,12.03,26280.95,cobertura baixa,3.48,37.71,3.48,37.71,10.176599621108043,2.4874035299865875,14
Cruz Machado,2023,11,16864,11.38,30121.2,cobertura baixa,3.48,37.71,3.48,37.71,10.312984521757663,2.431857428698185,15
Cruz Machado,2024,11,15910,10.74,31927.34,cobertura baixa,3.48,37.71,3.48,37.71,10.371217975004011,2.3739750890807185,16
Cruz Machado,2025,11,15759,10.64,32233.26,cobertura baixa,3.48,37.71,3.48,37.71,10.380754117693128,2.3646204839134985,17
Cruz Machado,2026,3,15759,10.64,32233.26,cobertura baixa,3.48,37.71,3.48,37.71,10.380754117693128,2.3646204839134985,18
Cruzeiro do Iguaçu,2008,6,4244,26.17,10885.96,sem rede,,78.47,0.0,78.47,9.295229164543153,3.2646137165420543,0
Cruzeiro do Iguaçu,2009,8,4225,26.05,11957.63,sem rede,,78.47,0.0,78.47,9.389124847333113,3.260017768199376,1
Cruzeiro do Iguaçu,2010,11,4248,26.19,14665.25,sem rede,,78.47,0.0,78.47,9.593236028657996,3.2653776585196206,2
Cruzeiro do Iguaçu,2011,7,4270,26.33,17040.75,sem rede,,78.47,0.0,78.47,9.743362813499223,3.270708973508218,3
Cruzeiro do Iguaçu,2012,6,4261,26.27,15833.61,sem rede,,78.47,0.0,78.47,9.66989017488617,3.2684276036974484,4
Cruzeiro do Iguaçu,2013,21,4383,27.02,19836.87,sem rede,,78.47,0.0,78.47,9.89529760629634,3.2965773325320527,5
Cruzeiro do Iguaçu,2014,21,4380,27.0,20171.69,sem rede,,78.47,0.0,78.47,9.912035415241924,3.295836866004329,6
Cruzeiro do Iguaçu,2015,11,4376,26.98,23213.89,sem rede,,78.47,0.0,78.47,10.052506085397482,3.2950958507796098,7
Cruzeiro do Iguaçu,2016,11,4373,26.96,25225.25,sem rede,,78.47,0.0,78.47,10.135600755975473,3.2943542860441064,8
Cruzeiro do Iguaçu,2017,24,4369,26.94,25961.09,sem rede,,78.47,0.0,78.47,10.164354157609912,3.293612170982218,9
Cruzeiro do Iguaçu,2018,29,4264,26.29,26771.58,sem rede,,78.47,0.0,78.47,10.195096156065201,3.26918863874179,10
Cruzeiro do Iguaçu,2019,36,4252,26.21,26982.13,sem rede,,78.47,0.0,78.47,10.202930074013988,3.266141017335315,11
Cruzeiro do Iguaçu,2020,26,4240,26.14,36511.32,sem rede,,78.47,0.0,78.47,10.505377628474351,3.2634667081960758,12
Cruzeiro do Iguaçu,2021,22,4229,26.07,41894.77,sem rede,,78.47,0.0,78.47,10.642916277117052,3.2607852279454104,13
Cruzeiro do Iguaçu,2022,2,4210,25.96,41321.62,sem rede,,78.47,0.0,78.47,10.62914112866058,3.2565568918358894,14
Cruzeiro do Iguaçu,2023,0,4190,25.83,49320.05,sem rede,,78.47,0.0,78.47,10.806085971065277,3.251536607107749,15
Cruzeiro do Iguaçu,2024,0,4171,25.72,49544.71,sem rede,,78.47,0.0,78.47,10.81063077321116,3.2472688993694185,16
Cruzeiro do Iguaçu,2025,1,4129,25.46,50048.68,sem rede,,78.47,0.0,78.47,10.820751410769203,3.2371085931292605,17
Cruzeiro do Iguaçu,2026,2,4129,25.46,50048.68,sem rede,,78.47,0.0,78.47,10.820751410769203,3.2371085931292605,18
Cruzeiro do Oeste,2008,216,20814,26.77,8874.36,cobertura alta,73.09,87.75,73.09,87.75,9.090921499067317,3.2872818575322613,0
Cruzeiro do Oeste,2009,190,20856,26.82,11362.39,cobertura alta,73.09,87.75,73.09,87.75,9.338064057470776,3.2891478778535324,1
Cruzeiro do Oeste,2010,155,20644,26.55,13739.83,cobertura alta,73.09,87.75,73.09,87.75,9.528054193065156,3.279029747687948,2
Cruzeiro do Oeste,2011,209,20431,26.27,16023.15,cobertura alta,73.09,87.75,73.09,87.75,9.681789830506844,3.2684276036974484,3
Cruzeiro do Oeste,2012,36,20446,26.29,19875.23,cobertura alta,73.09,87.75,73.09,87.75,9.897229511782617,3.26918863874179,4
Cruzeiro do Oeste,2013,27,21107,27.14,23077.23,cobertura alta,73.09,87.75,73.09,87.75,10.046601696088358,3.301008654406723,5
Cruzeiro do Oeste,2014,13,21149,27.2,27606.03,cobertura alta,73.09,87.75,73.09,87.75,10.225789506103212,3.3032169733019514,6
Cruzeiro do Oeste,2015,11,21190,27.25,28258.28,cobertura alta,73.09,87.75,73.09,87.75,10.249141790975084,3.305053521109253,7
Cruzeiro do Oeste,2016,15,21197,27.26,31406.38,cobertura alta,73.09,87.75,73.09,87.75,10.354766335970503,3.3054204262683866,8
Cruzeiro do Oeste,2017,12,21237,27.31,36647.88,cobertura alta,73.09,87.75,73.09,87.75,10.50911086116698,3.3072529354856135,9
Cruzeiro do Oeste,2018,19,20917,26.9,39671.7,cobertura alta,73.09,87.75,73.09,87.75,10.588393366131909,3.292126286607793,10
Cruzeiro do Oeste,2019,20,20932,26.92,40107.44,cobertura alta,73.09,87.75,73.09,87.75,10.599317132244558,3.2928695047765273,11
Cruzeiro do Oeste,2020,13,20947,26.94,39712.99,cobertura alta,73.09,87.75,73.09,87.75,10.589433617185945,3.293612170982218,12
Cruzeiro do Oeste,2021,13,20962,26.96,40996.47,cobertura alta,73.09,87.75,73.09,87.75,10.621241244418862,3.2943542860441064,13
Cruzeiro do Oeste,2022,18,22182,28.53,40296.32,cobertura alta,73.09,87.75,73.09,87.75,10.604015428628816,3.3509561652254085,14
Cruzeiro do Oeste,2023,8,23402,30.1,46545.98,cobertura alta,73.09,87.75,73.09,87.75,10.748195920222054,3.40452517175483,15
Cruzeiro do Oeste,2024,12,24622,31.66,44239.66,cobertura alta,73.09,87.75,73.09,87.75,10.697376950814062,3.4550540544528663,16
Cruzeiro do Oeste,2025,7,24859,31.97,43817.89,cobertura alta,73.09,87.75,73.09,87.75,10.687797460461153,3.4647979630717503,17
Cruzeiro do Oeste,2026,14,24859,31.97,43817.89,cobertura alta,73.09,87.75,73.09,87.75,10.687797460461153,3.4647979630717503,18
Cruzeiro do Sul,2008,6,4595,17.69,17702.29,sem rede,,87.66,0.0,87.66,9.781449288724314,2.872999508171694,0
Cruzeiro do Sul,2009,12,4574,17.61,18946.66,sem rede,,87.66,0.0,87.66,9.849382941677982,2.8684669225081145,1
Cruzeiro do Sul,2010,5,4561,17.56,21717.39,sem rede,,87.66,0.0,87.66,9.985868601081533,2.8656235882069705,2
Cruzeiro do Sul,2011,8,4548,17.51,23827.62,sem rede,,87.66,0.0,87.66,10.07860069099677,2.8627721462977607,3
Cruzeiro do Sul,2012,3,4534,17.45,24409.79,sem rede,,87.66,0.0,87.66,10.102739560318454,2.859339648648436,4
Cruzeiro do Sul,2013,0,4656,17.92,31010.31,sem rede,,87.66,0.0,87.66,10.34207500881976,2.8859174075467844,5
Cruzeiro do Sul,2014,0,4646,17.88,29211.58,sem rede,,87.66,0.0,87.66,10.282320484983622,2.883682769745368,6
Cruzeiro do Sul,2015,0,4637,17.85,30806.12,sem rede,,87.66,0.0,87.66,10.335468650521879,2.8820035082256483,7
Cruzeiro do Sul,2016,0,4628,17.81,39025.06,sem rede,,87.66,0.0,87.66,10.571959282858428,2.87976009730157,8
Cruzeiro do Sul,2017,1,4619,17.78,43023.38,sem rede,,87.66,0.0,87.66,10.669498967843266,2.8780742300857587,9
Cruzeiro do Sul,2018,1,4489,17.28,41283.36,sem rede,,87.66,0.0,87.66,10.62821479219186,2.8495497633759097,10
Cruzeiro do Sul,2019,0,4469,17.2,38899.75,sem rede,,87.66,0.0,87.66,10.568743102850668,2.8449093838194073,11
Cruzeiro do Sul,2020,0,4449,17.12,44331.09,sem rede,,87.66,0.0,87.66,10.699441515751722,2.840247370713596,12
Cruzeiro do Sul,2021,6,4430,17.05,46354.63,sem rede,,87.66,0.0,87.66,10.74407645813025,2.8361502037295256,13
Cruzeiro do Sul,2022,0,4469,17.2,47842.02,sem rede,,87.66,0.0,87.66,10.775659611813369,2.8449093838194073,14
Cruzeiro do Sul,2023,0,4508,17.35,62394.63,sem rede,,87.66,0.0,87.66,11.041234492962035,2.8535925063928684,15
Cruzeiro do Sul,2024,2,4547,17.5,61859.47,sem rede,,87.66,0.0,87.66,11.032620478468765,2.8622008809294686,16
Cruzeiro do Sul,2025,2,4543,17.49,61913.93,sem rede,,87.66,0.0,87.66,11.03350047374262,2.8616292890305104,17
Cruzeiro do Sul,2026,0,4543,17.49,61913.93,sem rede,,87.66,0.0,87.66,11.03350047374262,2.8616292890305104,18
Cruzmaltina,2008,1,3161,10.1,14510.91,sem rede,,68.16,0.0,68.16,9.582656059280419,2.312535423847214,0
Cruzmaltina,2009,4,3128,10.0,12414.0,sem rede,,68.16,0.0,68.16,9.426580146973597,2.302585092994046,1
Cruzmaltina,2010,7,3134,10.02,15033.18,sem rede,,68.16,0.0,68.16,9.618015037214104,2.3045830956567186,2
Cruzmaltina,2011,3,3140,10.04,21020.38,sem rede,,68.16,0.0,68.16,9.953247722288468,2.306577114263583,3
Cruzmaltina,2012,8,3118,9.96,20681.21,sem rede,,68.16,0.0,68.16,9.936980837548983,2.298577071596507,4
Cruzmaltina,2013,11,3185,10.18,26847.41,sem rede,,68.16,0.0,68.16,10.197924633459316,2.3204250111223765,5
Cruzmaltina,2014,7,3166,10.12,27858.18,sem rede,,68.16,0.0,68.16,10.234881918566753,2.3145136638593193,6
Cruzmaltina,2015,3,3147,10.06,31394.66,sem rede,,68.16,0.0,68.16,10.354393093739608,2.3085671646715933,7
Cruzmaltina,2016,9,3128,10.0,30492.01,sem rede,,68.16,0.0,68.16,10.325219961062984,2.302585092994046,8
Cruzmaltina,2017,15,3110,9.94,33401.61,sem rede,,68.16,0.0,68.16,10.41635938139585,2.2965670206684825,9
Cruzmaltina,2018,4,2980,9.52,37983.56,sem rede,,68.16,0.0,68.16,10.544908713517533,2.253394848803274,10
Cruzmaltina,2019,4,2950,9.43,38229.49,sem rede,,68.16,0.0,68.16,10.551362486292817,2.2438960966453663,11
Cruzmaltina,2020,8,2921,9.34,54941.8,sem rede,,68.16,0.0,68.16,10.914029722126767,2.234306252240751,12
Cruzmaltina,2021,0,2892,9.24,52270.06,sem rede,,68.16,0.0,68.16,10.864179019592285,2.2235418856535927,13
Cruzmaltina,2022,3,2893,9.25,67245.07,sem rede,,68.16,0.0,68.16,11.116098986226696,2.224623551524334,14
Cruzmaltina,2023,7,2895,9.25,65362.35,sem rede,,68.16,0.0,68.16,11.087701683599892,2.224623551524334,15
Cruzmaltina,2024,8,2896,9.26,65339.78,sem rede,,68.16,0.0,68.16,11.087356318146027,2.225704048658088,16
Cruzmaltina,2025,7,2870,9.17,65931.71,sem rede,,68.16,0.0,68.16,11.09637478837042,2.2159372862683733,17
Cruzmaltina,2026,1,2870,9.17,65931.71,sem rede,,68.16,0.0,68.16,11.09637478837042,2.2159372862683733,18
Curitiba,2008,978,1828095,4197.69,25586.45,cobertura alta,100.0,100.0,100.0,100.0,10.149818193465615,8.34228965296598,0
Curitiba,2009,858,1851215,4250.78,27080.91,cobertura alta,100.0,100.0,100.0,100.0,10.206584330597499,8.354857774490766,1
Curitiba,2010,821,1807878,4151.27,32149.73,cobertura alta,100.0,100.0,100.0,100.0,10.378159331496754,8.331169590505306,2
Curitiba,2011,679,1764541,4051.76,37360.92,cobertura alta,100.0,100.0,100.0,100.0,10.528380517307248,8.306906633604536,3
Curitiba,2012,644,1776761,4079.82,39756.45,cobertura alta,100.0,100.0,100.0,100.0,10.590527371070017,8.313808148777937,4
Curitiba,2013,496,1848946,4245.57,43142.13,cobertura alta,100.0,100.0,100.0,100.0,10.672255292855022,8.353631365349658,5
Curitiba,2014,426,1864416,4281.09,43551.65,cobertura alta,100.0,100.0,100.0,100.0,10.681702869048586,8.361962929049401,6
Curitiba,2015,418,1879355,4315.4,44619.66,cobertura alta,100.0,100.0,100.0,100.0,10.705929848056103,8.369945299105284,7
Curitiba,2016,409,1893997,4349.02,44216.99,cobertura alta,100.0,100.0,100.0,100.0,10.696864383347481,8.3777058113454,8
Curitiba,2017,449,1908359,4382.0,44397.52,cobertura alta,100.0,100.0,100.0,100.0,10.700938891004464,8.385260520155413,9
Curitiba,2018,486,1917185,4402.26,45458.27,cobertura alta,100.0,100.0,100.0,100.0,10.72455004124906,8.389873324403984,10
Curitiba,2019,487,1933105,4438.82,49719.8,cobertura alta,100.0,100.0,100.0,100.0,10.814158523090411,8.398143854338525,11
Curitiba,2020,290,1948626,4474.46,45243.84,cobertura alta,100.0,100.0,100.0,100.0,10.719821807264504,8.406140953036637,12
Curitiba,2021,285,1963726,4509.13,49905.38,cobertura alta,100.0,100.0,100.0,100.0,10.817884091559185,8.413859509231909,13
Curitiba,2022,370,1918892,4406.18,58242.08,cobertura alta,100.0,100.0,100.0,100.0,10.972363396518542,8.390763379909563,14
Curitiba,2023,360,1874059,4303.24,64066.97,cobertura alta,100.0,100.0,100.0,100.0,11.067684221490415,8.3671235063239,15
Curitiba,2024,503,1829225,4200.29,65637.24,cobertura alta,100.0,100.0,100.0,100.0,11.091898496788012,8.34290884950683,16
Curitiba,2025,637,1830795,4203.89,65580.95,cobertura alta,100.0,100.0,100.0,100.0,11.091040536417534,8.343765566097906,17
Curitiba,2026,261,1830795,4203.89,65580.95,cobertura alta,100.0,100.0,100.0,100.0,11.091040536417534,8.343765566097906,18
Curiúva,2008,41,15013,25.99,6913.54,cobertura baixa,43.65,76.07,43.65,76.07,8.841237086593377,3.2577118486533987,0
Curiúva,2009,18,15217,26.35,6635.87,cobertura baixa,43.65,76.07,43.65,76.07,8.800245061003919,3.2714682749873716,1
Curiúva,2010,31,14610,25.29,8148.39,cobertura baixa,43.65,76.07,43.65,76.07,9.005575640707855,3.2304090606818736,2
Curiúva,2011,13,14002,24.24,10056.35,cobertura baixa,43.65,76.07,43.65,76.07,9.215959554755887,3.1880041612011136,3
Curiúva,2012,28,14077,24.37,10280.88,cobertura baixa,43.65,76.07,43.65,76.07,9.238041138458259,3.193352867637115,4
Curiúva,2013,17,14620,25.31,11016.28,cobertura baixa,43.65,76.07,43.65,76.07,9.307129457659906,3.2311995745570328,5
Curiúva,2014,22,14720,25.48,11943.82,cobertura baixa,43.65,76.07,43.65,76.07,9.387969268777269,3.2378938307039626,6
Curiúva,2015,11,14817,25.65,13219.95,cobertura baixa,43.65,76.07,43.65,76.07,9.489482331250265,3.2445435716167785,7
Curiúva,2016,6,14911,25.82,15335.79,cobertura baixa,43.65,76.07,43.65,76.07,9.637944591360991,3.2511493854184965,8
Curiúva,2017,25,15004,25.98,15064.78,cobertura baixa,43.65,76.07,43.65,76.07,9.620114848072442,3.2573270112424533,9
Curiúva,2018,8,15003,25.97,15484.97,cobertura baixa,43.65,76.07,43.65,76.07,9.647625155046692,3.256942025674657,10
Curiúva,2019,3,15101,26.14,14755.91,cobertura baixa,43.65,76.07,43.65,76.07,9.599398959484088,3.2634667081960758,11
Curiúva,2020,5,15196,26.31,15277.31,cobertura baixa,43.65,76.07,43.65,76.07,9.634124000101979,3.269949095052201,12
Curiúva,2021,0,15289,26.47,18054.09,cobertura baixa,43.65,76.07,43.65,76.07,9.80112753089054,3.27601201623901,13
Curiúva,2022,2,14793,25.61,21550.4,cobertura baixa,43.65,76.07,43.65,76.07,9.97814965684455,3.242982900211434,14
Curiúva,2023,3,14298,24.75,23286.75,cobertura baixa,43.65,76.07,43.65,76.07,10.055639808272053,3.2088254890146994,15
Curiúva,2024,0,13802,23.9,24123.61,cobertura baixa,43.65,76.07,43.65,76.07,10.090946307966977,3.173878458937465,16
Curiúva,2025,6,13784,23.86,24155.11,cobertura baixa,43.65,76.07,43.65,76.07,10.092251230900722,3.17220341666977,17
Curiúva,2026,2,13784,23.86,24155.11,cobertura baixa,43.65,76.07,43.65,76.07,10.092251230900722,3.17220341666977,18
Cândido de Abreu,2008,154,18179,12.02,7627.15,cobertura baixa,29.32,38.64,29.32,38.64,8.939469528943443,2.4865719291070616,0
Cândido de Abreu,2009,116,18100,11.96,9039.23,cobertura baixa,29.32,38.64,29.32,38.64,9.109329272767306,2.481567748522486,1
Cândido de Abreu,2010,100,17296,11.43,7886.97,cobertura baixa,29.32,38.64,29.32,38.64,8.972967309663103,2.4362414778067194,2
Cândido de Abreu,2011,56,16491,10.9,10301.5,cobertura baixa,29.32,38.64,29.32,38.64,9.240044794682515,2.388762789235098,3
Cândido de Abreu,2012,59,16332,10.79,11854.52,cobertura baixa,29.32,38.64,29.32,38.64,9.38046450843475,2.378619779270043,4
Cândido de Abreu,2013,64,16633,10.99,15371.67,cobertura baixa,29.32,38.64,29.32,38.64,9.640281483850867,2.39698576841553,5
Cândido de Abreu,2014,77,16484,10.89,16354.22,cobertura baixa,29.32,38.64,29.32,38.64,9.702241246997835,2.387844936944869,6
Cândido de Abreu,2015,74,16339,10.8,16117.14,cobertura baixa,29.32,38.64,29.32,38.64,9.687638580965105,2.379546134130174,7
Cândido de Abreu,2016,76,16198,10.71,18534.76,cobertura baixa,29.32,38.64,29.32,38.64,9.827403167025144,2.3711778844596574,8
Cândido de Abreu,2017,89,16059,10.61,18481.47,cobertura baixa,29.32,38.64,29.32,38.64,9.824523887486649,2.3617969526258915,9
Cândido de Abreu,2018,79,15233,10.07,20862.14,cobertura baixa,29.32,38.64,29.32,38.64,9.945691311979385,2.309560706730471,10
Cândido de Abreu,2019,120,15018,9.93,21631.24,cobertura baixa,29.32,38.64,29.32,38.64,9.981893845089413,2.295560478057081,11
Cândido de Abreu,2020,20,14809,9.79,26109.66,cobertura baixa,29.32,38.64,29.32,38.64,10.170060639777674,2.281361456542419,12
Cândido de Abreu,2021,9,14606,9.65,28867.38,cobertura baixa,29.32,38.64,29.32,38.64,10.270467516893495,2.2669579153508947,13
Cândido de Abreu,2022,2,14822,9.8,31509.65,cobertura baixa,29.32,38.64,29.32,38.64,10.358049127104737,2.2823823856765264,14
Cândido de Abreu,2023,13,15039,9.94,31600.17,cobertura baixa,29.32,38.64,29.32,38.64,10.360917779307368,2.2965670206684825,15
Cândido de Abreu,2024,11,15255,10.08,31152.74,cobertura baixa,29.32,38.64,29.32,38.64,10.346657481823941,2.3105532626432224,16
Cândido de Abreu,2025,4,15081,9.97,31512.17,cobertura baixa,29.32,38.64,29.32,38.64,10.358129099406437,2.299580583973747,17
Cândido de Abreu,2026,1,15081,9.97,31512.17,cobertura baixa,29.32,38.64,29.32,38.64,10.358129099406437,2.299580583973747,18
Céu Azul,2008,116,11332,9.59,26310.89,cobertura alta,81.87,82.37,81.87,82.37,10.17773820090424,2.2607208888953467,0
Céu Azul,2009,92,11413,9.66,23706.74,cobertura alta,81.87,82.37,81.87,82.37,10.073514674878222,2.2679936482244267,1
Céu Azul,2010,101,11246,9.52,23850.35,cobertura alta,81.87,82.37,81.87,82.37,10.07955417126122,2.253394848803274,2
Céu Azul,2011,65,11078,9.38,27303.3,cobertura alta,81.87,82.37,81.87,82.37,10.214762852988638,2.238579763018133,3
Céu Azul,2012,52,11121,9.41,29345.47,cobertura alta,81.87,82.37,81.87,82.37,10.286893469221305,2.2417729535972883,4
Céu Azul,2013,40,11528,9.76,37128.04,cobertura alta,81.87,82.37,81.87,82.37,10.52212775827445,2.278292400425001,5
Céu Azul,2014,71,11589,9.81,39628.18,cobertura alta,81.87,82.37,81.87,82.37,10.587295760325464,2.2834022735772717,6
Céu Azul,2015,72,11649,9.86,42518.07,cobertura alta,81.87,82.37,81.87,82.37,10.657684441021193,2.288486168614544,7
Céu Azul,2016,95,11707,9.91,49159.22,cobertura alta,81.87,82.37,81.87,82.37,10.802819696995918,2.2935443483418965,8
Céu Azul,2017,61,11764,9.96,49504.17,cobertura alta,81.87,82.37,81.87,82.37,10.809812187432831,2.298577071596507,9
Céu Azul,2018,42,11709,9.91,54748.57,cobertura alta,81.87,82.37,81.87,82.37,10.910506528616187,2.2935443483418965,10
Céu Azul,2019,34,11765,9.96,51482.19,cobertura alta,81.87,82.37,81.87,82.37,10.84899120159777,2.298577071596507,11
Céu Azul,2020,4,11819,10.0,68183.26,cobertura alta,81.87,82.37,81.87,82.37,11.129954359157201,2.302585092994046,12
Céu Azul,2021,7,11872,10.05,79410.21,cobertura alta,81.87,82.37,81.87,82.37,11.282382228388972,2.307572634505085,13
Céu Azul,2022,14,11665,9.87,80334.42,cobertura alta,81.87,82.37,81.87,82.37,11.293953450684148,2.28949985344539,14
Céu Azul,2023,15,11458,9.7,93435.42,cobertura alta,81.87,82.37,81.87,82.37,11.4450257814498,2.272125885509337,15
Céu Azul,2024,12,11251,9.52,95154.48,cobertura alta,81.87,82.37,81.87,82.37,11.463256955168186,2.253394848803274,16
Céu Azul,2025,8,11255,9.53,95120.66,cobertura alta,81.87,82.37,81.87,82.37,11.46290146994446,2.254444717666111,17
Céu Azul,2026,6,11255,9.53,95120.66,cobertura alta,81.87,82.37,81.87,82.37,11.46290146994446,2.254444717666111,18
Diamante D'Oeste,2008,3,5110,16.49,9666.34,sem rede,,67.98,0.0,67.98,9.176405026626053,2.8027541365715076,0
Diamante D'Oeste,2009,2,5129,16.56,9138.43,sem rede,,67.98,0.0,67.98,9.120243877264738,2.8069901489571136,1
Diamante D'Oeste,2010,33,5084,16.41,10081.24,sem rede,,67.98,0.0,67.98,9.218431549932543,2.7978909051019993,2
Diamante D'Oeste,2011,16,5039,16.27,11250.84,sem rede,,67.98,0.0,67.98,9.328198071511816,2.7893229212309465,3
Diamante D'Oeste,2012,31,5050,16.3,13136.63,sem rede,,67.98,0.0,67.98,9.48315979034729,2.791165107812717,4
Diamante D'Oeste,2013,37,5223,16.86,16274.75,sem rede,,67.98,0.0,67.98,9.697370105975686,2.8249439525737094,5
Diamante D'Oeste,2014,38,5242,16.92,17414.54,sem rede,,67.98,0.0,67.98,9.765060768440335,2.8284963541780774,6
Diamante D'Oeste,2015,25,5259,16.98,18405.78,sem rede,,67.98,0.0,67.98,9.820420024703225,2.8320361808832013,7
Diamante D'Oeste,2016,29,5277,17.03,19381.47,sem rede,,67.98,0.0,67.98,9.872072733961375,2.834976494674597,8
Diamante D'Oeste,2017,22,5294,17.09,18300.34,sem rede,,67.98,0.0,67.98,9.814674917891892,2.8384934971274993,9
Diamante D'Oeste,2018,7,5239,16.91,19085.89,sem rede,,67.98,0.0,67.98,9.856704597573815,2.827905162910489,10
Diamante D'Oeste,2019,11,5253,16.96,19693.51,sem rede,,67.98,0.0,67.98,9.8880444188239,2.830857630363757,11
Diamante D'Oeste,2020,6,5266,17.0,21443.22,sem rede,,67.98,0.0,67.98,9.973163790475029,2.833213344056216,12
Diamante D'Oeste,2021,0,5279,17.04,24252.89,sem rede,,67.98,0.0,67.98,10.096291064522555,2.8355635214011694,13
Diamante D'Oeste,2022,0,5038,16.26,22860.86,sem rede,,67.98,0.0,67.98,10.03718155693864,2.7887081041196646,14
Diamante D'Oeste,2023,0,4798,15.49,28031.05,sem rede,,67.98,0.0,67.98,10.24106810332166,2.740194654428777,15
Diamante D'Oeste,2024,3,4557,14.71,29513.5,sem rede,,67.98,0.0,67.98,10.292603064767201,2.688527534613346,16
Diamante D'Oeste,2025,0,4513,14.57,29801.24,sem rede,,67.98,0.0,67.98,10.302305282366047,2.6789646202071133,17
Diamante D'Oeste,2026,0,4513,14.57,29801.24,sem rede,,67.98,0.0,67.98,10.302305282366047,2.6789646202071133,18
Diamante do Norte,2008,45,5713,23.46,22020.13,cobertura alta,71.22,86.54,71.22,86.54,9.999712313983132,3.1552968432253294,0
Diamante do Norte,2009,14,5668,23.28,27465.42,cobertura alta,71.22,86.54,71.22,86.54,10.220683037849856,3.147594622863237,1
Diamante do Norte,2010,7,5570,22.87,28480.97,cobertura alta,71.22,86.54,71.22,86.54,10.256991423934682,3.12982600803469,2
Diamante do Norte,2011,9,5472,22.47,32700.66,cobertura alta,71.22,86.54,71.22,86.54,10.395150540167899,3.112181086197238,3
Diamante do Norte,2012,29,5428,22.29,38948.97,cobertura alta,71.22,86.54,71.22,86.54,10.570007606790062,3.1041381473977774,4
Diamante do Norte,2013,13,5540,22.75,44066.79,cobertura alta,71.22,86.54,71.22,86.54,10.69346171651741,3.1245651453969594,5
Diamante do Norte,2014,14,5501,22.59,37201.24,cobertura alta,71.22,86.54,71.22,86.54,10.524097373039028,3.1175073304799117,6
Diamante do Norte,2015,4,5463,22.44,46127.4,cobertura alta,71.22,86.54,71.22,86.54,10.73916241250951,3.110845080654496,7
Diamante do Norte,2016,13,5425,22.28,58000.18,cobertura alta,71.22,86.54,71.22,86.54,10.968201392972016,3.1036894150590832,8
Diamante do Norte,2017,1,5389,22.13,56825.57,cobertura alta,71.22,86.54,71.22,86.54,10.94774167946674,3.0969341540629585,9
Diamante do Norte,2018,3,5146,21.13,67956.28,cobertura alta,71.22,86.54,71.22,86.54,11.12661983620646,3.0506938316279655,10
Diamante do Norte,2019,1,5087,20.89,62294.08,cobertura alta,71.22,86.54,71.22,86.54,11.039621676183424,3.0392705755684744,11
Diamante do Norte,2020,0,5030,20.66,79260.24,cobertura alta,71.22,86.54,71.22,86.54,11.280491894748925,3.0281994636914926,12
Diamante do Norte,2021,0,4975,20.43,59941.11,cobertura alta,71.22,86.54,71.22,86.54,11.001117859217707,3.0170044088295307,13
Diamante do Norte,2022,0,5038,20.69,75563.91,cobertura alta,71.22,86.54,71.22,86.54,11.23273406723268,3.029650491757452,14
Diamante do Norte,2023,0,5101,20.95,81147.42,cobertura alta,71.22,86.54,71.22,86.54,11.30402277946136,3.0421386463681466,15
Diamante do Norte,2024,4,5164,21.21,80157.44,cobertura alta,71.22,86.54,71.22,86.54,11.291747979680979,3.0544727685765913,16
Diamante do Norte,2025,0,5139,21.1,80547.38,cobertura alta,71.22,86.54,71.22,86.54,11.296600861694996,3.0492730404820207,17
Diamante do Norte,2026,0,5139,21.1,80547.38,cobertura alta,71.22,86.54,71.22,86.54,11.296600861694996,3.0492730404820207,18
Diamante do Sul,2008,7,3782,10.87,6596.25,sem rede,,52.11,0.0,52.11,8.794256584719877,2.386006701133118,0
Diamante do Sul,2009,13,3791,10.89,6242.68,sem rede,,52.11,0.0,52.11,8.739164856339741,2.387844936944869,1
Diamante do Sul,2010,15,3645,10.47,7164.06,sem rede,,52.11,0.0,52.11,8.87683213835491,2.3485140248824456,2
Diamante do Sul,2011,8,3499,10.05,10508.15,sem rede,,52.11,0.0,52.11,9.259906425541764,2.307572634505085,3
Diamante do Sul,2012,8,3488,10.02,9800.75,sem rede,,52.11,0.0,52.11,9.19021419234259,2.3045830956567186,4
Diamante do Sul,2013,12,3583,10.3,11121.96,sem rede,,52.11,0.0,52.11,9.316676811265587,2.33214389523559,5
Diamante do Sul,2014,13,3575,10.27,11849.51,sem rede,,52.11,0.0,52.11,9.380041795497363,2.329227023940467,6
Diamante do Sul,2015,16,3568,10.25,12595.57,sem rede,,52.11,0.0,52.11,9.441100443816676,2.327277705584417,7
Diamante do Sul,2016,11,3562,10.24,14566.25,sem rede,,52.11,0.0,52.11,9.586462487887474,2.3263016196113617,8
Diamante do Sul,2017,17,3555,10.22,15182.84,sem rede,,52.11,0.0,52.11,9.627921121724837,2.3243465847755584,9
Diamante do Sul,2018,24,3454,9.93,15628.84,sem rede,,52.11,0.0,52.11,9.65687320441056,2.295560478057081,10
Diamante do Sul,2019,29,3439,9.88,16265.77,sem rede,,52.11,0.0,52.11,9.696818178702983,2.2905125117597764,11
Diamante do Sul,2020,11,3424,9.84,20626.75,sem rede,,52.11,0.0,52.11,9.934344056088301,2.286455711064162,12
Diamante do Sul,2021,17,3409,9.8,21923.14,sem rede,,52.11,0.0,52.11,9.995297978978094,2.2823823856765264,13
Diamante do Sul,2022,8,3329,9.57,21611.29,sem rede,,52.11,0.0,52.11,9.98097114230512,2.258633205464863,14
Diamante do Sul,2023,4,3250,9.34,26385.85,sem rede,,52.11,0.0,52.11,10.180583160594697,2.234306252240751,15
Diamante do Sul,2024,5,3170,9.11,27051.74,sem rede,,52.11,0.0,52.11,10.205506607529317,2.209372711271867,16
Diamante do Sul,2025,2,3147,9.04,27249.44,sem rede,,52.11,0.0,52.11,10.21278824942151,2.201659174404085,17
Diamante do Sul,2026,1,3147,9.04,27249.44,sem rede,,52.11,0.0,52.11,10.21278824942151,2.201659174404085,18
Dois Vizinhos,2008,153,35389,84.36,16523.5,cobertura baixa,62.24,82.72,62.24,82.72,9.712538889041655,4.435093355610574,0
Dois Vizinhos,2009,191,35707,85.12,18368.05,cobertura baixa,62.24,82.72,62.24,82.72,9.818368021241023,4.444062025593334,1
Dois Vizinhos,2010,263,36104,86.06,18907.24,cobertura baixa,62.24,82.72,62.24,82.72,9.847300196478688,4.455044727410454,2
Dois Vizinhos,2011,144,36501,87.01,21745.68,cobertura baixa,62.24,82.72,62.24,82.72,9.987170396099474,4.466023054577933,3
Dois Vizinhos,2012,289,36813,87.75,22933.12,cobertura baixa,62.24,82.72,62.24,82.72,10.040337432884478,4.4744918623459755,4
Dois Vizinhos,2013,144,38385,91.5,27862.42,cobertura baixa,62.24,82.72,62.24,82.72,10.235034106447293,4.516338972281476,5
Dois Vizinhos,2014,98,38768,92.41,30495.18,cobertura baixa,62.24,82.72,62.24,82.72,10.325323917320121,4.526235197899949,6
Dois Vizinhos,2015,98,39138,93.3,33502.5,cobertura baixa,62.24,82.72,62.24,82.72,10.419375341894384,4.535820107853298,7
Dois Vizinhos,2016,128,39500,94.16,37542.15,cobertura baixa,62.24,82.72,62.24,82.72,10.533219580743449,4.544995462952021,8
Dois Vizinhos,2017,99,39856,95.01,37891.86,cobertura baixa,62.24,82.72,62.24,82.72,10.542491592277315,4.553982149218658,9
Dois Vizinhos,2018,142,40234,95.91,39448.53,cobertura baixa,62.24,82.72,62.24,82.72,10.582752063222348,4.563410251739859,10
Dois Vizinhos,2019,140,40641,96.88,41262.59,cobertura baixa,62.24,82.72,62.24,82.72,10.627711557316294,4.573473099244837,11
Dois Vizinhos,2020,124,41038,97.83,43830.77,cobertura baixa,62.24,82.72,62.24,82.72,10.688091361134425,4.583231278469338,12
Dois Vizinhos,2021,49,41424,98.75,48919.64,cobertura baixa,62.24,82.72,62.24,82.72,10.797934230820639,4.592591403781231,13
Dois Vizinhos,2022,9,43287,103.19,51083.88,cobertura baixa,62.24,82.72,62.24,82.72,10.841224266541277,4.636571949127623,14
Dois Vizinhos,2023,0,45151,107.63,57787.71,cobertura baixa,62.24,82.72,62.24,82.72,10.96453140229377,4.678699419276207,15
Dois Vizinhos,2024,5,47014,112.07,55497.79,cobertura baixa,62.24,82.72,62.24,82.72,10.924098479121875,4.719123676063936,16
Dois Vizinhos,2025,11,47589,113.44,54827.23,cobertura baixa,62.24,82.72,62.24,82.72,10.91194224733349,4.731274062783817,17
Dois Vizinhos,2026,7,47589,113.44,54827.23,cobertura baixa,62.24,82.72,62.24,82.72,10.91194224733349,4.731274062783817,18
Douradina,2008,125,6794,16.11,21005.0,sem rede,,81.56,0.0,81.56,9.952515783603483,2.779440197188883,0
Douradina,2009,102,6853,16.25,25195.24,sem rede,,81.56,0.0,81.56,10.134410366768872,2.7880929087757464,1
Douradina,2010,114,7198,17.07,40836.76,sem rede,,81.56,0.0,81.56,10.617337935145207,2.837322536806349,2
Douradina,2011,61,7544,17.89,42374.34,sem rede,,81.56,0.0,81.56,10.654298269340217,2.884241897520628,3
Douradina,2012,71,7640,18.12,45458.51,sem rede,,81.56,0.0,81.56,10.724555320802516,2.8970163006148333,4
Douradina,2013,76,8007,18.99,50587.86,sem rede,,81.56,0.0,81.56,10.831466905541305,2.9439125248241944,5
Douradina,2014,71,8120,19.26,53189.29,sem rede,,81.56,0.0,81.56,10.881612339273518,2.9580304063699794,6
Douradina,2015,93,8228,19.51,53739.91,sem rede,,81.56,0.0,81.56,10.891911207437898,2.97092715463502,7
Douradina,2016,67,8335,19.77,58896.58,sem rede,,81.56,0.0,81.56,10.98353830343774,2.9841656371825254,8
Douradina,2017,1,8439,20.01,62245.17,sem rede,,81.56,0.0,81.56,11.03883622095522,2.996232148595642,9
Douradina,2018,2,8621,20.44,68677.76,sem rede,,81.56,0.0,81.56,11.137180699453321,3.017493765335504,10
Douradina,2019,3,8747,20.74,72659.08,sem rede,,81.56,0.0,81.56,11.19353364398295,3.032064202801381,11
Douradina,2020,0,8869,21.03,76426.54,sem rede,,81.56,0.0,81.56,11.244085297030338,3.0459499897146083,12
Douradina,2021,4,8988,21.31,93594.57,sem rede,,81.56,0.0,81.56,11.446727647962362,3.0591764461105257,13
Douradina,2022,3,9167,21.74,80449.87,sem rede,,81.56,0.0,81.56,11.29538953650872,3.0791538816930633,14
Douradina,2023,0,9346,22.16,91927.03,sem rede,,81.56,0.0,81.56,11.428750389145659,3.098288861879083,15
Douradina,2024,3,9525,22.59,90199.48,sem rede,,81.56,0.0,81.56,11.409778941067357,3.1175073304799117,16
Douradina,2025,1,9631,22.84,89206.73,sem rede,,81.56,0.0,81.56,11.398711764152504,3.1285133847878095,17
Douradina,2026,0,9631,22.84,89206.73,sem rede,,81.56,0.0,81.56,11.398711764152504,3.1285133847878095,18
Doutor Camargo,2008,7,5760,48.57,11944.27,cobertura alta,87.85,90.62,87.85,90.62,9.388006944455823,3.8830060563576536,0
Doutor Camargo,2009,18,5753,48.51,10387.45,cobertura alta,87.85,90.62,87.85,90.62,9.248353625674381,3.8817699622571253,1
Doutor Camargo,2010,12,5792,48.84,12196.82,cobertura alta,87.85,90.62,87.85,90.62,9.408930541007033,3.888549649242504,2
Doutor Camargo,2011,13,5832,49.17,14469.82,cobertura alta,87.85,90.62,87.85,90.62,9.579820380018095,3.895283681423848,3
Doutor Camargo,2012,18,5836,49.21,16896.5,cobertura alta,87.85,90.62,87.85,90.62,9.73486177887116,3.8960968548778867,4
Doutor Camargo,2013,10,6024,50.79,19122.34,cobertura alta,87.85,90.62,87.85,90.62,9.858612564054205,3.9276994848131537,5
Doutor Camargo,2014,31,6036,50.89,20330.68,cobertura alta,87.85,90.62,87.85,90.62,9.919886354169265,3.9296664406007413,6
Doutor Camargo,2015,1,6047,50.99,22328.59,cobertura alta,87.85,90.62,87.85,90.62,10.013623199087753,3.9316295350670645,7
Doutor Camargo,2016,1,6058,51.08,24991.09,cobertura alta,87.85,90.62,87.85,90.62,10.126274640324764,3.9333930311643384,8
Doutor Camargo,2017,1,6069,51.17,24550.83,cobertura alta,87.85,90.62,87.85,90.62,10.108500941205142,3.9351534228170006,9
Doutor Camargo,2018,0,5976,50.39,25886.55,cobertura alta,87.85,90.62,87.85,90.62,10.161478807782773,3.9197927426925068,10
Doutor Camargo,2019,1,5979,50.41,27676.03,cobertura alta,87.85,90.62,87.85,90.62,10.228321974589786,3.9201895680945396,11
Doutor Camargo,2020,1,5983,50.45,36560.76,cobertura alta,87.85,90.62,87.85,90.62,10.506730813098194,3.920982746799618,12
Doutor Camargo,2021,2,5987,50.48,33466.68,cobertura alta,87.85,90.62,87.85,90.62,10.418305595977952,3.9215772182329576,13
Doutor Camargo,2022,0,6153,51.88,29674.14,cobertura alta,87.85,90.62,87.85,90.62,10.298031238434502,3.948933359448243,14
Doutor Camargo,2023,0,6318,53.27,38403.77,cobertura alta,87.85,90.62,87.85,90.62,10.555910910840097,3.9753733209289077,15
Doutor Camargo,2024,1,6484,54.67,37420.57,cobertura alta,87.85,90.62,87.85,90.62,10.52997583220806,4.001315112906908,16
Doutor Camargo,2025,0,6517,54.95,37231.09,cobertura alta,87.85,90.62,87.85,90.62,10.524899443902596,4.006423680849631,17
Doutor Camargo,2026,1,6517,54.95,37231.09,cobertura alta,87.85,90.62,87.85,90.62,10.524899443902596,4.006423680849631,18
Engenheiro Beltrão,2008,107,14273,30.47,15866.32,cobertura baixa,22.4,98.33,22.4,98.33,9.671953902573218,3.416742592997618,0
Engenheiro Beltrão,2009,84,14280,30.48,14476.4,cobertura baixa,22.4,98.33,22.4,98.33,9.580275016244403,3.4170707308184456,1
Engenheiro Beltrão,2010,111,14086,30.07,14976.36,cobertura baixa,22.4,98.33,22.4,98.33,9.614228236889993,3.4035279970004377,2
Engenheiro Beltrão,2011,135,13893,29.65,19418.92,cobertura baixa,22.4,98.33,22.4,98.33,9.874003127528528,3.3894621254437345,3
Engenheiro Beltrão,2012,173,13880,29.63,20022.62,cobertura baixa,22.4,98.33,22.4,98.33,9.904617913437463,3.388787361585474,4
Engenheiro Beltrão,2013,114,14298,30.52,23672.61,cobertura baixa,22.4,98.33,22.4,98.33,10.07207396258886,3.4183822064162563,5
Engenheiro Beltrão,2014,127,14303,30.53,23400.13,cobertura baixa,22.4,98.33,22.4,98.33,10.060496856885916,3.4187098067467865,6
Engenheiro Beltrão,2015,65,14307,30.54,27128.96,cobertura baixa,22.4,98.33,22.4,98.33,10.208357070970553,3.4190372997904865,7
Engenheiro Beltrão,2016,83,14311,30.55,27728.11,cobertura baixa,22.4,98.33,22.4,98.33,10.230201979056577,3.4193646856176043,8
Engenheiro Beltrão,2017,49,14314,30.55,29315.5,cobertura baixa,22.4,98.33,22.4,98.33,10.285871665367479,3.4193646856176043,9
Engenheiro Beltrão,2018,41,14020,29.93,40213.55,cobertura baixa,22.4,98.33,22.4,98.33,10.601959282490194,3.3988613218646075,10
Engenheiro Beltrão,2019,68,14000,29.88,33259.79,cobertura baixa,22.4,98.33,22.4,98.33,10.412104438836426,3.3971893602646164,11
Engenheiro Beltrão,2020,24,13981,29.84,39625.49,cobertura baixa,22.4,98.33,22.4,98.33,10.587227877033724,3.3958497753355603,12
Engenheiro Beltrão,2021,40,13962,29.8,40582.01,cobertura baixa,22.4,98.33,22.4,98.33,10.611080143942205,3.3945083935113587,13
Engenheiro Beltrão,2022,50,13452,28.71,34282.34,cobertura baixa,22.4,98.33,22.4,98.33,10.44238563175891,3.3572454941329726,14
Engenheiro Beltrão,2023,46,12941,27.62,53987.33,cobertura baixa,22.4,98.33,22.4,98.33,10.896504668386944,3.318540147981146,15
Engenheiro Beltrão,2024,64,12431,26.53,56202.24,cobertura baixa,22.4,98.33,22.4,98.33,10.936711892738733,3.2782761681496484,16
Engenheiro Beltrão,2025,37,12347,26.35,56584.6,cobertura baixa,22.4,98.33,22.4,98.33,10.943492142363834,3.2714682749873716,17
Engenheiro Beltrão,2026,13,12347,26.35,56584.6,cobertura baixa,22.4,98.33,22.4,98.33,10.943492142363834,3.2714682749873716,18
Entre Rios do Oeste,2008,69,4043,33.36,16446.7,sem rede,,100.0,0.0,100.0,9.707880128166325,3.507357577490546,0
Entre Rios do Oeste,2009,64,4113,33.94,14515.44,sem rede,,100.0,0.0,100.0,9.582968189468112,3.52459425980608,1
Entre Rios do Oeste,2010,69,4042,33.35,20332.51,sem rede,,100.0,0.0,100.0,9.919976361864245,3.507057772361633,2
Entre Rios do Oeste,2011,84,3972,32.77,24160.88,sem rede,,100.0,0.0,100.0,10.092490075226479,3.489513462710723,3
Entre Rios do Oeste,2012,88,4017,33.14,27198.66,sem rede,,100.0,0.0,100.0,10.210922986364661,3.500741011998417,4
Entre Rios do Oeste,2013,90,4202,34.67,33625.18,sem rede,,100.0,0.0,100.0,10.423030470049664,3.545874759696932,5
Entre Rios do Oeste,2014,91,4255,35.11,43558.87,sem rede,,100.0,0.0,100.0,10.681868635479931,3.558485990180341,6
Entre Rios do Oeste,2015,95,4306,35.53,46038.32,sem rede,,100.0,0.0,100.0,10.737229372161353,3.5703774100329357,7
Entre Rios do Oeste,2016,32,4357,35.95,50771.63,sem rede,,100.0,0.0,100.0,10.835093013000225,3.5821290841670557,8
Entre Rios do Oeste,2017,59,4406,36.35,51406.04,sem rede,,100.0,0.0,100.0,10.847510954267156,3.5931942039795284,9
Entre Rios do Oeste,2018,41,4481,36.97,50896.23,sem rede,,100.0,0.0,100.0,10.837544132997891,3.6101067729485403,10
Entre Rios do Oeste,2019,34,4539,37.45,52804.58,sem rede,,100.0,0.0,100.0,10.87435320835669,3.6230067099632284,11
Entre Rios do Oeste,2020,22,4596,37.92,63703.22,sem rede,,100.0,0.0,100.0,11.061990389733223,3.6354786773868213,12
Entre Rios do Oeste,2021,32,4651,38.37,67328.1,sem rede,,100.0,0.0,100.0,11.117332961922385,3.647275904258861,13
Entre Rios do Oeste,2022,16,4677,38.59,82207.4,sem rede,,100.0,0.0,100.0,11.317000601323224,3.6529931755495273,14
Entre Rios do Oeste,2023,13,4703,38.8,89470.13,sem rede,,100.0,0.0,100.0,11.401660105541591,3.6584202466292277,15
Entre Rios do Oeste,2024,17,4729,39.02,88978.22,sem rede,,100.0,0.0,100.0,11.396146899664547,3.6640743351949654,16
Entre Rios do Oeste,2025,23,4770,39.36,88213.42,sem rede,,100.0,0.0,100.0,11.387514384615619,3.6727500721840527,17
Entre Rios do Oeste,2026,6,4770,39.36,88213.42,sem rede,,100.0,0.0,100.0,11.387514384615619,3.6727500721840527,18
Enéas Marques,2008,1,6100,31.67,13538.36,sem rede,,37.2,0.0,37.2,9.513282416530627,3.4553698605505483,0
Enéas Marques,2009,3,6066,31.5,15222.55,sem rede,,37.2,0.0,37.2,9.630533160088929,3.449987545831587,1
Enéas Marques,2010,1,6074,31.54,17256.5,sem rede,,37.2,0.0,37.2,9.755944163078048,3.451256581534892,2
Enéas Marques,2011,3,6082,31.58,18690.89,sem rede,,37.2,0.0,37.2,9.835791518363477,3.452524008827496,3
Enéas Marques,2012,0,6061,31.47,19900.84,sem rede,,37.2,0.0,37.2,9.898517220876998,3.4490347110763153,4
Enéas Marques,2013,2,6223,32.31,24540.25,sem rede,,37.2,0.0,37.2,10.108069905662074,3.475376779836407,5
Enéas Marques,2014,1,6209,32.24,25697.86,sem rede,,37.2,0.0,37.2,10.154162998933808,3.4732079176384274,6
Enéas Marques,2015,0,6195,32.17,29113.64,sem rede,,37.2,0.0,37.2,10.278962071863022,3.471034341250935,7
Enéas Marques,2016,0,6182,32.1,35334.84,sem rede,,37.2,0.0,37.2,10.472624725026405,3.4688560301359703,8
Enéas Marques,2017,2,6168,32.02,38005.67,sem rede,,37.2,0.0,37.2,10.545490638104056,3.4663607075685685,9
Enéas Marques,2018,1,5990,31.1,36862.77,sem rede,,37.2,0.0,37.2,10.514957377613493,3.4372078191851885,10
Enéas Marques,2019,2,5961,30.95,36284.85,sem rede,,37.2,0.0,37.2,10.499155577764048,3.432372999130605,11
Enéas Marques,2020,1,5933,30.8,41241.36,sem rede,,37.2,0.0,37.2,10.627196915278706,3.427514689979529,12
Enéas Marques,2021,1,5906,30.66,52712.67,sem rede,,37.2,0.0,37.2,10.872611123091113,3.422958873443668,13
Enéas Marques,2022,1,5961,30.95,53795.34,sem rede,,37.2,0.0,37.2,10.892942125298026,3.432372999130605,14
Enéas Marques,2023,1,6015,31.23,64748.13,sem rede,,37.2,0.0,37.2,11.078260098835859,3.441379171294987,15
Enéas Marques,2024,1,6070,31.52,64161.45,sem rede,,37.2,0.0,37.2,11.069157842035649,3.4506222649896783,16
Enéas Marques,2025,2,6146,31.91,63368.04,sem rede,,37.2,0.0,37.2,11.056714912377346,3.462919440290152,17
Enéas Marques,2026,0,6146,31.91,63368.04,sem rede,,37.2,0.0,37.2,11.056714912377346,3.462919440290152,18
Esperança Nova,2008,1,1882,13.29,8576.51,sem rede,,67.12,0.0,67.12,9.056782349825998,2.587011872725154,0
Esperança Nova,2009,2,1836,12.97,9359.48,sem rede,,67.12,0.0,67.12,9.144145012372816,2.5626389983283526,1
Esperança Nova,2010,1,1890,13.35,10084.13,sem rede,,67.12,0.0,67.12,9.218718179934353,2.5915163848462583,2
Esperança Nova,2011,1,1945,13.74,11656.56,sem rede,,67.12,0.0,67.12,9.363624390646843,2.620311286794203,3
Esperança Nova,2012,5,1919,13.55,12954.14,sem rede,,67.12,0.0,67.12,9.469170707157057,2.60638654732571,4
Esperança Nova,2013,0,1946,13.74,15130.52,sem rede,,67.12,0.0,67.12,9.62446917499551,2.620311286794203,5
Esperança Nova,2014,4,1922,13.57,15829.86,sem rede,,67.12,0.0,67.12,9.6696533088688,2.6078614738467776,6
Esperança Nova,2015,1,1898,13.4,18035.3,sem rede,,67.12,0.0,67.12,9.800086227521442,2.5952547069568657,7
Esperança Nova,2016,1,1875,13.24,23691.2,sem rede,,67.12,0.0,67.12,10.072858950154455,2.5832425505088623,8
Esperança Nova,2017,2,1852,13.08,22364.47,sem rede,,67.12,0.0,67.12,10.015228817844145,2.5710843460290524,9
Esperança Nova,2018,2,1732,12.23,28547.92,sem rede,,67.12,0.0,67.12,10.259339357789147,2.503891949699081,10
Esperança Nova,2019,2,1698,11.99,31234.98,sem rede,,67.12,0.0,67.12,10.349293899620118,2.4840729690394228,11
Esperança Nova,2020,1,1665,11.76,37101.5,sem rede,,67.12,0.0,67.12,10.521412679045051,2.464703942470481,12
Esperança Nova,2021,1,1633,11.53,39948.56,sem rede,,67.12,0.0,67.12,10.595347905488461,2.4449523342809676,13
Esperança Nova,2022,2,1708,12.06,38474.24,sem rede,,67.12,0.0,67.12,10.557744205425566,2.4898941912990393,14
Esperança Nova,2023,1,1783,12.59,42189.57,sem rede,,67.12,0.0,67.12,10.649928313077822,2.532902848056256,15
Esperança Nova,2024,1,1858,13.12,40486.54,sem rede,,67.12,0.0,67.12,10.608724852176554,2.574137783515943,16
Esperança Nova,2025,0,1852,13.08,40617.71,sem rede,,67.12,0.0,67.12,10.611959457375805,2.5710843460290524,17
Esperança Nova,2026,0,1852,13.08,40617.71,sem rede,,67.12,0.0,67.12,10.611959457375805,2.5710843460290524,18
Espigão Alto do Iguaçu,2008,45,5222,15.96,9737.27,sem rede,,47.63,0.0,47.63,9.183716069874373,2.7700855920216627,0
Espigão Alto do Iguaçu,2009,33,5200,15.9,9142.69,sem rede,,47.63,0.0,47.63,9.120709931869392,2.766319109226186,1
Espigão Alto do Iguaçu,2010,42,4912,15.02,10208.88,sem rede,,47.63,0.0,47.63,9.231013208765521,2.7093826463359885,2
Espigão Alto do Iguaçu,2011,16,4623,14.13,12661.48,sem rede,,47.63,0.0,47.63,9.446319592498961,2.6483001966964363,3
Espigão Alto do Iguaçu,2012,47,4570,13.97,14196.94,sem rede,,47.63,0.0,47.63,9.560781727409662,2.6369121732688705,4
Espigão Alto do Iguaçu,2013,31,4642,14.19,18294.7,sem rede,,47.63,0.0,47.63,9.81436667939593,2.6525374911719513,5
Espigão Alto do Iguaçu,2014,20,4591,14.04,19468.09,sem rede,,47.63,0.0,47.63,9.876531993913689,2.641910398597665,6
Espigão Alto do Iguaçu,2015,11,4542,13.89,21149.71,sem rede,,47.63,0.0,47.63,9.959381472796496,2.6311691567662523,7
Espigão Alto do Iguaçu,2016,10,4494,13.74,26347.13,sem rede,,47.63,0.0,47.63,10.179114629631396,2.620311286794203,8
Espigão Alto do Iguaçu,2017,7,4447,13.6,24862.83,sem rede,,47.63,0.0,47.63,10.12112919607565,2.6100697927420065,9
Espigão Alto do Iguaçu,2018,5,4188,12.8,27409.5,sem rede,,47.63,0.0,47.63,10.21864494761276,2.5494451709255714,10
Espigão Alto do Iguaçu,2019,6,4117,12.59,29089.87,sem rede,,47.63,0.0,47.63,10.278145282589609,2.532902848056256,11
Espigão Alto do Iguaçu,2020,2,4048,12.38,39523.47,sem rede,,47.63,0.0,47.63,10.584649951651015,2.5160822672564502,12
Espigão Alto do Iguaçu,2021,2,3980,12.17,40907.29,sem rede,,47.63,0.0,47.63,10.619063565756903,2.498973906999436,13
Espigão Alto do Iguaçu,2022,0,4280,13.08,47829.21,sem rede,,47.63,0.0,47.63,10.775391819707497,2.5710843460290524,14
Espigão Alto do Iguaçu,2023,2,4581,14.0,44041.04,sem rede,,47.63,0.0,47.63,10.692877205453339,2.6390573296152584,15
Espigão Alto do Iguaçu,2024,14,4881,14.92,41334.15,sem rede,,47.63,0.0,47.63,10.629444313788392,2.702702594775615,16
Espigão Alto do Iguaçu,2025,4,4880,14.92,41342.62,sem rede,,47.63,0.0,47.63,10.629649208102228,2.702702594775615,17
Espigão Alto do Iguaçu,2026,2,4880,14.92,41342.62,sem rede,,47.63,0.0,47.63,10.629649208102228,2.702702594775615,18
Farol,2008,3,3413,11.77,22130.09,sem rede,,68.38,0.0,68.38,10.004693499914367,2.4655539212721855,0
Farol,2009,3,3354,11.57,19479.73,sem rede,,68.38,0.0,68.38,9.87712971673086,2.448415541205585,1
Farol,2010,2,3394,11.71,18687.68,sem rede,,68.38,0.0,68.38,9.835619762193677,2.460443177609626,2
Farol,2011,0,3435,11.85,24465.79,sem rede,,68.38,0.0,68.38,10.10503109422988,2.47232786758114,3
Farol,2012,2,3398,11.72,25028.25,sem rede,,68.38,0.0,68.38,10.127760465880897,2.4612967841488667,4
Farol,2013,5,3456,11.92,33153.36,sem rede,,68.38,0.0,68.38,10.40889934794375,2.4782176616372036,5
Farol,2014,14,3422,11.8,35612.22,sem rede,,68.38,0.0,68.38,10.480444116367392,2.468099531471619,6
Farol,2015,1,3388,11.69,37091.79,sem rede,,68.38,0.0,68.38,10.521150930305902,2.458733775483977,7
Farol,2016,6,3355,11.57,43846.2,sem rede,,68.38,0.0,68.38,10.68844333498022,2.448415541205585,8
Farol,2017,3,3323,11.46,41786.94,sem rede,,68.38,0.0,68.38,10.640339129501854,2.4388627112865935,9
Farol,2018,4,3139,10.83,50250.4,sem rede,,68.38,0.0,68.38,10.824773786088645,2.382320061012899,10
Farol,2019,4,3089,10.66,42516.35,sem rede,,68.38,0.0,68.38,10.657643986814527,2.3664984187376983,11
Farol,2020,2,3041,10.49,71394.28,sem rede,,68.38,0.0,68.38,11.175973033073717,2.3504224224082058,12
Farol,2021,0,2995,10.33,72030.72,sem rede,,68.38,0.0,68.38,11.18484797366852,2.3350522831315472,13
Farol,2022,0,3004,10.36,54096.21,sem rede,,68.38,0.0,68.38,10.89851940692771,2.337952236831337,14
Farol,2023,1,3014,10.4,84816.19,sem rede,,68.38,0.0,68.38,11.348241723368448,2.341805806147327,15
Farol,2024,1,3023,10.43,84563.68,sem rede,,68.38,0.0,68.38,11.34526013899169,2.344686269012681,16
Farol,2025,0,2994,10.33,85382.77,sem rede,,68.38,0.0,68.38,11.354899602980812,2.3350522831315472,17
Farol,2026,0,2994,10.33,85382.77,sem rede,,68.38,0.0,68.38,11.354899602980812,2.3350522831315472,18
Faxinal,2008,34,16006,22.3,11417.47,cobertura baixa,50.58,90.0,50.58,90.0,9.342899917510268,3.104586678466073,0
Faxinal,2009,65,16032,22.34,13054.39,cobertura baixa,50.58,90.0,50.58,90.0,9.476879754648994,3.1063787936410545,1
Faxinal,2010,98,16200,22.58,12377.84,cobertura baixa,50.58,90.0,50.58,90.0,9.423663056056448,3.1170645587215158,2
Faxinal,2011,16,16369,22.81,15148.45,cobertura baixa,50.58,90.0,50.58,90.0,9.625653495472443,3.1271990362962967,3
Faxinal,2012,52,16421,22.88,16716.1,cobertura baixa,50.58,90.0,50.58,90.0,9.724127605842327,3.130263166511597,4
Faxinal,2013,31,17006,23.7,20467.19,cobertura baixa,50.58,90.0,50.58,90.0,9.92657839517279,3.1654750481410856,5
Faxinal,2014,42,17084,23.81,19149.32,cobertura baixa,50.58,90.0,50.58,90.0,9.860022484839947,3.170105660498771,6
Faxinal,2015,22,17160,23.91,21115.97,cobertura baixa,50.58,90.0,50.58,90.0,9.957784905218876,3.1742967814702334,7
Faxinal,2016,39,17233,24.01,24004.47,cobertura baixa,50.58,90.0,50.58,90.0,10.085995341987704,3.178470410233162,8
Faxinal,2017,47,17306,24.12,23928.0,cobertura baixa,50.58,90.0,50.58,90.0,10.082804600309784,3.1830413718589847,9
Faxinal,2018,20,17185,23.95,24752.92,cobertura baixa,50.58,90.0,50.58,90.0,10.116698740835748,3.175968323856924,10
Faxinal,2019,11,17251,24.04,26136.8,cobertura baixa,50.58,90.0,50.58,90.0,10.171099561933975,3.179719109667007,11
Faxinal,2020,6,17316,24.13,27250.0,cobertura baixa,50.58,90.0,50.58,90.0,10.21280880009139,3.1834558796369405,12
Faxinal,2021,5,17379,24.22,28777.37,cobertura baixa,50.58,90.0,50.58,90.0,10.267344593360892,3.1871787381249463,13
Faxinal,2022,3,17125,23.86,34705.11,cobertura baixa,50.58,90.0,50.58,90.0,10.45464221734077,3.17220341666977,14
Faxinal,2023,2,16872,23.51,37048.3,cobertura baixa,50.58,90.0,50.58,90.0,10.519977745730912,3.157425862551978,15
Faxinal,2024,1,16618,23.16,37614.57,cobertura baixa,50.58,90.0,50.58,90.0,10.53514675431925,3.1424266527047946,16
Faxinal,2025,11,16596,23.13,37664.44,cobertura baixa,50.58,90.0,50.58,90.0,10.536471692234757,3.141130476243348,17
Faxinal,2026,2,16596,23.13,37664.44,cobertura baixa,50.58,90.0,50.58,90.0,10.536471692234757,3.141130476243348,18
Fazenda Rio Grande,2008,53,79255,677.39,6215.48,cobertura alta,98.84,98.53,98.84,98.53,8.734798233464547,6.518247177948164,0
Fazenda Rio Grande,2009,44,80868,691.18,6710.71,cobertura alta,98.84,98.53,98.84,98.53,8.811460036588576,6.53840028188603,1
Fazenda Rio Grande,2010,17,81993,700.79,8614.02,cobertura alta,98.84,98.53,98.84,98.53,9.061146387413078,6.55220827011398,2
Fazenda Rio Grande,2011,20,83118,710.41,10212.05,cobertura alta,98.84,98.53,98.84,98.53,9.231323674549936,6.565842268155463,3
Fazenda Rio Grande,2012,44,84514,722.34,11457.63,cobertura alta,98.84,98.53,98.84,98.53,9.34641116259864,6.58249594217499,4
Fazenda Rio Grande,2013,59,89037,761.0,14887.19,cobertura alta,98.84,98.53,98.84,98.53,9.608256390608807,6.634633357861686,5
Fazenda Rio Grande,2014,29,90648,774.77,17503.38,cobertura alta,98.84,98.53,98.84,98.53,9.770149284119068,6.652566211113623,6
Fazenda Rio Grande,2015,13,92204,788.07,19076.03,cobertura alta,98.84,98.53,98.84,98.53,9.856187852073619,6.669586918399817,7
Fazenda Rio Grande,2016,15,93730,801.11,22047.65,cobertura alta,98.84,98.53,98.84,98.53,10.000961299231651,6.685998265979261,8
Fazenda Rio Grande,2017,18,95225,813.89,25017.35,cobertura alta,98.84,98.53,98.84,98.53,10.127324863143699,6.70182522173583,9
Fazenda Rio Grande,2018,26,98368,840.75,25607.1,cobertura alta,98.84,98.53,98.84,98.53,10.150624935764986,6.734294350620379,10
Fazenda Rio Grande,2019,34,100209,856.49,24982.77,cobertura alta,98.84,98.53,98.84,98.53,10.12594166624284,6.752842642272782,11
Fazenda Rio Grande,2020,24,102004,871.83,27205.41,cobertura alta,98.84,98.53,98.84,98.53,10.211171129565514,6.770594450774513,12
Fazenda Rio Grande,2021,14,103750,886.75,32023.31,cobertura alta,98.84,98.53,98.84,98.53,10.374219354100038,6.7875630936537314,13
Fazenda Rio Grande,2022,23,123002,1051.3,32952.23,cobertura alta,98.84,98.53,98.84,98.53,10.402814215941035,6.957782772581785,14
Fazenda Rio Grande,2023,20,142254,1215.85,29099.08,cobertura alta,98.84,98.53,98.84,98.53,10.27846183753954,7.103198699654068,15
Fazenda Rio Grande,2024,18,161506,1380.39,25630.39,cobertura alta,98.84,98.53,98.84,98.53,10.15153403578546,7.230121346920587,16
Fazenda Rio Grande,2025,23,165943,1418.32,24945.08,cobertura alta,98.84,98.53,98.84,98.53,10.124431887345517,7.257228351590125,17
Fazenda Rio Grande,2026,9,165943,1418.32,24945.08,cobertura alta,98.84,98.53,98.84,98.53,10.124431887345517,7.257228351590125,18
Fernandes Pinheiro,2008,14,5763,14.14,11311.82,sem rede,,48.9,0.0,48.9,9.333603475704235,2.6490076604684267,0
Fernandes Pinheiro,2009,7,5696,13.98,9492.1,sem rede,,48.9,0.0,48.9,9.158215152687687,2.637627736805664,1
Fernandes Pinheiro,2010,11,5798,14.23,11495.52,sem rede,,48.9,0.0,48.9,9.349712673233709,2.655352412101761,2
Fernandes Pinheiro,2011,6,5899,14.48,14072.89,sem rede,,48.9,0.0,48.9,9.552005530580033,2.6727683869575705,3
Fernandes Pinheiro,2012,6,5867,14.4,16590.25,sem rede,,48.9,0.0,48.9,9.716570452389815,2.667228206581955,4
Fernandes Pinheiro,2013,1,6008,14.74,20435.92,sem rede,,48.9,0.0,48.9,9.925049415782622,2.6905648867611904,5
Fernandes Pinheiro,2014,2,5981,14.68,22127.07,sem rede,,48.9,0.0,48.9,10.004557024821764,2.6864860231863696,6
Fernandes Pinheiro,2015,6,5954,14.61,22666.61,sem rede,,48.9,0.0,48.9,10.028648195487008,2.681706225762608,7
Fernandes Pinheiro,2016,4,5929,14.55,25508.35,sem rede,,48.9,0.0,48.9,10.146761128526538,2.6775909936175015,8
Fernandes Pinheiro,2017,4,5904,14.49,29492.38,sem rede,,48.9,0.0,48.9,10.29188720387666,2.673458756332591,9
Fernandes Pinheiro,2018,5,5690,13.96,31214.59,sem rede,,48.9,0.0,48.9,10.348640892698707,2.6361960973342264,10
Fernandes Pinheiro,2019,0,5646,13.86,33049.42,sem rede,,48.9,0.0,48.9,10.405759295957916,2.6290069937617573,11
Fernandes Pinheiro,2020,2,5602,13.75,40107.1,sem rede,,48.9,0.0,48.9,10.599308654978465,2.6210388241125804,12
Fernandes Pinheiro,2021,1,5561,13.65,45646.11,sem rede,,48.9,0.0,48.9,10.728673668810632,2.613739521630969,13
Fernandes Pinheiro,2022,3,5836,14.32,47236.12,sem rede,,48.9,0.0,48.9,10.762914133153206,2.6616571615324998,14
Fernandes Pinheiro,2023,3,6112,15.0,52997.71,sem rede,,48.9,0.0,48.9,10.878003984053617,2.70805020110221,15
Fernandes Pinheiro,2024,7,6387,15.67,50715.83,sem rede,,48.9,0.0,48.9,10.833993369642851,2.7517480563679295,16
Fernandes Pinheiro,2025,2,6400,15.71,50612.81,sem rede,,48.9,0.0,48.9,10.831959985290787,2.75429745226753,17
Fernandes Pinheiro,2026,2,6400,15.71,50612.81,sem rede,,48.9,0.0,48.9,10.831959985290787,2.75429745226753,18
Figueira,2008,3,8544,65.72,6619.62,cobertura baixa,12.44,87.89,12.44,87.89,8.797793245470817,4.185403293169068,0
Figueira,2009,7,8485,65.27,8415.2,cobertura baixa,12.44,87.89,12.44,87.89,9.037794873425064,4.178532512647126,1
Figueira,2010,7,8360,64.31,9228.11,cobertura baixa,12.44,87.89,12.44,87.89,9.130009539465338,4.163715140146772,2
Figueira,2011,1,8236,63.35,10309.86,cobertura baixa,12.44,87.89,12.44,87.89,9.240855997869343,4.148674906767148,3
Figueira,2012,7,8181,62.93,12451.05,cobertura baixa,12.44,87.89,12.44,87.89,9.429560235686058,4.1420229975388425,4
Figueira,2013,12,8364,64.34,12069.82,cobertura baixa,12.44,87.89,12.44,87.89,9.39846340097292,4.16418152181088,5
Figueira,2014,7,8315,63.96,12922.07,cobertura baixa,12.44,87.89,12.44,87.89,9.466691981221532,4.158257887965753,6
Figueira,2015,3,8268,63.6,15261.25,cobertura baixa,12.44,87.89,12.44,87.89,9.633072214983065,4.152613470346076,7
Figueira,2016,3,8222,63.25,17595.11,cobertura baixa,12.44,87.89,12.44,87.89,9.775376301512216,4.1470951276076295,8
Figueira,2017,10,8177,62.9,18565.12,cobertura baixa,12.44,87.89,12.44,87.89,9.829039830366213,4.141546163706395,9
Figueira,2018,7,7845,60.35,19070.87,cobertura baixa,12.44,87.89,12.44,87.89,9.855917318948702,4.10016094754354,10
Figueira,2019,3,7770,59.77,17345.17,cobertura baixa,12.44,87.89,12.44,87.89,9.761069360451236,4.0905038628361625,11
Figueira,2020,3,7696,59.2,18011.43,cobertura baixa,12.44,87.89,12.44,87.89,9.79876183535111,4.0809215418899605,12
Figueira,2021,1,7625,58.65,21179.28,cobertura baixa,12.44,87.89,12.44,87.89,9.9607786242433,4.0715875750994845,13
Figueira,2022,4,7798,59.98,21778.28,cobertura baixa,12.44,87.89,12.44,87.89,9.988668421835019,4.094011173320863,14
Figueira,2023,3,7971,61.32,24047.42,cobertura baixa,12.44,87.89,12.44,87.89,10.087782993272095,4.116106054003613,15
Figueira,2024,3,8144,62.65,23536.59,cobertura baixa,12.44,87.89,12.44,87.89,10.066311510507987,4.137563681342077,16
Figueira,2025,2,8129,62.53,23580.02,cobertura baixa,12.44,87.89,12.44,87.89,10.068155022267423,4.1356464415792065,17
Figueira,2026,2,8129,62.53,23580.02,cobertura baixa,12.44,87.89,12.44,87.89,10.068155022267423,4.1356464415792065,18
Flor da Serra do Sul,2008,0,4775,18.64,12017.38,sem rede,,64.71,0.0,64.71,9.394109214280357,2.925309809257445,0
Flor da Serra do Sul,2009,0,4742,18.51,11684.73,sem rede,,64.71,0.0,64.71,9.366038140159143,2.9183111265854063,1
Flor da Serra do Sul,2010,0,4726,18.45,13055.86,sem rede,,64.71,0.0,64.71,9.47699235410718,2.915064370486536,2
Flor da Serra do Sul,2011,0,4711,18.39,15402.04,sem rede,,64.71,0.0,64.71,9.64225524716114,2.91180703861623,3
Flor da Serra do Sul,2012,0,4695,18.33,14688.82,sem rede,,64.71,0.0,64.71,9.594841939188663,2.9085390618516134,4
Flor da Serra do Sul,2013,1,4822,18.82,18063.67,sem rede,,64.71,0.0,64.71,9.801658017843478,2.9349201341572337,5
Flor da Serra do Sul,2014,0,4812,18.78,20207.4,sem rede,,64.71,0.0,64.71,9.913804152938079,2.932792473780117,6
Flor da Serra do Sul,2015,1,4802,18.74,20370.47,sem rede,,64.71,0.0,64.71,9.921841582101456,2.930660276810276,7
Flor da Serra do Sul,2016,0,4792,18.7,25166.74,sem rede,,64.71,0.0,64.71,10.133278560472046,2.928523523860541,8
Flor da Serra do Sul,2017,1,4782,18.67,24748.64,sem rede,,64.71,0.0,64.71,10.116525816992109,2.9269179575536315,9
Flor da Serra do Sul,2018,1,4645,18.13,26834.23,sem rede,,64.71,0.0,64.71,10.197433590329306,2.8975680247667595,10
Flor da Serra do Sul,2019,1,4624,18.05,26035.47,sem rede,,64.71,0.0,64.71,10.167215118055523,2.89314568477889,11
Flor da Serra do Sul,2020,0,4603,17.97,33091.03,sem rede,,64.71,0.0,64.71,10.407017527659987,2.8887037007954675,12
Flor da Serra do Sul,2021,0,4583,17.89,39852.28,sem rede,,64.71,0.0,64.71,10.592934897136251,2.884241897520628,13
Flor da Serra do Sul,2022,0,4511,17.61,39110.18,sem rede,,64.71,0.0,64.71,10.574138070142446,2.8684669225081145,14
Flor da Serra do Sul,2023,2,4439,17.33,46487.27,sem rede,,64.71,0.0,64.71,10.746933790654536,2.8524391037275145,15
Flor da Serra do Sul,2024,0,4367,17.05,47253.72,sem rede,,64.71,0.0,64.71,10.763286659981564,2.8361502037295256,16
Flor da Serra do Sul,2025,0,4342,16.95,47525.79,sem rede,,64.71,0.0,64.71,10.769027790048561,2.830267833826459,17
Flor da Serra do Sul,2026,0,4342,16.95,47525.79,sem rede,,64.71,0.0,64.71,10.769027790048561,2.830267833826459,18
Floraí,2008,6,5174,27.0,16026.87,cobertura baixa,30.92,100.0,30.92,100.0,9.682021967648518,3.295836866004329,0
Floraí,2009,8,5158,26.92,15747.77,cobertura baixa,30.92,100.0,30.92,100.0,9.664454046927764,3.2928695047765273,1
Floraí,2010,11,5095,26.59,22260.45,cobertura baixa,30.92,100.0,30.92,100.0,10.010566840258626,3.2805352052549286,2
Floraí,2011,11,5032,26.26,23837.04,cobertura baixa,30.92,100.0,30.92,100.0,10.078995952396836,3.26804686887465,3
Floraí,2012,11,5015,26.17,24987.64,cobertura baixa,30.92,100.0,30.92,100.0,10.126136581594361,3.2646137165420543,4
Floraí,2013,5,5149,26.87,27682.27,cobertura baixa,30.92,100.0,30.92,100.0,10.228547415039598,3.2910104226273997,5
Floraí,2014,5,5137,26.81,28663.81,cobertura baixa,30.92,100.0,30.92,100.0,10.263390630439238,3.2887749522478678,6
Floraí,2015,6,5126,26.75,28922.16,cobertura baixa,30.92,100.0,30.92,100.0,10.272363362280313,3.2865344733420154,7
Floraí,2016,0,5114,26.69,30893.23,cobertura baixa,30.92,100.0,30.92,100.0,10.33829234503014,3.284288963416433,8
Floraí,2017,2,5103,26.63,29971.59,cobertura baixa,30.92,100.0,30.92,100.0,10.308005211956498,3.282038399825841,9
Floraí,2018,1,4953,25.85,35609.33,cobertura baixa,30.92,100.0,30.92,100.0,10.480362961155196,3.2523106009544382,10
Floraí,2019,0,4929,25.73,37101.85,cobertura baixa,30.92,100.0,30.92,100.0,10.521422112581408,3.2476576262936527,11
Floraí,2020,0,4906,25.61,47737.26,cobertura baixa,30.92,100.0,30.92,100.0,10.773467504027025,3.242982900211434,12
Floraí,2021,0,4883,25.49,48997.95,cobertura baixa,30.92,100.0,30.92,100.0,10.79953373948289,3.238286218388024,13
Floraí,2022,0,4864,25.39,55050.16,cobertura baixa,30.92,100.0,30.92,100.0,10.916000048595285,3.234355395716587,14
Floraí,2023,1,4844,25.28,64128.82,cobertura baixa,30.92,100.0,30.92,100.0,11.068649151848877,3.2300135692786567,15
Floraí,2024,0,4825,25.18,64381.35,cobertura baixa,30.92,100.0,30.92,100.0,11.072579273878056,3.2260500286162013,16
Floraí,2025,0,4805,25.08,64649.32,cobertura baixa,30.92,100.0,30.92,100.0,11.0767328659699,3.22207071576472,17
Floraí,2026,0,4805,25.08,64649.32,cobertura baixa,30.92,100.0,30.92,100.0,11.0767328659699,3.22207071576472,18
Floresta,2008,9,5394,34.01,12411.75,sem rede,,100.0,0.0,100.0,9.426398883567161,3.526654599019104,0
Floresta,2009,7,5417,34.16,11579.84,sem rede,,100.0,0.0,100.0,9.357020934105797,3.531055368920369,1
Floresta,2010,7,5706,35.98,12917.81,sem rede,,100.0,0.0,100.0,9.466362258325095,3.582963228522387,2
Floresta,2011,12,5994,37.79,16133.3,sem rede,,100.0,0.0,100.0,9.688640737918776,3.6320445173613978,3
Floresta,2012,22,6054,38.17,16993.72,sem rede,,100.0,0.0,100.0,9.740599143024312,3.6420498667571386,4
Floresta,2013,5,6324,39.87,20621.92,sem rede,,100.0,0.0,100.0,9.934109866718217,3.6856241613932634,5
Floresta,2014,2,6397,40.33,21643.58,sem rede,,100.0,0.0,100.0,9.982464153658436,3.697095608885277,6
Floresta,2015,1,6467,40.78,23484.92,sem rede,,100.0,0.0,100.0,10.064113792025658,3.708191765146309,7
Floresta,2016,0,6535,41.2,27641.78,sem rede,,100.0,0.0,100.0,10.227083675229181,3.7184382563554808,8
Floresta,2017,2,6603,41.63,30427.68,sem rede,,100.0,0.0,100.0,10.323107999432471,3.728821061206884,9
Floresta,2018,2,6695,42.21,30946.98,sem rede,,100.0,0.0,100.0,10.34003069661515,3.7426571597944074,10
Floresta,2019,1,6774,42.71,28279.75,sem rede,,100.0,0.0,100.0,10.249901279801703,3.754433084853375,11
Floresta,2020,0,6851,43.2,38150.93,sem rede,,100.0,0.0,100.0,10.549305413872883,3.765840495250065,12
Floresta,2021,2,6926,43.67,39145.83,sem rede,,100.0,0.0,100.0,10.57504918233603,3.7766613674974696,13
Floresta,2022,2,8359,52.7,33148.46,sem rede,,100.0,0.0,100.0,10.40875153902964,3.9646154555473165,14
Floresta,2023,2,9793,61.75,37193.91,sem rede,,100.0,0.0,100.0,10.523900317181926,4.123093975508087,15
Floresta,2024,4,11226,70.78,32446.11,sem rede,,100.0,0.0,100.0,10.38733583821301,4.259576474917317,16
Floresta,2025,4,11522,72.65,31612.57,sem rede,,100.0,0.0,100.0,10.361310105289727,4.285653390016292,17
Floresta,2026,1,11522,72.65,31612.57,sem rede,,100.0,0.0,100.0,10.361310105289727,4.285653390016292,18
Florestópolis,2008,11,11841,47.84,6400.22,cobertura alta,77.94,100.0,77.94,100.0,8.764087643756957,3.867862109642376,0
Florestópolis,2009,16,11795,47.66,6989.4,cobertura alta,77.94,100.0,77.94,100.0,8.852149994633786,3.8640924716705958,1
Florestópolis,2010,4,11472,46.35,9314.42,cobertura alta,77.94,100.0,77.94,100.0,9.139319015933419,3.836221292011864,2
Florestópolis,2011,5,11148,45.04,11286.87,cobertura alta,77.94,100.0,77.94,100.0,9.331395382214096,3.807550983831435,3
Florestópolis,2012,3,11076,44.75,12160.08,cobertura alta,77.94,100.0,77.94,100.0,9.405913734445885,3.8010914447208646,4
Florestópolis,2013,4,11328,45.77,15053.67,cobertura alta,77.94,100.0,77.94,100.0,9.61937709427011,3.8236288546655506,5
Florestópolis,2014,10,11265,45.52,17070.13,cobertura alta,77.94,100.0,77.94,100.0,9.745085431459545,3.8181517898180757,6
Florestópolis,2015,3,11205,45.27,18720.75,cobertura alta,77.94,100.0,77.94,100.0,9.837387813331603,3.8126445614478675,7
Florestópolis,2016,5,11145,45.03,20476.81,cobertura alta,77.94,100.0,77.94,100.0,9.927048305302577,3.8073289343134804,8
Florestópolis,2017,2,11087,44.8,24280.69,cobertura alta,77.94,100.0,77.94,100.0,10.097436663221039,3.8022081394209395,9
Florestópolis,2018,5,10646,43.01,23370.28,cobertura alta,77.94,100.0,77.94,100.0,10.059220408633573,3.7614326467956447,10
Florestópolis,2019,3,10548,42.62,24104.1,cobertura alta,77.94,100.0,77.94,100.0,10.090137229490546,3.752323626670471,11
Florestópolis,2020,1,10453,42.23,44872.96,cobertura alta,77.94,100.0,77.94,100.0,10.711590665147233,3.743130868945852,12
Florestópolis,2021,1,10360,41.86,38637.55,cobertura alta,77.94,100.0,77.94,100.0,10.56197988051912,3.7343307170178535,13
Florestópolis,2022,4,10786,43.58,43730.02,cobertura alta,77.94,100.0,77.94,100.0,10.685790101758794,3.774598329516474,14
Florestópolis,2023,0,11213,45.31,55634.71,cobertura alta,77.94,100.0,77.94,100.0,10.926562566032157,3.813527758679047,15
Florestópolis,2024,9,11639,47.03,53598.42,cobertura alta,77.94,100.0,77.94,100.0,10.88927486901248,3.8507856959569566,16
Florestópolis,2025,2,11653,47.08,53534.03,cobertura alta,77.94,100.0,77.94,100.0,10.888072805440641,3.851848282392076,17
Florestópolis,2026,2,11653,47.08,53534.03,cobertura alta,77.94,100.0,77.94,100.0,10.888072805440641,3.851848282392076,18
Flórida,2008,2,2528,30.38,8764.64,cobertura alta,100.0,91.94,100.0,91.94,9.078480724064605,3.4137844971676268,0
Flórida,2009,2,2535,30.47,9389.35,cobertura alta,100.0,91.94,100.0,91.94,9.147331347229105,3.416742592997618,1
Flórida,2010,1,2544,30.58,10183.57,cobertura alta,100.0,91.94,100.0,91.94,9.228530916250772,3.420346200500916,2
Flórida,2011,1,2552,30.67,12101.49,cobertura alta,100.0,91.94,100.0,91.94,9.401083864499531,3.4232849781261603,3
Flórida,2012,1,2560,30.77,13400.78,cobertura alta,100.0,91.94,100.0,91.94,9.503068193200152,3.4265401893339504,4
Flórida,2013,2,2650,31.85,15500.0,cobertura alta,100.0,91.94,100.0,91.94,9.648595302907339,3.4610373820181723,5
Flórida,2014,1,2662,32.0,16134.86,cobertura alta,100.0,91.94,100.0,91.94,9.68873742765883,3.4657359027997265,6
Flórida,2015,1,2674,32.14,18722.51,cobertura alta,100.0,91.94,100.0,91.94,9.837481822240084,3.4701013603093664,7
Flórida,2016,1,2685,32.27,21012.29,cobertura alta,100.0,91.94,100.0,91.94,9.952862783615771,3.4741380060638707,8
Flórida,2017,2,2697,32.42,22034.85,cobertura alta,100.0,91.94,100.0,91.94,10.000380569900978,3.4787755163075302,9
Flórida,2018,0,2679,32.2,22595.37,cobertura alta,100.0,91.94,100.0,91.94,10.025500297015578,3.4719664525503626,10
Flórida,2019,1,2689,32.32,21850.5,cobertura alta,100.0,91.94,100.0,91.94,9.991979083557112,3.4756862336528944,11
Flórida,2020,1,2699,32.44,27947.76,cobertura alta,100.0,91.94,100.0,91.94,10.238092332258914,3.479392229247212,12
Flórida,2021,0,2709,32.56,29742.71,cobertura alta,100.0,91.94,100.0,91.94,10.300339338929268,3.4830845411343394,13
Flórida,2022,0,2707,32.54,30517.92,cobertura alta,100.0,91.94,100.0,91.94,10.326069331044483,3.482470101790892,14
Flórida,2023,0,2706,32.52,37420.92,cobertura alta,100.0,91.94,100.0,91.94,10.52998518530886,3.48185528467961,15
Flórida,2024,1,2704,32.5,37448.59,cobertura alta,100.0,91.94,100.0,91.94,10.530724338036311,3.481240089335692,16
Flórida,2025,1,2711,32.58,37351.9,cobertura alta,100.0,91.94,100.0,91.94,10.528139059414377,3.4836986031738992,17
Flórida,2026,0,2711,32.58,37351.9,cobertura alta,100.0,91.94,100.0,91.94,10.528139059414377,3.4836986031738992,18
Formosa do Oeste,2008,95,7581,27.42,10234.14,sem rede,,81.9,0.0,81.9,9.233484469162029,3.3112726741341683,0
Formosa do Oeste,2009,62,7453,26.95,12247.69,sem rede,,81.9,0.0,81.9,9.413092626762474,3.2939832973550063,1
Formosa do Oeste,2010,67,7450,26.94,14129.26,sem rede,,81.9,0.0,81.9,9.556003103464993,3.293612170982218,2
Formosa do Oeste,2011,43,7448,26.94,16271.35,sem rede,,81.9,0.0,81.9,9.69716117157111,3.293612170982218,3
Formosa do Oeste,2012,18,7358,26.61,18114.3,sem rede,,81.9,0.0,81.9,9.804456960573171,3.281287084989598,4
Formosa do Oeste,2013,30,7468,27.01,26124.26,sem rede,,81.9,0.0,81.9,10.17061966350709,3.2962071678045244,5
Formosa do Oeste,2014,21,7381,26.69,28470.67,sem rede,,81.9,0.0,81.9,10.256629713539255,3.284288963416433,6
Formosa do Oeste,2015,24,7296,26.39,32173.11,sem rede,,81.9,0.0,81.9,10.378886289480251,3.2729851505152325,7
Formosa do Oeste,2016,52,7214,26.09,38274.88,sem rede,,81.9,0.0,81.9,10.552549085315222,3.261552099148637,8
Formosa do Oeste,2017,57,7133,25.8,38745.83,sem rede,,81.9,0.0,81.9,10.564778416087583,3.250374491927572,9
Formosa do Oeste,2018,28,6700,24.23,39963.58,sem rede,,81.9,0.0,81.9,10.595723818339172,3.1875915348284343,10
Formosa do Oeste,2019,35,6578,23.79,42495.9,sem rede,,81.9,0.0,81.9,10.657162879670686,3.1692653243148663,11
Formosa do Oeste,2020,46,6460,23.36,48563.31,sem rede,,81.9,0.0,81.9,10.79062358650758,3.151025157960026,12
Formosa do Oeste,2021,46,6345,22.95,58434.52,sem rede,,81.9,0.0,81.9,10.975662090078364,3.133317936506554,13
Formosa do Oeste,2022,77,6815,24.65,61166.69,sem rede,,81.9,0.0,81.9,11.021358039279969,3.204776900488699,14
Formosa do Oeste,2023,57,7286,26.35,55661.41,sem rede,,81.9,0.0,81.9,10.927042367134158,3.2714682749873716,15
Formosa do Oeste,2024,55,7756,28.05,52288.42,sem rede,,81.9,0.0,81.9,10.864530210623155,3.3339886319687055,16
Formosa do Oeste,2025,57,7763,28.08,52241.27,sem rede,,81.9,0.0,81.9,10.863628074527702,3.3350575791576103,17
Formosa do Oeste,2026,15,7763,28.08,52241.27,sem rede,,81.9,0.0,81.9,10.863628074527702,3.3350575791576103,18
Foz do Iguaçu,2008,185,319189,522.83,18285.4,cobertura alta,96.33,99.45,96.33,99.45,9.813858206198734,6.259256363424289,0
Foz do Iguaçu,2009,104,325137,532.57,19507.95,cobertura alta,96.33,99.45,96.33,99.45,9.878577353775603,6.277714344343138,1
Foz do Iguaçu,2010,121,290518,475.87,21497.85,cobertura alta,96.33,99.45,96.33,99.45,9.975708209115421,6.1651447076866015,2
Foz do Iguaçu,2011,76,255900,419.16,26157.11,cobertura alta,96.33,99.45,96.33,99.45,10.171876325462316,6.038252708606741,3
Foz do Iguaçu,2012,81,255718,418.87,32142.05,cobertura alta,96.33,99.45,96.33,99.45,10.377920420704843,6.037560609250928,4
Foz do Iguaçu,2013,44,263508,431.63,34494.14,cobertura alta,96.33,99.45,96.33,99.45,10.44854473351998,6.0675687397728035,5
Foz do Iguaçu,2014,54,263647,431.85,34964.23,cobertura alta,96.33,99.45,96.33,99.45,10.462080817873456,6.068078305726295,6
Foz do Iguaçu,2015,43,263782,432.08,45494.68,cobertura alta,96.33,99.45,96.33,99.45,10.725350675026084,6.068610756284635,7
Foz do Iguaçu,2016,29,263915,432.29,51345.25,cobertura alta,96.33,99.45,96.33,99.45,10.846327708643816,6.0690966593218345,8
Foz do Iguaçu,2017,34,264044,432.5,51007.32,cobertura alta,96.33,99.45,96.33,99.45,10.839724430818867,6.069582326371934,9
Foz do Iguaçu,2018,38,258823,423.95,56701.87,cobertura alta,96.33,99.45,96.33,99.45,10.945562469771643,6.0496155237500115,10
Foz do Iguaçu,2019,49,258532,423.48,60997.41,cobertura alta,96.33,99.45,96.33,99.45,11.018586683237645,6.048506287475179,11
Foz do Iguaçu,2020,43,258248,423.01,69177.41,cobertura alta,96.33,99.45,96.33,99.45,11.14442964322426,6.047395819428781,12
Foz do Iguaçu,2021,55,257971,422.56,73531.63,cobertura alta,96.33,99.45,96.33,99.45,11.205470932767224,6.046331448548822,13
Foz do Iguaçu,2022,31,270481,443.05,64625.43,cobertura alta,96.33,99.45,96.33,99.45,11.076363265560355,6.093682630493311,14
Foz do Iguaçu,2023,82,282990,463.54,59978.27,cobertura alta,96.33,99.45,96.33,99.45,11.001737608939385,6.138892681174414,15
Foz do Iguaçu,2024,157,295500,484.03,57439.09,cobertura alta,96.33,99.45,96.33,99.45,10.958480360978225,6.18214688826681,16
Foz do Iguaçu,2025,132,297352,487.06,57081.34,cobertura alta,96.33,99.45,96.33,99.45,10.952232547138626,6.188387318779109,17
Foz do Iguaçu,2026,62,297352,487.06,57081.34,cobertura alta,96.33,99.45,96.33,99.45,10.952232547138626,6.188387318779109,18
Foz do Jordão,2008,27,5932,25.15,7599.12,sem rede,,96.97,0.0,96.97,8.935787730096619,3.224857896545748,0
Foz do Jordão,2009,29,5881,24.93,8694.1,sem rede,,96.97,0.0,96.97,9.070399913668004,3.2160718975354663,1
Foz do Jordão,2010,4,5614,23.8,8772.18,sem rede,,96.97,0.0,96.97,9.079340629163092,3.169685580677429,2
Foz do Jordão,2011,2,5347,22.67,11532.64,sem rede,,96.97,0.0,96.97,9.352936554963755,3.1210424645194377,3
Foz do Jordão,2012,4,5276,22.37,12882.3,sem rede,,96.97,0.0,96.97,9.463609555144936,3.107720775502038,4
Foz do Jordão,2013,6,5346,22.66,16116.54,sem rede,,96.97,0.0,96.97,9.687601352823604,3.12060125559986,5
Foz do Jordão,2014,6,5277,22.37,15663.82,sem rede,,96.97,0.0,96.97,9.659108873386595,3.107720775502038,6
Foz do Jordão,2015,3,5210,22.09,16746.26,sem rede,,96.97,0.0,96.97,9.725930228739633,3.095125017432026,7
Foz do Jordão,2016,2,5144,21.81,20388.8,sem rede,,96.97,0.0,96.97,9.922741009458015,3.0823685802135374,8
Foz do Jordão,2017,2,5079,21.53,20230.56,sem rede,,96.97,0.0,96.97,9.91494961143956,3.0694473113762717,9
Foz do Jordão,2018,2,4745,20.11,25851.42,sem rede,,96.97,0.0,96.97,10.160120810729593,3.001217203784561,10
Foz do Jordão,2019,10,4650,19.71,26594.19,sem rede,,96.97,0.0,96.97,10.188448049859806,2.9811261211646287,11
Foz do Jordão,2020,4,4556,19.31,37602.5,sem rede,,96.97,0.0,96.97,10.534825816529368,2.960623096440423,12
Foz do Jordão,2021,1,4466,18.93,41210.03,sem rede,,96.97,0.0,96.97,10.626436952311243,2.9407479652212314,13
Foz do Jordão,2022,11,4619,19.58,38073.61,sem rede,,96.97,0.0,96.97,10.547276670202683,2.9745086371023644,14
Foz do Jordão,2023,12,4772,20.23,39350.8,sem rede,,96.97,0.0,96.97,10.580271584007377,3.007166651179654,15
Foz do Jordão,2024,13,4925,20.88,38128.32,sem rede,,96.97,0.0,96.97,10.548712592085511,3.038791763014438,16
Foz do Jordão,2025,7,4893,20.74,38377.68,sem rede,,96.97,0.0,96.97,10.55523131958455,3.032064202801381,17
Foz do Jordão,2026,2,4893,20.74,38377.68,sem rede,,96.97,0.0,96.97,10.55523131958455,3.032064202801381,18
Francisco Alves,2008,77,6447,19.98,10045.6,cobertura alta,80.81,85.3,80.81,85.3,9.214890006674754,2.9947317732204075,0
Francisco Alves,2009,92,6389,19.8,8975.11,cobertura alta,80.81,85.3,80.81,85.3,9.102210469548782,2.9856819377004897,1
Francisco Alves,2010,40,6383,19.78,11815.29,cobertura alta,80.81,85.3,80.81,85.3,9.37714973438961,2.984671326194566,2
Francisco Alves,2011,17,6377,19.76,13214.99,cobertura alta,80.81,85.3,80.81,85.3,9.48910707032225,2.983659692319722,3
Francisco Alves,2012,9,6337,19.64,13553.1,cobertura alta,80.81,85.3,80.81,85.3,9.514370582428993,2.97756830292632,4
Francisco Alves,2013,16,6483,20.09,19883.54,cobertura alta,80.81,85.3,80.81,85.3,9.89764753276873,3.000222178826843,5
Francisco Alves,2014,2,6448,19.98,19950.06,cobertura alta,80.81,85.3,80.81,85.3,9.900987429832284,2.9947317732204075,6
Francisco Alves,2015,1,6415,19.88,23132.03,cobertura alta,80.81,85.3,80.81,85.3,10.048973516181988,2.989714201228428,7
Francisco Alves,2016,5,6382,19.78,28585.55,cobertura alta,80.81,85.3,80.81,85.3,10.26065662437356,2.984671326194566,8
Francisco Alves,2017,4,6350,19.68,28324.25,cobertura alta,80.81,85.3,80.81,85.3,10.251473607169656,2.9796028916241073,9
Francisco Alves,2018,4,6101,18.91,32119.65,cobertura alta,80.81,85.3,80.81,85.3,10.37722327136372,2.9396908826703663,10
Francisco Alves,2019,2,6046,18.74,27633.48,cobertura alta,80.81,85.3,80.81,85.3,10.22678336004071,2.930660276810276,11
Francisco Alves,2020,6,5993,18.57,40290.51,cobertura alta,80.81,85.3,80.81,85.3,10.603871236333127,2.9215473753646144,12
Francisco Alves,2021,9,5942,18.41,48896.67,cobertura alta,80.81,85.3,80.81,85.3,10.79746457498467,2.9128939952449864,13
Francisco Alves,2022,5,6783,21.02,30319.03,cobertura alta,80.81,85.3,80.81,85.3,10.319530847160118,3.045474365448805,14
Francisco Alves,2023,9,7623,23.62,33332.02,cobertura alta,80.81,85.3,80.81,85.3,10.414273775525919,3.1620938107692163,15
Francisco Alves,2024,2,8464,26.23,30020.09,cobertura alta,80.81,85.3,80.81,85.3,10.309622103184292,3.2669037938787824,16
Francisco Alves,2025,1,8573,26.57,29638.4,cobertura alta,80.81,85.3,80.81,85.3,10.296826096846377,3.279782759771722,17
Francisco Alves,2026,4,8573,26.57,29638.4,cobertura alta,80.81,85.3,80.81,85.3,10.296826096846377,3.279782759771722,18
Francisco Beltrão,2008,166,75517,102.52,13643.64,cobertura alta,75.43,87.13,75.43,87.13,9.521028757966166,4.630057901495871,0
Francisco Beltrão,2009,153,76311,103.6,15905.74,cobertura alta,75.43,87.13,75.43,87.13,9.674435329350539,4.640537329825382,1
Francisco Beltrão,2010,126,78080,106.0,16647.28,cobertura alta,75.43,87.13,75.43,87.13,9.720002118699979,4.663439094112067,2
Francisco Beltrão,2011,72,79850,108.4,18588.67,cobertura alta,75.43,87.13,75.43,87.13,9.830307534315333,4.685828089005546,3
Francisco Beltrão,2012,87,80727,109.59,21558.25,cobertura alta,75.43,87.13,75.43,87.13,9.978513852897397,4.696746129475301,4
Francisco Beltrão,2013,45,84437,114.63,24501.88,cobertura alta,75.43,87.13,75.43,87.13,10.10650512828274,4.741709550126918,5
Francisco Beltrão,2014,39,85486,116.05,28360.64,cobertura alta,75.43,87.13,75.43,87.13,10.252757547387201,4.754021132720446,6
Francisco Beltrão,2015,33,86499,117.43,30312.67,cobertura alta,75.43,87.13,75.43,87.13,10.319321055911535,4.7658424113769895,7
Francisco Beltrão,2016,43,87491,118.78,32502.15,cobertura alta,75.43,87.13,75.43,87.13,10.389061519975913,4.777273042587714,8
Francisco Beltrão,2017,30,88465,120.1,34704.26,cobertura alta,75.43,87.13,75.43,87.13,10.454617724970356,4.788324729085938,9
Francisco Beltrão,2018,45,89942,122.1,35459.77,cobertura alta,75.43,87.13,75.43,87.13,10.476154093425551,4.804840381116659,10
Francisco Beltrão,2019,55,91093,123.67,36141.37,cobertura alta,75.43,87.13,75.43,87.13,10.495193471562756,4.817616727753966,11
Francisco Beltrão,2020,35,92216,125.19,34639.35,cobertura alta,75.43,87.13,75.43,87.13,10.452745598066137,4.829832583271571,12
Francisco Beltrão,2021,28,93308,126.67,39595.09,cobertura alta,75.43,87.13,75.43,87.13,10.586460399656199,4.841585279495541,13
Francisco Beltrão,2022,30,95973,130.29,41369.3,cobertura alta,75.43,87.13,75.43,87.13,10.630294338838532,4.86976273521484,14
Francisco Beltrão,2023,32,98637,133.91,45879.37,cobertura alta,75.43,87.13,75.43,87.13,10.733770839675621,4.897167932507474,15
Francisco Beltrão,2024,42,101302,137.53,44672.4,cobertura alta,75.43,87.13,75.43,87.13,10.707111140236684,4.9238420751266165,16
Francisco Beltrão,2025,46,102312,138.9,44231.4,cobertura alta,75.43,87.13,75.43,87.13,10.697190223085832,4.933754249760298,17
Francisco Beltrão,2026,16,102312,138.9,44231.4,cobertura alta,75.43,87.13,75.43,87.13,10.697190223085832,4.933754249760298,18
Fênix,2008,14,5014,21.37,13558.24,sem rede,,89.56,0.0,89.56,9.514749759560155,3.0619880693310564,0
Fênix,2009,27,5017,21.39,13616.5,sem rede,,89.56,0.0,89.56,9.51903757164305,3.062923523094314,1
Fênix,2010,29,4904,20.9,12266.72,sem rede,,89.56,0.0,89.56,9.414645183305547,3.039749158970765,2
Fênix,2011,17,4792,20.43,16927.17,sem rede,,89.56,0.0,89.56,9.73667530226503,3.0170044088295307,3
Fênix,2012,11,4781,20.38,18330.47,sem rede,,89.56,0.0,89.56,9.816319981530667,3.0145540277945786,4
Fênix,2013,9,4917,20.96,23037.62,sem rede,,89.56,0.0,89.56,10.044883810863048,3.0426158594528414,5
Fênix,2014,8,4912,20.94,23383.35,sem rede,,89.56,0.0,89.56,10.059779509620618,3.041661205442391,6
Fênix,2015,5,4908,20.92,24278.93,sem rede,,89.56,0.0,89.56,10.097364175009607,3.040705639196722,7
Fênix,2016,3,4903,20.9,28221.29,sem rede,,89.56,0.0,89.56,10.24783193662284,3.039749158970765,8
Fênix,2017,0,4898,20.88,27515.72,sem rede,,89.56,0.0,89.56,10.22251275669647,3.038791763014438,9
Fênix,2018,3,4777,20.36,31281.56,sem rede,,89.56,0.0,89.56,10.350784065538436,3.013572191682322,10
Fênix,2019,0,4762,20.3,30362.87,sem rede,,89.56,0.0,89.56,10.320975759320987,3.0106208860477417,11
Fênix,2020,2,4748,20.24,44663.44,sem rede,,89.56,0.0,89.56,10.70691054884962,3.0076608444192647,12
Fênix,2021,0,4734,20.18,44964.51,sem rede,,89.56,0.0,89.56,10.713628790924622,3.004692014925463,13
Fênix,2022,1,4660,19.86,33882.83,sem rede,,89.56,0.0,89.56,10.430663675383803,2.9887076586170265,14
Fênix,2023,0,4586,19.55,53123.42,sem rede,,89.56,0.0,89.56,10.88037316460797,2.972975286431375,15
Fênix,2024,0,4512,19.23,53994.68,sem rede,,89.56,0.0,89.56,10.896640802174625,2.9564715596006885,16
Fênix,2025,3,4488,19.13,54283.42,sem rede,,89.56,0.0,89.56,10.901974118596248,2.9512577834521614,17
Fênix,2026,0,4488,19.13,54283.42,sem rede,,89.56,0.0,89.56,10.901974118596248,2.9512577834521614,18
General Carneiro,2008,30,15159,14.12,12974.21,cobertura baixa,43.38,79.09,43.38,79.09,9.470718819860597,2.647592232065096,0
General Carneiro,2009,28,15275,14.23,11489.36,cobertura baixa,43.38,79.09,43.38,79.09,9.34917666868224,2.655352412101761,1
General Carneiro,2010,10,14464,13.47,16152.1,cobertura baixa,43.38,79.09,43.38,79.09,9.689805351157263,2.6004649904222727,2
General Carneiro,2011,10,13652,12.72,15771.17,cobertura baixa,43.38,79.09,43.38,79.09,9.665938868707885,2.543175557911976,3
General Carneiro,2012,11,13635,12.7,16476.57,cobertura baixa,43.38,79.09,43.38,79.09,9.709694650733224,2.5416019934645457,4
General Carneiro,2013,21,14039,13.08,17339.63,cobertura baixa,43.38,79.09,43.38,79.09,9.760749912159932,2.5710843460290524,5
General Carneiro,2014,15,14039,13.08,19042.67,cobertura baixa,43.38,79.09,43.38,79.09,9.854437529606333,2.5710843460290524,6
General Carneiro,2015,18,14039,13.08,19170.45,cobertura baixa,43.38,79.09,43.38,79.09,9.86112530994258,2.5710843460290524,7
General Carneiro,2016,8,14038,13.08,21029.63,cobertura baixa,43.38,79.09,43.38,79.09,9.953687674628513,2.5710843460290524,8
General Carneiro,2017,11,14038,13.08,24559.7,cobertura baixa,43.38,79.09,43.38,79.09,10.108862167202762,2.5710843460290524,9
General Carneiro,2018,2,13735,12.8,20913.72,cobertura baixa,43.38,79.09,43.38,79.09,9.948160681907872,2.5494451709255714,10
General Carneiro,2019,7,13710,12.77,22170.46,cobertura baixa,43.38,79.09,43.38,79.09,10.006516051154689,2.547098670044448,11
General Carneiro,2020,1,13685,12.75,26177.71,cobertura baixa,43.38,79.09,43.38,79.09,10.172663564285871,2.545531271604435,12
General Carneiro,2021,1,13661,12.73,32609.03,cobertura baixa,43.38,79.09,43.38,79.09,10.392344522864112,2.543961412569315,13
General Carneiro,2022,2,12728,11.86,33567.33,cobertura baixa,43.38,79.09,43.38,79.09,10.421308551511606,2.4731713935695794,14
General Carneiro,2023,4,11794,10.99,37077.67,cobertura baixa,43.38,79.09,43.38,79.09,10.520770180596504,2.39698576841553,15
General Carneiro,2024,5,10861,10.12,40262.78,cobertura baixa,43.38,79.09,43.38,79.09,10.603182747977272,2.3145136638593193,16
General Carneiro,2025,5,10691,9.96,40903.0,cobertura baixa,43.38,79.09,43.38,79.09,10.618958688974192,2.298577071596507,17
General Carneiro,2026,1,10691,9.96,40903.0,cobertura baixa,43.38,79.09,43.38,79.09,10.618958688974192,2.298577071596507,18
Godoy Moreira,2008,22,3639,27.72,6146.19,sem rede,,67.24,0.0,67.24,8.72358765662847,3.3221541743217022,0
Godoy Moreira,2009,12,3616,27.54,6436.67,sem rede,,67.24,0.0,67.24,8.769766604620706,3.315639493300509,1
Godoy Moreira,2010,20,3458,26.34,7316.66,sem rede,,67.24,0.0,67.24,8.897909218673062,3.271088696315135,2
Godoy Moreira,2011,15,3299,25.13,9219.76,sem rede,,67.24,0.0,67.24,9.12910428584308,3.2240623515555007,3
Godoy Moreira,2012,27,3262,24.84,11455.24,sem rede,,67.24,0.0,67.24,9.346202546217658,3.212455257065278,4
Godoy Moreira,2013,20,3315,25.25,11340.57,sem rede,,67.24,0.0,67.24,9.336141840568787,3.228826155721369,5
Godoy Moreira,2014,3,3279,24.97,12458.37,sem rede,,67.24,0.0,67.24,9.430147965164359,3.217675104291682,6
Godoy Moreira,2015,4,3245,24.71,13760.86,sem rede,,67.24,0.0,67.24,9.52958360953429,3.2072080200005186,7
Godoy Moreira,2016,6,3211,24.46,13561.82,sem rede,,67.24,0.0,67.24,9.515013770777003,3.1970391302590264,8
Godoy Moreira,2017,0,3178,24.2,16086.22,sem rede,,67.24,0.0,67.24,9.685718283859364,3.186352633162641,9
Godoy Moreira,2018,1,2996,22.82,17342.12,sem rede,,67.24,0.0,67.24,9.76089350353028,3.1276373444339294,10
Godoy Moreira,2019,0,2946,22.44,17558.38,sem rede,,67.24,0.0,67.24,9.773286607808057,3.110845080654496,11
Godoy Moreira,2020,2,2898,22.07,22348.17,sem rede,,67.24,0.0,67.24,10.0144997174948,3.094219220268645,12
Godoy Moreira,2021,0,2850,21.71,25412.63,sem rede,,67.24,0.0,67.24,10.143001573516237,3.0777729838902004,13
Godoy Moreira,2022,1,2890,22.01,28068.51,sem rede,,67.24,0.0,67.24,10.242403586365292,3.0914968955383704,14
Godoy Moreira,2023,1,2930,22.32,32809.9,sem rede,,67.24,0.0,67.24,10.398485578099239,3.1054831375131102,15
Godoy Moreira,2024,3,2970,22.62,32368.01,sem rede,,67.24,0.0,67.24,10.384925868354587,3.1188344706879745,16
Godoy Moreira,2025,2,2911,22.17,33024.05,sem rede,,67.24,0.0,67.24,10.404991362890476,3.09874002362822,17
Godoy Moreira,2026,2,2911,22.17,33024.05,sem rede,,67.24,0.0,67.24,10.404991362890476,3.09874002362822,18
Goioerê,2008,181,29732,52.6,11438.62,cobertura alta,66.06,93.69,66.06,93.69,9.344750628286851,3.9627161197436642,0
Goioerê,2009,142,29704,52.55,10989.09,cobertura alta,66.06,93.69,66.06,93.69,9.304658241421576,3.96176509732296,1
Goioerê,2010,184,29333,51.9,13337.61,cobertura alta,66.06,93.69,66.06,93.69,9.49834314299868,3.949318790171843,2
Goioerê,2011,146,28962,51.24,15447.97,cobertura alta,66.06,93.69,66.06,93.69,9.6452328821075,3.9365204770285334,3
Goioerê,2012,110,28908,51.15,17991.01,cobertura alta,66.06,93.69,66.06,93.69,9.797627467669937,3.9347624923976356,4
Goioerê,2013,86,29743,52.62,21159.23,cobertura alta,66.06,93.69,66.06,93.69,9.959831495896136,3.9630962756121466,5
Goioerê,2014,111,29722,52.59,22775.08,cobertura alta,66.06,93.69,66.06,93.69,10.03342223474548,3.962525987601253,6
Goioerê,2015,69,29702,52.55,24201.06,cobertura alta,66.06,93.69,66.06,93.69,10.094151712838405,3.96176509732296,7
Goioerê,2016,47,29683,52.52,26167.03,cobertura alta,66.06,93.69,66.06,93.69,10.172255500356307,3.9611940494345954,8
Goioerê,2017,47,29664,52.48,27496.33,cobertura alta,66.06,93.69,66.06,93.69,10.221807820203358,3.9604321446358335,9
Goioerê,2018,41,28962,51.24,31175.89,cobertura alta,66.06,93.69,66.06,93.69,10.347400318657176,3.9365204770285334,10
Goioerê,2019,30,28884,51.1,30665.07,cobertura alta,66.06,93.69,66.06,93.69,10.330879500790235,3.933784497209659,11
Goioerê,2020,27,28808,50.97,35408.05,cobertura alta,66.06,93.69,66.06,93.69,10.474694474400092,3.93123722435195,12
Goioerê,2021,25,28734,50.84,37390.2,cobertura alta,66.06,93.69,66.06,93.69,10.529163916980657,3.928683446321253,13
Goioerê,2022,16,28813,50.98,38829.17,cobertura alta,66.06,93.69,66.06,93.69,10.566927047271918,3.9314333989479695,14
Goioerê,2023,12,28891,51.12,46231.21,cobertura alta,66.06,93.69,66.06,93.69,10.741410390120176,3.9341758100692794,15
Goioerê,2024,8,28970,51.26,46105.14,cobertura alta,66.06,93.69,66.06,93.69,10.738679719515643,3.936910720935925,16
Goioerê,2025,8,28931,51.19,46167.29,cobertura alta,66.06,93.69,66.06,93.69,10.740026817655327,3.935544200469492,17
Goioerê,2026,5,28931,51.19,46167.29,cobertura alta,66.06,93.69,66.06,93.69,10.740026817655327,3.935544200469492,18
Goioxim,2008,19,8232,11.69,8568.76,sem rede,,39.01,0.0,39.01,9.055878310341308,2.458733775483977,0
Goioxim,2009,13,8240,11.7,9123.67,sem rede,,39.01,0.0,39.01,9.118627414402972,2.4595888418037104,1
Goioxim,2010,10,7850,11.15,8706.5,sem rede,,39.01,0.0,39.01,9.071825152119438,2.411439497906128,2
Goioxim,2011,10,7459,10.6,11264.78,sem rede,,39.01,0.0,39.01,9.32943632315944,2.3608540011180215,3
Goioxim,2012,7,7415,10.53,13158.06,sem rede,,39.01,0.0,39.01,9.484789777599067,2.354228326145884,4
Goioxim,2013,6,7590,10.78,18206.46,sem rede,,39.01,0.0,39.01,9.809531755141737,2.377692565480851,5
Goioxim,2014,10,7553,10.73,19079.7,sem rede,,39.01,0.0,39.01,9.856380221608225,2.373043556642607,6
Goioxim,2015,24,7517,10.68,18736.06,sem rede,,39.01,0.0,39.01,9.83820528822349,2.3683728335320486,7
Goioxim,2016,21,7482,10.63,22019.38,sem rede,,39.01,0.0,39.01,9.99967825365866,2.363680192353857,8
Goioxim,2017,12,7448,10.58,22073.58,sem rede,,39.01,0.0,39.01,10.00213669724233,2.3589654264301534,9
Goioxim,2018,7,7170,10.18,25270.01,sem rede,,39.01,0.0,39.01,10.137373596108318,2.3204250111223765,10
Goioxim,2019,6,7111,10.1,24873.29,sem rede,,39.01,0.0,39.01,10.121549815945244,2.312535423847214,11
Goioxim,2020,7,7053,10.02,40064.51,sem rede,,39.01,0.0,39.01,10.598246184011337,2.3045830956567186,12
Goioxim,2021,2,6997,9.94,44182.51,sem rede,,39.01,0.0,39.01,10.696084288397882,2.2965670206684825,13
Goioxim,2022,6,6842,9.72,50882.93,sem rede,,39.01,0.0,39.01,10.837282782833954,2.2741856184723477,14
Goioxim,2023,4,6686,9.5,46157.94,sem rede,,39.01,0.0,39.01,10.739824272803133,2.2512917986064953,15
Goioxim,2024,7,6531,9.28,47253.41,sem rede,,39.01,0.0,39.01,10.763280099629979,2.2278615467981093,16
Goioxim,2025,2,6469,9.19,47706.29,sem rede,,39.01,0.0,39.01,10.772818534010991,2.2181159363675955,17
Goioxim,2026,0,6469,9.19,47706.29,sem rede,,39.01,0.0,39.01,10.772818534010991,2.2181159363675955,18
Grandes Rios,2008,1,7848,24.91,6935.91,sem rede,,65.86,0.0,65.86,8.844467542597645,3.215269329274089,0
Grandes Rios,2009,16,7839,24.89,7120.42,sem rede,,65.86,0.0,65.86,8.870721991430297,3.2144661163795005,1
Grandes Rios,2010,5,7184,22.81,8392.12,sem rede,,65.86,0.0,65.86,9.035048449306597,3.1271990362962967,2
Grandes Rios,2011,6,6530,20.73,12271.82,sem rede,,65.86,0.0,65.86,9.415060855963613,3.0315819264476884,3
Grandes Rios,2012,1,6438,20.44,12527.18,sem rede,,65.86,0.0,65.86,9.435655962703999,3.017493765335504,4
Grandes Rios,2013,0,6515,20.68,13466.46,sem rede,,65.86,0.0,65.86,9.50795742862872,3.0291670496402285,5
Grandes Rios,2014,18,6425,20.4,13922.18,sem rede,,65.86,0.0,65.86,9.541238530821873,3.0155349008501706,6
Grandes Rios,2015,18,6337,20.12,17760.77,sem rede,,65.86,0.0,65.86,9.78474737146218,3.0017143452315387,7
Grandes Rios,2016,0,6251,19.84,18943.05,sem rede,,65.86,0.0,65.86,9.849192388622235,2.987700101856727,8
Grandes Rios,2017,0,6167,19.58,19964.0,sem rede,,65.86,0.0,65.86,9.9016859305895,2.9745086371023644,9
Grandes Rios,2018,0,5742,18.23,21099.97,sem rede,,65.86,0.0,65.86,9.9570268976622,2.9030685886905716,10
Grandes Rios,2019,2,5618,17.83,20892.49,sem rede,,65.86,0.0,65.86,9.947145043234816,2.8808824318750488,11
Grandes Rios,2020,1,5497,17.45,25061.31,sem rede,,65.86,0.0,65.86,10.129080501624895,2.859339648648436,12
Grandes Rios,2021,1,5379,17.08,32111.54,sem rede,,65.86,0.0,65.86,10.376970746070539,2.837908188360424,13
Grandes Rios,2022,2,5448,17.3,29606.28,sem rede,,65.86,0.0,65.86,10.295741779971106,2.8507065015037334,14
Grandes Rios,2023,0,5517,17.51,32183.25,sem rede,,65.86,0.0,65.86,10.379201409853247,2.8627721462977607,15
Grandes Rios,2024,4,5586,17.73,31785.71,sem rede,,65.86,0.0,65.86,10.366772096701649,2.8752581200861167,16
Grandes Rios,2025,1,5527,17.55,32125.02,sem rede,,65.86,0.0,65.86,10.377390444765421,2.865053949911875,17
Grandes Rios,2026,0,5527,17.55,32125.02,sem rede,,65.86,0.0,65.86,10.377390444765421,2.865053949911875,18
Guairaçá,2008,2,5875,11.86,10206.3,sem rede,,89.25,0.0,89.25,9.230760455665747,2.4731713935695794,0
Guairaçá,2009,1,5867,11.85,12933.53,sem rede,,89.25,0.0,89.25,9.46757844301321,2.47232786758114,1
Guairaçá,2010,0,6044,12.21,13092.65,sem rede,,89.25,0.0,89.25,9.47980628302901,2.502255288122613,2
Guairaçá,2011,0,6220,12.56,18380.71,sem rede,,89.25,0.0,89.25,9.819057024108105,2.5305171610400525,3
Guairaçá,2012,0,6243,12.61,21860.16,sem rede,,89.25,0.0,89.25,9.992421081008409,2.534490149976828,4
Guairaçá,2013,0,6468,13.06,24171.92,sem rede,,89.25,0.0,89.25,10.092946907861542,2.569554123848285,5
Guairaçá,2014,0,6500,13.13,24852.62,sem rede,,89.25,0.0,89.25,10.120718458562722,2.574899688314705,6
Guairaçá,2015,0,6531,13.19,27498.24,sem rede,,89.25,0.0,89.25,10.221877281606575,2.579458966729223,7
Guairaçá,2016,1,6562,13.25,28528.35,sem rede,,89.25,0.0,89.25,10.258653608676008,2.583997552432231,8
Guairaçá,2017,1,6591,13.31,44949.48,sem rede,,89.25,0.0,89.25,10.713294471423508,2.58851563240702,9
Guairaçá,2018,1,6553,13.23,34669.01,sem rede,,89.25,0.0,89.25,10.453601483324729,2.5824869781268642,10
Guairaçá,2019,3,6581,13.29,37215.77,sem rede,,89.25,0.0,89.25,10.524487875161718,2.587011872725154,11
Guairaçá,2020,1,6609,13.35,37405.96,sem rede,,89.25,0.0,89.25,10.52958532899521,2.5915163848462583,12
Guairaçá,2021,0,6635,13.4,41256.37,sem rede,,89.25,0.0,89.25,10.627560804083055,2.5952547069568657,13
Guairaçá,2022,2,6668,13.47,41716.86,sem rede,,89.25,0.0,89.25,10.638660642619746,2.6004649904222727,14
Guairaçá,2023,1,6700,13.53,60421.94,sem rede,,89.25,0.0,89.25,11.009107562998514,2.604909442182697,15
Guairaçá,2024,1,6733,13.6,60125.8,sem rede,,89.25,0.0,89.25,11.00419431293285,2.6100697927420065,16
Guairaçá,2025,0,6762,13.66,59867.94,sem rede,,89.25,0.0,89.25,10.999896415443684,2.614471854142644,17
Guairaçá,2026,1,6762,13.66,59867.94,sem rede,,89.25,0.0,89.25,10.999896415443684,2.614471854142644,18
Guamiranga,2008,9,7851,32.01,9628.07,sem rede,,45.3,0.0,45.3,9.172438069337687,3.4660483539817717,0
Guamiranga,2009,14,7918,32.28,8997.47,sem rede,,45.3,0.0,45.3,9.10469870568811,3.474447843401748,1
Guamiranga,2010,47,7938,32.36,15147.64,sem rede,,45.3,0.0,45.3,9.625600023225681,3.4769230921902907,2
Guamiranga,2011,38,7959,32.45,16202.91,sem rede,,45.3,0.0,45.3,9.692946134718635,3.479700443150099,3
Guamiranga,2012,20,8016,32.68,17987.9,sem rede,,45.3,0.0,45.3,9.797454588613416,3.486763269991802,4
Guamiranga,2013,5,8343,34.01,19386.19,sem rede,,45.3,0.0,45.3,9.872316235891763,3.526654599019104,5
Guamiranga,2014,2,8415,34.3,21345.93,sem rede,,45.3,0.0,45.3,9.96861636816562,3.535145354171894,6
Guamiranga,2015,1,8484,34.59,21786.54,sem rede,,45.3,0.0,45.3,9.989047626895385,3.5435646229490776,7
Guamiranga,2016,2,8552,34.86,22516.72,sem rede,,45.3,0.0,45.3,10.02201342333327,3.551340040091875,8
Guamiranga,2017,4,8619,35.14,30278.8,sem rede,,45.3,0.0,45.3,10.318203076647201,3.559340082758951,9
Guamiranga,2018,3,8664,35.32,27803.32,sem rede,,45.3,0.0,45.3,10.232910717008627,3.564449375735759,10
Guamiranga,2019,2,8739,35.63,26813.59,sem rede,,45.3,0.0,45.3,10.196664127524727,3.5731879796177446,11
Guamiranga,2020,1,8811,35.92,30457.5,sem rede,,45.3,0.0,45.3,10.324087548228562,3.581294243433999,12
Guamiranga,2021,1,8881,36.2,33224.3,sem rede,,45.3,0.0,45.3,10.411036814886968,3.5890591188317256,13
Guamiranga,2022,0,8574,34.95,31237.58,sem rede,,45.3,0.0,45.3,10.349377136164339,3.5539184686798193,14
Guamiranga,2023,1,8268,33.71,43186.26,sem rede,,45.3,0.0,45.3,10.67327766808625,3.5177945292459696,15
Guamiranga,2024,2,7961,32.45,44851.65,sem rede,,45.3,0.0,45.3,10.711115656107891,3.479700443150099,16
Guamiranga,2025,2,7916,32.27,45106.62,sem rede,,45.3,0.0,45.3,10.716784299641311,3.4741380060638707,17
Guamiranga,2026,3,7916,32.27,45106.62,sem rede,,45.3,0.0,45.3,10.716784299641311,3.4741380060638707,18
Guapirama,2008,7,3688,19.46,11103.85,cobertura alta,77.73,82.83,77.73,82.83,9.31504717400981,2.968361076757859,0
Guapirama,2009,1,3645,19.23,11092.18,cobertura alta,77.73,82.83,77.73,82.83,9.313995634516006,2.9564715596006885,1
Guapirama,2010,2,3762,19.85,12844.5,cobertura alta,77.73,82.83,77.73,82.83,9.460670983134357,2.9882040071331994,2
Guapirama,2011,2,3878,20.46,14411.81,cobertura alta,77.73,82.83,77.73,82.83,9.575803288322852,3.0184717605234805,3
Guapirama,2012,1,3865,20.4,17453.56,cobertura alta,77.73,82.83,77.73,82.83,9.767298918284384,3.0155349008501706,4
Guapirama,2013,0,3968,20.94,22378.02,cobertura alta,77.73,82.83,77.73,82.83,10.015834506102186,3.041661205442391,5
Guapirama,2014,1,3959,20.89,21059.36,cobertura alta,77.73,82.83,77.73,82.83,9.955100395862479,3.0392705755684744,6
Guapirama,2015,0,3950,20.84,25201.27,cobertura alta,77.73,82.83,77.73,82.83,10.134649669055035,3.0368742168851663,7
Guapirama,2016,1,3942,20.8,28329.02,cobertura alta,77.73,82.83,77.73,82.83,10.251641999921258,3.0349529867072724,8
Guapirama,2017,1,3934,20.76,25700.05,cobertura alta,77.73,82.83,77.73,82.83,10.15424821640671,3.033028058297688,9
Guapirama,2018,0,3820,20.16,26862.3,cobertura alta,77.73,82.83,77.73,82.83,10.198479095599643,3.0037004432031678,10
Guapirama,2019,3,3802,20.06,27348.24,cobertura alta,77.73,82.83,77.73,82.83,10.216407454774028,2.9987277825337895,11
Guapirama,2020,0,3784,19.97,36659.09,cobertura alta,77.73,82.83,77.73,82.83,10.509416698390572,2.994231147427724,12
Guapirama,2021,0,3767,19.88,46974.25,cobertura alta,77.73,82.83,77.73,82.83,10.75735485821488,2.989714201228428,13
Guapirama,2022,2,4109,21.68,53088.59,cobertura alta,77.73,82.83,77.73,82.83,10.879717306551079,3.0763901765714454,14
Guapirama,2023,0,4450,23.48,51442.47,cobertura alta,77.73,82.83,77.73,82.83,10.848219374866026,3.1561489949598958,15
Guapirama,2024,2,4792,25.29,47771.08,cobertura alta,77.73,82.83,77.73,82.83,10.774175714460032,3.2304090606818736,16
Guapirama,2025,2,4857,25.63,47131.77,cobertura alta,77.73,82.83,77.73,82.83,10.760702574909587,3.24376354037598,17
Guapirama,2026,0,4857,25.63,47131.77,cobertura alta,77.73,82.83,77.73,82.83,10.760702574909587,3.24376354037598,18
Guaporema,2008,8,2251,11.16,12539.76,sem rede,,93.37,0.0,93.37,9.436659675247782,2.412335956953165,0
Guaporema,2009,13,2250,11.16,13076.89,sem rede,,93.37,0.0,93.37,9.478601829155899,2.412335956953165,1
Guaporema,2010,10,2238,11.1,13475.87,sem rede,,93.37,0.0,93.37,9.508655957700453,2.4069451083182885,2
Guaporema,2011,4,2225,11.03,15818.43,sem rede,,93.37,0.0,93.37,9.668930994930387,2.400618833265411,3
Guaporema,2012,5,2223,11.02,18522.72,sem rede,,93.37,0.0,93.37,9.826753365666624,2.3997118037247684,4
Guaporema,2013,8,2289,11.35,20373.96,sem rede,,93.37,0.0,93.37,9.922012893861544,2.4292177439274116,5
Guaporema,2014,6,2290,11.35,21045.41,sem rede,,93.37,0.0,93.37,9.954437763077145,2.4292177439274116,6
Guaporema,2015,5,2290,11.35,20700.0,sem rede,,93.37,0.0,93.37,9.93788897925346,2.4292177439274116,7
Guaporema,2016,6,2291,11.36,23607.16,sem rede,,93.37,0.0,93.37,10.069305334830823,2.4300984132930052,8
Guaporema,2017,5,2292,11.36,24920.16,sem rede,,93.37,0.0,93.37,10.123432393426524,2.4300984132930052,9
Guaporema,2018,14,2246,11.14,24958.15,sem rede,,93.37,0.0,93.37,10.124955701146702,2.410542234499138,10
Guaporema,2019,9,2243,11.12,29367.81,sem rede,,93.37,0.0,93.37,10.287654455528937,2.4087452888224363,11
Guaporema,2020,6,2241,11.11,32235.16,sem rede,,93.37,0.0,93.37,10.380813061281339,2.4078456036515385,12
Guaporema,2021,6,2239,11.1,34899.06,sem rede,,93.37,0.0,93.37,10.460215173730369,2.4069451083182885,13
Guaporema,2022,6,2232,11.07,37470.88,sem rede,,93.37,0.0,93.37,10.531319376966986,2.4042387467205457,14
Guaporema,2023,8,2224,11.03,47744.15,sem rede,,93.37,0.0,93.37,10.77361182531453,2.400618833265411,15
Guaporema,2024,20,2217,10.99,47894.9,sem rede,,93.37,0.0,93.37,10.776764305914197,2.39698576841553,16
Guaporema,2025,9,2210,10.96,48046.61,sem rede,,93.37,0.0,93.37,10.77992686040072,2.3942522815198695,17
Guaporema,2026,4,2210,10.96,48046.61,sem rede,,93.37,0.0,93.37,10.77992686040072,2.3942522815198695,18
Guaraci,2008,8,5163,24.34,6362.97,sem rede,,84.59,0.0,84.59,8.758250528464488,3.1921210875593813,0
Guaraci,2009,4,5183,24.44,7285.93,sem rede,,84.59,0.0,84.59,8.893700370055983,3.1962211343033946,1
Guaraci,2010,3,5171,24.38,9260.88,sem rede,,84.59,0.0,84.59,9.13355435552234,3.1937631240531252,2
Guaraci,2011,2,5159,24.32,11619.89,sem rede,,84.59,0.0,84.59,9.360473563923918,3.1912990570979662,3
Guaraci,2012,3,5181,24.43,14033.97,sem rede,,84.59,0.0,84.59,9.54923609814428,3.195811885269649,4
Guaraci,2013,4,5373,25.33,15327.19,sem rede,,84.59,0.0,84.59,9.637383654346683,3.231989464013584,5
Guaraci,2014,1,5404,25.48,16540.9,sem rede,,84.59,0.0,84.59,9.713591380640246,3.2378938307039626,6
Guaraci,2015,1,5434,25.62,18794.81,sem rede,,84.59,0.0,84.59,9.84133604687562,3.2433732964685884,7
Guaraci,2016,4,5463,25.76,19231.19,sem rede,,84.59,0.0,84.59,9.864288719143483,3.248822901236153,8
Guaraci,2017,2,5492,25.89,20290.97,sem rede,,84.59,0.0,84.59,9.917931238478532,3.2538567937634464,9
Guaraci,2018,2,5473,25.8,19423.35,sem rede,,84.59,0.0,84.59,9.874231229543122,3.250374491927572,10
Guaraci,2019,0,5502,25.94,23082.88,sem rede,,84.59,0.0,84.59,10.046846496199459,3.255786178888298,11
Guaraci,2020,1,5530,26.07,26788.97,sem rede,,84.59,0.0,84.59,10.195745514617759,3.2607852279454104,12
Guaraci,2021,2,5557,26.2,40284.87,sem rede,,84.59,0.0,84.59,10.603731243198519,3.265759410767051,13
Guaraci,2022,0,5292,24.95,31173.66,sem rede,,84.59,0.0,84.59,10.347328786464852,3.2168738221975275,14
Guaraci,2023,1,5027,23.7,38251.64,sem rede,,84.59,0.0,84.59,10.551941714152534,3.1654750481410856,15
Guaraci,2024,2,4762,22.45,40380.3,sem rede,,84.59,0.0,84.59,10.606097321259735,3.1112906141882632,16
Guaraci,2025,2,4743,22.36,40542.06,sem rede,,84.59,0.0,84.59,10.610095232725856,3.1072736482868986,17
Guaraci,2026,0,4743,22.36,40542.06,sem rede,,84.59,0.0,84.59,10.610095232725856,3.1072736482868986,18
Guaraniaçu,2008,82,16271,13.11,11075.59,cobertura baixa,42.5,59.5,42.5,59.5,9.31249886663207,2.5733752977756086,0
Guaraniaçu,2009,112,16161,13.02,10265.76,cobertura baixa,42.5,59.5,42.5,59.5,9.236569364705538,2.5664866367804233,1
Guaraniaçu,2010,106,15271,12.31,11607.1,cobertura baixa,42.5,59.5,42.5,59.5,9.359372258822162,2.510411940196362,2
Guaraniaçu,2011,66,14381,11.59,14525.21,cobertura baixa,42.5,59.5,42.5,59.5,9.583641039446924,2.4501426573516603,3
Guaraniaçu,2012,66,14187,11.43,15157.4,cobertura baixa,42.5,59.5,42.5,59.5,9.626244140530094,2.4362414778067194,4
Guaraniaçu,2013,58,14372,11.58,18098.66,cobertura baixa,42.5,59.5,42.5,59.5,9.803593181364157,2.449279472144849,5
Guaraniaçu,2014,86,14181,11.43,20385.66,cobertura baixa,42.5,59.5,42.5,59.5,9.922586991476846,2.4362414778067194,6
Guaraniaçu,2015,88,13998,11.28,22668.6,cobertura baixa,42.5,59.5,42.5,59.5,10.028735985970444,2.423031246069913,7
Guaraniaçu,2016,108,13817,11.14,25263.44,cobertura baixa,42.5,59.5,42.5,59.5,10.137113570321953,2.410542234499138,8
Guaraniaçu,2017,69,13641,10.99,24979.25,cobertura baixa,42.5,59.5,42.5,59.5,10.125800759209623,2.39698576841553,9
Guaraniaçu,2018,50,12733,10.26,27779.55,cobertura baixa,42.5,59.5,42.5,59.5,10.232055417473031,2.3282528397426234,10
Guaraniaçu,2019,40,12472,10.05,29594.69,cobertura baixa,42.5,59.5,42.5,59.5,10.29535023232761,2.307572634505085,11
Guaraniaçu,2020,32,12217,9.85,38566.18,cobertura baixa,42.5,59.5,42.5,59.5,10.560131005592208,2.2874714551839976,12
Guaraniaçu,2021,13,11969,9.65,42778.34,cobertura baixa,42.5,59.5,42.5,59.5,10.663787178704478,2.2669579153508947,13
Guaraniaçu,2022,18,12584,10.14,42587.57,cobertura baixa,42.5,59.5,42.5,59.5,10.659317705642659,2.316487998163037,14
Guaraniaçu,2023,31,13199,10.64,45778.01,cobertura baixa,42.5,59.5,42.5,59.5,10.731559123798112,2.3646204839134985,15
Guaraniaçu,2024,51,13814,11.13,43739.97,cobertura baixa,42.5,59.5,42.5,59.5,10.686017608359467,2.4096441652874536,16
Guaraniaçu,2025,30,13770,11.1,43879.74,cobertura baixa,42.5,59.5,42.5,59.5,10.689207989120929,2.4069451083182885,17
Guaraniaçu,2026,21,13770,11.1,43879.74,cobertura baixa,42.5,59.5,42.5,59.5,10.689207989120929,2.4069451083182885,18
Guarapuava,2008,563,171230,53.94,12444.66,cobertura alta,93.75,95.02,93.75,95.02,9.429046894219569,3.987872317711584,0
Guarapuava,2009,370,172728,54.41,12990.98,cobertura alta,93.75,95.02,93.75,95.02,9.472010549467182,3.996547960497834,1
Guarapuava,2010,438,170538,53.72,14704.01,cobertura alta,93.75,95.02,93.75,95.02,9.595875524682288,3.9837853716550367,2
Guarapuava,2011,220,168349,53.03,17304.99,cobertura alta,93.75,95.02,93.75,95.02,9.758750178201609,3.970857791149039,3
Guarapuava,2012,250,169252,53.32,20323.98,cobertura alta,93.75,95.02,93.75,95.02,9.919556748654882,3.976311495310508,4
Guarapuava,2013,167,175779,55.37,23550.66,cobertura alta,93.75,95.02,93.75,95.02,10.066909124529564,4.014037930834876,5
Guarapuava,2014,174,176973,55.75,25024.31,cobertura alta,93.75,95.02,93.75,95.02,10.127603031375722,4.020877410340228,6
Guarapuava,2015,158,178126,56.11,26817.67,cobertura alta,93.75,95.02,93.75,95.02,10.196816277595708,4.0273140497628805,7
Guarapuava,2016,161,179256,56.47,29229.97,cobertura alta,93.75,95.02,93.75,95.02,10.282949831761966,4.033709523684745,8
Guarapuava,2017,135,180364,56.82,31093.54,cobertura alta,93.75,95.02,93.75,95.02,10.344755359549353,4.039888376426042,9
Guarapuava,2018,122,180334,56.81,33913.28,cobertura alta,93.75,95.02,93.75,95.02,10.431561957071278,4.039712366569035,10
Guarapuava,2019,126,181504,57.18,33642.77,cobertura alta,93.75,95.02,93.75,95.02,10.423553453146395,4.046204186894165,11
Guarapuava,2020,81,182644,57.54,41171.47,cobertura alta,93.75,95.02,93.75,95.02,10.625500819737402,4.052480358123402,12
Guarapuava,2021,56,183755,57.89,45217.95,cobertura alta,93.75,95.02,93.75,95.02,10.719249410881304,4.058544658090914,13
Guarapuava,2022,81,185407,58.41,50584.85,cobertura alta,93.75,95.02,93.75,95.02,10.831407403329674,4.067487108052218,14
Guarapuava,2023,57,187058,58.93,52732.91,cobertura alta,93.75,95.02,93.75,95.02,10.872995017802463,4.076350298849822,15
Guarapuava,2024,77,188710,59.45,52271.28,cobertura alta,93.75,95.02,93.75,95.02,10.864202359641304,4.085135623136791,16
Guarapuava,2025,77,189630,59.74,52017.68,cobertura alta,93.75,95.02,93.75,95.02,10.859338939776663,4.090001812787964,17
Guarapuava,2026,24,189630,59.74,52017.68,cobertura alta,93.75,95.02,93.75,95.02,10.859338939776663,4.090001812787964,18
Guaraqueçaba,2008,5,7890,3.91,4486.57,cobertura baixa,37.04,36.82,37.04,36.82,8.40884376897904,1.3635373739972745,0
Guaraqueçaba,2009,2,7843,3.89,4784.78,cobertura baixa,37.04,36.82,37.04,36.82,8.473195325818585,1.358409157630355,1
Guaraqueçaba,2010,3,7841,3.89,7466.14,cobertura baixa,37.04,36.82,37.04,36.82,8.918133410972976,1.358409157630355,2
Guaraqueçaba,2011,6,7839,3.89,6815.54,cobertura baixa,37.04,36.82,37.04,36.82,8.826960577968805,1.358409157630355,3
Guaraqueçaba,2012,12,7809,3.87,7943.78,cobertura baixa,37.04,36.82,37.04,36.82,8.980144511484527,1.3532545070416904,4
Guaraqueçaba,2013,17,8012,3.97,8634.05,cobertura baixa,37.04,36.82,37.04,36.82,9.06346896715726,1.3787660946990992,5
Guaraqueçaba,2014,6,7988,3.96,9000.0,cobertura baixa,37.04,36.82,37.04,36.82,9.104979856318357,1.3762440252663892,6
Guaraqueçaba,2015,5,7966,3.95,9864.55,cobertura baixa,37.04,36.82,37.04,36.82,9.1967028016028,1.3737155789130306,7
Guaraqueçaba,2016,9,7944,3.94,13065.08,cobertura baixa,37.04,36.82,37.04,36.82,9.47769830116597,1.3711807233098425,8
Guaraqueçaba,2017,6,7923,3.93,13494.51,cobertura baixa,37.04,36.82,37.04,36.82,9.51003821504854,1.3686394258811698,9
Guaraqueçaba,2018,10,7679,3.81,14551.63,cobertura baixa,37.04,36.82,37.04,36.82,9.585458293816437,1.3376291891386096,10
Guaraqueçaba,2019,2,7636,3.79,13830.67,cobertura baixa,37.04,36.82,37.04,36.82,9.534643868893895,1.332366019094335,11
Guaraqueçaba,2020,1,7594,3.77,14951.01,cobertura baixa,37.04,36.82,37.04,36.82,9.612534135065285,1.3270750014599193,12
Guaraqueçaba,2021,0,7554,3.75,15640.98,cobertura baixa,37.04,36.82,37.04,36.82,9.657649671982803,1.3217558399823195,13
Guaraqueçaba,2022,4,7527,3.73,17153.71,cobertura baixa,37.04,36.82,37.04,36.82,9.749969755729488,1.3164082336557241,14
Guaraqueçaba,2023,2,7501,3.72,19474.87,cobertura baixa,37.04,36.82,37.04,36.82,9.876880195492022,1.3137236682850553,15
Guaraqueçaba,2024,1,7474,3.71,19545.22,cobertura baixa,37.04,36.82,37.04,36.82,9.880486034239429,1.3110318766193438,16
Guaraqueçaba,2025,10,7446,3.69,19618.72,cobertura baixa,37.04,36.82,37.04,36.82,9.884239491439684,1.3056264580524357,17
Guaraqueçaba,2026,2,7446,3.69,19618.72,cobertura baixa,37.04,36.82,37.04,36.82,9.884239491439684,1.3056264580524357,18
Guaratuba,2008,160,32315,24.31,8449.11,cobertura alta,92.21,92.23,92.21,92.23,9.041816389360319,3.1908877883280318,0
Guaratuba,2009,93,32806,24.68,9680.42,cobertura alta,92.21,92.23,92.21,92.23,9.177860567759124,3.205993199037187,1
Guaratuba,2010,120,32636,24.55,10454.22,cobertura alta,92.21,92.23,92.21,92.23,9.254761003627673,3.2007118542405295,2
Guaratuba,2011,61,32467,24.42,11390.24,cobertura alta,92.21,92.23,92.21,92.23,9.340512127334248,3.1954024686825586,3
Guaratuba,2012,93,32826,24.69,13132.0,cobertura alta,92.21,92.23,92.21,92.23,9.482807278621483,3.206398303357088,4
Guaratuba,2013,60,34338,25.83,14909.49,cobertura alta,92.21,92.23,92.21,92.23,9.609753201942384,3.251536607107749,5
Guaratuba,2014,61,34767,26.15,16276.38,cobertura alta,92.21,92.23,92.21,92.23,9.697470256108806,3.263849190510932,6
Guaratuba,2015,55,35182,26.46,17985.82,cobertura alta,92.21,92.23,92.21,92.23,9.79733894864055,3.2756341586868096,7
Guaratuba,2016,39,35588,26.77,21088.48,cobertura alta,92.21,92.23,92.21,92.23,9.956482198803432,3.2872818575322613,8
Guaratuba,2017,36,35986,27.07,21195.21,cobertura alta,92.21,92.23,92.21,92.23,9.961530491734823,3.29842610362621,9
Guaratuba,2018,53,36595,27.53,21789.15,cobertura alta,92.21,92.23,92.21,92.23,9.98916741845821,3.315276319154516,10
Guaratuba,2019,31,37067,27.88,23592.9,cobertura alta,92.21,92.23,92.21,92.23,10.068701098292399,3.327909585892323,11
Guaratuba,2020,9,37527,28.23,23478.35,cobertura alta,92.21,92.23,92.21,92.23,10.063833998900398,3.340385242265398,12
Guaratuba,2021,4,37974,28.56,25863.09,cobertura alta,92.21,92.23,92.21,92.23,10.160572134746705,3.3520071374713836,13
Guaratuba,2022,33,40090,30.15,26578.92,cobertura alta,92.21,92.23,92.21,92.23,10.187873699387556,3.4061849231731944,14
Guaratuba,2023,22,42207,31.75,28927.64,cobertura alta,92.21,92.23,92.21,92.23,10.272552818424202,3.457892725338701,15
Guaratuba,2024,19,44323,33.34,27546.62,cobertura alta,92.21,92.23,92.21,92.23,10.223635121029107,3.506757877322648,16
Guaratuba,2025,12,44913,33.78,27184.76,cobertura alta,92.21,92.23,92.21,92.23,10.210411801143037,3.519868911379654,17
Guaratuba,2026,10,44913,33.78,27184.76,cobertura alta,92.21,92.23,92.21,92.23,10.210411801143037,3.519868911379654,18
Guaíra,2008,346,29594,52.4,12648.37,cobertura alta,76.03,89.45,76.03,89.45,9.445283632098368,3.9589065913269965,0
Guaíra,2009,249,29664,52.52,11221.75,cobertura alta,76.03,89.45,76.03,89.45,9.3256091383939,3.9611940494345954,1
Guaíra,2010,270,30262,53.58,12930.37,cobertura alta,76.03,89.45,76.03,89.45,9.467334086979067,3.9811758641164627,2
Guaíra,2011,144,30861,54.64,15942.74,cobertura alta,76.03,89.45,76.03,89.45,9.67675883217679,4.0007662152625345,3
Guaíra,2012,69,31013,54.91,17351.92,cobertura alta,76.03,89.45,76.03,89.45,9.761458442076535,4.005695481290781,4
Guaíra,2013,108,32190,56.99,21678.1,cobertura alta,76.03,89.45,76.03,89.45,9.984057813336731,4.0428758138469085,5
Guaíra,2014,98,32394,57.35,23024.88,cobertura alta,76.03,89.45,76.03,89.45,10.044330649383543,4.04917284357538,6
Guaíra,2015,68,32591,57.7,23770.0,cobertura alta,76.03,89.45,76.03,89.45,10.07617956035424,4.055257173514054,7
Guaíra,2016,19,32784,58.05,27376.31,cobertura alta,76.03,89.45,76.03,89.45,10.21743331985512,4.061304708143901,8
Guaíra,2017,32,32974,58.38,26597.05,cobertura alta,76.03,89.45,76.03,89.45,10.188555586364041,4.0669733654259685,9
Guaíra,2018,15,32923,58.29,28448.8,cobertura alta,76.03,89.45,76.03,89.45,10.255861259403044,4.0654305520574585,10
Guaíra,2019,20,33119,58.64,29146.11,cobertura alta,76.03,89.45,76.03,89.45,10.280076735189313,4.071417057578396,11
Guaíra,2020,3,33310,58.98,33855.06,cobertura alta,76.03,89.45,76.03,89.45,10.429843750182243,4.07719840338713,12
Guaíra,2021,5,33497,59.31,34030.93,cobertura alta,76.03,89.45,76.03,89.45,10.435025095949031,4.082777925850635,13
Guaíra,2022,4,33320,58.99,34984.0,cobertura alta,76.03,89.45,76.03,89.45,10.462646093092756,4.077367938014984,14
Guaíra,2023,3,33143,58.68,43413.27,cobertura alta,76.03,89.45,76.03,89.45,10.678520433721985,4.072098953274781,15
Guaíra,2024,9,32966,58.37,43646.36,cobertura alta,76.03,89.45,76.03,89.45,10.683875167183457,4.0668020592157,16
Guaíra,2025,12,33058,58.53,43524.9,cobertura alta,76.03,89.45,76.03,89.45,10.681088467103596,4.069539443303129,17
Guaíra,2026,5,33058,58.53,43524.9,cobertura alta,76.03,89.45,76.03,89.45,10.681088467103596,4.069539443303129,18
Honório Serpa,2008,17,6251,12.42,14801.63,sem rede,,53.26,0.0,53.26,9.602492588822912,2.519308076505333,0
Honório Serpa,2009,23,6180,12.28,15831.72,sem rede,,53.26,0.0,53.26,9.669770801426159,2.5079719227189963,1
Honório Serpa,2010,26,6032,11.99,14989.89,sem rede,,53.26,0.0,53.26,9.615131252844234,2.4840729690394228,2
Honório Serpa,2011,26,5883,11.69,18452.15,sem rede,,53.26,0.0,53.26,9.822936173844756,2.458733775483977,3
Honório Serpa,2012,19,5813,11.55,17995.87,sem rede,,53.26,0.0,53.26,9.797897566107453,2.446685436967803,4
Honório Serpa,2013,4,5902,11.73,25334.12,sem rede,,53.26,0.0,53.26,10.139907382749815,2.462149662665384,5
Honório Serpa,2014,0,5834,11.59,26319.51,sem rede,,53.26,0.0,53.26,10.178065768244679,2.4501426573516603,6
Honório Serpa,2015,1,5769,11.46,28286.18,sem rede,,53.26,0.0,53.26,10.250128625132282,2.4388627112865935,7
Honório Serpa,2016,1,5705,11.34,31448.73,sem rede,,53.26,0.0,53.26,10.3561138797552,2.428336298299606,8
Honório Serpa,2017,0,5643,11.21,33591.53,sem rede,,53.26,0.0,53.26,10.422029230839618,2.4168062370840686,9
Honório Serpa,2018,4,5305,10.54,40411.12,sem rede,,53.26,0.0,53.26,10.606860273600343,2.355177543113216,10
Honório Serpa,2019,0,5211,10.36,37679.72,sem rede,,53.26,0.0,53.26,10.536877297664812,2.337952236831337,11
Honório Serpa,2020,0,5119,10.17,46359.45,sem rede,,53.26,0.0,53.26,10.744180433707731,2.3194422100604686,12
Honório Serpa,2021,2,5030,10.0,59353.08,sem rede,,53.26,0.0,53.26,10.99125929422625,2.302585092994046,13
Honório Serpa,2022,2,4977,9.89,56839.46,sem rede,,53.26,0.0,53.26,10.947986081814044,2.2915241456346207,14
Honório Serpa,2023,1,4925,9.79,78481.42,sem rede,,53.26,0.0,53.26,11.27061718785741,2.281361456542419,15
Honório Serpa,2024,0,4872,9.68,79335.18,sem rede,,53.26,0.0,53.26,11.281436941025515,2.2700619012884857,16
Honório Serpa,2025,0,4803,9.54,80474.91,sem rede,,53.26,0.0,53.26,11.295700737806644,2.255493485460195,17
Honório Serpa,2026,0,4803,9.54,80474.91,sem rede,,53.26,0.0,53.26,11.295700737806644,2.255493485460195,18
Ibaiti,2008,143,29185,32.42,9748.06,cobertura baixa,45.91,84.44,45.91,84.44,9.184823569834894,3.4787755163075302,0
Ibaiti,2009,99,29441,32.7,9317.18,cobertura baixa,45.91,84.44,45.91,84.44,9.139615286787258,3.487375077903208,1
Ibaiti,2010,122,29184,32.42,10826.1,cobertura baixa,45.91,84.44,45.91,84.44,9.289715164336247,3.4787755163075302,2
Ibaiti,2011,124,28928,32.14,14316.51,cobertura baixa,45.91,84.44,45.91,84.44,9.569168695727491,3.4701013603093664,3
Ibaiti,2012,123,29099,32.33,13775.52,cobertura baixa,45.91,84.44,45.91,84.44,9.5306483828549,3.4759955917373415,4
Ibaiti,2013,48,30242,33.59,15387.94,cobertura baixa,45.91,84.44,45.91,84.44,9.641339364722395,3.5142284036242013,5
Ibaiti,2014,48,30464,33.84,16372.51,cobertura baixa,45.91,84.44,45.91,84.44,9.703358987872294,3.521643534738023,6
Ibaiti,2015,100,30678,34.08,18388.98,cobertura baixa,45.91,84.44,45.91,84.44,9.819506851133541,3.528710701961115,7
Ibaiti,2016,77,30888,34.31,18936.42,cobertura baixa,45.91,84.44,45.91,84.44,9.8488423309225,3.5354368568703585,8
Ibaiti,2017,84,31095,34.54,20883.36,cobertura baixa,45.91,84.44,45.91,84.44,9.946707948590644,3.5421180727185324,9
Ibaiti,2018,82,31142,34.59,21790.86,cobertura baixa,45.91,84.44,45.91,84.44,9.989245894805547,3.5435646229490776,10
Ibaiti,2019,34,31364,34.84,22216.27,cobertura baixa,45.91,84.44,45.91,84.44,10.008580182315736,3.5507661519843023,11
Ibaiti,2020,6,31644,35.15,24402.04,cobertura baixa,45.91,84.44,45.91,84.44,10.102422014343837,3.5596246182566738,12
Ibaiti,2021,4,31854,35.39,27576.88,cobertura baixa,45.91,84.44,45.91,84.44,10.224733019494899,3.566429294357372,13
Ibaiti,2022,2,31049,34.49,31895.78,cobertura baixa,45.91,84.44,45.91,84.44,10.370228991620799,3.5406694269487495,14
Ibaiti,2023,0,30245,33.6,40881.37,cobertura baixa,45.91,84.44,45.91,84.44,10.618429737036204,3.5145260669691587,15
Ibaiti,2024,10,29440,32.7,41999.22,cobertura baixa,45.91,84.44,45.91,84.44,10.645406325664483,3.487375077903208,16
Ibaiti,2025,12,29464,32.73,41965.01,cobertura baixa,45.91,84.44,45.91,84.44,10.644591454810715,3.4882920885130893,17
Ibaiti,2026,6,29464,32.73,41965.01,cobertura baixa,45.91,84.44,45.91,84.44,10.644591454810715,3.4882920885130893,18
Ibema,2008,26,6124,42.0,10978.94,sem rede,,86.52,0.0,86.52,9.303734171241205,3.7376696182833684,0
Ibema,2009,57,6144,42.14,11104.49,sem rede,,86.52,0.0,86.52,9.315104810015038,3.740997408376043,1
Ibema,2010,38,6112,41.92,11440.61,sem rede,,86.52,0.0,86.52,9.34492458519056,3.735763040012787,2
Ibema,2011,17,6081,41.71,12302.42,sem rede,,86.52,0.0,86.52,9.417551269975645,3.730740908208854,3
Ibema,2012,26,6096,41.81,13692.42,sem rede,,86.52,0.0,86.52,9.524597674026237,3.733135545368474,4
Ibema,2013,18,6306,43.25,17901.05,sem rede,,86.52,0.0,86.52,9.792614649326339,3.7669972333778885,5
Ibema,2014,7,6329,43.41,18471.48,sem rede,,86.52,0.0,86.52,9.823983199923497,3.770689829311502,6
Ibema,2015,19,6352,43.57,19949.46,sem rede,,86.52,0.0,86.52,9.9009573542825,3.774368840129351,7
Ibema,2016,18,6374,43.72,21629.28,sem rede,,86.52,0.0,86.52,9.981803231291828,3.777805663308338,8
Ibema,2017,6,6396,43.87,21028.61,sem rede,,86.52,0.0,86.52,9.953639170459049,3.7812307151781224,9
Ibema,2018,4,6334,43.44,26149.04,sem rede,,86.52,0.0,86.52,10.171567757538122,3.77138067562568,10
Ibema,2019,9,6352,43.57,23210.01,sem rede,,86.52,0.0,86.52,10.052338930117163,3.774368840129351,11
Ibema,2020,3,6370,43.69,26453.69,sem rede,,86.52,0.0,86.52,10.183150936062654,3.7771192429633444,12
Ibema,2021,4,6387,43.81,28548.77,sem rede,,86.52,0.0,86.52,10.259369131844354,3.779862101825807,13
Ibema,2022,11,6367,43.67,31168.68,sem rede,,86.52,0.0,86.52,10.347169023452729,3.7766613674974696,14
Ibema,2023,5,6347,43.53,32785.73,sem rede,,86.52,0.0,86.52,10.39774863873014,3.773450355564206,15
Ibema,2024,7,6327,43.4,32889.36,sem rede,,86.52,0.0,86.52,10.400904480191711,3.770459441106359,16
Ibema,2025,7,6343,43.5,32806.4,sem rede,,86.52,0.0,86.52,10.398378897289643,3.7727609380946383,17
Ibema,2026,6,6343,43.5,32806.4,sem rede,,86.52,0.0,86.52,10.398378897289643,3.7727609380946383,18
Ibiporã,2008,60,47052,157.63,18613.0,cobertura alta,98.13,100.0,98.13,100.0,9.831615540298333,5.060250514638451,0
Ibiporã,2009,97,47514,159.18,24090.9,cobertura alta,98.13,100.0,98.13,100.0,10.089589454811428,5.070035637377703,1
Ibiporã,2010,304,48088,161.1,24162.91,cobertura alta,98.13,100.0,98.13,100.0,10.09257409181546,5.082025290182929,2
Ibiporã,2011,263,48662,163.02,26015.02,cobertura alta,98.13,100.0,98.13,100.0,10.166429342511346,5.093872892666312,3
Ibiporã,2012,255,49111,164.53,31773.78,cobertura alta,98.13,100.0,98.13,100.0,10.366396700355955,5.103092924398559,4
Ibiporã,2013,103,51255,171.71,38784.51,cobertura alta,98.13,100.0,98.13,100.0,10.565776219095005,5.145807007325711,5
Ibiporã,2014,77,51802,173.54,41973.82,cobertura alta,98.13,100.0,98.13,100.0,10.64480136957918,5.156408120365343,6
Ibiporã,2015,58,52330,175.31,49758.67,cobertura alta,98.13,100.0,98.13,100.0,10.814939998760034,5.166555835365783,7
Ibiporã,2016,90,52848,177.05,43874.21,cobertura alta,98.13,100.0,98.13,100.0,10.689081954908056,5.176432178557913,8
Ibiporã,2017,53,53356,178.75,45700.46,cobertura alta,98.13,100.0,98.13,100.0,10.729863642477152,5.185988181574117,9
Ibiporã,2018,40,53970,180.8,45235.83,cobertura alta,98.13,100.0,98.13,100.0,10.71964475091536,5.1973914479580765,10
Ibiporã,2019,29,54558,182.77,50722.0,cobertura alta,98.13,100.0,98.13,100.0,10.834115020510335,5.208228531766351,11
Ibiporã,2020,13,55131,184.69,48234.71,cobertura alta,98.13,100.0,98.13,100.0,10.783834165354799,5.21867874388782,12
Ibiporã,2021,5,55688,186.56,59499.25,cobertura alta,98.13,100.0,98.13,100.0,10.99371898641226,5.228752903162127,13
Ibiporã,2022,21,54810,183.62,82224.83,cobertura alta,98.13,100.0,98.13,100.0,11.317212603557401,5.212868404715554,14
Ibiporã,2023,14,53932,180.68,74869.37,cobertura alta,98.13,100.0,98.13,100.0,11.223500140604047,5.1967275107864035,15
Ibiporã,2024,29,53054,177.74,76108.4,cobertura alta,98.13,100.0,98.13,100.0,11.239913918835764,5.180321808310329,16
Ibiporã,2025,41,53276,178.48,75791.26,cobertura alta,98.13,100.0,98.13,100.0,11.235738261552433,5.184476550124277,17
Ibiporã,2026,29,53276,178.48,75791.26,cobertura alta,98.13,100.0,98.13,100.0,11.235738261552433,5.184476550124277,18
Icaraíma,2008,57,9374,13.85,8093.77,cobertura baixa,9.43,83.29,9.43,83.29,8.998849908921366,2.6282852326333477,0
Icaraíma,2009,31,9296,13.74,9143.61,cobertura baixa,9.43,83.29,9.43,83.29,9.120810553646436,2.620311286794203,1
Icaraíma,2010,30,9022,13.33,10621.7,cobertura baixa,9.43,83.29,9.43,83.29,9.270654357314807,2.5900171341906173,2
Icaraíma,2011,20,8747,12.93,12795.59,cobertura baixa,9.43,83.29,9.43,83.29,9.456855859293182,2.559550192783766,3
Icaraíma,2012,26,8657,12.79,16162.07,cobertura baixa,9.43,83.29,9.43,83.29,9.69042241793115,2.548663615590751,4
Icaraíma,2013,16,8809,13.02,17819.73,cobertura baixa,9.43,83.29,9.43,83.29,9.788061549394863,2.5664866367804233,5
Icaraíma,2014,14,8723,12.89,19599.68,cobertura baixa,9.43,83.29,9.43,83.29,9.883268518554717,2.556451816951096,6
Icaraíma,2015,10,8641,12.77,20612.2,cobertura baixa,9.43,83.29,9.43,83.29,9.933638412486621,2.547098670044448,7
Icaraíma,2016,4,8561,12.65,23480.2,cobertura baixa,9.43,83.29,9.43,83.29,10.063912791793319,2.5376572151735295,8
Icaraíma,2017,3,8482,12.53,26405.56,cobertura baixa,9.43,83.29,9.43,83.29,10.18132987302067,2.528125768907977,9
Icaraíma,2018,5,8025,11.86,29010.22,cobertura baixa,9.43,83.29,9.43,83.29,10.27540346067856,2.4731713935695794,10
Icaraíma,2019,6,7904,11.68,28165.87,cobertura baixa,9.43,83.29,9.43,83.29,10.245866240253486,2.457877977400081,11
Icaraíma,2020,4,7786,11.51,33167.09,cobertura baixa,9.43,83.29,9.43,83.29,10.409313398216213,2.4432162227337915,12
Icaraíma,2021,1,7671,11.34,32531.61,cobertura baixa,9.43,83.29,9.43,83.29,10.38996751101857,2.428336298299606,13
Icaraíma,2022,3,8160,12.06,34093.75,cobertura baixa,9.43,83.29,9.43,83.29,10.436869362015482,2.4898941912990393,14
Icaraíma,2023,5,8650,12.78,38046.94,cobertura baixa,9.43,83.29,9.43,83.29,10.546575939556588,2.5478814489493886,15
Icaraíma,2024,4,9139,13.51,36011.16,cobertura baixa,9.43,83.29,9.43,83.29,10.491584169398175,2.6034301519721073,16
Icaraíma,2025,2,9149,13.52,35971.8,cobertura baixa,9.43,83.29,9.43,83.29,10.490490577139044,2.604170070614818,17
Icaraíma,2026,4,9149,13.52,35971.8,cobertura baixa,9.43,83.29,9.43,83.29,10.490490577139044,2.604170070614818,18
Iguaraçu,2008,8,3882,23.47,14989.95,sem rede,,82.43,0.0,82.43,9.615135255534042,3.1557230098629323,0
Iguaraçu,2009,2,3907,23.62,12507.55,sem rede,,82.43,0.0,82.43,9.434087740955809,3.1620938107692163,1
Iguaraçu,2010,6,3960,23.94,21004.04,sem rede,,82.43,0.0,82.43,9.952470079155098,3.1755507001298273,2
Iguaraçu,2011,1,4012,24.26,21592.97,sem rede,,82.43,0.0,82.43,9.98012307773473,3.1888289035159043,3
Iguaraçu,2012,7,4040,24.43,28230.94,sem rede,,82.43,0.0,82.43,10.248173818603197,3.195811885269649,4
Iguaraçu,2013,19,4205,25.42,29239.95,sem rede,,82.43,0.0,82.43,10.283291203875933,3.2355362657613083,5
Iguaraçu,2014,14,4241,25.64,26763.26,sem rede,,82.43,0.0,82.43,10.19478533043961,3.2441536320524693,6
Iguaraçu,2015,2,4275,25.85,31792.75,sem rede,,82.43,0.0,82.43,10.366993555353801,3.2523106009544382,7
Iguaraçu,2016,2,4309,26.05,31201.44,sem rede,,82.43,0.0,82.43,10.34821952657867,3.260017768199376,8
Iguaraçu,2017,2,4343,26.26,32387.98,sem rede,,82.43,0.0,82.43,10.385542645293155,3.26804686887465,9
Iguaraçu,2018,6,4366,26.4,33960.6,sem rede,,82.43,0.0,82.43,10.432956308113733,3.2733640101522705,10
Iguaraçu,2019,3,4404,26.63,36955.04,sem rede,,82.43,0.0,82.43,10.517457317615913,3.282038399825841,11
Iguaraçu,2020,3,4440,26.84,41150.23,sem rede,,82.43,0.0,82.43,10.624984795397008,3.289893312103481,12
Iguaraçu,2021,2,4475,27.06,47487.15,sem rede,,82.43,0.0,82.43,10.768214427108099,3.2980566227426418,13
Iguaraçu,2022,1,4850,29.32,48333.2,sem rede,,82.43,0.0,82.43,10.785873974110107,3.3782698770184507,14
Iguaraçu,2023,2,5224,31.58,51140.51,sem rede,,82.43,0.0,82.43,10.842332221419621,3.452524008827496,15
Iguaraçu,2024,6,5599,33.85,47715.31,sem rede,,82.43,0.0,82.43,10.773007589738977,3.521938999358284,16
Iguaraçu,2025,0,5693,34.42,46927.45,sem rede,,82.43,0.0,82.43,10.756358071066725,3.5386377907833935,17
Iguaraçu,2026,0,5693,34.42,46927.45,sem rede,,82.43,0.0,82.43,10.756358071066725,3.5386377907833935,18
Iguatu,2008,7,2363,22.06,14912.4,sem rede,,74.33,0.0,74.33,9.60994836059995,3.0937660138253564,0
Iguatu,2009,4,2372,22.15,13295.11,sem rede,,74.33,0.0,74.33,9.49515157743003,3.0978374964911444,1
Iguatu,2010,9,2302,21.49,17076.89,sem rede,,74.33,0.0,74.33,9.745481366454067,3.067587710654419,2
Iguatu,2011,10,2233,20.85,19992.39,sem rede,,74.33,0.0,74.33,9.903106980127635,3.0373539482448106,3
Iguatu,2012,9,2231,20.83,22926.49,sem rede,,74.33,0.0,74.33,10.04004828956005,3.0363942552728806,4
Iguatu,2013,11,2299,21.47,27639.41,sem rede,,74.33,0.0,74.33,10.226997931778238,3.0666566118906897,5
Iguatu,2014,13,2300,21.48,27109.57,sem rede,,74.33,0.0,74.33,10.207642081061127,3.067122269640664,6
Iguatu,2015,6,2302,21.49,25340.14,sem rede,,74.33,0.0,74.33,10.140144978721747,3.067587710654419,7
Iguatu,2016,12,2303,21.5,27000.43,sem rede,,74.33,0.0,74.33,10.203608070785576,3.068052935133617,8
Iguatu,2017,16,2304,21.51,24455.73,sem rede,,74.33,0.0,74.33,10.104619823274202,3.068517943279639,9
Iguatu,2018,6,2258,21.08,27442.43,sem rede,,74.33,0.0,74.33,10.219845634770207,3.0483247236731614,10
Iguatu,2019,24,2256,21.06,27844.86,sem rede,,74.33,0.0,74.33,10.234403668178484,3.0473755067058295,11
Iguatu,2020,17,2253,21.04,40635.15,sem rede,,74.33,0.0,74.33,10.612388734579532,3.046425387869509,12
Iguatu,2021,22,2251,21.02,37314.97,sem rede,,74.33,0.0,74.33,10.52714986559893,3.045474365448805,13
Iguatu,2022,13,2221,20.74,40900.05,sem rede,,74.33,0.0,74.33,10.618886564524033,3.032064202801381,14
Iguatu,2023,5,2192,20.47,43244.07,sem rede,,74.33,0.0,74.33,10.674615393133024,3.018960399673198,15
Iguatu,2024,10,2162,20.19,43844.13,sem rede,,74.33,0.0,74.33,10.68839612338915,3.005187432324746,16
Iguatu,2025,10,2156,20.13,43966.14,sem rede,,74.33,0.0,74.33,10.691175071193753,3.0022112396517002,17
Iguatu,2026,3,2156,20.13,43966.14,sem rede,,74.33,0.0,74.33,10.691175071193753,3.0022112396517002,18
Imbaú,2008,183,11811,35.65,7027.43,cobertura baixa,50.6,78.94,50.6,78.94,8.857576341863059,3.573749146860305,0
Imbaú,2009,151,12040,36.34,6351.91,cobertura baixa,50.6,78.94,50.6,78.94,8.756510834060851,3.592919062968025,1
Imbaú,2010,185,11726,35.39,9672.52,cobertura baixa,50.6,78.94,50.6,78.94,9.177044154290288,3.566429294357372,2
Imbaú,2011,144,11413,34.45,9867.17,cobertura baixa,50.6,78.94,50.6,78.94,9.19696836385641,3.539508997459668,3
Imbaú,2012,121,11546,34.85,10121.25,cobertura baixa,50.6,78.94,50.6,78.94,9.222392453000325,3.551053137206533,4
Imbaú,2013,159,12087,36.48,10452.22,cobertura baixa,50.6,78.94,50.6,78.94,9.254569675022122,3.5967641652061304,5
Imbaú,2014,141,12246,36.96,11064.1,cobertura baixa,50.6,78.94,50.6,78.94,9.311460911626236,3.6098362467734835,6
Imbaú,2015,127,12400,37.43,14279.52,cobertura baixa,50.6,78.94,50.6,78.94,9.566581621883254,3.6224725219163374,7
Imbaú,2016,99,12550,37.88,16323.9,cobertura baixa,50.6,78.94,50.6,78.94,9.70038557055741,3.6344232683178777,8
Imbaú,2017,52,12697,38.32,16904.07,cobertura baixa,50.6,78.94,50.6,78.94,9.735309700319027,3.6459719531026598,9
Imbaú,2018,34,12936,39.05,17378.4,cobertura baixa,50.6,78.94,50.6,78.94,9.76298333474272,3.664842876285695,10
Imbaú,2019,41,13111,39.57,16560.45,cobertura baixa,50.6,78.94,50.6,78.94,9.71477260148309,3.678071255397333,11
Imbaú,2020,20,13282,40.09,17169.33,cobertura baixa,50.6,78.94,50.6,78.94,9.750879931580947,3.6911269266544156,12
Imbaú,2021,5,13449,40.59,20533.57,cobertura baixa,50.6,78.94,50.6,78.94,9.929816386761104,3.7035217308508064,13
Imbaú,2022,9,13904,41.97,21272.73,cobertura baixa,50.6,78.94,50.6,78.94,9.965181249746587,3.7369550773454994,14
Imbaú,2023,4,14360,43.34,22316.92,cobertura baixa,50.6,78.94,50.6,78.94,10.01310041414182,3.769075996108213,15
Imbaú,2024,3,14815,44.72,21631.52,cobertura baixa,50.6,78.94,50.6,78.94,9.981906789247391,3.8004208288468435,16
Imbaú,2025,9,15068,45.48,21268.32,cobertura baixa,50.6,78.94,50.6,78.94,9.964973920589653,3.8172726688823353,17
Imbaú,2026,10,15068,45.48,21268.32,cobertura baixa,50.6,78.94,50.6,78.94,9.964973920589653,3.8172726688823353,18
Imbituva,2008,121,28295,37.32,9724.54,cobertura alta,66.45,79.15,66.45,79.15,9.182407866596723,3.619529375979143,0
Imbituva,2009,94,28660,37.81,9472.71,cobertura alta,66.45,79.15,66.45,79.15,9.156170312084864,3.6325736179028416,1
Imbituva,2010,126,28710,37.87,12209.79,cobertura alta,66.45,79.15,66.45,79.15,9.409993367939647,3.634159241913703,2
Imbituva,2011,89,28759,37.94,14429.4,cobertura alta,66.45,79.15,66.45,79.15,9.577023070861863,3.636005964506868,3
Imbituva,2012,86,29053,38.32,16015.28,cobertura alta,66.45,79.15,66.45,79.15,9.681298545499539,3.6459719531026598,4
Imbituva,2013,3,30359,40.05,18282.35,cobertura alta,66.45,79.15,66.45,79.15,9.81369139254424,3.6901286735143684,5
Imbituva,2014,9,30713,40.51,20932.6,cobertura alta,66.45,79.15,66.45,79.15,9.949063031327418,3.701548857214599,6
Imbituva,2015,9,31055,40.96,22306.78,cobertura alta,66.45,79.15,66.45,79.15,10.012645947113109,3.7125959807312525,7
Imbituva,2016,7,31391,41.41,23071.1,cobertura alta,66.45,79.15,66.45,79.15,10.046336031002056,3.723522397557476,8
Imbituva,2017,7,31719,41.84,25956.18,cobertura alta,66.45,79.15,66.45,79.15,10.164165010529773,3.7338528197566676,9
Imbituva,2018,14,32179,42.45,27827.28,cobertura alta,66.45,79.15,66.45,79.15,10.233772113487598,3.7483269127573564,10
Imbituva,2019,11,32564,42.95,26662.94,cobertura alta,66.45,79.15,66.45,79.15,10.191029865221967,3.7600366484302645,11
Imbituva,2020,4,32940,43.45,31785.61,cobertura alta,66.45,79.15,66.45,79.15,10.36676895062886,3.7716108517114013,12
Imbituva,2021,0,33306,43.93,38755.48,cobertura alta,66.45,79.15,66.45,79.15,10.565027444137558,3.782597457987688,13
Imbituva,2022,0,32456,42.81,41792.52,cobertura alta,66.45,79.15,66.45,79.15,10.640472655131436,3.7567717201568547,14
Imbituva,2023,2,31607,41.69,47565.98,cobertura alta,66.45,79.15,66.45,79.15,10.769873078813152,3.7302612918927056,15
Imbituva,2024,7,30757,40.57,48880.52,cobertura alta,66.45,79.15,66.45,79.15,10.797134232086762,3.703028877218356,16
Imbituva,2025,4,30849,40.69,48734.74,cobertura alta,66.45,79.15,66.45,79.15,10.794147401782215,3.7059823620135983,17
Imbituva,2026,0,30849,40.69,48734.74,cobertura alta,66.45,79.15,66.45,79.15,10.794147401782215,3.7059823620135983,18
Inajá,2008,5,2882,14.76,8387.58,sem rede,,100.0,0.0,100.0,9.03450731923743,2.6919208191723265,0
Inajá,2009,0,2876,14.73,8786.51,sem rede,,100.0,0.0,100.0,9.080972869743853,2.689886230474539,1
Inajá,2010,0,2935,15.04,10328.45,sem rede,,100.0,0.0,100.0,9.242657502452586,2.7107133185216936,2
Inajá,2011,0,2994,15.34,11947.56,sem rede,,100.0,0.0,100.0,9.388282352410826,2.73046379593911,3
Inajá,2012,2,3000,15.37,11627.67,sem rede,,100.0,0.0,100.0,9.361142881503092,2.7324175575505043,4
Inajá,2013,3,3100,15.88,12825.16,sem rede,,100.0,0.0,100.0,9.459164145594679,2.7650604558189897,5
Inajá,2014,0,3110,15.93,12351.13,sem rede,,100.0,0.0,100.0,9.421502835846148,2.768204123921957,6
Inajá,2015,0,3119,15.98,13090.73,sem rede,,100.0,0.0,100.0,9.479659625110632,2.7713379403381286,7
Inajá,2016,1,3128,16.02,17262.47,sem rede,,100.0,0.0,100.0,9.756290059844929,2.7738379416402132,8
Inajá,2017,2,3137,16.07,18210.07,sem rede,,100.0,0.0,100.0,9.809730016756001,2.776954179749421,9
Inajá,2018,2,3103,15.9,16170.48,sem rede,,100.0,0.0,100.0,9.690942636731686,2.766319109226186,10
Inajá,2019,1,3109,15.93,18705.05,sem rede,,100.0,0.0,100.0,9.836548819860738,2.768204123921957,11
Inajá,2020,0,3116,15.96,16613.93,sem rede,,100.0,0.0,100.0,9.717996779076069,2.7700855920216627,12
Inajá,2021,0,3122,15.99,18677.77,sem rede,,100.0,0.0,100.0,9.835089325641603,2.771963526845863,13
Inajá,2022,0,2918,14.95,19075.39,sem rede,,100.0,0.0,100.0,9.856154301553085,2.7047112998366956,14
Inajá,2023,2,2714,13.9,28091.01,sem rede,,100.0,0.0,100.0,10.24320487530807,2.631888840136646,15
Inajá,2024,1,2510,12.86,30374.1,sem rede,,100.0,0.0,100.0,10.321345550574254,2.554121718809473,16
Inajá,2025,1,2481,12.71,30729.14,sem rede,,100.0,0.0,100.0,10.33296666905118,2.542389085201363,17
Inajá,2026,0,2481,12.71,30729.14,sem rede,,100.0,0.0,100.0,10.33296666905118,2.542389085201363,18
Indianópolis,2008,42,4257,34.61,19009.87,sem rede,,82.26,0.0,82.26,9.852713596953043,3.544142657647253,0
Indianópolis,2009,43,4258,34.62,23425.55,sem rede,,82.26,0.0,82.26,10.061582586019892,3.544431549748063,1
Indianópolis,2010,43,4282,34.81,27211.58,sem rede,,82.26,0.0,82.26,10.21139789697865,3.5499047018233476,2
Indianópolis,2011,35,4306,35.01,47027.17,sem rede,,82.26,0.0,82.26,10.758480798771751,3.555633734966574,3
Indianópolis,2012,34,4313,35.07,53045.44,sem rede,,82.26,0.0,82.26,10.87890418370297,3.5573460641520867,4
Indianópolis,2013,18,4456,36.23,60701.97,sem rede,,82.26,0.0,82.26,11.01373143121617,3.5898875049069856,5
Indianópolis,2014,16,4469,36.33,79507.05,sem rede,,82.26,0.0,82.26,11.283600975955935,3.5926438462331105,6
Indianópolis,2015,17,4481,36.43,86447.89,sem rede,,82.26,0.0,82.26,11.367297083641802,3.5953926110204724,7
Indianópolis,2016,18,4493,36.53,111960.16,sem rede,,82.26,0.0,82.26,11.625898372710184,3.5981338408071912,8
Indianópolis,2017,32,4504,36.62,118874.33,sem rede,,82.26,0.0,82.26,11.685822163659358,3.6005945392463645,9
Indianópolis,2018,31,4449,36.17,115711.4,sem rede,,82.26,0.0,82.26,11.658854439010739,3.5882300459640066,10
Indianópolis,2019,31,4457,36.24,118880.41,sem rede,,82.26,0.0,82.26,11.685873308801629,3.5901634811747787,11
Indianópolis,2020,15,4465,36.3,104601.34,sem rede,,82.26,0.0,82.26,11.557911641238361,3.591817741270805,12
Indianópolis,2021,16,4472,36.36,113471.38,sem rede,,82.26,0.0,82.26,11.639305925515963,3.5934692693092782,13
Indianópolis,2022,39,4492,36.52,153074.58,sem rede,,82.26,0.0,82.26,11.938680532589329,3.597860055726768,14
Indianópolis,2023,17,4511,36.67,171256.93,sem rede,,82.26,0.0,82.26,12.050920222458982,3.6019589820832345,15
Indianópolis,2024,48,4531,36.84,170500.99,sem rede,,82.26,0.0,82.26,12.046496382140464,3.6065842113871063,16
Indianópolis,2025,55,4544,36.94,170013.2,sem rede,,82.26,0.0,82.26,12.043631360076846,3.609294974771094,17
Indianópolis,2026,16,4544,36.94,170013.2,sem rede,,82.26,0.0,82.26,12.043631360076846,3.609294974771094,18
Inácio Martins,2008,13,11397,12.15,7437.66,cobertura baixa,35.19,71.98,35.19,71.98,8.914311562227535,2.4973291697865574,0
Inácio Martins,2009,0,11431,12.19,6991.78,cobertura baixa,35.19,71.98,35.19,71.98,8.85249045230946,2.5006159434931803,1
Inácio Martins,2010,5,11186,11.93,8439.92,cobertura baixa,35.19,71.98,35.19,71.98,9.040728108872095,2.4790562361098245,2
Inácio Martins,2011,9,10942,11.67,8062.97,cobertura baixa,35.19,71.98,35.19,71.98,8.995037253978609,2.4570214462984645,3
Inácio Martins,2012,6,10940,11.66,9069.2,cobertura baixa,35.19,71.98,35.19,71.98,9.112639336352487,2.4561641809223462,4
Inácio Martins,2013,5,11282,12.03,11674.17,cobertura baixa,35.19,71.98,35.19,71.98,9.365133987932849,2.4874035299865875,5
Inácio Martins,2014,0,11294,12.04,11307.15,cobertura baixa,35.19,71.98,35.19,71.98,9.333190547965584,2.488234439880675,6
Inácio Martins,2015,1,11307,12.05,12713.98,cobertura baixa,35.19,71.98,35.19,71.98,9.45045745442606,2.489064659936664,7
Inácio Martins,2016,3,11319,12.07,13980.3,cobertura baixa,35.19,71.98,35.19,71.98,9.545404474785023,2.4907230351094403,8
Inácio Martins,2017,2,11331,12.08,15557.14,cobertura baixa,35.19,71.98,35.19,71.98,9.652274976210993,2.4915511925066687,9
Inácio Martins,2018,0,11129,11.86,17186.36,cobertura baixa,35.19,71.98,35.19,71.98,9.751871324936449,2.4731713935695794,10
Inácio Martins,2019,2,11125,11.86,15538.79,cobertura baixa,35.19,71.98,35.19,71.98,9.651094757312249,2.4731713935695794,11
Inácio Martins,2020,0,11121,11.86,21152.23,cobertura baixa,35.19,71.98,35.19,71.98,9.959500616268542,2.4731713935695794,12
Inácio Martins,2021,1,11117,11.85,23901.14,cobertura baixa,35.19,71.98,35.19,71.98,10.081681435526823,2.47232786758114,13
Inácio Martins,2022,1,10622,11.32,23630.2,cobertura baixa,35.19,71.98,35.19,71.98,10.070280833962316,2.4265710727750367,14
Inácio Martins,2023,2,10128,10.8,24679.01,cobertura baixa,35.19,71.98,35.19,71.98,10.11370836376257,2.379546134130174,15
Inácio Martins,2024,5,9633,10.27,25947.16,cobertura baixa,35.19,71.98,35.19,71.98,10.163817441371766,2.329227023940467,16
Inácio Martins,2025,5,9555,10.19,26158.97,cobertura baixa,35.19,71.98,35.19,71.98,10.17194743170731,2.321406847234633,17
Inácio Martins,2026,2,9555,10.19,26158.97,cobertura baixa,35.19,71.98,35.19,71.98,10.17194743170731,2.321406847234633,18
Ipiranga,2008,38,14542,16.11,11778.5,cobertura baixa,36.7,44.78,36.7,44.78,9.374031114632661,2.779440197188883,0
Ipiranga,2009,55,14655,16.24,12315.39,cobertura baixa,36.7,44.78,36.7,44.78,9.418604978749906,2.787477334733532,1
Ipiranga,2010,29,14435,15.99,16642.81,cobertura baixa,36.7,44.78,36.7,44.78,9.719733570310542,2.771963526845863,2
Ipiranga,2011,33,14215,15.75,17043.19,cobertura baixa,36.7,44.78,36.7,44.78,9.743505989435112,2.7568403652716422,3
Ipiranga,2012,21,14278,15.82,20827.01,cobertura baixa,36.7,44.78,36.7,44.78,9.944005980984866,2.761274962339508,4
Ipiranga,2013,4,14809,16.41,24787.49,cobertura baixa,36.7,44.78,36.7,44.78,10.118094369398822,2.7978909051019993,5
Ipiranga,2014,15,14895,16.5,25680.03,cobertura baixa,36.7,44.78,36.7,44.78,10.153468926027514,2.803360380906535,6
Ipiranga,2015,21,14978,16.6,25817.47,cobertura baixa,36.7,44.78,36.7,44.78,10.158806673542367,2.8094026953624978,7
Ipiranga,2016,4,15059,16.69,26262.57,cobertura baixa,36.7,44.78,36.7,44.78,10.175900010547133,2.8148097376737438,8
Ipiranga,2017,2,15139,16.77,30938.9,cobertura baixa,36.7,44.78,36.7,44.78,10.339769570812434,2.8195915758351173,9
Ipiranga,2018,2,15092,16.72,33389.54,cobertura baixa,36.7,44.78,36.7,44.78,10.415997956262988,2.8166056076565553,10
Ipiranga,2019,2,15172,16.81,30819.6,cobertura baixa,36.7,44.78,36.7,44.78,10.33590613020455,2.821973947420524,11
Ipiranga,2020,0,15251,16.9,37323.32,cobertura baixa,36.7,44.78,36.7,44.78,10.527373611347523,2.8273136219290276,12
Ipiranga,2021,1,15327,16.98,40137.67,cobertura baixa,36.7,44.78,36.7,44.78,10.600070573829473,2.8320361808832013,13
Ipiranga,2022,0,14997,16.62,55106.42,cobertura baixa,36.7,44.78,36.7,44.78,10.917021503780107,2.810606789427302,14
Ipiranga,2023,0,14668,16.25,52911.37,cobertura baixa,36.7,44.78,36.7,44.78,10.876373528588852,2.7880929087757464,15
Ipiranga,2024,1,14338,15.89,54129.17,cobertura baixa,36.7,44.78,36.7,44.78,10.899128506216972,2.7656899805486246,16
Ipiranga,2025,0,14317,15.86,54208.56,cobertura baixa,36.7,44.78,36.7,44.78,10.900594108536879,2.7638002162067017,17
Ipiranga,2026,0,14317,15.86,54208.56,cobertura baixa,36.7,44.78,36.7,44.78,10.900594108536879,2.7638002162067017,18
Iporã,2008,59,15353,23.64,9076.01,cobertura baixa,46.29,85.52,46.29,85.52,9.11338994770609,3.1629401925378975,0
Iporã,2009,39,15227,23.45,9359.23,cobertura baixa,46.29,85.52,46.29,85.52,9.144118301130426,3.1548704948922883,1
Iporã,2010,28,15048,23.17,11492.89,cobertura baixa,46.29,85.52,46.29,85.52,9.349483862279712,3.142858338444285,2
Iporã,2011,27,14869,22.9,12998.39,cobertura baixa,46.29,85.52,46.29,85.52,9.472580782620259,3.131136910560194,3
Iporã,2012,25,14760,22.73,13863.55,cobertura baixa,46.29,85.52,46.29,85.52,9.537018372703633,3.123685637864452,4
Iporã,2013,7,15078,23.22,19021.82,cobertura baixa,46.29,85.52,46.29,85.52,9.85334202027019,3.1450139762697455,5
Iporã,2014,5,14981,23.07,19531.21,cobertura baixa,46.29,85.52,46.29,85.52,9.879768977916715,3.138533072185662,6
Iporã,2015,4,14887,22.92,22315.71,cobertura baixa,46.29,85.52,46.29,85.52,10.013046193720559,3.132009891846539,7
Iporã,2016,18,14794,22.78,24305.8,cobertura baixa,46.29,85.52,46.29,85.52,10.098470283975926,3.125882958019036,8
Iporã,2017,9,14704,22.64,30910.7,cobertura baixa,46.29,85.52,46.29,85.52,10.338857681262489,3.119718253334982,9
Iporã,2018,10,14073,21.67,26060.9,cobertura baixa,46.29,85.52,46.29,85.52,10.168191385769369,3.075928815548268,10
Iporã,2019,6,13926,21.44,25305.83,cobertura baixa,46.29,85.52,46.29,85.52,10.138790082952204,3.0652583362026014,11
Iporã,2020,6,13782,21.22,32140.76,cobertura baixa,46.29,85.52,46.29,85.52,10.377880285558287,3.054944133185837,12
Iporã,2021,15,13642,21.01,43766.46,cobertura baixa,46.29,85.52,46.29,85.52,10.686623049600966,3.044998514856909,13
Iporã,2022,3,14449,22.25,37233.58,cobertura baixa,46.29,85.52,46.29,85.52,10.52496632125533,3.1023420086122493,14
Iporã,2023,20,15255,23.49,55719.9,cobertura baixa,46.29,85.52,46.29,85.52,10.928092633204407,3.1565747986708215,15
Iporã,2024,24,16062,24.73,52920.37,cobertura baixa,46.29,85.52,46.29,85.52,10.876543609890014,3.208017081533325,16
Iporã,2025,25,16102,24.8,52788.91,cobertura baixa,46.29,85.52,46.29,85.52,10.874056409754521,3.2108436531709366,17
Iporã,2026,5,16102,24.8,52788.91,cobertura baixa,46.29,85.52,46.29,85.52,10.874056409754521,3.2108436531709366,18
Iracema do Oeste,2008,16,2604,31.83,12692.4,sem rede,,83.62,0.0,83.62,9.448758668122007,3.4604092412940015,0
Iracema do Oeste,2009,9,2567,31.38,12515.78,sem rede,,83.62,0.0,83.62,9.434745527133488,3.4461707473048864,1
Iracema do Oeste,2010,16,2558,31.27,14587.96,sem rede,,83.62,0.0,83.62,9.587951809945102,3.44265917146975,2
Iracema do Oeste,2011,11,2550,31.17,19428.63,sem rede,,83.62,0.0,83.62,9.874503030364213,3.4394560937792455,3
Iracema do Oeste,2012,10,2522,30.83,17666.14,sem rede,,83.62,0.0,83.62,9.779405092101028,3.428488241898059,4
Iracema do Oeste,2013,11,2564,31.34,26025.35,sem rede,,83.62,0.0,83.62,10.166826341999846,3.444895236927875,5
Iracema do Oeste,2014,14,2537,31.01,25286.16,sem rede,,83.62,0.0,83.62,10.138012489463941,3.4343097331123578,6
Iracema do Oeste,2015,10,2512,30.71,26135.35,sem rede,,83.62,0.0,83.62,10.17104408306041,3.424588334452731,7
Iracema do Oeste,2016,15,2487,30.4,30307.6,sem rede,,83.62,0.0,83.62,10.319153785128616,3.414442608412176,8
Iracema do Oeste,2017,18,2462,30.1,30629.16,sem rede,,83.62,0.0,83.62,10.329707775356749,3.40452517175483,9
Iracema do Oeste,2018,20,2325,28.42,35498.92,sem rede,,83.62,0.0,83.62,10.47725755246552,3.3470931226689546,10
Iracema do Oeste,2019,19,2288,27.97,33687.94,sem rede,,83.62,0.0,83.62,10.424895188790545,3.3311325072138684,11
Iracema do Oeste,2020,17,2251,27.52,40120.39,sem rede,,83.62,0.0,83.62,10.599639962866112,3.314913013065143,12
Iracema do Oeste,2021,17,2216,27.09,87710.29,sem rede,,83.62,0.0,83.62,11.381794503290434,3.2991646560970036,13
Iracema do Oeste,2022,6,2259,27.62,37495.79,sem rede,,83.62,0.0,83.62,10.531983938989463,3.318540147981146,14
Iracema do Oeste,2023,4,2301,28.13,54787.05,sem rede,,83.62,0.0,83.62,10.911209131140971,3.3368366225017656,15
Iracema do Oeste,2024,10,2344,28.66,53782.0,sem rede,,83.62,0.0,83.62,10.892694117677307,3.3555024224000256,16
Iracema do Oeste,2025,10,2328,28.46,54151.63,sem rede,,83.62,0.0,83.62,10.899543353545807,3.3484995926617063,17
Iracema do Oeste,2026,1,2328,28.46,54151.63,sem rede,,83.62,0.0,83.62,10.899543353545807,3.3484995926617063,18
Irati,2008,94,56143,56.06,11852.7,cobertura alta,82.48,83.39,82.48,83.39,9.380310968711107,4.026422545736642,0
Irati,2009,45,56483,56.4,13117.82,cobertura alta,82.48,83.39,82.48,83.39,9.481726890155636,4.032469158504013,1
Irati,2010,62,56493,56.41,13900.87,cobertura alta,82.48,83.39,82.48,83.39,9.539706707088174,4.032646447751885,2
Irati,2011,44,56503,56.42,16371.1,cobertura alta,82.48,83.39,82.48,83.39,9.703272864198034,4.0328237055738505,3
Irati,2012,64,56790,56.71,18991.39,cobertura alta,82.48,83.39,82.48,83.39,9.851740997546772,4.037950562025936,4
Irati,2013,39,58957,58.87,22372.64,cobertura alta,82.48,83.39,82.48,83.39,10.015594062719856,4.07533162304017,5
Irati,2014,43,59339,59.26,23341.48,cobertura alta,82.48,83.39,82.48,83.39,10.057987314284345,4.081934542145419,6
Irati,2015,34,59708,59.62,24825.53,cobertura alta,82.48,83.39,82.48,83.39,10.1196278381316,4.087991088249925,7
Irati,2016,37,60070,59.99,26192.96,cobertura alta,82.48,83.39,82.48,83.39,10.173245951352184,4.094177881665002,8
Irati,2017,22,60425,60.34,29581.53,cobertura alta,82.48,83.39,82.48,83.39,10.294905459065074,4.099995233730915,9
Irati,2018,27,60357,60.27,30280.48,cobertura alta,82.48,83.39,82.48,83.39,10.318258559473298,4.098834467494953,10
Irati,2019,22,60727,60.64,31333.36,cobertura alta,82.48,83.39,82.48,83.39,10.3524386236475,4.104954741334116,11
Irati,2020,18,61088,61.0,33544.69,cobertura alta,82.48,83.39,82.48,83.39,10.420633858636654,4.110873864173311,12
Irati,2021,7,61439,61.35,37211.07,cobertura alta,82.48,83.39,82.48,83.39,10.52436157663806,4.116595171156921,13
Irati,2022,16,61225,61.14,41472.72,cobertura alta,82.48,83.39,82.48,83.39,10.632791140672355,4.113166316462689,14
Irati,2023,14,61010,60.92,46158.73,cobertura alta,82.48,83.39,82.48,83.39,10.739841387805225,4.109561528026961,15
Irati,2024,27,60796,60.71,46321.21,cobertura alta,82.48,83.39,82.48,83.39,10.743355234530902,4.106108429142343,16
Irati,2025,29,61004,60.92,46163.27,cobertura alta,82.48,83.39,82.48,83.39,10.7399397392275,4.109561528026961,17
Irati,2026,18,61004,60.92,46163.27,cobertura alta,82.48,83.39,82.48,83.39,10.7399397392275,4.109561528026961,18
Iretama,2008,59,11503,20.12,7321.83,cobertura baixa,2.43,69.59,2.43,69.59,8.898615575710565,3.0017143452315387,0
Iretama,2009,69,11510,20.13,7185.23,cobertura baixa,2.43,69.59,2.43,69.59,8.879782809135087,3.0022112396517002,1
Iretama,2010,98,11039,19.31,8773.98,cobertura baixa,2.43,69.59,2.43,69.59,9.079545802261514,2.960623096440423,2
Iretama,2011,87,10568,18.49,10603.33,cobertura baixa,2.43,69.59,2.43,69.59,9.268923381708479,2.9172300453990334,3
Iretama,2012,85,10515,18.39,13563.1,cobertura baixa,2.43,69.59,2.43,69.59,9.515108148935608,2.91180703861623,4
Iretama,2013,55,10773,18.84,15804.7,cobertura baixa,2.43,69.59,2.43,69.59,9.668062643134549,2.935982269148217,5
Iretama,2014,68,10730,18.77,18952.84,cobertura baixa,2.43,69.59,2.43,69.59,9.849709067355354,2.9322598505984176,6
Iretama,2015,52,10689,18.7,19793.99,cobertura baixa,2.43,69.59,2.43,69.59,9.893133635252912,2.928523523860541,7
Iretama,2016,44,10648,18.63,21329.73,cobertura baixa,2.43,69.59,2.43,69.59,9.967857153157432,2.924773184613497,8
Iretama,2017,32,10608,18.56,22496.42,cobertura baixa,2.43,69.59,2.43,69.59,10.021111464421885,2.9210087273580543,9
Iretama,2018,44,10241,17.91,25114.64,cobertura baixa,2.43,69.59,2.43,69.59,10.131206222018102,2.8853592160726205,10
Iretama,2019,1,10169,17.79,26996.56,cobertura baixa,2.43,69.59,2.43,69.59,10.203464729462045,2.8786365016777435,11
Iretama,2020,1,10098,17.66,30058.82,cobertura baixa,2.43,69.59,2.43,69.59,10.310911407712789,2.8713021951758138,12
Iretama,2021,0,10029,17.54,35313.89,cobertura baixa,2.43,69.59,2.43,69.59,10.47203164994596,2.864483986944037,13
Iretama,2022,2,10300,18.02,35281.75,cobertura baixa,2.43,69.59,2.43,69.59,10.471121112065134,2.8914822521801917,14
Iretama,2023,1,10572,18.49,38737.04,cobertura baixa,2.43,69.59,2.43,69.59,10.564551527227175,2.9172300453990334,15
Iretama,2024,0,10843,18.97,37768.88,cobertura baixa,2.43,69.59,2.43,69.59,10.539240762102953,2.9428587839469227,16
Iretama,2025,2,10832,18.95,37807.24,cobertura baixa,2.43,69.59,2.43,69.59,10.540255897658843,2.9418039315284354,17
Iretama,2026,1,10832,18.95,37807.24,cobertura baixa,2.43,69.59,2.43,69.59,10.540255897658843,2.9418039315284354,18
Itaguajé,2008,39,4610,23.67,6955.75,sem rede,,83.25,0.0,83.25,8.847323934632795,3.1642084235258925,0
Itaguajé,2009,57,4589,23.56,8862.5,sem rede,,83.25,0.0,83.25,9.089584170840382,3.159550358783386,1
Itaguajé,2010,26,4571,23.47,9723.04,sem rede,,83.25,0.0,83.25,9.182253605757793,3.1557230098629323,2
Itaguajé,2011,5,4553,23.37,11210.63,sem rede,,83.25,0.0,83.25,9.324617714308642,3.1514531485507664,3
Itaguajé,2012,8,4538,23.3,12856.32,sem rede,,83.25,0.0,83.25,9.461590798209002,3.1484533605716547,4
Itaguajé,2013,6,4659,23.92,13786.65,sem rede,,83.25,0.0,83.25,9.531456011615985,3.1747149290824312,5
Itaguajé,2014,6,4649,23.87,14108.63,sem rede,,83.25,0.0,83.25,9.554541945873517,3.1726224403507386,6
Itaguajé,2015,5,4639,23.81,17163.61,sem rede,,83.25,0.0,83.25,9.750546723877038,3.170105660498771,7
Itaguajé,2016,5,4629,23.76,20133.51,sem rede,,83.25,0.0,83.25,9.910140870050736,3.168003494494444,8
Itaguajé,2017,10,4620,23.72,22104.11,sem rede,,83.25,0.0,83.25,10.003518843065716,3.1663185741295248,9
Itaguajé,2018,17,4487,23.03,21819.92,sem rede,,83.25,0.0,83.25,9.990578593019205,3.136797713832594,10
Itaguajé,2019,14,4466,22.93,21319.08,sem rede,,83.25,0.0,83.25,9.967357725378726,3.132446096869813,11
Itaguajé,2020,5,4446,22.82,25494.83,sem rede,,83.25,0.0,83.25,10.146230965492913,3.1276373444339294,12
Itaguajé,2021,1,4426,22.72,27514.23,sem rede,,83.25,0.0,83.25,10.22245860436668,3.1232455938529506,13
Itaguajé,2022,2,4461,22.9,28509.53,sem rede,,83.25,0.0,83.25,10.257993696327127,3.131136910560194,14
Itaguajé,2023,0,4497,23.09,36534.36,sem rede,,83.25,0.0,83.25,10.506008466622864,3.139399623366404,15
Itaguajé,2024,0,4532,23.26,36252.21,sem rede,,83.25,0.0,83.25,10.498255623941741,3.1467351470905185,16
Itaguajé,2025,2,4530,23.25,36268.21,sem rede,,83.25,0.0,83.25,10.498696878977483,3.1463051320333655,17
Itaguajé,2026,1,4530,23.25,36268.21,sem rede,,83.25,0.0,83.25,10.498696878977483,3.1463051320333655,18
Itaipulândia,2008,1,9122,27.51,12863.08,cobertura baixa,43.78,74.25,43.78,74.25,9.46211647144832,3.3145495749364833,0
Itaipulândia,2009,0,9349,28.19,10998.61,cobertura baixa,43.78,74.25,43.78,74.25,9.305524180159587,3.338967305126021,1
Itaipulândia,2010,0,9272,27.96,14623.38,cobertura baixa,43.78,74.25,43.78,74.25,9.590376896733924,3.3307749173656096,2
Itaipulândia,2011,1,9195,27.73,19158.35,cobertura baixa,43.78,74.25,43.78,74.25,9.860493930906348,3.322514859627687,3
Itaipulândia,2012,0,9357,28.22,20515.12,cobertura baixa,43.78,74.25,43.78,74.25,9.928917454237682,3.340030946424668,4
Itaipulândia,2013,0,9869,29.76,25015.4,cobertura baixa,43.78,74.25,43.78,74.25,10.127246914200217,3.393165209964891,5
Itaipulândia,2014,0,10056,30.33,27870.43,cobertura baixa,43.78,74.25,43.78,74.25,10.235321549133433,3.41213732170049,6
Itaipulândia,2015,0,10236,30.87,29386.97,cobertura baixa,43.78,74.25,43.78,74.25,10.28830665780692,3.429784838514068,7
Itaipulândia,2016,0,10413,31.4,34660.14,cobertura baixa,43.78,74.25,43.78,74.25,10.453345602499754,3.4468078929142076,8
Itaipulândia,2017,1,10587,31.93,32857.09,cobertura baixa,43.78,74.25,43.78,74.25,10.399922830153074,3.4635460067266908,9
Itaipulândia,2018,0,10961,33.05,32812.79,cobertura baixa,43.78,74.25,43.78,74.25,10.398573657390163,3.498021566297695,10
Itaipulândia,2019,1,11176,33.7,33539.55,cobertura baixa,43.78,74.25,43.78,74.25,10.420480618471451,3.517497837358316,11
Itaipulândia,2020,3,11385,34.33,39840.14,cobertura baixa,43.78,74.25,43.78,74.25,10.592630225748586,3.5360196074696004,12
Itaipulândia,2021,2,11588,34.95,45286.85,cobertura baixa,43.78,74.25,43.78,74.25,10.720771982353988,3.5539184686798193,13
Itaipulândia,2022,0,11720,35.34,43356.4,cobertura baixa,43.78,74.25,43.78,74.25,10.677209606836435,3.5650154668915506,14
Itaipulândia,2023,0,11852,35.74,47821.13,cobertura baixa,43.78,74.25,43.78,74.25,10.775222871013343,3.576270509731282,15
Itaipulândia,2024,1,11984,36.14,47294.39,cobertura baixa,43.78,74.25,43.78,74.25,10.764146962794774,3.5874002851640823,16
Itaipulândia,2025,1,12116,36.54,46779.14,cobertura baixa,43.78,74.25,43.78,74.25,10.75319265604443,3.5984075509498608,17
Itaipulândia,2026,1,12116,36.54,46779.14,cobertura baixa,43.78,74.25,43.78,74.25,10.75319265604443,3.5984075509498608,18
Itambaracá,2008,23,7130,34.31,8832.26,cobertura alta,84.9,100.0,84.9,100.0,9.086166206489372,3.5354368568703585,0
Itambaracá,2009,16,7128,34.3,9083.05,cobertura alta,84.9,100.0,84.9,100.0,9.114165318276228,3.535145354171894,1
Itambaracá,2010,49,6931,33.35,10396.34,cobertura alta,84.9,100.0,84.9,100.0,9.249209100113083,3.507057772361633,2
Itambaracá,2011,30,6734,32.41,12433.47,cobertura alta,84.9,100.0,84.9,100.0,9.42814730886049,3.4784670171534557,3
Itambaracá,2012,31,6710,32.29,15537.85,cobertura alta,84.9,100.0,84.9,100.0,9.651034261711677,3.4747575847701837,4
Itambaracá,2013,54,6887,33.14,16951.36,cobertura alta,84.9,100.0,84.9,100.0,9.738103345578063,3.500741011998417,5
Itambaracá,2014,38,6869,33.06,15013.25,cobertura alta,84.9,100.0,84.9,100.0,9.616688423508387,3.498324092392878,6
Itambaracá,2015,20,6852,32.97,17601.72,cobertura alta,84.9,100.0,84.9,100.0,9.775751903523972,3.49559805708364,7
Itambaracá,2016,20,6835,32.89,19819.17,cobertura alta,84.9,100.0,84.9,100.0,9.894404930115089,3.4931686602009657,8
Itambaracá,2017,9,6819,32.82,20029.18,cobertura alta,84.9,100.0,84.9,100.0,9.904945489229744,3.4910380856619447,9
Itambaracá,2018,26,6616,31.84,24352.93,cobertura alta,84.9,100.0,84.9,100.0,10.100407449813932,3.460723360976182,10
Itambaracá,2019,23,6582,31.67,23987.24,cobertura alta,84.9,100.0,84.9,100.0,10.085277301278579,3.4553698605505483,11
Itambaracá,2020,17,6549,31.52,31140.94,cobertura alta,84.9,100.0,84.9,100.0,10.346278631188014,3.4506222649896783,12
Itambaracá,2021,2,6516,31.36,34318.91,cobertura alta,84.9,100.0,84.9,100.0,10.443451793190782,3.445533195482207,13
Itambaracá,2022,8,6302,30.33,41521.74,cobertura alta,84.9,100.0,84.9,100.0,10.633972424476125,3.41213732170049,14
Itambaracá,2023,9,6088,29.3,45902.27,cobertura alta,84.9,100.0,84.9,100.0,10.734269850163452,3.3775875160230218,15
Itambaracá,2024,5,5874,28.27,47574.57,cobertura alta,84.9,100.0,84.9,100.0,10.770053653763021,3.341801171705499,16
Itambaracá,2025,4,5819,28.0,48024.23,cobertura alta,84.9,100.0,84.9,100.0,10.779460954192242,3.332204510175204,17
Itambaracá,2026,1,5819,28.0,48024.23,cobertura alta,84.9,100.0,84.9,100.0,10.779460954192242,3.332204510175204,18
Itambé,2008,3,6075,24.86,14067.65,cobertura alta,94.09,96.54,94.09,96.54,9.551633114126009,3.213260086082565,0
Itambé,2009,1,6082,24.89,13904.47,cobertura alta,94.09,96.54,94.09,96.54,9.53996565015595,3.2144661163795005,1
Itambé,2010,2,6032,24.68,13773.54,cobertura alta,94.09,96.54,94.09,96.54,9.530504639293165,3.205993199037187,2
Itambé,2011,0,5981,24.47,18727.8,cobertura alta,94.09,96.54,94.09,96.54,9.8377643299168,3.19744787745458,3
Itambé,2012,4,5983,24.48,19077.39,cobertura alta,94.09,96.54,94.09,96.54,9.856259143192506,3.1978564576441255,4
Itambé,2013,0,6173,25.26,22795.56,cobertura alta,94.09,96.54,94.09,96.54,10.034321059136746,3.229222116922345,5
Itambé,2014,2,6183,25.3,23362.45,cobertura alta,94.09,96.54,94.09,96.54,10.058885311579612,3.2308043957334744,6
Itambé,2015,3,6192,25.34,25122.42,cobertura alta,94.09,96.54,94.09,96.54,10.131515953521586,3.232384174892993,7
Itambé,2016,2,6201,25.37,27617.64,cobertura alta,94.09,96.54,94.09,96.54,10.226209977983151,3.2335673736111907,8
Itambé,2017,1,6210,25.41,29020.77,cobertura alta,94.09,96.54,94.09,96.54,10.275767059511399,3.2351427973320726,9
Itambé,2018,0,6107,24.99,31057.15,cobertura alta,94.09,96.54,94.09,96.54,10.343584334604706,3.218475744846861,10
Itambé,2019,1,6108,24.99,28554.52,cobertura alta,94.09,96.54,94.09,96.54,10.259570521292122,3.218475744846861,11
Itambé,2020,2,6109,25.0,40073.5,cobertura alta,94.09,96.54,94.09,96.54,10.59847054695815,3.2188758248682006,12
Itambé,2021,3,6110,25.0,37370.38,cobertura alta,94.09,96.54,94.09,96.54,10.528633691012256,3.2188758248682006,13
Itambé,2022,1,6145,25.14,30149.39,cobertura alta,94.09,96.54,94.09,96.54,10.313919969778187,3.2244602031621015,14
Itambé,2023,0,6180,25.29,44663.75,cobertura alta,94.09,96.54,94.09,96.54,10.706917489625436,3.2304090606818736,15
Itambé,2024,0,6215,25.43,44412.23,cobertura alta,94.09,96.54,94.09,96.54,10.701270160941256,3.2359295794340284,16
Itambé,2025,0,6228,25.48,44319.52,cobertura alta,94.09,96.54,94.09,96.54,10.699180491037607,3.2378938307039626,17
Itambé,2026,0,6228,25.48,44319.52,cobertura alta,94.09,96.54,94.09,96.54,10.699180491037607,3.2378938307039626,18
Itapejara d'Oeste,2008,38,11083,43.55,13550.93,sem rede,,76.75,0.0,76.75,9.514210458638942,3.7739097032985116,0
Itapejara d'Oeste,2009,12,11270,44.28,14177.02,sem rede,,76.75,0.0,76.75,9.559377622852335,3.790533107840436,1
Itapejara d'Oeste,2010,7,10954,43.04,14618.31,sem rede,,76.75,0.0,76.75,9.590030131546904,3.762129915853529,2
Itapejara d'Oeste,2011,3,10637,41.8,18961.08,sem rede,,76.75,0.0,76.75,9.850143736212054,3.7328963395307104,3
Itapejara d'Oeste,2012,4,10738,42.19,19713.08,sem rede,,76.75,0.0,76.75,9.889037653793425,3.7421832261362473,4
Itapejara d'Oeste,2013,5,11211,44.05,25851.75,sem rede,,76.75,0.0,76.75,10.16013357590434,3.7853253523821886,5
Itapejara d'Oeste,2014,1,11335,44.54,30489.99,sem rede,,76.75,0.0,76.75,10.32515371200586,3.7963876618292214,6
Itapejara d'Oeste,2015,6,11454,45.01,33339.88,sem rede,,76.75,0.0,76.75,10.414509557018164,3.806884687304841,7
Itapejara d'Oeste,2016,3,11571,45.47,41446.72,sem rede,,76.75,0.0,76.75,10.632164025948665,3.8170527678369193,8
Itapejara d'Oeste,2017,1,11685,45.91,45496.45,sem rede,,76.75,0.0,76.75,10.725389579917147,3.826682958261131,9
Itapejara d'Oeste,2018,6,11831,46.49,52016.99,sem rede,,76.75,0.0,76.75,10.859325674967922,3.8392372357024933,10
Itapejara d'Oeste,2019,3,11964,47.01,44772.07,sem rede,,76.75,0.0,76.75,10.70933978648511,3.850360345036039,11
Itapejara d'Oeste,2020,2,12094,47.52,57870.35,sem rede,,76.75,0.0,76.75,10.965960442588303,3.8611506750543896,12
Itapejara d'Oeste,2021,1,12220,48.02,61621.44,sem rede,,76.75,0.0,76.75,11.028765140913634,3.8716175907931074,13
Itapejara d'Oeste,2022,1,12402,48.73,72561.04,sem rede,,76.75,0.0,76.75,11.192183417652123,3.8862948568554145,14
Itapejara d'Oeste,2023,0,12584,49.45,77125.32,sem rede,,76.75,0.0,76.75,11.253186910307672,3.900962058068721,15
Itapejara d'Oeste,2024,0,12766,50.16,76025.77,sem rede,,76.75,0.0,76.75,11.238827640741562,3.9152178963246653,16
Itapejara d'Oeste,2025,1,12869,50.57,75417.28,sem rede,,76.75,0.0,76.75,11.230791705457678,3.9233585150918917,17
Itapejara d'Oeste,2026,0,12869,50.57,75417.28,sem rede,,76.75,0.0,76.75,11.230791705457678,3.9233585150918917,18
Itaperuçu,2008,58,23132,71.46,10275.55,cobertura baixa,41.65,73.61,41.65,73.61,9.2375225659124,4.2691378525952635,0
Itaperuçu,2009,35,23501,72.6,10687.84,cobertura baixa,41.65,73.61,41.65,73.61,9.276861925604495,4.28496492183075,1
Itaperuçu,2010,48,23868,73.73,11923.71,cobertura baixa,41.65,73.61,41.65,73.61,9.386284133804457,4.300409772001559,2
Itaperuçu,2011,15,24236,74.87,13642.47,cobertura baixa,41.65,73.61,41.65,73.61,9.520943000047524,4.315753276242594,3
Itaperuçu,2012,25,24573,75.91,16078.83,cobertura baixa,41.65,73.61,41.65,73.61,9.685258778891704,4.3295484280286765,4
Itaperuçu,2013,11,25974,80.24,15967.47,cobertura baixa,41.65,73.61,41.65,73.61,9.678308806617634,4.38502214365368,5
Itaperuçu,2014,7,26371,81.47,16408.48,cobertura baixa,41.65,73.61,41.65,73.61,9.705553553346753,4.400234854322551,6
Itaperuçu,2015,4,26755,82.65,15366.03,cobertura baixa,41.65,73.61,41.65,73.61,9.639914507788033,4.4146148242670336,7
Itaperuçu,2016,5,27131,83.82,16665.36,cobertura baixa,41.65,73.61,41.65,73.61,9.721087592668733,4.4286716424969255,8
Itaperuçu,2017,6,27500,84.96,15593.93,cobertura baixa,41.65,73.61,41.65,73.61,9.654637014953481,4.442180557493629,9
Itaperuçu,2018,9,28187,87.08,18017.35,cobertura baixa,41.65,73.61,41.65,73.61,9.79909046152459,4.466827236366346,10
Itaperuçu,2019,3,28634,88.46,18015.72,cobertura baixa,41.65,73.61,41.65,73.61,9.798999989077968,4.482550472440181,11
Itaperuçu,2020,7,29070,89.81,19876.92,cobertura baixa,41.65,73.61,41.65,73.61,9.897314538630273,4.497696327682858,12
Itaperuçu,2021,4,29493,91.11,21256.81,cobertura baixa,41.65,73.61,41.65,73.61,9.964432593601067,4.512067567725767,13
Itaperuçu,2022,7,30625,94.61,22183.22,cobertura baixa,41.65,73.61,41.65,73.61,10.007091426201452,4.549763178716353,14
Itaperuçu,2023,31,31758,98.11,25181.62,cobertura baixa,41.65,73.61,41.65,73.61,10.133869642304035,4.5860892981753,15
Itaperuçu,2024,42,32890,101.61,24314.93,cobertura baixa,41.65,73.61,41.65,73.61,10.098845843952393,4.62114195549779,16
Itaperuçu,2025,55,33310,102.9,24008.35,cobertura baixa,41.65,73.61,41.65,73.61,10.08615696548778,4.633757642840004,17
Itaperuçu,2026,26,33310,102.9,24008.35,cobertura baixa,41.65,73.61,41.65,73.61,10.08615696548778,4.633757642840004,18
Itaúna do Sul,2008,9,3701,28.65,6559.31,sem rede,,81.88,0.0,81.88,8.788640693479193,3.3551534431607486,0
Itaúna do Sul,2009,5,3621,28.03,7445.46,sem rede,,81.88,0.0,81.88,8.915359729643255,3.333275365176697,1
Itaúna do Sul,2010,11,3569,27.62,8617.54,sem rede,,81.88,0.0,81.88,9.061554940097682,3.318540147981146,2
Itaúna do Sul,2011,5,3517,27.22,11203.3,sem rede,,81.88,0.0,81.88,9.323963656741647,3.30395199722332,3
Itaúna do Sul,2012,7,3453,26.73,12503.33,sem rede,,81.88,0.0,81.88,9.433750287812213,3.2857865301508276,4
Itaúna do Sul,2013,3,3476,26.9,15318.47,sem rede,,81.88,0.0,81.88,9.6368145688556,3.292126286607793,5
Itaúna do Sul,2014,3,3411,26.4,17538.55,sem rede,,81.88,0.0,81.88,9.77215659432197,3.2733640101522705,6
Itaúna do Sul,2015,6,3349,25.92,19710.96,sem rede,,81.88,0.0,81.88,9.888930105201142,3.255014871484074,7
Itaúna do Sul,2016,10,3288,25.45,21601.58,sem rede,,81.88,0.0,81.88,9.980521739145209,3.2367157429965316,8
Itaúna do Sul,2017,2,3229,24.99,23761.23,sem rede,,81.88,0.0,81.88,10.07581053981345,3.218475744846861,9
Itaúna do Sul,2018,4,2951,22.84,25677.06,sem rede,,81.88,0.0,81.88,10.153353265268569,3.1285133847878095,10
Itaúna do Sul,2019,8,2865,22.17,26965.79,sem rede,,81.88,0.0,81.88,10.202324304579331,3.09874002362822,11
Itaúna do Sul,2020,5,2781,21.52,30393.74,sem rede,,81.88,0.0,81.88,10.32199194513703,3.0689827352935835,12
Itaúna do Sul,2021,4,2700,20.9,32500.0,sem rede,,81.88,0.0,81.88,10.388995368317829,3.039749158970765,13
Itaúna do Sul,2022,2,3007,23.27,41438.31,sem rede,,81.88,0.0,81.88,10.63196109424848,3.1471649773142003,14
Itaúna do Sul,2023,3,3313,25.64,45827.04,sem rede,,81.88,0.0,81.88,10.732629588901988,3.2441536320524693,15
Itaúna do Sul,2024,1,3620,28.02,41940.61,sem rede,,81.88,0.0,81.88,10.644009848937646,3.332918540908861,16
Itaúna do Sul,2025,6,3607,27.92,42091.77,sem rede,,81.88,0.0,81.88,10.647607513624544,3.329343277894172,17
Itaúna do Sul,2026,0,3607,27.92,42091.77,sem rede,,81.88,0.0,81.88,10.647607513624544,3.329343277894172,18
Ivaiporã,2008,30,32193,73.5,9869.26,cobertura baixa,57.11,90.63,57.11,90.63,9.197180154946066,4.297285406218791,0
Ivaiporã,2009,19,32157,73.42,10697.98,cobertura baixa,57.11,90.63,57.11,90.63,9.277810217581129,4.2961963780686885,1
Ivaiporã,2010,14,31970,72.99,11249.77,cobertura baixa,57.11,90.63,57.11,90.63,9.32810296297913,4.2903224454635405,2
Ivaiporã,2011,2,31782,72.56,12361.65,cobertura baixa,57.11,90.63,57.11,90.63,9.422354217247628,4.2844138058068815,3
Ivaiporã,2012,7,31748,72.48,14813.15,cobertura baixa,57.11,90.63,57.11,90.63,9.603270578771246,4.283310661734724,4
Ivaiporã,2013,6,32699,74.66,17366.37,cobertura baixa,57.11,90.63,57.11,90.63,9.762290856393852,4.3129444734864375,5
Ivaiporã,2014,5,32705,74.67,18362.73,cobertura baixa,57.11,90.63,57.11,90.63,9.818078345931259,4.3130784050476105,6
Ivaiporã,2015,9,32710,74.68,20207.37,cobertura baixa,57.11,90.63,57.11,90.63,9.913802668332327,4.313212318673522,7
Ivaiporã,2016,33,32715,74.69,21620.45,cobertura baixa,57.11,90.63,57.11,90.63,9.981394905037645,4.313346214368975,8
Ivaiporã,2017,42,32720,74.7,23087.16,cobertura baixa,57.11,90.63,57.11,90.63,10.047031897815408,4.3134800921387715,9
Ivaiporã,2018,44,32035,73.14,25612.92,cobertura baixa,57.11,90.63,57.11,90.63,10.150852190655751,4.292375412721235,10
Ivaiporã,2019,112,31984,73.02,26013.07,cobertura baixa,57.11,90.63,57.11,90.63,10.16635438300386,4.29073337622749,11
Ivaiporã,2020,41,31935,72.91,27068.14,cobertura baixa,57.11,90.63,57.11,90.63,10.206112669497747,4.289225803818339,12
Ivaiporã,2021,36,31886,72.8,29725.3,cobertura baixa,57.11,90.63,57.11,90.63,10.299753814022772,4.28771595520264,13
Ivaiporã,2022,11,32434,74.05,31179.93,cobertura baixa,57.11,90.63,57.11,90.63,10.347529897580383,4.304740540713808,14
Ivaiporã,2023,24,32981,75.3,34634.06,cobertura baixa,57.11,90.63,57.11,90.63,10.452592869912282,4.321480134805848,15
Ivaiporã,2024,28,33529,76.55,34068.0,cobertura baixa,57.11,90.63,57.11,90.63,10.436113806260972,4.337944122103693,16
Ivaiporã,2025,35,33566,76.63,34030.45,cobertura baixa,57.11,90.63,57.11,90.63,10.435010991033732,4.3389886449823125,17
Ivaiporã,2026,11,33566,76.63,34030.45,cobertura baixa,57.11,90.63,57.11,90.63,10.435010991033732,4.3389886449823125,18
Ivatuba,2008,29,2789,28.78,15493.73,sem rede,,84.25,0.0,84.25,9.648190704939585,3.359680701459222,0
Ivatuba,2009,3,2786,28.75,13258.08,sem rede,,84.25,0.0,84.25,9.492362456875755,3.3586377672433594,1
Ivatuba,2010,2,2906,29.99,14406.06,sem rede,,84.25,0.0,84.25,9.575404230371914,3.4008639927609177,2
Ivatuba,2011,0,3027,31.24,18222.66,sem rede,,84.25,0.0,84.25,9.81042115357178,3.441699324971485,3
Ivatuba,2012,1,3043,31.4,21154.78,sem rede,,84.25,0.0,84.25,9.959621163667336,3.4468078929142076,4
Ivatuba,2013,0,3159,32.6,25173.79,sem rede,,84.25,0.0,84.25,10.133558652876559,3.484312288372662,5
Ivatuba,2014,1,3180,32.82,24761.64,sem rede,,84.25,0.0,84.25,10.117050960469331,3.4910380856619447,6
Ivatuba,2015,0,3201,33.03,27578.26,sem rede,,84.25,0.0,84.25,10.224783060162016,3.4974162394026984,7
Ivatuba,2016,3,3220,33.23,33083.54,sem rede,,84.25,0.0,84.25,10.4067911567132,3.503453082366503,8
Ivatuba,2017,6,3240,33.44,31666.98,sem rede,,84.25,0.0,84.25,10.363029776602458,3.5097527882165007,9
Ivatuba,2018,5,3238,33.42,34523.47,sem rede,,84.25,0.0,84.25,10.449394661582271,3.509154523167248,10
Ivatuba,2019,3,3259,33.63,34706.97,sem rede,,84.25,0.0,84.25,10.45469581031768,3.515418525752178,11
Ivatuba,2020,0,3279,33.84,42790.18,sem rede,,84.25,0.0,84.25,10.66406391599234,3.521643534738023,12
Ivatuba,2021,0,3299,34.05,43526.22,sem rede,,84.25,0.0,84.25,10.681118794111452,3.527830032595521,13
Ivatuba,2022,0,3101,32.0,39671.4,sem rede,,84.25,0.0,84.25,10.588385804037662,3.4657359027997265,14
Ivatuba,2023,0,2903,29.96,57600.76,sem rede,,84.25,0.0,84.25,10.961291041041381,3.3998631586490187,15
Ivatuba,2024,0,2705,27.92,61817.01,sem rede,,84.25,0.0,84.25,11.031933848291901,3.329343277894172,16
Ivatuba,2025,0,2685,27.71,62277.47,sem rede,,84.25,0.0,84.25,11.039355002129863,3.321793358874887,17
Ivatuba,2026,0,2685,27.71,62277.47,sem rede,,84.25,0.0,84.25,11.039355002129863,3.321793358874887,18
Ivaté,2008,30,8173,19.88,10825.89,cobertura baixa,58.7,93.37,58.7,93.37,9.28969576658112,2.989714201228428,0
Ivaté,2009,35,8294,20.18,12588.74,cobertura baixa,58.7,93.37,58.7,93.37,9.440558042601996,3.004692014925463,1
Ivaté,2010,44,7927,19.28,12981.71,cobertura baixa,58.7,93.37,58.7,93.37,9.471296722721195,2.9590682891823996,2
Ivaté,2011,34,7560,18.39,17834.66,cobertura baixa,58.7,93.37,58.7,93.37,9.788899033972367,2.91180703861623,3
Ivaté,2012,23,7603,18.49,18814.42,cobertura baixa,58.7,93.37,58.7,93.37,9.84237887608415,2.9172300453990334,4
Ivaté,2013,9,7901,19.22,19381.22,cobertura baixa,58.7,93.37,58.7,93.37,9.872059834959783,2.9559514035421466,5
Ivaté,2014,12,7958,19.36,21996.98,cobertura baixa,58.7,93.37,58.7,93.37,9.998660450190417,2.963209081848431,6
Ivaté,2015,16,8013,19.49,21361.29,cobertura baixa,58.7,93.37,58.7,93.37,9.969335684508959,2.9699015135194693,7
Ivaté,2016,10,8067,19.62,24030.25,cobertura baixa,58.7,93.37,58.7,93.37,10.087068732338485,2.976549454137217,8
Ivaté,2017,3,8120,19.75,23077.71,cobertura baixa,58.7,93.37,58.7,93.37,10.04662249559541,2.9831534913471307,9
Ivaté,2018,0,8128,19.77,24077.51,cobertura baixa,58.7,93.37,58.7,93.37,10.089033488760444,2.9841656371825254,10
Ivaté,2019,5,8185,19.91,24629.57,cobertura baixa,58.7,93.37,58.7,93.37,10.1117030325781,2.991222118076105,11
Ivaté,2020,2,8240,20.04,24586.41,cobertura baixa,58.7,93.37,58.7,93.37,10.109949130245404,2.997730276216664,12
Ivaté,2021,1,8294,20.18,24587.65,cobertura baixa,58.7,93.37,58.7,93.37,10.10999956333961,3.004692014925463,13
Ivaté,2022,3,7807,18.99,26724.73,cobertura baixa,58.7,93.37,58.7,93.37,10.193344632942305,2.9439125248241944,14
Ivaté,2023,2,7320,17.81,38310.11,cobertura baixa,58.7,93.37,58.7,93.37,10.553469109003546,2.87976009730157,15
Ivaté,2024,1,6833,16.62,41040.54,cobertura baixa,58.7,93.37,58.7,93.37,10.622315637652823,2.810606789427302,16
Ivaté,2025,3,6788,16.51,41312.61,cobertura baixa,58.7,93.37,58.7,93.37,10.628923059222872,2.8039662579320366,17
Ivaté,2026,0,6788,16.51,41312.61,cobertura baixa,58.7,93.37,58.7,93.37,10.628923059222872,2.8039662579320366,18
Ivaí,2008,48,13392,21.99,10630.97,cobertura baixa,49.27,61.41,49.27,61.41,9.271526718348776,3.09058780456667,0
Ivaí,2009,69,13533,22.22,9433.09,cobertura baixa,49.27,61.41,49.27,61.41,9.151978999577517,3.100992784211484,1
Ivaí,2010,66,13210,21.69,15041.18,cobertura baixa,49.27,61.41,49.27,61.41,9.618547051873016,3.076851324838783,2
Ivaí,2011,43,12886,21.16,16123.08,cobertura baixa,49.27,61.41,49.27,61.41,9.688007064807163,3.052112606990099,3
Ivaí,2012,57,12954,21.27,17637.41,cobertura baixa,49.27,61.41,49.27,61.41,9.777777493384054,3.0572976292121457,4
Ivaí,2013,21,13451,22.08,18251.06,cobertura baixa,49.27,61.41,49.27,61.41,9.811978439515713,3.0946722214088944,5
Ivaí,2014,29,13541,22.23,16422.35,cobertura baixa,49.27,61.41,49.27,61.41,9.706398490914593,3.101442727976105,6
Ivaí,2015,22,13628,22.37,19883.03,cobertura baixa,49.27,61.41,49.27,61.41,9.897621883083579,3.107720775502038,7
Ivaí,2016,18,13714,22.52,20673.91,cobertura baixa,49.27,61.41,49.27,61.41,9.936627797824961,3.1144038032714896,8
Ivaí,2017,13,13797,22.65,27239.76,cobertura baixa,49.27,61.41,49.27,61.41,10.212432949651948,3.120159851929043,9
Ivaí,2018,10,13791,22.64,27250.24,cobertura baixa,49.27,61.41,49.27,61.41,10.212817607392056,3.119718253334982,10
Ivaí,2019,12,13879,22.79,26693.35,cobertura baixa,49.27,61.41,49.27,61.41,10.192169749696422,3.126321843257593,11
Ivaí,2020,6,13965,22.93,33566.27,cobertura baixa,49.27,61.41,49.27,61.41,10.421276972689673,3.132446096869813,12
Ivaí,2021,6,14049,23.07,35426.51,cobertura baixa,49.27,61.41,49.27,61.41,10.475215688915094,3.138533072185662,13
Ivaí,2022,10,13857,22.75,34619.33,cobertura baixa,49.27,61.41,49.27,61.41,10.45216747556777,3.1245651453969594,14
Ivaí,2023,13,13665,22.43,52036.08,cobertura baixa,49.27,61.41,49.27,61.41,10.859692603117454,3.110399348532117,15
Ivaí,2024,4,13473,22.12,52777.63,cobertura baixa,49.27,61.41,49.27,61.41,10.873842705676639,3.096482176654134,16
Ivaí,2025,2,13476,22.12,52765.88,cobertura baixa,49.27,61.41,49.27,61.41,10.873620048688094,3.096482176654134,17
Ivaí,2026,0,13476,22.12,52765.88,cobertura baixa,49.27,61.41,49.27,61.41,10.873620048688094,3.096482176654134,18
Jaboti,2008,48,5245,37.54,6411.06,cobertura baixa,19.06,73.28,19.06,73.28,8.76577990285783,3.6254070311583626,0
Jaboti,2009,23,5307,37.99,6754.85,cobertura baixa,19.06,73.28,19.06,73.28,8.818016044374247,3.6373229671995344,1
Jaboti,2010,44,5116,36.62,7699.18,cobertura baixa,19.06,73.28,19.06,73.28,8.948869108664447,3.6005945392463645,2
Jaboti,2011,20,4926,35.26,10393.22,cobertura baixa,19.06,73.28,19.06,73.28,9.24890894945829,3.562749176969724,3
Jaboti,2012,13,4950,35.43,10631.31,cobertura baixa,19.06,73.28,19.06,73.28,9.271558699867223,3.5675589188773804,4
Jaboti,2013,10,5135,36.76,12250.24,cobertura baixa,19.06,73.28,19.06,73.28,9.41330080761769,3.6044102974874863,5
Jaboti,2014,11,5166,36.98,13462.25,cobertura baixa,19.06,73.28,19.06,73.28,9.507644751190082,3.610377225958979,6
Jaboti,2015,11,5197,37.2,15076.97,cobertura baixa,19.06,73.28,19.06,73.28,9.620923692991173,3.616308761279101,7
Jaboti,2016,14,5226,37.41,16430.73,cobertura baixa,19.06,73.28,19.06,73.28,9.70690864096334,3.6219380483600547,8
Jaboti,2017,12,5255,37.62,17580.02,cobertura baixa,19.06,73.28,19.06,73.28,9.77451830889495,3.627535823872884,9
Jaboti,2018,16,5244,37.54,20628.53,cobertura baixa,19.06,73.28,19.06,73.28,9.934430348073283,3.6254070311583626,10
Jaboti,2019,14,5274,37.75,20685.25,cobertura baixa,19.06,73.28,19.06,73.28,9.937176164875172,3.6309854756950335,11
Jaboti,2020,17,5303,37.96,23427.31,cobertura baixa,19.06,73.28,19.06,73.28,10.061657714838104,3.636532973741727,12
Jaboti,2021,2,5332,38.17,30017.07,cobertura baixa,19.06,73.28,19.06,73.28,10.309521498825173,3.6420498667571386,13
Jaboti,2022,9,5413,38.75,29403.1,cobertura baixa,19.06,73.28,19.06,73.28,10.288855389945008,3.657130755799356,14
Jaboti,2023,5,5495,39.33,28494.27,cobertura baixa,19.06,73.28,19.06,73.28,10.257458293411373,3.671987586443718,15
Jaboti,2024,1,5576,39.91,28080.34,cobertura baixa,19.06,73.28,19.06,73.28,10.242824966328552,3.686626919060642,16
Jaboti,2025,0,5655,40.48,27688.06,cobertura baixa,19.06,73.28,19.06,73.28,10.228756552316588,3.70080802497921,17
Jaboti,2026,0,5655,40.48,27688.06,cobertura baixa,19.06,73.28,19.06,73.28,10.228756552316588,3.70080802497921,18
Jacarezinho,2008,81,40526,67.12,9861.25,cobertura alta,94.99,95.93,94.99,95.93,9.196368214409299,4.206482062158951,0
Jacarezinho,2009,75,40582,67.21,11629.22,cobertura alta,94.99,95.93,94.99,95.93,9.361276175335783,4.2078220459818745,1
Jacarezinho,2010,58,39832,65.97,13590.63,cobertura alta,94.99,95.93,94.99,95.93,9.517135863686603,4.1892000932347795,2
Jacarezinho,2011,29,39083,64.73,16381.06,cobertura alta,94.99,95.93,94.99,95.93,9.703881068377973,4.170224772557419,3
Jacarezinho,2012,18,39045,64.67,18234.09,cobertura alta,94.99,95.93,94.99,95.93,9.811048197966823,4.169297415458502,4
Jacarezinho,2013,19,40221,66.61,20420.65,cobertura alta,94.99,95.93,94.99,95.93,9.924301922749752,4.198854716425088,5
Jacarezinho,2014,28,40232,66.63,22143.24,cobertura alta,94.99,95.93,94.99,95.93,10.005287537019175,4.199154926574446,6
Jacarezinho,2015,19,40243,66.65,25623.11,cobertura alta,94.99,95.93,94.99,95.93,10.151249957623033,4.199455046624718,7
Jacarezinho,2016,19,40253,66.67,28449.31,cobertura alta,94.99,95.93,94.99,95.93,10.255879186184796,4.199755076629969,8
Jacarezinho,2017,14,40263,66.68,29286.86,cobertura alta,94.99,95.93,94.99,95.93,10.284894230251208,4.199905057882593,9
Jacarezinho,2018,8,39435,65.31,34442.65,cobertura alta,94.99,95.93,94.99,95.93,10.447050900993831,4.179145163914566,10
Jacarezinho,2019,5,39378,65.22,32421.1,cobertura alta,94.99,95.93,94.99,95.93,10.38656472438711,4.177766170361173,11
Jacarezinho,2020,9,39322,65.12,36389.15,cobertura alta,94.99,95.93,94.99,95.93,10.502025932268,4.176231721694285,12
Jacarezinho,2021,6,39268,65.03,40695.45,cobertura alta,94.99,95.93,94.99,95.93,10.61387157156952,4.174848701881061,13
Jacarezinho,2022,13,39979,66.21,45134.0,cobertura alta,94.99,95.93,94.99,95.93,10.717391121731856,4.192831508936755,14
Jacarezinho,2023,18,40689,67.39,48096.37,cobertura alta,94.99,95.93,94.99,95.93,10.78096198547055,4.2104966389581255,15
Jacarezinho,2024,11,41400,68.57,47270.36,cobertura alta,94.99,95.93,94.99,95.93,10.763638739582271,4.227855121296273,16
Jacarezinho,2025,9,41493,68.72,47164.41,cobertura alta,94.99,95.93,94.99,95.93,10.761394861729766,4.230040277676,17
Jacarezinho,2026,2,41493,68.72,47164.41,cobertura alta,94.99,95.93,94.99,95.93,10.761394861729766,4.230040277676,18
Jaguapitã,2008,4,12286,25.81,13295.46,cobertura alta,77.55,100.0,77.55,100.0,9.495177902552058,3.2507620137305224,0
Jaguapitã,2009,13,12414,26.07,15892.94,cobertura alta,77.55,100.0,77.55,100.0,9.67363026444273,3.2607852279454104,1
Jaguapitã,2010,11,12370,25.98,25554.49,cobertura alta,77.55,100.0,77.55,100.0,10.148568314047651,3.2573270112424533,2
Jaguapitã,2011,5,12325,25.89,28807.22,cobertura alta,77.55,100.0,77.55,100.0,10.26838132914988,3.2538567937634464,3
Jaguapitã,2012,7,12421,26.09,31276.23,cobertura alta,77.55,100.0,77.55,100.0,10.350613663098935,3.261552099148637,4
Jaguapitã,2013,3,12939,27.18,37418.58,cobertura alta,77.55,100.0,77.55,100.0,10.529922651486459,3.3024814087229974,5
Jaguapitã,2014,0,13059,27.43,45392.91,cobertura alta,77.55,100.0,77.55,100.0,10.72311120443316,3.311637304949512,6
Jaguapitã,2015,3,13174,27.67,48097.31,cobertura alta,77.55,100.0,77.55,100.0,10.780981529374058,3.3203487937988347,7
Jaguapitã,2016,3,13287,27.91,54953.49,cobertura alta,77.55,100.0,77.55,100.0,10.914242470098841,3.328985047548231,8
Jaguapitã,2017,10,13398,28.14,57829.97,cobertura alta,77.55,100.0,77.55,100.0,10.965262432390242,3.337192051686243,9
Jaguapitã,2018,14,13494,28.34,57909.74,cobertura alta,77.55,100.0,77.55,100.0,10.966640870484321,3.3442742342625342,10
Jaguapitã,2019,4,13620,28.61,59363.95,cobertura alta,77.55,100.0,77.55,100.0,10.991442418754051,3.3537563070620187,11
Jaguapitã,2020,4,13742,28.86,67492.94,cobertura alta,77.55,100.0,77.55,100.0,11.119778278797842,3.3624565533457247,12
Jaguapitã,2021,2,13861,29.11,75707.52,cobertura alta,77.55,100.0,77.55,100.0,11.234632773989718,3.371081757757532,13
Jaguapitã,2022,2,14480,30.41,88510.5,cobertura alta,77.55,100.0,77.55,100.0,11.390876468026168,3.4147715016892732,14
Jaguapitã,2023,13,15100,31.72,96190.93,cobertura alta,77.55,100.0,77.55,100.0,11.474090349464618,3.456947396766647,15
Jaguapitã,2024,4,15719,33.02,92403.02,cobertura alta,77.55,100.0,77.55,100.0,11.43391494107835,3.497113438491982,16
Jaguapitã,2025,1,15908,33.41,91305.19,cobertura alta,77.55,100.0,77.55,100.0,11.421962910531487,3.508855256368665,17
Jaguapitã,2026,0,15908,33.41,91305.19,cobertura alta,77.55,100.0,77.55,100.0,11.421962910531487,3.508855256368665,18
Jaguariaíva,2008,73,33041,22.69,20768.95,cobertura alta,80.19,96.41,80.19,96.41,9.941214361909081,3.1219242987917504,0
Jaguariaíva,2009,21,33244,22.83,20661.17,cobertura alta,80.19,96.41,80.19,96.41,9.936011372241492,3.1280754605417043,1
Jaguariaíva,2010,151,32996,22.66,21325.19,cobertura alta,80.19,96.41,80.19,96.41,9.967644282050552,3.12060125559986,2
Jaguariaíva,2011,46,32747,22.49,23060.19,cobertura alta,80.19,96.41,80.19,96.41,10.045863033164649,3.1130707659712242,3
Jaguariaíva,2012,53,32882,22.58,26426.89,cobertura alta,80.19,96.41,80.19,96.41,10.182137331359586,3.1170645587215158,4
Jaguariaíva,2013,40,34096,23.42,29041.76,cobertura alta,80.19,96.41,80.19,96.41,10.276490073162865,3.1535903581695712,5
Jaguariaíva,2014,80,34285,23.55,34707.95,cobertura alta,80.19,96.41,80.19,96.41,10.454724046322276,3.159125820462427,6
Jaguariaíva,2015,44,34468,23.67,37366.51,cobertura alta,80.19,96.41,80.19,96.41,10.52853012769825,3.1642084235258925,7
Jaguariaíva,2016,67,34647,23.8,40118.37,cobertura alta,80.19,96.41,80.19,96.41,10.599589613134874,3.169685580677429,8
Jaguariaíva,2017,43,34822,23.92,40872.47,cobertura alta,80.19,96.41,80.19,96.41,10.618212010259452,3.1747149290824312,9
Jaguariaíva,2018,24,34683,23.82,42685.38,cobertura alta,80.19,96.41,80.19,96.41,10.66161175182952,3.170525563927154,10
Jaguariaíva,2019,0,34857,23.94,42721.23,cobertura alta,80.19,96.41,80.19,96.41,10.662451265354422,3.1755507001298273,11
Jaguariaíva,2020,3,35027,24.06,40412.37,cobertura alta,80.19,96.41,80.19,96.41,10.606891205202038,3.180550710546533,12
Jaguariaíva,2021,8,35192,24.17,50831.24,cobertura alta,80.19,96.41,80.19,96.41,10.836266405185691,3.1851121947153915,13
Jaguariaíva,2022,7,35538,24.41,53748.72,cobertura alta,80.19,96.41,80.19,96.41,10.892075131752865,3.1949928844048685,14
Jaguariaíva,2023,2,35885,24.65,57476.24,cobertura alta,80.19,96.41,80.19,96.41,10.959126923996305,3.204776900488699,15
Jaguariaíva,2024,4,36231,24.88,56927.36,cobertura alta,80.19,96.41,80.19,96.41,10.949531348131428,3.2140642678709788,16
Jaguariaíva,2025,8,36384,24.99,56687.97,cobertura alta,80.19,96.41,80.19,96.41,10.945317297892581,3.218475744846861,17
Jaguariaíva,2026,4,36384,24.99,56687.97,cobertura alta,80.19,96.41,80.19,96.41,10.945317297892581,3.218475744846861,18
Jandaia do Sul,2008,167,20131,107.08,11924.84,cobertura alta,84.94,93.26,84.94,93.26,9.386378898475755,4.673576218652152,0
Jandaia do Sul,2009,107,20159,107.23,13022.17,cobertura alta,84.94,93.26,84.94,93.26,9.47440856854188,4.674976060232054,1
Jandaia do Sul,2010,114,20237,107.64,17753.37,cobertura alta,84.94,93.26,84.94,93.26,9.784330636037524,4.678792325858705,2
Jandaia do Sul,2011,104,20315,108.06,22328.87,cobertura alta,84.94,93.26,84.94,93.26,10.013635738985903,4.68268662841592,3
Jandaia do Sul,2012,170,20359,108.29,28162.29,cobertura alta,84.94,93.26,84.94,93.26,10.245739127988331,4.6848128136402885,4
Jandaia do Sul,2013,96,21057,112.01,30950.94,cobertura alta,84.94,93.26,84.94,93.26,10.340158649218578,4.718588153023648,5
Jandaia do Sul,2014,79,21131,112.4,30047.04,cobertura alta,84.94,93.26,84.94,93.26,10.310519432615823,4.722063937459591,6
Jandaia do Sul,2015,96,21203,112.78,25858.27,cobertura alta,84.94,93.26,84.94,93.26,10.160385751402803,4.725439018379036,7
Jandaia do Sul,2016,119,21273,113.15,28008.13,cobertura alta,84.94,93.26,84.94,93.26,10.24025010415472,4.728714372079547,8
Jandaia do Sul,2017,93,21341,113.52,30803.76,cobertura alta,84.94,93.26,84.94,93.26,10.33539203943284,4.731979032851787,9
Jandaia do Sul,2018,48,21122,112.35,32094.31,cobertura alta,84.94,93.26,84.94,93.26,10.376434034838972,4.721618998631338,10
Jandaia do Sul,2019,6,21176,112.64,36324.09,cobertura alta,84.94,93.26,84.94,93.26,10.500236436507343,4.724196892409732,11
Jandaia do Sul,2020,24,21230,112.93,36137.26,cobertura alta,84.94,93.26,84.94,93.26,10.49507974500196,4.726768157735579,12
Jandaia do Sul,2021,21,21281,113.2,37129.6,cobertura alta,84.94,93.26,84.94,93.26,10.522169774153227,4.729156165769083,13
Jandaia do Sul,2022,37,21471,114.21,40862.47,cobertura alta,84.94,93.26,84.94,93.26,10.617967316862726,4.738038859062516,14
Jandaia do Sul,2023,53,21661,115.22,44453.35,cobertura alta,84.94,93.26,84.94,93.26,10.70219560368151,4.746843344304237,15
Jandaia do Sul,2024,44,21851,116.23,44066.82,cobertura alta,84.94,93.26,84.94,93.26,10.693462397301959,4.755570986655616,16
Jandaia do Sul,2025,29,21930,116.65,43908.07,cobertura alta,84.94,93.26,84.94,93.26,10.689853409048443,4.759177998467439,17
Jandaia do Sul,2026,11,21930,116.65,43908.07,cobertura alta,84.94,93.26,84.94,93.26,10.689853409048443,4.759177998467439,18
Janiópolis,2008,53,7092,21.07,12655.81,sem rede,,73.49,0.0,73.49,9.44587167725252,3.0478502278160975,0
Janiópolis,2009,30,6983,20.75,12723.47,sem rede,,73.49,0.0,73.49,9.451203598433441,3.0325462466767075,1
Janiópolis,2010,51,6698,19.9,12159.45,sem rede,,73.49,0.0,73.49,9.405861924234081,2.990719731730447,2
Janiópolis,2011,33,6413,19.05,14208.17,sem rede,,73.49,0.0,73.49,9.561572430250461,2.94706710157271,3
Janiópolis,2012,47,6298,18.71,16082.72,sem rede,,73.49,0.0,73.49,9.68550068265685,2.9290581402859983,4
Janiópolis,2013,6,6341,18.84,21826.53,sem rede,,73.49,0.0,73.49,9.990881481343479,2.935982269148217,5
Janiópolis,2014,28,6226,18.5,21826.37,sem rede,,73.49,0.0,73.49,9.990874150788121,2.917770732084279,6
Janiópolis,2015,14,6114,18.16,23132.16,sem rede,,73.49,0.0,73.49,10.048979136079366,2.8992213731731473,7
Janiópolis,2016,8,6005,17.84,27810.16,sem rede,,73.49,0.0,73.49,10.233156700537602,2.8814431271518632,8
Janiópolis,2017,6,5897,17.52,24944.04,sem rede,,73.49,0.0,73.49,10.124390194888319,2.8633430855082453,9
Janiópolis,2018,13,5400,16.04,29462.59,sem rede,,73.49,0.0,73.49,10.29087660197031,2.7750856024383683,10
Janiópolis,2019,8,5245,15.58,29634.32,sem rede,,73.49,0.0,73.49,10.296688428117612,2.7459880404426023,11
Janiópolis,2020,4,5095,15.14,49129.15,sem rede,,73.49,0.0,73.49,10.802207823974967,2.717340248009303,12
Janiópolis,2021,4,4948,14.7,48895.72,sem rede,,73.49,0.0,73.49,10.797445146070006,2.6878474937846906,13
Janiópolis,2022,0,5244,15.58,39934.97,sem rede,,73.49,0.0,73.49,10.595007660130474,2.7459880404426023,14
Janiópolis,2023,0,5539,16.46,60827.77,sem rede,,73.49,0.0,73.49,11.015801707099785,2.800933195248924,15
Janiópolis,2024,0,5835,17.34,57742.07,sem rede,,73.49,0.0,73.49,10.963741302938017,2.853015971352396,16
Janiópolis,2025,1,5807,17.25,58020.49,sem rede,,73.49,0.0,73.49,10.9685515030034,2.847812143477369,17
Janiópolis,2026,1,5807,17.25,58020.49,sem rede,,73.49,0.0,73.49,10.9685515030034,2.847812143477369,18
Japira,2008,16,4810,25.54,7956.55,sem rede,,66.28,0.0,66.28,8.98175076780067,3.2402458506043934,0
Japira,2009,12,4797,25.48,8429.85,sem rede,,66.28,0.0,66.28,9.039534257243288,3.2378938307039626,1
Japira,2010,7,4850,25.76,10262.68,sem rede,,66.28,0.0,66.28,9.236269293192738,3.248822901236153,2
Japira,2011,13,4904,26.04,12737.56,sem rede,,66.28,0.0,66.28,9.452310388020377,3.2596338173403683,3
Japira,2012,13,4904,26.04,14767.54,sem rede,,66.28,0.0,66.28,9.600186807828475,3.2596338173403683,4
Japira,2013,7,5058,26.86,15378.21,sem rede,,66.28,0.0,66.28,9.640706851370911,3.2906381910950917,5
Japira,2014,4,5065,26.9,14182.82,sem rede,,66.28,0.0,66.28,9.559786651963984,3.292126286607793,6
Japira,2015,9,5071,26.93,17448.43,sem rede,,66.28,0.0,66.28,9.767004952236205,3.2932409068235073,7
Japira,2016,13,5078,26.97,19424.97,sem rede,,66.28,0.0,66.28,9.874314630833112,3.2947251371516386,8
Japira,2017,10,5084,27.0,19885.13,sem rede,,66.28,0.0,66.28,9.897727495211571,3.295836866004329,9
Japira,2018,10,4995,26.53,20254.45,sem rede,,66.28,0.0,66.28,9.916129801478933,3.2782761681496484,10
Japira,2019,15,4994,26.52,21071.69,sem rede,,66.28,0.0,66.28,9.955685712409396,3.277899165317662,11
Japira,2020,13,4930,26.18,23758.82,sem rede,,66.28,0.0,66.28,10.075709108943656,3.264995760481754,12
Japira,2021,1,4929,26.18,33154.39,sem rede,,66.28,0.0,66.28,10.408930415202105,3.264995760481754,13
Japira,2022,2,4973,26.41,36383.47,sem rede,,66.28,0.0,66.28,10.501869829601597,3.273742726309041,14
Japira,2023,9,5016,26.64,33879.59,sem rede,,66.28,0.0,66.28,10.430568047157937,3.2824138456721883,15
Japira,2024,7,5060,26.87,33584.98,sem rede,,66.28,0.0,66.28,10.421834222196843,3.2910104226273997,16
Japira,2025,5,5054,26.84,33624.85,sem rede,,66.28,0.0,66.28,10.423020655927647,3.289893312103481,17
Japira,2026,0,5054,26.84,33624.85,sem rede,,66.28,0.0,66.28,10.423020655927647,3.289893312103481,18
Japurá,2008,43,8585,51.84,8466.05,cobertura alta,72.89,93.36,72.89,93.36,9.043819327040277,3.9481620520440193,0
Japurá,2009,33,8663,52.31,8618.15,cobertura alta,72.89,93.36,72.89,93.36,9.061625723454805,3.95718755738252,1
Japurá,2010,35,8636,52.15,10508.92,cobertura alta,72.89,93.36,72.89,93.36,9.259979699314021,3.9541241814467813,2
Japurá,2011,27,8610,51.99,12206.39,cobertura alta,72.89,93.36,72.89,93.36,9.409714864093264,3.9510513923956245,3
Japurá,2012,34,8669,52.35,13878.42,cobertura alta,72.89,93.36,72.89,93.36,9.538090394728318,3.9579519373165457,4
Japurá,2013,25,9020,54.47,18889.36,cobertura alta,72.89,93.36,72.89,93.36,9.846354079561625,3.9976500913955832,5
Japurá,2014,29,9095,54.92,17100.82,cobertura alta,72.89,93.36,72.89,93.36,9.746881694557407,4.00587758089977,6
Japurá,2015,27,9167,55.36,20088.14,cobertura alta,72.89,93.36,72.89,93.36,9.907884870148061,4.0138573113094145,7
Japurá,2016,25,9238,55.79,22200.48,cobertura alta,72.89,93.36,72.89,93.36,10.007869189248249,4.021594641857437,8
Japurá,2017,23,9307,56.2,24929.62,cobertura alta,72.89,93.36,72.89,93.36,10.12381193372193,4.028916756899646,9
Japurá,2018,18,9349,56.46,26887.69,cobertura alta,72.89,93.36,72.89,93.36,10.199423840031725,4.033532422825343,10
Japurá,2019,10,9425,56.91,24991.62,cobertura alta,72.89,93.36,72.89,93.36,10.12629584765826,4.041471072615033,11
Japurá,2020,21,9500,57.37,32924.74,cobertura alta,72.89,93.36,72.89,93.36,10.401979629845298,4.04952151861378,12
Japurá,2021,16,9573,57.81,33550.4,cobertura alta,72.89,93.36,72.89,93.36,10.420804064832481,4.057161771094385,13
Japurá,2022,8,9500,57.37,38294.84,cobertura alta,72.89,93.36,72.89,93.36,10.55307044024383,4.04952151861378,14
Japurá,2023,9,9427,56.93,46876.74,cobertura alta,72.89,93.36,72.89,93.36,10.755276882583782,4.0418224429629905,15
Japurá,2024,40,9354,56.49,47242.57,cobertura alta,72.89,93.36,72.89,93.36,10.763050671879771,4.034063631337171,16
Japurá,2025,31,9393,56.72,47046.42,cobertura alta,72.89,93.36,72.89,93.36,10.758890052851854,4.038126882223872,17
Japurá,2026,16,9393,56.72,47046.42,cobertura alta,72.89,93.36,72.89,93.36,10.758890052851854,4.038126882223872,18
Jardim Alegre,2008,14,14867,35.89,6627.43,cobertura baixa,30.34,70.4,30.34,70.4,8.798972376055346,3.580458705159516,0
Jardim Alegre,2009,4,14976,36.16,6198.58,cobertura baixa,30.34,70.4,30.34,70.4,8.732075512543226,3.5879535355239756,1
Jardim Alegre,2010,24,13598,32.83,7963.6,cobertura baixa,30.34,70.4,30.34,70.4,8.982636437905642,3.4913427315135013,2
Jardim Alegre,2011,8,12221,29.51,9951.64,cobertura baixa,30.34,70.4,30.34,70.4,9.205492640691238,3.3847291889548483,3
Jardim Alegre,2012,10,12121,29.26,12198.33,cobertura baixa,30.34,70.4,30.34,70.4,9.409054336105806,3.3762213955919784,4
Jardim Alegre,2013,23,12371,29.87,14972.52,cobertura baixa,30.34,70.4,30.34,70.4,9.613971799919993,3.3968546322280186,5
Jardim Alegre,2014,13,12280,29.65,16151.79,cobertura baixa,30.34,70.4,30.34,70.4,9.689786158422269,3.3894621254437345,6
Jardim Alegre,2015,17,12191,29.43,17272.58,cobertura baixa,30.34,70.4,30.34,70.4,9.756875551992113,3.382014562245381,7
Jardim Alegre,2016,15,12104,29.22,18998.02,cobertura baixa,30.34,70.4,30.34,70.4,9.852090042191968,3.3748534063225533,8
Jardim Alegre,2017,40,12019,29.02,20884.18,cobertura baixa,30.34,70.4,30.34,70.4,9.946747213531797,3.367985247456042,9
Jardim Alegre,2018,38,11465,27.68,22021.11,cobertura baixa,30.34,70.4,30.34,70.4,9.99975681772554,3.3207101307494686,10
Jardim Alegre,2019,82,11328,27.35,23909.6,cobertura baixa,30.34,70.4,30.34,70.4,10.082035330910509,3.3087165288679903,11
Jardim Alegre,2020,55,11196,27.03,28895.94,cobertura baixa,30.34,70.4,30.34,70.4,10.271456379802595,3.2969473602883563,12
Jardim Alegre,2021,61,11067,26.72,33803.11,cobertura baixa,30.34,70.4,30.34,70.4,10.428308089072601,3.285412348668445,13
Jardim Alegre,2022,79,11421,27.57,33396.73,cobertura baixa,30.34,70.4,30.34,70.4,10.416213269980247,3.3167282250357055,14
Jardim Alegre,2023,84,11776,28.43,36043.56,cobertura baixa,30.34,70.4,30.34,70.4,10.492483485978232,3.3474449256629084,15
Jardim Alegre,2024,111,12130,29.29,34991.67,cobertura baixa,30.34,70.4,30.34,70.4,10.462865312145055,3.377246160839642,16
Jardim Alegre,2025,92,12138,29.3,34968.61,cobertura baixa,30.34,70.4,30.34,70.4,10.4622060809117,3.3775875160230218,17
Jardim Alegre,2026,16,12138,29.3,34968.61,cobertura baixa,30.34,70.4,30.34,70.4,10.4622060809117,3.3775875160230218,18
Jardim Olinda,2008,5,1498,11.63,10825.1,sem rede,,69.25,0.0,69.25,9.28962279070331,2.453587966530573,0
Jardim Olinda,2009,2,1494,11.6,15710.84,sem rede,,69.25,0.0,69.25,9.662106198948187,2.451005098112319,1
Jardim Olinda,2010,6,1448,11.24,14879.83,sem rede,,69.25,0.0,69.25,9.607761883590637,2.419478844465545,2
Jardim Olinda,2011,2,1401,10.88,18557.46,sem rede,,69.25,0.0,69.25,9.828627143526628,2.3869262414277967,3
Jardim Olinda,2012,6,1392,10.81,18285.2,sem rede,,69.25,0.0,69.25,9.813847268450926,2.3804716316511167,4
Jardim Olinda,2013,1,1424,11.06,19853.23,sem rede,,69.25,0.0,69.25,9.89612199328083,2.403334996094189,5
Jardim Olinda,2014,0,1416,10.99,19922.32,sem rede,,69.25,0.0,69.25,9.899595990220421,2.39698576841553,6
Jardim Olinda,2015,1,1409,10.94,23647.27,sem rede,,69.25,0.0,69.25,10.071002953853325,2.392425796993835,7
Jardim Olinda,2016,3,1403,10.89,25737.7,sem rede,,69.25,0.0,69.25,10.155712122068358,2.387844936944869,8
Jardim Olinda,2017,5,1396,10.84,30291.55,sem rede,,69.25,0.0,69.25,10.318624074716002,2.3832429960115,9
Jardim Olinda,2018,0,1343,10.43,31376.77,sem rede,,69.25,0.0,69.25,10.353823089185486,2.344686269012681,10
Jardim Olinda,2019,5,1331,10.33,29960.18,sem rede,,69.25,0.0,69.25,10.307624445623789,2.3350522831315472,11
Jardim Olinda,2020,0,1320,10.25,34925.76,sem rede,,69.25,0.0,69.25,10.460979944804647,2.327277705584417,12
Jardim Olinda,2021,2,1309,10.16,43578.3,sem rede,,69.25,0.0,69.25,10.682314599018154,2.318458442150336,13
Jardim Olinda,2022,2,1324,10.28,39847.43,sem rede,,69.25,0.0,69.25,10.592813190294256,2.330200260027019,14
Jardim Olinda,2023,0,1338,10.39,59027.65,sem rede,,69.25,0.0,69.25,10.98576125717632,2.340843805111136,15
Jardim Olinda,2024,0,1353,10.5,58373.24,sem rede,,69.25,0.0,69.25,10.974612844623747,2.3513752571634776,16
Jardim Olinda,2025,0,1349,10.47,58546.33,sem rede,,69.25,0.0,69.25,10.977573685592468,2.3485140248824456,17
Jardim Olinda,2026,1,1349,10.47,58546.33,sem rede,,69.25,0.0,69.25,10.977573685592468,2.3485140248824456,18
Jataizinho,2008,46,11587,72.65,7194.53,cobertura alta,92.77,96.52,92.77,96.52,8.881076294046748,4.285653390016292,0
Jataizinho,2009,45,11604,72.75,7015.77,cobertura alta,92.77,96.52,92.77,96.52,8.855915751302584,4.287028906051602,1
Jataizinho,2010,54,11761,73.74,9741.26,cobertura alta,92.77,96.52,92.77,96.52,9.184125751719543,4.300545392805998,2
Jataizinho,2011,81,11918,74.72,10839.15,cobertura alta,92.77,96.52,92.77,96.52,9.290919858635021,4.313747793920587,3
Jataizinho,2012,135,11958,74.97,11998.58,cobertura alta,92.77,96.52,92.77,96.52,9.392543588434863,4.31708803351497,4
Jataizinho,2013,93,12387,77.66,12742.79,cobertura alta,92.77,96.52,92.77,96.52,9.45272090044061,4.352340324303521,5
Jataizinho,2014,91,12447,78.04,15369.97,cobertura alta,92.77,96.52,92.77,96.52,9.640170884676476,4.357221515754911,6
Jataizinho,2015,63,12504,78.39,14915.31,cobertura alta,92.77,96.52,92.77,96.52,9.610143481178044,4.361696368200631,7
Jataizinho,2016,103,12560,78.75,15412.58,cobertura alta,92.77,96.52,92.77,96.52,9.64293933805118,4.366278277705742,8
Jataizinho,2017,133,12615,79.09,14780.1,cobertura alta,92.77,96.52,92.77,96.52,9.601036960379169,4.370586444531326,9
Jataizinho,2018,99,12536,78.6,15244.58,cobertura alta,92.77,96.52,92.77,96.52,9.631979309026448,4.364371699435161,10
Jataizinho,2019,131,12588,78.92,17944.79,cobertura alta,92.77,96.52,92.77,96.52,9.79505510108916,4.368434681154414,11
Jataizinho,2020,187,12638,79.24,19545.42,cobertura alta,92.77,96.52,92.77,96.52,9.880496266868008,4.37248122183035,12
Jataizinho,2021,60,12687,79.54,22280.76,cobertura alta,92.77,96.52,92.77,96.52,10.011478804770036,4.376260039779544,13
Jataizinho,2022,7,12448,78.04,24310.89,cobertura alta,92.77,96.52,92.77,96.52,10.098679677088398,4.357221515754911,14
Jataizinho,2023,2,12210,76.55,24690.42,cobertura alta,92.77,96.52,92.77,96.52,10.114170593130142,4.337944122103693,15
Jataizinho,2024,6,11971,75.05,25183.36,cobertura alta,92.77,96.52,92.77,96.52,10.133938737933605,4.318154558079471,16
Jataizinho,2025,8,11996,75.21,25130.88,cobertura alta,92.77,96.52,92.77,96.52,10.13185264783141,4.320284200838311,17
Jataizinho,2026,2,11996,75.21,25130.88,cobertura alta,92.77,96.52,92.77,96.52,10.13185264783141,4.320284200838311,18
Jesuítas,2008,79,8948,36.1,12131.31,sem rede,,82.69,0.0,82.69,9.403544992809262,3.586292865338835,0
Jesuítas,2009,38,8849,35.7,11362.64,sem rede,,82.69,0.0,82.69,9.338086059641952,3.5751506887855933,1
Jesuítas,2010,65,8894,35.88,14560.49,sem rede,,82.69,0.0,82.69,9.586066975030553,3.5801800371905954,2
Jesuítas,2011,68,8938,36.05,18557.95,sem rede,,82.69,0.0,82.69,9.828653547653648,3.584906863730958,3
Jesuítas,2012,69,8876,35.8,17724.88,sem rede,,82.69,0.0,82.69,9.78272458127868,3.5779478934066544,4
Jesuítas,2013,50,9072,36.6,22567.35,sem rede,,82.69,0.0,82.69,10.024259450423733,3.6000482404073204,5
Jesuítas,2014,56,9017,36.37,27286.24,sem rede,,82.69,0.0,82.69,10.214137824803554,3.5937442589988975,6
Jesuítas,2015,54,8964,36.16,29628.74,sem rede,,82.69,0.0,82.69,10.296500115194975,3.5879535355239756,7
Jesuítas,2016,40,8912,35.95,35748.43,sem rede,,82.69,0.0,82.69,10.484261631073899,3.5821290841670557,8
Jesuítas,2017,30,8861,35.74,37487.42,sem rede,,82.69,0.0,82.69,10.531760689010305,3.576270509731282,9
Jesuítas,2018,35,8495,34.27,40573.75,sem rede,,82.69,0.0,82.69,10.610876584760984,3.5342703358865175,10
Jesuítas,2019,60,8412,33.93,37909.53,sem rede,,82.69,0.0,82.69,10.542957810649302,3.5242995787961386,11
Jesuítas,2020,24,8330,33.6,47023.41,sem rede,,82.69,0.0,82.69,10.758400841795366,3.5145260669691587,12
Jesuítas,2021,18,8251,33.28,53565.87,sem rede,,82.69,0.0,82.69,10.888667390513794,3.5049566159530077,13
Jesuítas,2022,40,9121,36.79,47477.47,sem rede,,82.69,0.0,82.69,10.768010561709943,3.605226069116683,14
Jesuítas,2023,10,9990,40.3,55714.31,sem rede,,82.69,0.0,82.69,10.927992304947857,3.696351468952637,15
Jesuítas,2024,37,10860,43.81,51251.01,sem rede,,82.69,0.0,82.69,10.844490604123541,3.779862101825807,16
Jesuítas,2025,17,10954,44.19,50811.21,sem rede,,82.69,0.0,82.69,10.835872278514024,3.7884985191426486,17
Jesuítas,2026,4,10954,44.19,50811.21,sem rede,,82.69,0.0,82.69,10.835872278514024,3.7884985191426486,18
Joaquim Távora,2008,90,10662,36.79,11154.0,cobertura alta,79.26,87.74,79.26,87.74,9.3195534569495,3.605226069116683,0
Joaquim Távora,2009,33,10755,37.11,14099.58,cobertura alta,79.26,87.74,79.26,87.74,9.553900288688569,3.613886475072506,1
Joaquim Távora,2010,92,10787,37.22,18629.74,cobertura alta,79.26,87.74,79.26,87.74,9.832514507513277,3.616846251214105,2
Joaquim Távora,2011,46,10819,37.33,21223.31,cobertura alta,79.26,87.74,79.26,87.74,9.962855384923479,3.6197972929264925,3
Joaquim Távora,2012,22,10899,37.61,24253.33,cobertura alta,79.26,87.74,79.26,87.74,10.096309206525786,3.627269972482245,4
Joaquim Távora,2013,14,11347,39.15,29430.77,cobertura alta,79.26,87.74,79.26,87.74,10.28979600466371,3.667400422436812,5
Joaquim Távora,2014,10,11447,39.5,36113.92,cobertura alta,79.26,87.74,79.26,87.74,10.494433665565973,3.676300671907076,6
Joaquim Távora,2015,12,11544,39.83,40502.86,cobertura alta,79.26,87.74,79.26,87.74,10.609127867885299,3.684620397193553,7
Joaquim Távora,2016,9,11639,40.16,45139.7,cobertura alta,79.26,87.74,79.26,87.74,10.717517404359189,3.6928714753834737,8
Joaquim Távora,2017,5,11731,40.48,51850.57,cobertura alta,79.26,87.74,79.26,87.74,10.856121206847007,3.70080802497921,9
Joaquim Távora,2018,0,11803,40.73,49769.72,cobertura alta,79.26,87.74,79.26,87.74,10.815162045957731,3.706964921660321,10
Joaquim Távora,2019,2,11908,41.09,48719.01,cobertura alta,79.26,87.74,79.26,87.74,10.793824581980276,3.7157647828953184,11
Joaquim Távora,2020,1,12009,41.44,54430.43,cobertura alta,79.26,87.74,79.26,87.74,10.904678651452157,3.7242465979512276,12
Joaquim Távora,2021,3,12108,41.78,56241.91,cobertura alta,79.26,87.74,79.26,87.74,10.937417487501037,3.7324177561284198,13
Joaquim Távora,2022,2,12165,41.98,69622.69,cobertura alta,79.26,87.74,79.26,87.74,11.15084579894131,3.7371933143924867,14
Joaquim Távora,2023,14,12223,42.18,71361.04,cobertura alta,79.26,87.74,79.26,87.74,11.175507341138722,3.7419461750506287,15
Joaquim Távora,2024,27,12280,42.37,71029.8,cobertura alta,79.26,87.74,79.26,87.74,11.170854786276221,3.7464405646384678,16
Joaquim Távora,2025,10,12341,42.58,70678.71,cobertura alta,79.26,87.74,79.26,87.74,11.165899674993732,3.7513846594653333,17
Joaquim Távora,2026,1,12341,42.58,70678.71,cobertura alta,79.26,87.74,79.26,87.74,11.165899674993732,3.7513846594653333,18
Jundiaí do Sul,2008,7,3769,11.72,9899.71,cobertura baixa,23.08,76.05,23.08,76.05,9.200260742764343,2.4612967841488667,0
Jundiaí do Sul,2009,3,3777,11.74,9324.6,cobertura baixa,23.08,76.05,23.08,76.05,9.140411348149621,2.4630018143999504,1
Jundiaí do Sul,2010,2,3596,11.18,11251.67,cobertura baixa,23.08,76.05,23.08,76.05,9.328271841060225,2.414126467726953,2
Jundiaí do Sul,2011,1,3416,10.62,15158.37,cobertura baixa,23.08,76.05,23.08,76.05,9.626308133626777,2.362739015813793,3
Jundiaí do Sul,2012,3,3399,10.57,17541.92,cobertura baixa,23.08,76.05,23.08,76.05,9.772348724017517,2.3580197998821464,4
Jundiaí do Sul,2013,0,3483,10.83,19559.58,cobertura baixa,23.08,76.05,23.08,76.05,9.881220470965635,2.382320061012899,5
Jundiaí do Sul,2014,0,3469,10.78,17266.36,cobertura baixa,23.08,76.05,23.08,76.05,9.756515378803982,2.377692565480851,6
Jundiaí do Sul,2015,0,3456,10.74,25388.6,cobertura baixa,23.08,76.05,23.08,76.05,10.142055533359642,2.3739750890807185,7
Jundiaí do Sul,2016,0,3443,10.7,28462.1,cobertura baixa,23.08,76.05,23.08,76.05,10.256328656693972,2.3702437414678603,8
Jundiaí do Sul,2017,2,3430,10.66,26361.81,cobertura baixa,23.08,76.05,23.08,76.05,10.179671650902534,2.3664984187376983,9
Jundiaí do Sul,2018,3,3315,10.3,22475.72,cobertura baixa,23.08,76.05,23.08,76.05,10.020190894421798,2.33214389523559,10
Jundiaí do Sul,2019,0,3292,10.23,24448.66,cobertura baixa,23.08,76.05,23.08,76.05,10.104330687675159,2.325324579963535,11
Jundiaí do Sul,2020,0,3269,10.16,35029.06,cobertura baixa,23.08,76.05,23.08,76.05,10.463933281689327,2.318458442150336,12
Jundiaí do Sul,2021,0,3248,10.1,39427.34,cobertura baixa,23.08,76.05,23.08,76.05,10.58221476327219,2.312535423847214,13
Jundiaí do Sul,2022,1,3287,10.22,49383.94,cobertura baixa,23.08,76.05,23.08,76.05,10.807380549104582,2.3243465847755584,14
Jundiaí do Sul,2023,0,3327,10.34,47298.17,cobertura baixa,23.08,76.05,23.08,76.05,10.764226884513818,2.336019869080283,15
Jundiaí do Sul,2024,0,3366,10.46,46750.15,cobertura baixa,23.08,76.05,23.08,76.05,10.752572743267836,2.347558458636777,16
Jundiaí do Sul,2025,1,3372,10.48,46666.96,cobertura baixa,23.08,76.05,23.08,76.05,10.750791698617862,2.349468678892896,17
Jundiaí do Sul,2026,0,3372,10.48,46666.96,cobertura baixa,23.08,76.05,23.08,76.05,10.750791698617862,2.349468678892896,18
Juranda,2008,44,7858,22.13,20928.48,sem rede,,86.86,0.0,86.86,9.948866189773721,3.0969341540629585,0
Juranda,2009,36,7822,22.03,16169.01,sem rede,,86.86,0.0,86.86,9.690851726207061,3.092405160814252,1
Juranda,2010,35,7713,21.72,19010.89,sem rede,,86.86,0.0,86.86,9.852767251851065,3.0782334950657346,2
Juranda,2011,39,7604,21.41,22816.28,sem rede,,86.86,0.0,86.86,10.035229595228483,3.0638581026015914,3
Juranda,2012,38,7567,21.31,26625.35,sem rede,,86.86,0.0,86.86,10.18961904846523,3.0591764461105257,4
Juranda,2013,41,7755,21.84,32511.54,sem rede,,86.86,0.0,86.86,10.389350382216014,3.083743150876704,5
Juranda,2014,34,7726,21.76,34974.37,sem rede,,86.86,0.0,86.86,10.462370786505115,3.080073421987742,6
Juranda,2015,25,7697,21.68,37404.57,sem rede,,86.86,0.0,86.86,10.529548168451095,3.0763901765714454,7
Juranda,2016,14,7669,21.6,43630.46,sem rede,,86.86,0.0,86.86,10.683510809266293,3.0726933146901194,8
Juranda,2017,23,7650,21.54,40024.84,sem rede,,86.86,0.0,86.86,10.597255540355365,3.0699116717282426,9
Juranda,2018,6,7391,20.81,45869.71,sem rede,,86.86,0.0,86.86,10.733560265356276,3.035433640405543,10
Juranda,2019,6,7340,20.67,42705.72,sem rede,,86.86,0.0,86.86,10.662088148090598,3.028683373693677,11
Juranda,2020,6,7292,20.54,54987.79,sem rede,,86.86,0.0,86.86,10.91486643956896,3.0223742045004123,12
Juranda,2021,3,7244,20.4,60868.44,sem rede,,86.86,0.0,86.86,11.016470092771188,3.0155349008501706,13
Juranda,2022,0,7462,21.01,54542.48,sem rede,,86.86,0.0,86.86,10.906735126579584,3.044998514856909,14
Juranda,2023,1,7680,21.63,64724.87,sem rede,,86.86,0.0,86.86,11.077900796120232,3.0740812399649675,15
Juranda,2024,0,7898,22.24,62938.34,sem rede,,86.86,0.0,86.86,11.049910795945836,3.1018924693823817,16
Juranda,2025,1,7899,22.24,62930.37,sem rede,,86.86,0.0,86.86,11.0497841560524,3.1018924693823817,17
Juranda,2026,1,7899,22.24,62930.37,sem rede,,86.86,0.0,86.86,11.0497841560524,3.1018924693823817,18
Jussara,2008,16,6250,29.56,16190.4,cobertura alta,100.0,100.0,100.0,100.0,9.692173752975496,3.386422096080001,0
Jussara,2009,16,6240,29.52,17695.19,cobertura alta,100.0,100.0,100.0,100.0,9.781048130218386,3.385067999732272,1
Jussara,2010,6,6437,30.45,14100.51,cobertura alta,100.0,100.0,100.0,100.0,9.553966245924899,3.416085994155906,2
Jussara,2011,14,6634,31.38,15537.99,cobertura alta,100.0,100.0,100.0,100.0,9.651043271926687,3.4461707473048864,3
Jussara,2012,11,6657,31.49,19925.94,cobertura alta,100.0,100.0,100.0,100.0,9.899777679459046,3.4496700351129332,4
Jussara,2013,4,6897,32.63,21238.22,cobertura alta,100.0,100.0,100.0,100.0,9.963557667700986,3.4852321106052293,5
Jussara,2014,0,6931,32.79,25619.25,cobertura alta,100.0,100.0,100.0,100.0,10.151099301017549,3.4901235908565567,6
Jussara,2015,3,6963,32.94,28652.16,cobertura alta,100.0,100.0,100.0,100.0,10.262984111971159,3.494687724749494,7
Jussara,2016,8,6995,33.09,30510.51,cobertura alta,100.0,100.0,100.0,100.0,10.325826493401882,3.499231121933521,8
Jussara,2017,5,7026,33.24,30464.28,cobertura alta,100.0,100.0,100.0,100.0,10.324310128725324,3.5037539699872475,9
Jussara,2018,12,6983,33.03,32149.79,cobertura alta,100.0,100.0,100.0,100.0,10.378161197762628,3.4974162394026984,10
Jussara,2019,0,7013,33.17,31984.46,cobertura alta,100.0,100.0,100.0,100.0,10.373005438827855,3.501645852958961,11
Jussara,2020,2,7041,33.31,52726.32,cobertura alta,100.0,100.0,100.0,100.0,10.872870040595469,3.5058576522055884,12
Jussara,2021,5,7069,33.44,57311.22,cobertura alta,100.0,100.0,100.0,100.0,10.956251695052583,3.5097527882165007,13
Jussara,2022,6,6978,33.01,53963.89,cobertura alta,100.0,100.0,100.0,100.0,10.896070398160662,3.4968105458651015,14
Jussara,2023,2,6886,32.57,53799.74,cobertura alta,100.0,100.0,100.0,100.0,10.893023913424443,3.4833916192881422,15
Jussara,2024,4,6795,32.14,54520.24,cobertura alta,100.0,100.0,100.0,100.0,10.906327287855072,3.4701013603093664,16
Jussara,2025,18,6786,32.1,54592.54,cobertura alta,100.0,100.0,100.0,100.0,10.907652522361632,3.4688560301359703,17
Jussara,2026,6,6786,32.1,54592.54,cobertura alta,100.0,100.0,100.0,100.0,10.907652522361632,3.4688560301359703,18
Kaloré,2008,9,4752,24.53,10696.55,sem rede,,70.97,0.0,70.97,9.277676538551757,3.199896858270398,0
Kaloré,2009,5,4718,24.36,9319.2,sem rede,,70.97,0.0,70.97,9.139832067085568,3.192942442841696,1
Kaloré,2010,10,4592,23.71,9869.34,sem rede,,70.97,0.0,70.97,9.197188260890764,3.165896900077314,2
Kaloré,2011,2,4465,23.05,12749.38,sem rede,,70.97,0.0,70.97,9.453237921953239,3.1376657694426577,3
Kaloré,2012,0,4425,22.84,15013.11,sem rede,,70.97,0.0,70.97,9.616679098368744,3.1285133847878095,4
Kaloré,2013,1,4511,23.29,22921.3,sem rede,,70.97,0.0,70.97,10.039821888242901,3.1480240838962494,5
Kaloré,2014,0,4473,23.09,19703.11,sem rede,,70.97,0.0,70.97,9.88853177028654,3.139399623366404,6
Kaloré,2015,0,4438,22.91,22408.29,sem rede,,70.97,0.0,70.97,10.017186258662697,3.1315734964654043,7
Kaloré,2016,0,4402,22.73,21355.29,sem rede,,70.97,0.0,70.97,9.969054763141216,3.123685637864452,8
Kaloré,2017,0,4368,22.55,24832.88,sem rede,,70.97,0.0,70.97,10.119923860499359,3.1157350659486873,9
Kaloré,2018,1,4154,21.45,27260.23,sem rede,,70.97,0.0,70.97,10.213184142485657,3.065724645374026,10
Kaloré,2019,0,4100,21.17,27519.76,sem rede,,70.97,0.0,70.97,10.22265957107902,3.0525850851467737,11
Kaloré,2020,2,4047,20.89,36036.08,sem rede,,70.97,0.0,70.97,10.492275937771087,3.0392705755684744,12
Kaloré,2021,1,3996,20.63,41453.95,sem rede,,70.97,0.0,70.97,10.632338451559901,3.0267463270831603,13
Kaloré,2022,2,4216,21.77,36737.67,sem rede,,70.97,0.0,70.97,10.51155793814076,3.080532875246456,14
Kaloré,2023,0,4437,22.91,45354.07,sem rede,,70.97,0.0,70.97,10.722255197933073,3.1315734964654043,15
Kaloré,2024,1,4657,24.04,43211.51,sem rede,,70.97,0.0,70.97,10.673862173929836,3.179719109667007,16
Kaloré,2025,0,4666,24.09,43128.16,sem rede,,70.97,0.0,70.97,10.671931427011472,3.18179681662678,17
Kaloré,2026,0,4666,24.09,43128.16,sem rede,,70.97,0.0,70.97,10.671931427011472,3.18179681662678,18
Lapa,2008,65,42906,20.46,13891.76,cobertura baixa,61.5,68.38,61.5,68.38,9.539051137584584,3.0184717605234805,0
Lapa,2009,44,42933,20.47,12859.41,cobertura baixa,61.5,68.38,61.5,68.38,9.461831118045527,3.018960399673198,1
Lapa,2010,44,44035,21.0,17150.45,cobertura baixa,61.5,68.38,61.5,68.38,9.749779691316903,3.044522437723423,2
Lapa,2011,28,45137,21.52,18843.41,cobertura baixa,61.5,68.38,61.5,68.38,9.843918529629072,3.0689827352935835,3
Lapa,2012,27,45334,21.61,21757.49,cobertura baixa,61.5,68.38,61.5,68.38,9.987713345051935,3.0731561705187946,4
Lapa,2013,14,47023,22.42,24774.03,cobertura baixa,61.5,68.38,61.5,68.38,10.117551206060373,3.109953417644014,5
Lapa,2014,14,47294,22.55,26266.5,cobertura baixa,61.5,68.38,61.5,68.38,10.176049641980065,3.1157350659486873,6
Lapa,2015,9,47557,22.67,29436.09,cobertura baixa,61.5,68.38,61.5,68.38,10.28997675152245,3.1210424645194377,7
Lapa,2016,10,47814,22.8,36462.04,cobertura baixa,61.5,68.38,61.5,68.38,10.504026998395336,3.126760535960395,8
Lapa,2017,9,48067,22.92,39097.78,cobertura baixa,61.5,68.38,61.5,68.38,10.573820966867949,3.132009891846539,9
Lapa,2018,15,47909,22.84,34291.03,cobertura baixa,61.5,68.38,61.5,68.38,10.442639082917765,3.1285133847878095,10
Lapa,2019,8,48163,22.96,37455.89,cobertura baixa,61.5,68.38,61.5,68.38,10.530919252947225,3.133753571451366,11
Lapa,2020,5,48410,23.08,41857.76,cobertura baixa,61.5,68.38,61.5,68.38,10.642032482862502,3.138966441639899,12
Lapa,2021,5,48651,23.2,58399.19,cobertura baixa,61.5,68.38,61.5,68.38,10.975057298857116,3.1441522786722644,13
Lapa,2022,13,47720,22.75,53253.69,cobertura baixa,61.5,68.38,61.5,68.38,10.882822376945478,3.1245651453969594,14
Lapa,2023,10,46788,22.31,56586.43,cobertura baixa,61.5,68.38,61.5,68.38,10.943524482795837,3.105035008444441,15
Lapa,2024,15,45857,21.86,57735.26,cobertura baixa,61.5,68.38,61.5,68.38,10.963623357710016,3.0846584827483925,16
Lapa,2025,7,45878,21.87,57708.84,cobertura baixa,61.5,68.38,61.5,68.38,10.963165647000482,3.0851158346886765,17
Lapa,2026,2,45878,21.87,57708.84,cobertura baixa,61.5,68.38,61.5,68.38,10.963165647000482,3.0851158346886765,18
Laranjal,2008,48,6410,11.44,5638.22,sem rede,,47.34,0.0,47.34,8.63732369184217,2.437115985951652,0
Laranjal,2009,35,6339,11.31,6108.22,sem rede,,47.34,0.0,47.34,8.717390684026487,2.425687290128029,1
Laranjal,2010,45,6324,11.28,6340.92,sem rede,,47.34,0.0,47.34,8.754779147313869,2.423031246069913,2
Laranjal,2011,18,6308,11.25,7741.6,sem rede,,47.34,0.0,47.34,8.954363663566733,2.4203681286504293,3
Laranjal,2012,12,6257,11.16,8722.23,sem rede,,47.34,0.0,47.34,9.073630218153628,2.412335956953165,4
Laranjal,2013,6,6384,11.39,9745.46,sem rede,,47.34,0.0,47.34,9.184556814521804,2.432735777459091,5
Laranjal,2014,3,6337,11.31,10788.54,sem rede,,47.34,0.0,47.34,9.286239738624232,2.425687290128029,6
Laranjal,2015,9,6292,11.23,12154.32,sem rede,,47.34,0.0,47.34,9.405439941129353,2.418588768750352,7
Laranjal,2016,10,6248,11.15,13234.31,sem rede,,47.34,0.0,47.34,9.490567978810274,2.411439497906128,8
Laranjal,2017,11,6205,11.07,13540.05,sem rede,,47.34,0.0,47.34,9.513407239221634,2.4042387467205457,9
Laranjal,2018,5,5921,10.56,13927.55,sem rede,,47.34,0.0,47.34,9.541624171908271,2.3570732782781154,10
Laranjal,2019,3,5852,10.44,14434.72,sem rede,,47.34,0.0,47.34,9.577391694610672,2.3456445824544927,11
Laranjal,2020,5,5784,10.32,17449.17,sem rede,,47.34,0.0,47.34,9.767047362029434,2.334083760053417,12
Laranjal,2021,5,5719,10.2,19761.5,sem rede,,47.34,0.0,47.34,9.891490879351943,2.322387720290225,13
Laranjal,2022,2,5671,10.12,19588.96,sem rede,,47.34,0.0,47.34,9.88272142121899,2.3145136638593193,14
Laranjal,2023,2,5623,10.03,22316.02,sem rede,,47.34,0.0,47.34,10.013060085182978,2.305580601973844,15
Laranjal,2024,9,5575,9.95,22508.16,sem rede,,47.34,0.0,47.34,10.021633189111519,2.2975725511705014,16
Laranjal,2025,10,5525,9.86,22711.86,sem rede,,47.34,0.0,47.34,10.030642533991506,2.288486168614544,17
Laranjal,2026,2,5525,9.86,22711.86,sem rede,,47.34,0.0,47.34,10.030642533991506,2.288486168614544,18
Laranjeiras do Sul,2008,267,31516,46.68,8465.35,cobertura baixa,54.09,85.01,54.09,85.01,9.043736640434279,3.8433158074183553,0
Laranjeiras do Sul,2009,310,31641,46.86,9072.91,cobertura baixa,54.09,85.01,54.09,85.01,9.113048329578934,3.8471644330796497,1
Laranjeiras do Sul,2010,264,31238,46.26,9387.48,cobertura baixa,54.09,85.01,54.09,85.01,9.147132165577444,3.8342776568032932,2
Laranjeiras do Sul,2011,252,30835,45.67,11065.67,cobertura baixa,54.09,85.01,54.09,85.01,9.31160280193984,3.821441627196908,3
Laranjeiras do Sul,2012,229,30891,45.75,12372.44,cobertura baixa,54.09,85.01,54.09,85.01,9.423226697349744,3.82319179172153,4
Laranjeiras do Sul,2013,139,31936,47.3,15479.33,cobertura baixa,54.09,85.01,54.09,85.01,9.647260864553294,3.856510295497887,5
Laranjeiras do Sul,2014,188,32036,47.45,18254.81,cobertura baixa,54.09,85.01,54.09,85.01,9.812183885928205,3.859676525055937,6
Laranjeiras do Sul,2015,124,32133,47.59,19842.19,cobertura baixa,54.09,85.01,54.09,85.01,9.895565757811617,3.862622655133019,7
Laranjeiras do Sul,2016,134,32228,47.73,21540.18,cobertura baixa,54.09,85.01,54.09,85.01,9.977675307221425,3.865560131017805,8
Laranjeiras do Sul,2017,133,32379,47.95,22554.68,cobertura baixa,54.09,85.01,54.09,85.01,10.023697862200287,3.8701588013294472,9
Laranjeiras do Sul,2018,122,32006,47.4,24174.97,cobertura baixa,54.09,85.01,54.09,85.01,10.09307307936933,3.858622228701031,10
Laranjeiras do Sul,2019,150,32073,47.5,24619.15,cobertura baixa,54.09,85.01,54.09,85.01,10.111279874365847,3.8607297110405954,11
Laranjeiras do Sul,2020,70,32139,47.6,27682.16,cobertura baixa,54.09,85.01,54.09,85.01,10.228543441369139,3.8628327612373745,12
Laranjeiras do Sul,2021,30,32167,47.64,31949.79,cobertura baixa,54.09,85.01,54.09,85.01,10.371920887014127,3.8636727444870993,13
Laranjeiras do Sul,2022,48,32479,48.1,34644.97,cobertura baixa,54.09,85.01,54.09,85.01,10.452907828135288,3.8732821771117156,14
Laranjeiras do Sul,2023,55,32791,48.56,37538.47,cobertura baixa,54.09,85.01,54.09,85.01,10.533121552783559,3.8828001467512427,15
Laranjeiras do Sul,2024,87,33103,49.03,37184.67,cobertura baixa,54.09,85.01,54.09,85.01,10.523651858551833,3.892432355663142,16
Laranjeiras do Sul,2025,100,33179,49.14,37099.49,cobertura baixa,54.09,85.01,54.09,85.01,10.521358501870314,3.894673367093033,17
Laranjeiras do Sul,2026,69,33179,49.14,37099.49,cobertura baixa,54.09,85.01,54.09,85.01,10.521358501870314,3.894673367093033,18
Leópolis,2008,13,4331,12.53,16487.88,cobertura baixa,52.49,70.54,52.49,70.54,9.710380844523431,2.528125768907977,0
Leópolis,2009,7,4316,12.48,12114.92,cobertura baixa,52.49,70.54,52.49,70.54,9.40219302984459,2.5241273629412815,1
Leópolis,2010,13,4220,12.21,14610.9,cobertura baixa,52.49,70.54,52.49,70.54,9.589523104490153,2.502255288122613,2
Leópolis,2011,11,4123,11.93,18527.53,cobertura baixa,52.49,70.54,52.49,70.54,9.827013013038885,2.4790562361098245,3
Leópolis,2012,15,4101,11.86,19251.4,cobertura baixa,52.49,70.54,52.49,70.54,9.865339064344157,2.4731713935695794,4
Leópolis,2013,4,4200,12.15,25665.71,cobertura baixa,52.49,70.54,52.49,70.54,10.152911138745793,2.4973291697865574,5
Leópolis,2014,7,4182,12.1,20137.02,cobertura baixa,52.49,70.54,52.49,70.54,9.910315191074515,2.4932054526026954,6
Leópolis,2015,9,4165,12.05,25479.23,cobertura baixa,52.49,70.54,52.49,70.54,10.145618889449253,2.489064659936664,7
Leópolis,2016,5,4147,12.0,28827.59,cobertura baixa,52.49,70.54,52.49,70.54,10.269088193659304,2.4849066497880004,8
Leópolis,2017,4,4131,11.95,29972.89,cobertura baixa,52.49,70.54,52.49,70.54,10.308048585424755,2.4807312783775197,9
Leópolis,2018,22,3984,11.52,37763.05,cobertura baixa,52.49,70.54,52.49,70.54,10.539086390302534,2.444084655267745,10
Leópolis,2019,16,3954,11.44,34914.01,cobertura baixa,52.49,70.54,52.49,70.54,10.46064346030274,2.437115985951652,11
Leópolis,2020,8,3925,11.35,47854.01,cobertura baixa,52.49,70.54,52.49,70.54,10.775910196922547,2.4292177439274116,12
Leópolis,2021,6,3896,11.27,58360.37,cobertura baixa,52.49,70.54,52.49,70.54,10.9743923425755,2.422144328051685,13
Leópolis,2022,7,3848,11.13,47991.94,cobertura baixa,52.49,70.54,52.49,70.54,10.77878835912378,2.4096441652874536,14
Leópolis,2023,12,3799,10.99,59520.4,cobertura baixa,52.49,70.54,52.49,70.54,10.994074389914498,2.39698576841553,15
Leópolis,2024,7,3751,10.85,60282.06,cobertura baixa,52.49,70.54,52.49,70.54,11.006789826011861,2.3841650799864684,16
Leópolis,2025,10,3725,10.78,60702.82,cobertura baixa,52.49,70.54,52.49,70.54,11.013745433958565,2.377692565480851,17
Leópolis,2026,4,3725,10.78,60702.82,cobertura baixa,52.49,70.54,52.49,70.54,11.013745433958565,2.377692565480851,18
Lidianópolis,2008,9,4151,27.35,9054.69,sem rede,,71.9,0.0,71.9,9.11103813450232,3.3087165288679903,0
Lidianópolis,2009,0,4083,26.9,8339.46,sem rede,,71.9,0.0,71.9,9.028753745055099,3.292126286607793,1
Lidianópolis,2010,4,3997,26.33,9047.04,sem rede,,71.9,0.0,71.9,9.110192911371113,3.270708973508218,2
Lidianópolis,2011,1,3911,25.76,11668.88,sem rede,,71.9,0.0,71.9,9.364680748095676,3.248822901236153,3
Lidianópolis,2012,0,3851,25.37,13692.81,sem rede,,71.9,0.0,71.9,9.524626156533051,3.2335673736111907,4
Lidianópolis,2013,0,3891,25.63,13980.21,sem rede,,71.9,0.0,71.9,9.545398037134207,3.24376354037598,5
Lidianópolis,2014,6,3831,25.24,14980.68,sem rede,,71.9,0.0,71.9,9.614516649899418,3.228430037673012,6
Lidianópolis,2015,7,3774,24.86,17998.94,sem rede,,71.9,0.0,71.9,9.798068146255394,3.213260086082565,7
Lidianópolis,2016,10,3717,24.49,21217.65,sem rede,,71.9,0.0,71.9,9.962588661454756,3.1982648709640764,8
Lidianópolis,2017,3,3662,24.12,22164.94,sem rede,,71.9,0.0,71.9,10.00626704020504,3.1830413718589847,9
Lidianópolis,2018,10,3391,22.34,24880.27,sem rede,,71.9,0.0,71.9,10.121830398884265,3.1063787936410545,10
Lidianópolis,2019,18,3310,21.81,25403.63,sem rede,,71.9,0.0,71.9,10.14264735618131,3.0823685802135374,11
Lidianópolis,2020,8,3231,21.28,34811.2,sem rede,,71.9,0.0,71.9,10.457694453063938,3.0577676644734435,12
Lidianópolis,2021,9,3155,20.78,39835.5,sem rede,,71.9,0.0,71.9,10.59251375351177,3.0339909856710814,13
Lidianópolis,2022,23,3433,22.62,37329.74,sem rede,,71.9,0.0,71.9,10.527545606976794,3.1188344706879745,14
Lidianópolis,2023,6,3711,24.45,39568.04,sem rede,,71.9,0.0,71.9,10.5857770006786,3.196630215920881,15
Lidianópolis,2024,13,3989,26.28,36810.48,sem rede,,71.9,0.0,71.9,10.513537866222848,3.26880819361641,16
Lidianópolis,2025,8,3987,26.26,36828.94,sem rede,,71.9,0.0,71.9,10.514039228139785,3.26804686887465,17
Lidianópolis,2026,7,3987,26.26,36828.94,sem rede,,71.9,0.0,71.9,10.514039228139785,3.26804686887465,18
Lindoeste,2008,13,5498,15.8,13091.85,sem rede,,66.57,0.0,66.57,9.479745178176882,2.760009940032921,0
Lindoeste,2009,22,5419,15.58,12164.79,sem rede,,66.57,0.0,66.57,9.406300992429905,2.7459880404426023,1
Lindoeste,2010,29,5357,15.4,15182.0,sem rede,,66.57,0.0,66.57,9.627865794576714,2.7343675094195836,2
Lindoeste,2011,26,5295,15.22,17037.39,sem rede,,66.57,0.0,66.57,9.74316561963765,2.7226103524335397,3
Lindoeste,2012,0,5231,15.04,20320.02,sem rede,,66.57,0.0,66.57,9.919361885943902,2.7107133185216936,4
Lindoeste,2013,2,5309,15.26,25080.43,sem rede,,66.57,0.0,66.57,10.129843139735447,2.725235025856311,5
Lindoeste,2014,1,5247,15.08,30617.31,sem rede,,66.57,0.0,66.57,10.329320814274816,2.71336936257981,6
Lindoeste,2015,0,5187,14.91,31207.83,sem rede,,66.57,0.0,66.57,10.348424303850456,2.702032128776647,7
Lindoeste,2016,1,5129,14.74,33251.32,sem rede,,66.57,0.0,66.57,10.411849744544126,2.6905648867611904,8
Lindoeste,2017,3,5071,14.58,28827.06,sem rede,,66.57,0.0,66.57,10.269069808325249,2.6796507265805123,9
Lindoeste,2018,0,4762,13.69,34336.62,sem rede,,66.57,0.0,66.57,10.443967702117355,2.6166656393003573,10
Lindoeste,2019,2,4676,13.44,35735.03,sem rede,,66.57,0.0,66.57,10.48388671916681,2.5982353350950036,11
Lindoeste,2020,1,4592,13.2,40704.92,sem rede,,66.57,0.0,66.57,10.614104248645626,2.580216829592325,12
Lindoeste,2021,1,4488,12.9,44757.35,sem rede,,66.57,0.0,66.57,10.70901095602619,2.5572273113676265,13
Lindoeste,2022,4,4734,13.61,49057.88,sem rede,,66.57,0.0,66.57,10.80075610448581,2.6108048166633746,14
Lindoeste,2023,2,4980,14.31,50011.45,sem rede,,66.57,0.0,66.57,10.820007258193785,2.6609585935683597,15
Lindoeste,2024,10,5226,15.02,47657.29,sem rede,,66.57,0.0,66.57,10.771790887936625,2.7093826463359885,16
Lindoeste,2025,1,5217,15.0,47739.51,sem rede,,66.57,0.0,66.57,10.773514635910528,2.70805020110221,17
Lindoeste,2026,3,5217,15.0,47739.51,sem rede,,66.57,0.0,66.57,10.773514635910528,2.70805020110221,18
Loanda,2008,33,20067,27.71,8505.81,cobertura alta,90.65,92.97,90.65,92.97,9.04850473839034,3.321793358874887,0
Loanda,2009,21,20103,27.76,9778.34,cobertura alta,90.65,92.97,90.65,92.97,9.187925014471062,3.3235961356386037,1
Loanda,2010,18,20716,28.61,10864.21,cobertura alta,90.65,92.97,90.65,92.97,9.293229179508565,3.3537563070620187,2
Loanda,2011,20,21328,29.45,12268.71,cobertura alta,90.65,92.97,90.65,92.97,9.414807397703614,3.3826939100975957,3
Loanda,2012,6,21451,29.62,15827.93,cobertura alta,90.65,92.97,90.65,92.97,9.669531379953206,3.3884498088396526,4
Loanda,2013,11,22288,30.78,17312.72,cobertura alta,90.65,92.97,90.65,92.97,9.759196770430181,3.426865128410733,5
Loanda,2014,11,22448,31.0,19636.98,cobertura alta,90.65,92.97,90.65,92.97,9.8851698022642,3.4339872044851463,6
Loanda,2015,12,22603,31.22,20455.29,cobertura alta,90.65,92.97,90.65,92.97,9.925996807725722,3.441058915087286,7
Loanda,2016,20,22754,31.42,21725.76,cobertura alta,90.65,92.97,90.65,92.97,9.98625393226049,3.4474446328274753,8
Loanda,2017,17,22903,31.63,23352.44,cobertura alta,90.65,92.97,90.65,92.97,10.058456754425643,3.4541060373175574,9
Loanda,2018,9,22927,31.66,25048.98,cobertura alta,90.65,92.97,90.65,92.97,10.128588387121113,3.4550540544528663,10
Loanda,2019,14,23086,31.88,25721.0,cobertura alta,90.65,92.97,90.65,92.97,10.155063057844572,3.461978853922014,11
Loanda,2020,4,23242,32.1,28292.36,cobertura alta,90.65,92.97,90.65,92.97,10.250347082519998,3.4688560301359703,12
Loanda,2021,3,23393,32.31,29835.85,cobertura alta,90.65,92.97,90.65,92.97,10.30346596957884,3.475376779836407,13
Loanda,2022,6,23533,32.5,31726.34,cobertura alta,90.65,92.97,90.65,92.97,10.364902529673254,3.481240089335692,14
Loanda,2023,49,23673,32.69,38414.4,cobertura alta,90.65,92.97,90.65,92.97,10.556187668280892,3.487069220736119,15
Loanda,2024,62,23813,32.89,38188.55,cobertura alta,90.65,92.97,90.65,92.97,10.550291011444292,3.4931686602009657,16
Loanda,2025,44,23966,33.1,37944.76,cobertura alta,90.65,92.97,90.65,92.97,10.543886696874013,3.4995332823830174,17
Loanda,2026,14,23966,33.1,37944.76,cobertura alta,90.65,92.97,90.65,92.97,10.543886696874013,3.4995332823830174,18
Lobato,2008,5,4377,18.12,20808.54,cobertura alta,92.33,92.33,92.33,92.33,9.943118758348845,2.8970163006148333,0
Lobato,2009,10,4405,18.24,24580.48,cobertura alta,92.33,92.33,92.33,92.33,10.109707911000958,2.9036169846461855,1
Lobato,2010,0,4416,18.29,22950.18,cobertura alta,92.33,92.33,92.33,92.33,10.04108105859519,2.906354462402774,2
Lobato,2011,3,4427,18.33,27172.13,cobertura alta,92.33,92.33,92.33,92.33,10.209947094636565,2.9085390618516134,3
Lobato,2012,3,4452,18.43,28339.85,cobertura alta,92.33,92.33,92.33,92.33,10.252024220358399,2.9139797716817317,4
Lobato,2013,4,4626,19.16,29836.79,cobertura alta,92.33,92.33,92.33,92.33,10.303497474804688,2.9528247725427144,5
Lobato,2014,0,4658,19.29,27579.0,cobertura alta,92.33,92.33,92.33,92.33,10.224809892531864,2.9595868269176377,6
Lobato,2015,4,4690,19.42,32464.61,cobertura alta,92.33,92.33,92.33,92.33,10.387905851933422,2.966303462863179,7
Lobato,2016,2,4721,19.55,37476.59,cobertura alta,92.33,92.33,92.33,92.33,10.531471750356268,2.972975286431375,8
Lobato,2017,5,4751,19.67,38552.73,cobertura alta,92.33,92.33,92.33,92.33,10.559782193604685,2.979094632400968,9
Lobato,2018,2,4755,19.69,38826.92,cobertura alta,92.33,92.33,92.33,92.33,10.566869099466391,2.9801108926510342,10
Lobato,2019,3,4787,19.82,38496.14,cobertura alta,92.33,92.33,92.33,92.33,10.558313255509272,2.986691528901842,11
Lobato,2020,3,4819,19.95,46945.84,cobertura alta,92.33,92.33,92.33,92.33,10.756749875811934,2.9932291433358724,12
Lobato,2021,0,4850,20.08,44446.19,cobertura alta,92.33,92.33,92.33,92.33,10.702034522982657,2.9997242948235283,13
Lobato,2022,1,4798,19.87,55172.36,cobertura alta,92.33,92.33,92.33,92.33,10.91821738222306,2.9892110565637253,14
Lobato,2023,0,4745,19.65,70256.69,cobertura alta,92.33,92.33,92.33,92.33,11.159910813978504,2.9780773383152703,15
Lobato,2024,0,4693,19.43,71035.16,cobertura alta,92.33,92.33,92.33,92.33,11.170930244714425,2.9668182633893485,16
Lobato,2025,2,4707,19.49,70823.88,cobertura alta,92.33,92.33,92.33,92.33,11.167951510948548,2.9699015135194693,17
Lobato,2026,0,4707,19.49,70823.88,cobertura alta,92.33,92.33,92.33,92.33,11.167951510948548,2.9699015135194693,18
Londrina,2008,216,505184,305.04,17427.36,cobertura alta,97.26,97.57,97.26,97.57,9.765796664047553,5.720442915549309,0
Londrina,2009,176,510707,308.38,18688.25,cobertura alta,97.26,97.57,97.26,97.57,9.835650263106968,5.731332788743207,1
Londrina,2010,192,510993,308.55,21180.3,cobertura alta,97.26,97.57,97.26,97.57,9.960826783361034,5.731883904767076,2
Londrina,2011,162,511279,308.72,24515.17,cobertura alta,97.26,97.57,97.26,97.57,10.10704738859117,5.7324347172293635,3
Londrina,2012,156,515707,311.4,28638.45,cobertura alta,97.26,97.57,97.26,97.57,10.262505499498303,5.741078259399898,4
Londrina,2013,140,537566,324.6,29711.85,cobertura alta,97.26,97.57,97.26,97.57,10.299301235114477,5.782593655080491,5
Londrina,2014,140,543003,327.88,30305.19,cobertura alta,97.26,97.57,97.26,97.57,10.319074263958209,5.79264768778483,6
Londrina,2015,193,548249,331.05,32372.87,cobertura alta,97.26,97.57,97.26,97.57,10.385076005331692,5.802269421370855,7
Londrina,2016,329,553393,334.15,33384.71,cobertura alta,97.26,97.57,97.26,97.57,10.415853289718372,5.811589993957079,8
Londrina,2017,295,558439,337.2,34454.22,cobertura alta,97.26,97.57,97.26,97.57,10.44738676531129,5.8206762261277,9
Londrina,2018,347,563943,340.52,35381.57,cobertura alta,97.26,97.57,97.26,97.57,10.473946342082526,5.830473861015856,10
Londrina,2019,178,569733,344.02,37897.61,cobertura alta,97.26,97.57,97.26,97.57,10.542643328396093,5.840699795218245,11
Londrina,2020,87,575377,347.43,37715.09,cobertura alta,97.26,97.57,97.26,97.57,10.537815558603326,5.850563205864396,12
Londrina,2021,55,580870,350.75,40635.08,cobertura alta,97.26,97.57,97.26,97.57,10.612387011931522,5.86007371898257,13
Londrina,2022,88,579686,350.03,45223.02,cobertura alta,97.26,97.57,97.26,97.57,10.719361528210548,5.858018865095914,14
Londrina,2023,96,578502,349.32,48400.07,cobertura alta,97.26,97.57,97.26,97.57,10.78725653898467,5.855988407545532,15
Londrina,2024,189,577318,348.6,48499.33,cobertura alta,97.26,97.57,97.26,97.57,10.789305262397164,5.85392513308592,16
Londrina,2025,181,581382,351.05,48160.31,cobertura alta,97.26,97.57,97.26,97.57,10.782290516839062,5.860928663463258,17
Londrina,2026,78,581382,351.05,48160.31,cobertura alta,97.26,97.57,97.26,97.57,10.782290516839062,5.860928663463258,18
Luiziana,2008,1,7380,8.03,21543.9,sem rede,,75.9,0.0,75.9,9.97784799281709,2.0831845279586703,0
Luiziana,2009,0,7357,8.01,19880.11,sem rede,,75.9,0.0,75.9,9.897475013394452,2.080690761080268,1
Luiziana,2010,2,7328,7.98,17742.9,sem rede,,75.9,0.0,75.9,9.783740714882223,2.0769384114617173,2
Luiziana,2011,1,7298,7.94,21777.34,sem rede,,75.9,0.0,75.9,9.98862525863357,2.0719132752590443,3
Luiziana,2012,5,7282,7.93,27651.47,sem rede,,75.9,0.0,75.9,10.227434170094257,2.0706530356467567,4
Luiziana,2013,4,7487,8.15,32716.71,sem rede,,75.9,0.0,75.9,10.395641235538932,2.0980179272527715,5
Luiziana,2014,7,7479,8.14,34686.99,sem rede,,75.9,0.0,75.9,10.454119967678002,2.096790180014449,6
Luiziana,2015,6,7471,8.13,34008.97,sem rede,,75.9,0.0,75.9,10.434379592332403,2.0955609235597192,7
Luiziana,2016,6,7463,8.12,32312.88,sem rede,,75.9,0.0,75.9,10.383221191336373,2.0943301541735866,8
Luiziana,2017,1,7455,8.11,34909.73,sem rede,,75.9,0.0,75.9,10.460520865895583,2.0930978681273213,9
Luiziana,2018,1,7285,7.93,45024.16,sem rede,,75.9,0.0,75.9,10.714954513568072,2.0706530356467567,10
Luiziana,2019,4,7262,7.9,43263.98,sem rede,,75.9,0.0,75.9,10.675075697124422,2.066862759472976,11
Luiziana,2020,0,7240,7.88,69021.82,sem rede,,75.9,0.0,75.9,11.14217796547269,2.064327903869788,12
Luiziana,2021,0,7217,7.85,75773.59,sem rede,,75.9,0.0,75.9,11.235505094032654,2.060513531794317,13
Luiziana,2022,1,7043,7.67,68100.38,sem rede,,75.9,0.0,75.9,11.128738072151403,2.0373166153791646,14
Luiziana,2023,0,6870,7.48,87240.32,sem rede,,75.9,0.0,75.9,11.37642188835102,2.012232791986386,15
Luiziana,2024,2,6696,7.29,89507.32,sem rede,,75.9,0.0,75.9,11.402075688628011,1.986503546020567,16
Luiziana,2025,1,6659,7.25,90004.66,sem rede,,75.9,0.0,75.9,11.407616725749756,1.9810014688665833,17
Luiziana,2026,0,6659,7.25,90004.66,sem rede,,75.9,0.0,75.9,11.407616725749756,1.9810014688665833,18
Lunardelli,2008,24,5152,25.8,7876.55,cobertura baixa,46.51,78.8,46.51,78.8,8.971645269723082,3.250374491927572,0
Lunardelli,2009,24,5094,25.51,7836.08,cobertura baixa,46.51,78.8,46.51,78.8,8.966493988302771,3.23907053215372,1
Lunardelli,2010,16,5108,25.58,8546.59,cobertura baixa,46.51,78.8,46.51,78.8,9.053287651967448,3.2418107961506966,2
Lunardelli,2011,14,5122,25.65,9520.3,cobertura baixa,46.51,78.8,46.51,78.8,9.161181639893941,3.2445435716167785,3
Lunardelli,2012,18,5084,25.46,11405.78,cobertura baixa,46.51,78.8,46.51,78.8,9.341875523436482,3.2371085931292605,4
Lunardelli,2013,28,5193,26.0,11887.93,cobertura baixa,46.51,78.8,46.51,78.8,9.383278878649492,3.258096538021482,5
Lunardelli,2014,16,5159,25.83,11592.94,cobertura baixa,46.51,78.8,46.51,78.8,9.358151571120047,3.251536607107749,6
Lunardelli,2015,13,5127,25.67,13610.3,cobertura baixa,46.51,78.8,46.51,78.8,9.518582138018301,3.245322994883049,7
Lunardelli,2016,22,5095,25.51,14501.67,cobertura baixa,46.51,78.8,46.51,78.8,9.582019094190626,3.23907053215372,8
Lunardelli,2017,23,5063,25.35,17049.38,cobertura baixa,46.51,78.8,46.51,78.8,9.743869118414127,3.232778730037192,9
Lunardelli,2018,15,4845,24.26,18306.09,cobertura baixa,46.51,78.8,46.51,78.8,9.814989070353485,3.1888289035159043,10
Lunardelli,2019,28,4794,24.01,18804.55,cobertura baixa,46.51,78.8,46.51,78.8,9.841854140812211,3.178470410233162,11
Lunardelli,2020,1,4744,23.76,24757.38,cobertura baixa,46.51,78.8,46.51,78.8,10.116878905367654,3.168003494494444,12
Lunardelli,2021,6,4695,23.51,30289.67,cobertura baixa,46.51,78.8,46.51,78.8,10.31856200927722,3.157425862551978,13
Lunardelli,2022,10,4764,23.86,26456.13,cobertura baixa,46.51,78.8,46.51,78.8,10.183243168468728,3.17220341666977,14
Lunardelli,2023,3,4833,24.2,30475.89,cobertura baixa,46.51,78.8,46.51,78.8,10.324691158188827,3.186352633162641,15
Lunardelli,2024,22,4902,24.55,30046.92,cobertura baixa,46.51,78.8,46.51,78.8,10.31051543887003,3.2007118542405295,16
Lunardelli,2025,22,4864,24.36,30281.66,cobertura baixa,46.51,78.8,46.51,78.8,10.318297527713197,3.192942442841696,17
Lunardelli,2026,4,4864,24.36,30281.66,cobertura baixa,46.51,78.8,46.51,78.8,10.318297527713197,3.192942442841696,18
Lupionópolis,2008,8,4521,37.24,10127.18,sem rede,,100.0,0.0,100.0,9.222978177441137,3.617383452408866,0
Lupionópolis,2009,2,4538,37.38,10289.33,sem rede,,100.0,0.0,100.0,9.238862714949244,3.6211358020274167,1
Lupionópolis,2010,7,4576,37.69,9463.07,sem rede,,100.0,0.0,100.0,9.155152133712194,3.629394807279044,2
Lupionópolis,2011,2,4613,38.0,12691.52,sem rede,,100.0,0.0,100.0,9.44868933288928,3.6375861597263857,3
Lupionópolis,2012,1,4633,38.16,13899.2,sem rede,,100.0,0.0,100.0,9.539586563505656,3.6417878465800855,4
Lupionópolis,2013,7,4805,39.58,15055.36,sem rede,,100.0,0.0,100.0,9.619489352951428,3.6783239401744194,5
Lupionópolis,2014,4,4832,39.8,14918.67,sem rede,,100.0,0.0,100.0,9.610368727693206,3.6838669122903918,6
Lupionópolis,2015,4,4859,40.02,17570.9,sem rede,,100.0,0.0,100.0,9.773999403545977,3.6893793291555874,7
Lupionópolis,2016,10,4885,40.24,18868.78,sem rede,,100.0,0.0,100.0,9.845263983384326,3.6948615257914836,8
Lupionópolis,2017,4,4911,40.45,21183.47,sem rede,,100.0,0.0,100.0,9.960976439541582,3.700066643504501,9
Lupionópolis,2018,2,4894,40.31,20925.01,sem rede,,100.0,0.0,100.0,9.948700373254814,3.6965995771290743,10
Lupionópolis,2019,1,4920,40.53,19952.03,sem rede,,100.0,0.0,100.0,9.901086171527348,3.7020424406402173,11
Lupionópolis,2020,3,4945,40.73,25540.14,sem rede,,100.0,0.0,100.0,10.148006611169,3.706964921660321,12
Lupionópolis,2021,2,4969,40.93,26463.67,sem rede,,100.0,0.0,100.0,10.183528127975416,3.7118632905043114,13
Lupionópolis,2022,0,4950,40.77,29143.84,sem rede,,100.0,0.0,100.0,10.279998848692545,3.707946516831162,14
Lupionópolis,2023,2,4930,40.61,33437.32,sem rede,,100.0,0.0,100.0,10.417427920446302,3.7040143416982065,15
Lupionópolis,2024,0,4911,40.45,33566.69,sem rede,,100.0,0.0,100.0,10.421289485172364,3.700066643504501,16
Lupionópolis,2025,2,4929,40.6,33444.11,sem rede,,100.0,0.0,100.0,10.417630966344793,3.703768066607687,17
Lupionópolis,2026,0,4929,40.6,33444.11,sem rede,,100.0,0.0,100.0,10.417630966344793,3.703768066607687,18
Mallet,2008,29,12778,16.78,14741.9,cobertura baixa,31.38,68.28,31.38,68.28,9.59844905838611,2.8201877010390604,0
Mallet,2009,33,12784,16.79,15697.51,cobertura baixa,31.38,68.28,31.38,68.28,9.661257380032177,2.8207834710894493,1
Mallet,2010,38,12893,16.93,19814.32,cobertura baixa,31.38,68.28,31.38,68.28,9.894160187599393,2.829087196145044,2
Mallet,2011,22,13002,17.07,23424.47,cobertura baixa,31.38,68.28,31.38,68.28,10.061536481450451,2.837322536806349,3
Mallet,2012,20,13030,17.11,25830.31,cobertura baixa,31.38,68.28,31.38,68.28,10.159303887566455,2.839663087904102,4
Mallet,2013,20,13475,17.69,29266.42,cobertura baixa,31.38,68.28,31.38,68.28,10.284196062673567,2.872999508171694,5
Mallet,2014,46,13522,17.75,36337.82,cobertura baixa,31.38,68.28,31.38,68.28,10.500614351157905,2.8763855159214247,6
Mallet,2015,72,13567,17.81,38581.93,cobertura baixa,31.38,68.28,31.38,68.28,10.56053931112863,2.87976009730157,7
Mallet,2016,38,13611,17.87,44323.56,cobertura baixa,31.38,68.28,31.38,68.28,10.699271643105039,2.8831233291713367,8
Mallet,2017,55,13738,18.04,47872.62,cobertura baixa,31.38,68.28,31.38,68.28,10.776299012453492,2.8925915146344776,9
Mallet,2018,78,13595,17.85,52248.25,cobertura baixa,31.38,68.28,31.38,68.28,10.863761676443193,2.8820035082256483,10
Mallet,2019,45,13630,17.9,50667.28,cobertura baixa,31.38,68.28,31.38,68.28,10.833035616350193,2.884800712846709,11
Mallet,2020,28,13663,17.94,50844.32,cobertura baixa,31.38,68.28,31.38,68.28,10.836523694156064,2.88703285663065,12
Mallet,2021,12,13697,17.98,55369.57,cobertura baixa,31.38,68.28,31.38,68.28,10.921785443848623,2.8892600290434745,13
Mallet,2022,24,13683,17.97,62359.28,cobertura baixa,31.38,68.28,31.38,68.28,11.040667777242327,2.8887037007954675,14
Mallet,2023,11,13669,17.95,71206.09,cobertura baixa,31.38,68.28,31.38,68.28,11.173333627450134,2.8875901149342877,15
Mallet,2024,9,13655,17.93,71279.09,cobertura baixa,31.38,68.28,31.38,68.28,11.174358295508764,2.8864752876170416,16
Mallet,2025,21,13681,17.96,71143.63,cobertura baixa,31.38,68.28,31.38,68.28,11.172456070346286,2.8881470628740535,17
Mallet,2026,14,13681,17.96,71143.63,cobertura baixa,31.38,68.28,31.38,68.28,11.172456070346286,2.8881470628740535,18
Mamborê,2008,73,14421,18.27,18521.46,cobertura alta,78.98,81.73,78.98,81.73,9.826685338786262,2.9052603703899154,0
Mamborê,2009,14,14332,18.15,17678.2,cobertura alta,78.98,81.73,78.98,81.73,9.780087521053899,2.8986705607108596,1
Mamborê,2010,3,14101,17.86,18160.98,cobertura alta,78.98,81.73,78.98,81.73,9.807030615456949,2.882563575448353,2
Mamborê,2011,4,13870,17.57,22981.4,cobertura alta,78.98,81.73,78.98,81.73,10.042440472088384,2.866192902199006,3
Mamborê,2012,7,13781,17.46,25342.65,cobertura alta,78.98,81.73,78.98,81.73,10.140244026149958,2.859912550411456,4
Mamborê,2013,2,14095,17.85,30771.69,cobertura alta,78.98,81.73,78.98,81.73,10.33435039043475,2.8820035082256483,5
Mamborê,2014,0,14017,17.75,32736.25,cobertura alta,78.98,81.73,78.98,81.73,10.396238305574588,2.8763855159214247,6
Mamborê,2015,2,13943,17.66,33886.9,cobertura alta,78.98,81.73,78.98,81.73,10.4307837880065,2.8713021951758138,7
Mamborê,2016,8,13870,17.57,38060.56,cobertura alta,78.98,81.73,78.98,81.73,10.546933854351986,2.866192902199006,8
Mamborê,2017,0,13798,17.48,35879.11,cobertura alta,78.98,81.73,78.98,81.73,10.487910510959846,2.8610573702273894,9
Mamborê,2018,3,13252,16.79,41063.31,cobertura alta,78.98,81.73,78.98,81.73,10.622870301059809,2.8207834710894493,10
Mamborê,2019,2,13132,16.63,42776.65,cobertura alta,78.98,81.73,78.98,81.73,10.663747671949812,2.811208293204836,11
Mamborê,2020,4,13014,16.48,60495.77,cobertura alta,78.98,81.73,78.98,81.73,11.010328724219228,2.8021475244813256,12
Mamborê,2021,1,12900,16.34,61486.59,cobertura alta,78.98,81.73,78.98,81.73,11.02657438123803,2.7936160894318567,13
Mamborê,2022,0,13124,16.62,59959.01,cobertura alta,78.98,81.73,78.98,81.73,11.001416441072887,2.810606789427302,14
Mamborê,2023,2,13348,16.91,64370.77,cobertura alta,78.98,81.73,78.98,81.73,11.072414927069259,2.827905162910489,15
Mamborê,2024,2,13572,17.19,63308.36,cobertura alta,78.98,81.73,78.98,81.73,11.055772668922126,2.844327819394758,16
Mamborê,2025,0,13551,17.16,63406.46,cobertura alta,78.98,81.73,78.98,81.73,11.057321027979084,2.8425810940598164,17
Mamborê,2026,0,13551,17.16,63406.46,cobertura alta,78.98,81.73,78.98,81.73,11.057321027979084,2.8425810940598164,18
Mandaguari,2008,217,32976,97.94,14177.74,cobertura alta,81.9,95.52,81.9,95.52,9.559428407976254,4.584355046274172,0
Mandaguari,2009,100,33109,98.33,14851.73,cobertura alta,81.9,95.52,81.9,95.52,9.605871635761941,4.588329168792065,1
Mandaguari,2010,139,32932,97.81,16590.85,cobertura alta,81.9,95.52,81.9,95.52,9.716606617556135,4.5830268213024015,2
Mandaguari,2011,64,32755,97.28,18778.45,cobertura alta,81.9,95.52,81.9,95.52,9.840465214744796,4.577593418217857,3
Mandaguari,2012,96,32849,97.56,21605.65,cobertura alta,81.9,95.52,81.9,95.52,9.980710133541796,4.580467573347719,4
Mandaguari,2013,34,34006,101.0,25748.54,cobertura alta,81.9,95.52,81.9,95.52,10.156133205455305,4.61512051684126,5
Mandaguari,2014,52,34150,101.43,31021.02,cobertura alta,81.9,95.52,81.9,95.52,10.342420318201533,4.619368905387905,6
Mandaguari,2015,51,34289,101.84,34007.0,cobertura alta,81.9,95.52,81.9,95.52,10.434321664760377,4.623402954249151,7
Mandaguari,2016,143,34425,102.24,38742.28,cobertura alta,81.9,95.52,81.9,95.52,10.564686789126943,4.627322990629224,8
Mandaguari,2017,108,34559,102.64,44587.49,cobertura alta,81.9,95.52,81.9,95.52,10.705208605389016,4.631227720307381,9
Mandaguari,2018,75,34281,101.81,45663.22,cobertura alta,81.9,95.52,81.9,95.52,10.729048438841257,4.623108331119105,10
Mandaguari,2019,52,34400,102.17,43453.4,cobertura alta,81.9,95.52,81.9,95.52,10.67944437849516,4.626638092603332,11
Mandaguari,2020,13,34515,102.51,48919.51,cobertura alta,81.9,95.52,81.9,95.52,10.797931573397715,4.62996035479531,12
Mandaguari,2021,14,34628,102.85,53012.19,cobertura alta,81.9,95.52,81.9,95.52,10.878277166088314,4.633271616098966,13
Mandaguari,2022,47,35769,106.23,73720.88,cobertura alta,81.9,95.52,81.9,95.52,11.208041348771657,4.665606554791922,14
Mandaguari,2023,45,36909,109.62,79018.67,cobertura alta,81.9,95.52,81.9,95.52,11.277439432641756,4.697019839617971,15
Mandaguari,2024,46,38050,113.01,76649.15,cobertura alta,81.9,95.52,81.9,95.52,11.24699379487122,4.72747631037206,16
Mandaguari,2025,20,38313,113.79,76122.99,cobertura alta,81.9,95.52,81.9,95.52,11.240105600722721,4.734354644368917,17
Mandaguari,2026,7,38313,113.79,76122.99,cobertura alta,81.9,95.52,81.9,95.52,11.240105600722721,4.734354644368917,18
Mandaguaçu,2008,25,19058,64.65,9453.62,cobertura baixa,35.03,95.95,35.03,95.95,9.154153015918743,4.168988105217867,0
Mandaguaçu,2009,65,19270,65.37,11312.09,cobertura baixa,35.03,95.95,35.03,95.95,9.333627344257462,4.180063437624638,1
Mandaguaçu,2010,104,19639,66.62,12121.49,cobertura baixa,35.03,95.95,35.03,95.95,9.402735189360865,4.199004832765533,2
Mandaguaçu,2011,26,20008,67.87,13875.2,cobertura baixa,35.03,95.95,35.03,95.95,9.537858352925163,4.217594110715667,3
Mandaguaçu,2012,9,20227,68.61,16041.58,cobertura baixa,35.03,95.95,35.03,95.95,9.682939380309978,4.2284382967028,4
Mandaguaçu,2013,10,21156,71.76,18074.49,cobertura baixa,35.03,95.95,35.03,95.95,9.802256830861259,4.27332721775054,5
Mandaguaçu,2014,24,21419,72.66,19167.47,cobertura baixa,35.03,95.95,35.03,95.95,9.860969850282483,4.2857910267930555,6
Mandaguaçu,2015,12,21672,73.51,21274.22,cobertura baixa,35.03,95.95,35.03,95.95,9.965251290019774,4.297421451385996,7
Mandaguaçu,2016,4,21920,74.36,23063.41,cobertura baixa,35.03,95.95,35.03,95.95,10.046002657999017,4.308918162853243,8
Mandaguaçu,2017,16,22164,75.18,24701.86,cobertura baixa,35.03,95.95,35.03,95.95,10.114633823424617,4.319885238136032,9
Mandaguaçu,2018,3,22531,76.43,24761.79,cobertura baixa,35.03,95.95,35.03,95.95,10.117057018208063,4.336375289254793,10
Mandaguaçu,2019,7,22819,77.41,27272.89,cobertura baixa,35.03,95.95,35.03,95.95,10.213648447488834,4.349115971216622,11
Mandaguaçu,2020,2,23100,78.36,26724.68,cobertura baixa,35.03,95.95,35.03,95.95,10.193342762014263,4.36131359307634,12
Mandaguaçu,2021,0,23373,79.28,29424.25,cobertura baixa,35.03,95.95,35.03,95.95,10.289574443273478,4.372985890021733,13
Mandaguaçu,2022,0,26833,91.02,30146.05,cobertura baixa,35.03,95.95,35.03,95.95,10.313809181963938,4.5110792625884955,14
Mandaguaçu,2023,1,30292,102.75,32860.49,cobertura baixa,35.03,95.95,35.03,95.95,10.400026303226884,4.632298853376344,15
Mandaguaçu,2024,2,33752,114.49,29491.88,cobertura baixa,35.03,95.95,35.03,95.95,10.291870250201223,4.740487482935721,16
Mandaguaçu,2025,7,34521,117.1,28834.91,cobertura baixa,35.03,95.95,35.03,95.95,10.269342084837776,4.763028270603671,17
Mandaguaçu,2026,2,34521,117.1,28834.91,cobertura baixa,35.03,95.95,35.03,95.95,10.269342084837776,4.763028270603671,18
Mandirituba,2008,42,21498,56.59,13260.95,cobertura baixa,22.74,55.97,22.74,55.97,9.492578905215774,4.035832291154432,0
Mandirituba,2009,49,21885,57.61,13730.87,cobertura baixa,22.74,55.97,22.74,55.97,9.527401861648938,4.053696163744291,1
Mandirituba,2010,59,22232,58.52,15919.62,cobertura baixa,22.74,55.97,22.74,55.97,9.675307589766764,4.069368576151923,2
Mandirituba,2011,32,22580,59.44,17459.79,cobertura baixa,22.74,55.97,22.74,55.97,9.767655801829854,4.084967400409504,3
Mandirituba,2012,66,22927,60.35,19073.89,cobertura baixa,22.74,55.97,22.74,55.97,9.856075663109541,4.10016094754354,4
Mandirituba,2013,27,24112,63.47,20969.1,cobertura baixa,22.74,55.97,22.74,55.97,9.950805204520007,4.150567353318379,5
Mandirituba,2014,41,24516,64.53,22476.83,cobertura baixa,22.74,55.97,22.74,55.97,10.02024027982931,4.167130231947748,6
Mandirituba,2015,53,24905,65.56,22118.97,cobertura baixa,22.74,55.97,22.74,55.97,10.004190890356828,4.182965753875629,7
Mandirituba,2016,40,25287,66.56,21684.82,cobertura baixa,22.74,55.97,22.74,55.97,9.984367755566351,4.198103796512953,8
Mandirituba,2017,18,25662,67.55,22894.94,cobertura baixa,22.74,55.97,22.74,55.97,10.03867120442823,4.212868064406208,9
Mandirituba,2018,16,26411,69.52,23214.0,cobertura baixa,22.74,55.97,22.74,55.97,10.052510823928568,4.241614480957137,10
Mandirituba,2019,11,26869,70.73,22696.64,cobertura baixa,22.74,55.97,22.74,55.97,10.02997217489266,4.258869811047899,11
Mandirituba,2020,7,27315,71.9,22259.82,cobertura baixa,22.74,55.97,22.74,55.97,10.010538538543473,4.275276264727001,12
Mandirituba,2021,6,27750,73.05,23964.43,cobertura baixa,22.74,55.97,22.74,55.97,10.08432592662487,4.291144138196708,13
Mandirituba,2022,6,28087,73.93,25982.48,cobertura baixa,22.74,55.97,22.74,55.97,10.16517774371341,4.3031186995690085,14
Mandirituba,2023,3,28424,74.82,28195.64,cobertura baixa,22.74,55.97,22.74,55.97,10.246922635043779,4.31508522892,15
Mandirituba,2024,6,28761,75.71,27865.27,cobertura baixa,22.74,55.97,22.74,55.97,10.235136389531428,4.326910252115215,16
Mandirituba,2025,17,29104,76.61,27536.87,cobertura baixa,22.74,55.97,22.74,55.97,10.223281112955114,4.33872761652873,17
Mandirituba,2026,7,29104,76.61,27536.87,cobertura baixa,22.74,55.97,22.74,55.97,10.223281112955114,4.33872761652873,18
Manfrinópolis,2008,4,3334,15.42,8077.08,sem rede,,32.31,0.0,32.31,8.99678570006082,2.7356653681351832,0
Manfrinópolis,2009,9,3283,15.19,8339.02,sem rede,,32.31,0.0,32.31,9.028700982453218,2.7206373166076814,1
Manfrinópolis,2010,3,3180,14.71,10115.09,sem rede,,32.31,0.0,32.31,9.22178364723898,2.688527534613346,2
Manfrinópolis,2011,5,3076,14.23,11184.98,sem rede,,32.31,0.0,32.31,9.322327085813557,2.655352412101761,3
Manfrinópolis,2012,6,3026,14.0,11321.88,sem rede,,32.31,0.0,32.31,9.33449241570631,2.6390573296152584,4
Manfrinópolis,2013,3,3053,14.12,14770.06,sem rede,,32.31,0.0,32.31,9.600357437805597,2.647592232065096,5
Manfrinópolis,2014,4,3003,13.89,15300.7,sem rede,,32.31,0.0,32.31,9.63565385796794,2.6311691567662523,6
Manfrinópolis,2015,7,2954,13.66,16202.78,sem rede,,32.31,0.0,32.31,9.692938111436304,2.614471854142644,7
Manfrinópolis,2016,9,2907,13.45,18750.26,sem rede,,32.31,0.0,32.31,9.838962897969083,2.598979106047848,8
Manfrinópolis,2017,12,2861,13.23,19305.49,sem rede,,32.31,0.0,32.31,9.868144790401601,2.5824869781268642,9
Manfrinópolis,2018,2,2639,12.21,19930.66,sem rede,,32.31,0.0,32.31,9.90001452856419,2.502255288122613,10
Manfrinópolis,2019,1,2571,11.89,21620.77,sem rede,,32.31,0.0,32.31,9.981409705730131,2.4756977107026903,11
Manfrinópolis,2020,2,2506,11.59,28966.08,sem rede,,32.31,0.0,32.31,10.273880769215719,2.4501426573516603,12
Manfrinópolis,2021,0,2442,11.3,33362.82,sem rede,,32.31,0.0,32.31,10.415197385274125,2.424802725718295,13
Manfrinópolis,2022,1,2548,11.79,30689.17,sem rede,,32.31,0.0,32.31,10.33166510260812,2.4672517145492794,14
Manfrinópolis,2023,1,2655,12.28,39321.66,sem rede,,32.31,0.0,32.31,10.579530791070876,2.5079719227189963,15
Manfrinópolis,2024,2,2761,12.77,37812.02,sem rede,,32.31,0.0,32.31,10.540382320477748,2.547098670044448,16
Manfrinópolis,2025,0,2790,12.9,37419.0,sem rede,,32.31,0.0,32.31,10.52993387579382,2.5572273113676265,17
Manfrinópolis,2026,0,2790,12.9,37419.0,sem rede,,32.31,0.0,32.31,10.52993387579382,2.5572273113676265,18
Mangueirinha,2008,111,17562,16.61,36192.23,cobertura baixa,60.01,62.93,60.01,62.93,10.496599733891234,2.8100049236252036,0
Mangueirinha,2009,133,17526,16.57,35000.34,cobertura baixa,60.01,62.93,60.01,62.93,10.463113054710082,2.8075938314384716,1
Mangueirinha,2010,170,17260,16.32,41167.32,cobertura baixa,60.01,62.93,60.01,62.93,10.62540001670147,2.792391349535961,2
Mangueirinha,2011,81,16994,16.07,46401.55,cobertura baixa,60.01,62.93,60.01,62.93,10.74508814282882,2.776954179749421,3
Mangueirinha,2012,87,16941,16.02,60916.06,cobertura baixa,60.01,62.93,60.01,62.93,11.017252129933997,2.7738379416402132,4
Mangueirinha,2013,92,17402,16.46,62974.49,cobertura baixa,60.01,62.93,60.01,62.93,11.050485002736252,2.800933195248924,5
Mangueirinha,2014,108,17367,16.42,47753.33,cobertura baixa,60.01,62.93,60.01,62.93,10.773804081697175,2.7985001040242823,6
Mangueirinha,2015,57,17334,16.39,62251.18,cobertura baixa,60.01,62.93,60.01,62.93,11.038932769970588,2.7966713927557385,7
Mangueirinha,2016,69,17301,16.36,98115.25,cobertura baixa,60.01,62.93,60.01,62.93,11.49389808709055,2.794839331174601,8
Mangueirinha,2017,57,17269,16.33,76194.22,cobertura baixa,60.01,62.93,60.01,62.93,11.241040885779379,2.7930039069823738,9
Mangueirinha,2018,52,16787,15.88,80181.09,cobertura baixa,60.01,62.93,60.01,62.93,11.292042980516666,2.7650604558189897,10
Mangueirinha,2019,32,16714,15.81,87374.48,cobertura baixa,60.01,62.93,60.01,62.93,11.377958528159317,2.7606426512213806,11
Mangueirinha,2020,36,16642,15.74,93858.07,cobertura baixa,60.01,62.93,60.01,62.93,11.449539026597044,2.756205242989257,12
Mangueirinha,2021,16,16572,15.67,107003.86,cobertura baixa,60.01,62.93,60.01,62.93,11.58062018755972,2.7517480563679295,13
Mangueirinha,2022,20,16636,15.73,103378.88,cobertura baixa,60.01,62.93,60.01,62.93,11.546155964874359,2.7555697170701863,14
Mangueirinha,2023,16,16700,15.79,111958.98,cobertura baixa,60.01,62.93,60.01,62.93,11.62588783319132,2.7593768282675506,15
Mangueirinha,2024,15,16764,15.85,111531.56,cobertura baixa,60.01,62.93,60.01,62.93,11.622062879158761,2.7631695003232895,16
Mangueirinha,2025,13,16737,15.83,111711.48,cobertura baixa,60.01,62.93,60.01,62.93,11.623674755067231,2.761906873892921,17
Mangueirinha,2026,4,16737,15.83,111711.48,cobertura baixa,60.01,62.93,60.01,62.93,11.623674755067231,2.761906873892921,18
Manoel Ribas,2008,17,13119,22.93,10473.44,cobertura baixa,32.96,59.7,32.96,59.7,9.25659780768544,3.132446096869813,0
Manoel Ribas,2009,4,13113,22.92,10624.27,cobertura baixa,32.96,59.7,32.96,59.7,9.270896285549908,3.132009891846539,1
Manoel Ribas,2010,9,13145,22.97,11040.7,cobertura baixa,32.96,59.7,32.96,59.7,9.309343723618126,3.134189016701007,2
Manoel Ribas,2011,4,13177,23.03,13576.53,cobertura baixa,32.96,59.7,32.96,59.7,9.51609784563348,3.136797713832594,3
Manoel Ribas,2012,7,13185,23.04,15922.11,cobertura baixa,32.96,59.7,32.96,59.7,9.675463988304474,3.1372318358276905,4
Manoel Ribas,2013,14,13610,23.79,20380.38,cobertura baixa,32.96,59.7,32.96,59.7,9.922327952333996,3.1692653243148663,5
Manoel Ribas,2014,20,13635,23.83,21795.97,cobertura baixa,32.96,59.7,32.96,59.7,9.989480369302703,3.170945291110651,6
Manoel Ribas,2015,9,13660,23.87,21983.6,cobertura baixa,32.96,59.7,32.96,59.7,9.998051999805599,3.1726224403507386,7
Manoel Ribas,2016,22,13684,23.91,26111.96,cobertura baixa,32.96,59.7,32.96,59.7,10.170148725899915,3.1742967814702334,8
Manoel Ribas,2017,13,13708,23.96,22962.36,cobertura baixa,32.96,59.7,32.96,59.7,10.04161163260768,3.1763857732472487,9
Manoel Ribas,2018,14,13494,23.58,28109.23,cobertura baixa,32.96,59.7,32.96,59.7,10.243853271138349,3.160398895109225,10
Manoel Ribas,2019,19,13502,23.6,27482.15,cobertura baixa,32.96,59.7,32.96,59.7,10.221291981994865,3.1612467120315646,11
Manoel Ribas,2020,18,13510,23.61,34071.43,cobertura baixa,32.96,59.7,32.96,59.7,10.43621448218394,3.1616703510974213,12
Manoel Ribas,2021,11,13517,23.62,39319.97,cobertura baixa,32.96,59.7,32.96,59.7,10.579487811290313,3.1620938107692163,13
Manoel Ribas,2022,8,13870,24.24,45695.24,cobertura baixa,32.96,59.7,32.96,59.7,10.729749413908287,3.1880041612011136,14
Manoel Ribas,2023,7,14223,24.86,46136.26,cobertura baixa,32.96,59.7,32.96,59.7,10.739354470791767,3.213260086082565,15
Manoel Ribas,2024,7,14576,25.47,45018.94,cobertura baixa,32.96,59.7,32.96,59.7,10.714838569092462,3.2375012889913655,16
Manoel Ribas,2025,15,14675,25.65,44715.23,cobertura baixa,32.96,59.7,32.96,59.7,10.708069438454853,3.2445435716167785,17
Manoel Ribas,2026,14,14675,25.65,44715.23,cobertura baixa,32.96,59.7,32.96,59.7,10.708069438454853,3.2445435716167785,18
Marechal Cândido Rondon,2008,406,46523,62.25,17408.36,cobertura baixa,35.69,92.67,35.69,92.67,9.764705829588896,4.131158535344817,0
Marechal Cândido Rondon,2009,245,47048,62.95,16153.52,cobertura baixa,35.69,92.67,35.69,92.67,9.689893261558048,4.142340760490356,1
Marechal Cândido Rondon,2010,186,47157,63.09,20857.75,cobertura baixa,35.69,92.67,35.69,92.67,9.945480860800526,4.144562278382718,2
Marechal Cândido Rondon,2011,33,47266,63.24,24327.44,cobertura baixa,35.69,92.67,35.69,92.67,10.099360210348431,4.146937012341271,3
Marechal Cândido Rondon,2012,5,47697,63.82,26143.57,cobertura baixa,35.69,92.67,35.69,92.67,10.171358550156048,4.156066620850098,4
Marechal Cândido Rondon,2013,8,49773,66.59,30121.67,cobertura baixa,35.69,92.67,35.69,92.67,10.313000125263937,4.198554416122531,5
Marechal Cândido Rondon,2014,43,50299,67.3,33995.84,cobertura baixa,35.69,92.67,35.69,92.67,10.43399344317139,4.209160236650682,6
Marechal Cândido Rondon,2015,22,50808,67.98,36042.38,cobertura baixa,35.69,92.67,35.69,92.67,10.492450747277728,4.21921354426797,7
Marechal Cândido Rondon,2016,34,51306,68.65,40507.47,cobertura baixa,35.69,92.67,35.69,92.67,10.609241680531289,4.229021132213981,8
Marechal Cândido Rondon,2017,38,51795,69.3,42466.42,cobertura baixa,35.69,92.67,35.69,92.67,10.656468924957984,4.238444906195857,9
Marechal Cândido Rondon,2018,27,52379,70.08,44733.61,cobertura baixa,35.69,92.67,35.69,92.67,10.708480399631291,4.249637446628136,10
Marechal Cândido Rondon,2019,34,52944,70.84,44316.94,cobertura baixa,35.69,92.67,35.69,92.67,10.699122275716267,4.260423812914633,11
Marechal Cândido Rondon,2020,13,53495,71.57,52950.86,cobertura baixa,35.69,92.67,35.69,92.67,10.877119592635145,4.270675991750506,12
Marechal Cândido Rondon,2021,17,54031,72.29,54112.44,cobertura baixa,35.69,92.67,35.69,92.67,10.898819382948513,4.280685807012206,13
Marechal Cândido Rondon,2022,15,55401,74.12,65544.74,cobertura baixa,35.69,92.67,35.69,92.67,11.090488241883635,4.3056854014171595,14
Marechal Cândido Rondon,2023,13,56770,75.96,69033.06,cobertura baixa,35.69,92.67,35.69,92.67,11.142340799267844,4.330206885944085,15
Marechal Cândido Rondon,2024,19,58140,77.79,67406.38,cobertura baixa,35.69,92.67,35.69,92.67,11.11849495117425,4.354012888218683,16
Marechal Cândido Rondon,2025,14,58734,78.58,66724.67,cobertura baixa,35.69,92.67,35.69,92.67,11.10833002858796,4.364117214130314,17
Marechal Cândido Rondon,2026,9,58734,78.58,66724.67,cobertura baixa,35.69,92.67,35.69,92.67,11.10833002858796,4.364117214130314,18
Maria Helena,2008,2,6145,12.61,5844.1,cobertura baixa,29.86,82.04,29.86,82.04,8.67318788429161,2.534490149976828,0
Maria Helena,2009,2,6115,12.55,6219.3,cobertura baixa,29.86,82.04,29.86,82.04,8.735412639207176,2.529720665577793,1
Maria Helena,2010,2,6020,12.35,7281.73,cobertura baixa,29.86,82.04,29.86,82.04,8.893123750322083,2.513656063073986,2
Maria Helena,2011,2,5924,12.15,8357.53,cobertura baixa,29.86,82.04,29.86,82.04,9.030918207877999,2.4973291697865574,3
Maria Helena,2012,4,5892,12.09,9904.96,cobertura baixa,29.86,82.04,29.86,82.04,9.200790920760035,2.492378664626701,4
Maria Helena,2013,2,6034,12.38,10223.73,cobertura baixa,29.86,82.04,29.86,82.04,9.232466767817902,2.5160822672564502,5
Maria Helena,2014,1,6007,12.32,11484.93,cobertura baixa,29.86,82.04,29.86,82.04,9.348791020198226,2.511223958105374,6
Maria Helena,2015,4,5982,12.27,13550.15,cobertura baixa,29.86,82.04,29.86,82.04,9.514152896357276,2.50715725872282,7
Maria Helena,2016,1,5957,12.22,17133.29,cobertura baixa,29.86,82.04,29.86,82.04,9.748778633589069,2.503073953743449,8
Maria Helena,2017,2,5932,12.17,16903.91,cobertura baixa,29.86,82.04,29.86,82.04,9.735300235098094,2.498973906999436,9
Maria Helena,2018,2,5720,11.74,18991.08,cobertura baixa,29.86,82.04,29.86,82.04,9.851724674227093,2.4630018143999504,10
Maria Helena,2019,1,5677,11.65,17627.27,cobertura baixa,29.86,82.04,29.86,82.04,9.777202413713434,2.4553061800117097,11
Maria Helena,2020,1,5634,11.56,22962.02,cobertura baixa,29.86,82.04,29.86,82.04,10.041596825657646,2.4475508632442313,12
Maria Helena,2021,5,5593,11.48,24037.73,cobertura baixa,29.86,82.04,29.86,82.04,10.087379958233994,2.4406063908914204,13
Maria Helena,2022,1,5707,11.71,24283.16,cobertura baixa,29.86,82.04,29.86,82.04,10.097538384975065,2.460443177609626,14
Maria Helena,2023,3,5821,11.94,30305.27,cobertura baixa,29.86,82.04,29.86,82.04,10.319076903766584,2.479894107964456,15
Maria Helena,2024,4,5935,12.18,29723.17,cobertura baixa,29.86,82.04,29.86,82.04,10.299682155324039,2.4997952622817508,16
Maria Helena,2025,2,5926,12.16,29768.31,cobertura baixa,29.86,82.04,29.86,82.04,10.301199683839474,2.498151876538021,17
Maria Helena,2026,2,5926,12.16,29768.31,cobertura baixa,29.86,82.04,29.86,82.04,10.301199683839474,2.498151876538021,18
Marialva,2008,312,31171,65.42,12026.72,cobertura alta,71.62,78.76,71.62,78.76,9.394886120088417,4.180828022110238,0
Marialva,2009,230,31397,65.89,13070.64,cobertura alta,71.62,78.76,71.62,78.76,9.478123772519648,4.187986684925728,1
Marialva,2010,245,31803,66.74,14887.05,cobertura alta,71.62,78.76,71.62,78.76,9.608246986506467,4.2008044733232275,2
Marialva,2011,176,32209,67.59,19233.13,cobertura alta,71.62,78.76,71.62,78.76,9.864389591848454,4.213460043112263,3
Marialva,2012,113,32451,68.1,22178.7,cobertura alta,71.62,78.76,71.62,78.76,10.006887647825058,4.220977213155467,4
Marialva,2013,37,33794,70.92,26748.98,cobertura alta,71.62,78.76,71.62,78.76,10.194251620756033,4.2615524812060075,5
Marialva,2014,13,34096,71.56,30584.67,cobertura alta,71.62,78.76,71.62,78.76,10.32825418201571,4.270536258640519,6
Marialva,2015,21,34388,72.17,37688.32,cobertura alta,71.62,78.76,71.62,78.76,10.537105511110122,4.279024447084182,7
Marialva,2016,11,34675,72.77,39611.33,cobertura alta,71.62,78.76,71.62,78.76,10.586870467431705,4.287303782358995,8
Marialva,2017,12,34955,73.36,41401.29,cobertura alta,71.62,78.76,71.62,78.76,10.63106731874825,4.295378827948209,9
Marialva,2018,11,35180,73.83,42116.43,cobertura alta,71.62,78.76,71.62,78.76,10.648193204821006,4.3017651530710745,10
Marialva,2019,7,35496,74.49,42134.13,cobertura alta,71.62,78.76,71.62,78.76,10.648613380075874,4.310664888188185,11
Marialva,2020,3,35804,75.14,56932.72,cobertura alta,71.62,78.76,71.62,78.76,10.949625498776745,4.319353040145823,12
Marialva,2021,2,36103,75.77,73523.89,cobertura alta,71.62,78.76,71.62,78.76,11.205365666402422,4.327702435943282,13
Marialva,2022,2,38768,81.36,71151.21,cobertura alta,71.62,78.76,71.62,78.76,11.172562609698058,4.398883751740304,14
Marialva,2023,3,41433,86.95,71552.14,cobertura alta,71.62,78.76,71.62,78.76,11.178181693691764,4.465333240800292,15
Marialva,2024,2,44098,92.55,67227.99,cobertura alta,71.62,78.76,71.62,78.76,11.1158449576489,4.527749039019507,16
Marialva,2025,2,44749,93.91,66249.97,cobertura alta,71.62,78.76,71.62,78.76,11.101190291018177,4.542336876816522,17
Marialva,2026,3,44749,93.91,66249.97,cobertura alta,71.62,78.76,71.62,78.76,11.101190291018177,4.542336876816522,18
Marilena,2008,26,6715,28.83,4983.62,sem rede,,80.69,0.0,80.69,8.513911813579831,3.3614165116503107,0
Marilena,2009,23,6704,28.78,6649.91,sem rede,,80.69,0.0,80.69,8.80235859972373,3.359680701459222,1
Marilena,2010,38,6785,29.13,7361.83,sem rede,,80.69,0.0,80.69,8.904063822121143,3.3717685709713434,2
Marilena,2011,28,6866,29.48,7897.32,sem rede,,80.69,0.0,80.69,8.974278740393705,3.383712067321136,3
Marilena,2012,23,6874,29.51,9083.07,sem rede,,80.69,0.0,80.69,9.11416752017735,3.3847291889548483,4
Marilena,2013,3,7100,30.49,10633.1,sem rede,,80.69,0.0,80.69,9.271727056290395,3.4173987610001633,5
Marilena,2014,1,7117,30.56,13833.22,sem rede,,80.69,0.0,80.69,9.534828224746034,3.4196919642983197,6
Marilena,2015,2,7134,30.63,14812.73,sem rede,,80.69,0.0,80.69,9.603242225183099,3.421979920844684,7
Marilena,2016,5,7150,30.7,15708.39,sem rede,,80.69,0.0,80.69,9.661950243502751,3.4242626545931514,8
Marilena,2017,16,7166,30.77,17623.92,sem rede,,80.69,0.0,80.69,9.777012349207236,3.4265401893339504,9
Marilena,2018,12,7067,30.34,19342.3,sem rede,,80.69,0.0,80.69,9.870049686445116,3.4124669739203863,10
Marilena,2019,12,7076,30.38,21320.52,sem rede,,80.69,0.0,80.69,9.967425268226247,3.4137844971676268,11
Marilena,2020,10,7084,30.42,24157.68,sem rede,,80.69,0.0,80.69,10.092357620947846,3.4151002868311466,12
Marilena,2021,16,7093,30.46,24600.31,sem rede,,80.69,0.0,80.69,10.11051432346707,3.4164143474670157,13
Marilena,2022,19,7198,30.91,29297.3,sem rede,,80.69,0.0,80.69,10.285250640588423,3.431079756144025,14
Marilena,2023,15,7304,31.36,32480.42,sem rede,,80.69,0.0,80.69,10.388392725226492,3.445533195482207,15
Marilena,2024,28,7409,31.81,32020.11,sem rede,,80.69,0.0,80.69,10.37411942189771,3.4597807057610526,16
Marilena,2025,25,7450,31.99,31843.89,sem rede,,80.69,0.0,80.69,10.368600805862595,3.4654233539614268,17
Marilena,2026,19,7450,31.99,31843.89,sem rede,,80.69,0.0,80.69,10.368600805862595,3.4654233539614268,18
Mariluz,2008,11,10817,24.92,7791.07,cobertura baixa,49.81,91.13,49.81,91.13,8.960733485016462,3.2156706939192525,0
Mariluz,2009,10,10861,25.02,7081.67,cobertura baixa,49.81,91.13,49.81,91.13,8.865265034579679,3.219675505038765,1
Mariluz,2010,11,10540,24.28,8332.73,cobertura baixa,49.81,91.13,49.81,91.13,9.02794641256122,3.1896529661912973,2
Mariluz,2011,14,10219,23.54,10193.95,cobertura baixa,49.81,91.13,49.81,91.13,9.22954968604197,3.1587011018321305,3
Mariluz,2012,14,10214,23.53,11424.03,cobertura baixa,49.81,91.13,49.81,91.13,9.343474310626338,3.158276202739271,4
Mariluz,2013,8,10526,24.25,14440.15,cobertura baixa,49.81,91.13,49.81,91.13,9.577767800204498,3.188416617383492,5
Mariluz,2014,5,10534,24.27,16236.57,cobertura baixa,49.81,91.13,49.81,91.13,9.695021384511799,3.18924101973851,6
Mariluz,2015,4,10541,24.28,16198.27,cobertura baixa,49.81,91.13,49.81,91.13,9.692659725394547,3.1896529661912973,7
Mariluz,2016,4,10548,24.3,20071.1,cobertura baixa,49.81,91.13,49.81,91.13,9.907036248459871,3.190476350346503,8
Mariluz,2017,5,10555,24.31,19835.34,cobertura baixa,49.81,91.13,49.81,91.13,9.895220474218206,3.1908877883280318,9
Mariluz,2018,3,10354,23.85,22239.13,cobertura baixa,49.81,91.13,49.81,91.13,10.009608628894327,3.1717842173343502,10
Mariluz,2019,6,10345,23.83,20272.89,cobertura baixa,49.81,91.13,49.81,91.13,9.917039804517499,3.170945291110651,11
Mariluz,2020,2,10336,23.81,26111.55,cobertura baixa,49.81,91.13,49.81,91.13,10.170133024159453,3.170105660498771,12
Mariluz,2021,6,10327,23.79,27535.49,cobertura baixa,49.81,91.13,49.81,91.13,10.223230997071202,3.1692653243148663,13
Mariluz,2022,15,10196,23.49,25247.45,cobertura baixa,49.81,91.13,49.81,91.13,10.136480439504652,3.1565747986708215,14
Mariluz,2023,5,10065,23.19,40134.82,cobertura baixa,49.81,91.13,49.81,91.13,10.599999565692034,3.1437211512674406,15
Mariluz,2024,9,9934,22.88,40664.08,cobertura baixa,49.81,91.13,49.81,91.13,10.613100426466923,3.130263166511597,16
Mariluz,2025,6,9910,22.83,40762.56,cobertura baixa,49.81,91.13,49.81,91.13,10.615519292037613,3.1280754605417043,17
Mariluz,2026,1,9910,22.83,40762.56,cobertura baixa,49.81,91.13,49.81,91.13,10.615519292037613,3.1280754605417043,18
Marilândia do Sul,2008,19,9193,23.85,16606.77,cobertura baixa,49.62,85.34,49.62,85.34,9.717565722529345,3.1717842173343502,0
Marilândia do Sul,2009,17,9197,23.86,15373.82,cobertura baixa,49.62,85.34,49.62,85.34,9.640421341761963,3.17220341666977,1
Marilândia do Sul,2010,8,9022,23.4,16716.03,cobertura baixa,49.62,85.34,49.62,85.34,9.72412341825392,3.152736022363656,2
Marilândia do Sul,2011,6,8848,22.95,22351.04,cobertura baixa,49.62,85.34,49.62,85.34,10.014628131397593,3.133317936506554,3
Marilândia do Sul,2012,4,8832,22.91,26660.1,cobertura baixa,49.62,85.34,49.62,85.34,10.1909233446634,3.1315734964654043,4
Marilândia do Sul,2013,2,9088,23.57,29492.41,cobertura baixa,49.62,85.34,49.62,85.34,10.291888221088048,3.1599747169480397,5
Marilândia do Sul,2014,6,9083,23.56,24688.65,cobertura baixa,49.62,85.34,49.62,85.34,10.114098902837037,3.159550358783386,6
Marilândia do Sul,2015,1,9078,23.55,29105.86,cobertura baixa,49.62,85.34,49.62,85.34,10.278694807456894,3.159125820462427,7
Marilândia do Sul,2016,10,9073,23.54,29470.96,cobertura baixa,49.62,85.34,49.62,85.34,10.291160650701679,3.1587011018321305,8
Marilândia do Sul,2017,5,9068,23.52,32658.69,cobertura baixa,49.62,85.34,49.62,85.34,10.393866255493442,3.1578511230304263,9
Marilândia do Sul,2018,6,8858,22.98,37611.2,cobertura baixa,49.62,85.34,49.62,85.34,10.535057157363253,3.1346242724206097,10
Marilândia do Sul,2019,3,8836,22.92,36478.84,cobertura baixa,49.62,85.34,49.62,85.34,10.504487645437079,3.132009891846539,11
Marilândia do Sul,2020,2,8814,22.86,44437.6,cobertura baixa,49.62,85.34,49.62,85.34,10.701841236894682,3.1293886583666644,12
Marilândia do Sul,2021,4,8793,22.81,53045.95,cobertura baixa,49.62,85.34,49.62,85.34,10.878913798055276,3.1271990362962967,13
Marilândia do Sul,2022,3,8787,22.79,56251.28,cobertura baixa,49.62,85.34,49.62,85.34,10.937584075363318,3.126321843257593,14
Marilândia do Sul,2023,1,8780,22.78,58117.08,cobertura baixa,49.62,85.34,49.62,85.34,10.970214875541167,3.125882958019036,15
Marilândia do Sul,2024,1,8774,22.76,58156.83,cobertura baixa,49.62,85.34,49.62,85.34,10.970898605907655,3.1250046092581303,16
Marilândia do Sul,2025,4,8761,22.73,58243.12,cobertura baixa,49.62,85.34,49.62,85.34,10.972381252864242,3.123685637864452,17
Marilândia do Sul,2026,2,8761,22.73,58243.12,cobertura baixa,49.62,85.34,49.62,85.34,10.972381252864242,3.123685637864452,18
Maringá,2008,192,331412,678.71,18360.57,cobertura alta,99.47,93.14,99.47,93.14,9.817960709444206,6.520193937651558,0
Maringá,2009,189,335511,687.1,21427.75,cobertura alta,99.47,93.14,99.47,93.14,9.972442089955004,6.532479842037031,1
Maringá,2010,226,348920,714.56,24518.42,cobertura alta,99.47,93.14,99.47,93.14,10.107179950779855,6.571666968651793,2
Maringá,2011,179,362329,742.02,27215.78,cobertura alta,99.47,93.14,99.47,93.14,10.211552231122665,6.609376196982021,3
Maringá,2012,203,367410,752.43,31001.62,cobertura alta,99.47,93.14,99.47,93.14,10.341794740166394,6.623307969040285,4
Maringá,2013,154,385753,789.99,35750.9,cobertura alta,99.47,93.14,99.47,93.14,10.484330722630448,6.672020287153103,5
Maringá,2014,116,391698,802.17,37189.94,cobertura alta,99.47,93.14,99.47,93.14,10.523793573580896,6.687320555478846,6
Maringá,2015,68,397437,813.92,38894.23,cobertura alta,99.47,93.14,99.47,93.14,10.568601189555853,6.701862081074455,7
Maringá,2016,96,403063,825.44,39924.6,cobertura alta,99.47,93.14,99.47,93.14,10.594747954247802,6.71591657749634,8
Maringá,2017,68,406693,832.88,41583.18,cobertura alta,99.47,93.14,99.47,93.14,10.635451037564108,6.724889574166498,9
Maringá,2018,48,417010,854.0,44441.29,cobertura alta,99.47,93.14,99.47,93.14,10.701924271235056,6.74993119378857,10
Maringá,2019,50,423666,867.63,45581.28,cobertura alta,99.47,93.14,99.47,93.14,10.72725238489769,6.76576535650152,11
Maringá,2020,29,430157,880.93,46478.13,cobertura alta,99.47,93.14,99.47,93.14,10.746737158358446,6.780978167614865,12
Maringá,2021,29,436472,893.86,51906.51,cobertura alta,99.47,93.14,99.47,93.14,10.857199494813864,6.7955491633579514,13
Maringá,2022,32,432976,886.7,61593.19,cobertura alta,99.47,93.14,99.47,93.14,11.028306591462242,6.787506706385962,14
Maringá,2023,17,429479,879.54,64769.98,cobertura alta,99.47,93.14,99.47,93.14,11.078597503391984,6.7793990435299945,15
Maringá,2024,51,425983,872.38,65301.54,cobertura alta,99.47,93.14,99.47,93.14,11.086770898447387,6.771225108801046,16
Maringá,2025,97,429660,879.91,64742.69,cobertura alta,99.47,93.14,99.47,93.14,11.078176077435684,6.779819629514767,17
Maringá,2026,31,429660,879.91,64742.69,cobertura alta,99.47,93.14,99.47,93.14,11.078176077435684,6.779819629514767,18
Maripá,2008,86,5698,20.04,24300.98,sem rede,,69.17,0.0,69.17,10.098271957733546,2.997730276216664,0
Maripá,2009,29,5673,19.95,22533.4,sem rede,,69.17,0.0,69.17,10.022753931938452,2.9932291433358724,1
Maripá,2010,86,5671,19.94,27059.78,sem rede,,69.17,0.0,69.17,10.205803771610428,2.9927277645336923,2
Maripá,2011,50,5669,19.93,31860.82,sem rede,,69.17,0.0,69.17,10.369132320734842,2.9922261342247034,3
Maripá,2012,74,5654,19.88,30176.34,sem rede,,69.17,0.0,69.17,10.314813452601946,2.989714201228428,4
Maripá,2013,50,5810,20.43,46487.61,sem rede,,69.17,0.0,69.17,10.746941104458006,3.0170044088295307,5
Maripá,2014,75,5802,20.4,47300.93,sem rede,,69.17,0.0,69.17,10.764285236020351,3.0155349008501706,6
Maripá,2015,64,5793,20.37,50906.61,sem rede,,69.17,0.0,69.17,10.837748056582654,3.0140632302387145,7
Maripá,2016,81,5784,20.34,62632.61,sem rede,,69.17,0.0,69.17,11.045041347970646,3.012589390620414,8
Maripá,2017,2,5776,20.31,57296.75,sem rede,,69.17,0.0,69.17,10.955999182071558,3.011113375592293,9
Maripá,2018,0,5624,19.77,62614.69,sem rede,,69.17,0.0,69.17,11.044755194095515,2.9841656371825254,10
Maripá,2019,3,5603,19.7,60984.12,sem rede,,69.17,0.0,69.17,11.018368781395415,2.9806186357439426,11
Maripá,2020,1,5582,19.63,80020.24,sem rede,,69.17,0.0,69.17,11.290034881656915,2.9770590082883697,12
Maripá,2021,0,5562,19.56,85960.09,sem rede,,69.17,0.0,69.17,11.361638397754502,2.9734866646066713,13
Maripá,2022,0,5964,20.97,62556.17,sem rede,,69.17,0.0,69.17,11.043820152117476,3.0430928449138284,14
Maripá,2023,0,6365,22.38,84160.72,sem rede,,69.17,0.0,69.17,11.340483583068021,3.108167702883779,15
Maripá,2024,1,6767,23.79,79161.08,sem rede,,69.17,0.0,69.17,11.279240042877602,3.1692653243148663,16
Maripá,2025,1,6824,23.99,78499.85,sem rede,,69.17,0.0,69.17,11.27085199294065,3.177637076851603,17
Maripá,2026,0,6824,23.99,78499.85,sem rede,,69.17,0.0,69.17,11.27085199294065,3.177637076851603,18
Mariópolis,2008,47,5956,25.79,16364.17,sem rede,,73.65,0.0,73.65,9.702849467653357,3.2499868198932536,0
Mariópolis,2009,60,5944,25.74,16548.62,sem rede,,73.65,0.0,73.65,9.714057993642795,3.2480462021679806,1
Mariópolis,2010,72,6116,26.49,17023.87,sem rede,,73.65,0.0,73.65,9.74237175583402,3.2767673032839784,2
Mariópolis,2011,26,6288,27.23,19652.67,sem rede,,73.65,0.0,73.65,9.885968485929443,3.3043193066856684,3
Mariópolis,2012,19,6306,27.31,21320.01,sem rede,,73.65,0.0,73.65,9.967401347322824,3.3072529354856135,4
Mariópolis,2013,7,6529,28.28,27737.17,sem rede,,73.65,0.0,73.65,10.230528669919062,3.342154841028372,5
Mariópolis,2014,3,6558,28.4,29657.67,sem rede,,73.65,0.0,73.65,10.297476055627065,3.3463891451671604,6
Mariópolis,2015,5,6585,28.52,30838.88,sem rede,,73.65,0.0,73.65,10.336531510545692,3.3506055955460954,7
Mariópolis,2016,4,6612,28.64,35764.52,sem rede,,73.65,0.0,73.65,10.484711619510161,3.3548043420924447,8
Mariópolis,2017,3,6638,28.75,34630.91,sem rede,,73.65,0.0,73.65,10.452501914845033,3.3586377672433594,9
Mariópolis,2018,1,6586,28.52,42681.29,sem rede,,73.65,0.0,73.65,10.661515929888635,3.3506055955460954,10
Mariópolis,2019,3,6610,28.63,44024.96,sem rede,,73.65,0.0,73.65,10.692512024789322,3.354455119110024,11
Mariópolis,2020,1,6632,28.72,56090.47,sem rede,,73.65,0.0,73.65,10.934721201857542,3.3575937441800234,12
Mariópolis,2021,0,6655,28.82,66102.33,sem rede,,73.65,0.0,73.65,11.09895927484031,3.361069590571376,13
Mariópolis,2022,3,6595,28.56,95645.94,sem rede,,73.65,0.0,73.65,11.468408527548288,3.3520071374713836,14
Mariópolis,2023,3,6535,28.3,84779.5,sem rede,,73.65,0.0,73.65,11.347809047271875,3.342861804649192,15
Mariópolis,2024,2,6475,28.04,85565.1,sem rede,,73.65,0.0,73.65,11.357032768713026,3.3336320621663895,16
Mariópolis,2025,5,6506,28.18,85157.39,sem rede,,73.65,0.0,73.65,11.352256470346111,3.3386125064705343,17
Mariópolis,2026,1,6506,28.18,85157.39,sem rede,,73.65,0.0,73.65,11.352256470346111,3.3386125064705343,18
Marmeleiro,2008,159,13493,34.75,10508.86,cobertura baixa,44.62,70.31,44.62,70.31,9.25997398986231,3.548179572010801,0
Marmeleiro,2009,57,13463,34.67,11124.71,cobertura baixa,44.62,70.31,44.62,70.31,9.31692403927895,3.545874759696932,1
Marmeleiro,2010,214,13691,35.26,11831.5,cobertura baixa,44.62,70.31,44.62,70.31,9.378520745215106,3.562749176969724,2
Marmeleiro,2011,169,13919,35.85,12858.83,cobertura baixa,44.62,70.31,44.62,70.31,9.461786013870428,3.5793435670456293,3
Marmeleiro,2012,237,13936,35.89,14062.57,cobertura baixa,44.62,70.31,44.62,70.31,9.551271936712165,3.580458705159516,4
Marmeleiro,2013,204,14397,37.08,19052.65,cobertura baixa,44.62,70.31,44.62,70.31,9.854961478491829,3.6130777406976544,5
Marmeleiro,2014,273,14434,37.17,21447.35,cobertura baixa,44.62,70.31,44.62,70.31,9.97335637360054,3.615501984309161,6
Marmeleiro,2015,299,14470,37.27,24545.75,cobertura baixa,44.62,70.31,44.62,70.31,10.108294002146733,3.618188713491167,7
Marmeleiro,2016,280,14505,37.36,27731.47,cobertura baixa,44.62,70.31,44.62,70.31,10.23032314838401,3.620600613360642,8
Marmeleiro,2017,268,14539,37.44,29490.54,cobertura baixa,44.62,70.31,44.62,70.31,10.291824812933635,3.622739651609391,9
Marmeleiro,2018,273,14346,36.95,31572.15,cobertura baixa,44.62,70.31,44.62,70.31,10.360030681862236,3.609565647394211,10
Marmeleiro,2019,177,14367,37.0,29566.78,cobertura baixa,44.62,70.31,44.62,70.31,10.294406712767648,3.6109179126442243,11
Marmeleiro,2020,3,14387,37.05,37638.98,cobertura baixa,44.62,70.31,44.62,70.31,10.535795494501105,3.6122683517420957,12
Marmeleiro,2021,0,14407,37.1,44083.02,cobertura baixa,44.62,70.31,44.62,70.31,10.693829953276703,3.6136169696133895,13
Marmeleiro,2022,1,15067,38.8,42790.6,cobertura baixa,44.62,70.31,44.62,70.31,10.664073731280306,3.6584202466292277,14
Marmeleiro,2023,7,15726,40.5,46954.28,cobertura baixa,44.62,70.31,44.62,70.31,10.756929641290887,3.7013019741124933,15
Marmeleiro,2024,6,16386,42.2,45063.04,cobertura baixa,44.62,70.31,44.62,70.31,10.715817677311954,3.742420221041966,16
Marmeleiro,2025,8,16605,42.76,44468.71,cobertura baixa,44.62,70.31,44.62,70.31,10.702541074763777,3.7556030861568446,17
Marmeleiro,2026,4,16605,42.76,44468.71,cobertura baixa,44.62,70.31,44.62,70.31,10.702541074763777,3.7556030861568446,18
Marquinho,2008,60,5300,10.5,7268.3,sem rede,,44.3,0.0,44.3,8.891277705494137,2.3513752571634776,0
Marquinho,2009,89,5258,10.41,7151.2,sem rede,,44.3,0.0,44.3,8.875035453773643,2.3427668826268775,1
Marquinho,2010,105,5094,10.09,7529.25,sem rede,,44.3,0.0,44.3,8.926550714239745,2.3115448343655176,2
Marquinho,2011,70,4929,9.76,7764.66,sem rede,,44.3,0.0,44.3,8.957337948403923,2.278292400425001,3
Marquinho,2012,75,4879,9.66,8297.19,sem rede,,44.3,0.0,44.3,9.023672182245404,2.2679936482244267,4
Marquinho,2013,56,4965,9.83,11032.23,sem rede,,44.3,0.0,44.3,9.308576267696711,2.285438934159075,5
Marquinho,2014,31,4917,9.74,13011.19,sem rede,,44.3,0.0,44.3,9.47356503542506,2.2762411176544437,6
Marquinho,2015,22,4871,9.65,14265.86,sem rede,,44.3,0.0,44.3,9.565624549247142,2.2669579153508947,7
Marquinho,2016,31,4826,9.56,16728.97,sem rede,,44.3,0.0,44.3,9.724897226036589,2.25758772706331,8
Marquinho,2017,27,4725,9.36,16277.04,sem rede,,44.3,0.0,44.3,9.697510804843784,2.2364452904895007,9
Marquinho,2018,40,4472,8.86,19146.24,sem rede,,44.3,0.0,44.3,9.859861630683138,2.1815467646169897,10
Marquinho,2019,32,4405,8.72,18813.85,sem rede,,44.3,0.0,44.3,9.84234857971389,2.1656192379208883,11
Marquinho,2020,7,4340,8.6,24788.71,sem rede,,44.3,0.0,44.3,10.11814358656352,2.151762203259462,12
Marquinho,2021,12,4283,8.48,26022.41,sem rede,,44.3,0.0,44.3,10.166713368838153,2.1377104498038118,13
Marquinho,2022,4,4362,8.64,28899.13,sem rede,,44.3,0.0,44.3,10.271566769841167,2.1564025828159643,14
Marquinho,2023,5,4442,8.8,30387.66,sem rede,,44.3,0.0,44.3,10.321791883933429,2.174751721484161,15
Marquinho,2024,13,4521,8.95,29856.67,sem rede,,44.3,0.0,44.3,10.304163544445649,2.191653532286764,16
Marquinho,2025,11,4491,8.89,30056.11,sem rede,,44.3,0.0,44.3,10.310821247082082,2.1849270495258133,17
Marquinho,2026,4,4491,8.89,30056.11,sem rede,,44.3,0.0,44.3,10.310821247082082,2.1849270495258133,18
Marumbi,2008,26,4200,20.11,7617.62,sem rede,,90.02,0.0,90.02,8.938219263935652,3.001217203784561,0
Marumbi,2009,16,4154,19.89,8240.49,sem rede,,90.02,0.0,90.02,9.016815087154901,2.9902170928658807,1
Marumbi,2010,10,4378,20.96,8578.57,sem rede,,90.02,0.0,90.02,9.05702251192491,3.0426158594528414,2
Marumbi,2011,12,4603,22.03,9253.96,sem rede,,90.02,0.0,90.02,9.132806847002449,3.092405160814252,3
Marumbi,2012,7,4602,22.03,10925.03,sem rede,,90.02,0.0,90.02,9.298811765955444,3.092405160814252,4
Marumbi,2013,34,4745,22.71,12480.72,sem rede,,90.02,0.0,90.02,9.431940332566974,3.122805356117467,5
Marumbi,2014,17,4750,22.74,12798.74,sem rede,,90.02,0.0,90.02,9.457102007562419,3.12412548832239,6
Marumbi,2015,21,4755,22.76,13189.7,sem rede,,90.02,0.0,90.02,9.487191500949288,3.1250046092581303,7
Marumbi,2016,27,4760,22.79,14224.58,sem rede,,90.02,0.0,90.02,9.562726733075342,3.126321843257593,8
Marumbi,2017,11,4765,22.81,15761.59,sem rede,,90.02,0.0,90.02,9.665331246647858,3.1271990362962967,9
Marumbi,2018,13,4681,22.41,16218.54,sem rede,,90.02,0.0,90.02,9.693910311287596,3.1095072878128356,10
Marumbi,2019,5,4679,22.4,17281.47,sem rede,,90.02,0.0,90.02,9.75739010818429,3.109060958860994,11
Marumbi,2020,1,4677,22.39,18871.93,sem rede,,90.02,0.0,90.02,9.845430911881818,3.1086144306106633,12
Marumbi,2021,1,4676,22.38,22123.82,sem rede,,90.02,0.0,90.02,10.004410135120525,3.108167702883779,13
Marumbi,2022,0,4710,22.55,23100.21,sem rede,,90.02,0.0,90.02,10.047596987377654,3.1157350659486873,14
Marumbi,2023,0,4744,22.71,28312.18,sem rede,,90.02,0.0,90.02,10.251047379733262,3.122805356117467,15
Marumbi,2024,1,4778,22.87,28110.72,sem rede,,90.02,0.0,90.02,10.243906277233172,3.12982600803469,16
Marumbi,2025,0,4780,22.88,28098.95,sem rede,,90.02,0.0,90.02,10.243487488075647,3.130263166511597,17
Marumbi,2026,0,4780,22.88,28098.95,sem rede,,90.02,0.0,90.02,10.243487488075647,3.130263166511597,18
Matelândia,2008,73,16056,25.05,13450.49,cobertura alta,72.88,80.56,72.88,80.56,9.50677081559315,3.2208738275308737,0
Matelândia,2009,77,16217,25.3,13990.07,cobertura alta,72.88,80.56,72.88,80.56,9.54610307122099,3.2308043957334744,1
Matelândia,2010,212,16214,25.29,15742.88,cobertura alta,72.88,80.56,72.88,80.56,9.66414347855021,3.2304090606818736,2
Matelândia,2011,58,16212,25.29,19576.12,cobertura alta,72.88,80.56,72.88,80.56,9.882065735058767,3.2304090606818736,3
Matelândia,2012,40,16340,25.49,23178.46,cobertura alta,72.88,80.56,72.88,80.56,10.050978678103474,3.238286218388024,4
Matelândia,2013,28,17026,26.56,29879.48,cobertura alta,72.88,80.56,72.88,80.56,10.304927236150206,3.279406324608233,5
Matelândia,2014,54,17186,26.81,33660.71,cobertura alta,72.88,80.56,72.88,80.56,10.424086560808137,3.2887749522478678,6
Matelândia,2015,18,17340,27.05,37767.82,cobertura alta,72.88,80.56,72.88,80.56,10.539212696275346,3.2976870052924907,7
Matelândia,2016,61,17491,27.29,43168.83,cobertura alta,72.88,80.56,72.88,80.56,10.67287398602798,3.306520334720247,8
Matelândia,2017,20,17640,27.52,48866.84,cobertura alta,72.88,80.56,72.88,80.56,10.796854326827136,3.314913013065143,9
Matelândia,2018,17,17775,27.73,51478.2,cobertura alta,72.88,80.56,72.88,80.56,10.848913696063807,3.322514859627687,10
Matelândia,2019,18,17943,27.99,47077.02,cobertura alta,72.88,80.56,72.88,80.56,10.759540262854337,3.331847303527362,11
Matelândia,2020,21,18107,28.25,54738.28,cobertura alta,72.88,80.56,72.88,80.56,10.910318560836854,3.34109345759245,12
Matelândia,2021,18,18266,28.5,60022.23,cobertura alta,72.88,80.56,72.88,80.56,11.002470272586061,3.349904087274605,13
Matelândia,2022,34,18518,28.89,69568.96,cobertura alta,72.88,80.56,72.88,80.56,11.150073769833693,3.363495514478144,14
Matelândia,2023,32,18770,29.28,76761.59,cobertura alta,72.88,80.56,72.88,80.56,11.248459663820602,3.3769046890931107,15
Matelândia,2024,18,19022,29.68,75744.66,cobertura alta,72.88,80.56,72.88,80.56,11.235123225837217,3.39047341829918,16
Matelândia,2025,34,19223,29.99,74952.66,cobertura alta,72.88,80.56,72.88,80.56,11.224611993227862,3.4008639927609177,17
Matelândia,2026,11,19223,29.99,74952.66,cobertura alta,72.88,80.56,72.88,80.56,11.224611993227862,3.4008639927609177,18
Matinhos,2008,19,23968,203.12,14082.69,cobertura alta,99.6,99.99,99.6,99.99,9.552701662600454,5.313796937396423,0
Matinhos,2009,22,23925,202.75,11895.72,cobertura alta,99.6,99.99,99.6,99.99,9.383933950539515,5.311973692995522,1
Matinhos,2010,42,26878,227.78,12580.55,cobertura alta,99.6,99.99,99.6,99.99,9.439907249489512,5.428380250846205,2
Matinhos,2011,22,29831,252.81,12277.33,cobertura alta,99.6,99.99,99.6,99.99,9.415509751350422,5.532638218452371,3
Matinhos,2012,16,30220,256.1,14288.48,cobertura alta,99.6,99.99,99.6,99.99,9.567208897176853,5.54556799320548,4
Matinhos,2013,3,31690,268.56,16547.08,cobertura alta,99.6,99.99,99.6,99.99,9.713964930193399,5.593074352671779,5
Matinhos,2014,13,32148,272.44,18875.45,cobertura alta,99.6,99.99,99.6,99.99,9.845617414892635,5.607418406373117,6
Matinhos,2015,8,32591,276.19,27084.47,cobertura alta,99.6,99.99,99.6,99.99,10.20671577987396,5.62108903467167,7
Matinhos,2016,6,33024,279.86,28583.64,cobertura alta,99.6,99.99,99.6,99.99,10.260589805165496,5.634289478127568,8
Matinhos,2017,7,33450,283.47,22305.29,cobertura alta,99.6,99.99,99.6,99.99,10.012579149047001,5.647106297462645,9
Matinhos,2018,2,34207,289.89,22284.82,cobertura alta,99.6,99.99,99.6,99.99,10.011661008166074,5.6695015406793265,10
Matinhos,2019,5,34720,294.24,22858.84,cobertura alta,99.6,99.99,99.6,99.99,10.037093192404257,5.684395760856011,11
Matinhos,2020,2,35219,298.47,23293.08,cobertura alta,99.6,99.99,99.6,99.99,10.055911599733678,5.698669425269378,12
Matinhos,2021,2,35705,302.58,24988.99,cobertura alta,99.6,99.99,99.6,99.99,10.126190606845777,5.712345705316689,13
Matinhos,2022,7,37609,318.72,26602.62,cobertura alta,99.6,99.99,99.6,99.99,10.188764986159956,5.764312974396233,14
Matinhos,2023,2,39512,334.85,29059.65,cobertura alta,99.6,99.99,99.6,99.99,10.277105893004943,5.81368267035606,15
Matinhos,2024,6,41416,350.98,27723.71,cobertura alta,99.6,99.99,99.6,99.99,10.23004328273212,5.860729241785461,16
Matinhos,2025,8,42063,356.47,27297.27,cobertura alta,99.6,99.99,99.6,99.99,10.214541976172718,5.876250084840766,17
Matinhos,2026,3,42063,356.47,27297.27,cobertura alta,99.6,99.99,99.6,99.99,10.214541976172718,5.876250084840766,18
Mato Rico,2008,22,4235,10.71,8663.52,sem rede,,34.23,0.0,34.23,9.066876385484049,2.3711778844596574,0
Mato Rico,2009,13,4205,10.63,6271.82,sem rede,,34.23,0.0,34.23,8.743821862638828,2.363680192353857,1
Mato Rico,2010,22,3986,10.08,8185.15,sem rede,,34.23,0.0,34.23,9.010076815843787,2.3105532626432224,2
Mato Rico,2011,3,3766,9.52,9714.29,sem rede,,34.23,0.0,34.23,9.181353276279303,2.253394848803274,3
Mato Rico,2012,2,3716,9.4,11573.74,sem rede,,34.23,0.0,34.23,9.35649401773769,2.2407096892759584,4
Mato Rico,2013,3,3765,9.52,14652.32,sem rede,,34.23,0.0,34.23,9.592353963682056,2.253394848803274,5
Mato Rico,2014,2,3716,9.4,17107.91,sem rede,,34.23,0.0,34.23,9.747296208636211,2.2407096892759584,6
Mato Rico,2015,0,3668,9.28,14040.08,sem rede,,34.23,0.0,34.23,9.549671375569266,2.2278615467981093,7
Mato Rico,2016,5,3622,9.16,21180.84,sem rede,,34.23,0.0,34.23,9.960852278425616,2.214846178686039,8
Mato Rico,2017,3,3576,9.04,20746.92,sem rede,,34.23,0.0,34.23,9.940153080906528,2.201659174404085,9
Mato Rico,2018,1,3340,8.45,24217.07,sem rede,,34.23,0.0,34.23,10.09481303538777,2.134166441369082,10
Mato Rico,2019,3,3272,8.28,21933.07,sem rede,,34.23,0.0,34.23,9.995750822494198,2.1138429683971682,11
Mato Rico,2020,2,3206,8.11,30537.43,sem rede,,34.23,0.0,34.23,10.326708423299758,2.0930978681273213,12
Mato Rico,2021,1,3142,7.95,39206.56,sem rede,,34.23,0.0,34.23,10.576599358716392,2.0731719286662407,13
Mato Rico,2022,5,3174,8.03,41427.54,sem rede,,34.23,0.0,34.23,10.631701156045695,2.0831845279586703,14
Mato Rico,2023,7,3205,8.11,49094.54,sem rede,,34.23,0.0,34.23,10.801503105969925,2.0930978681273213,15
Mato Rico,2024,4,3237,8.19,48609.21,sem rede,,34.23,0.0,34.23,10.791568298107398,2.102913897864978,16
Mato Rico,2025,12,3249,8.22,48429.67,sem rede,,34.23,0.0,34.23,10.787867921415769,2.1065702090680887,17
Mato Rico,2026,1,3249,8.22,48429.67,sem rede,,34.23,0.0,34.23,10.787867921415769,2.1065702090680887,18
Mauá da Serra,2008,8,8268,76.2,14327.65,sem rede,,97.93,0.0,97.93,9.56994651574816,4.333361462692601,0
Mauá da Serra,2009,6,8446,77.84,14354.84,sem rede,,97.93,0.0,97.93,9.571842446550868,4.354655437877749,1
Mauá da Serra,2010,6,8580,79.08,15632.75,sem rede,,97.93,0.0,97.93,9.657123351637262,4.370459998302416,2
Mauá da Serra,2011,10,8715,80.32,19034.65,sem rede,,97.93,0.0,97.93,9.854016281466043,4.386018655943419,3
Mauá da Serra,2012,7,8870,81.75,19769.22,sem rede,,97.93,0.0,97.93,9.89188146166859,4.403665809777363,4
Mauá da Serra,2013,5,9355,86.22,22279.1,sem rede,,97.93,0.0,97.93,10.011404298252252,4.4569021693189885,5
Mauá da Serra,2014,17,9534,87.87,22618.52,sem rede,,97.93,0.0,97.93,10.026524318705503,4.475858449507752,6
Mauá da Serra,2015,5,9705,89.45,23704.79,sem rede,,97.93,0.0,97.93,10.07343241640645,4.493679809954728,7
Mauá da Serra,2016,6,9874,91.0,27308.99,sem rede,,97.93,0.0,97.93,10.214971230993683,4.51085950651685,8
Mauá da Serra,2017,2,10039,92.53,27805.76,sem rede,,97.93,0.0,97.93,10.232998472461569,4.527532916260939,9
Mauá da Serra,2018,3,10397,95.82,28379.72,sem rede,,97.93,0.0,97.93,10.253430084562474,4.562471431454976,10
Mauá da Serra,2019,4,10601,97.71,29140.08,sem rede,,97.93,0.0,97.93,10.27986982511262,4.582003907956252,11
Mauá da Serra,2020,5,10800,99.54,33026.76,sem rede,,97.93,0.0,97.93,10.405073420930385,4.6005595734304086,12
Mauá da Serra,2021,1,10994,101.33,33991.09,sem rede,,97.93,0.0,97.93,10.433853710431356,4.618382517460226,13
Mauá da Serra,2022,6,10539,97.13,51637.25,sem rede,,97.93,0.0,97.93,10.85199859025055,4.5760502874142395,14
Mauá da Serra,2023,3,10083,92.93,52287.22,sem rede,,97.93,0.0,97.93,10.864507260727748,4.531846521569248,15
Mauá da Serra,2024,6,9628,88.74,54758.21,sem rede,,97.93,0.0,97.93,10.910682590774618,4.4857107459507635,16
Mauá da Serra,2025,0,9689,89.3,54413.46,sem rede,,97.93,0.0,97.93,10.90436682870974,4.492001487882454,17
Mauá da Serra,2026,1,9689,89.3,54413.46,sem rede,,97.93,0.0,97.93,10.90436682870974,4.492001487882454,18
Medianeira,2008,494,39700,120.52,14984.96,cobertura baixa,42.69,92.83,42.69,92.83,9.614802310411198,4.791815714262101,0
Medianeira,2009,318,39857,121.0,16209.7,cobertura baixa,42.69,92.83,42.69,92.83,9.693365107464077,4.795790545596741,1
Medianeira,2010,371,40990,124.44,18303.44,cobertura baixa,42.69,92.83,42.69,92.83,9.814844299305912,4.8238236720294365,2
Medianeira,2011,263,42124,127.88,21754.63,cobertura baixa,42.69,92.83,42.69,92.83,9.987581887425687,4.851092324191641,3
Medianeira,2012,262,42420,128.78,24382.77,cobertura baixa,42.69,92.83,42.69,92.83,10.1016320143007,4.858105522110037,4
Medianeira,2013,243,44149,134.03,28674.33,cobertura baixa,42.69,92.83,42.69,92.83,10.263757576423814,4.898063655490406,5
Medianeira,2014,191,44523,135.16,31048.72,cobertura baixa,42.69,92.83,42.69,92.83,10.34331286267937,4.90645926184609,6
Medianeira,2015,108,44885,136.26,33029.23,cobertura baixa,42.69,92.83,42.69,92.83,10.405148205972624,4.914564825345522,7
Medianeira,2016,130,45239,137.34,36981.87,cobertura baixa,42.69,92.83,42.69,92.83,10.51818307153713,4.9224596031925305,8
Medianeira,2017,95,45586,138.39,39995.74,cobertura baixa,42.69,92.83,42.69,92.83,10.596528227424546,4.930075786237839,9
Medianeira,2018,58,45812,139.08,42116.0,cobertura baixa,42.69,92.83,42.69,92.83,10.64818299497665,4.935049307139661,10
Medianeira,2019,145,46198,140.25,42284.71,cobertura baixa,42.69,92.83,42.69,92.83,10.652180833968849,4.943426544402806,11
Medianeira,2020,27,46574,141.39,44412.91,cobertura baixa,42.69,92.83,42.69,92.83,10.70128547192191,4.951522029603749,12
Medianeira,2021,19,46940,142.5,52024.71,cobertura baixa,42.69,92.83,42.69,92.83,10.859474077003147,4.959341999708705,13
Medianeira,2022,17,50333,152.8,52540.28,cobertura baixa,42.69,92.83,42.69,92.83,10.869335392498265,5.02912987673242,14
Medianeira,2023,32,53727,163.11,55979.23,cobertura baixa,42.69,92.83,42.69,92.83,10.932736008062376,5.094424819825939,15
Medianeira,2024,41,57120,173.41,52653.99,cobertura baixa,42.69,92.83,42.69,92.83,10.871497298166483,5.1556587328104575,16
Medianeira,2025,47,57910,175.8,51935.69,cobertura baixa,42.69,92.83,42.69,92.83,10.857761501411723,5.169346985251076,17
Medianeira,2026,17,57910,175.8,51935.69,cobertura baixa,42.69,92.83,42.69,92.83,10.857761501411723,5.169346985251076,18
Mercedes,2008,29,4879,24.69,16898.54,sem rede,,95.11,0.0,95.11,9.734982506646743,3.206398303357088,0
Mercedes,2009,18,4902,24.81,13944.51,sem rede,,95.11,0.0,95.11,9.542841161401924,3.21124679770371,1
Mercedes,2010,11,4991,25.26,17099.38,sem rede,,95.11,0.0,95.11,9.746797484523498,3.229222116922345,2
Mercedes,2011,6,5080,25.71,19142.52,sem rede,,95.11,0.0,95.11,9.859667317782344,3.246880021277798,3
Mercedes,2012,2,5113,25.88,20994.52,sem rede,,95.11,0.0,95.11,9.95201673027061,3.2534704696327,4
Mercedes,2013,4,5316,26.9,27848.57,sem rede,,95.11,0.0,95.11,10.234536897538051,3.292126286607793,5
Mercedes,2014,4,5357,27.11,30034.53,sem rede,,95.11,0.0,95.11,10.310102998751637,3.299902663510574,6
Mercedes,2015,8,5398,27.32,32309.93,sem rede,,95.11,0.0,95.11,10.38312989230428,3.307619034702589,7
Mercedes,2016,6,5437,27.52,36693.21,sem rede,,95.11,0.0,95.11,10.510347003301552,3.314913013065143,8
Mercedes,2017,1,5476,27.71,37414.17,sem rede,,95.11,0.0,95.11,10.529804788652202,3.321793358874887,9
Mercedes,2018,0,5493,27.8,39391.41,sem rede,,95.11,0.0,95.11,10.581303051211576,3.3250360206965914,10
Mercedes,2019,3,5536,28.02,35571.53,sem rede,,95.11,0.0,95.11,10.479300877793088,3.332918540908861,11
Mercedes,2020,0,5577,28.22,44276.13,sem rede,,95.11,0.0,95.11,10.698200984629128,3.340030946424668,12
Mercedes,2021,1,5617,28.43,49530.18,sem rede,,95.11,0.0,95.11,10.810337459736795,3.3474449256629084,13
Mercedes,2022,1,5790,29.3,45340.93,sem rede,,95.11,0.0,95.11,10.721965435540616,3.3775875160230218,14
Mercedes,2023,0,5963,30.18,52300.69,sem rede,,95.11,0.0,95.11,10.864764843082622,3.407179453339703,15
Mercedes,2024,0,6136,31.05,50826.11,sem rede,,95.11,0.0,95.11,10.83616547790391,3.435598808379488,16
Mercedes,2025,0,6194,31.35,50350.18,sem rede,,95.11,0.0,95.11,10.826757473115492,3.4452142670789296,17
Mercedes,2026,0,6194,31.35,50350.18,sem rede,,95.11,0.0,95.11,10.826757473115492,3.4452142670789296,18
Mirador,2008,15,2385,10.73,13377.78,sem rede,,70.28,0.0,70.28,9.501350400633582,2.373043556642607,0
Mirador,2009,27,2371,10.67,15438.21,sem rede,,70.28,0.0,70.28,9.644600884215572,2.367436065313662,1
Mirador,2010,21,2342,10.54,18124.25,sem rede,,70.28,0.0,70.28,9.805006099556383,2.355177543113216,2
Mirador,2011,26,2314,10.41,25933.88,sem rede,,70.28,0.0,70.28,10.163305500967716,2.3427668826268775,3
Mirador,2012,17,2301,10.35,23284.66,sem rede,,70.28,0.0,70.28,10.055550053634974,2.336986519711378,4
Mirador,2013,17,2355,10.59,23605.1,sem rede,,70.28,0.0,70.28,10.069218069362009,2.359910159613315,5
Mirador,2014,17,2345,10.55,27597.87,sem rede,,70.28,0.0,70.28,10.225493874814138,2.3561258599220753,6
Mirador,2015,21,2334,10.5,37659.81,sem rede,,70.28,0.0,70.28,10.536348757057684,2.3513752571634776,7
Mirador,2016,23,2324,10.45,37351.55,sem rede,,70.28,0.0,70.28,10.528129689030546,2.34660197841082,8
Mirador,2017,11,2314,10.41,35340.97,sem rede,,70.28,0.0,70.28,10.472798193148394,2.3427668826268775,9
Mirador,2018,9,2231,10.04,45871.36,sem rede,,70.28,0.0,70.28,10.73359623615976,2.306577114263583,10
Mirador,2019,9,2213,9.96,45770.45,sem rede,,70.28,0.0,70.28,10.73139396536689,2.298577071596507,11
Mirador,2020,8,2196,9.88,59231.79,sem rede,,70.28,0.0,70.28,10.989213669986064,2.2905125117597764,12
Mirador,2021,5,2180,9.81,58089.45,sem rede,,70.28,0.0,70.28,10.969739342874963,2.2834022735772717,13
Mirador,2022,2,2206,9.92,57101.99,sem rede,,70.28,0.0,70.28,10.952594246175169,2.2945529212967815,14
Mirador,2023,6,2232,10.04,80196.68,sem rede,,70.28,0.0,70.28,11.292237396489018,2.306577114263583,15
Mirador,2024,12,2258,10.16,79273.25,sem rede,,70.28,0.0,70.28,11.280656024107703,2.318458442150336,16
Mirador,2025,11,2248,10.11,79625.89,sem rede,,70.28,0.0,70.28,11.285094570206033,2.3135250330323798,17
Mirador,2026,6,2248,10.11,79625.89,sem rede,,70.28,0.0,70.28,11.285094570206033,2.3135250330323798,18
Miraselva,2008,1,1949,21.54,8478.71,sem rede,,84.96,0.0,84.96,9.045313594572617,3.0699116717282426,0
Miraselva,2009,0,1946,21.5,9646.97,sem rede,,84.96,0.0,84.96,9.174399155390658,3.068052935133617,1
Miraselva,2010,1,1900,20.99,11094.74,sem rede,,84.96,0.0,84.96,9.314226401112844,3.0440461338325417,2
Miraselva,2011,1,1855,20.5,11449.6,sem rede,,84.96,0.0,84.96,9.345710073874345,3.0204248861443626,3
Miraselva,2012,1,1848,20.42,14590.91,sem rede,,84.96,0.0,84.96,9.588154011059132,3.01651481273652,4
Miraselva,2013,0,1896,20.95,14950.42,sem rede,,84.96,0.0,84.96,9.612494672069698,3.0421386463681466,5
Miraselva,2014,1,1890,20.88,16882.54,sem rede,,84.96,0.0,84.96,9.734035230763531,3.038791763014438,6
Miraselva,2015,0,1885,20.83,18876.92,sem rede,,84.96,0.0,84.96,9.845695290798213,3.0363942552728806,7
Miraselva,2016,0,1880,20.77,21369.68,sem rede,,84.96,0.0,84.96,9.969728373938093,3.033509637888021,8
Miraselva,2017,1,1875,20.72,23900.27,sem rede,,84.96,0.0,84.96,10.08164503492692,3.031099417391282,9
Miraselva,2018,0,1816,20.07,21294.6,sem rede,,84.96,0.0,84.96,9.966208798428843,2.9992261628082466,10
Miraselva,2019,0,1806,19.96,22512.74,sem rede,,84.96,0.0,84.96,10.021836650171418,2.993730270883318,11
Miraselva,2020,0,1796,19.85,23763.92,sem rede,,84.96,0.0,84.96,10.07592374303334,2.9882040071331994,12
Miraselva,2021,0,1786,19.73,29296.75,sem rede,,84.96,0.0,84.96,10.285231867351207,2.982140320034524,13
Miraselva,2022,0,1860,20.55,32964.52,sem rede,,84.96,0.0,84.96,10.403187110543467,3.022860940942244,14
Miraselva,2023,0,1934,21.37,35881.08,sem rede,,84.96,0.0,84.96,10.487965416054175,3.0619880693310564,15
Miraselva,2024,1,2008,22.19,34558.76,sem rede,,84.96,0.0,84.96,10.450416342644672,3.0996417369445024,16
Miraselva,2025,0,2017,22.29,34404.56,sem rede,,84.96,0.0,84.96,10.44594439271597,3.1041381473977774,17
Miraselva,2026,1,2017,22.29,34404.56,sem rede,,84.96,0.0,84.96,10.44594439271597,3.1041381473977774,18
Missal,2008,111,10739,33.02,15597.54,sem rede,,65.34,0.0,65.34,9.654868488495197,3.497113438491982,0
Missal,2009,56,10760,33.09,13536.06,sem rede,,65.34,0.0,65.34,9.513112514460294,3.499231121933521,1
Missal,2010,65,10619,32.65,17159.15,sem rede,,65.34,0.0,65.34,9.75028683801558,3.48584485572244,2
Missal,2011,30,10478,32.22,19945.22,sem rede,,65.34,0.0,65.34,9.90074479461209,3.472587377748828,3
Missal,2012,37,10481,32.23,20833.7,sem rede,,65.34,0.0,65.34,9.944327146901506,3.4728976958273465,4
Missal,2013,24,10813,33.25,27594.1,sem rede,,65.34,0.0,65.34,10.225357260737638,3.5040547671018634,5
Missal,2014,50,10830,33.3,26276.64,sem rede,,65.34,0.0,65.34,10.176435610543264,3.505557396986398,6
Missal,2015,42,10847,33.35,27486.68,sem rede,,65.34,0.0,65.34,10.221456802676341,3.507057772361633,7
Missal,2016,52,10863,33.4,30581.52,sem rede,,65.34,0.0,65.34,10.32815118393776,3.5085558999826545,8
Missal,2017,37,10879,33.45,29334.96,sem rede,,65.34,0.0,65.34,10.286535257800143,3.5100517865742376,9
Missal,2018,27,10700,32.9,32446.73,sem rede,,65.34,0.0,65.34,10.387354946638531,3.493472657771326,10
Missal,2019,56,10702,32.91,34096.9,sem rede,,65.34,0.0,65.34,10.436961750048217,3.4937765629552486,11
Missal,2020,70,10704,32.92,36196.38,sem rede,,65.34,0.0,65.34,10.496714392813528,3.494080375808869,12
Missal,2021,93,10706,32.92,43566.22,sem rede,,65.34,0.0,65.34,10.682037358405037,3.494080375808869,13
Missal,2022,82,10904,33.53,39574.56,sem rede,,65.34,0.0,65.34,10.585941766557273,3.512440560478137,14
Missal,2023,153,11103,34.14,44736.38,sem rede,,65.34,0.0,65.34,10.708542319834946,3.5304697173662944,15
Missal,2024,152,11301,34.75,43952.57,sem rede,,65.34,0.0,65.34,10.690866376944083,3.548179572010801,16
Missal,2025,65,11423,35.13,43483.15,sem rede,,65.34,0.0,65.34,10.680128785713098,3.559055466277736,17
Missal,2026,30,11423,35.13,43483.15,sem rede,,65.34,0.0,65.34,10.680128785713098,3.559055466277736,18
Moreira Sales,2008,37,13263,37.4,10247.53,cobertura baixa,20.5,86.24,20.5,86.24,9.23479197991751,3.6216707044204863,0
Moreira Sales,2009,37,13238,37.33,10208.34,cobertura baixa,20.5,86.24,20.5,86.24,9.23096031223993,3.6197972929264925,1
Moreira Sales,2010,46,12892,36.36,9456.1,cobertura baixa,20.5,86.24,20.5,86.24,9.15441531488607,3.5934692693092782,2
Moreira Sales,2011,31,12546,35.38,11793.48,cobertura baixa,20.5,86.24,20.5,86.24,9.375302115373083,3.566146688731639,3
Moreira Sales,2012,30,12487,35.21,11701.21,cobertura baixa,20.5,86.24,20.5,86.24,9.36744753424191,3.5613301331669613,4
Moreira Sales,2013,10,12800,36.1,14196.56,cobertura baixa,20.5,86.24,20.5,86.24,9.560754960720102,3.586292865338835,5
Moreira Sales,2014,19,12754,35.97,16646.54,cobertura baixa,20.5,86.24,20.5,86.24,9.719957666005747,3.5826852577075323,6
Moreira Sales,2015,22,12709,35.84,18323.16,cobertura baixa,20.5,86.24,20.5,86.24,9.815921112436559,3.57906458810673,7
Moreira Sales,2016,14,12664,35.71,19071.54,cobertura baixa,20.5,86.24,20.5,86.24,9.855952450446688,3.575430761606357,8
Moreira Sales,2017,6,12621,35.59,23097.62,cobertura baixa,20.5,86.24,20.5,86.24,10.047484860898868,3.5720646995221013,9
Moreira Sales,2018,18,12201,34.41,25425.87,cobertura baixa,20.5,86.24,20.5,86.24,10.143522438620414,3.538347219809389,10
Moreira Sales,2019,3,12121,34.18,24672.72,cobertura baixa,20.5,86.24,20.5,86.24,10.113453458816622,3.5316406776874447,11
Moreira Sales,2020,4,12042,33.96,24374.02,cobertura baixa,20.5,86.24,20.5,86.24,10.101273089929595,3.5251833614431467,12
Moreira Sales,2021,2,11966,33.75,25584.49,cobertura baixa,20.5,86.24,20.5,86.24,10.1497415874857,3.518980417318539,13
Moreira Sales,2022,2,11690,32.97,23259.45,cobertura baixa,20.5,86.24,20.5,86.24,10.054466780049324,3.49559805708364,14
Moreira Sales,2023,3,11413,32.19,33479.19,cobertura baixa,20.5,86.24,20.5,86.24,10.418679330762355,3.4716558453107167,15
Moreira Sales,2024,0,11137,31.41,34308.88,cobertura baixa,20.5,86.24,20.5,86.24,10.443159491775527,3.447126313550555,16
Moreira Sales,2025,1,11043,31.14,34600.92,cobertura baixa,20.5,86.24,20.5,86.24,10.451635550287694,3.4384931664058525,17
Moreira Sales,2026,2,11043,31.14,34600.92,cobertura baixa,20.5,86.24,20.5,86.24,10.451635550287694,3.4384931664058525,18
Morretes,2008,36,16853,24.57,6611.76,cobertura baixa,51.75,65.21,51.75,65.21,8.796605160641485,3.201526186533088,0
Morretes,2009,24,17000,24.78,7113.94,cobertura baixa,51.75,65.21,51.75,65.21,8.869811518399176,3.2100368762009963,1
Morretes,2010,36,16376,23.88,8784.14,cobertura baixa,51.75,65.21,51.75,65.21,9.080703101691519,3.1730412885244013,2
Morretes,2011,29,15753,22.97,10176.86,cobertura baixa,51.75,65.21,51.75,65.21,9.227871794587532,3.134189016701007,3
Morretes,2012,22,15785,23.01,12134.43,cobertura baixa,51.75,65.21,51.75,65.21,9.403802145487663,3.1359289040472746,4
Morretes,2013,18,16325,23.8,13999.2,cobertura baixa,51.75,65.21,51.75,65.21,9.546755464107537,3.169685580677429,5
Morretes,2014,19,16381,23.88,14088.4,cobertura baixa,51.75,65.21,51.75,65.21,9.553107042731517,3.1730412885244013,6
Morretes,2015,17,16435,23.96,15190.75,cobertura baixa,51.75,65.21,51.75,65.21,9.628441968959478,3.1763857732472487,7
Morretes,2016,21,16488,24.04,18287.54,cobertura baixa,51.75,65.21,51.75,65.21,9.813975232612385,3.179719109667007,8
Morretes,2017,5,16540,24.11,18945.89,cobertura baixa,51.75,65.21,51.75,65.21,9.84934230044375,3.1826266921930797,9
Morretes,2018,11,16366,23.86,20421.54,cobertura baixa,51.75,65.21,51.75,65.21,9.924345505133564,3.17220341666977,10
Morretes,2019,12,16406,23.92,21415.4,cobertura baixa,51.75,65.21,51.75,65.21,9.971865568371411,3.1747149290824312,11
Morretes,2020,11,16446,23.98,22403.08,cobertura baixa,51.75,65.21,51.75,65.21,10.016953728390872,3.177220149599368,12
Morretes,2021,5,16485,24.03,23610.01,cobertura baixa,51.75,65.21,51.75,65.21,10.069426053628812,3.1793030497483774,13
Morretes,2022,8,17293,25.21,24039.15,cobertura baixa,51.75,65.21,51.75,65.21,10.087439030286939,3.2272407411998283,14
Morretes,2023,4,18100,26.39,29542.1,cobertura baixa,51.75,65.21,51.75,65.21,10.293571643605986,3.2729851505152325,15
Morretes,2024,5,18908,27.57,28279.67,cobertura baixa,51.75,65.21,51.75,65.21,10.24989845091838,3.3167282250357055,16
Morretes,2025,3,19089,27.83,28011.52,cobertura baixa,51.75,65.21,51.75,65.21,10.240371133115243,3.326114575537799,17
Morretes,2026,2,19089,27.83,28011.52,cobertura baixa,51.75,65.21,51.75,65.21,10.240371133115243,3.326114575537799,18
Munhoz de Melo,2008,7,3688,26.84,10229.39,sem rede,,87.42,0.0,87.42,9.233020228624321,3.289893312103481,0
Munhoz de Melo,2009,7,3714,27.03,10435.11,sem rede,,87.42,0.0,87.42,9.252931360902794,3.2969473602883563,1
Munhoz de Melo,2010,6,3704,26.96,11421.71,sem rede,,87.42,0.0,87.42,9.343271209303467,3.2943542860441064,2
Munhoz de Melo,2011,0,3693,26.88,13792.04,sem rede,,87.42,0.0,87.42,9.531846893131288,3.2913825156549485,3
Munhoz de Melo,2012,10,3713,27.02,15802.32,sem rede,,87.42,0.0,87.42,9.667912043678827,3.2965773325320527,4
Munhoz de Melo,2013,2,3857,28.07,18455.02,sem rede,,87.42,0.0,87.42,9.823091699180662,3.334701390373791,5
Munhoz de Melo,2014,2,3883,28.26,18259.08,sem rede,,87.42,0.0,87.42,9.812417769528087,3.3414473772563813,6
Munhoz de Melo,2015,3,3909,28.45,20202.1,sem rede,,87.42,0.0,87.42,9.913541838381828,3.34814816057234,7
Munhoz de Melo,2016,2,3934,28.63,21575.75,sem rede,,87.42,0.0,87.42,9.979325277803975,3.354455119110024,8
Munhoz de Melo,2017,2,3958,28.81,24218.54,sem rede,,87.42,0.0,87.42,10.094873734530422,3.360722549096437,9
Munhoz de Melo,2018,3,3958,28.81,24148.05,sem rede,,87.42,0.0,87.42,10.091958910479024,3.360722549096437,10
Munhoz de Melo,2019,2,3984,29.0,24427.71,sem rede,,87.42,0.0,87.42,10.103473422649829,3.367295829986474,11
Munhoz de Melo,2020,1,4009,29.18,31986.28,sem rede,,87.42,0.0,87.42,10.373062339842303,3.3734835430946397,12
Munhoz de Melo,2021,2,4034,29.36,33943.73,sem rede,,87.42,0.0,87.42,10.432459432572891,3.3796332037463146,13
Munhoz de Melo,2022,3,4038,29.39,36583.7,sem rede,,87.42,0.0,87.42,10.507358064998124,3.380654480430826,14
Munhoz de Melo,2023,1,4041,29.41,43717.64,sem rede,,87.42,0.0,87.42,10.685506960961597,3.3813347525659037,15
Munhoz de Melo,2024,3,4045,29.44,43674.41,sem rede,,87.42,0.0,87.42,10.684517626038659,3.3823542938606757,16
Munhoz de Melo,2025,0,4057,29.53,43545.23,sem rede,,87.42,0.0,87.42,10.681555447005186,3.3854066957558313,17
Munhoz de Melo,2026,0,4057,29.53,43545.23,sem rede,,87.42,0.0,87.42,10.681555447005186,3.3854066957558313,18
Nossa Senhora das Graças,2008,7,4038,21.69,8118.62,sem rede,,95.09,0.0,95.09,9.001915467973545,3.076851324838783,0
Nossa Senhora das Graças,2009,7,4055,21.78,8196.3,sem rede,,95.09,0.0,95.09,9.011438111909992,3.0809921175048145,1
Nossa Senhora das Graças,2010,7,3992,21.44,8545.84,sem rede,,95.09,0.0,95.09,9.053199893819487,3.0652583362026014,2
Nossa Senhora das Graças,2011,3,3929,21.1,11397.05,sem rede,,95.09,0.0,95.09,9.341109828965529,3.0492730404820207,3
Nossa Senhora das Graças,2012,13,3930,21.11,14583.21,sem rede,,95.09,0.0,95.09,9.587626145939032,3.0497468618602293,4
Nossa Senhora das Graças,2013,11,4053,21.77,14556.62,sem rede,,95.09,0.0,95.09,9.58580115194421,3.080532875246456,5
Nossa Senhora das Graças,2014,7,4059,21.8,14875.59,sem rede,,95.09,0.0,95.09,9.607476893492786,3.0819099697950434,6
Nossa Senhora das Graças,2015,7,4064,21.83,14858.02,sem rede,,95.09,0.0,95.09,9.606295065787034,3.0832851705618523,7
Nossa Senhora das Graças,2016,10,4070,21.86,17689.19,sem rede,,95.09,0.0,95.09,9.780708997524382,3.0846584827483925,8
Nossa Senhora das Graças,2017,6,4075,21.89,17936.69,sem rede,,95.09,0.0,95.09,9.794603614687952,3.0860299115347716,9
Nossa Senhora das Graças,2018,8,4008,21.53,17624.75,sem rede,,95.09,0.0,95.09,9.777059443182706,3.0694473113762717,10
Nossa Senhora das Graças,2019,0,4008,21.53,18562.38,sem rede,,95.09,0.0,95.09,9.828892230877695,3.0694473113762717,11
Nossa Senhora das Graças,2020,5,4008,21.53,23149.95,sem rede,,95.09,0.0,95.09,10.049747899684833,3.0694473113762717,12
Nossa Senhora das Graças,2021,2,4009,21.53,24822.9,sem rede,,95.09,0.0,95.09,10.11952189319024,3.0694473113762717,13
Nossa Senhora das Graças,2022,0,3901,20.95,26589.85,sem rede,,95.09,0.0,95.09,10.18828484300265,3.0421386463681466,14
Nossa Senhora das Graças,2023,3,3793,20.37,33459.79,sem rede,,95.09,0.0,95.09,10.418099698370492,3.0140632302387145,15
Nossa Senhora das Graças,2024,0,3685,19.79,34440.43,sem rede,,95.09,0.0,95.09,10.446986443945722,2.9851767596144745,16
Nossa Senhora das Graças,2025,3,3669,19.7,34590.62,sem rede,,95.09,0.0,95.09,10.451337826026142,2.9806186357439426,17
Nossa Senhora das Graças,2026,0,3669,19.7,34590.62,sem rede,,95.09,0.0,95.09,10.451337826026142,2.9806186357439426,18
Nova Aliança do Ivaí,2008,4,1426,10.84,11269.28,sem rede,,73.1,0.0,73.1,9.329835718568862,2.3832429960115,0
Nova Aliança do Ivaí,2009,0,1434,10.9,12403.07,sem rede,,73.1,0.0,73.1,9.425699301595259,2.388762789235098,1
Nova Aliança do Ivaí,2010,0,1436,10.91,13972.84,sem rede,,73.1,0.0,73.1,9.544870724360054,2.3896797998449792,2
Nova Aliança do Ivaí,2011,1,1439,10.93,17436.41,sem rede,,73.1,0.0,73.1,9.76631582764938,2.391511302188447,3
Nova Aliança do Ivaí,2012,2,1446,10.99,18172.2,sem rede,,73.1,0.0,73.1,9.807648232761938,2.39698576841553,4
Nova Aliança do Ivaí,2013,3,1500,11.4,20244.67,sem rede,,73.1,0.0,73.1,9.915646828012342,2.4336133554004498,5
Nova Aliança do Ivaí,2014,1,1509,11.47,22865.47,sem rede,,73.1,0.0,73.1,10.037383191314966,2.4397349311412793,6
Nova Aliança do Ivaí,2015,2,1518,11.53,23216.07,sem rede,,73.1,0.0,73.1,10.052599990281381,2.4449523342809676,7
Nova Aliança do Ivaí,2016,1,1527,11.6,25563.85,sem rede,,73.1,0.0,73.1,10.148934523126607,2.451005098112319,8
Nova Aliança do Ivaí,2017,0,1536,11.67,29891.28,sem rede,,73.1,0.0,73.1,10.305322078047928,2.4570214462984645,9
Nova Aliança do Ivaí,2018,1,1534,11.66,27477.18,sem rede,,73.1,0.0,73.1,10.221111120983148,2.4561641809223462,10
Nova Aliança do Ivaí,2019,3,1543,11.72,26686.97,sem rede,,73.1,0.0,73.1,10.191930710289,2.4612967841488667,11
Nova Aliança do Ivaí,2020,1,1551,11.79,29502.9,sem rede,,73.1,0.0,73.1,10.292243842581028,2.4672517145492794,12
Nova Aliança do Ivaí,2021,0,1560,11.85,33285.9,sem rede,,73.1,0.0,73.1,10.412889162876102,2.47232786758114,13
Nova Aliança do Ivaí,2022,0,1482,11.26,34634.28,sem rede,,73.1,0.0,73.1,10.452599222020618,2.421256622711544,14
Nova Aliança do Ivaí,2023,0,1405,10.68,50703.2,sem rede,,73.1,0.0,73.1,10.833744303958328,2.3683728335320486,15
Nova Aliança do Ivaí,2024,0,1327,10.08,53683.5,sem rede,,73.1,0.0,73.1,10.890860970712309,2.3105532626432224,16
Nova Aliança do Ivaí,2025,0,1322,10.05,53886.54,sem rede,,73.1,0.0,73.1,10.894636004004566,2.307572634505085,17
Nova Aliança do Ivaí,2026,0,1322,10.05,53886.54,sem rede,,73.1,0.0,73.1,10.894636004004566,2.307572634505085,18
Nova América da Colina,2008,15,3358,25.87,11355.57,cobertura baixa,48.8,87.12,48.8,87.12,9.337463651430369,3.2530839961979376,0
Nova América da Colina,2009,3,3331,25.66,17977.48,cobertura baixa,48.8,87.12,48.8,87.12,9.796875142474292,3.2449333591874905,1
Nova América da Colina,2010,9,3400,26.19,12413.82,cobertura baixa,48.8,87.12,48.8,87.12,9.426565647110138,3.2653776585196206,2
Nova América da Colina,2011,7,3470,26.73,15213.83,cobertura baixa,48.8,87.12,48.8,87.12,9.629960161576058,3.2857865301508276,3
Nova América da Colina,2012,10,3462,26.67,15475.16,cobertura baixa,48.8,87.12,48.8,87.12,9.646991436756213,3.283539338193923,4
Nova América da Colina,2013,16,3560,27.43,17464.89,cobertura baixa,48.8,87.12,48.8,87.12,9.76794785891019,3.311637304949512,5
Nova América da Colina,2014,4,3556,27.4,16580.15,cobertura baixa,48.8,87.12,48.8,87.12,9.715961475692994,3.3105430133940246,6
Nova América da Colina,2015,2,3553,27.37,21208.56,cobertura baixa,48.8,87.12,48.8,87.12,9.962160152750391,3.309447523052588,7
Nova América da Colina,2016,11,3549,27.34,24040.01,cobertura baixa,48.8,87.12,48.8,87.12,10.087474804622435,3.3083508312958037,8
Nova América da Colina,2017,4,3545,27.31,23825.11,cobertura baixa,48.8,87.12,48.8,87.12,10.078495345510696,3.3072529354856135,9
Nova América da Colina,2018,8,3456,26.63,21431.71,cobertura baixa,48.8,87.12,48.8,87.12,9.972626879964551,3.282038399825841,10
Nova América da Colina,2019,4,3445,26.54,22000.58,cobertura baixa,48.8,87.12,48.8,87.12,9.998824095629303,3.2786530289040616,11
Nova América da Colina,2020,7,3434,26.46,27837.22,cobertura baixa,48.8,87.12,48.8,87.12,10.234129253140543,3.2756341586868096,12
Nova América da Colina,2021,2,3424,26.38,28504.67,cobertura baixa,48.8,87.12,48.8,87.12,10.25782321248234,3.2726061472891685,13
Nova América da Colina,2022,7,3382,26.06,30275.58,cobertura baixa,48.8,87.12,48.8,87.12,10.318096725958679,3.260401571696699,14
Nova América da Colina,2023,16,3341,25.74,32354.68,cobertura baixa,48.8,87.12,48.8,87.12,10.384513957162747,3.2480462021679806,15
Nova América da Colina,2024,16,3299,25.42,32766.6,cobertura baixa,48.8,87.12,48.8,87.12,10.397164982877083,3.2355362657613083,16
Nova América da Colina,2025,7,3286,25.32,32896.23,cobertura baixa,48.8,87.12,48.8,87.12,10.401113340521913,3.2315945972759756,17
Nova América da Colina,2026,3,3286,25.32,32896.23,cobertura baixa,48.8,87.12,48.8,87.12,10.401113340521913,3.2315945972759756,18
Nova Aurora,2008,4,11833,25.09,17163.61,cobertura baixa,58.46,83.32,58.46,83.32,9.750546723877038,3.222469360378331,0
Nova Aurora,2009,9,11636,24.67,15956.86,cobertura baixa,58.46,83.32,58.46,83.32,9.677644109792945,3.2055879305412653,1
Nova Aurora,2010,6,11683,24.77,17542.41,cobertura baixa,58.46,83.32,58.46,83.32,9.772376656715677,3.209633243501268,2
Nova Aurora,2011,22,11730,24.87,20871.78,cobertura baixa,58.46,83.32,58.46,83.32,9.946153286324064,3.2136622578153133,3
Nova Aurora,2012,21,11598,24.59,24358.42,cobertura baixa,58.46,83.32,58.46,83.32,10.100632859293375,3.202339856228101,4
Nova Aurora,2013,12,11786,24.99,31266.93,cobertura baixa,58.46,83.32,58.46,83.32,10.35031626846558,3.218475744846861,5
Nova Aurora,2014,5,11659,24.72,34330.3,cobertura baixa,58.46,83.32,58.46,83.32,10.443783625126052,3.20761263258949,6
Nova Aurora,2015,4,11537,24.46,37843.89,cobertura baixa,58.46,83.32,58.46,83.32,10.541224819150624,3.1970391302590264,7
Nova Aurora,2016,13,11418,24.21,45562.97,cobertura baixa,58.46,83.32,58.46,83.32,10.726850604198495,3.1867657709499673,8
Nova Aurora,2017,3,11300,23.96,48606.99,cobertura baixa,58.46,83.32,58.46,83.32,10.791522626706945,3.1763857732472487,9
Nova Aurora,2018,4,10650,22.58,58756.53,cobertura baixa,58.46,83.32,58.46,83.32,10.98115757476599,3.1170645587215158,10
Nova Aurora,2019,17,10472,22.21,52995.42,cobertura baixa,58.46,83.32,58.46,83.32,10.87796077370592,3.100542637906336,11
Nova Aurora,2020,21,10299,21.84,72354.4,cobertura baixa,58.46,83.32,58.46,83.32,11.189331545690747,3.083743150876704,12
Nova Aurora,2021,1,10131,21.48,80915.51,cobertura baixa,58.46,83.32,58.46,83.32,11.301160802841585,3.067122269640664,13
Nova Aurora,2022,3,11494,24.37,74087.35,cobertura baixa,58.46,83.32,58.46,83.32,11.21300008146101,3.193352867637115,14
Nova Aurora,2023,3,12856,27.26,80959.32,cobertura baixa,58.46,83.32,58.46,83.32,11.301702085276533,3.3054204262683866,15
Nova Aurora,2024,13,14219,30.15,73198.75,cobertura baixa,58.46,83.32,58.46,83.32,11.200933623300866,3.4061849231731944,16
Nova Aurora,2025,11,14331,30.39,72626.68,cobertura baixa,58.46,83.32,58.46,83.32,11.19308762641678,3.414113606928702,17
Nova Aurora,2026,4,14331,30.39,72626.68,cobertura baixa,58.46,83.32,58.46,83.32,11.19308762641678,3.414113606928702,18
Nova Cantu,2008,31,7714,13.85,10700.54,sem rede,,68.11,0.0,68.11,9.278049486466287,2.6282852326333477,0
Nova Cantu,2009,31,7481,13.44,11104.0,sem rede,,68.11,0.0,68.11,9.315060682746585,2.5982353350950036,1
Nova Cantu,2010,19,7358,13.21,10376.6,sem rede,,68.11,0.0,68.11,9.24730855007617,2.580974118534234,2
Nova Cantu,2011,3,7234,12.99,12448.44,sem rede,,68.11,0.0,68.11,9.429350592837183,2.5641798306825083,3
Nova Cantu,2012,19,7050,12.66,16505.82,sem rede,,68.11,0.0,68.11,9.71146832496776,2.5384474167160302,4
Nova Cantu,2013,23,7023,12.61,21042.15,sem rede,,68.11,0.0,68.11,9.954282847942768,2.534490149976828,5
Nova Cantu,2014,44,6833,12.27,23677.89,sem rede,,68.11,0.0,68.11,10.07229698029815,2.50715725872282,6
Nova Cantu,2015,43,6650,11.94,26633.23,sem rede,,68.11,0.0,68.11,10.189914963228917,2.479894107964456,7
Nova Cantu,2016,43,6471,11.62,30366.4,sem rede,,68.11,0.0,68.11,10.321092012982655,2.4527277514237653,8
Nova Cantu,2017,37,6295,11.31,29419.38,sem rede,,68.11,0.0,68.11,10.289408919834115,2.425687290128029,9
Nova Cantu,2018,16,5550,9.97,36110.09,sem rede,,68.11,0.0,68.11,10.494327606652778,2.299580583973747,10
Nova Cantu,2019,7,5302,9.52,37449.45,sem rede,,68.11,0.0,68.11,10.530747302589191,2.253394848803274,11
Nova Cantu,2020,10,5061,9.09,61091.48,sem rede,,68.11,0.0,68.11,11.020127691901346,2.2071749081893874,12
Nova Cantu,2021,5,4827,8.67,72112.49,sem rede,,68.11,0.0,68.11,11.185982539892922,2.1598687907924505,13
Nova Cantu,2022,8,5484,9.85,61051.6,sem rede,,68.11,0.0,68.11,11.019474687221635,2.2874714551839976,14
Nova Cantu,2023,6,6142,11.03,55637.41,sem rede,,68.11,0.0,68.11,10.926611095708783,2.400618833265411,15
Nova Cantu,2024,5,6799,12.21,50261.07,sem rede,,68.11,0.0,68.11,10.824986100166631,2.502255288122613,16
Nova Cantu,2025,4,6739,12.1,50708.56,sem rede,,68.11,0.0,68.11,10.833850011619946,2.4932054526026954,17
Nova Cantu,2026,2,6739,12.1,50708.56,sem rede,,68.11,0.0,68.11,10.833850011619946,2.4932054526026954,18
Nova Esperança,2008,176,26532,65.9,10229.42,cobertura alta,76.69,93.36,76.69,93.36,9.233023161346214,4.188138441508461,0
Nova Esperança,2009,171,26591,66.05,11807.49,cobertura alta,76.69,93.36,76.69,93.36,9.376489354850582,4.190412030968334,1
Nova Esperança,2010,187,26638,66.16,14390.31,cobertura alta,76.69,93.36,76.69,93.36,9.574310342387385,4.1920760507154355,2
Nova Esperança,2011,114,26684,66.28,15086.34,cobertura alta,76.69,93.36,76.69,93.36,9.621544977611554,4.193888192558362,3
Nova Esperança,2012,119,26749,66.44,16402.37,cobertura alta,76.69,93.36,76.69,93.36,9.70518111556653,4.196299284745094,4
Nova Esperança,2013,97,27678,68.75,18668.08,cobertura alta,76.69,93.36,76.69,93.36,9.83457039246871,4.230476736546681,5
Nova Esperança,2014,56,27783,69.01,20386.42,cobertura alta,76.69,93.36,76.69,93.36,9.92262427189031,4.234251421632511,6
Nova Esperança,2015,48,27886,69.26,21121.1,cobertura alta,76.69,93.36,76.69,93.36,9.958027819797241,4.237867538974276,7
Nova Esperança,2016,63,27986,69.51,23567.18,cobertura alta,76.69,93.36,76.69,93.36,10.067610345157544,4.2414706271123945,8
Nova Esperança,2017,26,28084,69.76,27241.31,cobertura alta,76.69,93.36,76.69,93.36,10.212489850149696,4.245060779600724,9
Nova Esperança,2018,17,27821,69.1,26154.7,cobertura alta,76.69,93.36,76.69,93.36,10.171784185656728,4.235554730773624,10
Nova Esperança,2019,24,27904,69.31,26296.27,cobertura alta,76.69,93.36,76.69,93.36,10.177182383012669,4.238589195929893,11
Nova Esperança,2020,6,27984,69.51,30741.5,cobertura alta,76.69,93.36,76.69,93.36,10.333368812258621,4.2414706271123945,12
Nova Esperança,2021,5,28062,69.7,33610.61,cobertura alta,76.69,93.36,76.69,93.36,10.422597069914763,4.244200317766478,13
Nova Esperança,2022,4,27755,68.94,39118.36,cobertura alta,76.69,93.36,76.69,93.36,10.5743472009796,4.233236561088719,14
Nova Esperança,2023,3,27449,68.18,45666.44,cobertura alta,76.69,93.36,76.69,93.36,10.729118952626184,4.222151266709757,15
Nova Esperança,2024,5,27142,67.42,46182.96,cobertura alta,76.69,93.36,76.69,93.36,10.740366177866054,4.2109417098059145,16
Nova Esperança,2025,4,27142,67.42,46182.96,cobertura alta,76.69,93.36,76.69,93.36,10.740366177866054,4.2109417098059145,17
Nova Esperança,2026,0,27142,67.42,46182.96,cobertura alta,76.69,93.36,76.69,93.36,10.740366177866054,4.2109417098059145,18
Nova Esperança do Sudoeste,2008,10,5334,25.53,9008.06,sem rede,,45.47,0.0,45.47,9.105875011103292,3.2398542312533927,0
Nova Esperança do Sudoeste,2009,11,5337,25.55,9553.49,sem rede,,45.47,0.0,45.47,9.164661811742183,3.2406373166497136,1
Nova Esperança do Sudoeste,2010,20,5212,24.95,10977.17,sem rede,,45.47,0.0,45.47,9.303572940494607,3.2168738221975275,2
Nova Esperança do Sudoeste,2011,22,5086,24.35,13030.67,sem rede,,45.47,0.0,45.47,9.475061088597398,3.192531849528599,3
Nova Esperança do Sudoeste,2012,7,5074,24.29,13340.17,sem rede,,45.47,0.0,45.47,9.498535063016602,3.190064743014081,4
Nova Esperança do Sudoeste,2013,4,5218,24.98,14441.93,sem rede,,45.47,0.0,45.47,9.577891060025276,3.2180755046974316,5
Nova Esperança do Sudoeste,2014,1,5211,24.94,16876.42,sem rede,,45.47,0.0,45.47,9.733672660348622,3.2164729402518906,6
Nova Esperança do Sudoeste,2015,4,5206,24.92,18797.54,sem rede,,45.47,0.0,45.47,9.841481289192464,3.2156706939192525,7
Nova Esperança do Sudoeste,2016,2,5200,24.89,20431.35,sem rede,,45.47,0.0,45.47,9.924825764923682,3.2144661163795005,8
Nova Esperança do Sudoeste,2017,2,5194,24.86,21011.36,sem rede,,45.47,0.0,45.47,9.952818522824519,3.213260086082565,9
Nova Esperança do Sudoeste,2018,7,5063,24.24,21289.95,sem rede,,45.47,0.0,45.47,9.965990409364336,3.1880041612011136,10
Nova Esperança do Sudoeste,2019,12,5046,24.16,22373.37,sem rede,,45.47,0.0,45.47,10.015626691327416,3.184698373066614,11
Nova Esperança do Sudoeste,2020,7,5030,24.08,27743.74,sem rede,,45.47,0.0,45.47,10.23076550814074,3.1813816204406202,12
Nova Esperança do Sudoeste,2021,3,5014,24.0,32866.37,sem rede,,45.47,0.0,45.47,10.40020522551271,3.1780538303479458,13
Nova Esperança do Sudoeste,2022,4,5257,25.17,31387.48,sem rede,,45.47,0.0,45.47,10.354164366269302,3.2256528091472245,14
Nova Esperança do Sudoeste,2023,2,5501,26.33,36133.43,sem rede,,45.47,0.0,45.47,10.494973754592747,3.270708973508218,15
Nova Esperança do Sudoeste,2024,8,5744,27.5,34604.81,sem rede,,45.47,0.0,45.47,10.451747968724842,3.3141860046725258,16
Nova Esperança do Sudoeste,2025,0,5783,27.68,34371.43,sem rede,,45.47,0.0,45.47,10.44498097503016,3.3207101307494686,17
Nova Esperança do Sudoeste,2026,1,5783,27.68,34371.43,sem rede,,45.47,0.0,45.47,10.44498097503016,3.3207101307494686,18
Nova Fátima,2008,56,8270,29.1,9976.06,sem rede,,89.29,0.0,89.29,9.207943501776429,3.370738174177447,0
Nova Fátima,2009,38,8259,29.06,7895.63,sem rede,,89.29,0.0,89.29,8.974064720846192,3.369362658142137,1
Nova Fátima,2010,48,8197,28.84,10370.14,sem rede,,89.29,0.0,89.29,9.246685801614602,3.3617633124167483,2
Nova Fátima,2011,28,8135,28.62,13652.49,sem rede,,89.29,0.0,89.29,9.52167720155946,3.3541057741283047,3
Nova Fátima,2012,19,8124,28.59,14272.28,sem rede,,89.29,0.0,89.29,9.566074473461425,3.3530570063342204,4
Nova Fátima,2013,23,8363,29.43,16926.1,sem rede,,89.29,0.0,89.29,9.736612088283023,3.382014562245381,5
Nova Fátima,2014,43,8361,29.42,16303.19,sem rede,,89.29,0.0,89.29,9.699116073168499,3.3816747151732915,6
Nova Fátima,2015,45,8359,29.41,21908.24,sem rede,,89.29,0.0,89.29,9.994618100745926,3.3813347525659037,7
Nova Fátima,2016,44,8357,29.41,24833.91,sem rede,,89.29,0.0,89.29,10.119965336906438,3.3813347525659037,8
Nova Fátima,2017,22,8356,29.4,35745.45,sem rede,,89.29,0.0,89.29,10.48417826729502,3.380994674344636,9
Nova Fátima,2018,6,8170,28.75,30298.9,sem rede,,89.29,0.0,89.29,10.318866687208105,3.3586377672433594,10
Nova Fátima,2019,19,8153,28.69,26484.36,sem rede,,89.29,0.0,89.29,10.184309649065174,3.3565486299932736,11
Nova Fátima,2020,19,8136,28.63,34595.75,sem rede,,89.29,0.0,89.29,10.45148612113136,3.354455119110024,12
Nova Fátima,2021,39,8120,28.57,38784.24,sem rede,,89.29,0.0,89.29,10.565769257528652,3.3523572162426816,13
Nova Fátima,2022,34,7814,27.49,45604.68,sem rede,,89.29,0.0,89.29,10.727765621815164,3.3138223021771545,14
Nova Fátima,2023,28,7507,26.41,43617.02,sem rede,,89.29,0.0,89.29,10.683202720136238,3.273742726309041,15
Nova Fátima,2024,29,7201,25.34,45470.49,sem rede,,89.29,0.0,89.29,10.724818823097038,3.232384174892993,16
Nova Fátima,2025,11,7140,25.12,45858.96,sem rede,,89.29,0.0,89.29,10.733325878439969,3.223664341599998,17
Nova Fátima,2026,7,7140,25.12,45858.96,sem rede,,89.29,0.0,89.29,10.733325878439969,3.223664341599998,18
Nova Laranjeiras,2008,52,11598,9.56,8006.81,cobertura baixa,19.57,22.58,19.57,22.58,8.988047708554173,2.25758772706331,0
Nova Laranjeiras,2009,27,11577,9.55,7085.86,cobertura baixa,19.57,22.58,19.57,22.58,8.865856527962388,2.256541154492639,1
Nova Laranjeiras,2010,53,11392,9.39,7583.57,cobertura baixa,19.57,22.58,19.57,22.58,8.933739344015212,2.2396452932201716,2
Nova Laranjeiras,2011,33,11206,9.24,8258.61,cobertura baixa,19.57,22.58,19.57,22.58,9.019011571482539,2.2235418856535927,3
Nova Laranjeiras,2012,30,11690,9.64,8871.17,cobertura baixa,19.57,22.58,19.57,22.58,9.090561971903647,2.265921108622454,4
Nova Laranjeiras,2013,21,12010,9.9,11244.05,cobertura baixa,19.57,22.58,19.57,22.58,9.327594378832615,2.2925347571405443,5
Nova Laranjeiras,2014,30,11988,9.88,13030.03,cobertura baixa,19.57,22.58,19.57,22.58,9.475011972495366,2.2905125117597764,6
Nova Laranjeiras,2015,33,11968,9.87,13987.05,cobertura baixa,19.57,22.58,19.57,22.58,9.545887180520895,2.28949985344539,7
Nova Laranjeiras,2016,26,11947,9.85,16465.22,cobertura baixa,19.57,22.58,19.57,22.58,9.709005556397482,2.2874714551839976,8
Nova Laranjeiras,2017,19,11927,9.83,16429.19,cobertura baixa,19.57,22.58,19.57,22.58,9.706814909755161,2.285438934159075,9
Nova Laranjeiras,2018,46,11603,9.57,17539.34,cobertura baixa,19.57,22.58,19.57,22.58,9.772201636939991,2.258633205464863,10
Nova Laranjeiras,2019,35,11554,9.53,19111.3,cobertura baixa,19.57,22.58,19.57,22.58,9.858035062131457,2.254444717666111,11
Nova Laranjeiras,2020,29,11507,9.49,21983.92,cobertura baixa,19.57,22.58,19.57,22.58,9.998066556005265,2.2502386126218363,12
Nova Laranjeiras,2021,28,11462,9.45,26896.18,cobertura baixa,19.57,22.58,19.57,22.58,10.199739548070976,2.2460147415056513,13
Nova Laranjeiras,2022,21,11737,9.68,27039.87,cobertura baixa,19.57,22.58,19.57,22.58,10.205067722453036,2.2700619012884857,14
Nova Laranjeiras,2023,12,12012,9.9,31499.5,cobertura baixa,19.57,22.58,19.57,22.58,10.357726951671873,2.2925347571405443,15
Nova Laranjeiras,2024,37,12287,10.13,30794.5,cobertura baixa,19.57,22.58,19.57,22.58,10.335091381587318,2.315501318260592,16
Nova Laranjeiras,2025,56,12298,10.14,30766.95,cobertura baixa,19.57,22.58,19.57,22.58,10.334196340881189,2.316487998163037,17
Nova Laranjeiras,2026,9,12298,10.14,30766.95,cobertura baixa,19.57,22.58,19.57,22.58,10.334196340881189,2.316487998163037,18
Nova Londrina,2008,185,12933,47.88,9935.9,cobertura alta,94.46,92.38,94.46,92.38,9.203909739710376,3.8686978806897723,0
Nova Londrina,2009,144,12898,47.75,11269.27,cobertura alta,94.46,92.38,94.46,92.38,9.329834831200332,3.865979066926739,1
Nova Londrina,2010,131,12979,48.05,12966.18,cobertura alta,94.46,92.38,94.46,92.38,9.470099708100404,3.8722421354163012,2
Nova Londrina,2011,113,13060,48.35,14345.48,cobertura alta,94.46,92.38,94.46,92.38,9.571190188991938,3.8784662218993033,3
Nova Londrina,2012,56,13052,48.32,15349.91,cobertura alta,94.46,92.38,94.46,92.38,9.638864889805973,3.8778455536265595,4
Nova Londrina,2013,50,13452,49.8,17749.85,cobertura alta,94.46,92.38,94.46,92.38,9.784132344163629,3.9080149840306073,5
Nova Londrina,2014,50,13461,49.84,18746.9,cobertura alta,94.46,92.38,94.46,92.38,9.838783684396162,3.908817874479198,6
Nova Londrina,2015,40,13470,49.87,20476.84,cobertura alta,94.46,92.38,94.46,92.38,9.927049770373456,3.9094196195580313,7
Nova Londrina,2016,46,13478,49.9,22530.42,cobertura alta,94.46,92.38,94.46,92.38,10.022621675063453,3.910021002757473,8
Nova Londrina,2017,44,13486,49.93,24870.38,cobertura alta,94.46,92.38,94.46,92.38,10.121432816133877,3.910622024512518,9
Nova Londrina,2018,35,13225,48.96,24026.24,cobertura alta,94.46,92.38,94.46,92.38,10.08690184540982,3.8910036382040705,10
Nova Londrina,2019,45,13213,48.92,26104.06,cobertura alta,94.46,92.38,94.46,92.38,10.169846136768829,3.890186310818972,11
Nova Londrina,2020,24,13200,48.87,30174.55,cobertura alta,94.46,92.38,94.46,92.38,10.314754132847076,3.8891637112820634,12
Nova Londrina,2021,26,13188,48.83,33586.21,cobertura alta,94.46,92.38,94.46,92.38,10.421870845040658,3.888344878073569,13
Nova Londrina,2022,9,13154,48.7,45387.56,cobertura alta,94.46,92.38,94.46,92.38,10.722993337671593,3.885679030088544,14
Nova Londrina,2023,17,13119,48.57,54761.64,cobertura alta,94.46,92.38,94.46,92.38,10.910745227821714,3.8830060563576536,15
Nova Londrina,2024,39,13085,48.45,54903.94,cobertura alta,94.46,92.38,94.46,92.38,10.913340391771321,3.880532338336775,16
Nova Londrina,2025,22,13074,48.4,54950.13,cobertura alta,94.46,92.38,94.46,92.38,10.914181325616049,3.879499813722586,17
Nova Londrina,2026,5,13074,48.4,54950.13,cobertura alta,94.46,92.38,94.46,92.38,10.914181325616049,3.879499813722586,18
Nova Olímpia,2008,42,5385,39.39,6473.35,cobertura baixa,53.34,97.0,53.34,97.0,8.775449027839185,3.6735119769828146,0
Nova Olímpia,2009,8,5391,39.44,6817.66,cobertura baixa,53.34,97.0,53.34,97.0,8.827271583457918,3.6747805297344347,1
Nova Olímpia,2010,29,5456,39.91,7387.28,cobertura baixa,53.34,97.0,53.34,97.0,8.907514881237079,3.686626919060642,2
Nova Olímpia,2011,14,5521,40.39,7493.39,cobertura baixa,53.34,97.0,53.34,97.0,8.921776577588505,3.6985822295753215,3
Nova Olímpia,2012,3,5537,40.5,8746.97,cobertura baixa,53.34,97.0,53.34,97.0,9.076462633666631,3.7013019741124933,4
Nova Olímpia,2013,2,5733,41.94,9996.86,cobertura baixa,53.34,97.0,53.34,97.0,9.210026322667861,3.7362400254737738,5
Nova Olímpia,2014,2,5758,42.12,11251.48,cobertura baixa,53.34,97.0,53.34,97.0,9.32825495453545,3.740522687265775,6
Nova Olímpia,2015,2,5782,42.3,11658.77,cobertura baixa,53.34,97.0,53.34,97.0,9.36381396548937,3.744787086052232,7
Nova Olímpia,2016,1,5806,42.47,12943.85,cobertura baixa,53.34,97.0,53.34,97.0,9.46837605085041,3.74879794432518,8
Nova Olímpia,2017,3,5829,42.64,13719.51,cobertura baixa,53.34,97.0,53.34,97.0,9.526574186356392,3.752792779857589,9
Nova Olímpia,2018,2,5785,42.32,14262.92,cobertura baixa,53.34,97.0,53.34,97.0,9.565418441589513,3.7452597875500437,10
Nova Olímpia,2019,4,5806,42.47,15803.65,cobertura baixa,53.34,97.0,53.34,97.0,9.66799620499397,3.74879794432518,11
Nova Olímpia,2020,2,5826,42.62,16931.69,cobertura baixa,53.34,97.0,53.34,97.0,9.736942292944981,3.752323626670471,12
Nova Olímpia,2021,2,5846,42.77,18680.64,cobertura baixa,53.34,97.0,53.34,97.0,9.8352429724379,3.7558369222388173,13
Nova Olímpia,2022,2,5884,43.04,19005.95,cobertura baixa,53.34,97.0,53.34,97.0,9.852507367019616,3.762129915853529,14
Nova Olímpia,2023,1,5922,43.32,22414.89,cobertura baixa,53.34,97.0,53.34,97.0,10.017480749149437,3.76861442213279,15
Nova Olímpia,2024,3,5960,43.6,22271.98,cobertura baixa,53.34,97.0,53.34,97.0,10.011084665145237,3.775057150354989,16
Nova Olímpia,2025,4,5982,43.76,22190.07,cobertura baixa,53.34,97.0,53.34,97.0,10.007400170495796,3.7787201581137255,17
Nova Olímpia,2026,1,5982,43.76,22190.07,cobertura baixa,53.34,97.0,53.34,97.0,10.007400170495796,3.7787201581137255,18
Nova Prata do Iguaçu,2008,55,10791,30.54,10606.06,sem rede,,69.29,0.0,69.29,9.269180814856258,3.4190372997904865,0
Nova Prata do Iguaçu,2009,82,10822,30.63,10482.26,sem rede,,69.29,0.0,69.29,9.257439583481123,3.421979920844684,1
Nova Prata do Iguaçu,2010,132,10599,30.0,12910.93,sem rede,,69.29,0.0,69.29,9.465829518426615,3.4011973816621555,2
Nova Prata do Iguaçu,2011,31,10376,29.37,14885.41,sem rede,,69.29,0.0,69.29,9.608136817578428,3.379973745210529,3
Nova Prata do Iguaçu,2012,55,10374,29.36,16216.7,sem rede,,69.29,0.0,69.29,9.693796854442388,3.3796332037463146,4
Nova Prata do Iguaçu,2013,23,10698,30.28,21776.59,sem rede,,69.29,0.0,69.29,9.988590818572703,3.410487428569248,5
Nova Prata do Iguaçu,2014,24,10710,30.31,22565.45,sem rede,,69.29,0.0,69.29,10.02417525445091,3.4114776910697118,6
Nova Prata do Iguaçu,2015,21,10722,30.35,23533.2,sem rede,,69.29,0.0,69.29,10.066167469074793,3.4127965175055075,7
Nova Prata do Iguaçu,2016,49,10733,30.38,28281.84,sem rede,,69.29,0.0,69.29,10.249975181543183,3.4137844971676268,8
Nova Prata do Iguaçu,2017,31,10745,30.41,29794.79,sem rede,,69.29,0.0,69.29,10.302088824993797,3.4147715016892732,9
Nova Prata do Iguaçu,2018,1,10552,29.87,31075.82,sem rede,,69.29,0.0,69.29,10.34418530380228,3.3968546322280186,10
Nova Prata do Iguaçu,2019,1,10548,29.86,30296.93,sem rede,,69.29,0.0,69.29,10.318801666232217,3.3965197921110444,11
Nova Prata do Iguaçu,2020,4,10544,29.84,37214.15,sem rede,,69.29,0.0,69.29,10.524444344280582,3.3958497753355603,12
Nova Prata do Iguaçu,2021,2,10540,29.83,46726.57,sem rede,,69.29,0.0,69.29,10.75206823261534,3.395514598526657,13
Nova Prata do Iguaçu,2022,1,11425,32.34,36209.98,sem rede,,69.29,0.0,69.29,10.497090050425925,3.4763048541489607,14
Nova Prata do Iguaçu,2023,2,12311,34.85,45497.85,sem rede,,69.29,0.0,69.29,10.725420351075343,3.551053137206533,15
Nova Prata do Iguaçu,2024,3,13196,37.35,42446.5,sem rede,,69.29,0.0,69.29,10.655999738399203,3.6203329115788265,16
Nova Prata do Iguaçu,2025,2,13340,37.76,41988.31,sem rede,,69.29,0.0,69.29,10.645146525190261,3.6312503412773,17
Nova Prata do Iguaçu,2026,0,13340,37.76,41988.31,sem rede,,69.29,0.0,69.29,10.645146525190261,3.6312503412773,18
Nova Santa Bárbara,2008,19,3952,51.26,9637.9,sem rede,,91.85,0.0,91.85,9.173458521549854,3.936910720935925,0
Nova Santa Bárbara,2009,10,3984,51.67,8701.81,sem rede,,91.85,0.0,91.85,9.071286328981124,3.9448773422990935,1
Nova Santa Bárbara,2010,13,3958,51.34,8595.0,sem rede,,91.85,0.0,91.85,9.05893591781695,3.9384701754429945,2
Nova Santa Bárbara,2011,6,3931,50.99,9768.0,sem rede,,91.85,0.0,91.85,9.18686701579054,3.9316295350670645,3
Nova Santa Bárbara,2012,19,3953,51.27,11216.54,sem rede,,91.85,0.0,91.85,9.325144753621833,3.9371057857956093,4
Nova Santa Bárbara,2013,3,4106,53.26,13840.48,sem rede,,91.85,0.0,91.85,9.535352910651175,3.9751855803857863,5
Nova Santa Bárbara,2014,2,4135,53.63,13474.0,sem rede,,91.85,0.0,91.85,9.508517181520606,3.9821086129948338,6
Nova Santa Bárbara,2015,0,4163,53.99,16244.78,sem rede,,91.85,0.0,91.85,9.695526905382998,3.9887988442301956,7
Nova Santa Bárbara,2016,1,4190,54.35,17440.81,sem rede,,91.85,0.0,91.85,9.766568141338565,3.9954446135672184,8
Nova Santa Bárbara,2017,4,4217,54.7,18456.72,sem rede,,91.85,0.0,91.85,9.823183810796165,4.001863709427935,9
Nova Santa Bárbara,2018,5,4220,54.73,19667.06,sem rede,,91.85,0.0,91.85,9.88670043401975,4.0024120051558265,10
Nova Santa Bárbara,2019,4,4249,55.11,19120.73,sem rede,,91.85,0.0,91.85,9.858528365792877,4.009331187895144,11
Nova Santa Bárbara,2020,4,4277,55.47,21462.47,sem rede,,91.85,0.0,91.85,9.974061107417917,4.015842334067143,12
Nova Santa Bárbara,2021,7,4304,55.82,25730.02,sem rede,,91.85,0.0,91.85,10.155413682578248,4.022132228108176,13
Nova Santa Bárbara,2022,3,4296,55.72,29822.86,sem rede,,91.85,0.0,91.85,10.303030492505826,4.020339148911605,14
Nova Santa Bárbara,2023,5,4288,55.62,30692.4,sem rede,,91.85,0.0,91.85,10.331770345924738,4.018542848805819,15
Nova Santa Bárbara,2024,1,4280,55.51,30749.77,sem rede,,91.85,0.0,91.85,10.333637793531894,4.01656318470207,16
Nova Santa Bárbara,2025,3,4308,55.88,30549.91,sem rede,,91.85,0.0,91.85,10.327117018605222,4.023206534388761,17
Nova Santa Bárbara,2026,0,4308,55.88,30549.91,sem rede,,91.85,0.0,91.85,10.327117018605222,4.023206534388761,18
Nova Santa Rosa,2008,39,7893,38.46,16093.37,sem rede,,77.52,0.0,77.52,9.686162664916901,3.6496187401606335,0
Nova Santa Rosa,2009,38,7965,38.82,15425.11,sem rede,,77.52,0.0,77.52,9.64375198002855,3.658935577740864,1
Nova Santa Rosa,2010,37,7815,38.08,18184.9,sem rede,,77.52,0.0,77.52,9.808346858368301,3.6396892099231644,2
Nova Santa Rosa,2011,37,7665,37.35,20974.95,sem rede,,77.52,0.0,77.52,9.951084147542339,3.6203329115788265,3
Nova Santa Rosa,2012,42,7702,37.53,22650.74,sem rede,,77.52,0.0,77.52,10.02794780145917,3.6251406131469297,4
Nova Santa Rosa,2013,50,7994,38.96,31649.74,sem rede,,77.52,0.0,77.52,10.362485212688659,3.6625354787743345,5
Nova Santa Rosa,2014,29,8044,39.2,34376.18,sem rede,,77.52,0.0,77.52,10.445119161652432,3.6686767467964168,6
Nova Santa Rosa,2015,35,8092,39.43,34680.8,sem rede,,77.52,0.0,77.52,10.453941498679164,3.674526947889536,7
Nova Santa Rosa,2016,56,8140,39.67,38153.81,sem rede,,77.52,0.0,77.52,10.549380900664433,3.6805952345262387,8
Nova Santa Rosa,2017,34,8186,39.89,39029.2,sem rede,,77.52,0.0,77.52,10.572065362911044,3.686125665917315,9
Nova Santa Rosa,2018,31,8171,39.82,40036.47,sem rede,,77.52,0.0,77.52,10.597546067704512,3.6843692986360503,10
Nova Santa Rosa,2019,22,8219,40.05,41076.89,sem rede,,77.52,0.0,77.52,10.623200955237026,3.6901286735143684,11
Nova Santa Rosa,2020,10,8266,40.28,51799.06,sem rede,,77.52,0.0,77.52,10.855127281364775,3.6958550678503617,12
Nova Santa Rosa,2021,10,8311,40.5,52911.44,sem rede,,77.52,0.0,77.52,10.876374851555044,3.7013019741124933,13
Nova Santa Rosa,2022,10,8386,40.87,44278.2,sem rede,,77.52,0.0,77.52,10.698247735589819,3.7103962975761857,14
Nova Santa Rosa,2023,14,8460,41.23,57242.91,sem rede,,77.52,0.0,77.52,10.955059070952574,3.7191661467188086,15
Nova Santa Rosa,2024,14,8535,41.59,56739.89,sem rede,,77.52,0.0,77.52,10.946232769693356,3.7278597537548204,16
Nova Santa Rosa,2025,19,8581,41.82,56435.73,sem rede,,77.52,0.0,77.52,10.940857747541294,3.7333746940004877,17
Nova Santa Rosa,2026,4,8581,41.82,56435.73,sem rede,,77.52,0.0,77.52,10.940857747541294,3.7333746940004877,18
Nova Tebas,2008,45,8401,15.36,6476.01,sem rede,,52.49,0.0,52.49,8.775859858959397,2.731766727719526,0
Nova Tebas,2009,19,8283,15.14,6098.52,sem rede,,52.49,0.0,52.49,8.715801397772873,2.717340248009303,1
Nova Tebas,2010,64,7761,14.19,6532.02,sem rede,,52.49,0.0,52.49,8.784471515935026,2.6525374911719513,2
Nova Tebas,2011,69,7239,13.23,8467.19,sem rede,,52.49,0.0,52.49,9.043953973451918,2.5824869781268642,3
Nova Tebas,2012,97,7085,12.95,10316.44,sem rede,,52.49,0.0,52.49,9.241494018282427,2.5610957881455465,4
Nova Tebas,2013,65,7100,12.98,13022.25,sem rede,,52.49,0.0,52.49,9.474414711892356,2.563409711275944,5
Nova Tebas,2014,85,6943,12.69,14801.81,sem rede,,52.49,0.0,52.49,9.602504749571798,2.540814281726296,6
Nova Tebas,2015,53,6792,12.42,15051.09,sem rede,,52.49,0.0,52.49,9.61920569280361,2.519308076505333,7
Nova Tebas,2016,47,6644,12.15,18768.96,sem rede,,52.49,0.0,52.49,9.839959720480234,2.4973291697865574,8
Nova Tebas,2017,21,6498,11.88,18922.9,sem rede,,52.49,0.0,52.49,9.848128107815759,2.474856313934499,9
Nova Tebas,2018,34,5856,10.71,22561.99,sem rede,,52.49,0.0,52.49,10.024021910941649,2.3711778844596574,10
Nova Tebas,2019,84,5649,10.33,23211.19,sem rede,,52.49,0.0,52.49,10.052389768958047,2.3350522831315472,11
Nova Tebas,2020,47,5448,9.96,29864.9,sem rede,,52.49,0.0,52.49,10.304439156759662,2.298577071596507,12
Nova Tebas,2021,37,5252,9.6,36136.33,sem rede,,52.49,0.0,52.49,10.49505400946011,2.2617630984737906,13
Nova Tebas,2022,32,5791,10.59,38079.61,sem rede,,52.49,0.0,52.49,10.547434247256218,2.359910159613315,14
Nova Tebas,2023,29,6331,11.57,37466.75,sem rede,,52.49,0.0,52.49,10.531209151970433,2.448415541205585,15
Nova Tebas,2024,14,6870,12.56,34527.22,sem rede,,52.49,0.0,52.49,10.449503277441249,2.5305171610400525,16
Nova Tebas,2025,25,6852,12.53,34617.92,sem rede,,52.49,0.0,52.49,10.452126746047167,2.528125768907977,17
Nova Tebas,2026,26,6852,12.53,34617.92,sem rede,,52.49,0.0,52.49,10.452126746047167,2.528125768907977,18
Novo Itacolomi,2008,6,2816,17.39,9243.25,sem rede,,79.97,0.0,79.97,9.131648834394403,2.855895328366192,0
Novo Itacolomi,2009,6,2808,17.34,10132.83,sem rede,,79.97,0.0,79.97,9.223535926439924,2.853015971352396,1
Novo Itacolomi,2010,4,2816,17.39,10485.8,sem rede,,79.97,0.0,79.97,9.257777239900804,2.855895328366192,2
Novo Itacolomi,2011,9,2825,17.45,12345.84,sem rede,,79.97,0.0,79.97,9.421074443206816,2.859339648648436,3
Novo Itacolomi,2012,3,2822,17.43,14313.25,sem rede,,79.97,0.0,79.97,9.568940960670396,2.8581928595319295,4
Novo Itacolomi,2013,2,2906,17.95,16598.07,sem rede,,79.97,0.0,79.97,9.717041702525087,2.8875901149342877,5
Novo Itacolomi,2014,2,2906,17.95,17487.27,sem rede,,79.97,0.0,79.97,9.769228466635637,2.8875901149342877,6
Novo Itacolomi,2015,1,2907,17.96,18969.73,sem rede,,79.97,0.0,79.97,9.850599829828298,2.8881470628740535,7
Novo Itacolomi,2016,3,2907,17.96,20831.44,sem rede,,79.97,0.0,79.97,9.944218662926545,2.8881470628740535,8
Novo Itacolomi,2017,2,2908,17.96,23128.27,sem rede,,79.97,0.0,79.97,10.048810957789229,2.8881470628740535,9
Novo Itacolomi,2018,1,2848,17.59,23294.59,sem rede,,79.97,0.0,79.97,10.055976423752588,2.8673305587494666,10
Novo Itacolomi,2019,2,2844,17.57,23976.44,sem rede,,79.97,0.0,79.97,10.084826960513126,2.866192902199006,11
Novo Itacolomi,2020,1,2840,17.54,29266.9,sem rede,,79.97,0.0,79.97,10.284212463588466,2.864483986944037,12
Novo Itacolomi,2021,1,2836,17.52,32230.96,sem rede,,79.97,0.0,79.97,10.380682760279637,2.8633430855082453,13
Novo Itacolomi,2022,3,2961,18.29,34488.69,sem rede,,79.97,0.0,79.97,10.448386723185775,2.906354462402774,14
Novo Itacolomi,2023,3,3085,19.05,40493.68,sem rede,,79.97,0.0,79.97,10.608901191534942,2.94706710157271,15
Novo Itacolomi,2024,8,3210,19.83,38916.82,sem rede,,79.97,0.0,79.97,10.569181826898099,2.9871959425317045,16
Novo Itacolomi,2025,0,3227,19.93,38711.81,sem rede,,79.97,0.0,79.97,10.563900000422258,2.9922261342247034,17
Novo Itacolomi,2026,1,3227,19.93,38711.81,sem rede,,79.97,0.0,79.97,10.563900000422258,2.9922261342247034,18
Ortigueira,2008,257,25043,10.28,9262.11,cobertura baixa,54.42,58.42,54.42,58.42,9.133687163454733,2.330200260027019,0
Ortigueira,2009,179,25002,10.27,9052.2,cobertura baixa,54.42,58.42,54.42,58.42,9.110763101074085,2.329227023940467,1
Ortigueira,2010,223,24121,9.91,10268.11,cobertura baixa,54.42,58.42,54.42,58.42,9.236798254828077,2.2935443483418965,2
Ortigueira,2011,123,23240,9.54,12320.4,cobertura baixa,54.42,58.42,54.42,58.42,9.41901170409292,2.255493485460195,3
Ortigueira,2012,113,23103,9.49,13803.32,cobertura baixa,54.42,58.42,54.42,58.42,9.532664421920783,2.2502386126218363,4
Ortigueira,2013,121,23646,9.71,17524.66,cobertura baixa,54.42,58.42,54.42,58.42,9.771364310858672,2.2731562823032334,5
Ortigueira,2014,138,23530,9.66,28567.91,cobertura baixa,54.42,58.42,54.42,58.42,10.260039338891277,2.2679936482244267,6
Ortigueira,2015,140,23418,9.62,41787.6,cobertura baixa,54.42,58.42,54.42,58.42,10.640354923785615,2.263844264677615,7
Ortigueira,2016,81,23308,9.57,52260.34,cobertura baixa,54.42,58.42,54.42,58.42,10.86399304498532,2.258633205464863,8
Ortigueira,2017,22,23200,9.53,77208.19,cobertura baixa,54.42,58.42,54.42,58.42,11.254260818468826,2.254444717666111,9
Ortigueira,2018,10,22327,9.17,97506.2,cobertura baixa,54.42,58.42,54.42,58.42,11.487671244707785,2.2159372862683733,10
Ortigueira,2019,11,22141,9.09,131014.0,cobertura baixa,54.42,58.42,54.42,58.42,11.78305946670208,2.2071749081893874,11
Ortigueira,2020,8,21960,9.02,123792.44,cobertura baixa,54.42,58.42,54.42,58.42,11.72636157113215,2.199444334074532,12
Ortigueira,2021,2,21783,8.95,125163.2,cobertura baixa,54.42,58.42,54.42,58.42,11.73737376472987,2.191653532286764,13
Ortigueira,2022,0,22731,9.33,136567.9,cobertura baixa,54.42,58.42,54.42,58.42,11.824577205824365,2.2332350148592526,14
Ortigueira,2023,7,23679,9.72,151707.0,cobertura baixa,54.42,58.42,54.42,58.42,11.929706307976716,2.2741856184723477,15
Ortigueira,2024,2,24627,10.11,145867.14,cobertura baixa,54.42,58.42,54.42,58.42,11.89045148638911,2.3135250330323798,16
Ortigueira,2025,3,24706,10.15,145400.71,cobertura baixa,54.42,58.42,54.42,58.42,11.887248727150789,2.3174737054877963,17
Ortigueira,2026,3,24706,10.15,145400.71,cobertura baixa,54.42,58.42,54.42,58.42,11.887248727150789,2.3174737054877963,18
Ourizona,2008,1,3384,19.14,13551.42,sem rede,,94.88,0.0,94.88,9.514246617864991,2.9517803860248084,0
Ourizona,2009,0,3380,19.12,16064.79,sem rede,,94.88,0.0,94.88,9.684385199569096,2.9507349076232554,1
Ourizona,2010,7,3380,19.12,14636.98,sem rede,,94.88,0.0,94.88,9.591306482082794,2.9507349076232554,2
Ourizona,2011,1,3379,19.11,19142.94,sem rede,,94.88,0.0,94.88,9.859689258226577,2.950211758252182,3
Ourizona,2012,1,3378,19.11,21427.77,sem rede,,94.88,0.0,94.88,9.972443023323683,2.950211758252182,4
Ourizona,2013,0,3482,19.69,24214.53,sem rede,,94.88,0.0,94.88,10.094708145192016,2.9801108926510342,5
Ourizona,2014,0,3485,19.71,24397.13,sem rede,,94.88,0.0,94.88,10.102220781412353,2.9811261211646287,6
Ourizona,2015,0,3488,19.73,25561.93,sem rede,,94.88,0.0,94.88,10.148859414248038,2.982140320034524,7
Ourizona,2016,2,3491,19.75,28063.88,sem rede,,94.88,0.0,94.88,10.24223861922206,2.9831534913471307,8
Ourizona,2017,5,3494,19.76,28372.93,sem rede,,94.88,0.0,94.88,10.25319080058076,2.983659692319722,9
Ourizona,2018,8,3430,19.4,31022.16,sem rede,,94.88,0.0,94.88,10.342457066801465,2.9652730660692823,10
Ourizona,2019,0,3428,19.39,28892.94,sem rede,,94.88,0.0,94.88,10.271352553599261,2.9647574692545606,11
Ourizona,2020,0,3425,19.37,43792.41,sem rede,,94.88,0.0,94.88,10.687215793677261,2.9637254774189046,12
Ourizona,2021,0,3423,19.36,48698.8,sem rede,,94.88,0.0,94.88,10.79340966811001,2.963209081848431,13
Ourizona,2022,0,3351,18.95,40247.99,sem rede,,94.88,0.0,94.88,10.602815343711573,2.9418039315284354,14
Ourizona,2023,0,3278,18.54,56916.72,sem rede,,94.88,0.0,94.88,10.949344425806947,2.919930560137709,15
Ourizona,2024,1,3206,18.13,58194.95,sem rede,,94.88,0.0,94.88,10.971553860195366,2.8975680247667595,16
Ourizona,2025,0,3193,18.06,58431.88,sem rede,,94.88,0.0,94.88,10.975616910283309,2.8936995479888394,17
Ourizona,2026,0,3193,18.06,58431.88,sem rede,,94.88,0.0,94.88,10.975616910283309,2.8936995479888394,18
Ouro Verde do Oeste,2008,35,5636,19.19,14248.76,sem rede,,74.6,0.0,74.6,9.56442516436669,2.9543893100196086,0
Ouro Verde do Oeste,2009,21,5648,19.23,11869.87,sem rede,,74.6,0.0,74.6,9.381758535563959,2.9564715596006885,1
Ouro Verde do Oeste,2010,3,5678,19.33,13672.24,sem rede,,74.6,0.0,74.6,9.523122778766574,2.9616582932202395,2
Ouro Verde do Oeste,2011,24,5709,19.44,15257.14,sem rede,,74.6,0.0,74.6,9.632802869186984,2.967332799032293,3
Ouro Verde do Oeste,2012,19,5726,19.5,16409.54,sem rede,,74.6,0.0,74.6,9.705618152003247,2.970414465569701,4
Ouro Verde do Oeste,2013,14,5927,20.18,23436.98,sem rede,,74.6,0.0,74.6,10.062070395799973,3.004692014925463,5
Ouro Verde do Oeste,2014,19,5952,20.27,24502.52,sem rede,,74.6,0.0,74.6,10.106531248386242,3.0091419604639085,6
Ouro Verde do Oeste,2015,3,5976,20.35,24964.19,sem rede,,74.6,0.0,74.6,10.125197676984753,3.013080911888604,7
Ouro Verde do Oeste,2016,4,6000,20.43,28097.17,sem rede,,74.6,0.0,74.6,10.243424138506297,3.0170044088295307,8
Ouro Verde do Oeste,2017,3,6023,20.51,29023.24,sem rede,,74.6,0.0,74.6,10.275852167346004,3.0209125720842893,9
Ouro Verde do Oeste,2018,1,5975,20.34,29576.07,sem rede,,74.6,0.0,74.6,10.294720867397546,3.012589390620414,10
Ouro Verde do Oeste,2019,0,5996,20.42,29985.99,sem rede,,74.6,0.0,74.6,10.308485551565832,3.01651481273652,11
Ouro Verde do Oeste,2020,0,6016,20.48,43839.93,sem rede,,74.6,0.0,74.6,10.688300324905294,3.019448800171307,12
Ouro Verde do Oeste,2021,0,6036,20.55,52786.94,sem rede,,74.6,0.0,74.6,10.874019090613823,3.022860940942244,13
Ouro Verde do Oeste,2022,0,6368,21.68,37282.04,sem rede,,74.6,0.0,74.6,10.526266988332429,3.0763901765714454,14
Ouro Verde do Oeste,2023,1,6699,22.81,44355.43,sem rede,,74.6,0.0,74.6,10.699990415417897,3.1271990362962967,15
Ouro Verde do Oeste,2024,0,7031,23.94,42260.99,sem rede,,74.6,0.0,74.6,10.651619717303605,3.1755507001298273,16
Ouro Verde do Oeste,2025,2,7102,24.18,41838.5,sem rede,,74.6,0.0,74.6,10.641572247235727,3.1855258451866466,17
Ouro Verde do Oeste,2026,1,7102,24.18,41838.5,sem rede,,74.6,0.0,74.6,10.641572247235727,3.1855258451866466,18
Paiçandu,2008,83,36336,211.5,6085.2,cobertura alta,99.26,100.0,99.26,100.0,8.713614872588973,5.354224998486333,0
Paiçandu,2009,71,36876,214.64,5919.51,cobertura alta,99.26,100.0,99.26,100.0,8.686008954182133,5.368962206117368,1
Paiçandu,2010,79,36604,213.06,6370.12,cobertura alta,99.26,100.0,99.26,100.0,8.759373586693323,5.361573816183052,2
Paiçandu,2011,41,36333,211.48,8221.31,cobertura alta,99.26,100.0,99.26,100.0,9.014484842749185,5.354130431367249,3
Paiçandu,2012,48,36717,213.72,10056.98,cobertura alta,99.26,100.0,99.26,100.0,9.21602219977789,5.36466674708957,4
Paiçandu,2013,33,38385,223.43,11392.39,cobertura alta,99.26,100.0,99.26,100.0,9.34070086761633,5.409098165891395,5
Paiçandu,2014,15,38846,226.11,12941.08,cobertura alta,99.26,100.0,99.26,100.0,9.468162026705043,5.421021606523488,6
Paiçandu,2015,25,39291,228.7,16889.36,cobertura alta,99.26,100.0,99.26,100.0,9.734439116839985,5.432411101028736,7
Paiçandu,2016,30,39728,231.25,19407.62,cobertura alta,99.26,100.0,99.26,100.0,9.873421051437326,5.443499376392535,8
Paiçandu,2017,18,40156,233.74,21963.02,cobertura alta,99.26,100.0,99.26,100.0,9.997115408936748,5.454209386505011,9
Paiçandu,2018,16,40777,237.35,20508.6,cobertura alta,99.26,100.0,99.26,100.0,9.928599589350982,5.469535844997327,10
Paiçandu,2019,15,41281,240.29,20045.52,cobertura alta,99.26,100.0,99.26,100.0,9.905760966371458,5.481846527228154,11
Paiçandu,2020,13,41773,243.15,23682.09,cobertura alta,99.26,100.0,99.26,100.0,10.07247434523838,5.493678536849795,12
Paiçandu,2021,12,42251,245.93,25033.63,cobertura alta,99.26,100.0,99.26,100.0,10.127975399879409,5.505046942593991,13
Paiçandu,2022,24,44236,257.49,26750.41,cobertura alta,99.26,100.0,99.26,100.0,10.194305079309498,5.550980884398238,14
Paiçandu,2023,10,46222,269.05,29041.63,cobertura alta,99.26,100.0,99.26,100.0,10.276485596840116,5.594897235935429,15
Paiçandu,2024,5,48207,280.6,27845.79,cobertura alta,99.26,100.0,99.26,100.0,10.234437066962665,5.6369301676683605,16
Paiçandu,2025,7,48695,283.44,27566.73,cobertura alta,99.26,100.0,99.26,100.0,10.224364889801736,5.647000460557217,17
Paiçandu,2026,0,48695,283.44,27566.73,cobertura alta,99.26,100.0,99.26,100.0,10.224364889801736,5.647000460557217,18
Palmas,2008,238,42643,27.31,11944.12,cobertura alta,77.16,86.4,77.16,86.4,9.387994386054022,3.3072529354856135,0
Palmas,2009,162,43409,27.8,11091.39,cobertura alta,77.16,86.4,77.16,86.4,9.313924410632715,3.3250360206965914,1
Palmas,2010,208,43458,27.83,11751.39,cobertura alta,77.16,86.4,77.16,86.4,9.371726810448004,3.326114575537799,2
Palmas,2011,165,43508,27.86,12250.0,cobertura alta,77.16,86.4,77.16,86.4,9.413281215972873,3.3271919683516598,3
Palmas,2012,147,44107,28.25,13955.97,cobertura alta,77.16,86.4,77.16,86.4,9.543662652691285,3.34109345759245,4
Palmas,2013,156,46294,29.65,15701.62,cobertura alta,77.16,86.4,77.16,86.4,9.6615191707266,3.3894621254437345,5
Palmas,2014,97,46996,30.1,18029.47,cobertura alta,77.16,86.4,77.16,86.4,9.799762920313285,3.40452517175483,6
Palmas,2015,95,47674,30.53,20534.38,cobertura alta,77.16,86.4,77.16,86.4,9.929855833580344,3.4187098067467865,7
Palmas,2016,66,48339,30.96,22003.6,cobertura alta,77.16,86.4,77.16,86.4,9.99896135531712,3.4326960487215263,8
Palmas,2017,112,48990,31.38,22532.15,cobertura alta,77.16,86.4,77.16,86.4,10.022698457191096,3.4461707473048864,9
Palmas,2018,183,50198,32.15,23589.53,cobertura alta,77.16,86.4,77.16,86.4,10.06855824850676,3.4704124506836282,10
Palmas,2019,145,50986,32.65,22851.51,cobertura alta,77.16,86.4,77.16,86.4,10.03677247728994,3.48584485572244,11
Palmas,2020,109,51755,33.15,26519.49,cobertura alta,77.16,86.4,77.16,86.4,10.185635213345655,3.5010427166318716,12
Palmas,2021,85,52503,33.63,30789.19,cobertura alta,77.16,86.4,77.16,86.4,10.334918933329893,3.515418525752178,13
Palmas,2022,193,51632,33.07,31401.05,cobertura alta,77.16,86.4,77.16,86.4,10.354596610827704,3.4986265269937014,14
Palmas,2023,79,50762,32.51,34044.4,cobertura alta,77.16,86.4,77.16,86.4,10.435420834028474,3.481547734315814,15
Palmas,2024,82,49891,31.95,34638.75,cobertura alta,77.16,86.4,77.16,86.4,10.452728276574929,3.4641721808235437,16
Palmas,2025,115,50238,32.17,34399.5,cobertura alta,77.16,86.4,77.16,86.4,10.445797308372136,3.471034341250935,17
Palmas,2026,42,50238,32.17,34399.5,cobertura alta,77.16,86.4,77.16,86.4,10.445797308372136,3.471034341250935,18
Palmeira,2008,122,32282,21.91,14472.31,cobertura alta,65.13,69.32,65.13,69.32,9.579992447520118,3.086943153607375,0
Palmeira,2009,102,32401,22.0,14413.47,cobertura alta,65.13,69.32,65.13,69.32,9.575918465001228,3.091042453358316,1
Palmeira,2010,172,32316,21.94,17484.13,cobertura alta,65.13,69.32,65.13,69.32,9.769048891325044,3.088311454847084,2
Palmeira,2011,98,32232,21.88,20491.9,cobertura alta,65.13,69.32,65.13,69.32,9.927784965094034,3.0855729775537806,3
Palmeira,2012,153,32326,21.94,24044.7,cobertura alta,65.13,69.32,65.13,69.32,10.087669877027567,3.088311454847084,4
Palmeira,2013,128,33469,22.72,26049.33,cobertura alta,65.13,69.32,65.13,69.32,10.16774732708108,3.1232455938529506,5
Palmeira,2014,94,33613,22.82,29008.24,cobertura alta,65.13,69.32,65.13,69.32,10.275335206540108,3.1276373444339294,6
Palmeira,2015,73,33753,22.91,30485.76,cobertura alta,65.13,69.32,65.13,69.32,10.32501496832475,3.1315734964654043,7
Palmeira,2016,70,33889,23.01,38153.65,cobertura alta,65.13,69.32,65.13,69.32,10.54937670710328,3.1359289040472746,8
Palmeira,2017,64,34023,23.1,41813.68,cobertura alta,65.13,69.32,65.13,69.32,10.640978837698084,3.139832617527748,9
Palmeira,2018,46,33757,22.92,42390.53,cobertura alta,65.13,69.32,65.13,69.32,10.65468026721733,3.132009891846539,10
Palmeira,2019,38,33877,23.0,39697.91,cobertura alta,65.13,69.32,65.13,69.32,10.589053820453222,3.1354942159291497,11
Palmeira,2020,15,33994,23.08,45164.73,cobertura alta,65.13,69.32,65.13,69.32,10.718071751485704,3.138966441639899,12
Palmeira,2021,10,34109,23.15,48140.55,cobertura alta,65.13,69.32,65.13,69.32,10.781880136282185,3.1419947805322432,13
Palmeira,2022,9,34341,23.31,57208.9,cobertura alta,65.13,69.32,65.13,69.32,10.95446475966993,3.1488824530476656,14
Palmeira,2023,13,34574,23.47,64210.19,cobertura alta,65.13,69.32,65.13,69.32,11.069917199824364,3.1557230098629323,15
Palmeira,2024,17,34806,23.63,63782.19,cobertura alta,65.13,69.32,65.13,69.32,11.063229276757244,3.1625170911988163,16
Palmeira,2025,25,34948,23.72,63523.03,cobertura alta,65.13,69.32,65.13,69.32,11.059157796294672,3.1663185741295248,17
Palmeira,2026,6,34948,23.72,63523.03,cobertura alta,65.13,69.32,65.13,69.32,11.059157796294672,3.1663185741295248,18
Palmital,2008,173,15699,19.16,5782.02,cobertura baixa,38.34,64.18,38.34,64.18,8.662508381581032,2.9528247725427144,0
Palmital,2009,181,15548,18.97,6396.9,cobertura baixa,38.34,64.18,38.34,64.18,8.763568777000298,2.9428587839469227,1
Palmital,2010,150,15124,18.46,7052.83,cobertura baixa,38.34,64.18,38.34,64.18,8.861184233699204,2.9156062290747062,2
Palmital,2011,116,14699,17.94,8619.57,cobertura baixa,38.34,64.18,38.34,64.18,9.061790478422772,2.88703285663065,3
Palmital,2012,160,14538,17.74,10426.81,cobertura baixa,38.34,64.18,38.34,64.18,9.252135652699721,2.8758219768814333,4
Palmital,2013,19,14780,18.04,12156.77,cobertura baixa,38.34,64.18,38.34,64.18,9.405641495235589,2.8925915146344776,5
Palmital,2014,16,14626,17.85,13986.53,cobertura baixa,38.34,64.18,38.34,64.18,9.545850002583709,2.8820035082256483,6
Palmital,2015,24,14477,17.67,15426.61,cobertura baixa,38.34,64.18,38.34,64.18,9.643849219339758,2.871868286331605,7
Palmital,2016,42,14332,17.49,17078.01,cobertura baixa,38.34,64.18,38.34,64.18,9.745546950016038,2.8616292890305104,8
Palmital,2017,12,14189,17.31,17236.66,cobertura baixa,38.34,64.18,38.34,64.18,9.754793789949698,2.851284369188118,9
Palmital,2018,21,13389,16.34,18982.0,cobertura baixa,38.34,64.18,38.34,64.18,9.851246440690437,2.7936160894318567,10
Palmital,2019,6,13172,16.07,19198.6,cobertura baixa,38.34,64.18,38.34,64.18,9.862592638690657,2.776954179749421,11
Palmital,2020,8,12960,15.81,22648.23,cobertura baixa,38.34,64.18,38.34,64.18,10.027836982162281,2.7606426512213806,12
Palmital,2021,5,12755,15.56,25937.83,cobertura baixa,38.34,64.18,38.34,64.18,10.163457799783686,2.7447035187502458,13
Palmital,2022,2,12826,15.65,29416.97,cobertura baixa,38.34,64.18,38.34,64.18,10.289326997689,2.750470916986162,14
Palmital,2023,9,12896,15.74,31543.19,cobertura baixa,38.34,64.18,38.34,64.18,10.359112996810317,2.756205242989257,15
Palmital,2024,4,12967,15.82,31370.48,cobertura baixa,38.34,64.18,38.34,64.18,10.353622602310887,2.761274962339508,16
Palmital,2025,3,12879,15.72,31584.83,cobertura baixa,38.34,64.18,38.34,64.18,10.360432221016591,2.7549337870010606,17
Palmital,2026,1,12879,15.72,31584.83,cobertura baixa,38.34,64.18,38.34,64.18,10.360432221016591,2.7549337870010606,18
Palotina,2008,170,28691,43.96,24753.79,cobertura alta,76.65,92.05,76.65,92.05,10.116733887586564,3.7832801295354206,0
Palotina,2009,105,28966,44.38,25311.85,cobertura alta,76.65,92.05,76.65,92.05,10.139027944506838,3.792788917504448,1
Palotina,2010,217,28936,44.33,27606.79,cobertura alta,76.65,92.05,76.65,92.05,10.225817035941391,3.7916616487569623,2
Palotina,2011,203,28907,44.29,32496.63,cobertura alta,76.65,92.05,76.65,92.05,10.388891670633718,3.790758917935107,3
Palotina,2012,116,29123,44.62,34812.31,cobertura alta,76.65,92.05,76.65,92.05,10.45772633884505,3.7981821890043865,4
Palotina,2013,48,30327,46.46,45312.69,cobertura alta,76.65,92.05,76.65,92.05,10.721342404691688,3.838591727342263,5
Palotina,2014,90,30598,46.88,47319.5,cobertura alta,76.65,92.05,76.65,92.05,10.764677751679779,3.8475911452687575,6
Palotina,2015,47,30859,47.28,53437.51,cobertura alta,76.65,92.05,76.65,92.05,10.8862682128136,3.856087373097843,7
Palotina,2016,64,31115,47.67,62617.71,cobertura alta,76.65,92.05,76.65,92.05,11.044803424425695,3.864302269216734,8
Palotina,2017,91,31366,48.06,64942.84,cobertura alta,76.65,92.05,76.65,92.05,11.081262777376908,3.872450230308323,9
Palotina,2018,54,31564,48.36,69645.42,cobertura alta,76.65,92.05,76.65,92.05,11.151172219687622,3.878673025746592,10
Palotina,2019,63,31846,48.79,67256.77,cobertura alta,76.65,92.05,76.65,92.05,11.116272961542268,3.8875253738277458,11
Palotina,2020,24,32121,49.21,83298.96,cobertura alta,76.65,92.05,76.65,92.05,11.330191343082998,3.8960968548778867,12
Palotina,2021,54,32389,49.62,86937.39,cobertura alta,76.65,92.05,76.65,92.05,11.37294348338822,3.9043939782636548,13
Palotina,2022,93,33800,51.78,92004.85,cobertura alta,76.65,92.05,76.65,92.05,11.429596572032969,3.947003974323392,14
Palotina,2023,74,35212,53.95,105023.71,cobertura alta,76.65,92.05,76.65,92.05,11.561941413172336,3.9880576917041437,15
Palotina,2024,84,36623,56.11,100977.39,cobertura alta,76.65,92.05,76.65,92.05,11.522651909376558,4.0273140497628805,16
Palotina,2025,39,37039,56.75,99843.27,cobertura alta,76.65,92.05,76.65,92.05,11.511356935470753,4.038655656361512,17
Palotina,2026,36,37039,56.75,99843.27,cobertura alta,76.65,92.05,76.65,92.05,11.511356935470753,4.038655656361512,18
Paranacity,2008,24,9876,28.26,10900.47,cobertura alta,82.53,96.44,82.53,96.44,9.296561186553681,3.3414473772563813,0
Paranacity,2009,13,9946,28.46,13080.13,cobertura alta,82.53,96.44,82.53,96.44,9.47884956379972,3.3484995926617063,1
Paranacity,2010,21,10142,29.02,14231.41,cobertura alta,82.53,96.44,82.53,96.44,9.563206772612267,3.367985247456042,2
Paranacity,2011,21,10338,29.58,17765.33,cobertura alta,82.53,96.44,82.53,96.44,9.785004084133991,3.3870984572826535,3
Paranacity,2012,8,10423,29.82,18870.09,cobertura alta,82.53,96.44,82.53,96.44,9.84533340782658,3.3951793093365925,4
Paranacity,2013,9,10863,31.08,21980.39,cobertura alta,82.53,96.44,82.53,96.44,9.997905971203293,3.436564525499447,5
Paranacity,2014,20,10968,31.38,22674.05,cobertura alta,82.53,96.44,82.53,96.44,10.028976377744028,3.4461707473048864,6
Paranacity,2015,6,11069,31.67,23882.46,cobertura alta,82.53,96.44,82.53,96.44,10.080899577276227,3.4553698605505483,7
Paranacity,2016,10,11168,31.95,27486.12,cobertura alta,82.53,96.44,82.53,96.44,10.22143642896425,3.4641721808235437,8
Paranacity,2017,8,11265,32.23,32378.78,cobertura alta,82.53,96.44,82.53,96.44,10.385258548943057,3.4728976958273465,9
Paranacity,2018,10,11361,32.51,28209.14,cobertura alta,82.53,96.44,82.53,96.44,10.247401317887956,3.481547734315814,10
Paranacity,2019,4,11472,32.82,29006.89,cobertura alta,82.53,96.44,82.53,96.44,10.275288666956374,3.4910380856619447,11
Paranacity,2020,1,11580,33.13,26565.72,cobertura alta,82.53,96.44,82.53,96.44,10.187376941849205,3.5004392163118045,12
Paranacity,2021,2,11685,33.43,27858.11,cobertura alta,82.53,96.44,82.53,96.44,10.234879405836635,3.509453700432007,13
Paranacity,2022,3,10989,31.44,32896.99,cobertura alta,82.53,96.44,82.53,96.44,10.401136443206354,3.448080967561006,14
Paranacity,2023,0,10293,29.45,50287.48,cobertura alta,82.53,96.44,82.53,96.44,10.825511418544815,3.3826939100975957,15
Paranacity,2024,1,9597,27.46,53934.46,cobertura alta,82.53,96.44,82.53,96.44,10.895524884707864,3.312730400339825,16
Paranacity,2025,1,9549,27.32,54205.57,cobertura alta,82.53,96.44,82.53,96.44,10.900538949675193,3.307619034702589,17
Paranacity,2026,1,9549,27.32,54205.57,cobertura alta,82.53,96.44,82.53,96.44,10.900538949675193,3.307619034702589,18
Paranaguá,2008,231,138748,168.34,28802.63,cobertura alta,84.0,83.11,84.0,83.11,10.268221981399115,5.12598574378343,0
Paranaguá,2009,159,139796,169.61,24813.54,cobertura alta,84.0,83.11,84.0,83.11,10.119144750908847,5.133501683883748,1
Paranaguá,2010,267,140636,170.63,28926.65,cobertura alta,84.0,83.11,84.0,83.11,10.272518594514441,5.139497469539173,2
Paranaguá,2011,87,141477,171.65,34230.38,cobertura alta,84.0,83.11,84.0,83.11,10.440868832835676,5.145457519903701,3
Paranaguá,2012,82,142452,172.84,37479.64,cobertura alta,84.0,83.11,84.0,83.11,10.531553131183497,5.152366311063733,4
Paranaguá,2013,120,148232,179.85,41722.17,cobertura alta,84.0,83.11,84.0,83.11,10.638787921184877,5.192123170141633,5
Paranaguá,2014,107,149467,181.35,43306.16,cobertura alta,84.0,83.11,84.0,83.11,10.676050167151566,5.200428865728911,6
Paranaguá,2015,92,150660,182.8,47255.78,cobertura alta,84.0,83.11,84.0,83.11,10.763330253482753,5.20839265902005,7
Paranaguá,2016,101,151829,184.21,54721.75,cobertura alta,84.0,83.11,84.0,83.11,10.910016532779203,5.216076411164126,8
Paranaguá,2017,43,152975,185.6,64457.8,cobertura alta,84.0,83.11,84.0,83.11,11.073766025094164,5.2235938203521,9
Paranaguá,2018,29,153666,186.44,63610.07,cobertura alta,84.0,83.11,84.0,83.11,11.060527070128147,5.22810947150454,10
Paranaguá,2019,19,154936,187.98,62839.87,cobertura alta,84.0,83.11,84.0,83.11,11.048345023621396,5.236335574192156,11
Paranaguá,2020,17,156174,189.49,77431.12,cobertura alta,84.0,83.11,84.0,83.11,11.25714404595393,5.244336252681523,12
Paranaguá,2021,7,157378,190.95,86714.2,cobertura alta,84.0,83.11,84.0,83.11,11.37037293251796,5.252011613671526,13
Paranaguá,2022,25,154858,187.89,105694.39,cobertura alta,84.0,83.11,84.0,83.11,11.568307095709985,5.235856685205431,14
Paranaguá,2023,37,152339,184.83,100379.44,cobertura alta,84.0,83.11,84.0,83.11,11.516712684392806,5.219436483694589,15
Paranaguá,2024,40,149819,181.78,102067.85,cobertura alta,84.0,83.11,84.0,83.11,11.533393067199993,5.202797164690624,16
Paranaguá,2025,49,150104,182.12,101874.05,cobertura alta,84.0,83.11,84.0,83.11,11.53149252534631,5.204665810466581,17
Paranaguá,2026,21,150104,182.12,101874.05,cobertura alta,84.0,83.11,84.0,83.11,11.53149252534631,5.204665810466581,18
Paranapoema,2008,0,2781,15.77,10401.65,sem rede,,91.84,0.0,91.84,9.249719726391428,2.758109400974947,0
Paranapoema,2009,0,2818,15.98,9898.51,sem rede,,91.84,0.0,91.84,9.200139519745155,2.7713379403381286,1
Paranapoema,2010,8,2820,15.99,11564.18,sem rede,,91.84,0.0,91.84,9.355667668563347,2.771963526845863,2
Paranapoema,2011,3,2822,16.0,12154.85,sem rede,,91.84,0.0,91.84,9.405483546073501,2.772588722239781,3
Paranapoema,2012,10,2852,16.17,13159.19,sem rede,,91.84,0.0,91.84,9.484875652833043,2.783157673589016,4
Paranapoema,2013,4,2980,16.89,14234.9,sem rede,,91.84,0.0,91.84,9.563451974748931,2.826721730819709,5
Paranapoema,2014,6,3016,17.1,15484.08,sem rede,,91.84,0.0,91.84,9.647567678307803,2.8390784635086144,6
Paranapoema,2015,1,3050,17.29,17272.46,sem rede,,91.84,0.0,91.84,9.756868604540323,2.850128299695199,7
Paranapoema,2016,4,3084,17.48,19304.47,sem rede,,91.84,0.0,91.84,9.868091954294014,2.8610573702273894,8
Paranapoema,2017,3,3117,17.67,21162.34,sem rede,,91.84,0.0,91.84,9.959978465869396,2.871868286331605,9
Paranapoema,2018,6,3164,17.94,21016.12,sem rede,,91.84,0.0,91.84,9.953045041284362,2.88703285663065,10
Paranapoema,2019,4,3203,18.16,19106.77,sem rede,,91.84,0.0,91.84,9.857798001493848,2.8992213731731473,11
Paranapoema,2020,1,3241,18.37,23950.02,sem rede,,91.84,0.0,91.84,10.083724437911782,2.9107188992270343,12
Paranapoema,2021,0,3277,18.58,28080.87,sem rede,,91.84,0.0,91.84,10.24284384056577,2.922085733385692,13
Paranapoema,2022,0,2977,16.88,26698.35,sem rede,,91.84,0.0,91.84,10.192357044725972,2.826129489167811,14
Paranapoema,2023,0,2678,15.18,33151.98,sem rede,,91.84,0.0,91.84,10.40885772233712,2.719978771967484,15
Paranapoema,2024,1,2378,13.48,37334.31,sem rede,,91.84,0.0,91.84,10.527668021981222,2.601207105484161,16
Paranapoema,2025,0,2352,13.33,37747.02,sem rede,,91.84,0.0,91.84,10.538661811163863,2.5900171341906173,17
Paranapoema,2026,0,2352,13.33,37747.02,sem rede,,91.84,0.0,91.84,10.538661811163863,2.5900171341906173,18
Paranavaí,2008,23,82133,68.13,11008.78,cobertura alta,97.52,98.54,97.52,98.54,9.306448415220986,4.221417644785577,0
Paranavaí,2009,32,82716,68.61,11610.86,cobertura alta,97.52,98.54,97.52,98.54,9.359696146022662,4.2284382967028,1
Paranavaí,2010,9,82378,68.33,13374.41,cobertura alta,97.52,98.54,97.52,98.54,9.501098458641705,4.224348908792687,2
Paranavaí,2011,29,82039,68.05,15095.22,cobertura alta,97.52,98.54,97.52,98.54,9.622133416397105,4.220242729097475,3
Paranavaí,2012,34,82472,68.41,17962.53,cobertura alta,97.52,98.54,97.52,98.54,9.796043200532024,4.2255190127729065,4
Paranavaí,2013,18,85643,71.04,20440.49,cobertura alta,97.52,98.54,97.52,98.54,9.925273016633042,4.2632430986839145,5
Paranavaí,2014,19,86218,71.51,22464.31,cobertura alta,97.52,98.54,97.52,98.54,10.01968310658787,4.2698373000603045,6
Paranavaí,2015,17,86773,71.97,24552.23,cobertura alta,97.52,98.54,97.52,98.54,10.108557964127964,4.276249365519713,7
Paranavaí,2016,16,87316,72.43,25479.98,cobertura alta,97.52,98.54,97.52,98.54,10.145648324756435,4.282620578207235,8
Paranavaí,2017,17,87850,72.87,30158.91,cobertura alta,97.52,98.54,97.52,98.54,10.314235680885252,4.288677031682191,9
Paranavaí,2018,22,87813,72.84,30152.96,cobertura alta,97.52,98.54,97.52,98.54,10.314038373124133,4.288265254859407,10
Paranavaí,2019,22,88374,73.3,30410.48,cobertura alta,97.52,98.54,97.52,98.54,10.322542564828327,4.294560608892605,11
Paranavaí,2020,11,88922,73.76,30911.79,cobertura alta,97.52,98.54,97.52,98.54,10.338892943510908,4.300816579248338,12
Paranavaí,2021,8,89454,74.2,35546.74,cobertura alta,97.52,98.54,97.52,98.54,10.478603729198106,4.3067641501733345,13
Paranavaí,2022,11,91478,75.88,37951.61,cobertura alta,97.52,98.54,97.52,98.54,10.544067206166318,4.3291531450668135,14
Paranavaí,2023,13,93501,77.56,44809.84,cobertura alta,97.52,98.54,97.52,98.54,10.710183037142258,4.351051830374451,15
Paranavaí,2024,19,95525,79.23,43860.4,cobertura alta,97.52,98.54,97.52,98.54,10.688767141857333,4.372355014977151,16
Paranavaí,2025,12,96209,79.8,43548.58,cobertura alta,97.52,98.54,97.52,98.54,10.681632375549285,4.379523504455763,17
Paranavaí,2026,11,96209,79.8,43548.58,cobertura alta,97.52,98.54,97.52,98.54,10.681632375549285,4.379523504455763,18
Paraíso do Norte,2008,204,11743,57.28,8132.25,cobertura alta,89.93,92.69,89.93,92.69,9.0035929170204,4.04795152265239,0
Paraíso do Norte,2009,159,11939,58.24,8478.01,cobertura alta,89.93,92.69,89.93,92.69,9.045231031435359,4.06457240388843,1
Paraíso do Norte,2010,147,11934,58.21,9752.89,cobertura alta,89.93,92.69,89.93,92.69,9.185318930327462,4.064057161283644,2
Paraíso do Norte,2011,169,11929,58.19,11442.12,cobertura alta,89.93,92.69,89.93,92.69,9.34505656245046,4.063713518668578,3
Paraíso do Norte,2012,111,12079,58.92,12674.48,cobertura alta,89.93,92.69,89.93,92.69,9.447345801976784,4.076180591594429,4
Paraíso do Norte,2013,138,12661,61.76,15139.48,cobertura alta,89.93,92.69,89.93,92.69,9.62506118029856,4.123255905716521,5
Paraíso do Norte,2014,115,12839,62.63,15757.61,cobertura alta,89.93,92.69,89.93,92.69,9.665078702165692,4.137244396537321,6
Paraíso do Norte,2015,93,13011,63.47,18418.49,cobertura alta,89.93,92.69,89.93,92.69,9.821110330336152,4.150567353318379,7
Paraíso do Norte,2016,58,13180,64.29,24527.92,cobertura alta,89.93,92.69,89.93,92.69,10.107567339527673,4.163404098153595,8
Paraíso do Norte,2017,37,13345,65.1,23814.91,cobertura alta,89.93,92.69,89.93,92.69,10.07806713409702,4.175924549214524,9
Paraíso do Norte,2018,52,13631,66.49,24177.46,cobertura alta,89.93,92.69,89.93,92.69,10.093176073158977,4.197051560414364,10
Paraíso do Norte,2019,45,13830,67.46,23327.98,cobertura alta,89.93,92.69,89.93,92.69,10.057408777469197,4.2115348296335045,11
Paraíso do Norte,2020,22,14023,68.4,26952.86,cobertura alta,89.93,92.69,89.93,92.69,10.201844693155534,4.225372824628505,12
Paraíso do Norte,2021,8,14211,69.32,26545.56,cobertura alta,89.93,92.69,89.93,92.69,10.186617781046897,4.238733464847405,13
Paraíso do Norte,2022,0,14019,68.39,28980.95,cobertura alta,89.93,92.69,89.93,92.69,10.274393996565815,4.225226615110005,14
Paraíso do Norte,2023,1,13826,67.44,38581.44,cobertura alta,89.93,92.69,89.93,92.69,10.560526610802038,4.2112383136936,15
Paraíso do Norte,2024,1,13634,66.51,39124.76,cobertura alta,89.93,92.69,89.93,92.69,10.574510793638337,4.19735231229633,16
Paraíso do Norte,2025,3,13728,66.97,38856.86,cobertura alta,89.93,92.69,89.93,92.69,10.567639916784561,4.204244757921959,17
Paraíso do Norte,2026,1,13728,66.97,38856.86,cobertura alta,89.93,92.69,89.93,92.69,10.567639916784561,4.204244757921959,18
Pato Bragado,2008,6,4867,35.81,11824.12,sem rede,,100.0,0.0,100.0,9.37789679198628,3.5782271840103412,0
Pato Bragado,2009,15,4947,36.4,10687.29,sem rede,,100.0,0.0,100.0,9.276810463929163,3.594568774642695,1
Pato Bragado,2010,13,4914,36.16,13460.11,sem rede,,100.0,0.0,100.0,9.507485775527881,3.5879535355239756,2
Pato Bragado,2011,25,4882,35.92,15472.55,sem rede,,100.0,0.0,100.0,9.646822765148125,3.581294243433999,3
Pato Bragado,2012,17,4939,36.34,16209.76,sem rede,,100.0,0.0,100.0,9.693368808944609,3.592919062968025,4
Pato Bragado,2013,14,5170,38.04,21607.93,sem rede,,100.0,0.0,100.0,9.980815655926293,3.6386382376771897,5
Pato Bragado,2014,13,5239,38.55,24362.86,sem rede,,100.0,0.0,100.0,10.10081512051526,3.6519561000093383,6
Pato Bragado,2015,26,5304,39.03,24704.75,sem rede,,100.0,0.0,100.0,10.114750811819622,3.6643305811925235,7
Pato Bragado,2016,8,5369,39.51,28049.17,sem rede,,100.0,0.0,100.0,10.241714320495223,3.6765538044232993,8
Pato Bragado,2017,33,5432,39.97,29336.34,sem rede,,100.0,0.0,100.0,10.286582299539468,3.688129172723232,9
Pato Bragado,2018,43,5535,40.73,29832.34,sem rede,,100.0,0.0,100.0,10.303348318951125,3.706964921660321,10
Pato Bragado,2019,29,5610,41.28,30413.9,sem rede,,100.0,0.0,100.0,10.322655019735507,3.720378121173307,11
Pato Bragado,2020,28,5684,41.82,38500.0,sem rede,,100.0,0.0,100.0,10.558413520275876,3.7333746940004877,12
Pato Bragado,2021,42,5755,42.35,42308.08,sem rede,,100.0,0.0,100.0,10.652733363341495,3.7459684210980635,13
Pato Bragado,2022,36,5816,42.8,38397.87,sem rede,,100.0,0.0,100.0,10.55575726828737,3.756538102587751,14
Pato Bragado,2023,97,5878,43.25,45890.44,sem rede,,100.0,0.0,100.0,10.73401209548848,3.7669972333778885,15
Pato Bragado,2024,50,5939,43.7,45419.09,sem rede,,100.0,0.0,100.0,10.72368778023207,3.7773481021015445,16
Pato Bragado,2025,19,6004,44.18,44927.38,sem rede,,100.0,0.0,100.0,10.712802687432713,3.788272197991971,17
Pato Bragado,2026,10,6004,44.18,44927.38,sem rede,,100.0,0.0,100.0,10.712802687432713,3.788272197991971,18
Pato Branco,2008,373,69478,128.64,18880.55,cobertura alta,90.62,95.47,90.62,95.47,9.845887570631113,4.857017805430656,0
Pato Branco,2009,287,70160,129.9,20628.99,cobertura alta,90.62,95.47,90.62,95.47,9.93445264703842,4.866764923676554,1
Pato Branco,2010,268,71654,132.67,21965.65,cobertura alta,90.62,95.47,90.62,95.47,9.997235148505606,4.887864841928826,2
Pato Branco,2011,170,73148,135.43,24374.53,cobertura alta,90.62,95.47,90.62,95.47,10.101294013628864,4.90845490166728,3
Pato Branco,2012,159,73901,136.83,29301.97,cobertura alta,90.62,95.47,90.62,95.47,10.285410028239834,4.918739279391719,4
Pato Branco,2013,227,77230,142.99,32776.05,cobertura alta,90.62,95.47,90.62,95.47,10.397453344732012,4.962774697744756,5
Pato Branco,2014,180,78136,144.67,36198.15,cobertura alta,90.62,95.47,90.62,95.47,10.496763291535583,4.974455286641499,6
Pato Branco,2015,143,79011,146.29,38832.9,cobertura alta,90.62,95.47,90.62,95.47,10.56702310445924,4.985590952989995,7
Pato Branco,2016,86,79869,147.88,41739.04,cobertura alta,90.62,95.47,90.62,95.47,10.639192180845855,4.996401134068432,8
Pato Branco,2017,80,80710,149.44,44605.85,cobertura alta,90.62,95.47,90.62,95.47,10.705620295325941,5.006894974480533,9
Pato Branco,2018,115,81893,151.63,46841.89,cobertura alta,90.62,95.47,90.62,95.47,10.754533167025706,5.021443342812848,10
Pato Branco,2019,119,82881,153.45,48322.11,cobertura alta,90.62,95.47,90.62,95.47,10.785644498873854,5.033374781065745,11
Pato Branco,2020,84,83843,155.24,49713.32,cobertura alta,90.62,95.47,90.62,95.47,10.814028184225268,5.044972306500705,12
Pato Branco,2021,47,84779,156.97,53646.37,cobertura alta,90.62,95.47,90.62,95.47,10.890169085005539,5.056054704287115,13
Pato Branco,2022,85,88720,164.27,61371.64,cobertura alta,90.62,95.47,90.62,95.47,11.024703118180721,5.101511415553109,14
Pato Branco,2023,92,92661,171.56,62786.89,cobertura alta,90.62,95.47,90.62,95.47,11.047501572701531,5.14493305964868,15
Pato Branco,2024,84,96602,178.86,60225.42,cobertura alta,90.62,95.47,90.62,95.47,11.005849801306825,5.186603376918035,16
Pato Branco,2025,38,97821,181.12,59474.92,cobertura alta,90.62,95.47,90.62,95.47,10.993309990067269,5.199159795014818,17
Pato Branco,2026,35,97821,181.12,59474.92,cobertura alta,90.62,95.47,90.62,95.47,10.993309990067269,5.199159795014818,18
Paula Freitas,2008,24,5691,13.48,19053.07,sem rede,,56.06,0.0,56.06,9.85498352242644,2.601207105484161,0
Paula Freitas,2009,5,5751,13.62,19342.72,sem rede,,56.06,0.0,56.06,9.870071400276466,2.611539300721366,1
Paula Freitas,2010,19,5607,13.28,23746.39,sem rede,,56.06,0.0,56.06,10.075185797909617,2.5862591440482876,2
Paula Freitas,2011,8,5463,12.94,25498.99,sem rede,,56.06,0.0,56.06,10.146394122518968,2.5603232890727545,3
Paula Freitas,2012,19,5491,13.01,30283.19,sem rede,,56.06,0.0,56.06,10.318348052068506,2.565718292524414,4
Paula Freitas,2013,17,5700,13.5,37059.82,sem rede,,56.06,0.0,56.06,10.520288642838889,2.6026896854443837,5
Paula Freitas,2014,12,5737,13.59,40416.94,sem rede,,56.06,0.0,56.06,10.60700428299535,2.6093342281630525,6
Paula Freitas,2015,14,5773,13.67,39468.21,sem rede,,56.06,0.0,56.06,10.583250816729093,2.6152036507358583,7
Paula Freitas,2016,17,5808,13.76,41725.03,sem rede,,56.06,0.0,56.06,10.638856467523187,2.6217658325051976,8
Paula Freitas,2017,11,5842,13.84,45904.31,sem rede,,56.06,0.0,56.06,10.734314291422463,2.6275629501895237,9
Paula Freitas,2018,12,5837,13.83,48727.77,sem rede,,56.06,0.0,56.06,10.794004372426375,2.626840145676667,10
Paula Freitas,2019,11,5873,13.91,47686.36,sem rede,,56.06,0.0,56.06,10.77240068210542,2.6326080059353516,11
Paula Freitas,2020,5,5908,13.99,60284.87,sem rede,,56.06,0.0,56.06,11.006836439125431,2.63834278867739,12
Paula Freitas,2021,4,5942,14.07,74042.75,sem rede,,56.06,0.0,56.06,11.212397908083043,2.644044871126298,13
Paula Freitas,2022,12,5887,13.94,85490.4,sem rede,,56.06,0.0,56.06,11.356159367919147,2.6347624053323777,14
Paula Freitas,2023,7,5833,13.82,83753.13,sem rede,,56.06,0.0,56.06,11.335628822123283,2.626116818339524,15
Paula Freitas,2024,10,5778,13.69,84550.36,sem rede,,56.06,0.0,56.06,11.345102612153262,2.6166656393003573,16
Paula Freitas,2025,16,5706,13.51,85617.25,sem rede,,56.06,0.0,56.06,11.357642060519257,2.6034301519721073,17
Paula Freitas,2026,10,5706,13.51,85617.25,sem rede,,56.06,0.0,56.06,11.357642060519257,2.6034301519721073,18
Paulo Frontin,2008,29,7327,20.12,15953.73,sem rede,,37.64,0.0,37.64,9.677447936672358,3.0017143452315387,0
Paulo Frontin,2009,7,7398,20.31,16686.81,sem rede,,37.64,0.0,37.64,9.722373865973134,3.011113375592293,1
Paulo Frontin,2010,2,7169,19.68,18063.75,sem rede,,37.64,0.0,37.64,9.801662446612541,2.9796028916241073,2
Paulo Frontin,2011,6,6940,19.06,21741.07,sem rede,,37.64,0.0,37.64,9.986958377495311,2.947591898226056,3
Paulo Frontin,2012,9,6966,19.13,24205.14,sem rede,,37.64,0.0,37.64,10.094320286286008,2.9512577834521614,4
Paulo Frontin,2013,16,7219,19.82,28523.34,sem rede,,37.64,0.0,37.64,10.258477978470737,2.986691528901842,5
Paulo Frontin,2014,8,7256,19.92,32822.08,sem rede,,37.64,0.0,37.64,10.398856738626158,2.991724252156452,6
Paulo Frontin,2015,6,7291,20.02,31963.24,sem rede,,37.64,0.0,37.64,10.372341771462839,2.9967317738870745,7
Paulo Frontin,2016,3,7326,20.12,36704.61,sem rede,,37.64,0.0,37.64,10.510657639233019,3.0017143452315387,8
Paulo Frontin,2017,2,7360,20.21,39577.99,sem rede,,37.64,0.0,37.64,10.586028434643195,3.00617753141553,9
Paulo Frontin,2018,1,7321,20.1,41993.03,sem rede,,37.64,0.0,37.64,10.645258931112933,3.0007198150650303,10
Paulo Frontin,2019,3,7354,20.19,43579.96,sem rede,,37.64,0.0,37.64,10.682352690645963,3.005187432324746,11
Paulo Frontin,2020,2,7387,20.28,52018.68,sem rede,,37.64,0.0,37.64,10.85935816382487,3.0096351787229825,12
Paulo Frontin,2021,1,7418,20.37,53481.26,sem rede,,37.64,0.0,37.64,10.887086591147765,3.0140632302387145,13
Paulo Frontin,2022,2,7068,19.41,65368.99,sem rede,,37.64,0.0,37.64,11.087803265974948,2.9657883971809187,14
Paulo Frontin,2023,2,6719,18.45,70524.63,sem rede,,37.64,0.0,37.64,11.163717289489899,2.915064370486536,15
Paulo Frontin,2024,3,6369,17.49,74400.22,sem rede,,37.64,0.0,37.64,11.217214177806058,2.8616292890305104,16
Paulo Frontin,2025,3,6414,17.61,73878.24,sem rede,,37.64,0.0,37.64,11.210173611614692,2.8684669225081145,17
Paulo Frontin,2026,1,6414,17.61,73878.24,sem rede,,37.64,0.0,37.64,11.210173611614692,2.8684669225081145,18
Peabiru,2008,166,13371,28.48,11002.24,sem rede,,89.02,0.0,89.02,9.305854167413074,3.349202086543775,0
Peabiru,2009,101,13347,28.43,10342.25,sem rede,,89.02,0.0,89.02,9.243992725938027,3.3474449256629084,1
Peabiru,2010,1,13491,28.73,9894.97,sem rede,,89.02,0.0,89.02,9.19978182619781,3.3579418729911983,2
Peabiru,2011,10,13635,29.04,12284.2,sem rede,,89.02,0.0,89.02,9.416069162769755,3.3686741899565953,3
Peabiru,2012,7,13645,29.06,14059.73,sem rede,,89.02,0.0,89.02,9.551069961766327,3.369362658142137,4
Peabiru,2013,2,14087,30.0,17373.96,sem rede,,89.02,0.0,89.02,9.762727812526435,3.4011973816621555,5
Peabiru,2014,4,14116,30.07,17897.85,sem rede,,89.02,0.0,89.02,9.792435872883011,3.4035279970004377,6
Peabiru,2015,2,14144,30.13,19769.65,sem rede,,89.02,0.0,89.02,9.891903212416652,3.40552135314221,7
Peabiru,2016,3,14171,30.18,21694.31,sem rede,,89.02,0.0,89.02,9.984805293163411,3.407179453339703,8
Peabiru,2017,1,14198,30.24,22582.41,sem rede,,89.02,0.0,89.02,10.024926563629142,3.4091655513113324,9
Peabiru,2018,4,13985,29.79,23403.15,sem rede,,89.02,0.0,89.02,10.06062590767057,3.394172766725191,10
Peabiru,2019,0,13996,29.81,22536.65,sem rede,,89.02,0.0,89.02,10.022898151880769,3.39484390768998,11
Peabiru,2020,3,14007,29.83,30304.28,sem rede,,89.02,0.0,89.02,10.319044235647448,3.395514598526657,12
Peabiru,2021,2,14017,29.86,32405.58,sem rede,,89.02,0.0,89.02,10.3860859091741,3.3965197921110444,13
Peabiru,2022,3,13843,29.48,26938.38,sem rede,,89.02,0.0,89.02,10.201307314525966,3.383712067321136,14
Peabiru,2023,3,13670,29.12,38821.73,sem rede,,89.02,0.0,89.02,10.56673542038742,3.3714252233284854,15
Peabiru,2024,2,13496,28.75,39322.24,sem rede,,89.02,0.0,89.02,10.579545541102348,3.3586377672433594,16
Peabiru,2025,2,13494,28.74,39328.07,sem rede,,89.02,0.0,89.02,10.579693792266537,3.358289880650879,17
Peabiru,2026,0,13494,28.74,39328.07,sem rede,,89.02,0.0,89.02,10.579693792266537,3.358289880650879,18
Perobal,2008,10,5179,12.64,12781.81,cobertura baixa,56.47,80.98,56.47,80.98,9.455778345446328,2.5368663887187113,0
Perobal,2009,7,5163,12.6,14135.58,cobertura baixa,56.47,80.98,56.47,80.98,9.55645030218293,2.533696813957432,1
Perobal,2010,11,5422,13.23,15184.06,cobertura baixa,56.47,80.98,56.47,80.98,9.628001472369826,2.5824869781268642,2
Perobal,2011,8,5681,13.86,18276.18,cobertura baixa,56.47,80.98,56.47,80.98,9.813353851616933,2.6290069937617573,3
Perobal,2012,17,5708,13.93,20656.27,cobertura baixa,56.47,80.98,56.47,80.98,9.935774184263582,2.6340447877917144,4
Perobal,2013,8,5923,14.45,21380.21,cobertura baixa,56.47,80.98,56.47,80.98,9.970221006794596,2.670694414558441,5
Perobal,2014,3,5960,14.54,20523.49,cobertura baixa,56.47,80.98,56.47,80.98,9.929325362795797,2.6769034721053733,6
Perobal,2015,3,5995,14.63,22745.45,cobertura baixa,56.47,80.98,56.47,80.98,10.03212040437643,2.683074215032033,7
Perobal,2016,2,6029,14.71,25089.4,cobertura baixa,56.47,80.98,56.47,80.98,10.130200725164602,2.688527534613346,8
Perobal,2017,6,6105,14.9,25415.23,cobertura baixa,56.47,80.98,56.47,80.98,10.14310387961381,2.7013612129514133,9
Perobal,2018,1,6092,14.87,29981.62,cobertura baixa,56.47,80.98,56.47,80.98,10.308339806220712,2.6993457604720636,10
Perobal,2019,1,6127,14.95,29871.06,cobertura baixa,56.47,80.98,56.47,80.98,10.304645397691317,2.7047112998366956,11
Perobal,2020,8,6160,15.03,40386.04,cobertura baixa,56.47,80.98,56.47,80.98,10.606239459680511,2.710048203764883,12
Perobal,2021,4,6194,15.11,45509.04,cobertura baixa,56.47,80.98,56.47,80.98,10.725666266523204,2.715356776284648,13
Perobal,2022,4,6628,16.17,36657.06,cobertura baixa,56.47,80.98,56.47,80.98,10.509361321778448,2.783157673589016,14
Perobal,2023,6,7062,17.23,50261.68,cobertura baixa,56.47,80.98,56.47,80.98,10.824998236722784,2.8466520505398383,15
Perobal,2024,3,7496,18.29,47351.65,cobertura baixa,56.47,80.98,56.47,80.98,10.765356944891986,2.906354462402774,16
Perobal,2025,4,7599,18.54,46709.83,cobertura baixa,56.47,80.98,56.47,80.98,10.751709914011903,2.919930560137709,17
Perobal,2026,2,7599,18.54,46709.83,cobertura baixa,56.47,80.98,56.47,80.98,10.751709914011903,2.919930560137709,18
Pinhais,2008,347,116984,1917.77,26370.99,cobertura alta,100.0,100.0,100.0,100.0,10.180019821304741,7.558918331673045,0
Pinhais,2009,305,118319,1939.66,24956.94,cobertura alta,100.0,100.0,100.0,100.0,10.124907218813995,7.570267978965984,1
Pinhais,2010,232,118326,1939.77,32407.93,cobertura alta,100.0,100.0,100.0,100.0,10.38615842491969,7.570324688327942,2
Pinhais,2011,242,118334,1939.9,33067.53,cobertura alta,100.0,100.0,100.0,100.0,10.406307113134991,7.5703917043370605,3
Pinhais,2012,276,119379,1957.03,37731.43,cobertura alta,100.0,100.0,100.0,100.0,10.538248713114772,7.579183296864681,4
Pinhais,2013,177,124528,2041.44,39831.98,cobertura alta,100.0,100.0,100.0,100.0,10.592425386213035,7.621410720173433,5
Pinhais,2014,115,125808,2062.43,40720.8,cobertura alta,100.0,100.0,100.0,100.0,10.61449429739684,7.631640178238943,6
Pinhais,2015,116,127045,2082.7,40075.09,cobertura alta,100.0,100.0,100.0,100.0,10.598510223264377,7.64142040784497,7
Pinhais,2016,99,128256,2102.56,41994.46,cobertura alta,100.0,100.0,100.0,100.0,10.645292983803403,7.650910928895328,8
Pinhais,2017,76,129445,2122.05,43228.56,cobertura alta,100.0,100.0,100.0,100.0,10.674256666905631,7.660137881573053,9
Pinhais,2018,98,130789,2144.08,44774.6,cobertura alta,100.0,100.0,100.0,100.0,10.709396293332336,7.670465834927399,10
Pinhais,2019,59,132157,2166.51,48889.31,cobertura alta,100.0,100.0,100.0,100.0,10.797314042157492,7.680872856908984,11
Pinhais,2020,39,133490,2188.36,47717.93,cobertura alta,100.0,100.0,100.0,100.0,10.77306249723244,7.690907683828509,12
Pinhais,2021,37,134788,2209.64,59077.62,cobertura alta,100.0,100.0,100.0,100.0,10.98660745147369,7.700584885315214,13
Pinhais,2022,46,133592,2190.03,64066.49,cobertura alta,100.0,100.0,100.0,100.0,11.067676729302192,7.691670521346858,14
Pinhais,2023,34,132395,2170.41,74418.23,cobertura alta,100.0,100.0,100.0,100.0,11.21745621768872,7.68267136877974,15
Pinhais,2024,42,131199,2150.8,75096.62,cobertura alta,100.0,100.0,100.0,100.0,11.226530830081606,7.673595144935523,16
Pinhais,2025,59,131255,2151.72,75064.58,cobertura alta,100.0,100.0,100.0,100.0,11.226104088679882,7.674022801292272,17
Pinhais,2026,35,131255,2151.72,75064.58,cobertura alta,100.0,100.0,100.0,100.0,11.226104088679882,7.674022801292272,18
Pinhal de São Bento,2008,27,2598,26.62,7952.27,sem rede,,44.31,0.0,44.31,8.98121270148233,3.2816628129669656,0
Pinhal de São Bento,2009,48,2600,26.64,8292.69,sem rede,,44.31,0.0,44.31,9.023129682828849,3.2824138456721883,1
Pinhal de São Bento,2010,23,2615,26.79,9842.07,sem rede,,44.31,0.0,44.31,9.194421333776164,3.2880286835565173,2
Pinhal de São Bento,2011,15,2630,26.95,11173.0,sem rede,,44.31,0.0,44.31,9.321255432547337,3.2939832973550063,3
Pinhal de São Bento,2012,15,2635,27.0,10922.96,sem rede,,44.31,0.0,44.31,9.298622274839218,3.295836866004329,4
Pinhal de São Bento,2013,17,2724,27.91,13301.4,sem rede,,44.31,0.0,44.31,9.495624571827962,3.328985047548231,5
Pinhal de São Bento,2014,16,2732,27.99,14602.86,sem rede,,44.31,0.0,44.31,9.588972678923366,3.331847303527362,6
Pinhal de São Bento,2015,24,2740,28.07,14804.01,sem rede,,44.31,0.0,44.31,9.60265336899893,3.334701390373791,7
Pinhal de São Bento,2016,22,2749,28.17,17357.58,sem rede,,44.31,0.0,44.31,9.76178457757547,3.338257581888281,8
Pinhal de São Bento,2017,10,2757,28.25,18085.96,sem rede,,44.31,0.0,44.31,9.802891225642556,3.34109345759245,9
Pinhal de São Bento,2018,16,2725,27.92,18949.36,sem rede,,44.31,0.0,44.31,9.849525436853177,3.329343277894172,10
Pinhal de São Bento,2019,6,2731,27.98,20113.15,sem rede,,44.31,0.0,44.31,9.909129108988486,3.331489969237335,11
Pinhal de São Bento,2020,2,2737,28.04,24859.34,sem rede,,44.31,0.0,44.31,10.120988816039713,3.3336320621663895,12
Pinhal de São Bento,2021,1,2742,28.09,29265.5,sem rede,,44.31,0.0,44.31,10.284164626834794,3.335413641116152,13
Pinhal de São Bento,2022,0,2768,28.36,22589.6,sem rede,,44.31,0.0,44.31,10.0252449023553,3.344979701663927,14
Pinhal de São Bento,2023,5,2793,28.62,29396.35,sem rede,,44.31,0.0,44.31,10.288625795959701,3.3541057741283047,15
Pinhal de São Bento,2024,6,2819,28.88,29125.22,sem rede,,44.31,0.0,44.31,10.279359744487541,3.3631493140246254,16
Pinhal de São Bento,2025,12,2805,28.74,29270.59,sem rede,,44.31,0.0,44.31,10.284338536640277,3.358289880650879,17
Pinhal de São Bento,2026,4,2805,28.74,29270.59,sem rede,,44.31,0.0,44.31,10.284338536640277,3.358289880650879,18
Pinhalão,2008,62,6030,27.26,9840.63,cobertura baixa,2.97,70.87,2.97,70.87,9.194275012387068,3.3054204262683866,0
Pinhalão,2009,57,6005,27.15,8855.62,cobertura baixa,2.97,70.87,2.97,70.87,9.088807564705444,3.3013770463799443,1
Pinhalão,2010,46,6110,27.62,11387.56,cobertura baixa,2.97,70.87,2.97,70.87,9.340276810489568,3.318540147981146,2
Pinhalão,2011,42,6215,28.1,16608.05,cobertura baixa,2.97,70.87,2.97,70.87,9.717642796558385,3.3357695763397,3
Pinhalão,2012,27,6215,28.1,17869.51,cobertura baixa,2.97,70.87,2.97,70.87,9.790851187520117,3.3357695763397,4
Pinhalão,2013,44,6409,28.97,17511.62,cobertura baixa,2.97,70.87,2.97,70.87,9.770619939561142,3.366260811781259,5
Pinhalão,2014,61,6417,29.01,17608.38,cobertura baixa,2.97,70.87,2.97,70.87,9.77613020407293,3.367640598133313,6
Pinhalão,2015,55,6425,29.05,23117.2,cobertura baixa,2.97,70.87,2.97,70.87,10.048332208185801,3.3690184832979204,7
Pinhalão,2016,45,6433,29.08,24800.09,cobertura baixa,2.97,70.87,2.97,70.87,10.118602561178747,3.3700506526653187,8
Pinhalão,2017,71,6440,29.11,26622.05,cobertura baixa,2.97,70.87,2.97,70.87,10.189495098751095,3.371081757757532,9
Pinhalão,2018,31,6327,28.6,24868.5,cobertura baixa,2.97,70.87,2.97,70.87,10.12135722134763,3.353406717825807,10
Pinhalão,2019,41,6326,28.6,24295.13,cobertura baixa,2.97,70.87,2.97,70.87,10.098031197720934,3.353406717825807,11
Pinhalão,2020,61,6324,28.59,29740.51,cobertura baixa,2.97,70.87,2.97,70.87,10.300265368488496,3.3530570063342204,12
Pinhalão,2021,44,6323,28.58,39771.47,cobertura baixa,2.97,70.87,2.97,70.87,10.590905100053213,3.3527071725017215,13
Pinhalão,2022,43,6451,29.16,43484.11,cobertura baixa,2.97,70.87,2.97,70.87,10.680150862986775,3.3727979071404572,14
Pinhalão,2023,0,6579,29.74,38290.17,cobertura baixa,2.97,70.87,2.97,70.87,10.552948484262998,3.392492941032009,15
Pinhalão,2024,0,6707,30.32,37559.42,cobertura baixa,2.97,70.87,2.97,70.87,10.53367949124344,3.411807560774171,16
Pinhalão,2025,1,6676,30.18,37733.82,cobertura baixa,2.97,70.87,2.97,70.87,10.53831205352644,3.407179453339703,17
Pinhalão,2026,0,6676,30.18,37733.82,cobertura baixa,2.97,70.87,2.97,70.87,10.53831205352644,3.407179453339703,18
Pinhão,2008,142,30144,15.03,20851.81,cobertura baixa,40.62,64.44,40.62,64.44,9.945196034010689,2.710048203764883,0
Pinhão,2009,69,30295,15.1,20659.09,cobertura baixa,40.62,64.44,40.62,64.44,9.935910695236954,2.714694743820879,1
Pinhão,2010,109,30321,15.12,24318.33,cobertura baixa,40.62,64.44,40.62,64.44,10.098985665959207,2.716018370751387,2
Pinhão,2011,53,30347,15.13,28256.43,cobertura baixa,40.62,64.44,40.62,64.44,10.24907632129469,2.7166795278002644,3
Pinhão,2012,63,30480,15.2,30388.45,cobertura baixa,40.62,64.44,40.62,64.44,10.321817880990498,2.7212954278522306,4
Pinhão,2013,30,31617,15.76,32883.51,cobertura baixa,40.62,64.44,40.62,64.44,10.400726595297364,2.757475084429733,5
Pinhão,2014,53,31800,15.85,28673.87,cobertura baixa,40.62,64.44,40.62,64.44,10.263741534072004,2.7631695003232895,6
Pinhão,2015,60,31978,15.94,38773.13,cobertura baixa,40.62,64.44,40.62,64.44,10.565482759931427,2.768831673362069,7
Pinhão,2016,93,32152,16.03,58905.98,cobertura baixa,40.62,64.44,40.62,64.44,10.98369789249964,2.7744619666214616,8
Pinhão,2017,91,32322,16.11,45386.08,cobertura baixa,40.62,64.44,40.62,64.44,10.722960729086102,2.779440197188883,9
Pinhão,2018,31,32219,16.06,48650.7,cobertura baixa,40.62,64.44,40.62,64.44,10.792421475999847,2.7763317085186157,10
Pinhão,2019,78,32391,16.15,48564.35,cobertura baixa,40.62,64.44,40.62,64.44,10.790645001622494,2.7819200496686656,11
Pinhão,2020,68,32559,16.23,48027.98,cobertura baixa,40.62,64.44,40.62,64.44,10.779539036726769,2.7868613815264998,12
Pinhão,2021,70,32722,16.31,54849.12,cobertura baixa,40.62,64.44,40.62,64.44,10.912341421818976,2.7917784166329223,13
Pinhão,2022,99,31972,15.94,56276.9,cobertura baixa,40.62,64.44,40.62,64.44,10.938039427977085,2.768831673362069,14
Pinhão,2023,22,31222,15.57,59288.58,cobertura baixa,40.62,64.44,40.62,64.44,10.990171986338707,2.745345985845907,15
Pinhão,2024,8,30472,15.19,60747.83,cobertura baixa,40.62,64.44,40.62,64.44,11.014486640400206,2.7206373166076814,16
Pinhão,2025,4,30451,15.18,60789.73,cobertura baixa,40.62,64.44,40.62,64.44,11.015176139212917,2.719978771967484,17
Pinhão,2026,3,30451,15.18,60789.73,cobertura baixa,40.62,64.44,40.62,64.44,11.015176139212917,2.719978771967484,18
Piraquara,2008,455,86012,378.07,5020.9,cobertura alta,89.58,86.31,89.58,86.31,8.521364479485047,5.935079363660113,0
Piraquara,2009,529,87285,383.67,6081.88,cobertura alta,89.58,86.31,89.58,86.31,8.713069137690805,5.949782808113339,1
Piraquara,2010,945,90902,399.57,6948.01,cobertura alta,89.58,86.31,89.58,86.31,8.846210566623057,5.9903889688810485,2
Piraquara,2011,723,94518,415.46,8168.84,cobertura alta,89.58,86.31,89.58,86.31,9.00808219490939,6.029386340106538,3
Piraquara,2012,830,96023,422.08,9723.61,cobertura alta,89.58,86.31,89.58,86.31,9.182312227679837,6.04519486952895,4
Piraquara,2013,495,101053,444.19,10725.1,cobertura alta,89.58,86.31,89.58,86.31,9.280342067762074,6.09625239882511,5
Piraquara,2014,306,102798,451.86,10904.92,cobertura alta,89.58,86.31,89.58,86.31,9.296969342524456,6.113372397341315,6
Piraquara,2015,54,104481,459.26,10188.63,cobertura alta,89.58,86.31,89.58,86.31,9.22902767164332,6.129616498490725,7
Piraquara,2016,90,106132,466.51,10660.17,cobertura alta,89.58,86.31,89.58,86.31,9.274269645059842,6.14527945628487,8
Piraquara,2017,77,107751,473.63,11345.07,cobertura alta,89.58,86.31,89.58,86.31,9.336538567313902,6.160426426158207,9
Piraquara,2018,77,111052,488.14,11680.43,cobertura alta,89.58,86.31,89.58,86.31,9.365670070773053,6.1906022499553455,10
Piraquara,2019,66,113036,496.86,12365.41,cobertura alta,89.58,86.31,89.58,86.31,9.42265833751336,6.208308296273664,11
Piraquara,2020,14,114970,505.36,12154.49,cobertura alta,89.58,86.31,89.58,86.31,9.405453927828002,6.225271046590445,12
Piraquara,2021,25,116852,513.64,13211.99,cobertura alta,89.58,86.31,89.58,86.31,9.488880029622717,6.241522630963074,13
Piraquara,2022,29,119546,525.48,14148.19,cobertura alta,89.58,86.31,89.58,86.31,9.557341979695192,6.264312130601307,14
Piraquara,2023,31,122240,537.32,15555.7,cobertura alta,89.58,86.31,89.58,86.31,9.652182409926395,6.286593820194812,15
Piraquara,2024,34,124934,549.16,15220.27,cobertura alta,89.58,86.31,89.58,86.31,9.630383371074359,6.308389838029404,16
Piraquara,2025,37,127433,560.15,14921.79,cobertura alta,89.58,86.31,89.58,86.31,9.610577839751892,6.328204605004732,17
Piraquara,2026,21,127433,560.15,14921.79,cobertura alta,89.58,86.31,89.58,86.31,9.610577839751892,6.328204605004732,18
Piraí do Sul,2008,55,24139,17.9,13710.18,cobertura alta,75.18,77.27,75.18,77.27,9.525893901573019,2.884800712846709,0
Piraí do Sul,2009,34,24374,18.08,14648.19,cobertura alta,75.18,77.27,75.18,77.27,9.592072057324293,2.89480635496403,1
Piraí do Sul,2010,12,23968,17.78,14810.25,cobertura alta,75.18,77.27,75.18,77.27,9.603074787605529,2.8780742300857587,2
Piraí do Sul,2011,12,23561,17.47,16606.3,cobertura alta,75.18,77.27,75.18,77.27,9.717537420418155,2.8604851241459652,3
Piraí do Sul,2012,126,23693,17.57,18972.27,cobertura alta,75.18,77.27,75.18,77.27,9.850733718395256,2.866192902199006,4
Piraí do Sul,2013,65,24613,18.25,21670.26,cobertura alta,75.18,77.27,75.18,77.27,9.983696092612558,2.9041650800285006,5
Piraí do Sul,2014,4,24786,18.38,24025.82,cobertura alta,75.18,77.27,75.18,77.27,10.086884364369464,2.911263116927541,6
Piraí do Sul,2015,16,24953,18.51,25838.46,cobertura alta,75.18,77.27,75.18,77.27,10.159619358597315,2.9183111265854063,7
Piraí do Sul,2016,21,25117,18.63,27341.6,cobertura alta,75.18,77.27,75.18,77.27,10.216164630877207,2.924773184613497,8
Piraí do Sul,2017,16,25277,18.75,31870.71,cobertura alta,75.18,77.27,75.18,77.27,10.369442685167623,2.9311937524164198,9
Piraí do Sul,2018,3,25291,18.76,31574.2,cobertura alta,75.18,77.27,75.18,77.27,10.360095610397321,2.9317269435780786,10
Piraí do Sul,2019,2,25463,18.89,31872.21,cobertura alta,75.18,77.27,75.18,77.27,10.36948974921804,2.9386326815134183,11
Piraí do Sul,2020,1,25617,19.0,42127.73,cobertura alta,75.18,77.27,75.18,77.27,10.648461472676434,2.9444389791664403,12
Piraí do Sul,2021,2,25779,19.12,46226.39,cobertura alta,75.18,77.27,75.18,77.27,10.741306126111498,2.9507349076232554,13
Piraí do Sul,2022,5,25186,18.68,54320.61,cobertura alta,75.18,77.27,75.18,77.27,10.902658991919157,2.9274534328006965,14
Piraí do Sul,2023,2,24593,18.24,58605.13,cobertura alta,75.18,77.27,75.18,77.27,10.978577514395585,2.9036169846461855,15
Piraí do Sul,2024,3,24000,17.8,60053.17,cobertura alta,75.18,77.27,75.18,77.27,11.002985615457035,2.8791984572980396,16
Piraí do Sul,2025,7,23977,17.78,60110.77,cobertura alta,75.18,77.27,75.18,77.27,11.003944305799774,2.8780742300857587,17
Piraí do Sul,2026,4,23977,17.78,60110.77,cobertura alta,75.18,77.27,75.18,77.27,11.003944305799774,2.8780742300857587,18
Pitanga,2008,217,35155,21.08,9818.83,cobertura baixa,51.98,68.83,51.98,68.83,9.192057249647378,3.0483247236731614,0
Pitanga,2009,237,35052,21.02,10281.13,cobertura baixa,51.98,68.83,51.98,68.83,9.238065455147144,3.045474365448805,1
Pitanga,2010,220,33722,20.22,10429.51,cobertura baixa,51.98,68.83,51.98,68.83,9.252394567025458,3.006672213592325,2
Pitanga,2011,134,32391,19.42,13002.87,cobertura baixa,51.98,68.83,51.98,68.83,9.472925381308503,2.966303462863179,3
Pitanga,2012,88,32152,19.28,15593.84,cobertura baixa,51.98,68.83,51.98,68.83,9.65463124346036,2.9590682891823996,4
Pitanga,2013,75,32841,19.69,18831.7,cobertura baixa,51.98,68.83,51.98,68.83,9.843296899041817,2.9801108926510342,5
Pitanga,2014,38,32626,19.56,21252.28,cobertura baixa,51.98,68.83,51.98,68.83,9.964219462714608,2.9734866646066713,6
Pitanga,2015,89,32419,19.44,21622.78,cobertura baixa,51.98,68.83,51.98,68.83,9.981502667570751,2.967332799032293,7
Pitanga,2016,141,32215,19.32,25363.46,cobertura baixa,51.98,68.83,51.98,68.83,10.141064834575939,2.961140828784372,8
Pitanga,2017,89,32015,19.2,25474.28,cobertura baixa,51.98,68.83,51.98,68.83,10.145424594688576,2.954910279033736,9
Pitanga,2018,128,30635,18.37,29162.62,cobertura baixa,51.98,68.83,51.98,68.83,10.280643031194773,2.9107188992270343,10
Pitanga,2019,80,30310,18.17,28563.74,cobertura baixa,51.98,68.83,51.98,68.83,10.259893360260959,2.89977188240808,11
Pitanga,2020,52,29994,17.99,36477.73,cobertura baixa,51.98,68.83,51.98,68.83,10.504457216374965,2.8898160479624417,12
Pitanga,2021,32,29686,17.8,38428.55,cobertura baixa,51.98,68.83,51.98,68.83,10.55655595190769,2.8791984572980396,13
Pitanga,2022,42,31295,18.77,43824.19,cobertura baixa,51.98,68.83,51.98,68.83,10.687941227017374,2.9322598505984176,14
Pitanga,2023,52,32904,19.73,44029.42,cobertura baixa,51.98,68.83,51.98,68.83,10.692613325826335,2.982140320034524,15
Pitanga,2024,88,34513,20.69,41976.76,cobertura baixa,51.98,68.83,51.98,68.83,10.644871410786786,3.029650491757452,16
Pitanga,2025,109,34527,20.7,41959.74,cobertura baixa,51.98,68.83,51.98,68.83,10.644465866113533,3.0301337002713233,17
Pitanga,2026,20,34527,20.7,41959.74,cobertura baixa,51.98,68.83,51.98,68.83,10.644465866113533,3.0301337002713233,18
Pitangueiras,2008,18,2786,22.54,16094.76,sem rede,,86.41,0.0,86.41,9.686249032158544,3.11529150861163,0
Pitangueiras,2009,1,2822,22.83,15386.96,sem rede,,86.41,0.0,86.41,9.641275676456937,3.1280754605417043,1
Pitangueiras,2010,5,2834,22.93,15433.66,sem rede,,86.41,0.0,86.41,9.644306117488908,3.132446096869813,2
Pitangueiras,2011,9,2845,23.02,18872.76,sem rede,,86.41,0.0,86.41,9.845474891578043,3.1363634032937364,3
Pitangueiras,2012,2,2874,23.25,20785.66,sem rede,,86.41,0.0,86.41,9.942018604851112,3.1463051320333655,4
Pitangueiras,2013,1,3004,24.3,21858.85,sem rede,,86.41,0.0,86.41,9.992361152844419,3.190476350346503,5
Pitangueiras,2014,5,3039,24.59,18740.7,sem rede,,86.41,0.0,86.41,9.838452908349867,3.202339856228101,6
Pitangueiras,2015,2,3073,24.86,23148.06,sem rede,,86.41,0.0,86.41,10.04966625470696,3.213260086082565,7
Pitangueiras,2016,5,3107,25.14,21822.01,sem rede,,86.41,0.0,86.41,9.990674372468078,3.2244602031621015,8
Pitangueiras,2017,5,3140,25.4,27900.0,sem rede,,86.41,0.0,86.41,10.236381967809457,3.2347491740244907,9
Pitangueiras,2018,1,3185,25.77,30434.54,sem rede,,86.41,0.0,86.41,10.323333426636049,3.2492110246642736,10
Pitangueiras,2019,1,3224,26.08,28152.61,sem rede,,86.41,0.0,86.41,10.245395346854197,3.261168737058452,11
Pitangueiras,2020,1,3262,26.39,40126.0,sem rede,,86.41,0.0,86.41,10.599779782240146,3.2729851505152325,12
Pitangueiras,2021,1,3298,26.68,36944.51,sem rede,,86.41,0.0,86.41,10.517172336176342,3.283914221047423,13
Pitangueiras,2022,4,3239,26.21,47749.92,sem rede,,86.41,0.0,86.41,10.773732670514802,3.266141017335315,14
Pitangueiras,2023,1,3180,25.73,50494.65,sem rede,,86.41,0.0,86.41,10.82962266905729,3.2476576262936527,15
Pitangueiras,2024,1,3121,25.25,51449.21,sem rede,,86.41,0.0,86.41,10.848350386430997,3.228826155721369,16
Pitangueiras,2025,0,3141,25.41,51121.62,sem rede,,86.41,0.0,86.41,10.84196277869014,3.2351427973320726,17
Pitangueiras,2026,0,3141,25.41,51121.62,sem rede,,86.41,0.0,86.41,10.84196277869014,3.2351427973320726,18
Piên,2008,3,11632,45.58,38082.96,sem rede,,54.83,0.0,54.83,10.547522216976834,3.819469023817538,0
Piên,2009,2,11811,46.28,34938.96,sem rede,,54.83,0.0,54.83,10.461357817933088,3.834709902325476,1
Piên,2010,2,11579,45.37,35860.78,sem rede,,54.83,0.0,54.83,10.48739949817745,3.8148510936758724,2
Piên,2011,5,11347,44.46,39314.88,sem rede,,54.83,0.0,54.83,10.579358352150832,3.7945899085360506,3
Piên,2012,2,11454,44.88,43891.57,sem rede,,54.83,0.0,54.83,10.689477553288802,3.803992261214441,4
Piên,2013,3,11956,46.85,48881.4,sem rede,,54.83,0.0,54.83,10.797152235006509,3.846951008684431,5
Piên,2014,13,12086,47.36,51270.56,sem rede,,54.83,0.0,54.83,10.844871987284899,3.8577779905757503,6
Piên,2015,87,12211,47.85,55877.08,sem rede,,54.83,0.0,54.83,10.930909557173784,3.8680711178989635,7
Piên,2016,69,12334,48.33,56064.46,sem rede,,54.83,0.0,54.83,10.934257379171079,3.8780524858569927,8
Piên,2017,16,12455,48.8,59338.74,sem rede,,54.83,0.0,54.83,10.991017660050115,3.8877303128591016,9
Piên,2018,23,12606,49.4,63033.24,sem rede,,54.83,0.0,54.83,11.0514174852793,3.899950424193877,10
Piên,2019,6,12746,49.95,65845.05,sem rede,,54.83,0.0,54.83,11.095059533503132,3.9110225050945626,11
Piên,2020,7,12882,50.48,56068.08,sem rede,,54.83,0.0,54.83,10.93432194562077,3.9215772182329576,12
Piên,2021,10,13015,51.0,70666.85,sem rede,,54.83,0.0,54.83,11.165731859322298,3.9318256327243257,13
Piên,2022,18,13403,52.52,68816.38,sem rede,,54.83,0.0,54.83,11.139197076979906,3.9611940494345954,14
Piên,2023,17,13791,54.04,61868.25,sem rede,,54.83,0.0,54.83,11.032762403011054,3.989724513091998,15
Piên,2024,13,14179,55.56,60175.26,sem rede,,54.83,0.0,54.83,11.00501658337314,4.017463517886143,16
Piên,2025,16,14409,56.46,59214.73,sem rede,,54.83,0.0,54.83,10.988925607489708,4.033532422825343,17
Piên,2026,3,14409,56.46,59214.73,sem rede,,54.83,0.0,54.83,10.988925607489708,4.033532422825343,18
Planaltina do Paraná,2008,5,3879,10.87,8717.45,sem rede,,71.09,0.0,71.09,9.073082042944026,2.386006701133118,0
Planaltina do Paraná,2009,3,3864,10.82,9261.39,sem rede,,71.09,0.0,71.09,9.133609424366508,2.3813962734183356,1
Planaltina do Paraná,2010,0,3984,11.16,11216.11,sem rede,,71.09,0.0,71.09,9.325106416644253,2.412335956953165,2
Planaltina do Paraná,2011,0,4103,11.49,12087.98,sem rede,,71.09,0.0,71.09,9.399966849417785,2.4414770918606643,3
Planaltina do Paraná,2012,6,4111,11.52,14126.0,sem rede,,71.09,0.0,71.09,9.555772349968867,2.444084655267745,4
Planaltina do Paraná,2013,6,4250,11.9,18217.18,sem rede,,71.09,0.0,71.09,9.81012038386251,2.4765384001174837,5
Planaltina do Paraná,2014,1,4264,11.94,19671.2,sem rede,,71.09,0.0,71.09,9.886910916131326,2.479894107964456,6
Planaltina do Paraná,2015,1,4277,11.98,20486.32,sem rede,,71.09,0.0,71.09,9.927512625298187,2.4832385926873033,7
Planaltina do Paraná,2016,3,4290,12.02,22692.07,sem rede,,71.09,0.0,71.09,10.02977080322929,2.4865719291070616,8
Planaltina do Paraná,2017,2,4303,12.05,24566.58,sem rede,,71.09,0.0,71.09,10.109142261687628,2.489064659936664,9
Planaltina do Paraná,2018,1,4254,11.92,23059.47,sem rede,,71.09,0.0,71.09,10.045831810037676,2.4782176616372036,10
Planaltina do Paraná,2019,2,4263,11.94,24183.67,sem rede,,71.09,0.0,71.09,10.093432890980816,2.479894107964456,11
Planaltina do Paraná,2020,2,4272,11.97,23430.24,sem rede,,71.09,0.0,71.09,10.061782774727229,2.482403519569882,12
Planaltina do Paraná,2021,6,4281,11.99,24273.3,sem rede,,71.09,0.0,71.09,10.097132259811264,2.4840729690394228,13
Planaltina do Paraná,2022,7,4228,11.84,27426.68,sem rede,,71.09,0.0,71.09,10.219271541243536,2.4714836294558595,14
Planaltina do Paraná,2023,2,4176,11.7,35809.39,sem rede,,71.09,0.0,71.09,10.485965428499444,2.4595888418037104,15
Planaltina do Paraná,2024,4,4123,11.55,36269.71,sem rede,,71.09,0.0,71.09,10.498738236656342,2.446685436967803,16
Planaltina do Paraná,2025,1,4125,11.55,36252.12,sem rede,,71.09,0.0,71.09,10.498253141331391,2.446685436967803,17
Planaltina do Paraná,2026,1,4125,11.55,36252.12,sem rede,,71.09,0.0,71.09,10.498253141331391,2.446685436967803,18
Planalto,2008,105,14007,40.37,8925.82,sem rede,,53.53,0.0,53.53,9.09670347917813,3.6980869348648495,0
Planalto,2009,70,13983,40.3,9579.49,sem rede,,53.53,0.0,53.53,9.167379633639683,3.696351468952637,1
Planalto,2010,46,13801,39.77,11076.3,sem rede,,53.53,0.0,53.53,9.312562969514511,3.6831128592195994,2
Planalto,2011,74,13619,39.25,12781.19,sem rede,,53.53,0.0,53.53,9.455729837837666,3.6699514442284173,3
Planalto,2012,156,13584,39.15,12797.11,sem rede,,53.53,0.0,53.53,9.456974643165285,3.667400422436812,4
Planalto,2013,174,13964,40.24,16709.75,sem rede,,53.53,0.0,53.53,9.723747660376384,3.6948615257914836,5
Planalto,2014,246,13944,40.18,17815.48,sem rede,,53.53,0.0,53.53,9.78782302126383,3.6933693593867885,6
Planalto,2015,268,13926,40.13,18608.86,sem rede,,53.53,0.0,53.53,9.831393090371485,3.6921241842788253,7
Planalto,2016,276,13907,40.08,21401.38,sem rede,,53.53,0.0,53.53,9.97121068491212,3.6908774567766094,8
Planalto,2017,231,13889,40.03,22359.78,sem rede,,53.53,0.0,53.53,10.015019088222422,3.6896291730044823,9
Planalto,2018,166,13528,38.99,24112.06,sem rede,,53.53,0.0,53.53,10.090467409250705,3.663305202994506,10
Planalto,2019,225,13479,38.84,23781.96,sem rede,,53.53,0.0,53.53,10.076682589051781,3.659450643423124,11
Planalto,2020,138,13431,38.71,28127.32,sem rede,,53.53,0.0,53.53,10.24449662499359,3.6560979645895566,12
Planalto,2021,103,13385,38.57,31776.32,sem rede,,53.53,0.0,53.53,10.366476637287645,3.6524747722201365,13
Planalto,2022,77,13811,39.8,29534.07,sem rede,,53.53,0.0,53.53,10.29329979118057,3.6838669122903918,14
Planalto,2023,18,14237,41.03,36949.36,sem rede,,53.53,0.0,53.53,10.51730360552269,3.714303506454095,15
Planalto,2024,13,14663,42.26,35875.88,sem rede,,53.53,0.0,53.53,10.487820482377801,3.7438410121879104,16
Planalto,2025,16,14722,42.43,35732.1,sem rede,,53.53,0.0,53.53,10.483804723429703,3.7478556592142334,17
Planalto,2026,13,14722,42.43,35732.1,sem rede,,53.53,0.0,53.53,10.483804723429703,3.7478556592142334,18
Ponta Grossa,2008,493,311106,151.09,17626.82,cobertura alta,98.32,98.64,98.32,98.64,9.777176884760621,5.01787568575175,0
Ponta Grossa,2009,339,314681,152.82,18618.89,cobertura alta,98.32,98.64,98.32,98.64,9.831931935735101,5.02926075821942,1
Ponta Grossa,2010,537,314600,152.79,21292.86,cobertura alta,98.32,98.64,98.32,98.64,9.966127084234055,5.029064429564623,2
Ponta Grossa,2011,275,314518,152.75,25038.62,cobertura alta,98.32,98.64,98.32,98.64,10.128174711874236,5.028802598051705,3
Ponta Grossa,2012,293,317339,154.12,28196.35,cobertura alta,98.32,98.64,98.32,98.64,10.246947815924967,5.037731519757957,4
Ponta Grossa,2013,225,331084,160.79,31116.41,cobertura alta,98.32,98.64,98.32,98.64,10.345490611740692,5.08009916575632,5
Ponta Grossa,2014,255,334535,162.47,33827.94,cobertura alta,98.32,98.64,98.32,98.64,10.42904236722193,5.090493369341659,6
Ponta Grossa,2015,154,337865,164.08,34934.98,cobertura alta,98.32,98.64,98.32,98.64,10.461243898494617,5.1003541137641255,7
Ponta Grossa,2016,162,341130,165.67,38031.68,cobertura alta,98.32,98.64,98.32,98.64,10.546174775597391,5.109997857950446,8
Ponta Grossa,2017,115,344332,167.22,42224.21,cobertura alta,98.32,98.64,98.32,98.64,10.650749032205539,5.119310310721912,9
Ponta Grossa,2018,139,348043,169.03,43252.88,cobertura alta,98.32,98.64,98.32,98.64,10.674819099738412,5.130076213962086,10
Ponta Grossa,2019,109,351736,170.82,44363.84,cobertura alta,98.32,98.64,98.32,98.64,10.700180002190313,5.140610370518001,11
Ponta Grossa,2020,53,355336,172.57,48618.83,cobertura alta,98.32,98.64,98.32,98.64,10.791766183409445,5.150802951259488,12
Ponta Grossa,2021,22,358838,174.27,54314.9,cobertura alta,98.32,98.64,98.32,98.64,10.902553869754124,5.160605820672551,13
Ponta Grossa,2022,13,363413,176.49,64092.98,cobertura alta,98.32,98.64,98.32,98.64,11.06809012053075,5.1732642175444745,14
Ponta Grossa,2023,32,367987,178.71,69522.36,cobertura alta,98.32,98.64,98.32,98.64,11.149403706428677,5.185764380308706,15
Ponta Grossa,2024,27,372562,180.93,68668.64,cobertura alta,98.32,98.64,98.32,98.64,11.137047896554762,5.198110216131005,16
Ponta Grossa,2025,62,375632,182.43,68107.42,cobertura alta,98.32,98.64,98.32,98.64,11.128841443617741,5.206366537800128,17
Ponta Grossa,2026,23,375632,182.43,68107.42,cobertura alta,98.32,98.64,98.32,98.64,11.128841443617741,5.206366537800128,18
Pontal do Paraná,2008,8,17508,87.19,9879.6,cobertura alta,98.55,98.68,98.55,98.68,9.19822730409238,4.468089645439724,0
Pontal do Paraná,2009,23,17820,88.75,9752.58,cobertura alta,98.55,98.68,98.55,98.68,9.185287144372033,4.485823428355525,1
Pontal do Paraná,2010,17,19624,97.73,10006.57,cobertura alta,98.55,98.68,98.55,98.68,9.210997156246167,4.582208574350744,2
Pontal do Paraná,2011,12,21427,106.71,10391.84,cobertura alta,98.55,98.68,98.55,98.68,9.248776161773094,4.6701148746284735,3
Pontal do Paraná,2012,4,21917,109.15,18369.44,cobertura alta,98.55,98.68,98.55,98.68,9.818443693258935,4.692723082995953,4
Pontal do Paraná,2013,5,23261,115.84,14185.89,cobertura alta,98.55,98.68,98.55,98.68,9.560003087608184,4.752209928637407,5
Pontal do Paraná,2014,6,23816,118.61,16202.18,cobertura alta,98.55,98.68,98.55,98.68,9.692901080068262,4.775840800041184,6
Pontal do Paraná,2015,2,24352,121.27,17477.54,cobertura alta,98.55,98.68,98.55,98.68,9.768671907040366,4.7980194646687,7
Pontal do Paraná,2016,3,24878,123.89,19186.59,cobertura alta,98.55,98.68,98.55,98.68,9.861966876494773,4.819394075127647,8
Pontal do Paraná,2017,3,25393,126.46,22760.76,cobertura alta,98.55,98.68,98.55,98.68,10.032793279598412,4.839926052630467,9
Pontal do Paraná,2018,3,26636,132.65,91045.2,cobertura alta,98.55,98.68,98.55,98.68,11.419111365479441,4.8877140805837485,10
Pontal do Paraná,2019,5,27284,135.88,32751.25,cobertura alta,98.55,98.68,98.55,98.68,10.396696408273952,4.911772143292383,11
Pontal do Paraná,2020,4,27915,139.02,21271.93,cobertura alta,98.55,98.68,98.55,98.68,9.965143642206648,4.93461780767234,12
Pontal do Paraná,2021,1,28529,142.08,22900.1,cobertura alta,98.55,98.68,98.55,98.68,10.038896556345023,4.95639027924386,13
Pontal do Paraná,2022,5,29828,148.55,23911.69,cobertura alta,98.55,98.68,98.55,98.68,10.082122739677663,5.000921601908617,14
Pontal do Paraná,2023,6,31127,155.01,26013.04,cobertura alta,98.55,98.68,98.55,98.68,10.16635322973678,5.043489630967203,15
Pontal do Paraná,2024,3,32426,161.48,24970.95,cobertura alta,98.55,98.68,98.55,98.68,10.125468428204886,5.08438129598474,16
Pontal do Paraná,2025,6,33131,165.0,24439.59,cobertura alta,98.55,98.68,98.55,98.68,10.103959637367403,5.10594547390058,17
Pontal do Paraná,2026,3,33131,165.0,24439.59,cobertura alta,98.55,98.68,98.55,98.68,10.103959637367403,5.10594547390058,18
Porecatu,2008,12,14358,49.12,19217.23,cobertura alta,100.0,100.0,100.0,100.0,9.8635625514303,3.894266283838887,0
Porecatu,2009,29,14189,48.54,23177.39,cobertura alta,100.0,100.0,100.0,100.0,10.05093251348778,3.8823882002984553,1
Porecatu,2010,32,14124,48.32,24995.19,cobertura alta,100.0,100.0,100.0,100.0,10.126438685339084,3.8778455536265595,2
Porecatu,2011,13,14060,48.1,30943.88,cobertura alta,100.0,100.0,100.0,100.0,10.33993052027239,3.8732821771117156,3
Porecatu,2012,59,13934,47.67,34571.98,cobertura alta,100.0,100.0,100.0,100.0,10.450798806369527,3.864302269216734,4
Porecatu,2013,31,14203,48.59,35460.25,cobertura alta,100.0,100.0,100.0,100.0,10.476167629800752,3.883417748417812,5
Porecatu,2014,32,14086,48.19,31252.8,cobertura alta,100.0,100.0,100.0,100.0,10.349864251150708,3.8751515306522415,6
Porecatu,2015,25,13973,47.8,38970.94,cobertura alta,100.0,100.0,100.0,100.0,10.570571519160655,3.86702563949741,7
Porecatu,2016,16,13863,47.43,45542.88,cobertura alta,100.0,100.0,100.0,100.0,10.726409578724816,3.85925493988949,8
Porecatu,2017,15,13754,47.05,36918.06,cobertura alta,100.0,100.0,100.0,100.0,10.516456141190693,3.8512108660313884,9
Porecatu,2018,8,13084,44.76,42638.41,cobertura alta,100.0,100.0,100.0,100.0,10.660510769213895,3.8013148834437245,10
Porecatu,2019,8,12914,44.18,46827.09,cobertura alta,100.0,100.0,100.0,100.0,10.754217160592772,3.788272197991971,11
Porecatu,2020,4,12748,43.61,51359.12,cobertura alta,100.0,100.0,100.0,100.0,10.846597804260668,3.775286481854675,12
Porecatu,2021,3,12587,43.06,44029.24,cobertura alta,100.0,100.0,100.0,100.0,10.69260923764239,3.762594491936217,13
Porecatu,2022,5,12204,41.75,55639.46,cobertura alta,100.0,100.0,100.0,100.0,10.92664794074226,3.7316994512968646,14
Porecatu,2023,6,11821,40.44,62003.89,cobertura alta,100.0,100.0,100.0,100.0,11.03495240399452,3.6998193941522706,15
Porecatu,2024,2,11438,39.13,64080.08,cobertura alta,100.0,100.0,100.0,100.0,11.067888830180912,3.666889436222321,16
Porecatu,2025,3,11271,38.56,65029.54,cobertura alta,100.0,100.0,100.0,100.0,11.082596907179868,3.652215469742345,17
Porecatu,2026,0,11271,38.56,65029.54,cobertura alta,100.0,100.0,100.0,100.0,11.082596907179868,3.652215469742345,18
Porto Amazonas,2008,12,4341,23.23,12980.19,cobertura alta,88.02,93.0,88.02,93.0,9.471179628055417,3.145444546782318,0
Porto Amazonas,2009,0,4348,23.26,13002.76,cobertura alta,88.02,93.0,88.02,93.0,9.472916921601893,3.1467351470905185,1
Porto Amazonas,2010,12,4442,23.77,14815.62,cobertura alta,88.02,93.0,88.02,93.0,9.603437308608882,3.1684242813721024,2
Porto Amazonas,2011,5,4536,24.27,14693.78,cobertura alta,88.02,93.0,88.02,93.0,9.595179553970684,3.18924101973851,3
Porto Amazonas,2012,1,4556,24.38,19214.0,cobertura alta,88.02,93.0,88.02,93.0,9.863394458969683,3.1937631240531252,4
Porto Amazonas,2013,0,4727,25.29,20374.87,cobertura alta,88.02,93.0,88.02,93.0,9.92205755772061,3.2304090606818736,5
Porto Amazonas,2014,1,4755,25.44,18149.74,cobertura alta,88.02,93.0,88.02,93.0,9.806411514521521,3.2363227384719213,6
Porto Amazonas,2015,0,4782,25.59,19303.64,cobertura alta,88.02,93.0,88.02,93.0,9.868048958146307,3.2422016501716975,7
Porto Amazonas,2016,0,4809,25.73,23207.32,cobertura alta,88.02,93.0,88.02,93.0,10.052223025130683,3.2476576262936527,8
Porto Amazonas,2017,1,4835,25.87,24894.93,cobertura alta,88.02,93.0,88.02,93.0,10.122419447262729,3.2530839961979376,9
Porto Amazonas,2018,1,4821,25.79,24967.64,cobertura alta,88.02,93.0,88.02,93.0,10.125335865391046,3.2499868198932536,10
Porto Amazonas,2019,0,4848,25.94,23456.27,cobertura alta,88.02,93.0,88.02,93.0,10.06289311553418,3.255786178888298,11
Porto Amazonas,2020,0,4874,26.08,31855.77,cobertura alta,88.02,93.0,88.02,93.0,10.368973806287958,3.261168737058452,12
Porto Amazonas,2021,1,4899,26.21,33298.84,cobertura alta,88.02,93.0,88.02,93.0,10.413277840526954,3.266141017335315,13
Porto Amazonas,2022,0,4632,24.78,52618.31,cobertura alta,88.02,93.0,88.02,93.0,10.870819437012765,3.2100368762009963,14
Porto Amazonas,2023,0,4366,23.36,89707.28,cobertura alta,88.02,93.0,88.02,93.0,11.40430720417393,3.151025157960026,15
Porto Amazonas,2024,0,4099,21.93,95550.62,cobertura alta,88.02,93.0,88.02,93.0,11.467411438396713,3.0878555624297968,16
Porto Amazonas,2025,0,4072,21.79,96184.18,cobertura alta,88.02,93.0,88.02,93.0,11.47402017406612,3.0814511489565284,17
Porto Amazonas,2026,0,4072,21.79,96184.18,cobertura alta,88.02,93.0,88.02,93.0,11.47402017406612,3.0814511489565284,18
Porto Barreiro,2008,36,3812,10.54,10950.16,sem rede,,59.1,0.0,59.1,9.30110934701004,2.355177543113216,0
Porto Barreiro,2009,41,3768,10.41,12694.27,sem rede,,59.1,0.0,59.1,9.448905989531502,2.3427668826268775,1
Porto Barreiro,2010,29,3695,10.21,12299.05,sem rede,,59.1,0.0,59.1,9.417277302605315,2.3233676321765744,2
Porto Barreiro,2011,27,3622,10.01,14507.73,sem rede,,59.1,0.0,59.1,9.58243688980778,2.303584593327129,3
Porto Barreiro,2012,21,3582,9.9,14794.81,sem rede,,59.1,0.0,59.1,9.602031722575438,2.2925347571405443,4
Porto Barreiro,2013,18,3640,10.06,18998.63,sem rede,,59.1,0.0,59.1,9.85212215028571,2.3085671646715933,5
Porto Barreiro,2014,30,3601,9.95,22015.0,sem rede,,59.1,0.0,59.1,9.999479318189854,2.2975725511705014,6
Porto Barreiro,2015,20,3564,9.85,22165.82,sem rede,,59.1,0.0,59.1,10.006306741757648,2.2874714551839976,7
Porto Barreiro,2016,14,3527,9.75,24758.72,sem rede,,59.1,0.0,59.1,10.116933029177904,2.277267285009756,8
Porto Barreiro,2017,5,3491,9.65,24938.41,sem rede,,59.1,0.0,59.1,10.1241644641945,2.2669579153508947,9
Porto Barreiro,2018,10,3292,9.1,29992.41,sem rede,,59.1,0.0,59.1,10.308699628634393,2.2082744135228043,10
Porto Barreiro,2019,15,3237,8.95,33468.33,sem rede,,59.1,0.0,59.1,10.418354897531811,2.191653532286764,11
Porto Barreiro,2020,10,3184,8.8,45788.94,sem rede,,59.1,0.0,59.1,10.73179785622399,2.174751721484161,12
Porto Barreiro,2021,3,3133,8.66,54265.24,sem rede,,59.1,0.0,59.1,10.90163915361059,2.1587147225743437,13
Porto Barreiro,2022,5,3115,8.61,59142.22,sem rede,,59.1,0.0,59.1,10.98770033074725,2.152924318439639,14
Porto Barreiro,2023,7,3096,8.56,54640.83,sem rede,,59.1,0.0,59.1,10.90853668446605,2.1471001901536506,15
Porto Barreiro,2024,5,3078,8.51,54960.36,sem rede,,59.1,0.0,59.1,10.91436747709312,2.1412419425852827,16
Porto Barreiro,2025,9,3057,8.45,55337.91,sem rede,,59.1,0.0,59.1,10.92121348609359,2.134166441369082,17
Porto Barreiro,2026,2,3057,8.45,55337.91,sem rede,,59.1,0.0,59.1,10.92121348609359,2.134166441369082,18
Porto Rico,2008,39,2526,11.58,8479.41,cobertura alta,91.16,90.35,91.16,90.35,9.045396150893765,2.449279472144849,0
Porto Rico,2009,45,2521,11.55,10024.99,cobertura alta,91.16,90.35,91.16,90.35,9.212836254668037,2.446685436967803,1
Porto Rico,2010,23,2525,11.57,10780.2,cobertura alta,91.16,90.35,91.16,90.35,9.285466397166582,2.448415541205585,2
Porto Rico,2011,12,2529,11.59,12955.71,cobertura alta,91.16,90.35,91.16,90.35,9.469291896589024,2.4501426573516603,3
Porto Rico,2012,5,2527,11.58,15031.66,cobertura alta,91.16,90.35,91.16,90.35,9.617913922423451,2.449279472144849,4
Porto Rico,2013,5,2605,11.94,17001.92,cobertura alta,91.16,90.35,91.16,90.35,9.741081557837449,2.479894107964456,5
Porto Rico,2014,3,2606,11.94,18064.85,cobertura alta,91.16,90.35,91.16,90.35,9.80172334019825,2.479894107964456,6
Porto Rico,2015,5,2608,11.95,20855.06,cobertura alta,91.16,90.35,91.16,90.35,9.94535188363482,2.4807312783775197,7
Porto Rico,2016,5,2610,11.96,23516.48,cobertura alta,91.16,90.35,91.16,90.35,10.065456730948462,2.481567748522486,8
Porto Rico,2017,4,2611,11.97,26160.86,cobertura alta,91.16,90.35,91.16,90.35,10.172019679648514,2.482403519569882,9
Porto Rico,2018,2,2561,11.74,27291.29,cobertura alta,91.16,90.35,91.16,90.35,10.214322882647483,2.4630018143999504,10
Porto Rico,2019,2,2559,11.73,29465.03,cobertura alta,91.16,90.35,91.16,90.35,10.290959415428631,2.462149662665384,11
Porto Rico,2020,1,2556,11.71,34108.37,cobertura alta,91.16,90.35,91.16,90.35,10.437298087698025,2.460443177609626,12
Porto Rico,2021,0,2554,11.7,42525.84,cobertura alta,91.16,90.35,91.16,90.35,10.657867170155393,2.4595888418037104,13
Porto Rico,2022,3,2808,12.87,42231.13,cobertura alta,91.16,90.35,91.16,90.35,10.65091290579874,2.554899021608035,14
Porto Rico,2023,1,3062,14.03,49960.81,cobertura alta,91.16,90.35,91.16,90.35,10.818994177078462,2.6411978941143697,15
Porto Rico,2024,3,3316,15.2,46133.9,cobertura alta,91.16,90.35,91.16,90.35,10.739303316659152,2.7212954278522306,16
Porto Rico,2025,2,3370,15.44,45394.66,cobertura alta,91.16,90.35,91.16,90.35,10.723149755966155,2.73696154459663,17
Porto Rico,2026,0,3370,15.44,45394.66,cobertura alta,91.16,90.35,91.16,90.35,10.723149755966155,2.73696154459663,18
Porto Vitória,2008,18,3856,18.07,8773.6,sem rede,,56.86,0.0,56.86,9.079502491445998,2.8942531046041373,0
Porto Vitória,2009,21,3833,17.96,8884.69,sem rede,,56.86,0.0,56.86,9.092084849715581,2.8881470628740535,1
Porto Vitória,2010,16,3926,18.4,9334.18,sem rede,,56.86,0.0,56.86,9.141438210660654,2.91235066461494,2
Porto Vitória,2011,15,4018,18.83,9596.07,sem rede,,56.86,0.0,56.86,9.169108918639106,2.935451342669061,3
Porto Vitória,2012,15,4016,18.82,9836.65,sem rede,,56.86,0.0,56.86,9.193870484926538,2.9349201341572337,4
Porto Vitória,2013,17,4138,19.39,11649.59,sem rede,,56.86,0.0,56.86,9.363026265241507,2.9647574692545606,5
Porto Vitória,2014,21,4141,19.4,14026.32,sem rede,,56.86,0.0,56.86,9.548690843609169,2.9652730660692823,6
Porto Vitória,2015,15,4143,19.41,14194.06,sem rede,,56.86,0.0,56.86,9.560578846214222,2.9657883971809187,7
Porto Vitória,2016,8,4146,19.43,13958.76,sem rede,,56.86,0.0,56.86,9.543862547156271,2.9668182633893485,8
Porto Vitória,2017,9,4148,19.44,15196.72,sem rede,,56.86,0.0,56.86,9.628834894074785,2.967332799032293,9
Porto Vitória,2018,10,4068,19.06,15769.67,sem rede,,56.86,0.0,56.86,9.66584375392964,2.947591898226056,10
Porto Vitória,2019,12,4065,19.05,16827.8,sem rede,,56.86,0.0,56.86,9.730787559686137,2.94706710157271,11
Porto Vitória,2020,7,4061,19.03,20316.42,sem rede,,56.86,0.0,56.86,9.919184705068343,2.946016681308058,12
Porto Vitória,2021,2,4057,19.01,24337.69,sem rede,,56.86,0.0,56.86,10.099781456532364,2.944965156500338,13
Porto Vitória,2022,5,3888,18.22,23498.46,sem rede,,56.86,0.0,56.86,10.064690166070047,2.9025198918318122,14
Porto Vitória,2023,11,3718,17.42,26449.97,sem rede,,56.86,0.0,56.86,10.1830103030703,2.857618971424357,15
Porto Vitória,2024,4,3549,16.63,27709.5,sem rede,,56.86,0.0,56.86,10.229530593666802,2.811208293204836,16
Porto Vitória,2025,4,3515,16.47,27977.52,sem rede,,56.86,0.0,56.86,10.239156609552083,2.8015405441895487,17
Porto Vitória,2026,2,3515,16.47,27977.52,sem rede,,56.86,0.0,56.86,10.239156609552083,2.8015405441895487,18
Prado Ferreira,2008,0,3480,22.7,12472.13,cobertura alta,94.26,94.26,94.26,94.26,9.43125183403159,3.122364924487357,0
Prado Ferreira,2009,1,3510,22.9,11716.81,cobertura alta,94.26,94.26,94.26,94.26,9.368779841781793,3.131136910560194,1
Prado Ferreira,2010,1,3483,22.72,14360.61,cobertura alta,94.26,94.26,94.26,94.26,9.572244320808638,3.1232455938529506,2
Prado Ferreira,2011,1,3456,22.54,18576.97,cobertura alta,94.26,94.26,94.26,94.26,9.829677920489955,3.11529150861163,3
Prado Ferreira,2012,2,3477,22.68,21536.09,cobertura alta,94.26,94.26,94.26,94.26,9.977485411484757,3.121483478859551,4
Prado Ferreira,2013,2,3614,23.57,23675.98,cobertura alta,94.26,94.26,94.26,94.26,10.072216311072973,3.1599747169480397,5
Prado Ferreira,2014,1,3641,23.75,25895.36,cobertura alta,94.26,94.26,94.26,94.26,10.161819081059097,3.1675825304806504,6
Prado Ferreira,2015,2,3668,23.93,27094.87,cobertura alta,94.26,94.26,94.26,94.26,10.207099690055506,3.175132901920282,7
Prado Ferreira,2016,5,3693,24.09,27062.55,cobertura alta,94.26,94.26,94.26,94.26,10.205906132318196,3.18179681662678,8
Prado Ferreira,2017,2,3718,24.25,31181.82,cobertura alta,94.26,94.26,94.26,94.26,10.347590511658742,3.188416617383492,9
Prado Ferreira,2018,0,3726,24.31,35163.98,cobertura alta,94.26,94.26,94.26,94.26,10.467777542207399,3.1908877883280318,10
Prado Ferreira,2019,1,3753,24.48,31689.85,cobertura alta,94.26,94.26,94.26,94.26,10.363751719319394,3.1978564576441255,11
Prado Ferreira,2020,0,3780,24.66,47666.14,cobertura alta,94.26,94.26,94.26,94.26,10.771976571561845,3.2051824977361982,12
Prado Ferreira,2021,0,3806,24.83,44909.88,cobertura alta,94.26,94.26,94.26,94.26,10.712413094067525,3.2120525995200753,13
Prado Ferreira,2022,1,3804,24.81,52113.56,cobertura alta,94.26,94.26,94.26,94.26,10.861180462591443,3.21124679770371,14
Prado Ferreira,2023,1,3801,24.79,54710.6,cobertura alta,94.26,94.26,94.26,94.26,10.909812753914204,3.210440346047099,15
Prado Ferreira,2024,0,3799,24.78,54739.41,cobertura alta,94.26,94.26,94.26,94.26,10.910339204312251,3.2100368762009963,16
Prado Ferreira,2025,0,3816,24.89,54495.55,cobertura alta,94.26,94.26,94.26,94.26,10.905874325941534,3.2144661163795005,17
Prado Ferreira,2026,2,3816,24.89,54495.55,cobertura alta,94.26,94.26,94.26,94.26,10.905874325941534,3.2144661163795005,18
Pranchita,2008,52,5925,26.15,15263.97,cobertura baixa,51.31,78.88,51.31,78.88,9.633250428277332,3.263849190510932,0
Pranchita,2009,43,5885,25.97,15647.07,cobertura baixa,51.31,78.88,51.31,78.88,9.65803895799308,3.256942025674657,1
Pranchita,2010,51,5732,25.3,15933.71,cobertura baixa,51.31,78.88,51.31,78.88,9.676192269699378,3.2308043957334744,2
Pranchita,2011,26,5580,24.62,19306.45,cobertura baixa,51.31,78.88,51.31,78.88,9.868194515952826,3.2035591207563074,3
Pranchita,2012,40,5533,24.42,19628.23,cobertura baixa,51.31,78.88,51.31,78.88,9.884724115095082,3.1954024686825586,4
Pranchita,2013,78,5643,24.9,27405.99,cobertura baixa,51.31,78.88,51.31,78.88,10.218516881622477,3.214867803470662,5
Pranchita,2014,72,5600,24.71,28176.61,cobertura baixa,51.31,78.88,51.31,78.88,10.24624748013253,3.2072080200005186,6
Pranchita,2015,35,5558,24.53,29338.25,cobertura baixa,51.31,78.88,51.31,78.88,10.286647404383002,3.199896858270398,7
Pranchita,2016,87,5517,24.35,34400.76,cobertura baixa,51.31,78.88,51.31,78.88,10.445833936140698,3.192531849528599,8
Pranchita,2017,41,5477,24.17,40297.06,cobertura baixa,51.31,78.88,51.31,78.88,10.604033792419987,3.1851121947153915,9
Pranchita,2018,3,5221,23.04,36858.84,cobertura baixa,51.31,78.88,51.31,78.88,10.51485076029996,3.1372318358276905,10
Pranchita,2019,7,5157,22.76,39672.87,cobertura baixa,51.31,78.88,51.31,78.88,10.588422857753077,3.1250046092581303,11
Pranchita,2020,8,5095,22.48,53947.79,cobertura baixa,51.31,78.88,51.31,78.88,10.895772005991818,3.1126260250254902,12
Pranchita,2021,1,5035,22.22,65430.59,cobertura baixa,51.31,78.88,51.31,78.88,11.088745165093494,3.100992784211484,13
Pranchita,2022,4,5301,23.39,52661.57,cobertura baixa,51.31,78.88,51.31,78.88,10.87164124650637,3.1523085805960878,14
Pranchita,2023,3,5567,24.57,68023.53,cobertura baixa,51.31,78.88,51.31,78.88,11.127608953715638,3.201526186533088,15
Pranchita,2024,7,5833,25.74,64921.48,cobertura baixa,51.31,78.88,51.31,78.88,11.080933818657645,3.2480462021679806,16
Pranchita,2025,16,5831,25.73,64943.75,cobertura baixa,51.31,78.88,51.31,78.88,11.081276789600956,3.2476576262936527,17
Pranchita,2026,5,5831,25.73,64943.75,cobertura baixa,51.31,78.88,51.31,78.88,11.081276789600956,3.2476576262936527,18
Primeiro de Maio,2008,5,11098,26.71,10683.37,cobertura alta,86.05,92.98,86.05,92.98,9.276443605812101,3.2850380271218693,0
Primeiro de Maio,2009,1,11126,26.78,9455.06,cobertura alta,86.05,92.98,86.05,92.98,9.15430532692118,3.2876553402630266,1
Primeiro de Maio,2010,1,10983,26.43,12940.36,cobertura alta,86.05,92.98,86.05,92.98,9.468106388378876,3.2744997286161976,2
Primeiro de Maio,2011,1,10840,26.09,14718.82,cobertura alta,86.05,92.98,86.05,92.98,9.59688222602616,3.261552099148637,3
Primeiro de Maio,2012,7,10848,26.11,18827.06,cobertura alta,86.05,92.98,86.05,92.98,9.843050475632047,3.2623183827110376,4
Primeiro de Maio,2013,0,11199,26.95,20577.19,cobertura alta,86.05,92.98,86.05,92.98,9.931938459735143,3.2939832973550063,5
Primeiro de Maio,2014,1,11222,27.01,19321.87,cobertura alta,86.05,92.98,86.05,92.98,9.868992893972843,3.2962071678045244,6
Primeiro de Maio,2015,1,11243,27.06,22619.76,cobertura alta,86.05,92.98,86.05,92.98,10.026579139534249,3.2980566227426418,7
Primeiro de Maio,2016,3,11265,27.11,24164.85,cobertura alta,86.05,92.98,86.05,92.98,10.092654376935275,3.299902663510574,8
Primeiro de Maio,2017,3,11286,27.16,24109.87,cobertura alta,86.05,92.98,86.05,92.98,10.090376579207133,3.3017453026904953,9
Primeiro de Maio,2018,6,11114,26.75,26990.46,cobertura alta,86.05,92.98,86.05,92.98,10.203238749216203,3.2865344733420154,10
Primeiro de Maio,2019,3,11123,26.77,26542.75,cobertura alta,86.05,92.98,86.05,92.98,10.186511919699921,3.2872818575322613,11
Primeiro de Maio,2020,0,11130,26.79,33306.92,cobertura alta,86.05,92.98,86.05,92.98,10.413520462187291,3.2880286835565173,12
Primeiro de Maio,2021,2,11138,26.81,33332.91,cobertura alta,86.05,92.98,86.05,92.98,10.414300476221474,3.2887749522478678,13
Primeiro de Maio,2022,1,10799,25.99,42682.75,cobertura alta,86.05,92.98,86.05,92.98,10.661550136329664,3.2577118486533987,14
Primeiro de Maio,2023,2,10460,25.17,44213.77,cobertura alta,86.05,92.98,86.05,92.98,10.696791558009298,3.2256528091472245,15
Primeiro de Maio,2024,1,10121,24.36,45694.69,cobertura alta,86.05,92.98,86.05,92.98,10.729737377571242,3.192942442841696,16
Primeiro de Maio,2025,1,10064,24.22,45953.5,cobertura alta,86.05,92.98,86.05,92.98,10.735385294632794,3.1871787381249463,17
Primeiro de Maio,2026,1,10064,24.22,45953.5,cobertura alta,86.05,92.98,86.05,92.98,10.735385294632794,3.1871787381249463,18
Prudentópolis,2008,144,50614,22.48,8632.33,cobertura baixa,54.73,57.15,54.73,57.15,9.063269736049676,3.1126260250254902,0
Prudentópolis,2009,174,51008,22.66,9291.88,cobertura baixa,54.73,57.15,54.73,57.15,9.136896179471997,3.12060125559986,1
Prudentópolis,2010,255,49970,22.2,10131.04,cobertura baixa,54.73,57.15,54.73,57.15,9.223359257323446,3.100092288878234,2
Prudentópolis,2011,147,48933,21.73,11902.48,cobertura baixa,54.73,57.15,54.73,57.15,9.384502060748002,3.078693794268338,3
Prudentópolis,2012,118,49150,21.83,13304.52,cobertura baixa,54.73,57.15,54.73,57.15,9.495859106098102,3.0832851705618523,4
Prudentópolis,2013,154,50983,22.65,15887.65,cobertura baixa,54.73,57.15,54.73,57.15,9.673297356837876,3.120159851929043,5
Prudentópolis,2014,78,51281,22.78,16780.99,cobertura baixa,54.73,57.15,54.73,57.15,9.72800197708894,3.125882958019036,6
Prudentópolis,2015,77,51567,22.9,18060.06,cobertura baixa,54.73,57.15,54.73,57.15,9.801458149224594,3.131136910560194,7
Prudentópolis,2016,96,51849,23.03,20352.87,cobertura baixa,54.73,57.15,54.73,57.15,9.920977212867705,3.136797713832594,8
Prudentópolis,2017,101,52125,23.15,22311.92,cobertura baixa,54.73,57.15,54.73,57.15,10.012876343786376,3.1419947805322432,9
Prudentópolis,2018,104,51961,23.08,23031.68,cobertura baixa,54.73,57.15,54.73,57.15,10.0446259384824,3.138966441639899,10
Prudentópolis,2019,57,52241,23.2,24237.3,cobertura baixa,54.73,57.15,54.73,57.15,10.09564804784074,3.1441522786722644,11
Prudentópolis,2020,80,52513,23.32,27338.75,cobertura baixa,54.73,57.15,54.73,57.15,10.216060388676762,3.1493113614822916,12
Prudentópolis,2021,34,52776,23.44,29781.15,cobertura baixa,54.73,57.15,54.73,57.15,10.301630922013556,3.154443964708812,13
Prudentópolis,2022,56,51993,23.09,31111.84,cobertura baixa,54.73,57.15,54.73,57.15,10.34534373311215,3.139399623366404,14
Prudentópolis,2023,162,51211,22.75,37217.45,cobertura baixa,54.73,57.15,54.73,57.15,10.524533016296289,3.1245651453969594,15
Prudentópolis,2024,254,50428,22.4,37795.33,cobertura baixa,54.73,57.15,54.73,57.15,10.539940829001825,3.109060958860994,16
Prudentópolis,2025,188,50946,22.63,37411.04,cobertura baixa,54.73,57.15,54.73,57.15,10.529721127009239,3.119276459645446,17
Prudentópolis,2026,31,50946,22.63,37411.04,cobertura baixa,54.73,57.15,54.73,57.15,10.529721127009239,3.119276459645446,18
Pérola,2008,45,9637,40.71,14447.23,cobertura alta,67.54,93.66,67.54,93.66,9.578257979662917,3.7064737625148876,0
Pérola,2009,22,9665,40.83,14085.05,cobertura alta,67.54,93.66,67.54,93.66,9.552869230179926,3.709417105331484,1
Pérola,2010,30,9972,42.13,21786.7,cobertura alta,67.54,93.66,67.54,93.66,9.989054970852365,3.7407600759909254,2
Pérola,2011,50,10280,43.43,31725.19,cobertura alta,67.54,93.66,67.54,93.66,10.364866281532345,3.7711504465467307,3
Pérola,2012,18,10348,43.72,34545.52,cobertura alta,67.54,93.66,67.54,93.66,10.450033153639245,3.777805663308338,4
Pérola,2013,10,10765,45.48,47115.84,cobertura alta,67.54,93.66,67.54,93.66,10.760364529198895,3.8172726688823353,5
Pérola,2014,13,10852,45.85,49172.13,cobertura alta,67.54,93.66,67.54,93.66,10.80308227856475,3.825375198702474,6
Pérola,2015,9,10937,46.21,42555.09,cobertura alta,67.54,93.66,67.54,93.66,10.658554750818942,3.833196224882175,7
Pérola,2016,10,11020,46.56,32087.3,cobertura alta,67.54,93.66,67.54,93.66,10.376215592203213,3.8407418034231826,8
Pérola,2017,8,11101,46.9,42593.28,cobertura alta,67.54,93.66,67.54,93.66,10.659451773335304,3.8480176754522337,9
Pérola,2018,7,11144,47.08,30398.87,cobertura alta,67.54,93.66,67.54,93.66,10.32216071565082,3.851848282392076,10
Pérola,2019,4,11234,47.46,40836.03,cobertura alta,67.54,93.66,67.54,93.66,10.617320058934537,3.8598872510076174,11
Pérola,2020,8,11321,47.83,35257.22,cobertura alta,67.54,93.66,67.54,93.66,10.470425609962145,3.8676530576922055,12
Pérola,2021,11,11406,48.19,31534.72,cobertura alta,67.54,93.66,67.54,93.66,10.358844440035025,3.8751515306522415,13
Pérola,2022,10,11696,49.41,27538.47,cobertura alta,67.54,93.66,67.54,93.66,10.223339215183824,3.9001528328576587,14
Pérola,2023,6,11985,50.63,30373.47,cobertura alta,67.54,93.66,67.54,93.66,10.32132480900385,3.924544285981818,15
Pérola,2024,6,12275,51.86,29655.89,cobertura alta,67.54,93.66,67.54,93.66,10.297416035624876,3.9485477801105184,16
Pérola,2025,16,12389,52.34,29383.0,cobertura alta,67.54,93.66,67.54,93.66,10.28817155479407,3.9577608971019997,17
Pérola,2026,5,12389,52.34,29383.0,cobertura alta,67.54,93.66,67.54,93.66,10.28817155479407,3.9577608971019997,18
Pérola d'Oeste,2008,25,7222,35.11,9043.48,sem rede,,58.51,0.0,58.51,9.109799335061979,3.558485990180341,0
Pérola d'Oeste,2009,16,7202,35.01,9202.86,sem rede,,58.51,0.0,58.51,9.127269584292417,3.555633734966574,1
Pérola d'Oeste,2010,17,6959,33.83,11221.73,sem rede,,58.51,0.0,58.51,9.3256073561391,3.521347982792617,2
Pérola d'Oeste,2011,15,6716,32.65,12720.07,sem rede,,58.51,0.0,58.51,9.450936340023626,3.48584485572244,3
Pérola d'Oeste,2012,13,6672,32.44,12612.56,sem rede,,58.51,0.0,58.51,9.44244842183588,3.479392229247212,4
Pérola d'Oeste,2013,24,6822,33.16,18091.62,sem rede,,58.51,0.0,58.51,9.803204126618585,3.501344330267094,5
Pérola d'Oeste,2014,17,6783,32.98,19320.36,sem rede,,58.51,0.0,58.51,9.86891474113328,3.4959013171314526,6
Pérola d'Oeste,2015,34,6746,32.8,20432.26,sem rede,,58.51,0.0,58.51,9.924870303328397,3.490428515390098,7
Pérola d'Oeste,2016,11,6710,32.62,23689.42,sem rede,,58.51,0.0,58.51,10.072783813948941,3.4849255971928677,8
Pérola d'Oeste,2017,14,6674,32.45,23285.59,sem rede,,58.51,0.0,58.51,10.05558999329603,3.479700443150099,9
Pérola d'Oeste,2018,6,6407,31.15,25973.78,sem rede,,58.51,0.0,58.51,10.164842846625694,3.4388142452334622,10
Pérola d'Oeste,2019,6,6347,30.86,24583.74,sem rede,,58.51,0.0,58.51,10.109840527770015,3.4294608469350147,11
Pérola d'Oeste,2020,3,6288,30.57,34275.13,sem rede,,58.51,0.0,58.51,10.442175297275256,3.420019135902743,12
Pérola d'Oeste,2021,0,6232,30.3,38182.28,sem rede,,58.51,0.0,58.51,10.550126812626129,3.4111477125153233,13
Pérola d'Oeste,2022,2,6233,30.3,28151.77,sem rede,,58.51,0.0,58.51,10.245365509033407,3.4111477125153233,14
Pérola d'Oeste,2023,2,6234,30.31,43389.0,sem rede,,58.51,0.0,58.51,10.677961231741842,3.4114776910697118,15
Pérola d'Oeste,2024,9,6235,30.31,43382.04,sem rede,,58.51,0.0,58.51,10.677800809554556,3.4114776910697118,16
Pérola d'Oeste,2025,3,6218,30.23,43500.64,sem rede,,58.51,0.0,58.51,10.680530929612225,3.408834808791367,17
Pérola d'Oeste,2026,0,6218,30.23,43500.64,sem rede,,58.51,0.0,58.51,10.680530929612225,3.408834808791367,18
Quarto Centenário,2008,19,4927,15.27,21522.02,sem rede,,82.54,0.0,82.54,9.97683187604157,2.725890119230541,0
Quarto Centenário,2009,26,4881,15.13,21025.2,sem rede,,82.54,0.0,82.54,9.953476997281042,2.7166795278002644,1
Quarto Centenário,2010,45,4850,15.03,18674.64,sem rede,,82.54,0.0,82.54,9.834921732706778,2.710048203764883,2
Quarto Centenário,2011,33,4820,14.94,23542.53,sem rede,,82.54,0.0,82.54,10.066563851674582,2.7040421797046714,3
Quarto Centenário,2012,19,4784,14.83,26454.01,sem rede,,82.54,0.0,82.54,10.183163032600588,2.696652156149841,4
Quarto Centenário,2013,11,4887,15.15,35606.92,sem rede,,82.54,0.0,82.54,10.480295279972855,2.7180005319553784,5
Quarto Centenário,2014,13,4855,15.05,35808.86,sem rede,,82.54,0.0,82.54,10.485950627802694,2.711377991194885,6
Quarto Centenário,2015,7,4824,14.95,39309.49,sem rede,,82.54,0.0,82.54,10.57922124453373,2.7047112998366956,7
Quarto Centenário,2016,22,4794,14.86,46192.32,sem rede,,82.54,0.0,82.54,10.740568829485232,2.698673039289613,8
Quarto Centenário,2017,11,4764,14.77,44419.4,sem rede,,82.54,0.0,82.54,10.701431589928106,2.6925980965432883,9
Quarto Centenário,2018,7,4560,14.14,50421.49,sem rede,,82.54,0.0,82.54,10.828172752070438,2.6490076604684267,10
Quarto Centenário,2019,4,4512,13.99,48435.06,sem rede,,82.54,0.0,82.54,10.787979210633331,2.63834278867739,11
Quarto Centenário,2020,3,4465,13.84,76498.32,sem rede,,82.54,0.0,82.54,11.245024058789172,2.6275629501895237,12
Quarto Centenário,2021,2,4420,13.7,82127.38,sem rede,,82.54,0.0,82.54,11.316026735580083,2.617395832834079,13
Quarto Centenário,2022,2,4337,13.44,61276.46,sem rede,,82.54,0.0,82.54,11.023151035121838,2.5982353350950036,14
Quarto Centenário,2023,1,4253,13.18,96171.88,sem rede,,82.54,0.0,82.54,11.473892286231269,2.578700529074361,15
Quarto Centenário,2024,2,4170,12.93,98086.09,sem rede,,82.54,0.0,82.54,11.493600841412057,2.559550192783766,16
Quarto Centenário,2025,2,4127,12.79,99108.07,sem rede,,82.54,0.0,82.54,11.503966149898666,2.548663615590751,17
Quarto Centenário,2026,2,4127,12.79,99108.07,sem rede,,82.54,0.0,82.54,11.503966149898666,2.548663615590751,18
Quatiguá,2008,95,7116,62.97,8476.11,cobertura baixa,62.92,99.05,62.92,99.05,9.045006897123704,4.142658422500651,0
Quatiguá,2009,184,7148,63.26,9478.46,cobertura baixa,62.92,99.05,62.92,99.05,9.156777134795698,4.147253217877503,1
Quatiguá,2010,126,7108,62.9,10550.08,cobertura baixa,62.92,99.05,62.92,99.05,9.263888721813851,4.141546163706395,2
Quatiguá,2011,122,7069,62.56,13577.45,cobertura baixa,62.92,99.05,62.92,99.05,9.516165607339156,4.136126096237056,3
Quatiguá,2012,86,7091,62.75,13135.81,cobertura baixa,62.92,99.05,62.92,99.05,9.483097367519393,4.139158578011894,4
Quatiguá,2013,41,7344,64.99,15596.0,cobertura baixa,62.92,99.05,62.92,99.05,9.654769750102489,4.174233411906258,5
Quatiguá,2014,58,7377,65.28,26623.29,cobertura baixa,62.92,99.05,62.92,99.05,10.189541675597077,4.178685710655851,6
Quatiguá,2015,28,7410,65.58,21371.26,cobertura baixa,62.92,99.05,62.92,99.05,9.969802307735558,4.1832707714165025,7
Quatiguá,2016,29,7441,65.85,23709.99,cobertura baixa,62.92,99.05,62.92,99.05,10.073651757296393,4.18737942818929,8
Quatiguá,2017,27,7472,66.12,22871.25,cobertura baixa,62.92,99.05,62.92,99.05,10.037635942278776,4.191471272952824,9
Quatiguá,2018,15,7420,65.66,23984.64,cobertura baixa,62.92,99.05,62.92,99.05,10.085168904442659,4.184489912073446,10
Quatiguá,2019,22,7449,65.92,26103.1,cobertura baixa,62.92,99.05,62.92,99.05,10.169809360204079,4.188441885601216,11
Quatiguá,2020,0,7477,66.17,26443.09,cobertura baixa,62.92,99.05,62.92,99.05,10.182750155518287,4.192227188023968,12
Quatiguá,2021,6,7504,66.41,28266.79,cobertura baixa,62.92,99.05,62.92,99.05,10.249442896309914,4.195847647552622,13
Quatiguá,2022,2,7788,68.92,29896.25,cobertura baixa,62.92,99.05,62.92,99.05,10.305488333453075,4.232946411659729,14
Quatiguá,2023,1,8073,71.44,30287.01,cobertura baixa,62.92,99.05,62.92,99.05,10.318474186702536,4.268857936568244,15
Quatiguá,2024,1,8357,73.96,29257.75,cobertura baixa,62.92,99.05,62.92,99.05,10.283899774829983,4.303524406518924,16
Quatiguá,2025,0,8426,74.57,29018.16,cobertura baixa,62.92,99.05,62.92,99.05,10.275677119879438,4.311738281555703,17
Quatiguá,2026,1,8426,74.57,29018.16,cobertura baixa,62.92,99.05,62.92,99.05,10.275677119879438,4.311738281555703,18
Quatro Barras,2008,11,19002,105.1,29214.03,cobertura alta,89.21,90.22,89.21,90.22,10.282404352315137,4.6549122778829055,0
Quatro Barras,2009,12,19277,106.62,32676.09,cobertura alta,89.21,90.22,89.21,90.22,10.39439889677306,4.669271111394615,1
Quatro Barras,2010,20,19706,108.99,37193.95,cobertura alta,89.21,90.22,89.21,90.22,10.523901392626227,4.69125613490122,2
Quatro Barras,2011,8,20135,111.37,45574.87,cobertura alta,89.21,90.22,89.21,90.22,10.727111747101764,4.712857991405009,3
Quatro Barras,2012,11,20409,112.88,43278.9,cobertura alta,89.21,90.22,89.21,90.22,10.675420497300886,4.726325307544559,4
Quatro Barras,2013,4,21417,118.46,72165.71,cobertura alta,89.21,90.22,89.21,90.22,11.186720281317667,4.774575350848819,5
Quatro Barras,2014,6,21738,120.23,52128.12,cobertura alta,89.21,90.22,89.21,90.22,10.861459813424904,4.789406574986818,6
Quatro Barras,2015,7,22048,121.95,52762.06,cobertura alta,89.21,90.22,89.21,90.22,10.873547650799882,4.80361112466193,7
Quatro Barras,2016,5,22353,123.63,55677.72,cobertura alta,89.21,90.22,89.21,90.22,10.927335345894036,4.817293234018836,8
Quatro Barras,2017,5,22651,125.28,63781.51,cobertura alta,89.21,90.22,89.21,90.22,11.063218615417068,4.830551232242493,9
Quatro Barras,2018,8,23199,128.31,66792.02,cobertura alta,89.21,90.22,89.21,90.22,11.10933889131085,4.854449210906927,10
Quatro Barras,2019,8,23559,130.3,67047.79,cobertura alta,89.21,90.22,89.21,90.22,11.11316092768936,4.869839484130799,11
Quatro Barras,2020,6,23911,132.25,66702.69,cobertura alta,89.21,90.22,89.21,90.22,11.108000560925571,4.8846940707384086,12
Quatro Barras,2021,1,24253,134.14,80036.28,cobertura alta,89.21,90.22,89.21,90.22,11.290235310855973,4.898884030671591,13
Quatro Barras,2022,7,24538,135.72,84921.18,cobertura alta,89.21,90.22,89.21,90.22,11.349478811151645,4.910593939916029,14
Quatro Barras,2023,12,24824,137.3,94109.77,cobertura alta,89.21,90.22,89.21,90.22,11.452217145901276,4.922168312773925,15
Quatro Barras,2024,8,25109,138.88,93041.58,cobertura alta,89.21,90.22,89.21,90.22,11.440801768991605,4.93361025091204,16
Quatro Barras,2025,15,25397,140.47,91986.49,cobertura alta,89.21,90.22,89.21,90.22,11.429396997421893,4.944993942842818,17
Quatro Barras,2026,20,25397,140.47,91986.49,cobertura alta,89.21,90.22,89.21,90.22,11.429396997421893,4.944993942842818,18
Quatro Pontes,2008,80,3789,33.06,19111.38,sem rede,,76.21,0.0,76.21,9.858039248127834,3.498324092392878,0
Quatro Pontes,2009,58,3800,33.16,17494.21,sem rede,,76.21,0.0,76.21,9.769625248023448,3.501344330267094,1
Quatro Pontes,2010,39,3808,33.23,20197.74,sem rede,,76.21,0.0,76.21,9.91332599594201,3.503453082366503,2
Quatro Pontes,2011,12,3816,33.3,25503.67,sem rede,,76.21,0.0,76.21,10.14657764235943,3.505557396986398,3
Quatro Pontes,2012,17,3827,33.39,22315.13,sem rede,,76.21,0.0,76.21,10.013020202724196,3.508256453955563,4
Quatro Pontes,2013,7,3963,34.58,29752.46,sem rede,,76.21,0.0,76.21,10.300667096630853,3.5432754802551445,5
Quatro Pontes,2014,2,3981,34.74,36762.37,sem rede,,76.21,0.0,76.21,10.512230046643825,3.5478917608129588,6
Quatro Pontes,2015,5,3998,34.89,35416.21,sem rede,,76.21,0.0,76.21,10.474924903917776,3.5522002551986827,7
Quatro Pontes,2016,1,4014,35.03,39901.84,sem rede,,76.21,0.0,76.21,10.594177717102898,3.5562048372093953,8
Quatro Pontes,2017,5,4031,35.17,43148.6,sem rede,,76.21,0.0,76.21,10.672405251025781,3.5601934464858913,9
Quatro Pontes,2018,19,4000,34.9,44284.25,sem rede,,76.21,0.0,76.21,10.698384362343244,3.5524868292083815,10
Quatro Pontes,2019,14,4015,35.03,42783.56,sem rede,,76.21,0.0,76.21,10.663909195630387,3.5562048372093953,11
Quatro Pontes,2020,16,4029,35.16,60921.32,sem rede,,76.21,0.0,76.21,11.017338474535354,3.559909072816976,12
Quatro Pontes,2021,6,4043,35.28,62717.54,sem rede,,76.21,0.0,76.21,11.046396432316314,3.5633162311385904,13
Quatro Pontes,2022,5,4241,37.01,59684.51,sem rede,,76.21,0.0,76.21,10.99682780172749,3.6111881463980646,14
Quatro Pontes,2023,14,4438,38.73,69202.79,sem rede,,76.21,0.0,76.21,11.14479645871209,3.6566144935266607,15
Quatro Pontes,2024,11,4636,40.45,66247.2,sem rede,,76.21,0.0,76.21,11.10114847880437,3.700066643504501,16
Quatro Pontes,2025,7,4672,40.77,65736.73,sem rede,,76.21,0.0,76.21,11.093413104575529,3.707946516831162,17
Quatro Pontes,2026,0,4672,40.77,65736.73,sem rede,,76.21,0.0,76.21,11.093413104575529,3.707946516831162,18
Quedas do Iguaçu,2008,293,31572,38.35,24287.12,cobertura baixa,46.07,72.35,46.07,72.35,10.097701447654908,3.646754527813265,0
Quedas do Iguaçu,2009,234,31976,38.84,25228.3,cobertura baixa,46.07,72.35,46.07,72.35,10.135721659261911,3.659450643423124,1
Quedas do Iguaçu,2010,287,31415,38.16,30003.69,cobertura baixa,46.07,72.35,46.07,72.35,10.309075653080413,3.6417878465800855,2
Quedas do Iguaçu,2011,137,30854,37.48,32250.15,cobertura baixa,46.07,72.35,46.07,72.35,10.381277973375893,3.6238074573702215,3
Quedas do Iguaçu,2012,127,31095,37.77,37181.77,cobertura baixa,46.07,72.35,46.07,72.35,10.523573866382208,3.6315151367243654,4
Quedas do Iguaçu,2013,128,32393,39.35,38410.46,cobertura baixa,46.07,72.35,46.07,72.35,10.556085097316142,3.6724959748634123,5
Quedas do Iguaçu,2014,109,32693,39.71,29483.93,cobertura baixa,46.07,72.35,46.07,72.35,10.29160064813732,3.6816030451431603,6
Quedas do Iguaçu,2015,76,32982,40.06,34177.61,cobertura baixa,46.07,72.35,46.07,72.35,10.439326030292666,3.6903783302376723,7
Quedas do Iguaçu,2016,92,33265,40.4,38159.57,cobertura baixa,46.07,72.35,46.07,72.35,10.54953185715492,3.6988297849671046,8
Quedas do Iguaçu,2017,76,33543,40.74,38750.83,cobertura baixa,46.07,72.35,46.07,72.35,10.56490745390694,3.70721041079866,9
Quedas do Iguaçu,2018,34,33788,41.04,35360.72,cobertura baixa,46.07,72.35,46.07,72.35,10.473356878535228,3.714547200862514,10
Quedas do Iguaçu,2019,40,34103,41.42,38000.12,cobertura baixa,46.07,72.35,46.07,72.35,10.545344596598273,3.723763855967438,11
Quedas do Iguaçu,2020,15,34409,41.79,37550.93,cobertura baixa,46.07,72.35,46.07,72.35,10.533453423862948,3.732657076459824,12
Quedas do Iguaçu,2021,30,34707,42.16,42254.21,cobertura baixa,46.07,72.35,46.07,72.35,10.651459272791504,3.741471904233107,13
Quedas do Iguaçu,2022,10,33606,40.82,50066.51,cobertura baixa,46.07,72.35,46.07,72.35,10.821107600478047,3.709172157381699,14
Quedas do Iguaçu,2023,41,32506,39.48,59310.43,cobertura baixa,46.07,72.35,46.07,72.35,10.990540454848642,3.675794214565281,15
Quedas do Iguaçu,2024,49,31405,38.15,61389.75,cobertura baixa,46.07,72.35,46.07,72.35,11.024998162088767,3.641525757730466,16
Quedas do Iguaçu,2025,20,31423,38.17,61354.58,cobertura baixa,46.07,72.35,46.07,72.35,11.024425100979347,3.6420498667571386,17
Quedas do Iguaçu,2026,15,31423,38.17,61354.58,cobertura baixa,46.07,72.35,46.07,72.35,11.024425100979347,3.6420498667571386,18
Querência do Norte,2008,35,12235,13.35,7137.47,cobertura baixa,16.53,70.57,16.53,70.57,8.873113650803068,2.5915163848462583,0
Querência do Norte,2009,18,12306,13.43,8076.79,cobertura baixa,16.53,70.57,16.53,70.57,8.996749795351914,2.5974910105351463,1
Querência do Norte,2010,7,12029,13.12,8428.55,cobertura baixa,16.53,70.57,16.53,70.57,9.03938003145643,2.574137783515943,2
Querência do Norte,2011,14,11752,12.82,9682.1,cobertura baixa,16.53,70.57,16.53,70.57,9.178034098890837,2.551006451492524,3
Querência do Norte,2012,6,11773,12.84,10848.21,cobertura baixa,16.53,70.57,16.53,70.57,9.291755368399885,2.552565298261815,4
Querência do Norte,2013,15,12171,13.28,13422.07,cobertura baixa,16.53,70.57,16.53,70.57,9.50465564602272,2.5862591440482876,5
Querência do Norte,2014,19,12210,13.32,13813.1,cobertura baixa,16.53,70.57,16.53,70.57,9.533372696230694,2.589266665112243,6
Querência do Norte,2015,20,12247,13.36,15393.65,cobertura baixa,16.53,70.57,16.53,70.57,9.641710365704833,2.5922651681085,7
Querência do Norte,2016,20,12284,13.4,16263.92,cobertura baixa,16.53,70.57,16.53,70.57,9.696704436456931,2.5952547069568657,8
Querência do Norte,2017,6,12320,13.44,17716.31,cobertura baixa,16.53,70.57,16.53,70.57,9.78224096319661,2.5982353350950036,9
Querência do Norte,2018,5,12180,13.29,19477.09,cobertura baixa,16.53,70.57,16.53,70.57,9.876994182054055,2.587011872725154,10
Querência do Norte,2019,13,12206,13.32,18021.3,cobertura baixa,16.53,70.57,16.53,70.57,9.799309670624588,2.589266665112243,11
Querência do Norte,2020,15,12232,13.34,20950.29,cobertura baixa,16.53,70.57,16.53,70.57,9.949907767736578,2.590767040487478,12
Querência do Norte,2021,1,12257,13.37,21311.58,cobertura baixa,16.53,70.57,16.53,70.57,9.967005865938718,2.5930133911138515,13
Querência do Norte,2022,4,11736,12.8,21328.39,cobertura baixa,16.53,70.57,16.53,70.57,9.967794328072761,2.5494451709255714,14
Querência do Norte,2023,3,11214,12.23,30519.35,cobertura baixa,16.53,70.57,16.53,70.57,10.326116187661768,2.503891949699081,15
Querência do Norte,2024,7,10693,11.67,32006.36,cobertura baixa,16.53,70.57,16.53,70.57,10.373689912033699,2.4570214462984645,16
Querência do Norte,2025,1,10625,11.59,32211.2,cobertura baixa,16.53,70.57,16.53,70.57,10.380069497141987,2.4501426573516603,17
Querência do Norte,2026,1,10625,11.59,32211.2,cobertura baixa,16.53,70.57,16.53,70.57,10.380069497141987,2.4501426573516603,18
Quinta do Sol,2008,51,5246,16.04,16010.1,sem rede,,76.32,0.0,76.32,9.680975052067444,2.7750856024383683,0
Quinta do Sol,2009,43,5189,15.86,13549.62,sem rede,,76.32,0.0,76.32,9.514113781634157,2.7638002162067017,1
Quinta do Sol,2010,28,5113,15.63,16426.36,sem rede,,76.32,0.0,76.32,9.706642640533858,2.749192144433385,2
Quinta do Sol,2011,11,5037,15.4,18420.49,sem rede,,76.32,0.0,76.32,9.82121891097557,2.7343675094195836,3
Quinta do Sol,2012,24,4987,15.25,21014.24,sem rede,,76.32,0.0,76.32,9.952955582140959,2.7245795030534206,4
Quinta do Sol,2013,6,5077,15.52,26249.75,sem rede,,76.32,0.0,76.32,10.175411744164894,2.7421295147550726,5
Quinta do Sol,2014,5,5030,15.38,27563.22,sem rede,,76.32,0.0,76.32,10.224237554296996,2.733067964077498,6
Quinta do Sol,2015,4,4985,15.24,29429.09,sem rede,,76.32,0.0,76.32,10.289738919920374,2.7239235502585,7
Quinta do Sol,2016,4,4941,15.11,34021.66,sem rede,,76.32,0.0,76.32,10.434752659585996,2.715356776284648,8
Quinta do Sol,2017,3,4897,14.97,32709.82,sem rede,,76.32,0.0,76.32,10.395430617612979,2.706048198431537,9
Quinta do Sol,2018,3,4640,14.19,37372.84,sem rede,,76.32,0.0,76.32,10.528699516380788,2.6525374911719513,10
Quinta do Sol,2019,5,4573,13.98,35708.07,sem rede,,76.32,0.0,76.32,10.483131992642353,2.637627736805664,11
Quinta do Sol,2020,1,4508,13.78,54082.3,sem rede,,76.32,0.0,76.32,10.898262239398287,2.6232182655855123,12
Quinta do Sol,2021,1,4444,13.59,57936.77,sem rede,,76.32,0.0,76.32,10.967107522444582,2.6093342281630525,13
Quinta do Sol,2022,4,4649,14.21,48566.57,sem rede,,76.32,0.0,76.32,10.790690713121991,2.6539459421090092,14
Quinta do Sol,2023,5,4855,14.84,64871.88,sem rede,,76.32,0.0,76.32,11.08016952682616,2.6973262377392344,15
Quinta do Sol,2024,8,5060,15.47,62243.68,sem rede,,76.32,0.0,76.32,11.038812283068413,2.738902664584975,16
Quinta do Sol,2025,4,5052,15.44,62342.24,sem rede,,76.32,0.0,76.32,11.040394484661674,2.73696154459663,17
Quinta do Sol,2026,6,5052,15.44,62342.24,sem rede,,76.32,0.0,76.32,11.040394484661674,2.73696154459663,18
Quitandinha,2008,127,16497,36.83,7677.58,cobertura baixa,9.55,38.32,9.55,38.32,8.946059672319302,3.606312730456974,0
Quitandinha,2009,89,16608,37.08,7001.08,cobertura baixa,9.55,38.32,9.55,38.32,8.85381970185092,3.6130777406976544,1
Quitandinha,2010,134,16918,37.77,10185.84,cobertura baixa,9.55,38.32,9.55,38.32,9.2287537994869,3.6315151367243654,2
Quitandinha,2011,116,17229,38.47,10488.07,cobertura baixa,9.55,38.32,9.55,38.32,9.257993699715694,3.6498787167642037,3
Quitandinha,2012,122,17364,38.77,11669.37,cobertura baixa,9.55,38.32,9.55,38.32,9.364722739247547,3.657646751682838,4
Quitandinha,2013,76,18089,40.39,14384.54,cobertura baixa,9.55,38.32,9.55,38.32,9.573909297719744,3.6985822295753215,5
Quitandinha,2014,121,18257,40.76,14786.49,cobertura baixa,9.55,38.32,9.55,38.32,9.601469205024188,3.707701208354524,6
Quitandinha,2015,104,18419,41.12,17055.59,cobertura baixa,9.55,38.32,9.55,38.32,9.744233288215105,3.7164946211469094,7
Quitandinha,2016,83,18578,41.48,16879.0,cobertura baixa,9.55,38.32,9.55,38.32,9.733825524688928,3.7252113833613265,8
Quitandinha,2017,37,18733,41.82,18860.46,cobertura baixa,9.55,38.32,9.55,38.32,9.844822946133913,3.7333746940004877,9
Quitandinha,2018,45,18873,42.14,20778.04,cobertura baixa,9.55,38.32,9.55,38.32,9.941651938741725,3.740997408376043,10
Quitandinha,2019,38,19049,42.53,21364.74,cobertura baixa,9.55,38.32,9.55,38.32,9.969497178568083,3.750209709265542,11
Quitandinha,2020,17,19221,42.91,23474.74,cobertura baixa,9.55,38.32,9.55,38.32,10.063680228402776,3.7591048990034333,12
Quitandinha,2021,10,19388,43.29,26260.42,cobertura baixa,9.55,38.32,9.55,38.32,10.175818141635968,3.7679216614538893,13
Quitandinha,2022,18,19200,42.87,29231.56,cobertura baixa,9.55,38.32,9.55,38.32,10.283004226506694,3.7581722806098856,14
Quitandinha,2023,22,19011,42.44,31269.21,cobertura baixa,9.55,38.32,9.55,38.32,10.350389186301603,3.7480913137457823,15
Quitandinha,2024,22,18823,42.03,31581.52,cobertura baixa,9.55,38.32,9.55,38.32,10.360327418380281,3.7383836490170252,16
Quitandinha,2025,9,18882,42.16,31482.84,cobertura baixa,9.55,38.32,9.55,38.32,10.357197914472286,3.741471904233107,17
Quitandinha,2026,5,18882,42.16,31482.84,cobertura baixa,9.55,38.32,9.55,38.32,10.357197914472286,3.741471904233107,18
Ramilândia,2008,19,4322,18.18,11115.22,sem rede,,60.45,0.0,60.45,9.316070619274841,2.900322088749333,0
Ramilândia,2009,21,4365,18.36,9772.51,sem rede,,60.45,0.0,60.45,9.187328620946197,2.9101743851923443,1
Ramilândia,2010,65,4260,17.92,11466.9,sem rede,,60.45,0.0,60.45,9.347219903323554,2.8859174075467844,2
Ramilândia,2011,26,4155,17.48,13067.15,sem rede,,60.45,0.0,60.45,9.477856726222257,2.8610573702273894,3
Ramilândia,2012,13,4175,17.56,13619.16,sem rede,,60.45,0.0,60.45,9.519232903792773,2.8656235882069705,4
Ramilândia,2013,2,4332,18.22,16269.39,sem rede,,60.45,0.0,60.45,9.69704070719308,2.9025198918318122,5
Ramilândia,2014,6,4359,18.34,16955.04,sem rede,,60.45,0.0,60.45,9.738320413743036,2.9090844668283187,6
Ramilândia,2015,1,4385,18.45,17376.51,sem rede,,60.45,0.0,60.45,9.762874573131665,2.915064370486536,7
Ramilândia,2016,18,4410,18.55,19097.73,sem rede,,60.45,0.0,60.45,9.857324758804179,2.920469789053444,8
Ramilândia,2017,3,4435,18.66,18396.84,sem rede,,60.45,0.0,60.45,9.81993418971779,2.926382195419198,9
Ramilândia,2018,3,4426,18.62,18590.6,sem rede,,60.45,0.0,60.45,9.83041135561154,2.924236271848921,10
Ramilândia,2019,2,4451,18.73,18432.94,sem rede,,60.45,0.0,60.45,9.821894560459139,2.930126516455997,11
Ramilândia,2020,1,4476,18.83,21002.46,sem rede,,60.45,0.0,60.45,9.952394852702014,2.935451342669061,12
Ramilândia,2021,5,4500,18.93,25283.11,sem rede,,60.45,0.0,60.45,10.137891862846088,2.9407479652212314,13
Ramilândia,2022,4,4431,18.64,22277.59,sem rede,,60.45,0.0,60.45,10.011336519429337,2.925309809257445,14
Ramilândia,2023,11,4362,18.35,29019.94,sem rede,,60.45,0.0,60.45,10.275738458896413,2.9096295745005794,15
Ramilândia,2024,1,4293,18.06,29486.37,sem rede,,60.45,0.0,60.45,10.291683401659055,2.8936995479888394,16
Ramilândia,2025,8,4279,18.0,29582.85,sem rede,,60.45,0.0,60.45,10.294950080507917,2.8903717578961645,17
Ramilândia,2026,7,4279,18.0,29582.85,sem rede,,60.45,0.0,60.45,10.294950080507917,2.8903717578961645,18
Rancho Alegre,2008,24,4097,24.39,11841.59,sem rede,,90.23,0.0,90.23,9.37937318996237,3.194173212227829,0
Rancho Alegre,2009,26,4083,24.3,8961.06,sem rede,,90.23,0.0,90.23,9.10064380254309,3.190476350346503,1
Rancho Alegre,2010,15,4010,23.87,10688.03,sem rede,,90.23,0.0,90.23,9.276879702658714,3.1726224403507386,2
Rancho Alegre,2011,15,3937,23.43,14391.92,sem rede,,90.23,0.0,90.23,9.574422216971229,3.1540172525197043,3
Rancho Alegre,2012,6,3919,23.33,17210.26,sem rede,,90.23,0.0,90.23,9.75326099658711,3.1497400860333387,4
Rancho Alegre,2013,6,4018,23.92,21413.64,sem rede,,90.23,0.0,90.23,9.971783381145128,3.1747149290824312,5
Rancho Alegre,2014,2,4004,23.83,18206.29,sem rede,,90.23,0.0,90.23,9.809522417753048,3.170945291110651,6
Rancho Alegre,2015,4,3990,23.75,22767.17,sem rede,,90.23,0.0,90.23,10.03307486499192,3.1675825304806504,7
Rancho Alegre,2016,5,3977,23.67,24977.87,sem rede,,90.23,0.0,90.23,10.125745511829455,3.1642084235258925,8
Rancho Alegre,2017,2,3963,23.59,25366.39,sem rede,,90.23,0.0,90.23,10.14118034842048,3.1608228934195837,9
Rancho Alegre,2018,4,3832,22.81,31411.53,sem rede,,90.23,0.0,90.23,10.35493030194809,3.1271990362962967,10
Rancho Alegre,2019,6,3808,22.67,31642.59,sem rede,,90.23,0.0,90.23,10.362259276938453,3.1210424645194377,11
Rancho Alegre,2020,5,3784,22.52,43060.52,sem rede,,90.23,0.0,90.23,10.670361847018219,3.1144038032714896,12
Rancho Alegre,2021,1,3760,22.38,49375.27,sem rede,,90.23,0.0,90.23,10.807204970542902,3.108167702883779,13
Rancho Alegre,2022,4,3674,21.87,47457.81,sem rede,,90.23,0.0,90.23,10.767596384803717,3.0851158346886765,14
Rancho Alegre,2023,2,3587,21.35,54967.94,sem rede,,90.23,0.0,90.23,10.914505385166144,3.0610517396746335,15
Rancho Alegre,2024,2,3501,20.84,56318.19,sem rede,,90.23,0.0,90.23,10.938772852531404,3.0368742168851663,16
Rancho Alegre,2025,5,3472,20.67,56788.59,sem rede,,90.23,0.0,90.23,10.947090704248406,3.028683373693677,17
Rancho Alegre,2026,1,3472,20.67,56788.59,sem rede,,90.23,0.0,90.23,10.947090704248406,3.028683373693677,18
Rancho Alegre D'Oeste,2008,14,2992,12.37,22068.18,sem rede,,87.3,0.0,87.3,10.001892030965909,2.5152741864043966,0
Rancho Alegre D'Oeste,2009,14,2976,12.3,21882.06,sem rede,,87.3,0.0,87.3,9.993422402012685,2.509599262378372,1
Rancho Alegre D'Oeste,2010,6,2902,12.0,18935.91,sem rede,,87.3,0.0,87.3,9.848815398330814,2.4849066497880004,2
Rancho Alegre D'Oeste,2011,10,2827,11.69,24153.17,sem rede,,87.3,0.0,87.3,10.092170913406452,2.458733775483977,3
Rancho Alegre D'Oeste,2012,3,2807,11.6,25246.53,sem rede,,87.3,0.0,87.3,10.13644399951715,2.451005098112319,4
Rancho Alegre D'Oeste,2013,4,2868,11.86,35427.13,sem rede,,87.3,0.0,87.3,10.475233189780258,2.4731713935695794,5
Rancho Alegre D'Oeste,2014,6,2850,11.78,41866.32,sem rede,,87.3,0.0,87.3,10.642236964059068,2.4664031782234406,6
Rancho Alegre D'Oeste,2015,5,2833,11.71,42018.36,sem rede,,87.3,0.0,87.3,10.645861944603546,2.460443177609626,7
Rancho Alegre D'Oeste,2016,10,2816,11.64,49354.05,sem rede,,87.3,0.0,87.3,10.806775108363627,2.454447442303292,8
Rancho Alegre D'Oeste,2017,7,2800,11.58,46552.86,sem rede,,87.3,0.0,87.3,10.748343720130462,2.449279472144849,9
Rancho Alegre D'Oeste,2018,5,2682,11.09,52568.23,sem rede,,87.3,0.0,87.3,10.869867223853477,2.4060438013622756,10
Rancho Alegre D'Oeste,2019,1,2655,10.98,50123.54,sem rede,,87.3,0.0,87.3,10.822246037002621,2.3960754360813845,11
Rancho Alegre D'Oeste,2020,0,2628,10.86,84921.23,sem rede,,87.3,0.0,87.3,11.34947939993274,2.3850863145057892,12
Rancho Alegre D'Oeste,2021,2,2602,10.76,90240.97,sem rede,,87.3,0.0,87.3,11.41023881578759,2.3758355547336385,13
Rancho Alegre D'Oeste,2022,2,2614,10.81,68639.25,sem rede,,87.3,0.0,87.3,11.136619807528723,2.3804716316511167,14
Rancho Alegre D'Oeste,2023,0,2626,10.86,89734.2,sem rede,,87.3,0.0,87.3,11.404607246284616,2.3850863145057892,15
Rancho Alegre D'Oeste,2024,0,2638,10.91,89326.0,sem rede,,87.3,0.0,87.3,11.400047877903113,2.3896797998449792,16
Rancho Alegre D'Oeste,2025,0,2623,10.84,89836.83,sem rede,,87.3,0.0,87.3,11.405750303838772,2.3832429960115,17
Rancho Alegre D'Oeste,2026,0,2623,10.84,89836.83,sem rede,,87.3,0.0,87.3,11.405750303838772,2.3832429960115,18
Realeza,2008,201,16276,45.96,12384.92,cobertura alta,65.51,80.08,65.51,80.08,9.424234882475872,3.827771452980555,0
Realeza,2009,155,16288,46.0,13569.38,cobertura alta,65.51,80.08,65.51,80.08,9.515571062765243,3.828641396489095,1
Realeza,2010,199,16326,46.11,15679.41,cobertura alta,65.51,80.08,65.51,80.08,9.660103665645444,3.8310298462186143,2
Realeza,2011,186,16363,46.21,17840.43,cobertura alta,65.51,80.08,65.51,80.08,9.789222508982538,3.833196224882175,3
Realeza,2012,67,16386,46.28,19567.19,cobertura alta,65.51,80.08,65.51,80.08,9.881609462957357,3.834709902325476,4
Realeza,2013,63,16932,47.82,24399.42,cobertura alta,65.51,80.08,65.51,80.08,10.102314640506968,3.867443962030179,5
Realeza,2014,56,16978,47.95,26478.68,cobertura alta,65.51,80.08,65.51,80.08,10.184095159865846,3.8701588013294472,6
Realeza,2015,24,17023,48.07,30955.82,cobertura alta,65.51,80.08,65.51,80.08,10.340316305668702,3.8726582819058692,7
Realeza,2016,33,17068,48.2,33887.63,cobertura alta,65.51,80.08,65.51,80.08,10.430805330022359,3.8753590210565547,8
Realeza,2017,20,17111,48.32,33767.28,cobertura alta,65.51,80.08,65.51,80.08,10.427247565273397,3.8778455536265595,9
Realeza,2018,10,16894,47.71,35698.06,cobertura alta,65.51,80.08,65.51,80.08,10.48285162455447,3.8651410195280156,10
Realeza,2019,15,16922,47.79,36467.62,cobertura alta,65.51,80.08,65.51,80.08,10.504180022556175,3.866816412590067,11
Realeza,2020,10,16950,47.87,40482.6,cobertura alta,65.51,80.08,65.51,80.08,10.608627531147748,3.8684890034044175,12
Realeza,2021,10,16976,47.94,43772.5,cobertura alta,65.51,80.08,65.51,80.08,10.686761045300472,3.869950229006238,13
Realeza,2022,34,17952,50.7,41691.96,cobertura alta,65.51,80.08,65.51,80.08,10.638063583442078,3.9259259105971376,14
Realeza,2023,19,18927,53.45,50667.67,cobertura alta,65.51,80.08,65.51,80.08,10.833043313595812,3.9787466374710543,15
Realeza,2024,14,19903,56.21,48183.04,cobertura alta,65.51,80.08,65.51,80.08,10.782762370898979,4.029094677013983,16
Realeza,2025,17,20097,56.76,47717.92,cobertura alta,65.51,80.08,65.51,80.08,10.773062287667585,4.038831852291842,17
Realeza,2026,23,20097,56.76,47717.92,cobertura alta,65.51,80.08,65.51,80.08,10.773062287667585,4.038831852291842,18
Rebouças,2008,62,14558,30.17,9015.39,cobertura baixa,58.05,64.06,58.05,64.06,9.10668839593296,3.40684805317097,0
Rebouças,2009,36,14637,30.33,7815.33,cobertura baixa,58.05,64.06,58.05,64.06,8.963842468451588,3.41213732170049,1
Rebouças,2010,131,14426,29.89,11437.61,cobertura baixa,58.05,64.06,58.05,64.06,9.344662327023867,3.3975239762958465,2
Rebouças,2011,60,14216,29.46,12907.71,cobertura baixa,58.05,64.06,58.05,64.06,9.465580086232148,3.3830334110344844,3
Rebouças,2012,53,14254,29.54,15502.6,cobertura baixa,58.05,64.06,58.05,64.06,9.648763030775717,3.3857452771032337,4
Rebouças,2013,32,14752,30.57,19106.97,cobertura baixa,58.05,64.06,58.05,64.06,9.857808468933046,3.420019135902743,5
Rebouças,2014,84,14812,30.69,19483.86,cobertura baixa,58.05,64.06,58.05,64.06,9.87734170951774,3.4239368686316447,6
Rebouças,2015,48,14869,30.81,20498.35,cobertura baixa,58.05,64.06,58.05,64.06,9.928099674082304,3.4278393126085764,7
Rebouças,2016,56,14926,30.93,21732.68,cobertura baixa,58.05,64.06,58.05,64.06,9.98657239744509,3.4317265866969784,8
Rebouças,2017,17,14981,31.04,23961.95,cobertura baixa,58.05,64.06,58.05,64.06,10.084222434560491,3.435276695315018,9
Rebouças,2018,18,14851,30.77,25556.86,cobertura baixa,58.05,64.06,58.05,64.06,10.1486610527447,3.4265401893339504,10
Rebouças,2019,16,14899,30.87,25726.69,cobertura baixa,58.05,64.06,58.05,64.06,10.155284253393807,3.429784838514068,11
Rebouças,2020,6,14946,30.97,30208.75,cobertura baixa,58.05,64.06,58.05,64.06,10.31588689649719,3.4330189939851112,12
Rebouças,2021,2,14991,31.06,35783.6,cobertura baixa,58.05,64.06,58.05,64.06,10.485244966870015,3.435920817720541,13
Rebouças,2022,4,14912,30.9,36264.89,cobertura baixa,58.05,64.06,58.05,64.06,10.498605334565282,3.4307561839036995,14
Rebouças,2023,8,14833,30.74,42860.65,cobertura baixa,58.05,64.06,58.05,64.06,10.665709434568194,3.4255647381104497,15
Rebouças,2024,4,14754,30.57,43090.15,cobertura baixa,58.05,64.06,58.05,64.06,10.671049711689923,3.420019135902743,16
Rebouças,2025,5,14825,30.72,42883.78,cobertura baixa,58.05,64.06,58.05,64.06,10.666248944844511,3.4249139082794713,17
Rebouças,2026,0,14825,30.72,42883.78,cobertura baixa,58.05,64.06,58.05,64.06,10.666248944844511,3.4249139082794713,18
Renascença,2008,65,6945,16.3,15905.11,cobertura baixa,58.22,62.97,58.22,62.97,9.67439572022346,2.791165107812717,0
Renascença,2009,18,6937,16.28,15205.28,cobertura baixa,58.22,62.97,58.22,62.97,9.629398014936978,2.7899373605743945,1
Renascença,2010,20,6869,16.12,17618.58,cobertura baixa,58.22,62.97,58.22,62.97,9.776709306004237,2.7800607370784824,2
Renascença,2011,20,6801,15.96,21455.52,cobertura baixa,58.22,62.97,58.22,62.97,9.973737233906563,2.7700855920216627,3
Renascença,2012,27,6790,15.94,21227.98,cobertura baixa,58.22,62.97,58.22,62.97,9.963075401795466,2.768831673362069,4
Renascença,2013,15,6989,16.4,29832.02,cobertura baixa,58.22,62.97,58.22,62.97,10.303337592279457,2.797281334830153,5
Renascença,2014,15,6986,16.4,29864.59,cobertura baixa,58.22,62.97,58.22,62.97,10.304428776627503,2.797281334830153,6
Renascença,2015,9,6984,16.39,31405.5,cobertura baixa,58.22,62.97,58.22,62.97,10.354738315793426,2.7966713927557385,7
Renascença,2016,2,6981,16.38,36048.13,cobertura baixa,58.22,62.97,58.22,62.97,10.49261026896823,2.7960610784249234,8
Renascença,2017,3,6979,16.38,37997.42,cobertura baixa,58.22,62.97,58.22,62.97,10.54527354166673,2.7960610784249234,9
Renascença,2018,2,6818,16.0,37486.07,cobertura baixa,58.22,62.97,58.22,62.97,10.531724676281003,2.772588722239781,10
Renascença,2019,3,6802,15.96,37952.07,cobertura baixa,58.22,62.97,58.22,62.97,10.544079326790772,2.7700855920216627,11
Renascença,2020,3,6787,15.93,50257.55,cobertura baixa,58.22,62.97,58.22,62.97,10.824916063391328,2.768204123921957,12
Renascença,2021,0,6772,15.89,62392.65,cobertura baixa,58.22,62.97,58.22,62.97,11.041202758958375,2.7656899805486246,13
Renascença,2022,2,6830,16.03,50819.18,cobertura baixa,58.22,62.97,58.22,62.97,10.836029121364207,2.7744619666214616,14
Renascença,2023,0,6888,16.17,66793.26,cobertura baixa,58.22,62.97,58.22,62.97,11.109357456230578,2.783157673589016,15
Renascença,2024,0,6946,16.3,66235.53,cobertura baixa,58.22,62.97,58.22,62.97,11.100972304898079,2.791165107812717,16
Renascença,2025,1,6945,16.3,66245.07,cobertura baixa,58.22,62.97,58.22,62.97,11.101116325985188,2.791165107812717,17
Renascença,2026,1,6945,16.3,66245.07,cobertura baixa,58.22,62.97,58.22,62.97,11.101116325985188,2.791165107812717,18
Reserva,2008,182,25059,15.29,11013.45,cobertura baixa,64.52,70.95,64.52,70.95,9.306872532131036,2.727199019940971,0
Reserva,2009,135,25148,15.34,9791.2,cobertura baixa,64.52,70.95,64.52,70.95,9.18923930206813,2.73046379593911,1
Reserva,2010,170,25206,15.38,11578.39,cobertura baixa,64.52,70.95,64.52,70.95,9.35689570864583,2.733067964077498,2
Reserva,2011,112,25264,15.41,14066.38,cobertura baixa,64.52,70.95,64.52,70.95,9.551542832001417,2.7350166493320245,3
Reserva,2012,116,25353,15.46,15934.37,cobertura baixa,64.52,70.95,64.52,70.95,9.676233690456455,2.738256043159276,4
Reserva,2013,76,26268,16.02,18761.92,cobertura baixa,64.52,70.95,64.52,70.95,9.83958456273906,2.7738379416402132,5
Reserva,2014,96,26397,16.1,17042.39,cobertura baixa,64.52,70.95,64.52,70.95,9.743459048764006,2.7788192719904172,6
Reserva,2015,58,26522,16.18,19853.07,cobertura baixa,64.52,70.95,64.52,70.95,9.896113934106342,2.7837759116303458,7
Reserva,2016,77,26643,16.25,21353.19,cobertura baixa,64.52,70.95,64.52,70.95,9.96895642201544,2.7880929087757464,8
Reserva,2017,59,26763,16.32,20751.15,cobertura baixa,64.52,70.95,64.52,70.95,9.940356945809867,2.792391349535961,9
Reserva,2018,51,26602,16.23,23196.34,cobertura baixa,64.52,70.95,64.52,70.95,10.05174978658851,2.7868613815264998,10
Reserva,2019,46,26715,16.3,22573.31,cobertura baixa,64.52,70.95,64.52,70.95,10.024523513910383,2.791165107812717,11
Reserva,2020,7,26825,16.36,25377.63,cobertura baixa,64.52,70.95,64.52,70.95,10.141623356293481,2.794839331174601,12
Reserva,2021,0,26933,16.43,28120.82,cobertura baixa,64.52,70.95,64.52,70.95,10.244265506239122,2.799108932049177,13
Reserva,2022,0,26239,16.01,29726.48,cobertura baixa,64.52,70.95,64.52,70.95,10.299793510058791,2.7732135270086236,14
Reserva,2023,2,25545,15.58,29922.53,cobertura baixa,64.52,70.95,64.52,70.95,10.306366987337046,2.7459880404426023,15
Reserva,2024,5,24851,15.16,30758.16,cobertura baixa,64.52,70.95,64.52,70.95,10.333910603885032,2.7186603802142257,16
Reserva,2025,5,24878,15.18,30724.78,cobertura baixa,64.52,70.95,64.52,70.95,10.332824774115679,2.719978771967484,17
Reserva,2026,3,24878,15.18,30724.78,cobertura baixa,64.52,70.95,64.52,70.95,10.332824774115679,2.719978771967484,18
Reserva do Iguaçu,2008,32,7383,8.83,9490.72,cobertura baixa,55.19,63.5,55.19,63.5,9.158069758062185,2.178155014615869,0
Reserva do Iguaçu,2009,12,7449,8.91,10333.74,cobertura baixa,55.19,63.5,55.19,63.5,9.243169548863502,2.187174241482718,1
Reserva do Iguaçu,2010,6,7402,8.85,9003.11,cobertura baixa,55.19,63.5,55.19,63.5,9.10532535218334,2.180417459019838,2
Reserva do Iguaçu,2011,7,7356,8.8,11111.61,cobertura baixa,55.19,63.5,55.19,63.5,9.315745786626035,2.174751721484161,3
Reserva do Iguaçu,2012,8,7402,8.85,14058.9,cobertura baixa,55.19,63.5,55.19,63.5,9.551010926173182,2.180417459019838,4
Reserva do Iguaçu,2013,6,7697,9.21,16840.46,cobertura baixa,55.19,63.5,55.19,63.5,9.731539603337735,2.2202898502672155,5
Reserva do Iguaçu,2014,4,7757,9.28,15303.08,cobertura baixa,55.19,63.5,55.19,63.5,9.635809394310495,2.2278615467981093,6
Reserva do Iguaçu,2015,1,7815,9.35,15319.39,cobertura baixa,55.19,63.5,55.19,63.5,9.63687462526948,2.2353763433005955,7
Reserva do Iguaçu,2016,6,7872,9.42,18711.0,cobertura baixa,55.19,63.5,55.19,63.5,9.836866865194231,2.2428350885882717,8
Reserva do Iguaçu,2017,2,7927,9.48,18359.28,cobertura baixa,55.19,63.5,55.19,63.5,9.817890447719252,2.2491843162669305,9
Reserva do Iguaçu,2018,4,7950,9.51,19843.9,cobertura baixa,55.19,63.5,55.19,63.5,9.89565193410165,2.252343876557299,10
Reserva do Iguaçu,2019,8,8010,9.58,20831.34,cobertura baixa,55.19,63.5,55.19,63.5,9.94421386247876,2.259677591982769,11
Reserva do Iguaçu,2020,8,8069,9.65,29530.67,cobertura baixa,55.19,63.5,55.19,63.5,10.293184663271642,2.2669579153508947,12
Reserva do Iguaçu,2021,5,8127,9.72,31995.57,cobertura baixa,55.19,63.5,55.19,63.5,10.373352734698509,2.2741856184723477,13
Reserva do Iguaçu,2022,16,7599,9.09,34654.69,cobertura baixa,55.19,63.5,55.19,63.5,10.45318834899394,2.2071749081893874,14
Reserva do Iguaçu,2023,16,7071,8.46,36464.29,cobertura baixa,55.19,63.5,55.19,63.5,10.504088704503424,2.135349173618132,15
Reserva do Iguaçu,2024,5,6543,7.83,39406.85,cobertura baixa,55.19,63.5,55.19,63.5,10.581694938042517,2.057962510002712,16
Reserva do Iguaçu,2025,7,6493,7.77,39710.3,cobertura baixa,55.19,63.5,55.19,63.5,10.589365878868858,2.050270164379556,17
Reserva do Iguaçu,2026,3,6493,7.77,39710.3,cobertura baixa,55.19,63.5,55.19,63.5,10.589365878868858,2.050270164379556,18
Ribeirão Claro,2008,49,11223,17.8,16966.68,cobertura alta,72.11,82.62,72.11,82.62,9.739006699724813,2.8791984572980396,0
Ribeirão Claro,2009,43,11246,17.83,20420.24,cobertura alta,72.11,82.62,72.11,82.62,9.924281844832743,2.8808824318750488,1
Ribeirão Claro,2010,43,10954,17.37,26035.97,cobertura alta,72.11,82.62,72.11,82.62,10.167234322440885,2.854744580253014,2
Ribeirão Claro,2011,37,10661,16.91,27607.45,cobertura alta,72.11,82.62,72.11,82.62,10.225840942817591,2.827905162910489,3
Ribeirão Claro,2012,47,10645,16.88,32290.37,cobertura alta,72.11,82.62,72.11,82.62,10.382524322342602,2.826129489167811,4
Ribeirão Claro,2013,36,10956,17.37,30692.77,cobertura alta,72.11,82.62,72.11,82.62,10.331782400953665,2.854744580253014,5
Ribeirão Claro,2014,28,10952,17.37,30097.97,cobertura alta,72.11,82.62,72.11,82.62,10.312213006602198,2.854744580253014,6
Ribeirão Claro,2015,21,10949,17.36,32800.53,cobertura alta,72.11,82.62,72.11,82.62,10.398199952778272,2.854168709232204,7
Ribeirão Claro,2016,37,10945,17.36,43725.63,cobertura alta,72.11,82.62,72.11,82.62,10.685689708016282,2.854168709232204,8
Ribeirão Claro,2017,39,10941,17.35,42422.63,cobertura alta,72.11,82.62,72.11,82.62,10.65543722525386,2.8535925063928684,9
Ribeirão Claro,2018,53,10693,16.96,43863.74,cobertura alta,72.11,82.62,72.11,82.62,10.688843289654317,2.830857630363757,10
Ribeirão Claro,2019,37,10668,16.92,39223.19,cobertura alta,72.11,82.62,72.11,82.62,10.577023432495775,2.8284963541780774,11
Ribeirão Claro,2020,31,10645,16.88,43201.88,cobertura alta,72.11,82.62,72.11,82.62,10.673639291803816,2.826129489167811,12
Ribeirão Claro,2021,19,10622,16.84,36122.29,cobertura alta,72.11,82.62,72.11,82.62,10.494665405299758,2.8237570088141806,13
Ribeirão Claro,2022,21,11338,17.98,43757.98,cobertura alta,72.11,82.62,72.11,82.62,10.686429275152904,2.8892600290434745,14
Ribeirão Claro,2023,35,12054,19.12,50584.12,cobertura alta,72.11,82.62,72.11,82.62,10.831392972027269,2.9507349076232554,15
Ribeirão Claro,2024,21,12770,20.25,47747.92,cobertura alta,72.11,82.62,72.11,82.62,10.773690784750679,3.0081547935525483,16
Ribeirão Claro,2025,34,12856,20.39,47428.52,cobertura alta,72.11,82.62,72.11,82.62,10.766979014505376,3.015044584586364,17
Ribeirão Claro,2026,6,12856,20.39,47428.52,cobertura alta,72.11,82.62,72.11,82.62,10.766979014505376,3.015044584586364,18
Ribeirão do Pinhal,2008,80,13666,36.37,6910.58,cobertura alta,76.78,93.55,76.78,93.55,8.840808849563427,3.5937442589988975,0
Ribeirão do Pinhal,2009,64,13584,36.16,6506.48,cobertura alta,76.78,93.55,76.78,93.55,8.78055388236286,3.5879535355239756,1
Ribeirão do Pinhal,2010,75,13523,35.99,7990.24,cobertura alta,76.78,93.55,76.78,93.55,8.985976075856136,3.5832411220909393,2
Ribeirão do Pinhal,2011,94,13462,35.83,9182.44,cobertura alta,76.78,93.55,76.78,93.55,9.125048243504219,3.5787855313168624,3
Ribeirão do Pinhal,2012,86,13401,35.67,10556.97,cobertura alta,76.78,93.55,76.78,93.55,9.26454158426926,3.5743099993708003,4
Ribeirão do Pinhal,2013,47,13740,36.57,11768.85,cobertura alta,76.78,93.55,76.78,93.55,9.373211489448492,3.59922823216129,5
Ribeirão do Pinhal,2014,101,13692,36.44,11631.32,cobertura alta,76.78,93.55,76.78,93.55,9.361456738642199,3.5956670723917576,6
Ribeirão do Pinhal,2015,89,13646,36.32,13776.42,cobertura alta,76.78,93.55,76.78,93.55,9.530713714007646,3.5923685537330927,7
Ribeirão do Pinhal,2016,103,13601,36.2,15771.63,cobertura alta,76.78,93.55,76.78,93.55,9.66596803542739,3.5890591188317256,8
Ribeirão do Pinhal,2017,89,13557,36.08,17473.26,cobertura alta,76.78,93.55,76.78,93.55,9.768426991329058,3.585738695194423,9
Ribeirão do Pinhal,2018,63,13112,34.9,17800.18,cobertura alta,76.78,93.55,76.78,93.55,9.786963848588597,3.5524868292083815,10
Ribeirão do Pinhal,2019,41,13029,34.68,18064.78,cobertura alta,76.78,93.55,76.78,93.55,9.801719465262359,3.546163151912341,11
Ribeirão do Pinhal,2020,33,12948,34.46,24771.62,cobertura alta,76.78,93.55,76.78,93.55,10.117453922040408,3.5397992310997837,12
Ribeirão do Pinhal,2021,20,12869,34.25,26267.85,cobertura alta,76.78,93.55,76.78,93.55,10.176101036924527,3.5336865647082343,13
Ribeirão do Pinhal,2022,17,12973,34.53,35399.98,cobertura alta,76.78,93.55,76.78,93.55,10.474466534149954,3.541828511401901,14
Ribeirão do Pinhal,2023,9,13076,34.8,37315.16,cobertura alta,76.78,93.55,76.78,93.55,10.527154957376206,3.5496173867804286,15
Ribeirão do Pinhal,2024,14,13180,35.08,37020.71,cobertura alta,76.78,93.55,76.78,93.55,10.519232764765835,3.5576311675039825,16
Ribeirão do Pinhal,2025,7,13158,35.02,37082.61,cobertura alta,76.78,93.55,76.78,93.55,10.520903405552163,3.555919326857706,17
Ribeirão do Pinhal,2026,2,13158,35.02,37082.61,cobertura alta,76.78,93.55,76.78,93.55,10.520903405552163,3.555919326857706,18
Rio Azul,2008,174,13702,22.83,12993.36,cobertura baixa,43.22,44.57,43.22,44.57,9.472193736725867,3.1280754605417043,0
Rio Azul,2009,117,13760,22.92,12249.85,cobertura baixa,43.22,44.57,43.22,44.57,9.413268970999944,3.132009891846539,1
Rio Azul,2010,172,13968,23.27,17093.21,cobertura baixa,43.22,44.57,43.22,44.57,9.7464365876118,3.1471649773142003,2
Rio Azul,2011,70,14176,23.61,20292.61,cobertura baixa,43.22,44.57,43.22,44.57,9.91801205934258,3.1616703510974213,3
Rio Azul,2012,120,14255,23.75,21313.71,cobertura baixa,43.22,44.57,43.22,44.57,9.967105806607828,3.1675825304806504,4
Rio Azul,2013,97,14809,24.67,23757.99,cobertura baixa,43.22,44.57,43.22,44.57,10.075674173938545,3.2055879305412653,5
Rio Azul,2014,144,14913,24.84,27199.76,cobertura baixa,43.22,44.57,43.22,44.57,10.210963428715749,3.212455257065278,6
Rio Azul,2015,71,15014,25.01,31350.34,cobertura baixa,43.22,44.57,43.22,44.57,10.352980391297313,3.219275744889528,7
Rio Azul,2016,47,15112,25.17,31768.53,cobertura baixa,43.22,44.57,43.22,44.57,10.36623145612697,3.2256528091472245,8
Rio Azul,2017,45,15125,25.2,38981.55,cobertura baixa,43.22,44.57,43.22,44.57,10.570843736252515,3.2268439945173775,9
Rio Azul,2018,39,15134,25.21,40165.46,cobertura baixa,43.22,44.57,43.22,44.57,10.600762701299706,3.2272407411998283,10
Rio Azul,2019,34,15236,25.38,41217.97,cobertura baixa,43.22,44.57,43.22,44.57,10.626629605293836,3.2339614622862416,11
Rio Azul,2020,37,15336,25.55,43342.33,cobertura baixa,43.22,44.57,43.22,44.57,10.676885034605133,3.2406373166497136,12
Rio Azul,2021,28,15433,25.71,47272.99,cobertura baixa,43.22,44.57,43.22,44.57,10.763694375436103,3.246880021277798,13
Rio Azul,2022,32,15027,25.03,63148.47,cobertura baixa,43.22,44.57,43.22,44.57,11.05324389945663,3.2200751054436827,14
Rio Azul,2023,32,14620,24.35,68193.71,cobertura baixa,43.22,44.57,43.22,44.57,11.13010761083922,3.192531849528599,15
Rio Azul,2024,59,14214,23.68,70141.55,cobertura baixa,43.22,44.57,43.22,44.57,11.158270622109821,3.164630810015805,16
Rio Azul,2025,59,14174,23.61,70339.49,cobertura baixa,43.22,44.57,43.22,44.57,11.161088655504106,3.1616703510974213,17
Rio Azul,2026,24,14174,23.61,70339.49,cobertura baixa,43.22,44.57,43.22,44.57,11.161088655504106,3.1616703510974213,18
Rio Bom,2008,3,3319,18.63,9672.79,sem rede,,74.37,0.0,74.37,9.17707206803269,2.924773184613497,0
Rio Bom,2009,3,3292,18.47,9223.88,sem rede,,74.37,0.0,74.37,9.12955105232394,2.9161477942111484,1
Rio Bom,2010,2,3305,18.55,10066.57,sem rede,,74.37,0.0,74.37,9.21697531199974,2.920469789053444,2
Rio Bom,2011,3,3318,18.62,11620.55,sem rede,,74.37,0.0,74.37,9.360530361471657,2.924236271848921,3
Rio Bom,2012,1,3302,18.53,12309.21,sem rede,,74.37,0.0,74.37,9.418103041652065,2.9193910402972683,4
Rio Bom,2013,0,3385,19.0,15249.63,sem rede,,74.37,0.0,74.37,9.632310519446142,2.9444389791664403,5
Rio Bom,2014,1,3372,18.92,16826.22,sem rede,,74.37,0.0,74.37,9.730693663028253,2.9402195636237325,6
Rio Bom,2015,2,3360,18.86,17761.01,sem rede,,74.37,0.0,74.37,9.78476088429853,2.937043277205311,7
Rio Bom,2016,1,3348,18.79,17577.06,sem rede,,74.37,0.0,74.37,9.774349921758873,2.933324813425374,8
Rio Bom,2017,1,3337,18.73,20598.74,sem rede,,74.37,0.0,74.37,9.93298518785847,2.930126516455997,9
Rio Bom,2018,2,3225,18.1,21667.6,sem rede,,74.37,0.0,74.37,9.983573336204957,2.89591193827178,10
Rio Bom,2019,0,3203,17.97,21262.57,sem rede,,74.37,0.0,74.37,9.964703528879769,2.8887037007954675,11
Rio Bom,2020,0,3182,17.86,29131.36,sem rede,,74.37,0.0,74.37,10.279570536127652,2.882563575448353,12
Rio Bom,2021,0,3162,17.74,33005.06,sem rede,,74.37,0.0,74.37,10.404416162027596,2.8758219768814333,13
Rio Bom,2022,0,3182,17.86,36324.95,sem rede,,74.37,0.0,74.37,10.500260111975045,2.882563575448353,14
Rio Bom,2023,0,3203,17.97,37094.91,sem rede,,74.37,0.0,74.37,10.521235042417691,2.8887037007954675,15
Rio Bom,2024,2,3223,18.09,36864.72,sem rede,,74.37,0.0,74.37,10.51501027511483,2.895359299407204,16
Rio Bom,2025,1,3214,18.04,36967.95,sem rede,,74.37,0.0,74.37,10.517806600028088,2.8925915146344776,17
Rio Bom,2026,0,3214,18.04,36967.95,sem rede,,74.37,0.0,74.37,10.517806600028088,2.8925915146344776,18
Rio Bonito do Iguaçu,2008,86,15009,21.98,7212.87,sem rede,,38.66,0.0,38.66,8.883622209327253,3.090132948975475,0
Rio Bonito do Iguaçu,2009,109,15121,22.15,6925.34,sem rede,,38.66,0.0,38.66,8.842942427323221,3.0978374964911444,1
Rio Bonito do Iguaçu,2010,83,14386,21.07,8300.5,sem rede,,38.66,0.0,38.66,9.024071032934131,3.0478502278160975,2
Rio Bonito do Iguaçu,2011,56,13652,20.0,10036.7,sem rede,,38.66,0.0,38.66,9.214003653957917,2.995732273553991,3
Rio Bonito do Iguaçu,2012,54,13125,19.23,11061.87,sem rede,,38.66,0.0,38.66,9.311259338541978,2.9564715596006885,4
Rio Bonito do Iguaçu,2013,25,13524,19.81,14756.73,sem rede,,38.66,0.0,38.66,9.599454528894361,2.9861868607104594,5
Rio Bonito do Iguaçu,2014,58,13532,19.82,16197.16,sem rede,,38.66,0.0,38.66,9.692591197210144,2.986691528901842,6
Rio Bonito do Iguaçu,2015,48,13538,19.83,17113.75,sem rede,,38.66,0.0,38.66,9.747637512947966,2.9871959425317045,7
Rio Bonito do Iguaçu,2016,33,13545,19.84,20384.27,sem rede,,38.66,0.0,38.66,9.922518803967055,2.987700101856727,8
Rio Bonito do Iguaçu,2017,49,13552,19.85,20221.0,sem rede,,38.66,0.0,38.66,9.91447694733573,2.9882040071331994,9
Rio Bonito do Iguaçu,2018,57,13283,19.46,21735.45,sem rede,,38.66,0.0,38.66,9.986699847142317,2.968361076757859,10
Rio Bonito do Iguaçu,2019,49,13269,19.44,23269.73,sem rede,,38.66,0.0,38.66,10.054908653306805,2.967332799032293,11
Rio Bonito do Iguaçu,2020,20,13255,19.42,30779.03,sem rede,,38.66,0.0,38.66,10.334588892926185,2.966303462863179,12
Rio Bonito do Iguaçu,2021,13,13240,19.39,33346.98,sem rede,,38.66,0.0,38.66,10.414722492520804,2.9647574692545606,13
Rio Bonito do Iguaçu,2022,21,13571,19.88,37386.63,sem rede,,38.66,0.0,38.66,10.529068432858029,2.989714201228428,14
Rio Bonito do Iguaçu,2023,15,13903,20.36,36990.94,sem rede,,38.66,0.0,38.66,10.5184282967772,3.013572191682322,15
Rio Bonito do Iguaçu,2024,28,14234,20.85,36130.74,sem rede,,38.66,0.0,38.66,10.494899305526184,3.0373539482448106,16
Rio Bonito do Iguaçu,2025,33,14297,20.94,35971.53,sem rede,,38.66,0.0,38.66,10.490483071231269,3.041661205442391,17
Rio Bonito do Iguaçu,2026,19,14297,20.94,35971.53,sem rede,,38.66,0.0,38.66,10.490483071231269,3.041661205442391,18
Rio Branco do Ivaí,2008,0,3986,10.58,9814.85,sem rede,,58.13,0.0,58.13,9.191651823863264,2.3589654264301534,0
Rio Branco do Ivaí,2009,0,4006,10.63,10700.45,sem rede,,58.13,0.0,58.13,9.278041075640433,2.363680192353857,1
Rio Branco do Ivaí,2010,0,3958,10.5,9636.18,sem rede,,58.13,0.0,58.13,9.17328004351048,2.3513752571634776,2
Rio Branco do Ivaí,2011,1,3909,10.37,12051.42,sem rede,,58.13,0.0,58.13,9.396937774299591,2.3389170222414357,3
Rio Branco do Ivaí,2012,0,3920,10.4,15569.64,sem rede,,58.13,0.0,58.13,9.653078143173458,2.341805806147327,4
Rio Branco do Ivaí,2013,3,4056,10.76,16816.81,sem rede,,58.13,0.0,58.13,9.73013426036771,2.3758355547336385,5
Rio Branco do Ivaí,2014,3,4072,10.8,19329.81,sem rede,,58.13,0.0,58.13,9.869403742873159,2.379546134130174,6
Rio Branco do Ivaí,2015,2,4088,10.85,19068.74,sem rede,,58.13,0.0,58.13,9.855805624046619,2.3841650799864684,7
Rio Branco do Ivaí,2016,1,4104,10.89,20509.5,sem rede,,58.13,0.0,58.13,9.928643472417246,2.387844936944869,8
Rio Branco do Ivaí,2017,2,4119,10.93,18186.94,sem rede,,58.13,0.0,58.13,9.808459033061808,2.391511302188447,9
Rio Branco do Ivaí,2018,0,4083,10.83,19602.01,sem rede,,58.13,0.0,58.13,9.88338739098102,2.382320061012899,10
Rio Branco do Ivaí,2019,1,4096,10.87,19421.39,sem rede,,58.13,0.0,58.13,9.874130314979057,2.386006701133118,11
Rio Branco do Ivaí,2020,5,4109,10.9,27456.32,sem rede,,58.13,0.0,58.13,10.220351657231424,2.388762789235098,12
Rio Branco do Ivaí,2021,0,4121,10.93,28040.28,sem rede,,58.13,0.0,58.13,10.241397326833335,2.391511302188447,13
Rio Branco do Ivaí,2022,7,4031,10.7,37486.48,sem rede,,58.13,0.0,58.13,10.531735613617402,2.3702437414678603,14
Rio Branco do Ivaí,2023,4,3940,10.45,44340.1,sem rede,,58.13,0.0,58.13,10.699644738467715,2.34660197841082,15
Rio Branco do Ivaí,2024,4,3850,10.21,45376.62,sem rede,,58.13,0.0,58.13,10.722752273409172,2.3233676321765744,16
Rio Branco do Ivaí,2025,5,3841,10.19,45482.95,sem rede,,58.13,0.0,58.13,10.725092809437257,2.321406847234633,17
Rio Branco do Ivaí,2026,0,3841,10.19,45482.95,sem rede,,58.13,0.0,58.13,10.725092809437257,2.321406847234633,18
Rio Branco do Sul,2008,54,32815,40.35,20075.79,sem rede,,67.79,0.0,67.79,9.90726989046907,3.6975913947159578,0
Rio Branco do Sul,2009,25,33142,40.75,22773.22,sem rede,,67.79,0.0,67.79,10.033340563201163,3.7074558396868715,1
Rio Branco do Sul,2010,145,31946,39.28,25340.2,sem rede,,67.79,0.0,67.79,10.14014734650381,3.670715483486265,2
Rio Branco do Sul,2011,45,30751,37.81,30604.92,sem rede,,67.79,0.0,67.79,10.328916059329785,3.6325736179028416,3
Rio Branco do Sul,2012,30,30848,37.93,30794.7,sem rede,,67.79,0.0,67.79,10.335097876232483,3.6357423557008075,4
Rio Branco do Sul,2013,25,31947,39.28,31869.25,sem rede,,67.79,0.0,67.79,10.369396874031242,3.670715483486265,5
Rio Branco do Sul,2014,35,32092,39.46,37681.04,sem rede,,67.79,0.0,67.79,10.53691232915866,3.6752875005944694,6
Rio Branco do Sul,2015,31,32232,39.63,36451.29,sem rede,,67.79,0.0,67.79,10.503732127757061,3.679586407202344,7
Rio Branco do Sul,2016,33,32369,39.8,33187.49,sem rede,,67.79,0.0,67.79,10.409928276665982,3.6838669122903918,8
Rio Branco do Sul,2017,19,32504,39.97,32721.85,sem rede,,67.79,0.0,67.79,10.395798329460638,3.688129172723232,9
Rio Branco do Sul,2018,11,32273,39.68,34624.18,sem rede,,67.79,0.0,67.79,10.45230756089874,3.6808472824166723,10
Rio Branco do Sul,2019,22,32397,39.83,37946.72,sem rede,,67.79,0.0,67.79,10.543938349576013,3.684620397193553,11
Rio Branco do Sul,2020,7,32517,39.98,31195.1,sem rede,,67.79,0.0,67.79,10.348016310181679,3.6883793290722537,12
Rio Branco do Sul,2021,16,32635,40.13,42151.03,sem rede,,67.79,0.0,67.79,10.649014399667614,3.6921241842788253,13
Rio Branco do Sul,2022,32,34859,42.86,47319.72,sem rede,,67.79,0.0,67.79,10.764682400915053,3.7579389900454307,14
Rio Branco do Sul,2023,13,37083,45.6,49910.36,sem rede,,67.79,0.0,67.79,10.817983875421012,3.8199077165203406,15
Rio Branco do Sul,2024,10,39307,48.33,47086.42,sem rede,,67.79,0.0,67.79,10.7597399157139,3.8780524858569927,16
Rio Branco do Sul,2025,7,40308,49.56,45917.09,sem rede,,67.79,0.0,67.79,10.734592657905276,3.9031840567609417,17
Rio Branco do Sul,2026,3,40308,49.56,45917.09,sem rede,,67.79,0.0,67.79,10.734592657905276,3.9031840567609417,18
Rio Negro,2008,36,30985,51.18,18975.54,cobertura baixa,60.02,83.61,60.02,83.61,9.85090606035692,3.935348830731643,0
Rio Negro,2009,41,31191,51.52,18885.13,cobertura baixa,60.02,83.61,60.02,83.61,9.846130118893052,3.9419700817960983,1
Rio Negro,2010,33,31331,51.75,18534.39,cobertura baixa,60.02,83.61,60.02,83.61,9.827383204333795,3.9464244321454784,2
Rio Negro,2011,18,31471,51.98,20263.64,cobertura baixa,60.02,83.61,60.02,83.61,9.916583426028243,3.950859029213344,3
Rio Negro,2012,29,31662,52.3,23190.48,cobertura baixa,60.02,83.61,60.02,83.61,10.051497128612338,3.9569963710708773,4
Rio Negro,2013,10,32911,54.36,26144.81,cobertura baixa,60.02,83.61,60.02,83.61,10.171405979431931,3.995628589282943,5
Rio Negro,2014,20,33157,54.77,27163.25,cobertura baixa,60.02,83.61,60.02,83.61,10.209620235780363,4.00314259879563,6
Rio Negro,2015,20,33395,55.16,28939.63,cobertura baixa,60.02,83.61,60.02,83.61,10.272967215031182,4.010238052925101,7
Rio Negro,2016,26,33628,55.55,30088.08,cobertura baixa,60.02,83.61,60.02,83.61,10.31188435901396,4.017283516085639,8
Rio Negro,2017,17,33857,55.93,32970.17,cobertura baixa,60.02,83.61,60.02,83.61,10.403358492255093,4.024100908833496,9
Rio Negro,2018,33,33922,56.03,36244.53,cobertura baixa,60.02,83.61,60.02,83.61,10.498043752345067,4.025887261577193,10
Rio Negro,2019,29,34170,56.44,36342.2,cobertura baixa,60.02,83.61,60.02,83.61,10.500734879468308,4.033178126984613,11
Rio Negro,2020,15,34411,56.84,34869.26,cobertura baixa,60.02,83.61,60.02,83.61,10.459360917763986,4.0402403032289,12
Rio Negro,2021,5,34645,57.23,37475.94,cobertura baixa,60.02,83.61,60.02,83.61,10.53145440604514,4.047078236421011,13
Rio Negro,2022,18,33761,55.77,40394.0,cobertura baixa,60.02,83.61,60.02,83.61,10.606436538068333,4.021236090401462,14
Rio Negro,2023,7,32876,54.3,44292.65,cobertura baixa,60.02,83.61,60.02,83.61,10.698574028046721,3.9945242269398897,15
Rio Negro,2024,16,31992,52.84,45516.54,cobertura baixa,60.02,83.61,60.02,83.61,10.725831055366449,3.9672684796541247,16
Rio Negro,2025,19,31951,52.78,45574.94,cobertura baixa,60.02,83.61,60.02,83.61,10.727113283034752,3.966132331075178,17
Rio Negro,2026,1,31951,52.78,45574.94,cobertura baixa,60.02,83.61,60.02,83.61,10.727113283034752,3.966132331075178,18
Rolândia,2008,10,55750,121.17,16459.05,cobertura baixa,61.0,96.83,61.0,96.83,9.708630756891084,4.7971945182434315,0
Rolândia,2009,20,56352,122.48,19257.61,cobertura baixa,61.0,96.83,61.0,96.83,9.865661586271044,4.807947751349428,1
Rolândia,2010,17,57432,124.83,21433.94,cobertura baixa,61.0,96.83,61.0,96.83,9.972730925978178,4.826952811662959,2
Rolândia,2011,14,58511,127.17,24289.28,cobertura baixa,61.0,96.83,61.0,96.83,10.097790379728977,4.845524774032655,3
Rolândia,2012,26,59139,128.54,27403.29,cobertura baixa,61.0,96.83,61.0,96.83,10.218418358160678,4.85624013994314,4
Rolândia,2013,14,61837,134.4,31733.86,cobertura baixa,61.0,96.83,61.0,96.83,10.36513952861228,4.900820428089049,5
Rolândia,2014,21,62590,136.04,35053.38,cobertura baixa,61.0,96.83,61.0,96.83,10.464627321479501,4.912948960138995,6
Rolândia,2015,24,63316,137.61,36221.44,cobertura baixa,61.0,96.83,61.0,96.83,10.497406487687423,4.92442359727719,7
Rolândia,2016,30,64028,139.16,38474.18,cobertura baixa,61.0,96.83,61.0,96.83,10.557742645939355,4.935624350283741,8
Rolândia,2017,32,64726,140.68,40164.93,cobertura baixa,61.0,96.83,61.0,96.83,10.60074950579549,4.946487807605782,9
Rolândia,2018,26,65757,142.92,40408.69,cobertura baixa,61.0,96.83,61.0,96.83,10.606800139828668,4.962285033155209,10
Rolândia,2019,23,66580,144.71,41833.46,cobertura baixa,61.0,96.83,61.0,96.83,10.641451776769728,4.974731739749902,11
Rolândia,2020,12,67383,146.45,45763.75,cobertura baixa,61.0,96.83,61.0,96.83,10.731247571996718,4.986684073273742,12
Rolândia,2021,10,68165,148.15,52445.46,cobertura baixa,61.0,96.83,61.0,96.83,10.867529051450765,4.998225274019575,13
Rolândia,2022,20,70422,153.06,59453.38,cobertura baixa,61.0,96.83,61.0,96.83,10.992947755002351,5.030830001381775,14
Rolândia,2023,24,72678,157.96,63330.09,cobertura baixa,61.0,96.83,61.0,96.83,11.056115850636894,5.062341836418449,15
Rolândia,2024,39,74935,162.87,61422.62,cobertura baixa,61.0,96.83,61.0,96.83,11.02553345019997,5.092952336585469,16
Rolândia,2025,14,75818,164.79,60707.27,cobertura baixa,61.0,96.83,61.0,96.83,11.013818739233308,5.104671936022639,17
Rolândia,2026,8,75818,164.79,60707.27,cobertura baixa,61.0,96.83,61.0,96.83,11.013818739233308,5.104671936022639,18
Roncador,2008,118,12442,16.73,11637.12,sem rede,,73.97,0.0,73.97,9.361955267990975,2.8172035149987327,0
Roncador,2009,114,12309,16.55,12183.2,sem rede,,73.97,0.0,73.97,9.407813232537482,2.806386101823072,1
Roncador,2010,124,11843,15.92,11813.65,sem rede,,73.97,0.0,73.97,9.37701092156071,2.767576180416237,2
Roncador,2011,13,11377,15.3,16065.57,sem rede,,73.97,0.0,73.97,9.684433751779538,2.72785282839839,3
Roncador,2012,17,11221,15.09,19580.96,sem rede,,73.97,0.0,73.97,9.882312944504651,2.7140322727797574,4
Roncador,2013,0,11365,15.28,25870.22,sem rede,,73.97,0.0,73.97,10.16084777920267,2.7265447837383743,5
Roncador,2014,43,11212,15.07,28096.33,sem rede,,73.97,0.0,73.97,10.243394241810057,2.712706012638404,6
Roncador,2015,32,11065,14.88,30022.96,sem rede,,73.97,0.0,73.97,10.309717701259412,2.700018029404946,7
Roncador,2016,43,10921,14.68,33858.35,sem rede,,73.97,0.0,73.97,10.429940924434804,2.6864860231863696,8
Roncador,2017,39,10779,14.49,34577.14,sem rede,,73.97,0.0,73.97,10.450948049049972,2.673458756332591,9
Roncador,2018,21,10058,13.52,42915.79,sem rede,,73.97,0.0,73.97,10.66699510246477,2.604170070614818,10
Roncador,2019,40,9849,13.24,39257.39,sem rede,,73.97,0.0,73.97,10.577894985742828,2.5832425505088623,11
Roncador,2020,28,9645,12.97,55865.32,sem rede,,73.97,0.0,73.97,10.930699073059547,2.5626389983283526,12
Roncador,2021,23,9447,12.7,63310.15,sem rede,,73.97,0.0,73.97,11.055800942829316,2.5416019934645457,13
Roncador,2022,25,10088,13.56,62675.46,sem rede,,73.97,0.0,73.97,11.045725262449102,2.6071242825122494,14
Roncador,2023,25,10730,14.43,59596.83,sem rede,,73.97,0.0,73.97,10.995357663719451,2.6693093727857793,15
Roncador,2024,66,11371,15.29,56237.27,sem rede,,73.97,0.0,73.97,10.937334983343332,2.727199019940971,16
Roncador,2025,86,11339,15.24,56395.98,sem rede,,73.97,0.0,73.97,10.940153158350109,2.7239235502585,17
Roncador,2026,30,11339,15.24,56395.98,sem rede,,73.97,0.0,73.97,10.940153158350109,2.7239235502585,18
Rondon,2008,91,9385,16.86,13857.96,cobertura alta,73.13,87.15,73.13,87.15,9.536615075763764,2.8249439525737094,0
Rondon,2009,67,9465,17.01,15392.92,cobertura alta,73.13,87.15,73.13,87.15,9.641662942429026,2.8338014064077703,1
Rondon,2010,69,9245,16.61,18008.65,cobertura alta,73.13,87.15,73.13,87.15,9.798607477004015,2.8100049236252036,2
Rondon,2011,57,9025,16.22,20362.22,cobertura alta,73.13,87.15,73.13,87.15,9.921436502048415,2.7862450486872667,3
Rondon,2012,42,9060,16.28,21342.16,cobertura alta,73.13,87.15,73.13,87.15,9.96843973810277,2.7899373605743945,4
Rondon,2013,34,9391,16.88,24645.51,cobertura alta,73.13,87.15,73.13,87.15,10.112350012778071,2.826129489167811,5
Rondon,2014,53,9441,16.96,27162.59,cobertura alta,73.13,87.15,73.13,87.15,10.20959593795082,2.830857630363757,6
Rondon,2015,28,9488,17.05,30022.55,cobertura alta,73.13,87.15,73.13,87.15,10.309704044951054,2.8361502037295256,7
Rondon,2016,53,9535,17.13,28172.0,cobertura alta,73.13,87.15,73.13,87.15,10.246083855865301,2.8408313123360287,8
Rondon,2017,68,9581,17.22,26083.08,cobertura alta,73.13,87.15,73.13,87.15,10.16904210722706,2.8460714989995846,9
Rondon,2018,55,9534,17.13,27777.64,cobertura alta,73.13,87.15,73.13,87.15,10.231986659495863,2.8408313123360287,10
Rondon,2019,42,9579,17.21,34217.14,cobertura alta,73.13,87.15,73.13,87.15,10.440481967097805,2.845490610223448,11
Rondon,2020,18,9622,17.29,34715.65,cobertura alta,73.13,87.15,73.13,87.15,10.454945872906654,2.850128299695199,12
Rondon,2021,38,9664,17.37,36223.51,cobertura alta,73.13,87.15,73.13,87.15,10.497463634527902,2.854744580253014,13
Rondon,2022,18,9523,17.11,42266.72,cobertura alta,73.13,87.15,73.13,87.15,10.65175529414601,2.839663087904102,14
Rondon,2023,68,9381,16.86,57428.42,cobertura alta,73.13,87.15,73.13,87.15,10.958294581726449,2.8249439525737094,15
Rondon,2024,101,9240,16.6,58304.76,cobertura alta,73.13,87.15,73.13,87.15,10.973439015660908,2.8094026953624978,16
Rondon,2025,96,9255,16.63,58210.26,cobertura alta,73.13,87.15,73.13,87.15,10.971816906842303,2.811208293204836,17
Rondon,2026,42,9255,16.63,58210.26,cobertura alta,73.13,87.15,73.13,87.15,10.971816906842303,2.811208293204836,18
Rosário do Ivaí,2008,0,5890,15.57,5522.41,cobertura baixa,44.89,51.37,44.89,51.37,8.616569638194521,2.745345985845907,0
Rosário do Ivaí,2009,2,5813,15.36,6126.27,cobertura baixa,44.89,51.37,44.89,51.37,8.720341360858297,2.731766727719526,1
Rosário do Ivaí,2010,0,5662,14.96,6724.13,cobertura baixa,44.89,51.37,44.89,51.37,8.813457828071535,2.7053799725463312,2
Rosário do Ivaí,2011,1,5512,14.57,7678.52,cobertura baixa,44.89,51.37,44.89,51.37,8.946182099237747,2.6789646202071133,3
Rosário do Ivaí,2012,0,5438,14.37,9280.25,cobertura baixa,44.89,51.37,44.89,51.37,9.135643765072553,2.6651427000909336,4
Rosário do Ivaí,2013,1,5509,14.56,12066.44,cobertura baixa,44.89,51.37,44.89,51.37,9.398183324438934,2.67827804276854,5
Rosário do Ivaí,2014,0,5437,14.37,13936.55,cobertura baixa,44.89,51.37,44.89,51.37,9.542270164444401,2.6651427000909336,6
Rosário do Ivaí,2015,1,5367,14.18,15238.87,cobertura baixa,44.89,51.37,44.89,51.37,9.631604679509987,2.6518325211039815,7
Rosário do Ivaí,2016,0,5298,14.0,15760.85,cobertura baixa,44.89,51.37,44.89,51.37,9.665284295967636,2.6390573296152584,8
Rosário do Ivaí,2017,2,5231,13.82,15668.9,cobertura baixa,44.89,51.37,44.89,51.37,9.659433135055835,2.626116818339524,9
Rosário do Ivaí,2018,0,4886,12.91,17629.96,cobertura baixa,44.89,51.37,44.89,51.37,9.777355006529444,2.558002204858551,10
Rosário do Ivaí,2019,2,4786,12.65,19003.34,cobertura baixa,44.89,51.37,44.89,51.37,9.852370032173102,2.5376572151735295,11
Rosário do Ivaí,2020,0,4689,12.39,24394.11,cobertura baixa,44.89,51.37,44.89,51.37,10.102096988698584,2.516889695641051,12
Rosário do Ivaí,2021,0,4595,12.14,28262.89,cobertura baixa,44.89,51.37,44.89,51.37,10.249304915694909,2.4965057856313524,13
Rosário do Ivaí,2022,1,4894,12.93,29042.71,cobertura baixa,44.89,51.37,44.89,51.37,10.276522784143962,2.559550192783766,14
Rosário do Ivaí,2023,2,5192,13.72,32095.15,cobertura baixa,44.89,51.37,44.89,51.37,10.376460207360132,2.6188546222977394,15
Rosário do Ivaí,2024,3,5491,14.51,30347.48,cobertura baixa,44.89,51.37,44.89,51.37,10.320468761738873,2.6748380668960965,16
Rosário do Ivaí,2025,1,5484,14.49,30386.21,cobertura baixa,44.89,51.37,44.89,51.37,10.3217441660573,2.673458756332591,17
Rosário do Ivaí,2026,1,5484,14.49,30386.21,cobertura baixa,44.89,51.37,44.89,51.37,10.3217441660573,2.673458756332591,18
Sabáudia,2008,6,5625,29.5,14577.6,sem rede,,91.67,0.0,91.67,9.587241382959593,3.3843902633457743,0
Sabáudia,2009,5,5642,29.59,12774.37,sem rede,,91.67,0.0,91.67,9.455196098787384,3.3874364664121184,1
Sabáudia,2010,5,5896,30.92,21473.37,sem rede,,91.67,0.0,91.67,9.974568841759863,3.4314032237192214,2
Sabáudia,2011,5,6149,32.24,29534.72,sem rede,,91.67,0.0,91.67,10.293321799418761,3.4732079176384274,3
Sabáudia,2012,7,6200,32.51,33375.97,sem rede,,91.67,0.0,91.67,10.415591458950622,3.481547734315814,4
Sabáudia,2013,3,6462,33.89,47753.64,sem rede,,91.67,0.0,91.67,10.773810573369982,3.52311998561896,5
Sabáudia,2014,4,6524,34.21,53112.51,sem rede,,91.67,0.0,91.67,10.880167772702645,3.5325179989895132,6
Sabáudia,2015,2,6585,34.53,55950.19,sem rede,,91.67,0.0,91.67,10.932217109623492,3.541828511401901,7
Sabáudia,2016,1,6644,34.84,52939.19,sem rede,,91.67,0.0,91.67,10.876899175324032,3.5507661519843023,8
Sabáudia,2017,4,6702,35.14,68071.62,sem rede,,91.67,0.0,91.67,11.128315665189215,3.559340082758951,9
Sabáudia,2018,2,6760,35.45,84169.08,sem rede,,91.67,0.0,91.67,11.340582911885699,3.5681232529781366,10
Sabáudia,2019,2,6827,35.8,75101.07,sem rede,,91.67,0.0,91.67,11.226590085320503,3.5779478934066544,11
Sabáudia,2020,2,6891,36.14,84916.7,sem rede,,91.67,0.0,91.67,11.349426054958492,3.5874002851640823,12
Sabáudia,2021,1,6954,36.47,101426.23,sem rede,,91.67,0.0,91.67,11.527087015188691,3.596490004820589,13
Sabáudia,2022,3,7743,40.6,89445.95,sem rede,,91.67,0.0,91.67,11.401389811220955,3.703768066607687,14
Sabáudia,2023,2,8531,44.74,86900.13,sem rede,,91.67,0.0,91.67,11.372514807224746,3.8008679560619836,15
Sabáudia,2024,3,9320,48.87,79543.45,sem rede,,91.67,0.0,91.67,11.284058692223855,3.8891637112820634,16
Sabáudia,2025,1,9511,49.87,77946.06,sem rede,,91.67,0.0,91.67,11.263772327987175,3.9094196195580313,17
Sabáudia,2026,4,9511,49.87,77946.06,sem rede,,91.67,0.0,91.67,11.263772327987175,3.9094196195580313,18
Salgado Filho,2008,2,4709,25.96,10315.57,sem rede,,63.39,0.0,63.39,9.241409683309683,3.2565568918358894,0
Salgado Filho,2009,0,4640,25.58,9906.47,sem rede,,63.39,0.0,63.39,9.200943358014985,3.2418107961506966,1
Salgado Filho,2010,0,4484,24.72,13157.45,sem rede,,63.39,0.0,63.39,9.48474341710671,3.20761263258949,2
Salgado Filho,2011,0,4327,23.85,15138.43,sem rede,,63.39,0.0,63.39,9.62499182280325,3.1717842173343502,3
Salgado Filho,2012,0,4253,23.45,14311.07,sem rede,,63.39,0.0,63.39,9.568788642641238,3.1548704948922883,4
Salgado Filho,2013,0,4287,23.63,17433.17,sem rede,,63.39,0.0,63.39,9.766129992316158,3.1625170911988163,5
Salgado Filho,2014,1,4213,23.22,20781.63,sem rede,,63.39,0.0,63.39,9.941824702385368,3.1450139762697455,6
Salgado Filho,2015,2,4142,22.83,21782.96,sem rede,,63.39,0.0,63.39,9.988883291752312,3.1280754605417043,7
Salgado Filho,2016,0,4072,22.45,24992.14,sem rede,,63.39,0.0,63.39,10.126316654416296,3.1112906141882632,8
Salgado Filho,2017,1,4003,22.07,24753.43,sem rede,,63.39,0.0,63.39,10.116719344253289,3.094219220268645,9
Salgado Filho,2018,1,3679,20.28,24589.56,sem rede,,63.39,0.0,63.39,10.110077241597526,3.0096351787229825,10
Salgado Filho,2019,1,3580,19.74,26372.07,sem rede,,63.39,0.0,63.39,10.180060774560017,2.9826470340053355,11
Salgado Filho,2020,1,3483,19.2,33026.41,sem rede,,63.39,0.0,63.39,10.405062823407208,2.954910279033736,12
Salgado Filho,2021,0,3389,18.68,36689.58,sem rede,,63.39,0.0,63.39,10.510248070022973,2.9274534328006965,13
Salgado Filho,2022,2,3625,19.98,34336.0,sem rede,,63.39,0.0,63.39,10.443949645430425,2.9947317732204075,14
Salgado Filho,2023,1,3861,21.28,37446.52,sem rede,,63.39,0.0,63.39,10.53066906072914,3.0577676644734435,15
Salgado Filho,2024,2,4097,22.59,35289.48,sem rede,,63.39,0.0,63.39,10.471340181508332,3.1175073304799117,16
Salgado Filho,2025,3,4090,22.55,35349.88,sem rede,,63.39,0.0,63.39,10.47305027669378,3.1157350659486873,17
Salgado Filho,2026,0,4090,22.55,35349.88,sem rede,,63.39,0.0,63.39,10.47305027669378,3.1157350659486873,18
Salto do Itararé,2008,25,5177,25.77,11339.0,cobertura baixa,53.35,77.14,53.35,77.14,9.33600338997184,3.2492110246642736,0
Salto do Itararé,2009,8,5134,25.56,11159.91,cobertura baixa,53.35,77.14,53.35,77.14,9.320083171386655,3.241028629509334,1
Salto do Itararé,2010,7,5142,25.59,26512.64,cobertura baixa,53.35,77.14,53.35,77.14,10.185376879387048,3.2422016501716975,2
Salto do Itararé,2011,1,5150,25.63,20813.2,cobertura baixa,53.35,77.14,53.35,77.14,9.943342679790835,3.24376354037598,3
Salto do Itararé,2012,13,5122,25.5,21964.86,cobertura baixa,53.35,77.14,53.35,77.14,9.997199182613105,3.2386784521643803,4
Salto do Itararé,2013,2,5246,26.11,14103.32,cobertura baixa,53.35,77.14,53.35,77.14,9.554165509642578,3.2623183827110376,5
Salto do Itararé,2014,1,5223,26.0,13223.63,cobertura baixa,53.35,77.14,53.35,77.14,9.489760659678092,3.258096538021482,6
Salto do Itararé,2015,5,5201,25.89,16246.11,cobertura baixa,53.35,77.14,53.35,77.14,9.695608774485429,3.2538567937634464,7
Salto do Itararé,2016,3,5179,25.78,18234.41,cobertura baixa,53.35,77.14,53.35,77.14,9.811065747358764,3.2495989975110415,8
Salto do Itararé,2017,4,5158,25.67,18256.69,cobertura baixa,53.35,77.14,53.35,77.14,9.812286867180777,3.245322994883049,9
Salto do Itararé,2018,0,4973,24.75,17861.45,cobertura baixa,53.35,77.14,53.35,77.14,9.790400038145082,3.2088254890146994,10
Salto do Itararé,2019,6,4935,24.56,15573.66,cobertura baixa,53.35,77.14,53.35,77.14,9.653336304641403,3.2011191032789417,11
Salto do Itararé,2020,1,4898,24.38,20760.31,cobertura baixa,53.35,77.14,53.35,77.14,9.940798269730957,3.1937631240531252,12
Salto do Itararé,2021,0,4862,24.2,21319.62,cobertura baixa,53.35,77.14,53.35,77.14,9.967383054481163,3.186352633162641,13
Salto do Itararé,2022,3,4997,24.87,22563.34,cobertura baixa,53.35,77.14,53.35,77.14,10.024081744299117,3.2136622578153133,14
Salto do Itararé,2023,1,5132,25.55,24193.3,cobertura baixa,53.35,77.14,53.35,77.14,10.093831014307977,3.2406373166497136,15
Salto do Itararé,2024,3,5267,26.22,23573.19,cobertura baixa,53.35,77.14,53.35,77.14,10.067865328308187,3.2665224783355535,16
Salto do Itararé,2025,4,5214,25.95,23812.81,cobertura baixa,53.35,77.14,53.35,77.14,10.077978950157021,3.2561716096118976,17
Salto do Itararé,2026,1,5214,25.95,23812.81,cobertura baixa,53.35,77.14,53.35,77.14,10.077978950157021,3.2561716096118976,18
Salto do Lontra,2008,65,12832,40.96,10304.01,cobertura baixa,43.28,60.61,43.28,60.61,9.240288418840558,3.7125959807312525,0
Salto do Lontra,2009,68,12828,40.94,11374.81,cobertura baixa,43.28,60.61,43.28,60.61,9.339156540382946,3.7121075802331434,1
Salto do Lontra,2010,75,13294,42.43,12716.19,cobertura baixa,43.28,60.61,43.28,60.61,9.450631263724665,3.7478556592142334,2
Salto do Lontra,2011,45,13761,43.92,14364.15,cobertura baixa,43.28,60.61,43.28,60.61,9.572490798065049,3.7823697972012753,3
Salto do Lontra,2012,63,13830,44.14,15196.82,cobertura baixa,43.28,60.61,43.28,60.61,9.628841474420478,3.7873664008285903,4
Salto do Lontra,2013,72,14357,45.83,19162.5,cobertura baixa,43.28,60.61,43.28,60.61,9.86071052318007,3.8249388985210326,5
Salto do Lontra,2014,51,14450,46.12,20129.27,cobertura baixa,43.28,60.61,43.28,60.61,9.909930253694107,3.8312466954008584,6
Salto do Lontra,2015,52,14539,46.41,20860.72,cobertura baixa,43.28,60.61,43.28,60.61,9.945623243778858,3.8375149532530846,7
Salto do Lontra,2016,40,14627,46.69,23293.84,cobertura baixa,43.28,60.61,43.28,60.61,10.055944226917449,3.8435300089828455,8
Salto do Lontra,2017,46,14713,46.96,25305.31,cobertura baixa,43.28,60.61,43.28,60.61,10.138769534116513,3.849296175519841,9
Salto do Lontra,2018,48,14695,46.9,25292.07,cobertura baixa,43.28,60.61,43.28,60.61,10.138246186848246,3.8480176754522337,10
Salto do Lontra,2019,44,14785,47.19,25302.54,cobertura baixa,43.28,60.61,43.28,60.61,10.138660064933262,3.8541820057382963,11
Salto do Lontra,2020,1,14872,47.47,31540.01,cobertura baixa,43.28,60.61,43.28,60.61,10.359012177574684,3.8600979325632268,12
Salto do Lontra,2021,2,14957,47.74,35427.63,cobertura baixa,43.28,60.61,43.28,60.61,10.475247303158103,3.865769620910684,13
Salto do Lontra,2022,1,15183,48.46,32212.08,cobertura baixa,43.28,60.61,43.28,60.61,10.380096816458856,3.8807387153883797,14
Salto do Lontra,2023,1,15410,49.19,40782.22,cobertura baixa,43.28,60.61,43.28,60.61,10.616001481096948,3.8956903508072482,15
Salto do Lontra,2024,1,15636,49.91,40192.76,cobertura baixa,43.28,60.61,43.28,60.61,10.601442158884762,3.9102213834815176,16
Salto do Lontra,2025,5,15706,50.13,40013.63,cobertura baixa,43.28,60.61,43.28,60.61,10.596975425053976,3.914619631275412,17
Salto do Lontra,2026,3,15706,50.13,40013.63,cobertura baixa,43.28,60.61,43.28,60.61,10.596975425053976,3.914619631275412,18
Santa Amélia,2008,11,4137,52.84,7346.87,sem rede,,77.58,0.0,77.58,8.902029651166739,3.9672684796541247,0
Santa Amélia,2009,3,4105,52.43,6904.75,sem rede,,77.58,0.0,77.58,8.83996485953987,3.9594789465844413,1
Santa Amélia,2010,1,3931,50.2,9525.31,sem rede,,77.58,0.0,77.58,9.161707745397052,3.9160150266976834,2
Santa Amélia,2011,4,3757,47.98,11800.11,sem rede,,77.58,0.0,77.58,9.375864132444205,3.8707842574115485,3
Santa Amélia,2012,7,3712,47.41,14549.3,sem rede,,77.58,0.0,77.58,9.58529816147668,3.8588331769140267,4
Santa Amélia,2013,9,3769,48.14,14772.35,sem rede,,77.58,0.0,77.58,9.600512469165908,3.874113432354926,5
Santa Amélia,2014,2,3726,47.59,13671.5,sem rede,,77.58,0.0,77.58,9.523068653032482,3.862622655133019,6
Santa Amélia,2015,3,3684,47.05,17047.23,sem rede,,77.58,0.0,77.58,9.743743006169955,3.8512108660313884,7
Santa Amélia,2016,11,3643,46.53,19159.48,sem rede,,77.58,0.0,77.58,9.86055291128182,3.8400972658565573,8
Santa Amélia,2017,35,3603,46.02,21611.99,sem rede,,77.58,0.0,77.58,9.981003532257946,3.82907608460722,9
Santa Amélia,2018,22,3385,43.23,22210.93,sem rede,,77.58,0.0,77.58,10.008339789041989,3.7665346986795405,10
Santa Amélia,2019,8,3324,42.45,22862.82,sem rede,,77.58,0.0,77.58,10.037267289320686,3.7483269127573564,11
Santa Amélia,2020,2,3266,41.71,29454.38,sem rede,,77.58,0.0,77.58,10.290597904676368,3.730740908208854,12
Santa Amélia,2021,2,3208,40.97,31438.9,sem rede,,77.58,0.0,77.58,10.35580125865372,3.7128400915587796,13
Santa Amélia,2022,6,3267,41.72,36359.66,sem rede,,77.58,0.0,77.58,10.501215197312602,3.7309806301325716,14
Santa Amélia,2023,2,3327,42.49,42543.43,sem rede,,77.58,0.0,77.58,10.658280715499103,3.7492687541267204,15
Santa Amélia,2024,0,3386,43.24,41802.13,sem rede,,77.58,0.0,77.58,10.640702574152385,3.7667659927710075,16
Santa Amélia,2025,4,3358,42.89,42150.68,sem rede,,77.58,0.0,77.58,10.649006096158706,3.758638698528789,17
Santa Amélia,2026,4,3358,42.89,42150.68,sem rede,,77.58,0.0,77.58,10.649006096158706,3.758638698528789,18
Santa Cecília do Pavão,2008,6,3732,35.44,13268.76,cobertura alta,75.17,88.86,75.17,88.86,9.493167679101777,3.56784112573688,0
Santa Cecília do Pavão,2009,7,3695,35.09,13972.4,cobertura alta,75.17,88.86,75.17,88.86,9.544839234202874,3.5579161895951237,1
Santa Cecília do Pavão,2010,8,3654,34.7,14291.74,cobertura alta,75.17,88.86,75.17,88.86,9.567437026982303,3.5467396869528134,2
Santa Cecília do Pavão,2011,8,3614,34.32,17143.61,cobertura alta,75.17,88.86,75.17,88.86,9.749380788411228,3.5357282746197614,3
Santa Cecília do Pavão,2012,15,3583,34.03,19490.93,cobertura alta,75.17,88.86,75.17,88.86,9.877704508141033,3.5272424885128144,4
Santa Cecília do Pavão,2013,13,3654,34.7,22535.85,cobertura alta,75.17,88.86,75.17,88.86,10.022862653517018,3.5467396869528134,5
Santa Cecília do Pavão,2014,0,3625,34.43,21376.28,cobertura alta,75.17,88.86,75.17,88.86,9.97003717505298,3.5389282773504322,6
Santa Cecília do Pavão,2015,1,3597,34.16,26671.95,cobertura alta,75.17,88.86,75.17,88.86,10.191367730363742,3.531055368920369,7
Santa Cecília do Pavão,2016,2,3570,33.9,30263.31,cobertura alta,75.17,88.86,75.17,88.86,10.317691366687374,3.5234150143864045,8
Santa Cecília do Pavão,2017,4,3544,33.66,29343.4,cobertura alta,75.17,88.86,75.17,88.86,10.286822927737004,3.51631018876266,9
Santa Cecília do Pavão,2018,3,3376,32.06,33266.59,cobertura alta,75.17,88.86,75.17,88.86,10.412308869019572,3.467609147181407,10
Santa Cecília do Pavão,2019,5,3334,31.66,33874.33,cobertura alta,75.17,88.86,75.17,88.86,10.430412779388616,3.4550540544528663,11
Santa Cecília do Pavão,2020,0,3293,31.27,53499.54,cobertura alta,75.17,88.86,75.17,88.86,10.887428334716292,3.44265917146975,12
Santa Cecília do Pavão,2021,2,3253,30.89,47190.29,cobertura alta,75.17,88.86,75.17,88.86,10.761943430071332,3.43043250693049,13
Santa Cecília do Pavão,2022,3,3294,31.28,56174.56,cobertura alta,75.17,88.86,75.17,88.86,10.936219264357078,3.4429789156771102,14
Santa Cecília do Pavão,2023,5,3334,31.66,53739.05,cobertura alta,75.17,88.86,75.17,88.86,10.891895204305749,3.4550540544528663,15
Santa Cecília do Pavão,2024,4,3375,32.05,53086.22,cobertura alta,75.17,88.86,75.17,88.86,10.879672663193576,3.467297183366679,16
Santa Cecília do Pavão,2025,1,3357,31.88,53370.87,cobertura alta,75.17,88.86,75.17,88.86,10.885020370487988,3.461978853922014,17
Santa Cecília do Pavão,2026,1,3357,31.88,53370.87,cobertura alta,75.17,88.86,75.17,88.86,10.885020370487988,3.461978853922014,18
Santa Cruz de Monte Castelo,2008,45,8074,18.23,10047.31,cobertura baixa,48.98,78.0,48.98,78.0,9.215060215967895,2.9030685886905716,0
Santa Cruz de Monte Castelo,2009,15,8015,18.1,11026.58,cobertura baixa,48.98,78.0,48.98,78.0,9.308064000704652,2.89591193827178,1
Santa Cruz de Monte Castelo,2010,11,8035,18.14,13455.51,cobertura baixa,48.98,78.0,48.98,78.0,9.507143966567524,2.8981194446869907,2
Santa Cruz de Monte Castelo,2011,13,8055,18.19,16266.42,cobertura baixa,48.98,78.0,48.98,78.0,9.696858139123728,2.900871992530031,3
Santa Cruz de Monte Castelo,2012,24,8019,18.11,20348.17,cobertura baixa,48.98,78.0,48.98,78.0,9.920746260537204,2.896464271895322,4
Santa Cruz de Monte Castelo,2013,24,8222,18.56,22230.6,cobertura baixa,48.98,78.0,48.98,78.0,10.00922499714731,2.9210087273580543,5
Santa Cruz de Monte Castelo,2014,11,8194,18.5,22786.43,cobertura baixa,48.98,78.0,48.98,78.0,10.033920462316726,2.917770732084279,6
Santa Cruz de Monte Castelo,2015,17,8166,18.44,24301.13,cobertura baixa,48.98,78.0,48.98,78.0,10.098278130305065,2.914522218128448,7
Santa Cruz de Monte Castelo,2016,5,8140,18.38,32326.54,cobertura baixa,48.98,78.0,48.98,78.0,10.38364384364988,2.911263116927541,8
Santa Cruz de Monte Castelo,2017,3,8113,18.32,31165.66,cobertura baixa,48.98,78.0,48.98,78.0,10.34707212662179,2.9079933592459843,9
Santa Cruz de Monte Castelo,2018,1,7849,17.72,33464.9,cobertura baixa,48.98,78.0,48.98,78.0,10.418252407333654,2.8746939451769347,10
Santa Cruz de Monte Castelo,2019,7,7800,17.61,35237.18,cobertura baixa,48.98,78.0,48.98,78.0,10.469857054146653,2.8684669225081145,11
Santa Cruz de Monte Castelo,2020,6,7751,17.5,46477.36,cobertura baixa,48.98,78.0,48.98,78.0,10.746720591289627,2.8622008809294686,12
Santa Cruz de Monte Castelo,2021,7,7705,17.4,48682.15,cobertura baixa,48.98,78.0,48.98,78.0,10.793067712108098,2.856470206220483,13
Santa Cruz de Monte Castelo,2022,15,8072,18.23,43929.76,cobertura baixa,48.98,78.0,48.98,78.0,10.690347273717935,2.9030685886905716,14
Santa Cruz de Monte Castelo,2023,28,8439,19.05,45879.25,cobertura baixa,48.98,78.0,48.98,78.0,10.73376822411754,2.94706710157271,15
Santa Cruz de Monte Castelo,2024,42,8806,19.88,43967.18,cobertura baixa,48.98,78.0,48.98,78.0,10.69119872548089,2.989714201228428,16
Santa Cruz de Monte Castelo,2025,27,8840,19.96,43798.08,cobertura baixa,48.98,78.0,48.98,78.0,10.68734525978729,2.993730270883318,17
Santa Cruz de Monte Castelo,2026,5,8840,19.96,43798.08,cobertura baixa,48.98,78.0,48.98,78.0,10.68734525978729,2.993730270883318,18
Santa Fé,2008,140,10224,36.92,10379.69,cobertura alta,68.77,91.26,68.77,91.26,9.247606291148667,3.6087534096346516,0
Santa Fé,2009,155,10354,37.39,10297.95,cobertura alta,68.77,91.26,68.77,91.26,9.239700125282589,3.6214032889890224,1
Santa Fé,2010,238,10453,37.75,11255.05,cobertura alta,68.77,91.26,68.77,91.26,9.328572195800978,3.6309854756950335,2
Santa Fé,2011,248,10552,38.11,15666.22,cobertura alta,68.77,91.26,68.77,91.26,9.659262080979351,3.640476714885769,3
Santa Fé,2012,248,10668,38.53,17098.52,cobertura alta,68.77,91.26,68.77,91.26,9.746747189037507,3.6514371586380663,4
Santa Fé,2013,174,11158,40.3,18766.36,cobertura alta,68.77,91.26,68.77,91.26,9.83982118429596,3.696351468952637,5
Santa Fé,2014,148,11297,40.8,18697.88,cobertura alta,68.77,91.26,68.77,91.26,9.836165427431972,3.708682081410116,6
Santa Fé,2015,135,11431,41.28,19394.28,cobertura alta,68.77,91.26,68.77,91.26,9.872733456215155,3.720378121173307,7
Santa Fé,2016,4,11562,41.76,20189.41,cobertura alta,68.77,91.26,68.77,91.26,9.912913488492581,3.731938943574383,8
Santa Fé,2017,4,11691,42.22,22104.27,cobertura alta,68.77,91.26,68.77,91.26,10.003526081512364,3.7428940424201746,9
Santa Fé,2018,0,11885,42.92,22753.47,cobertura alta,68.77,91.26,68.77,91.26,10.032472940220492,3.759337917762498,10
Santa Fé,2019,6,12037,43.47,22826.04,cobertura alta,68.77,91.26,68.77,91.26,10.035657268499637,3.772071045000701,11
Santa Fé,2020,0,12186,44.01,24863.94,cobertura alta,68.77,91.26,68.77,91.26,10.121173840037049,3.784416880823,12
Santa Fé,2021,3,12330,44.53,25926.52,cobertura alta,68.77,91.26,68.77,91.26,10.163021662044398,3.796163119333611,13
Santa Fé,2022,3,12110,43.73,29271.92,cobertura alta,68.77,91.26,68.77,91.26,10.284383973708152,3.778034365424829,14
Santa Fé,2023,2,11889,42.94,37842.21,cobertura alta,68.77,91.26,68.77,91.26,10.541180425265875,3.759803792450635,15
Santa Fé,2024,5,11669,42.14,38555.66,cobertura alta,68.77,91.26,68.77,91.26,10.559858190522826,3.740997408376043,16
Santa Fé,2025,1,11730,42.36,38355.16,cobertura alta,68.77,91.26,68.77,91.26,10.554644347939904,3.7462045207332055,17
Santa Fé,2026,0,11730,42.36,38355.16,cobertura alta,68.77,91.26,68.77,91.26,10.554644347939904,3.7462045207332055,18
Santa Helena,2008,186,23872,31.57,15717.28,cobertura baixa,43.95,50.69,43.95,50.69,9.662516023022306,3.4522073025699003,0
Santa Helena,2009,166,24198,32.0,13791.72,cobertura baixa,43.95,50.69,43.95,50.69,9.531823691073264,3.4657359027997265,1
Santa Helena,2010,168,23918,31.63,17272.85,cobertura baixa,43.95,50.69,43.95,50.69,9.756891183582168,3.4541060373175574,2
Santa Helena,2011,79,23638,31.26,20692.7,cobertura baixa,43.95,50.69,43.95,50.69,9.937536260050525,3.4423393249933305,3
Santa Helena,2012,77,23855,31.55,21984.32,cobertura baixa,43.95,50.69,43.95,50.69,9.998084750956895,3.4515735889872223,4
Santa Helena,2013,92,24895,32.93,25195.22,cobertura baixa,43.95,50.69,43.95,50.69,10.134409572967824,3.494384096388273,5
Santa Helena,2014,61,25159,33.27,27749.0,cobertura baixa,43.95,50.69,43.95,50.69,10.230955082489231,3.5046560900303856,6
Santa Helena,2015,45,25415,33.61,30515.21,cobertura baixa,43.95,50.69,43.95,50.69,10.325980526816295,3.5148236417370144,7
Santa Helena,2016,76,25665,33.94,33300.25,cobertura baixa,43.95,50.69,43.95,50.69,10.413320183447862,3.52459425980608,8
Santa Helena,2017,69,25911,34.27,33043.65,cobertura baixa,43.95,50.69,43.95,50.69,10.40558469368828,3.5342703358865175,9
Santa Helena,2018,43,26206,34.66,35652.98,cobertura baixa,43.95,50.69,43.95,50.69,10.481588012811788,3.54558628428746,10
Santa Helena,2019,27,26490,35.04,36926.61,cobertura baixa,43.95,50.69,43.95,50.69,10.51668770834478,3.5564902660681907,11
Santa Helena,2020,25,26767,35.4,45163.67,cobertura baixa,43.95,50.69,43.95,50.69,10.718048281569263,3.5667118201397288,12
Santa Helena,2021,9,27036,35.76,54194.07,cobertura baixa,43.95,50.69,43.95,50.69,10.900326771847975,3.576829950305313,13
Santa Helena,2022,30,26804,35.45,58222.77,cobertura baixa,43.95,50.69,43.95,50.69,10.972031794319648,3.5681232529781366,14
Santa Helena,2023,15,26573,35.14,61756.07,cobertura baixa,43.95,50.69,43.95,50.69,11.030947549254277,3.559340082758951,15
Santa Helena,2024,29,26341,34.84,62299.99,cobertura baixa,43.95,50.69,43.95,50.69,11.039716544261887,3.5507661519843023,16
Santa Helena,2025,46,26461,35.0,62017.46,cobertura baixa,43.95,50.69,43.95,50.69,11.035171237284983,3.5553480614894135,17
Santa Helena,2026,29,26461,35.0,62017.46,cobertura baixa,43.95,50.69,43.95,50.69,11.035171237284983,3.5553480614894135,18
Santa Inês,2008,14,1904,12.1,10147.06,sem rede,,86.65,0.0,86.65,9.224939287339357,2.4932054526026954,0
Santa Inês,2009,8,1882,11.96,10883.63,sem rede,,86.65,0.0,86.65,9.295015104470465,2.481567748522486,1
Santa Inês,2010,12,1840,11.69,12520.65,sem rede,,86.65,0.0,86.65,9.43513456023936,2.458733775483977,2
Santa Inês,2011,4,1797,11.42,16139.12,sem rede,,86.65,0.0,86.65,9.689001417413099,2.435366204227864,3
Santa Inês,2012,8,1776,11.28,15425.11,sem rede,,86.65,0.0,86.65,9.64375198002855,2.423031246069913,4
Santa Inês,2013,4,1804,11.46,19850.89,sem rede,,86.65,0.0,86.65,9.89600412138226,2.4388627112865935,5
Santa Inês,2014,3,1784,11.33,19042.6,sem rede,,86.65,0.0,86.65,9.85443385364447,2.427454075039915,6
Santa Inês,2015,4,1765,11.21,18571.1,sem rede,,86.65,0.0,86.65,9.829361887918203,2.4168062370840686,7
Santa Inês,2016,3,1746,11.09,24351.66,sem rede,,86.65,0.0,86.65,10.100355298671698,2.4060438013622756,8
Santa Inês,2017,2,1727,10.97,28506.08,sem rede,,86.65,0.0,86.65,10.257872676837756,2.395164274287139,9
Santa Inês,2018,5,1624,10.32,25286.95,sem rede,,86.65,0.0,86.65,10.138043731363048,2.334083760053417,10
Santa Inês,2019,0,1596,10.14,27474.94,sem rede,,86.65,0.0,86.65,10.22102959546598,2.316487998163037,11
Santa Inês,2020,2,1594,10.13,32580.93,sem rede,,86.65,0.0,86.65,10.391482426868338,2.315501318260592,12
Santa Inês,2021,1,1568,9.96,32834.82,sem rede,,86.65,0.0,86.65,10.399244816654816,2.298577071596507,13
Santa Inês,2022,3,1632,10.37,36105.39,sem rede,,86.65,0.0,86.65,10.494197440654945,2.3389170222414357,14
Santa Inês,2023,0,1696,10.78,50209.32,sem rede,,86.65,0.0,86.65,10.823955945818142,2.377692565480851,15
Santa Inês,2024,2,1760,11.18,48383.52,sem rede,,86.65,0.0,86.65,10.786914538855074,2.414126467726953,16
Santa Inês,2025,1,1745,11.09,48799.43,sem rede,,86.65,0.0,86.65,10.795473911445153,2.4060438013622756,17
Santa Inês,2026,1,1745,11.09,48799.43,sem rede,,86.65,0.0,86.65,10.795473911445153,2.4060438013622756,18
Santa Isabel do Ivaí,2008,52,8678,24.77,8239.46,cobertura alta,75.21,86.8,75.21,86.8,9.01669008677549,3.209633243501268,0
Santa Isabel do Ivaí,2009,37,8621,24.61,8842.59,cobertura alta,75.21,86.8,75.21,86.8,9.087335099144887,3.2031528644029645,1
Santa Isabel do Ivaí,2010,44,8676,24.77,9566.27,cobertura alta,75.21,86.8,75.21,86.8,9.165998648805338,3.209633243501268,2
Santa Isabel do Ivaí,2011,40,8730,24.92,10312.03,cobertura alta,75.21,86.8,75.21,86.8,9.241066453846754,3.2156706939192525,3
Santa Isabel do Ivaí,2012,47,8701,24.84,12115.5,cobertura alta,75.21,86.8,75.21,86.8,9.40224090355046,3.212455257065278,4
Santa Isabel do Ivaí,2013,42,8935,25.51,14467.38,cobertura alta,75.21,86.8,75.21,86.8,9.57965173896051,3.23907053215372,5
Santa Isabel do Ivaí,2014,48,8915,25.45,15739.54,cobertura alta,75.21,86.8,75.21,86.8,9.663931296639637,3.2367157429965316,6
Santa Isabel do Ivaí,2015,57,8896,25.4,17498.65,cobertura alta,75.21,86.8,75.21,86.8,9.7698790140788,3.2347491740244907,7
Santa Isabel do Ivaí,2016,112,8877,25.34,19341.78,cobertura alta,75.21,86.8,75.21,86.8,9.870022802000662,3.232384174892993,8
Santa Isabel do Ivaí,2017,36,8858,25.29,21432.83,cobertura alta,75.21,86.8,75.21,86.8,9.97267913761156,3.2304090606818736,9
Santa Isabel do Ivaí,2018,36,8603,24.56,22903.64,cobertura alta,75.21,86.8,75.21,86.8,10.03905112887587,3.2011191032789417,10
Santa Isabel do Ivaí,2019,6,8562,24.44,22090.4,cobertura alta,75.21,86.8,75.21,86.8,10.00289840399128,3.1962211343033946,11
Santa Isabel do Ivaí,2020,16,8523,24.33,28833.98,cobertura alta,75.21,86.8,75.21,86.8,10.269309831746028,3.1917101567954314,12
Santa Isabel do Ivaí,2021,15,8484,24.22,29835.34,cobertura alta,75.21,86.8,75.21,86.8,10.303448875902644,3.1871787381249463,13
Santa Isabel do Ivaí,2022,20,8676,24.77,29479.48,cobertura alta,75.21,86.8,75.21,86.8,10.291449707070361,3.209633243501268,14
Santa Isabel do Ivaí,2023,43,8867,25.31,33121.91,cobertura alta,75.21,86.8,75.21,86.8,10.407950275918525,3.2311995745570328,15
Santa Isabel do Ivaí,2024,61,9059,25.86,32419.91,cobertura alta,75.21,86.8,75.21,86.8,10.386528019221656,3.2526973733437115,16
Santa Isabel do Ivaí,2025,35,9043,25.82,32477.28,cobertura alta,75.21,86.8,75.21,86.8,10.388296046926538,3.2511493854184965,17
Santa Isabel do Ivaí,2026,3,9043,25.82,32477.28,cobertura alta,75.21,86.8,75.21,86.8,10.388296046926538,3.2511493854184965,18
Santa Izabel do Oeste,2008,50,11753,36.52,10160.55,cobertura baixa,45.62,64.37,45.62,64.37,9.226267853525556,3.597860055726768,0
Santa Izabel do Oeste,2009,30,11747,36.5,9969.1,cobertura baixa,45.62,64.37,45.62,64.37,9.207245588068792,3.597312260588446,1
Santa Izabel do Oeste,2010,53,12494,38.83,11673.84,cobertura baixa,45.62,64.37,45.62,64.37,9.365105719999091,3.659193143743576,2
Santa Izabel do Oeste,2011,34,13242,41.15,12875.7,cobertura baixa,45.62,64.37,45.62,64.37,9.46309709298604,3.717223927123079,3
Santa Izabel do Oeste,2012,47,13347,41.48,13700.23,cobertura baixa,45.62,64.37,45.62,64.37,9.525167899996461,3.7252113833613265,4
Santa Izabel do Oeste,2013,23,13908,43.22,17165.16,cobertura baixa,45.62,64.37,45.62,64.37,9.750637027141678,3.76630335107874,5
Santa Izabel do Oeste,2014,23,14039,43.63,17577.25,cobertura baixa,45.62,64.37,45.62,64.37,9.774360731244252,3.775744987135518,6
Santa Izabel do Oeste,2015,21,14165,44.02,18513.38,cobertura baixa,45.62,64.37,45.62,64.37,9.826248992895302,3.7846440760983158,7
Santa Izabel do Oeste,2016,21,14289,44.4,19961.58,cobertura baixa,45.62,64.37,45.62,64.37,9.901564705049234,3.7932394694381792,8
Santa Izabel do Oeste,2017,14,14411,44.78,21722.64,cobertura baixa,45.62,64.37,45.62,64.37,9.986110313622964,3.8017616111706087,9
Santa Izabel do Oeste,2018,6,14521,45.12,22155.09,cobertura baixa,45.62,64.37,45.62,64.37,10.00582254591376,3.8093256071898036,10
Santa Izabel do Oeste,2019,17,14659,45.55,23137.59,cobertura baixa,45.62,64.37,45.62,64.37,10.049213846663491,3.8188106237059674,11
Santa Izabel do Oeste,2020,4,14794,45.97,25748.41,cobertura baixa,45.62,64.37,45.62,64.37,10.156128156612606,3.8279890098181366,12
Santa Izabel do Oeste,2021,6,14924,46.38,31291.34,cobertura baixa,45.62,64.37,45.62,64.37,10.35109666092972,3.8368683318273855,13
Santa Izabel do Oeste,2022,12,14744,45.82,27031.54,cobertura baixa,45.62,64.37,45.62,64.37,10.20475961138044,3.8247206770253497,14
Santa Izabel do Oeste,2023,10,14565,45.26,35295.5,cobertura baixa,45.62,64.37,45.62,64.37,10.47151075604174,3.8124236402053913,15
Santa Izabel do Oeste,2024,25,14385,44.7,35737.16,cobertura baixa,45.62,64.37,45.62,64.37,10.483946322769292,3.7999735016195233,16
Santa Izabel do Oeste,2025,14,14462,44.94,35546.88,cobertura baixa,45.62,64.37,45.62,64.37,10.478607667666846,3.8053282667571833,17
Santa Izabel do Oeste,2026,1,14462,44.94,35546.88,cobertura baixa,45.62,64.37,45.62,64.37,10.478607667666846,3.8053282667571833,18
Santa Lúcia,2008,33,3781,29.77,9752.71,sem rede,,74.19,0.0,74.19,9.185300474089253,3.393501175027685,0
Santa Lúcia,2009,28,3743,29.47,10035.53,sem rede,,74.19,0.0,74.19,9.213887074982754,3.3833727967496032,1
Santa Lúcia,2010,17,3826,30.13,14526.92,sem rede,,74.19,0.0,74.19,9.583758758870731,3.40552135314221,2
Santa Lúcia,2011,2,3910,30.79,18216.62,sem rede,,74.19,0.0,74.19,9.81008964317666,3.427189961936409,3
Santa Lúcia,2012,3,3895,30.67,20221.05,sem rede,,74.19,0.0,74.19,9.914479420009593,3.4232849781261603,4
Santa Lúcia,2013,2,3997,31.47,22486.87,sem rede,,74.19,0.0,74.19,10.020686862302142,3.4490347110763153,5
Santa Lúcia,2014,3,3986,31.39,23218.77,sem rede,,74.19,0.0,74.19,10.05271628227261,3.4464893708538624,6
Santa Lúcia,2015,5,3976,31.31,23335.01,sem rede,,74.19,0.0,74.19,10.057710086924642,3.443937535338314,7
Santa Lúcia,2016,5,3965,31.22,27681.46,sem rede,,74.19,0.0,74.19,10.228518154005343,3.441058915087286,8
Santa Lúcia,2017,1,3955,31.14,25141.34,sem rede,,74.19,0.0,74.19,10.132268782235299,3.4384931664058525,9
Santa Lúcia,2018,3,3834,30.19,28147.37,sem rede,,74.19,0.0,74.19,10.24520920113922,3.4075107437187473,10
Santa Lúcia,2019,3,3813,30.02,30452.4,sem rede,,74.19,0.0,74.19,10.323920087766078,3.401863826205316,11
Santa Lúcia,2020,5,3793,29.87,38485.9,sem rede,,74.19,0.0,74.19,10.558047219429678,3.3968546322280186,12
Santa Lúcia,2021,1,3795,29.88,36919.1,sem rede,,74.19,0.0,74.19,10.516484311288245,3.3971893602646164,13
Santa Lúcia,2022,6,3749,29.52,41763.94,sem rede,,74.19,0.0,74.19,10.63978856676497,3.385067999732272,14
Santa Lúcia,2023,4,3703,29.16,42718.88,sem rede,,74.19,0.0,74.19,10.662396256061934,3.3727979071404572,15
Santa Lúcia,2024,3,3657,28.8,43256.22,sem rede,,74.19,0.0,74.19,10.674896317048537,3.3603753871419,16
Santa Lúcia,2025,4,3638,28.65,43482.13,sem rede,,74.19,0.0,74.19,10.680105328075749,3.3551534431607486,17
Santa Lúcia,2026,0,3638,28.65,43482.13,sem rede,,74.19,0.0,74.19,10.680105328075749,3.3551534431607486,18
Santa Maria do Oeste,2008,40,11590,13.83,6202.67,sem rede,,37.26,0.0,37.26,8.732735123493459,2.626840145676667,0
Santa Maria do Oeste,2009,29,11369,13.56,6069.14,sem rede,,37.26,0.0,37.26,8.710972193620542,2.6071242825122494,1
Santa Maria do Oeste,2010,86,11352,13.54,6446.35,sem rede,,37.26,0.0,37.26,8.77126935813994,2.605648267484129,2
Santa Maria do Oeste,2011,43,11336,13.52,7765.7,sem rede,,37.26,0.0,37.26,8.957471879620142,2.604170070614818,3
Santa Maria do Oeste,2012,101,11178,13.34,8336.29,sem rede,,37.26,0.0,37.26,9.028373552255593,2.590767040487478,4
Santa Maria do Oeste,2013,56,11315,13.5,10586.57,sem rede,,37.26,0.0,37.26,9.267341495668907,2.6026896854443837,5
Santa Maria do Oeste,2014,32,11159,13.31,13508.02,sem rede,,37.26,0.0,37.26,9.511038862108448,2.58851563240702,6
Santa Maria do Oeste,2015,27,11009,13.13,13773.0,sem rede,,37.26,0.0,37.26,9.530465432917332,2.574899688314705,7
Santa Maria do Oeste,2016,28,10861,12.96,16587.15,sem rede,,37.26,0.0,37.26,9.716383578191776,2.561867690924129,8
Santa Maria do Oeste,2017,25,10716,12.78,17242.44,sem rede,,37.26,0.0,37.26,9.755129065525576,2.5478814489493886,9
Santa Maria do Oeste,2018,29,9824,11.72,18031.96,sem rede,,37.26,0.0,37.26,9.799901017998481,2.4612967841488667,10
Santa Maria do Oeste,2019,8,9615,11.47,16936.56,sem rede,,37.26,0.0,37.26,9.737229877926996,2.4397349311412793,11
Santa Maria do Oeste,2020,4,9410,11.23,21873.11,sem rede,,37.26,0.0,37.26,9.99301330749312,2.418588768750352,12
Santa Maria do Oeste,2021,2,9210,10.99,29023.89,sem rede,,37.26,0.0,37.26,10.275874562940757,2.39698576841553,13
Santa Maria do Oeste,2022,9,9468,11.3,34449.2,sem rede,,37.26,0.0,37.26,10.44724105411121,2.424802725718295,14
Santa Maria do Oeste,2023,3,9727,11.6,36295.47,sem rede,,37.26,0.0,37.26,10.49944821907717,2.451005098112319,15
Santa Maria do Oeste,2024,8,9985,11.91,35357.64,sem rede,,37.26,0.0,37.26,10.47326977244278,2.477378383367209,16
Santa Maria do Oeste,2025,5,9869,11.77,35773.23,sem rede,,37.26,0.0,37.26,10.484955127309695,2.4655539212721855,17
Santa Maria do Oeste,2026,1,9869,11.77,35773.23,sem rede,,37.26,0.0,37.26,10.484955127309695,2.4655539212721855,18
Santa Mariana,2008,26,12143,28.36,12580.99,cobertura alta,83.06,88.83,83.06,88.83,9.439942223501438,3.344979701663927,0
Santa Mariana,2009,13,11996,28.01,9530.43,cobertura alta,83.06,88.83,83.06,88.83,9.162245116301904,3.332561589272017,1
Santa Mariana,2010,13,12176,28.44,12247.78,cobertura alta,83.06,88.83,83.06,88.83,9.413099975059936,3.34779660493504,2
Santa Mariana,2011,11,12356,28.86,15094.93,cobertura alta,83.06,88.83,83.06,88.83,9.62211420483307,3.3624565533457247,3
Santa Mariana,2012,18,12279,28.68,16082.25,cobertura alta,83.06,88.83,83.06,88.83,9.68547145831745,3.3562000157314196,4
Santa Mariana,2013,7,12562,29.34,20152.13,cobertura alta,83.06,88.83,83.06,88.83,9.911065268984247,3.3789517727148355,5
Santa Mariana,2014,1,12496,29.18,18906.53,cobertura alta,83.06,88.83,83.06,88.83,9.847262644020942,3.3734835430946397,6
Santa Mariana,2015,8,12432,29.03,23884.73,cobertura alta,83.06,88.83,83.06,88.83,10.080994621594375,3.3683297780365384,7
Santa Mariana,2016,59,12369,28.89,26095.97,cobertura alta,83.06,88.83,83.06,88.83,10.169536175258663,3.363495514478144,8
Santa Mariana,2017,163,12307,28.74,27733.0,cobertura alta,83.06,88.83,83.06,88.83,10.23037831883819,3.358289880650879,9
Santa Mariana,2018,155,11829,27.62,28615.44,cobertura alta,83.06,88.83,83.06,88.83,10.261701711275744,3.318540147981146,10
Santa Mariana,2019,181,11724,27.38,31133.91,cobertura alta,83.06,88.83,83.06,88.83,10.346052857861226,3.3098128198603027,11
Santa Mariana,2020,163,11622,27.14,37821.46,cobertura alta,83.06,88.83,83.06,88.83,10.54063194538061,3.301008654406723,12
Santa Mariana,2021,176,11523,26.91,42789.72,cobertura alta,83.06,88.83,83.06,88.83,10.664053165804503,3.2924979647388146,13
Santa Mariana,2022,298,11360,26.53,40635.3,cobertura alta,83.06,88.83,83.06,88.83,10.612392425958133,3.2782761681496484,14
Santa Mariana,2023,52,11197,26.15,44472.72,cobertura alta,83.06,88.83,83.06,88.83,10.702631246464472,3.263849190510932,15
Santa Mariana,2024,41,11034,25.77,45129.69,cobertura alta,83.06,88.83,83.06,88.83,10.717295623752474,3.2492110246642736,16
Santa Mariana,2025,38,10941,25.55,45513.3,cobertura alta,83.06,88.83,83.06,88.83,10.725759869917779,3.2406373166497136,17
Santa Mariana,2026,9,10941,25.55,45513.3,cobertura alta,83.06,88.83,83.06,88.83,10.725759869917779,3.2406373166497136,18
Santa Mônica,2008,18,3603,13.83,9056.34,sem rede,,75.42,0.0,75.42,9.11122034390781,2.626840145676667,0
Santa Mônica,2009,16,3642,13.98,8450.58,sem rede,,75.42,0.0,75.42,9.041990357048922,2.637627736805664,1
Santa Mônica,2010,10,3622,13.9,10161.24,sem rede,,75.42,0.0,75.42,9.226335760929409,2.631888840136646,2
Santa Mônica,2011,11,3601,13.82,10552.07,sem rede,,75.42,0.0,75.42,9.264077328188641,2.626116818339524,3
Santa Mônica,2012,16,3629,13.93,11579.22,sem rede,,75.42,0.0,75.42,9.356967391345414,2.6340447877917144,4
Santa Mônica,2013,16,3780,14.5,14679.37,sem rede,,75.42,0.0,75.42,9.594198385716274,2.6741486494265287,5
Santa Mônica,2014,25,3815,14.64,16076.02,sem rede,,75.42,0.0,75.42,9.685083999658888,2.6837575085331657,6
Santa Mônica,2015,22,3849,14.77,15816.58,sem rede,,75.42,0.0,75.42,9.668814035902898,2.6925980965432883,7
Santa Mônica,2016,25,3882,14.9,19106.65,sem rede,,75.42,0.0,75.42,9.857791720977735,2.7013612129514133,8
Santa Mônica,2017,14,3915,15.02,20901.92,sem rede,,75.42,0.0,75.42,9.947596299762186,2.7093826463359885,9
Santa Mônica,2018,27,3944,15.13,22625.0,sem rede,,75.42,0.0,75.42,10.026810768568128,2.7166795278002644,10
Santa Mônica,2019,12,3981,15.28,21220.05,sem rede,,75.42,0.0,75.42,9.96270176843287,2.7265447837383743,11
Santa Mônica,2020,5,4017,15.41,23827.98,sem rede,,75.42,0.0,75.42,10.07861579939956,2.7350166493320245,12
Santa Mônica,2021,1,4052,15.55,22460.27,sem rede,,75.42,0.0,75.42,10.019503249591505,2.744060638625243,13
Santa Mônica,2022,4,3826,14.68,23726.08,sem rede,,75.42,0.0,75.42,10.074330144043738,2.6864860231863696,14
Santa Mônica,2023,12,3599,13.81,32084.19,sem rede,,75.42,0.0,75.42,10.37611866442415,2.6253929674212007,15
Santa Mônica,2024,36,3373,12.94,34233.92,sem rede,,75.42,0.0,75.42,10.440972244394786,2.5603232890727545,16
Santa Mônica,2025,23,3361,12.9,34356.14,sem rede,,75.42,0.0,75.42,10.444536029857439,2.5572273113676265,17
Santa Mônica,2026,4,3361,12.9,34356.14,sem rede,,75.42,0.0,75.42,10.444536029857439,2.5572273113676265,18
Santa Tereza do Oeste,2008,6,9462,28.95,14471.89,cobertura baixa,46.69,90.7,46.69,90.7,9.579963426161777,3.3655702040190043,0
Santa Tereza do Oeste,2009,3,9320,28.52,14817.17,cobertura baixa,46.69,90.7,46.69,90.7,9.603541922450603,3.3506055955460954,1
Santa Tereza do Oeste,2010,3,9810,30.02,16649.64,cobertura baixa,46.69,90.7,46.69,90.7,9.720143873553218,3.401863826205316,2
Santa Tereza do Oeste,2011,2,10300,31.52,20637.18,cobertura baixa,46.69,90.7,46.69,90.7,9.93484958235408,3.4506222649896783,3
Santa Tereza do Oeste,2012,3,10269,31.42,22550.69,cobertura baixa,46.69,90.7,46.69,90.7,10.023520943132318,3.4474446328274753,4
Santa Tereza do Oeste,2013,0,10548,32.28,29430.6,cobertura baixa,46.69,90.7,46.69,90.7,10.289790228379536,3.474447843401748,5
Santa Tereza do Oeste,2014,1,10528,32.22,30656.82,cobertura baixa,46.69,90.7,46.69,90.7,10.330610428847091,3.472587377748828,6
Santa Tereza do Oeste,2015,0,10509,32.16,29454.09,cobertura baixa,46.69,90.7,46.69,90.7,10.29058805889358,3.4707234443107655,7
Santa Tereza do Oeste,2016,2,10489,32.1,34475.93,cobertura baixa,46.69,90.7,46.69,90.7,10.44801667836727,3.4688560301359703,8
Santa Tereza do Oeste,2017,1,10471,32.04,34005.25,cobertura baixa,46.69,90.7,46.69,90.7,10.434270203442734,3.4669851222001586,9
Santa Tereza do Oeste,2018,1,10182,31.16,36647.52,cobertura baixa,46.69,90.7,46.69,90.7,10.509101037903855,3.4391352210025476,10
Santa Tereza do Oeste,2019,0,10139,31.03,37598.38,cobertura baixa,46.69,90.7,46.69,90.7,10.534716243343413,3.434954478460289,11
Santa Tereza do Oeste,2020,0,10096,30.89,52218.8,cobertura baixa,46.69,90.7,46.69,90.7,10.86319786228782,3.43043250693049,12
Santa Tereza do Oeste,2021,1,10055,30.77,57891.1,cobertura baixa,46.69,90.7,46.69,90.7,10.966318938447195,3.4265401893339504,13
Santa Tereza do Oeste,2022,1,11286,34.53,60134.41,cobertura baixa,46.69,90.7,46.69,90.7,11.004337502438583,3.541828511401901,14
Santa Tereza do Oeste,2023,1,12518,38.3,56983.14,cobertura baixa,46.69,90.7,46.69,90.7,10.950510713588669,3.6454498961866,15
Santa Tereza do Oeste,2024,1,13749,42.07,51881.23,cobertura baixa,46.69,90.7,46.69,90.7,10.856712346707548,3.7393348976024297,16
Santa Tereza do Oeste,2025,1,13938,42.65,51177.72,cobertura baixa,46.69,90.7,46.69,90.7,10.843059560069642,3.753027273937688,17
Santa Tereza do Oeste,2026,1,13938,42.65,51177.72,cobertura baixa,46.69,90.7,46.69,90.7,10.843059560069642,3.753027273937688,18
Santa Terezinha de Itaipu,2008,11,20354,75.69,11011.4,cobertura alta,90.94,91.6,90.94,91.6,9.306686378762825,4.326646051321076,0
Santa Terezinha de Itaipu,2009,7,20539,76.38,12350.99,cobertura alta,90.94,91.6,90.94,91.6,9.421491500786646,4.3357208817973705,1
Santa Terezinha de Itaipu,2010,11,20785,77.3,11637.29,cobertura alta,90.94,91.6,90.94,91.6,9.361969876309725,4.3476939555933765,2
Santa Terezinha de Itaipu,2011,4,21031,78.21,13524.65,cobertura alta,90.94,91.6,90.94,91.6,9.512269225376144,4.35939751661352,3
Santa Terezinha de Itaipu,2012,11,21215,78.9,15480.08,cobertura alta,90.94,91.6,90.94,91.6,9.647309315089021,4.368181227851829,4
Santa Terezinha de Itaipu,2013,3,22127,82.29,18387.67,cobertura alta,90.94,91.6,90.94,91.6,9.819435610278239,4.410249593617622,5
Santa Terezinha de Itaipu,2014,5,22353,83.13,20643.18,cobertura alta,90.94,91.6,90.94,91.6,9.935140277495414,4.420405647542997,6
Santa Terezinha de Itaipu,2015,2,22570,83.93,22894.33,cobertura alta,90.94,91.6,90.94,91.6,10.038644560631548,4.429983118094737,7
Santa Terezinha de Itaipu,2016,4,22783,84.73,23009.17,cobertura alta,90.94,91.6,90.94,91.6,10.043648111105467,4.439469730210373,8
Santa Terezinha de Itaipu,2017,4,22992,85.5,21106.3,cobertura alta,90.94,91.6,90.94,91.6,9.95732685309761,4.448516375942715,9
Santa Terezinha de Itaipu,2018,5,23224,86.37,22534.32,cobertura alta,90.94,91.6,90.94,91.6,10.022794759386572,4.458640393292194,10
Santa Terezinha de Itaipu,2019,4,23465,87.26,24847.3,cobertura alta,90.94,91.6,90.94,91.6,10.12050437371026,4.468892167695464,11
Santa Terezinha de Itaipu,2020,2,23699,88.13,24990.25,cobertura alta,90.94,91.6,90.94,91.6,10.126241027780559,4.478812997111569,12
Santa Terezinha de Itaipu,2021,1,23927,88.98,28726.42,cobertura alta,90.94,91.6,90.94,91.6,10.26557253578581,4.488411625377895,13
Santa Terezinha de Itaipu,2022,3,24303,90.38,28665.47,cobertura alta,90.94,91.6,90.94,91.6,10.263448541510176,4.504023003983134,14
Santa Terezinha de Itaipu,2023,3,24679,91.78,31003.85,cobertura alta,90.94,91.6,90.94,91.6,10.34186666930429,4.519394408966687,15
Santa Terezinha de Itaipu,2024,6,25055,93.18,30538.58,cobertura alta,90.94,91.6,90.94,91.6,10.326746081293466,4.5345331063886505,16
Santa Terezinha de Itaipu,2025,4,25300,94.09,30242.85,cobertura alta,90.94,91.6,90.94,91.6,10.317015071884336,4.544251771018675,17
Santa Terezinha de Itaipu,2026,1,25300,94.09,30242.85,cobertura alta,90.94,91.6,90.94,91.6,10.317015071884336,4.544251771018675,18
Santana do Itararé,2008,2,5696,22.61,8024.75,cobertura baixa,42.22,75.07,42.22,75.07,8.990285794864988,3.1183922862898785,0
Santana do Itararé,2009,1,5697,22.62,7723.19,cobertura baixa,42.22,75.07,42.22,75.07,8.951982770105307,3.1188344706879745,1
Santana do Itararé,2010,2,5458,21.67,8268.78,cobertura baixa,42.22,75.07,42.22,75.07,9.020242255974598,3.075928815548268,2
Santana do Itararé,2011,3,5220,20.72,11360.73,cobertura baixa,42.22,75.07,42.22,75.07,9.337917950773901,3.031099417391282,3
Santana do Itararé,2012,2,5191,20.61,12553.84,cobertura baixa,42.22,75.07,42.22,75.07,9.437781873854409,3.0257763949023677,4
Santana do Itararé,2013,1,5315,21.1,15517.4,cobertura baixa,42.22,75.07,42.22,75.07,9.649717253930005,3.0492730404820207,5
Santana do Itararé,2014,0,5291,21.0,13912.87,cobertura baixa,42.22,75.07,42.22,75.07,9.540569590019023,3.044522437723423,6
Santana do Itararé,2015,1,5267,20.91,15901.27,cobertura baixa,42.22,75.07,42.22,75.07,9.674154259232385,3.0402275134405423,7
Santana do Itararé,2016,1,5244,20.82,18663.23,cobertura baixa,42.22,75.07,42.22,75.07,9.834310556956519,3.035914063186823,8
Santana do Itararé,2017,2,5222,20.73,18761.2,cobertura baixa,42.22,75.07,42.22,75.07,9.839546186399348,3.0315819264476884,9
Santana do Itararé,2018,0,5031,19.97,19137.55,cobertura baixa,42.22,75.07,42.22,75.07,9.859407652633983,2.994231147427724,10
Santana do Itararé,2019,3,4992,19.82,19784.25,cobertura baixa,42.22,75.07,42.22,75.07,9.89264144559533,2.986691528901842,11
Santana do Itararé,2020,0,4954,19.67,27970.93,cobertura baixa,42.22,75.07,42.22,75.07,10.238921035553858,2.979094632400968,12
Santana do Itararé,2021,0,4916,19.52,34906.63,cobertura baixa,42.22,75.07,42.22,75.07,10.460432061494952,2.9714395809849465,13
Santana do Itararé,2022,0,5153,20.46,38016.3,cobertura baixa,42.22,75.07,42.22,75.07,10.54577029410532,3.0184717605234805,14
Santana do Itararé,2023,1,5391,21.4,34138.75,cobertura baixa,42.22,75.07,42.22,75.07,10.438188381735536,3.0633909220278057,15
Santana do Itararé,2024,0,5628,22.34,32701.14,cobertura baixa,42.22,75.07,42.22,75.07,10.395165218662987,3.1063787936410545,16
Santana do Itararé,2025,0,5646,22.41,32596.88,cobertura baixa,42.22,75.07,42.22,75.07,10.39197185725326,3.1095072878128356,17
Santana do Itararé,2026,1,5646,22.41,32596.88,cobertura baixa,42.22,75.07,42.22,75.07,10.39197185725326,3.1095072878128356,18
Santo Antônio da Platina,2008,301,41844,57.85,9184.52,cobertura alta,91.15,91.88,91.15,91.88,9.125274737165544,4.0578534536396855,0
Santo Antônio da Platina,2009,219,42002,58.07,11063.16,cobertura alta,91.15,91.88,91.15,91.88,9.311375948553486,4.061649179383958,1
Santo Antônio da Platina,2010,194,42461,58.7,11933.35,cobertura alta,91.15,91.88,91.15,91.88,9.387092280367751,4.072439726834051,2
Santo Antônio da Platina,2011,141,42920,59.34,13650.7,cobertura alta,91.15,91.88,91.15,91.88,9.52154608134951,4.083283614862676,3
Santo Antônio da Platina,2012,174,43125,59.62,15003.2,cobertura alta,91.15,91.88,91.15,91.88,9.616018790665361,4.087991088249925,4
Santo Antônio da Platina,2013,205,44754,61.87,17745.94,cobertura alta,91.15,91.88,91.15,91.88,9.783912036345951,4.125035409542898,5
Santo Antônio da Platina,2014,312,45031,62.26,19421.98,cobertura alta,91.15,91.88,91.15,91.88,9.874160693393703,4.131319165013462,6
Santo Antônio da Platina,2015,211,45299,62.63,21578.89,cobertura alta,91.15,91.88,91.15,91.88,9.97947080097393,4.137244396537321,7
Santo Antônio da Platina,2016,253,45562,62.99,22075.98,cobertura alta,91.15,91.88,91.15,91.88,10.002245418597756,4.142975983633837,8
Santo Antônio da Platina,2017,201,45819,63.35,24917.13,cobertura alta,91.15,91.88,91.15,91.88,10.123310797729658,4.148674906767148,9
Santo Antônio da Platina,2018,208,45728,63.22,26464.18,cobertura alta,91.15,91.88,91.15,91.88,10.183547399493152,4.146620706787472,10
Santo Antônio da Platina,2019,186,45993,63.59,27059.88,cobertura alta,91.15,91.88,91.15,91.88,10.205807467125146,4.152456225279317,11
Santo Antônio da Platina,2020,174,46251,63.94,29010.23,cobertura alta,91.15,91.88,91.15,91.88,10.275403805384608,4.157945143631696,12
Santo Antônio da Platina,2021,88,46503,64.29,32376.34,cobertura alta,91.15,91.88,91.15,91.88,10.385183188106687,4.163404098153595,13
Santo Antônio da Platina,2022,136,46180,63.85,38547.34,cobertura alta,91.15,91.88,91.15,91.88,10.559642375313759,4.156536582478548,14
Santo Antônio da Platina,2023,82,45857,63.4,40078.59,cobertura alta,91.15,91.88,91.15,91.88,10.59859755549921,4.14946386144318,15
Santo Antônio da Platina,2024,80,45534,62.95,40362.89,cobertura alta,91.15,91.88,91.15,91.88,10.605666077454039,4.142340760490356,16
Santo Antônio da Platina,2025,61,45628,63.08,40279.74,cobertura alta,91.15,91.88,91.15,91.88,10.60360389199538,4.1444037620948375,17
Santo Antônio da Platina,2026,38,45628,63.08,40279.74,cobertura alta,91.15,91.88,91.15,91.88,10.60360389199538,4.1444037620948375,18
Santo Antônio do Caiuá,2008,13,2748,12.51,7710.33,sem rede,,97.04,0.0,97.04,8.950316267197834,2.5265283244788197,0
Santo Antônio do Caiuá,2009,8,2733,12.44,8074.28,sem rede,,97.04,0.0,97.04,8.996438980028817,2.5209170873110334,1
Santo Antônio do Caiuá,2010,9,2724,12.4,9486.05,sem rede,,97.04,0.0,97.04,9.15757757734921,2.517696472610991,2
Santo Antônio do Caiuá,2011,3,2716,12.36,9196.61,sem rede,,97.04,0.0,97.04,9.126590216871467,2.514465452029545,3
Santo Antônio do Caiuá,2012,0,2705,12.31,10564.88,sem rede,,97.04,0.0,97.04,9.26529057172725,2.510411940196362,4
Santo Antônio do Caiuá,2013,1,2774,12.63,12727.11,sem rede,,97.04,0.0,97.04,9.451489642997048,2.5360749363624,5
Santo Antônio do Caiuá,2014,5,2765,12.59,13639.42,sem rede,,97.04,0.0,97.04,9.520719408499232,2.532902848056256,6
Santo Antônio do Caiuá,2015,4,2757,12.55,14674.28,sem rede,,97.04,0.0,97.04,9.5938515804603,2.529720665577793,7
Santo Antônio do Caiuá,2016,5,2749,12.51,16443.43,sem rede,,97.04,0.0,97.04,9.707681284317987,2.5265283244788197,8
Santo Antônio do Caiuá,2017,6,2741,12.48,19130.61,sem rede,,97.04,0.0,97.04,9.85904494901426,2.5241273629412815,9
Santo Antônio do Caiuá,2018,5,2656,12.09,18422.44,sem rede,,97.04,0.0,97.04,9.821324765748892,2.492378664626701,10
Santo Antônio do Caiuá,2019,5,2641,12.02,19315.41,sem rede,,97.04,0.0,97.04,9.86865850190072,2.4865719291070616,11
Santo Antônio do Caiuá,2020,3,2626,11.95,19988.96,sem rede,,97.04,0.0,97.04,9.902935400128039,2.4807312783775197,12
Santo Antônio do Caiuá,2021,0,2611,11.88,20703.18,sem rede,,97.04,0.0,97.04,9.938042590643033,2.474856313934499,13
Santo Antônio do Caiuá,2022,0,2573,11.71,22645.16,sem rede,,97.04,0.0,97.04,10.027701421542742,2.460443177609626,14
Santo Antônio do Caiuá,2023,4,2534,11.53,27634.96,sem rede,,97.04,0.0,97.04,10.226836916826475,2.4449523342809676,15
Santo Antônio do Caiuá,2024,9,2496,11.36,28055.69,sem rede,,97.04,0.0,97.04,10.241946742429057,2.4300984132930052,16
Santo Antônio do Caiuá,2025,5,2474,11.26,28305.17,sem rede,,97.04,0.0,97.04,10.25079975245873,2.421256622711544,17
Santo Antônio do Caiuá,2026,2,2474,11.26,28305.17,sem rede,,97.04,0.0,97.04,10.25079975245873,2.421256622711544,18
Santo Antônio do Paraíso,2008,12,2361,14.11,17273.61,sem rede,,93.38,0.0,93.38,9.75693518230158,2.6468837658647226,0
Santo Antônio do Paraíso,2009,4,2315,13.84,14787.04,sem rede,,93.38,0.0,93.38,9.601506400448613,2.6275629501895237,1
Santo Antônio do Paraíso,2010,11,2347,14.03,14834.26,sem rede,,93.38,0.0,93.38,9.604694649445046,2.6411978941143697,2
Santo Antônio do Paraíso,2011,3,2379,14.22,19340.48,sem rede,,93.38,0.0,93.38,9.869955587727219,2.6546494243750947,3
Santo Antônio do Paraíso,2012,7,2351,14.05,22016.59,sem rede,,93.38,0.0,93.38,9.999551539065852,2.642622395779755,4
Santo Antônio do Paraíso,2013,3,2387,14.27,26152.07,sem rede,,93.38,0.0,93.38,10.171683625059993,2.658159431488745,5
Santo Antônio do Paraíso,2014,0,2359,14.1,21340.4,sem rede,,93.38,0.0,93.38,9.968357268822531,2.6461747973841225,6
Santo Antônio do Paraíso,2015,0,2333,13.95,26492.5,sem rede,,93.38,0.0,93.38,10.184616953048991,2.6354795082673745,7
Santo Antônio do Paraíso,2016,4,2307,13.79,28274.82,sem rede,,93.38,0.0,93.38,10.249726934916312,2.6239436918052106,8
Santo Antônio do Paraíso,2017,5,2281,13.63,31873.74,sem rede,,93.38,0.0,93.38,10.369537752267656,2.612273245708441,9
Santo Antônio do Paraíso,2018,5,2144,12.82,40834.89,sem rede,,93.38,0.0,93.38,10.617292142021146,2.551006451492524,10
Santo Antônio do Paraíso,2019,1,2106,12.59,32926.88,sem rede,,93.38,0.0,93.38,10.402044624449857,2.532902848056256,11
Santo Antônio do Paraíso,2020,1,2068,12.36,44149.9,sem rede,,93.38,0.0,93.38,10.695345941023879,2.514465452029545,12
Santo Antônio do Paraíso,2021,0,2032,12.15,52604.33,sem rede,,93.38,0.0,93.38,10.87055371472938,2.4973291697865574,13
Santo Antônio do Paraíso,2022,0,2060,12.31,59899.51,sem rede,,93.38,0.0,93.38,11.000423603769582,2.510411940196362,14
Santo Antônio do Paraíso,2023,1,2088,12.48,54980.36,sem rede,,93.38,0.0,93.38,10.914731309533376,2.5241273629412815,15
Santo Antônio do Paraíso,2024,3,2116,12.65,54252.84,sem rede,,93.38,0.0,93.38,10.901410620262896,2.5376572151735295,16
Santo Antônio do Paraíso,2025,5,2088,12.48,54980.36,sem rede,,93.38,0.0,93.38,10.914731309533376,2.5241273629412815,17
Santo Antônio do Paraíso,2026,0,2088,12.48,54980.36,sem rede,,93.38,0.0,93.38,10.914731309533376,2.5241273629412815,18
Santo Antônio do Sudoeste,2008,284,19260,59.03,7787.85,cobertura baixa,55.47,66.38,55.47,66.38,8.960320105905991,4.078045789252598,0
Santo Antônio do Sudoeste,2009,242,19386,59.41,8823.74,cobertura baixa,55.47,66.38,55.47,66.38,9.08520109540404,4.08446256236765,1
Santo Antônio do Sudoeste,2010,228,19179,58.78,9374.68,cobertura baixa,55.47,66.38,55.47,66.38,9.145767716922723,4.073801660990771,2
Santo Antônio do Sudoeste,2011,183,18972,58.14,12212.68,cobertura baixa,55.47,66.38,55.47,66.38,9.41023003523935,4.06285389513073,3
Santo Antônio do Sudoeste,2012,198,19048,58.38,13428.86,cobertura baixa,55.47,66.38,55.47,66.38,9.505161401327637,4.0669733654259685,4
Santo Antônio do Sudoeste,2013,196,19748,60.52,17934.32,cobertura baixa,55.47,66.38,55.47,66.38,9.79447147455566,4.102973888920155,5
Santo Antônio do Sudoeste,2014,134,19855,60.85,20329.49,cobertura baixa,55.47,66.38,55.47,66.38,9.919827820228047,4.108411819433536,6
Santo Antônio do Sudoeste,2015,90,19958,61.16,20774.13,cobertura baixa,55.47,66.38,55.47,66.38,9.941463741590454,4.113493381060861,7
Santo Antônio do Sudoeste,2016,115,20059,61.47,24229.02,cobertura baixa,55.47,66.38,55.47,66.38,10.095306367264184,4.118549250918918,8
Santo Antônio do Sudoeste,2017,84,20158,61.78,25158.99,cobertura baixa,55.47,66.38,55.47,66.38,10.13297056692436,4.123579687490436,9
Santo Antônio do Sudoeste,2018,142,20069,61.5,25232.7,cobertura baixa,55.47,66.38,55.47,66.38,10.135896051367146,4.119037174812473,10
Santo Antônio do Sudoeste,2019,183,20166,61.8,24884.81,cobertura baixa,55.47,66.38,55.47,66.38,10.122012856141948,4.123903364463645,11
Santo Antônio do Sudoeste,2020,142,20261,62.09,28539.51,cobertura baixa,55.47,66.38,55.47,66.38,10.259044721997666,4.128584945376802,12
Santo Antônio do Sudoeste,2021,131,20354,62.38,31850.74,cobertura baixa,55.47,66.38,55.47,66.38,10.368815894639354,4.133244711179657,13
Santo Antônio do Sudoeste,2022,175,21784,66.76,30549.94,cobertura baixa,55.47,66.38,55.47,66.38,10.32711800060436,4.2011040987936346,14
Santo Antônio do Sudoeste,2023,141,23214,71.14,34671.58,cobertura baixa,55.47,66.38,55.47,66.38,10.453675610181774,4.264649766520309,15
Santo Antônio do Sudoeste,2024,170,24644,75.53,32659.71,cobertura baixa,55.47,66.38,55.47,66.38,10.3938974871219,4.324529928325356,16
Santo Antônio do Sudoeste,2025,134,24980,76.56,32220.42,cobertura baixa,55.47,66.38,55.47,66.38,10.380355692027756,4.338074747144699,17
Santo Antônio do Sudoeste,2026,59,24980,76.56,32220.42,cobertura baixa,55.47,66.38,55.47,66.38,10.380355692027756,4.338074747144699,18
Santo Inácio,2008,65,4982,17.74,21459.86,cobertura baixa,62.19,90.48,62.19,90.48,9.973939492398266,2.8758219768814333,0
Santo Inácio,2009,68,4956,17.64,21565.58,cobertura baixa,62.19,90.48,62.19,90.48,9.978853804152681,2.8701690505786455,1
Santo Inácio,2010,67,5116,18.21,28373.73,cobertura baixa,62.19,90.48,62.19,90.48,10.253218996072796,2.9019708937395166,2
Santo Inácio,2011,37,5276,18.78,34069.56,cobertura baixa,62.19,90.48,62.19,90.48,10.436159595984005,2.932792473780117,3
Santo Inácio,2012,8,5282,18.8,33679.1,cobertura baixa,62.19,90.48,62.19,90.48,10.42463274590896,2.9338568698359038,4
Santo Inácio,2013,6,5455,19.42,42148.49,cobertura baixa,62.19,90.48,62.19,90.48,10.648954138351755,2.966303462863179,5
Santo Inácio,2014,14,5468,19.47,38684.35,cobertura baixa,62.19,90.48,62.19,90.48,10.56319040446421,2.968874819384108,6
Santo Inácio,2015,13,5481,19.51,49739.65,cobertura baixa,62.19,90.48,62.19,90.48,10.81455768074237,2.97092715463502,7
Santo Inácio,2016,8,5494,19.56,68158.72,cobertura baixa,62.19,90.48,62.19,90.48,11.12959438198414,2.9734866646066713,8
Santo Inácio,2017,9,5506,19.6,57881.4,cobertura baixa,62.19,90.48,62.19,90.48,10.966151368428017,2.975529566236472,9
Santo Inácio,2018,14,5431,19.33,53762.29,cobertura baixa,62.19,90.48,62.19,90.48,10.892327571016008,2.9616582932202395,10
Santo Inácio,2019,7,5438,19.36,62224.16,cobertura baixa,62.19,90.48,62.19,90.48,11.038498627747327,2.963209081848431,11
Santo Inácio,2020,3,5416,19.28,93244.83,cobertura baixa,62.19,90.48,62.19,90.48,11.442983893609828,2.9590682891823996,12
Santo Inácio,2021,3,5422,19.3,98139.43,cobertura baixa,62.19,90.48,62.19,90.48,11.494144501597681,2.9601050959108397,13
Santo Inácio,2022,2,5747,20.46,121531.23,cobertura baixa,62.19,90.48,62.19,90.48,11.707926545771418,3.0184717605234805,14
Santo Inácio,2023,1,6072,21.62,137800.89,cobertura baixa,62.19,90.48,62.19,90.48,11.833565096176542,3.073618812211062,15
Santo Inácio,2024,4,6397,22.77,130799.91,cobertura baixa,62.19,90.48,62.19,90.48,11.781424029931603,3.125443880075648,16
Santo Inácio,2025,4,6463,23.01,129464.18,cobertura baixa,62.19,90.48,62.19,90.48,11.771159519543652,3.1359289040472746,17
Santo Inácio,2026,0,6463,23.01,129464.18,cobertura baixa,62.19,90.48,62.19,90.48,11.771159519543652,3.1359289040472746,18
Sapopema,2008,21,6812,10.03,7380.65,cobertura baixa,43.69,68.5,43.69,68.5,8.906616989596824,2.305580601973844,0
Sapopema,2009,11,6800,10.01,6942.5,cobertura baixa,43.69,68.5,43.69,68.5,8.845417219180955,2.303584593327129,1
Sapopema,2010,8,6763,9.96,7558.63,cobertura baixa,43.69,68.5,43.69,68.5,8.93044523582059,2.298577071596507,2
Sapopema,2011,14,6726,9.9,8382.4,cobertura baixa,43.69,68.5,43.69,68.5,9.033889548653955,2.2925347571405443,3
Sapopema,2012,5,6716,9.89,9309.11,cobertura baixa,43.69,68.5,43.69,68.5,9.138748769568322,2.2915241456346207,4
Sapopema,2013,7,6912,10.18,10949.94,cobertura baixa,43.69,68.5,43.69,68.5,9.30108925577758,2.3204250111223765,5
Sapopema,2014,4,6910,10.17,12023.59,cobertura baixa,43.69,68.5,43.69,68.5,9.394625832381717,2.3194422100604686,6
Sapopema,2015,4,6908,10.17,13261.29,cobertura baixa,43.69,68.5,43.69,68.5,9.492604544075842,2.3194422100604686,7
Sapopema,2016,2,6906,10.17,14183.61,cobertura baixa,43.69,68.5,43.69,68.5,9.559842351606147,2.3194422100604686,8
Sapopema,2017,2,6905,10.16,14868.21,cobertura baixa,43.69,68.5,43.69,68.5,9.606980655611181,2.318458442150336,9
Sapopema,2018,3,6751,9.94,15952.9,cobertura baixa,43.69,68.5,43.69,68.5,9.677395909867887,2.2965670206684825,10
Sapopema,2019,3,6736,9.92,15982.33,cobertura baixa,43.69,68.5,43.69,68.5,9.679239015950495,2.2945529212967815,11
Sapopema,2020,2,6722,9.9,20161.71,cobertura baixa,43.69,68.5,43.69,68.5,9.911540540016743,2.2925347571405443,12
Sapopema,2021,1,6708,9.87,22939.77,cobertura baixa,43.69,68.5,43.69,68.5,10.040627364477912,2.28949985344539,13
Sapopema,2022,1,6733,9.91,23407.99,cobertura baixa,43.69,68.5,43.69,68.5,10.06083269605544,2.2935443483418965,14
Sapopema,2023,4,6759,9.95,27078.41,cobertura baixa,43.69,68.5,43.69,68.5,10.206492010383664,2.2975725511705014,15
Sapopema,2024,4,6784,9.99,26978.63,cobertura baixa,43.69,68.5,43.69,68.5,10.202800350118146,2.301584592660462,16
Sapopema,2025,8,6778,9.98,27002.51,cobertura baixa,43.69,68.5,43.69,68.5,10.20368510362864,2.300583090323373,17
Sapopema,2026,1,6778,9.98,27002.51,cobertura baixa,43.69,68.5,43.69,68.5,10.20368510362864,2.300583090323373,18
Sarandi,2008,366,83486,804.3,6274.06,cobertura alta,68.31,99.51,68.31,99.51,8.744178951981912,6.689972333910023,0
Sarandi,2009,236,84651,815.52,6685.72,cobertura alta,68.31,99.51,68.31,99.51,8.807729187550914,6.703825946591731,1
Sarandi,2010,348,84188,811.06,8623.24,cobertura alta,68.31,99.51,68.31,99.51,9.062216163105886,6.698342034116187,2
Sarandi,2011,293,83724,806.59,9860.6,cobertura alta,68.31,99.51,68.31,99.51,9.196302297672256,6.692815484643596,3
Sarandi,2012,228,84573,814.77,11419.22,cobertura alta,68.31,99.51,68.31,99.51,9.343053179651447,6.702905864823569,4
Sarandi,2013,210,88365,851.3,13208.37,cobertura alta,68.31,99.51,68.31,99.51,9.488605998532856,6.7467645928900115,5
Sarandi,2014,98,89388,861.16,13688.16,cobertura alta,68.31,99.51,68.31,99.51,9.524286504574432,6.758280317593128,6
Sarandi,2015,54,90376,870.67,14688.47,cobertura alta,68.31,99.51,68.31,99.51,9.594818111258993,6.769263030204804,7
Sarandi,2016,46,91344,880.0,15504.46,cobertura alta,68.31,99.51,68.31,99.51,9.64888300345305,6.779921907472252,8
Sarandi,2017,61,94181,907.33,15472.02,cobertura alta,68.31,99.51,68.31,99.51,9.646788510349944,6.810506220767266,9
Sarandi,2018,99,95543,920.45,16617.66,cobertura alta,68.31,99.51,68.31,99.51,9.718221264273176,6.824862680892571,10
Sarandi,2019,47,96688,931.48,17875.9,cobertura alta,68.31,99.51,68.31,99.51,9.791208715945057,6.836774719065035,11
Sarandi,2020,31,97803,942.23,18526.98,cobertura alta,68.31,99.51,68.31,99.51,9.826983327043843,6.84824940613264,12
Sarandi,2021,3,98888,952.68,20960.43,cobertura alta,68.31,99.51,68.31,99.51,9.95039165349172,6.859279065525023,13
Sarandi,2022,6,107854,1039.06,20961.01,cobertura alta,68.31,99.51,68.31,99.51,9.950419324296922,6.946071737266341,14
Sarandi,2023,4,116819,1125.42,20533.39,cobertura alta,68.31,99.51,68.31,99.51,9.929807620589953,7.025911578300305,15
Sarandi,2024,9,125785,1211.8,19069.76,cobertura alta,68.31,99.51,68.31,99.51,9.855859113302895,7.099862136510889,16
Sarandi,2025,17,128106,1234.16,18724.26,cobertura alta,68.31,99.51,68.31,99.51,9.837575288245365,7.118145855703684,17
Sarandi,2026,7,128106,1234.16,18724.26,cobertura alta,68.31,99.51,68.31,99.51,9.837575288245365,7.118145855703684,18
Saudade do Iguaçu,2008,24,5137,33.71,145632.66,sem rede,,66.68,0.0,66.68,11.888842702777094,3.5177945292459696,0
Saudade do Iguaçu,2009,39,5187,34.04,148393.1,sem rede,,66.68,0.0,66.68,11.907620112677574,3.5275363037051735,1
Saudade do Iguaçu,2010,38,5124,33.62,193637.98,sem rede,,66.68,0.0,66.68,12.173745612270238,3.5151211279804695,2
Saudade do Iguaçu,2011,14,5061,33.21,194926.1,sem rede,,66.68,0.0,66.68,12.18037579135798,3.5028510353886553,3
Saudade do Iguaçu,2012,37,5092,33.41,220812.84,sem rede,,66.68,0.0,66.68,12.305070743868217,3.508855256368665,4
Saudade do Iguaçu,2013,31,5293,34.73,202810.88,sem rede,,66.68,0.0,66.68,12.2200291981753,3.5476038667559826,5
Saudade do Iguaçu,2014,80,5333,34.99,105312.58,sem rede,,66.68,0.0,66.68,11.564688159172446,3.5550623063795967,6
Saudade do Iguaçu,2015,53,5372,35.25,114150.04,sem rede,,66.68,0.0,66.68,11.645269002373999,3.5624655292582776,7
Saudade do Iguaçu,2016,37,5410,35.5,148364.51,sem rede,,66.68,0.0,66.68,11.907427430170873,3.56953269648137,8
Saudade do Iguaçu,2017,6,5448,35.75,165129.96,sem rede,,66.68,0.0,66.68,12.014488079223613,3.5765502691400166,9
Saudade do Iguaçu,2018,18,5459,35.82,145265.98,sem rede,,66.68,0.0,66.68,11.886321685874412,3.578506396632566,10
Saudade do Iguaçu,2019,37,5500,36.09,161559.09,sem rede,,66.68,0.0,66.68,11.992626237079163,3.586015818654697,11
Saudade do Iguaçu,2020,28,5539,36.35,125758.26,sem rede,,66.68,0.0,66.68,11.742116771689455,3.5931942039795284,12
Saudade do Iguaçu,2021,29,5578,36.6,140967.73,sem rede,,66.68,0.0,66.68,11.85628627791843,3.6000482404073204,13
Saudade do Iguaçu,2022,37,5833,38.27,199174.7,sem rede,,66.68,0.0,66.68,12.201937608034303,3.644666299437611,14
Saudade do Iguaçu,2023,34,6087,39.94,187847.38,sem rede,,66.68,0.0,66.68,12.143385103606475,3.6873783279876693,15
Saudade do Iguaçu,2024,3,6342,41.61,180294.39,sem rede,,66.68,0.0,66.68,12.10234629389868,3.72834052299485,16
Saudade do Iguaçu,2025,10,6413,42.08,178298.3,sem rede,,66.68,0.0,66.68,12.09121326931335,3.7395725684294545,17
Saudade do Iguaçu,2026,6,6413,42.08,178298.3,sem rede,,66.68,0.0,66.68,12.09121326931335,3.7395725684294545,18
Sengés,2008,27,20213,13.99,11960.32,cobertura alta,73.07,83.55,73.07,83.55,9.389349782999535,2.63834278867739,0
Sengés,2009,27,20445,14.15,10377.65,cobertura alta,73.07,83.55,73.07,83.55,9.24740973417108,2.649714624089247,1
Sengés,2010,59,19454,13.46,12962.37,cobertura alta,73.07,83.55,73.07,83.55,9.469805823557888,2.599722324216582,2
Sengés,2011,15,18463,12.78,15315.6,cobertura alta,73.07,83.55,73.07,83.55,9.636627195776645,2.5478814489493886,3
Sengés,2012,4,18511,12.81,16669.17,cobertura alta,73.07,83.55,73.07,83.55,9.721316184463282,2.550226115908643,4
Sengés,2013,10,19154,13.26,18070.59,cobertura alta,73.07,83.55,73.07,83.55,9.802041033855684,2.5847519847577165,5
Sengés,2014,15,19229,13.31,18966.72,cobertura alta,73.07,83.55,73.07,83.55,9.85044114339315,2.58851563240702,6
Sengés,2015,10,19302,13.36,19554.04,cobertura alta,73.07,83.55,73.07,83.55,9.88093719368079,2.5922651681085,7
Sengés,2016,1,19373,13.41,23242.97,cobertura alta,73.07,83.55,73.07,83.55,10.053757999702412,2.596000697293587,8
Sengés,2017,1,19443,13.46,24444.89,cobertura alta,73.07,83.55,73.07,83.55,10.104176475104891,2.599722324216582,9
Sengés,2018,0,19267,13.33,23760.78,cobertura alta,73.07,83.55,73.07,83.55,10.075791601220573,2.5900171341906173,10
Sengés,2019,0,19327,13.38,23133.54,cobertura alta,73.07,83.55,73.07,83.55,10.04903879150446,2.5937610547000824,11
Sengés,2020,0,19385,13.42,28423.78,cobertura alta,73.07,83.55,73.07,83.55,10.254981397732829,2.5967461315435356,12
Sengés,2021,1,19441,13.45,34195.26,cobertura alta,73.07,83.55,73.07,83.55,10.439842316954087,2.598979106047848,13
Sengés,2022,0,18742,12.97,34817.79,cobertura alta,73.07,83.55,73.07,83.55,10.457883742037387,2.5626389983283526,14
Sengés,2023,0,18043,12.49,38293.19,cobertura alta,73.07,83.55,73.07,83.55,10.553027352570725,2.5249283241374862,15
Sengés,2024,1,17344,12.0,39836.49,cobertura alta,73.07,83.55,73.07,83.55,10.59253860540765,2.4849066497880004,16
Sengés,2025,6,17256,11.94,40039.64,cobertura alta,73.07,83.55,73.07,83.55,10.597625242379747,2.479894107964456,17
Sengés,2026,0,17256,11.94,40039.64,cobertura alta,73.07,83.55,73.07,83.55,10.597625242379747,2.479894107964456,18
Serranópolis do Iguaçu,2008,35,4400,9.1,20200.91,sem rede,,64.11,0.0,64.11,9.913482931879548,2.2082744135228043,0
Serranópolis do Iguaçu,2009,14,4362,9.02,19116.0,sem rede,,64.11,0.0,64.11,9.85828095969805,2.199444334074532,1
Serranópolis do Iguaçu,2010,15,4458,9.22,23300.36,sem rede,,64.11,0.0,64.11,10.056224090078208,2.2213750375685026,2
Serranópolis do Iguaçu,2011,11,4555,9.42,25320.53,sem rede,,64.11,0.0,64.11,10.13937080810855,2.2428350885882717,3
Serranópolis do Iguaçu,2012,9,4543,9.4,26702.84,sem rede,,64.11,0.0,64.11,10.192525205772967,2.2407096892759584,4
Serranópolis do Iguaçu,2013,16,4667,9.65,36447.83,sem rede,,64.11,0.0,64.11,10.503637202056927,2.2669579153508947,5
Serranópolis do Iguaçu,2014,5,4659,9.64,40891.82,sem rede,,64.11,0.0,64.11,10.618685322028226,2.265921108622454,6
Serranópolis do Iguaçu,2015,7,4652,9.62,40738.39,sem rede,,64.11,0.0,64.11,10.614926170099562,2.263844264677615,7
Serranópolis do Iguaçu,2016,9,4645,9.61,41001.94,sem rede,,64.11,0.0,64.11,10.621374661640198,2.262804222982201,8
Serranópolis do Iguaçu,2017,14,4637,9.59,35717.27,sem rede,,64.11,0.0,64.11,10.483389604298127,2.2607208888953467,9
Serranópolis do Iguaçu,2018,12,4513,9.34,43091.73,sem rede,,64.11,0.0,64.11,10.671086378330294,2.234306252240751,10
Serranópolis do Iguaçu,2019,23,4495,9.3,46886.1,sem rede,,64.11,0.0,64.11,10.755476535240017,2.2300144001592104,11
Serranópolis do Iguaçu,2020,5,4477,9.26,54685.95,sem rede,,64.11,0.0,64.11,10.909362099841161,2.225704048658088,12
Serranópolis do Iguaçu,2021,6,4460,9.23,65320.4,sem rede,,64.11,0.0,64.11,11.087059670764365,2.222459048514761,13
Serranópolis do Iguaçu,2022,12,4686,9.69,48418.27,sem rede,,64.11,0.0,64.11,10.787632500816164,2.2710944259026746,14
Serranópolis do Iguaçu,2023,7,4912,10.16,55491.25,sem rede,,64.11,0.0,64.11,10.923980629647593,2.318458442150336,15
Serranópolis do Iguaçu,2024,10,5138,10.63,53050.41,sem rede,,64.11,0.0,64.11,10.878997872570228,2.363680192353857,16
Serranópolis do Iguaçu,2025,21,5161,10.68,52813.99,sem rede,,64.11,0.0,64.11,10.874531396719302,2.3683728335320486,17
Serranópolis do Iguaçu,2026,11,5161,10.68,52813.99,sem rede,,64.11,0.0,64.11,10.874531396719302,2.3683728335320486,18
Sertaneja,2008,14,5984,13.43,22364.3,sem rede,,92.45,0.0,92.45,10.01522121647259,2.5974910105351463,0
Sertaneja,2009,5,5924,13.3,17708.47,sem rede,,92.45,0.0,92.45,9.781798335175885,2.5877640352277083,1
Sertaneja,2010,12,5844,13.12,23265.91,sem rede,,92.45,0.0,92.45,10.054744478063547,2.574137783515943,2
Sertaneja,2011,9,5763,12.94,31195.38,sem rede,,92.45,0.0,92.45,10.348025285910026,2.5603232890727545,3
Sertaneja,2012,7,5711,12.82,34616.35,sem rede,,92.45,0.0,92.45,10.452081392784967,2.551006451492524,4
Sertaneja,2013,4,5820,13.06,42828.35,sem rede,,92.45,0.0,92.45,10.664955545468548,2.569554123848285,5
Sertaneja,2014,7,5771,12.95,36067.58,sem rede,,92.45,0.0,92.45,10.49314967988082,2.5610957881455465,6
Sertaneja,2015,3,5724,12.85,44606.39,sem rede,,92.45,0.0,92.45,10.705632401288083,2.553343811341229,7
Sertaneja,2016,10,5678,12.75,46392.57,sem rede,,92.45,0.0,92.45,10.744894596081934,2.545531271604435,8
Sertaneja,2017,10,5633,12.64,44963.43,sem rede,,92.45,0.0,92.45,10.713604771693223,2.5368663887187113,9
Sertaneja,2018,5,5355,12.02,53375.72,sem rede,,92.45,0.0,92.45,10.885111239901303,2.4865719291070616,10
Sertaneja,2019,8,5284,11.86,54171.46,sem rede,,92.45,0.0,92.45,10.899909480476298,2.4731713935695794,11
Sertaneja,2020,3,5216,11.71,66221.43,sem rede,,92.45,0.0,92.45,11.100759405552461,2.460443177609626,12
Sertaneja,2021,4,5149,11.56,80879.98,sem rede,,92.45,0.0,92.45,11.3007216064144,2.4475508632442313,13
Sertaneja,2022,5,5322,11.95,69889.7,sem rede,,92.45,0.0,92.45,11.154673564002383,2.4807312783775197,14
Sertaneja,2023,9,5494,12.33,84767.38,sem rede,,92.45,0.0,92.45,11.347666077964263,2.512035317176253,15
Sertaneja,2024,13,5667,12.72,82179.64,sem rede,,92.45,0.0,92.45,11.316662861799916,2.543175557911976,16
Sertaneja,2025,8,5654,12.69,82368.59,sem rede,,92.45,0.0,92.45,11.318959453906057,2.540814281726296,17
Sertaneja,2026,5,5654,12.69,82368.59,sem rede,,92.45,0.0,92.45,11.318959453906057,2.540814281726296,18
Sertanópolis,2008,31,16027,31.62,13909.71,cobertura alta,90.0,100.0,90.0,100.0,9.540342436389592,3.453789831781326,0
Sertanópolis,2009,42,16103,31.77,15606.35,cobertura alta,90.0,100.0,90.0,100.0,9.65543316169678,3.4585224482814247,1
Sertanópolis,2010,60,15890,31.35,17608.43,cobertura alta,90.0,100.0,90.0,100.0,9.776133043625972,3.4452142670789296,2
Sertanópolis,2011,22,15676,30.93,21813.47,cobertura alta,90.0,100.0,90.0,100.0,9.990282947870066,3.4317265866969784,3
Sertanópolis,2012,14,15713,31.0,27739.13,cobertura alta,90.0,100.0,90.0,100.0,10.230599330723797,3.4339872044851463,4
Sertanópolis,2013,11,16255,32.07,31560.44,cobertura alta,90.0,100.0,90.0,100.0,10.359659716560978,3.4679210137050633,5
Sertanópolis,2014,17,16315,32.19,32502.24,cobertura alta,90.0,100.0,90.0,100.0,10.389064289019666,3.4716558453107167,6
Sertanópolis,2015,16,16373,32.3,35572.41,cobertura alta,90.0,100.0,90.0,100.0,10.47932561637237,3.475067230228611,7
Sertanópolis,2016,6,16429,32.41,34558.95,cobertura alta,90.0,100.0,90.0,100.0,10.450421840512007,3.4784670171534557,8
Sertanópolis,2017,6,16485,32.52,43025.17,cobertura alta,90.0,100.0,90.0,100.0,10.669540572263102,3.48185528467961,9
Sertanópolis,2018,8,16323,32.2,42090.12,cobertura alta,90.0,100.0,90.0,100.0,10.647568312794052,3.4719664525503626,10
Sertanópolis,2019,7,16369,32.29,42787.4,cobertura alta,90.0,100.0,90.0,100.0,10.663998945704538,3.4747575847701837,11
Sertanópolis,2020,4,16413,32.38,54136.11,cobertura alta,90.0,100.0,90.0,100.0,10.899256709829608,3.477540948249489,12
Sertanópolis,2021,3,16456,32.46,41977.39,cobertura alta,90.0,100.0,90.0,100.0,10.644886418978759,3.480008562086445,13
Sertanópolis,2022,6,16365,32.28,54743.48,cobertura alta,90.0,100.0,90.0,100.0,10.910413553829365,3.474447843401748,14
Sertanópolis,2023,7,16274,32.1,53086.58,cobertura alta,90.0,100.0,90.0,100.0,10.879679444591448,3.4688560301359703,15
Sertanópolis,2024,14,16183,31.93,53385.1,cobertura alta,90.0,100.0,90.0,100.0,10.885286959796,3.4635460067266908,16
Sertanópolis,2025,4,16210,31.98,53296.18,cobertura alta,90.0,100.0,90.0,100.0,10.883619937791913,3.4651107074058083,17
Sertanópolis,2026,3,16210,31.98,53296.18,cobertura alta,90.0,100.0,90.0,100.0,10.883619937791913,3.4651107074058083,18
Siqueira Campos,2008,113,17293,62.05,10132.71,cobertura alta,79.89,82.34,79.89,82.34,9.223524083676297,4.127940511650616,0
Siqueira Campos,2009,99,17411,62.47,10966.23,cobertura alta,79.89,82.34,79.89,82.34,9.302575829663432,4.134686441505479,1
Siqueira Campos,2010,172,18027,64.68,12580.19,cobertura alta,79.89,82.34,79.89,82.34,9.43987863347901,4.169452034708907,2
Siqueira Campos,2011,150,18643,66.89,14220.19,cobertura alta,79.89,82.34,79.89,82.34,9.562418064730696,4.203049479130317,3
Siqueira Campos,2012,178,18825,67.55,15238.94,cobertura alta,79.89,82.34,79.89,82.34,9.631609273015885,4.212868064406208,4
Siqueira Campos,2013,127,19661,70.55,17850.01,cobertura alta,79.89,82.34,79.89,82.34,9.789759347431717,4.256321678298823,5
Siqueira Campos,2014,139,19881,71.33,19414.77,cobertura alta,79.89,82.34,79.89,82.34,9.873789395585167,4.267316996289947,6
Siqueira Campos,2015,140,20094,72.1,21247.34,cobertura alta,79.89,82.34,79.89,82.34,9.963986990046747,4.278054044290903,7
Siqueira Campos,2016,117,20303,72.85,23226.47,cobertura alta,79.89,82.34,79.89,82.34,10.053047855543438,4.288402532641213,8
Siqueira Campos,2017,141,20508,73.58,25932.03,cobertura alta,79.89,82.34,79.89,82.34,10.163234163166036,4.2983732496766285,9
Siqueira Campos,2018,124,20778,74.55,26060.26,cobertura alta,79.89,82.34,79.89,82.34,10.168166827605274,4.311470041210748,10
Siqueira Campos,2019,122,21016,75.41,26449.23,cobertura alta,79.89,82.34,79.89,82.34,10.182982325331505,4.322939892214555,11
Siqueira Campos,2020,33,21249,76.24,27848.6,cobertura alta,79.89,82.34,79.89,82.34,10.234537974792065,4.333886259345946,12
Siqueira Campos,2021,32,21476,77.06,32899.8,cobertura alta,79.89,82.34,79.89,82.34,10.40122185770763,4.344584339198011,13
Siqueira Campos,2022,38,22221,79.73,35601.46,cobertura alta,79.89,82.34,79.89,82.34,10.48014192723514,4.378645926514404,14
Siqueira Campos,2023,44,22967,82.41,37058.43,cobertura alta,79.89,82.34,79.89,82.34,10.520251135207499,4.411706788775292,15
Siqueira Campos,2024,83,23712,85.08,35894.1,cobertura alta,79.89,82.34,79.89,82.34,10.488328215566284,4.4435919903320364,16
Siqueira Campos,2025,39,24031,86.23,35417.63,cobertura alta,79.89,82.34,79.89,82.34,10.474964997748641,4.457018144964233,17
Siqueira Campos,2026,14,24031,86.23,35417.63,cobertura alta,79.89,82.34,79.89,82.34,10.474964997748641,4.457018144964233,18
Sulina,2008,31,3481,20.36,10953.17,sem rede,,51.87,0.0,51.87,9.301384191065164,3.013572191682322,0
Sulina,2009,37,3434,20.08,10947.0,sem rede,,51.87,0.0,51.87,9.300820725104558,2.9997242948235283,1
Sulina,2010,38,3394,19.85,11467.3,sem rede,,51.87,0.0,51.87,9.347254785726259,2.9882040071331994,2
Sulina,2011,30,3354,19.61,14398.63,sem rede,,51.87,0.0,51.87,9.574888342149212,2.976039640208255,3
Sulina,2012,30,3315,19.39,16123.68,sem rede,,51.87,0.0,51.87,9.688044277848107,2.9647574692545606,4
Sulina,2013,22,3366,19.68,22535.65,sem rede,,51.87,0.0,51.87,10.02285377872918,2.9796028916241073,5
Sulina,2014,17,3329,19.47,21987.98,sem rede,,51.87,0.0,51.87,9.99825121939309,2.968874819384108,6
Sulina,2015,13,3293,19.26,23509.26,sem rede,,51.87,0.0,51.87,10.065149665071063,2.9580304063699794,7
Sulina,2016,9,3257,19.05,28421.55,sem rede,,51.87,0.0,51.87,10.254902939220893,2.94706710157271,8
Sulina,2017,20,3222,18.84,29237.74,sem rede,,51.87,0.0,51.87,10.283215619494912,2.935982269148217,9
Sulina,2018,14,3033,17.74,30706.89,sem rede,,51.87,0.0,51.87,10.332242338362077,2.8758219768814333,10
Sulina,2019,14,2981,17.43,33397.85,sem rede,,51.87,0.0,51.87,10.416246805635389,2.8581928595319295,11
Sulina,2020,12,2930,17.13,48443.69,sem rede,,51.87,0.0,51.87,10.78815737147919,2.8408313123360287,12
Sulina,2021,15,2880,16.84,55041.67,sem rede,,51.87,0.0,51.87,10.915845813716697,2.8237570088141806,13
Sulina,2022,15,3085,18.04,54661.59,sem rede,,51.87,0.0,51.87,10.908916547972266,2.8925915146344776,14
Sulina,2023,21,3290,19.24,58048.33,sem rede,,51.87,0.0,51.87,10.969031218409036,2.9569914452375605,15
Sulina,2024,3,3495,20.44,54643.49,sem rede,,51.87,0.0,51.87,10.908585364825694,3.017493765335504,16
Sulina,2025,5,3498,20.46,54596.63,sem rede,,51.87,0.0,51.87,10.907727438216417,3.0184717605234805,17
Sulina,2026,1,3498,20.46,54596.63,sem rede,,51.87,0.0,51.87,10.907727438216417,3.0184717605234805,18
São Carlos do Ivaí,2008,38,5987,26.54,17660.1,sem rede,,96.9,0.0,96.9,9.779063136656076,3.2786530289040616,0
São Carlos do Ivaí,2009,16,5990,26.55,19518.36,sem rede,,96.9,0.0,96.9,9.879110840044065,3.279029747687948,1
São Carlos do Ivaí,2010,12,6190,27.44,19332.47,sem rede,,96.9,0.0,96.9,9.869541344690962,3.3120018028576843,2
São Carlos do Ivaí,2011,21,6389,28.32,22552.04,sem rede,,96.9,0.0,96.9,10.023580806470985,3.343568268825519,3
São Carlos do Ivaí,2012,21,6422,28.47,24305.82,sem rede,,96.9,0.0,96.9,10.098471106824455,3.3488509012899463,4
São Carlos do Ivaí,2013,10,6668,29.56,28710.71,sem rede,,96.9,0.0,96.9,10.26502550286854,3.386422096080001,5
São Carlos do Ivaí,2014,12,6713,29.76,33409.65,sem rede,,96.9,0.0,96.9,10.416600059390513,3.393165209964891,6
São Carlos do Ivaí,2015,20,6756,29.95,34851.1,sem rede,,96.9,0.0,96.9,10.458839979535593,3.3995293245614584,7
São Carlos do Ivaí,2016,16,6797,30.13,39231.13,sem rede,,96.9,0.0,96.9,10.57722584327512,3.40552135314221,8
São Carlos do Ivaí,2017,27,6839,30.31,43504.02,sem rede,,96.9,0.0,96.9,10.680608626599987,3.4114776910697118,9
São Carlos do Ivaí,2018,16,6834,30.29,45033.8,sem rede,,96.9,0.0,96.9,10.715168597920789,3.410817625039146,10
São Carlos do Ivaí,2019,18,6878,30.49,46156.44,sem rede,,96.9,0.0,96.9,10.739791775157586,3.4173987610001633,11
São Carlos do Ivaí,2020,12,6920,30.67,54737.28,sem rede,,96.9,0.0,96.9,10.910300291919116,3.4232849781261603,12
São Carlos do Ivaí,2021,5,6961,30.86,56892.11,sem rede,,96.9,0.0,96.9,10.948911946176262,3.4294608469350147,13
São Carlos do Ivaí,2022,18,6878,30.49,64374.53,sem rede,,96.9,0.0,96.9,11.07247333696851,3.4173987610001633,14
São Carlos do Ivaí,2023,11,6795,30.12,83566.74,sem rede,,96.9,0.0,96.9,11.33340087302077,3.405189402931693,15
São Carlos do Ivaí,2024,15,6712,29.75,84600.12,sem rede,,96.9,0.0,96.9,11.345690964033025,3.392829131991639,16
São Carlos do Ivaí,2025,9,6727,29.82,84411.48,sem rede,,96.9,0.0,96.9,11.343458690291655,3.3951793093365925,17
São Carlos do Ivaí,2026,3,6727,29.82,84411.48,sem rede,,96.9,0.0,96.9,11.343458690291655,3.3951793093365925,18
São Jerônimo da Serra,2008,110,11900,14.41,8196.05,sem rede,,90.07,0.0,90.07,9.011407609877029,2.667922410011431,0
São Jerônimo da Serra,2009,103,11905,14.41,7272.57,sem rede,,90.07,0.0,90.07,8.891865015623825,2.667922410011431,1
São Jerônimo da Serra,2010,82,11606,14.05,7318.54,sem rede,,90.07,0.0,90.07,8.898166133509939,2.642622395779755,2
São Jerônimo da Serra,2011,61,11306,13.69,11333.63,sem rede,,90.07,0.0,90.07,9.335529691058179,2.6166656393003573,3
São Jerônimo da Serra,2012,45,11275,13.65,11849.49,sem rede,,90.07,0.0,90.07,9.380040107662433,2.613739521630969,4
São Jerônimo da Serra,2013,40,11588,14.03,14271.06,sem rede,,90.07,0.0,90.07,9.565988989422014,2.6411978941143697,5
São Jerônimo da Serra,2014,60,11570,14.01,12868.45,sem rede,,90.07,0.0,90.07,9.462533858216846,2.6397713603489157,6
São Jerônimo da Serra,2015,16,11553,13.99,16142.13,sem rede,,90.07,0.0,90.07,9.689187903376855,2.63834278867739,7
São Jerônimo da Serra,2016,5,11535,13.97,17652.28,sem rede,,90.07,0.0,90.07,9.778620232488878,2.6369121732688705,8
São Jerônimo da Serra,2017,19,11519,13.95,18854.5,sem rede,,90.07,0.0,90.07,9.844506891175902,2.6354795082673745,9
São Jerônimo da Serra,2018,15,11213,13.58,20368.05,sem rede,,90.07,0.0,90.07,9.921722775625282,2.60859812213055,10
São Jerônimo da Serra,2019,12,11170,13.52,19030.62,sem rede,,90.07,0.0,90.07,9.8538045398961,2.604170070614818,11
São Jerônimo da Serra,2020,3,11128,13.47,25639.02,sem rede,,90.07,0.0,90.07,10.151870688775285,2.6004649904222727,12
São Jerônimo da Serra,2021,4,11088,13.43,29120.76,sem rede,,90.07,0.0,90.07,10.27920660087115,2.5974910105351463,13
São Jerônimo da Serra,2022,6,11030,13.36,33568.72,sem rede,,90.07,0.0,90.07,10.421349959965044,2.5922651681085,14
São Jerônimo da Serra,2023,2,10971,13.28,31839.03,sem rede,,90.07,0.0,90.07,10.368448174670137,2.5862591440482876,15
São Jerônimo da Serra,2024,3,10913,13.21,32008.25,sem rede,,90.07,0.0,90.07,10.373748961053932,2.580974118534234,16
São Jerônimo da Serra,2025,5,10884,13.18,32093.53,sem rede,,90.07,0.0,90.07,10.37640973117024,2.578700529074361,17
São Jerônimo da Serra,2026,3,10884,13.18,32093.53,sem rede,,90.07,0.0,90.07,10.37640973117024,2.578700529074361,18
São Jorge d'Oeste,2008,95,9213,24.23,10676.11,sem rede,,67.25,0.0,67.25,9.275763813955786,3.1875915348284343,0
São Jorge d'Oeste,2009,70,9195,24.18,10314.74,sem rede,,67.25,0.0,67.25,9.241329219177011,3.1855258451866466,1
São Jorge d'Oeste,2010,74,9132,24.01,12505.91,sem rede,,67.25,0.0,67.25,9.43395661155569,3.178470410233162,2
São Jorge d'Oeste,2011,36,9068,23.84,15832.71,sem rede,,67.25,0.0,67.25,9.669833332158614,3.171364842197149,3
São Jorge d'Oeste,2012,53,9052,23.8,17864.12,sem rede,,67.25,0.0,67.25,9.790549510917943,3.169685580677429,4
São Jorge d'Oeste,2013,26,9313,24.49,20884.36,sem rede,,67.25,0.0,67.25,9.946755832458866,3.1982648709640764,5
São Jorge d'Oeste,2014,60,9307,24.47,21866.34,sem rede,,67.25,0.0,67.25,9.992703747128092,3.19744787745458,6
São Jorge d'Oeste,2015,49,9302,24.46,24417.11,sem rede,,67.25,0.0,67.25,10.103039395042956,3.1970391302590264,7
São Jorge d'Oeste,2016,45,9296,24.44,27563.68,sem rede,,67.25,0.0,67.25,10.224254243064186,3.1962211343033946,8
São Jorge d'Oeste,2017,44,9291,24.43,26554.95,sem rede,,67.25,0.0,67.25,10.186971449970148,3.195811885269649,9
São Jorge d'Oeste,2018,43,9074,23.86,31136.54,sem rede,,67.25,0.0,67.25,10.346137328103582,3.17220341666977,10
São Jorge d'Oeste,2019,31,9050,23.8,31701.99,sem rede,,67.25,0.0,67.25,10.364134733920276,3.169685580677429,11
São Jorge d'Oeste,2020,72,9028,23.74,39196.17,sem rede,,67.25,0.0,67.25,10.576334316923566,3.167161389181522,12
São Jorge d'Oeste,2021,31,9005,23.68,52563.46,sem rede,,67.25,0.0,67.25,10.869776480519983,3.164630810015805,13
São Jorge d'Oeste,2022,23,9187,24.16,48581.36,sem rede,,67.25,0.0,67.25,10.790995197224005,3.184698373066614,14
São Jorge d'Oeste,2023,1,9368,24.63,56737.94,sem rede,,67.25,0.0,67.25,10.946198401746768,3.2039652121324464,15
São Jorge d'Oeste,2024,2,9550,25.11,55656.65,sem rede,,67.25,0.0,67.25,10.926956846419856,3.2232661731694936,16
São Jorge d'Oeste,2025,1,9587,25.21,55441.85,sem rede,,67.25,0.0,67.25,10.923090002715409,3.2272407411998283,17
São Jorge d'Oeste,2026,2,9587,25.21,55441.85,sem rede,,67.25,0.0,67.25,10.923090002715409,3.2272407411998283,18
São Jorge do Ivaí,2008,40,5406,17.12,21937.29,cobertura alta,84.46,88.58,84.46,88.58,9.99594320751283,2.840247370713596,0
São Jorge do Ivaí,2009,68,5382,17.04,20019.51,cobertura alta,84.46,88.58,84.46,88.58,9.904462577045205,2.8355635214011694,1
São Jorge do Ivaí,2010,58,5447,17.25,24318.16,cobertura alta,84.46,88.58,84.46,88.58,10.098978675323163,2.847812143477369,2
São Jorge do Ivaí,2011,63,5512,17.45,29426.89,cobertura alta,84.46,88.58,84.46,88.58,10.289664161161756,2.859339648648436,3
São Jorge do Ivaí,2012,84,5506,17.44,32815.84,cobertura alta,84.46,88.58,84.46,88.58,10.39866660462987,2.8587664184808337,4
São Jorge do Ivaí,2013,45,5671,17.96,39207.72,cobertura alta,84.46,88.58,84.46,88.58,10.576628945164169,2.8881470628740535,5
São Jorge do Ivaí,2014,40,5673,17.96,38554.56,cobertura alta,84.46,88.58,84.46,88.58,10.559829659933753,2.8881470628740535,6
São Jorge do Ivaí,2015,18,5674,17.97,44857.07,cobertura alta,84.46,88.58,84.46,88.58,10.711236491629936,2.8887037007954675,7
São Jorge do Ivaí,2016,21,5675,17.97,46145.02,cobertura alta,84.46,88.58,84.46,88.58,10.739544325115988,2.8887037007954675,8
São Jorge do Ivaí,2017,23,5676,17.97,46097.6,cobertura alta,84.46,88.58,84.46,88.58,10.738516166892005,2.8887037007954675,9
São Jorge do Ivaí,2018,0,5559,17.6,49975.54,cobertura alta,84.46,88.58,84.46,88.58,10.819288964712925,2.8678989020441064,10
São Jorge do Ivaí,2019,0,5551,17.58,46896.78,cobertura alta,84.46,88.58,84.46,88.58,10.755704295360973,2.866761892257031,11
São Jorge do Ivaí,2020,1,5543,17.55,64400.14,cobertura alta,84.46,88.58,84.46,88.58,11.072871086003126,2.865053949911875,12
São Jorge do Ivaí,2021,0,5535,17.53,72504.97,cobertura alta,84.46,88.58,84.46,88.58,11.191410390217342,2.863913698933143,13
São Jorge do Ivaí,2022,0,5421,17.17,59346.43,cobertura alta,84.46,88.58,84.46,88.58,10.991147246585834,2.843163674909384,14
São Jorge do Ivaí,2023,0,5307,16.8,78635.01,cobertura alta,84.46,88.58,84.46,88.58,11.272572299094653,2.8213788864092133,15
São Jorge do Ivaí,2024,0,5193,16.44,80361.26,cobertura alta,84.46,88.58,84.46,88.58,11.294287498248458,2.799717389628034,16
São Jorge do Ivaí,2025,0,5170,16.37,80718.76,cobertura alta,84.46,88.58,84.46,88.58,11.298726293165197,2.7954503913830435,17
São Jorge do Ivaí,2026,0,5170,16.37,80718.76,cobertura alta,84.46,88.58,84.46,88.58,11.298726293165197,2.7954503913830435,18
São Jorge do Patrocínio,2008,8,6134,15.06,7060.97,cobertura baixa,53.15,76.17,53.15,76.17,8.862337714817334,2.7120422223717475,0
São Jorge do Patrocínio,2009,5,6080,14.92,6552.8,cobertura baixa,53.15,76.17,53.15,76.17,8.787647718201391,2.702702594775615,1
São Jorge do Patrocínio,2010,2,6039,14.82,8480.87,cobertura baixa,53.15,76.17,53.15,76.17,9.045568317863133,2.695977619867941,2
São Jorge do Patrocínio,2011,5,5998,14.72,9642.05,cobertura baixa,53.15,76.17,53.15,76.17,9.173889020598253,2.6892071133007303,3
São Jorge do Patrocínio,2012,13,5956,14.62,10918.4,cobertura baixa,53.15,76.17,53.15,76.17,9.298204718417251,2.6823904543216326,4
São Jorge do Patrocínio,2013,4,6088,14.94,16355.12,cobertura baixa,53.15,76.17,53.15,76.17,9.702296277151314,2.7040421797046714,5
São Jorge do Patrocínio,2014,7,6051,14.85,17960.01,cobertura baixa,53.15,76.17,53.15,76.17,9.795902898648908,2.6979998652487085,6
São Jorge do Patrocínio,2015,7,6015,14.76,17559.6,cobertura baixa,53.15,76.17,53.15,76.17,9.77335608788638,2.6919208191723265,7
São Jorge do Patrocínio,2016,8,5980,14.68,18293.81,cobertura baixa,53.15,76.17,53.15,76.17,9.814318030243495,2.6864860231863696,8
São Jorge do Patrocínio,2017,4,5946,14.59,19667.84,cobertura baixa,53.15,76.17,53.15,76.17,9.886740093457048,2.6803363625346943,9
São Jorge do Patrocínio,2018,8,5698,13.99,20301.68,cobertura baixa,53.15,76.17,53.15,76.17,9.918458920226263,2.63834278867739,10
São Jorge do Patrocínio,2019,5,5641,13.85,22104.59,cobertura baixa,53.15,76.17,53.15,76.17,10.003540558248474,2.6282852326333477,11
São Jorge do Patrocínio,2020,9,5586,13.71,34229.5,cobertura baixa,53.15,76.17,53.15,76.17,10.440843124347724,2.6181254935742233,12
São Jorge do Patrocínio,2021,2,5532,13.58,26277.48,cobertura baixa,53.15,76.17,53.15,76.17,10.176467577589808,2.60859812213055,13
São Jorge do Patrocínio,2022,5,5908,14.5,29044.52,cobertura baixa,53.15,76.17,53.15,76.17,10.276585104209856,2.6741486494265287,14
São Jorge do Patrocínio,2023,4,6283,15.42,29163.14,cobertura baixa,53.15,76.17,53.15,76.17,10.28066086208116,2.7356653681351832,15
São Jorge do Patrocínio,2024,8,6659,16.35,27516.44,cobertura baixa,53.15,76.17,53.15,76.17,10.222538923214376,2.7942278973432626,16
São Jorge do Patrocínio,2025,2,6690,16.42,27388.94,cobertura baixa,53.15,76.17,53.15,76.17,10.217894561252681,2.7985001040242823,17
São Jorge do Patrocínio,2026,0,6690,16.42,27388.94,cobertura baixa,53.15,76.17,53.15,76.17,10.217894561252681,2.7985001040242823,18
São José da Boa Vista,2008,74,6386,15.94,10523.18,sem rede,,65.4,0.0,65.4,9.261335721982714,2.768831673362069,0
São José da Boa Vista,2009,21,6320,15.78,10635.92,sem rede,,65.4,0.0,65.4,9.271992230709952,2.7587433154177283,1
São José da Boa Vista,2010,32,6398,15.97,10360.89,sem rede,,65.4,0.0,65.4,9.245793419459558,2.770711962226921,2
São José da Boa Vista,2011,34,6476,16.17,12709.39,sem rede,,65.4,0.0,65.4,9.45009636932602,2.783157673589016,3
São José da Boa Vista,2012,10,6441,16.08,14050.46,sem rede,,65.4,0.0,65.4,9.550410414439465,2.77757626375082,4
São José da Boa Vista,2013,11,6596,16.47,18050.64,sem rede,,65.4,0.0,65.4,9.800936420196152,2.8015405441895487,5
São José da Boa Vista,2014,9,6567,16.39,15550.94,sem rede,,65.4,0.0,65.4,9.651876365941115,2.7966713927557385,6
São José da Boa Vista,2015,8,6539,16.32,19144.06,sem rede,,65.4,0.0,65.4,9.859747763724544,2.792391349535961,7
São José da Boa Vista,2016,14,6512,16.26,23246.78,sem rede,,65.4,0.0,65.4,10.05392190680058,2.7887081041196646,8
São José da Boa Vista,2017,28,6485,16.19,21715.34,sem rede,,65.4,0.0,65.4,9.985774202226038,2.784393767689544,9
São José da Boa Vista,2018,18,6254,15.61,23179.09,sem rede,,65.4,0.0,65.4,10.05100585814211,2.7479117345273405,10
São José da Boa Vista,2019,10,6206,15.49,23561.07,sem rede,,65.4,0.0,65.4,10.067351052693503,2.740194654428777,11
São José da Boa Vista,2020,4,6160,15.38,30565.42,sem rede,,65.4,0.0,65.4,10.327624583575679,2.733067964077498,12
São José da Boa Vista,2021,4,6115,15.26,37577.27,sem rede,,65.4,0.0,65.4,10.53415462530473,2.725235025856311,13
São José da Boa Vista,2022,7,6097,15.22,42578.48,sem rede,,65.4,0.0,65.4,10.659104240299731,2.7226103524335397,14
São José da Boa Vista,2023,5,6078,15.17,38275.91,sem rede,,65.4,0.0,65.4,10.55257599555351,2.719319793360441,15
São José da Boa Vista,2024,4,6060,15.13,38389.6,sem rede,,65.4,0.0,65.4,10.555541868560514,2.7166795278002644,16
São José da Boa Vista,2025,6,6023,15.03,38625.44,sem rede,,65.4,0.0,65.4,10.561666405720924,2.710048203764883,17
São José da Boa Vista,2026,3,6023,15.03,38625.44,sem rede,,65.4,0.0,65.4,10.561666405720924,2.710048203764883,18
São José das Palmeiras,2008,10,3960,21.66,8516.67,sem rede,,75.68,0.0,75.68,9.049780698353096,3.0754672415728446,0
São José das Palmeiras,2009,11,3942,21.56,7369.36,sem rede,,75.68,0.0,75.68,8.9050861428781,3.070839746040796,1
São José das Palmeiras,2010,5,3876,21.2,10007.22,sem rede,,75.68,0.0,75.68,9.21106211145957,3.054001181677967,2
São José das Palmeiras,2011,7,3810,20.84,11445.41,sem rede,,75.68,0.0,75.68,9.345344055248734,3.0368742168851663,3
São José das Palmeiras,2012,5,3789,20.73,10812.62,sem rede,,75.68,0.0,75.68,9.288469249444445,3.0315819264476884,4
São José das Palmeiras,2013,6,3880,21.23,15731.7,sem rede,,75.68,0.0,75.68,9.663433063957214,3.055415275715165,5
São José das Palmeiras,2014,4,3864,21.14,16506.99,sem rede,,75.68,0.0,75.68,9.711539206543758,3.051166980442092,6
São José das Palmeiras,2015,3,3847,21.04,18293.74,sem rede,,75.68,0.0,75.68,9.814314203805267,3.046425387869509,7
São José das Palmeiras,2016,2,3832,20.96,21376.83,sem rede,,75.68,0.0,75.68,9.970062904175377,3.0426158594528414,8
São José das Palmeiras,2017,2,3816,20.88,19231.39,sem rede,,75.68,0.0,75.68,9.864299118861858,3.038791763014438,9
São José das Palmeiras,2018,3,3682,20.14,20466.05,sem rede,,75.68,0.0,75.68,9.926522694720038,3.0027078872904163,10
São José das Palmeiras,2019,2,3654,19.99,20935.14,sem rede,,75.68,0.0,75.68,9.949184365796539,2.995232148512309,11
São José das Palmeiras,2020,3,3627,19.84,25015.99,sem rede,,75.68,0.0,75.68,10.127270499393434,2.987700101856727,12
São José das Palmeiras,2021,0,3601,19.7,27499.03,sem rede,,75.68,0.0,75.68,10.221906010305293,2.9806186357439426,13
São José das Palmeiras,2022,0,3744,20.48,23876.34,sem rede,,75.68,0.0,75.68,10.080643289428396,3.019448800171307,14
São José das Palmeiras,2023,0,3887,21.26,28215.59,sem rede,,75.68,0.0,75.68,10.247629941047627,3.056827372913802,15
São José das Palmeiras,2024,3,4030,22.05,27214.39,sem rede,,75.68,0.0,75.68,10.211501156507234,3.093312601892855,16
São José das Palmeiras,2025,6,4031,22.05,27207.64,sem rede,,75.68,0.0,75.68,10.211253095196968,3.093312601892855,17
São José das Palmeiras,2026,0,4031,22.05,27207.64,sem rede,,75.68,0.0,75.68,10.211253095196968,3.093312601892855,18
São José dos Pinhais,2008,158,272530,287.45,48874.48,cobertura alta,87.16,91.38,87.16,91.38,10.79701065784488,5.6610489320693,0
São José dos Pinhais,2009,100,279297,294.59,50672.75,cobertura alta,87.16,91.38,87.16,91.38,10.833143569742457,5.685584559121112,1
São José dos Pinhais,2010,262,274052,289.05,62900.5,cobertura alta,87.16,91.38,87.16,91.38,11.049309391782534,5.666599683528485,2
São José dos Pinhais,2011,190,268808,283.52,77041.84,cobertura alta,87.16,91.38,87.16,91.38,11.252103929883576,5.647282667416716,3
São José dos Pinhais,2012,153,273255,288.21,81504.91,cobertura alta,87.16,91.38,87.16,91.38,11.308418542813046,5.663689381089757,4
São José dos Pinhais,2013,100,287792,303.55,87588.59,cobertura alta,87.16,91.38,87.16,91.38,11.380406017299514,5.715546341576443,5
São José dos Pinhais,2014,105,292934,308.97,77617.35,cobertura alta,87.16,91.38,87.16,91.38,11.2595462636547,5.73324418480582,6
São José dos Pinhais,2015,108,297895,314.2,76563.43,cobertura alta,87.16,91.38,87.16,91.38,11.245874826586185,5.750029725821521,7
São José dos Pinhais,2016,59,302759,319.33,66538.23,cobertura alta,87.16,91.38,87.16,91.38,11.105531948677639,5.766225050834909,8
São José dos Pinhais,2017,66,307530,324.36,73465.05,cobertura alta,87.16,91.38,87.16,91.38,11.204565061906017,5.781854010076357,9
São José dos Pinhais,2018,64,317476,334.85,75933.9,cobertura alta,87.16,91.38,87.16,91.38,11.23761850398583,5.81368267035606,10
São José dos Pinhais,2019,75,323340,341.04,92653.86,cobertura alta,87.16,91.38,87.16,91.38,11.436625893015117,5.831999772456955,11
São José dos Pinhais,2020,55,329058,347.07,67139.6,cobertura alta,87.16,91.38,87.16,91.38,11.114529312815952,5.849526488708907,12
São José dos Pinhais,2021,32,334620,352.94,80715.17,cobertura alta,87.16,91.38,87.16,91.38,11.298681816765463,5.866298070815087,13
São José dos Pinhais,2022,39,338295,356.81,93052.16,cobertura alta,87.16,91.38,87.16,91.38,11.44091547512714,5.877203427218937,14
São José dos Pinhais,2023,58,341969,360.69,99301.29,cobertura alta,87.16,91.38,87.16,91.38,11.50591384088544,5.888018863654928,15
São José dos Pinhais,2024,78,345644,364.56,98245.49,cobertura alta,87.16,91.38,87.16,91.38,11.49522462537003,5.898691146955627,16
São José dos Pinhais,2025,92,349880,369.03,97056.03,cobertura alta,87.16,91.38,87.16,91.38,11.483043719588162,5.9108779415488035,17
São José dos Pinhais,2026,41,349880,369.03,97056.03,cobertura alta,87.16,91.38,87.16,91.38,11.483043719588162,5.9108779415488035,18
São João,2008,111,11198,28.8,13301.84,cobertura baixa,48.86,70.58,48.86,70.58,9.495657650505601,3.3603753871419,0
São João,2009,93,11187,28.77,14556.81,cobertura baixa,48.86,70.58,48.86,70.58,9.585814204339616,3.3593331775634567,1
São João,2010,114,10870,27.96,16143.42,cobertura baixa,48.86,70.58,48.86,70.58,9.689267815287954,3.3307749173656096,2
São João,2011,91,10553,27.14,23766.89,cobertura baixa,48.86,70.58,48.86,70.58,10.076048714604573,3.301008654406723,3
São João,2012,75,10508,27.03,29508.95,cobertura baixa,48.86,70.58,48.86,70.58,10.292448886145031,3.2969473602883563,4
São João,2013,45,10777,27.72,39947.2,cobertura baixa,48.86,70.58,48.86,70.58,10.595313861128657,3.3221541743217022,5
São João,2014,37,10743,27.63,44635.76,cobertura baixa,48.86,70.58,48.86,70.58,10.706290610465256,3.318902138935325,6
São João,2015,35,10709,27.54,52334.58,cobertura baixa,48.86,70.58,48.86,70.58,10.865412617034655,3.315639493300509,7
São João,2016,20,10676,27.46,61295.52,cobertura baixa,48.86,70.58,48.86,70.58,11.023462036056205,3.312730400339825,8
São João,2017,10,10644,27.38,63724.73,cobertura baixa,48.86,70.58,48.86,70.58,11.062327992279672,3.3098128198603027,9
São João,2018,26,10303,26.5,71760.85,cobertura baixa,48.86,70.58,48.86,70.58,11.181094341701545,3.2771447329921766,10
São João,2019,27,10241,26.34,68477.98,cobertura baixa,48.86,70.58,48.86,70.58,11.134267512717008,3.271088696315135,11
São João,2020,25,10181,26.19,76887.63,cobertura baixa,48.86,70.58,48.86,70.58,11.250100284297181,3.2653776585196206,12
São João,2021,23,10122,26.03,87988.34,cobertura baixa,48.86,70.58,48.86,70.58,11.384959584681443,3.259249719006474,13
São João,2022,20,10825,27.84,99874.92,cobertura baixa,48.86,70.58,48.86,70.58,11.511673882067003,3.326473835466219,14
São João,2023,43,11527,29.65,105853.91,cobertura baixa,48.86,70.58,48.86,70.58,11.569815214945494,3.3894621254437345,15
São João,2024,9,12230,31.46,99769.26,cobertura baixa,48.86,70.58,48.86,70.58,11.51061539882081,3.4487168976301317,16
São João,2025,8,12297,31.63,99225.66,cobertura baixa,48.86,70.58,48.86,70.58,11.505151929178654,3.4541060373175574,17
São João,2026,3,12297,31.63,99225.66,cobertura baixa,48.86,70.58,48.86,70.58,11.505151929178654,3.4541060373175574,18
São João do Caiuá,2008,8,6151,20.15,6880.99,cobertura alta,90.91,91.89,90.91,91.89,8.836517815924283,3.0032042883926917,0
São João do Caiuá,2009,3,6152,20.16,6713.43,cobertura alta,90.91,91.89,90.91,91.89,8.811865276706337,3.0037004432031678,1
São João do Caiuá,2010,2,6025,19.74,10684.15,cobertura alta,90.91,91.89,90.91,91.89,9.276516613816806,2.9826470340053355,2
São João do Caiuá,2011,1,5898,19.33,12619.7,cobertura alta,90.91,91.89,90.91,91.89,9.443014364021842,2.9616582932202395,3
São João do Caiuá,2012,2,5884,19.28,12895.65,cobertura alta,90.91,91.89,90.91,91.89,9.464645324179596,2.9590682891823996,4
São João do Caiuá,2013,1,6051,19.83,14684.85,cobertura alta,90.91,91.89,90.91,91.89,9.594571629075956,2.9871959425317045,5
São João do Caiuá,2014,0,6044,19.8,15222.87,cobertura alta,90.91,91.89,90.91,91.89,9.63055418131314,2.9856819377004897,6
São João do Caiuá,2015,4,6038,19.78,16458.76,cobertura alta,90.91,91.89,90.91,91.89,9.708613137249923,2.984671326194566,7
São João do Caiuá,2016,0,6031,19.76,17700.38,cobertura alta,90.91,91.89,90.91,91.89,9.78134138725802,2.983659692319722,8
São João do Caiuá,2017,5,6025,19.74,23487.8,cobertura alta,90.91,91.89,90.91,91.89,10.064236416391614,2.9826470340053355,9
São João do Caiuá,2018,2,5874,19.25,21383.38,cobertura alta,90.91,91.89,90.91,91.89,9.970369263758327,2.9575110607337933,10
São João do Caiuá,2019,2,5855,19.18,22737.49,cobertura alta,90.91,91.89,90.91,91.89,10.031770383024192,2.953868069455292,11
São João do Caiuá,2020,3,5837,19.13,23233.85,cobertura alta,90.91,91.89,90.91,91.89,10.0533655459968,2.9512577834521614,12
São João do Caiuá,2021,1,5819,19.07,26566.76,cobertura alta,90.91,91.89,90.91,91.89,10.187416089278429,2.9481164196123277,13
São João do Caiuá,2022,0,5753,18.85,24846.86,cobertura alta,90.91,91.89,90.91,91.89,10.120486665392018,2.93651291389402,14
São João do Caiuá,2023,1,5686,18.63,33706.65,cobertura alta,90.91,91.89,90.91,91.89,10.425450426250427,2.924773184613497,15
São João do Caiuá,2024,4,5620,18.41,34102.49,cobertura alta,90.91,91.89,90.91,91.89,10.437125681133598,2.9128939952449864,16
São João do Caiuá,2025,1,5607,18.37,34181.56,cobertura alta,90.91,91.89,90.91,91.89,10.439441596353646,2.9107188992270343,17
São João do Caiuá,2026,0,5607,18.37,34181.56,cobertura alta,90.91,91.89,90.91,91.89,10.439441596353646,2.9107188992270343,18
São João do Ivaí,2008,126,12022,33.94,10043.09,cobertura alta,70.96,87.8,70.96,87.8,9.214640114818883,3.52459425980608,0
São João do Ivaí,2009,108,11890,33.57,10293.69,cobertura alta,70.96,87.8,70.96,87.8,9.239286365129363,3.5136328109919437,1
São João do Ivaí,2010,145,11644,32.87,10351.43,cobertura alta,70.96,87.8,70.96,87.8,9.244879953400922,3.4925603876761278,2
São João do Ivaí,2011,9,11397,32.18,12423.27,cobertura alta,70.96,87.8,70.96,87.8,9.427326605858205,3.471345141564237,3
São João do Ivaí,2012,20,11273,31.83,15723.06,cobertura alta,70.96,87.8,70.96,87.8,9.662883703528632,3.4604092412940015,4
São João do Ivaí,2013,28,11461,32.36,18525.26,cobertura alta,70.96,87.8,70.96,87.8,9.826890485153516,3.4769230921902907,5
São João do Ivaí,2014,34,11342,32.02,19353.73,cobertura alta,70.96,87.8,70.96,87.8,9.87064044473905,3.4663607075685685,6
São João do Ivaí,2015,37,11228,31.7,20870.86,cobertura alta,70.96,87.8,70.96,87.8,9.946109206697086,3.456316680883235,7
São João do Ivaí,2016,38,11115,31.38,21832.48,cobertura alta,70.96,87.8,70.96,87.8,9.99115404822197,3.4461707473048864,8
São João do Ivaí,2017,59,11005,31.07,24909.68,cobertura alta,70.96,87.8,70.96,87.8,10.123011761927225,3.436242723404956,9
São João do Ivaí,2018,50,10386,29.32,27109.57,cobertura alta,70.96,87.8,70.96,87.8,10.207642081061127,3.3782698770184507,10
São João do Ivaí,2019,26,10219,28.85,25646.74,cobertura alta,70.96,87.8,70.96,87.8,10.152171747005028,3.3621099929541085,11
São João do Ivaí,2020,16,10056,28.39,32941.53,cobertura alta,70.96,87.8,70.96,87.8,10.402489450740385,3.34603697048488,12
São João do Ivaí,2021,9,9897,27.94,36495.6,cobertura alta,70.96,87.8,70.96,87.8,10.50494698435889,3.330059353828816,13
São João do Ivaí,2022,21,10165,28.7,34565.47,cobertura alta,70.96,87.8,70.96,87.8,10.450610485856716,3.3568971227655755,14
São João do Ivaí,2023,17,10432,29.45,39361.29,cobertura alta,70.96,87.8,70.96,87.8,10.580538125019364,3.3826939100975957,15
São João do Ivaí,2024,6,10700,30.21,38375.42,cobertura alta,70.96,87.8,70.96,87.8,10.555172429455013,3.4081729953985804,16
São João do Ivaí,2025,11,10639,30.04,38595.45,cobertura alta,70.96,87.8,70.96,87.8,10.560889672857373,3.402529826895934,17
São João do Ivaí,2026,2,10639,30.04,38595.45,cobertura alta,70.96,87.8,70.96,87.8,10.560889672857373,3.402529826895934,18
São João do Triunfo,2008,54,14226,19.71,9256.22,cobertura baixa,19.19,32.95,19.19,32.95,9.133051036957514,2.9811261211646287,0
São João do Triunfo,2009,39,14399,19.95,9242.59,cobertura baixa,19.19,32.95,19.19,32.95,9.131577428388479,2.9932291433358724,1
São João do Triunfo,2010,73,14101,19.54,15534.93,cobertura baixa,19.19,32.95,19.19,32.95,9.6508463158627,2.972463646614637,2
São João do Triunfo,2011,62,13803,19.13,15692.02,cobertura baixa,19.19,32.95,19.19,32.95,9.660907581863425,2.9512577834521614,3
São João do Triunfo,2012,69,13899,19.26,18531.55,cobertura baixa,19.19,32.95,19.19,32.95,9.82722996391925,2.9580304063699794,4
São João do Triunfo,2013,58,14462,20.04,20171.21,cobertura baixa,19.19,32.95,19.19,32.95,9.912011619233208,2.997730276216664,5
São João do Triunfo,2014,72,14583,20.21,27389.84,cobertura baixa,19.19,32.95,19.19,32.95,10.217927420692051,3.00617753141553,6
São João do Triunfo,2015,55,14700,20.37,29857.21,cobertura baixa,19.19,32.95,19.19,32.95,10.304181630692934,3.0140632302387145,7
São João do Triunfo,2016,67,14815,20.53,30884.04,cobertura baixa,19.19,32.95,19.19,32.95,10.337994824596887,3.0218872310308424,8
São João do Triunfo,2017,30,14927,20.68,38083.81,cobertura baixa,19.19,32.95,19.19,32.95,10.547544536421391,3.0291670496402285,9
São João do Triunfo,2018,13,14996,20.78,36354.89,cobertura baixa,19.19,32.95,19.19,32.95,10.501083999360972,3.0339909856710814,10
São João do Triunfo,2019,14,15120,20.95,33828.11,cobertura baixa,19.19,32.95,19.19,32.95,10.429047392640943,3.0421386463681466,11
São João do Triunfo,2020,3,15241,21.12,39664.0,cobertura baixa,19.19,32.95,19.19,32.95,10.588199254274972,3.050220458838061,12
São João do Triunfo,2021,1,15359,21.28,37733.9,cobertura baixa,19.19,32.95,19.19,32.95,10.53831417363819,3.0577676644734435,13
São João do Triunfo,2022,7,14880,20.62,49005.91,cobertura baixa,19.19,32.95,19.19,32.95,10.79969618206459,3.026261478588814,14
São João do Triunfo,2023,2,14402,19.96,60818.43,cobertura baixa,19.19,32.95,19.19,32.95,11.015648147021158,2.993730270883318,15
São João do Triunfo,2024,0,13923,19.29,62910.8,cobertura baixa,19.19,32.95,19.19,32.95,11.049473129062461,2.9595868269176377,16
São João do Triunfo,2025,1,13899,19.26,63019.43,cobertura baixa,19.19,32.95,19.19,32.95,11.051198370522663,2.9580304063699794,17
São João do Triunfo,2026,2,13899,19.26,63019.43,cobertura baixa,19.19,32.95,19.19,32.95,11.051198370522663,2.9580304063699794,18
São Manoel do Paraná,2008,1,2163,22.63,11110.96,sem rede,,82.37,0.0,82.37,9.315687287541529,3.119276459645446,0
São Manoel do Paraná,2009,2,2170,22.7,10381.11,sem rede,,82.37,0.0,82.37,9.247743087418774,3.122364924487357,1
São Manoel do Paraná,2010,13,2135,22.33,10253.86,sem rede,,82.37,0.0,82.37,9.235409499041936,3.1059310658520665,2
São Manoel do Paraná,2011,1,2100,21.97,13844.76,sem rede,,82.37,0.0,82.37,9.535662100676914,3.089677886396519,3
São Manoel do Paraná,2012,3,2102,21.99,13885.35,sem rede,,82.37,0.0,82.37,9.538589606481183,3.09058780456667,4
São Manoel do Paraná,2013,0,2170,22.7,13999.54,sem rede,,82.37,0.0,82.37,9.54677975091473,3.122364924487357,5
São Manoel do Paraná,2014,0,2175,22.75,20493.79,sem rede,,82.37,0.0,82.37,9.927877192405631,3.1245651453969594,6
São Manoel do Paraná,2015,4,2180,22.8,20011.47,sem rede,,82.37,0.0,82.37,9.904060888147852,3.126760535960395,7
São Manoel do Paraná,2016,7,2184,22.85,23356.23,sem rede,,82.37,0.0,82.37,10.058619036931582,3.128951117340214,8
São Manoel do Paraná,2017,2,2189,22.9,22661.49,sem rede,,82.37,0.0,82.37,10.028422287053973,3.131136910560194,9
São Manoel do Paraná,2018,5,2158,22.57,23363.3,sem rede,,82.37,0.0,82.37,10.058921694088191,3.1166215908294443,10
São Manoel do Paraná,2019,2,2160,22.59,25309.26,sem rede,,82.37,0.0,82.37,10.138925615656197,3.1175073304799117,11
São Manoel do Paraná,2020,3,2163,22.63,28226.54,sem rede,,82.37,0.0,82.37,10.248017949088338,3.119276459645446,12
São Manoel do Paraná,2021,1,2165,22.65,28793.53,sem rede,,82.37,0.0,82.37,10.267905988108044,3.120159851929043,13
São Manoel do Paraná,2022,1,2168,22.68,30531.37,sem rede,,82.37,0.0,82.37,10.32650995861665,3.121483478859551,14
São Manoel do Paraná,2023,0,2170,22.7,38262.67,sem rede,,82.37,0.0,82.37,10.552230026236284,3.122364924487357,15
São Manoel do Paraná,2024,2,2173,22.73,38209.85,sem rede,,82.37,0.0,82.37,10.550848614759333,3.123685637864452,16
São Manoel do Paraná,2025,0,2176,22.76,38157.17,sem rede,,82.37,0.0,82.37,10.549468961386552,3.1250046092581303,17
São Manoel do Paraná,2026,0,2176,22.76,38157.17,sem rede,,82.37,0.0,82.37,10.549468961386552,3.1250046092581303,18
São Mateus do Sul,2008,53,40791,30.35,14031.43,cobertura baixa,41.95,61.45,41.95,61.45,9.549055092350175,3.4127965175055075,0
São Mateus do Sul,2009,44,41188,30.65,14354.42,cobertura baixa,41.95,61.45,41.95,61.45,9.571813187698496,3.4226326623822203,1
São Mateus do Sul,2010,66,41402,30.81,13712.79,cobertura baixa,41.95,61.45,41.95,61.45,9.526084252946912,3.4278393126085764,2
São Mateus do Sul,2011,61,41617,30.97,15693.97,cobertura baixa,41.95,61.45,41.95,61.45,9.661031841127034,3.4330189939851112,3
São Mateus do Sul,2012,83,41965,31.22,18207.53,cobertura baixa,41.95,61.45,41.95,61.45,9.809590523763376,3.441058915087286,4
São Mateus do Sul,2013,41,43750,32.55,23943.79,cobertura baixa,41.95,61.45,41.95,61.45,10.083464279029657,3.482777368654578,5
São Mateus do Sul,2014,32,44179,32.87,25218.86,cobertura baixa,41.95,61.45,41.95,61.45,10.1353474062768,3.4925603876761278,6
São Mateus do Sul,2015,19,44594,33.18,26282.8,cobertura baixa,41.95,61.45,41.95,61.45,10.176670011824108,3.5019472847622986,7
São Mateus do Sul,2016,33,45000,33.48,26471.13,cobertura baixa,41.95,61.45,41.95,61.45,10.183809984147514,3.5109482456212744,8
São Mateus do Sul,2017,14,45398,33.78,27204.13,cobertura baixa,41.95,61.45,41.95,61.45,10.211124078993125,3.519868911379654,9
São Mateus do Sul,2018,19,45806,34.08,27418.77,cobertura baixa,41.95,61.45,41.95,61.45,10.218983094342112,3.528710701961115,10
São Mateus do Sul,2019,21,46261,34.42,27738.61,cobertura baixa,41.95,61.45,41.95,61.45,10.230580584466287,3.5386377907833935,11
São Mateus do Sul,2020,12,46705,34.75,27960.24,cobertura baixa,41.95,61.45,41.95,61.45,10.238538780001894,3.548179572010801,12
São Mateus do Sul,2021,12,47137,35.07,32179.77,cobertura baixa,41.95,61.45,41.95,61.45,10.379093273224374,3.5573460641520867,13
São Mateus do Sul,2022,23,45896,34.15,40384.63,cobertura baixa,41.95,61.45,41.95,61.45,10.60620454601692,3.530762586016799,14
São Mateus do Sul,2023,16,44654,33.22,43313.97,cobertura baixa,41.95,61.45,41.95,61.45,10.67623049475027,3.503152104185149,15
São Mateus do Sul,2024,17,43413,32.3,44552.14,cobertura baixa,41.95,61.45,41.95,61.45,10.70441546765997,3.475067230228611,16
São Mateus do Sul,2025,14,43490,32.36,44473.26,cobertura baixa,41.95,61.45,41.95,61.45,10.702643388665841,3.4769230921902907,17
São Mateus do Sul,2026,4,43490,32.36,44473.26,cobertura baixa,41.95,61.45,41.95,61.45,10.702643388665841,3.4769230921902907,18
São Miguel do Iguaçu,2008,294,26284,30.79,16179.96,cobertura baixa,58.47,74.63,58.47,74.63,9.69152871842154,3.427189961936409,0
São Miguel do Iguaçu,2009,13,26451,30.98,18261.09,cobertura baixa,58.47,74.63,58.47,74.63,9.812527845686114,3.4333418349887226,1
São Miguel do Iguaçu,2010,13,26162,30.65,20810.03,cobertura baixa,58.47,74.63,58.47,74.63,9.94319036100125,3.4226326623822203,2
São Miguel do Iguaçu,2011,3,25872,30.31,25287.84,cobertura baixa,58.47,74.63,58.47,74.63,10.138078926763765,3.4114776910697118,3
São Miguel do Iguaçu,2012,1,25971,30.42,26099.57,cobertura baixa,58.47,74.63,58.47,74.63,10.169674118079284,3.4151002868311466,4
São Miguel do Iguaçu,2013,10,26920,31.53,31970.02,cobertura baixa,58.47,74.63,58.47,74.63,10.372553867640178,3.4509394735569696,5
São Miguel do Iguaçu,2014,35,27061,31.7,34454.2,cobertura baixa,58.47,74.63,58.47,74.63,10.447386184830703,3.456316680883235,6
São Miguel do Iguaçu,2015,13,27197,31.86,37459.98,cobertura baixa,58.47,74.63,58.47,74.63,10.531028442095108,3.4613513044819024,7
São Miguel do Iguaçu,2016,25,27330,32.01,37274.13,cobertura baixa,58.47,74.63,58.47,74.63,10.526054799320315,3.4660483539817717,8
São Miguel do Iguaçu,2017,16,27461,32.17,34321.84,cobertura baixa,58.47,74.63,58.47,74.63,10.443537165218384,3.471034341250935,9
São Miguel do Iguaçu,2018,14,27325,32.01,36720.0,cobertura baixa,58.47,74.63,58.47,74.63,10.511076844734427,3.4660483539817717,10
São Miguel do Iguaçu,2019,26,27452,32.16,39864.86,cobertura baixa,58.47,74.63,58.47,74.63,10.593250513077926,3.4707234443107655,11
São Miguel do Iguaçu,2020,7,27576,32.3,43738.61,cobertura baixa,58.47,74.63,58.47,74.63,10.685986515033534,3.475067230228611,12
São Miguel do Iguaçu,2021,7,27696,32.44,53079.18,cobertura baixa,58.47,74.63,58.47,74.63,10.879540039947011,3.479392229247212,13
São Miguel do Iguaçu,2022,6,28530,33.42,49633.86,cobertura baixa,58.47,74.63,58.47,74.63,10.812428541096114,3.509154523167248,14
São Miguel do Iguaçu,2023,12,29364,34.4,50552.1,cobertura baixa,58.47,74.63,58.47,74.63,10.830759766612436,3.5380565643793527,15
São Miguel do Iguaçu,2024,8,30198,35.37,49155.97,cobertura baixa,58.47,74.63,58.47,74.63,10.802753583102406,3.5658640032173894,16
São Miguel do Iguaçu,2025,3,30416,35.63,48803.66,cobertura baixa,58.47,74.63,58.47,74.63,10.795560589028879,3.5731879796177446,17
São Miguel do Iguaçu,2026,3,30416,35.63,48803.66,cobertura baixa,58.47,74.63,58.47,74.63,10.795560589028879,3.5731879796177446,18
São Pedro do Iguaçu,2008,40,6633,21.47,13556.01,sem rede,,70.74,0.0,70.74,9.514585270407402,3.0666566118906897,0
São Pedro do Iguaçu,2009,65,6561,21.23,11994.67,sem rede,,70.74,0.0,70.74,9.392217663432238,3.055415275715165,1
São Pedro do Iguaçu,2010,51,6496,21.02,13213.36,sem rede,,70.74,0.0,70.74,9.48898371793725,3.045474365448805,2
São Pedro do Iguaçu,2011,52,6431,20.81,14910.74,sem rede,,70.74,0.0,70.74,9.609837037647255,3.035433640405543,3
São Pedro do Iguaçu,2012,72,6373,20.62,15469.95,sem rede,,70.74,0.0,70.74,9.646654711499833,3.026261478588814,4
São Pedro do Iguaçu,2013,15,6495,21.02,21982.6,sem rede,,70.74,0.0,70.74,9.998006510315937,3.045474365448805,5
São Pedro do Iguaçu,2014,19,6440,20.84,23599.69,sem rede,,70.74,0.0,70.74,10.068988855334208,3.0368742168851663,6
São Pedro do Iguaçu,2015,2,6388,20.67,24494.52,sem rede,,70.74,0.0,70.74,10.10620469804479,3.028683373693677,7
São Pedro do Iguaçu,2016,2,6336,20.5,28147.41,sem rede,,70.74,0.0,70.74,10.245210622230127,3.0204248861443626,8
São Pedro do Iguaçu,2017,4,6286,20.34,31406.3,sem rede,,70.74,0.0,70.74,10.35476378871412,3.012589390620414,9
São Pedro do Iguaçu,2018,3,5976,19.34,27928.55,sem rede,,70.74,0.0,70.74,10.237404742088522,2.9621754900251482,10
São Pedro do Iguaçu,2019,1,5897,19.08,31202.81,sem rede,,70.74,0.0,70.74,10.34826343384461,2.9486406660201405,11
São Pedro do Iguaçu,2020,1,5820,18.83,43494.85,sem rede,,70.74,0.0,70.74,10.680397819263433,2.935451342669061,12
São Pedro do Iguaçu,2021,0,5745,18.59,43020.71,sem rede,,70.74,0.0,70.74,10.669436906637182,2.922623801733353,13
São Pedro do Iguaçu,2022,0,5753,18.62,39350.95,sem rede,,70.74,0.0,70.74,10.580275395866707,2.924236271848921,14
São Pedro do Iguaçu,2023,0,5761,18.64,46498.35,sem rede,,70.74,0.0,70.74,10.747172107074913,2.925309809257445,15
São Pedro do Iguaçu,2024,1,5769,18.67,46433.87,sem rede,,70.74,0.0,70.74,10.745784428821942,2.9269179575536315,16
São Pedro do Iguaçu,2025,0,5730,18.54,46749.91,sem rede,,70.74,0.0,70.74,10.75256760958129,2.919930560137709,17
São Pedro do Iguaçu,2026,1,5730,18.54,46749.91,sem rede,,70.74,0.0,70.74,10.75256760958129,2.919930560137709,18
São Pedro do Ivaí,2008,82,9887,30.57,17254.78,cobertura alta,66.69,93.1,66.69,93.1,9.755844485523266,3.420019135902743,0
São Pedro do Ivaí,2009,62,9921,30.68,14686.02,cobertura alta,66.69,93.1,66.69,93.1,9.594651299851838,3.4236109764990554,1
São Pedro do Ivaí,2010,43,10071,31.14,17027.41,cobertura alta,66.69,93.1,66.69,93.1,9.74257967753404,3.4384931664058525,2
São Pedro do Ivaí,2011,14,10221,31.6,19587.22,cobertura alta,66.69,93.1,66.69,93.1,9.882632591731218,3.4531571205928664,3
São Pedro do Ivaí,2012,3,10272,31.76,20807.92,cobertura alta,66.69,93.1,66.69,93.1,9.943088962445971,3.458207636378935,4
São Pedro do Ivaí,2013,0,10664,32.97,21322.11,cobertura alta,66.69,93.1,66.69,93.1,9.967499841487827,3.49559805708364,5
São Pedro do Ivaí,2014,1,10733,33.19,22637.38,cobertura alta,66.69,93.1,66.69,93.1,10.02735780123891,3.502248625731883,6
São Pedro do Ivaí,2015,0,10799,33.39,23516.07,cobertura alta,66.69,93.1,66.69,93.1,10.065439296214432,3.508256453955563,7
São Pedro do Ivaí,2016,8,10864,33.59,24050.9,cobertura alta,66.69,93.1,66.69,93.1,10.087927696871143,3.5142284036242013,8
São Pedro do Ivaí,2017,20,10928,33.79,24329.7,cobertura alta,66.69,93.1,66.69,93.1,10.09945310524532,3.5201649007261984,9
São Pedro do Ivaí,2018,24,10915,33.75,27079.43,cobertura alta,66.69,93.1,66.69,93.1,10.206529678060223,3.518980417318539,10
São Pedro do Ivaí,2019,16,10981,33.95,27874.06,cobertura alta,66.69,93.1,66.69,93.1,10.235451786220727,3.5248888540047054,11
São Pedro do Ivaí,2020,14,11046,34.16,31200.71,cobertura alta,66.69,93.1,66.69,93.1,10.348196129948906,3.531055368920369,12
São Pedro do Ivaí,2021,18,11109,34.35,33317.22,cobertura alta,66.69,93.1,66.69,93.1,10.413829659426673,3.536602018668358,13
São Pedro do Ivaí,2022,18,10276,31.77,39519.27,cobertura alta,66.69,93.1,66.69,93.1,10.584543680031281,3.4585224482814247,14
São Pedro do Ivaí,2023,13,9444,29.2,47973.1,cobertura alta,66.69,93.1,66.69,93.1,10.778395716131246,3.374168709274236,15
São Pedro do Ivaí,2024,19,8611,26.63,52613.87,cobertura alta,66.69,93.1,66.69,93.1,10.870735052179102,3.282038399825841,16
São Pedro do Ivaí,2025,27,8514,26.33,53213.3,cobertura alta,66.69,93.1,66.69,93.1,10.882063644084942,3.270708973508218,17
São Pedro do Ivaí,2026,10,8514,26.33,53213.3,cobertura alta,66.69,93.1,66.69,93.1,10.882063644084942,3.270708973508218,18
São Pedro do Paraná,2008,64,2580,10.27,9414.73,sem rede,,71.12,0.0,71.12,9.15003076303798,2.329227023940467,0
São Pedro do Paraná,2009,23,2561,10.19,10123.39,sem rede,,71.12,0.0,71.12,9.222603866985258,2.321406847234633,1
São Pedro do Paraná,2010,42,2517,10.02,10966.23,sem rede,,71.12,0.0,71.12,9.302575829663432,2.3045830956567186,2
São Pedro do Paraná,2011,81,2473,9.84,13089.37,sem rede,,71.12,0.0,71.12,9.479555729403494,2.286455711064162,3
São Pedro do Paraná,2012,97,2454,9.77,18610.84,sem rede,,71.12,0.0,71.12,9.831499485640757,2.2793164660546914,4
São Pedro do Paraná,2013,60,2506,9.97,22424.98,sem rede,,71.12,0.0,71.12,10.017930795064837,2.299580583973747,5
São Pedro do Paraná,2014,51,2490,9.91,24096.79,sem rede,,71.12,0.0,71.12,10.089833915586755,2.2935443483418965,6
São Pedro do Paraná,2015,37,2474,9.84,25500.0,sem rede,,71.12,0.0,71.12,10.146433731146518,2.286455711064162,7
São Pedro do Paraná,2016,20,2459,9.79,26743.39,sem rede,,71.12,0.0,71.12,10.194042618985486,2.281361456542419,8
São Pedro do Paraná,2017,6,2443,9.72,26982.4,sem rede,,71.12,0.0,71.12,10.202940080586824,2.2741856184723477,9
São Pedro do Paraná,2018,10,2338,9.3,28115.91,sem rede,,71.12,0.0,71.12,10.244090887266346,2.2300144001592104,10
São Pedro do Paraná,2019,11,2313,9.2,28626.89,sem rede,,71.12,0.0,71.12,10.26210176487778,2.2192034840549946,11
São Pedro do Paraná,2020,6,2289,9.11,37702.93,sem rede,,71.12,0.0,71.12,10.537493089249041,2.209372711271867,12
São Pedro do Paraná,2021,6,2265,9.01,39877.7,sem rede,,71.12,0.0,71.12,10.593572549393565,2.1983350716202463,13
São Pedro do Paraná,2022,12,2417,9.62,37525.03,sem rede,,71.12,0.0,71.12,10.532763455968364,2.263844264677615,14
São Pedro do Paraná,2023,62,2570,10.23,43303.89,sem rede,,71.12,0.0,71.12,10.675997748292541,2.325324579963535,15
São Pedro do Paraná,2024,38,2722,10.83,40885.75,sem rede,,71.12,0.0,71.12,10.618536870563817,2.382320061012899,16
São Pedro do Paraná,2025,7,2726,10.85,40825.75,sem rede,,71.12,0.0,71.12,10.617068288766061,2.3841650799864684,17
São Pedro do Paraná,2026,5,2726,10.85,40825.75,sem rede,,71.12,0.0,71.12,10.617068288766061,2.3841650799864684,18
São Sebastião da Amoreira,2008,72,8976,39.45,9152.74,sem rede,,93.11,0.0,93.11,9.121808566994213,3.6750340472918834,0
São Sebastião da Amoreira,2009,50,9012,39.61,9884.93,sem rede,,93.11,0.0,93.11,9.198766654143125,3.6790816116338254,1
São Sebastião da Amoreira,2010,41,8822,38.78,10271.82,sem rede,,93.11,0.0,93.11,9.237159502411721,3.6579046498145056,2
São Sebastião da Amoreira,2011,35,8632,37.94,13266.33,sem rede,,93.11,0.0,93.11,9.492984525397999,3.636005964506868,3
São Sebastião da Amoreira,2012,11,8638,37.97,15791.16,sem rede,,93.11,0.0,93.11,9.667205568769184,3.636796374243711,4
São Sebastião da Amoreira,2013,4,8917,39.2,18778.29,sem rede,,93.11,0.0,93.11,9.840456694303459,3.6686767467964168,5
São Sebastião da Amoreira,2014,15,8935,39.27,17527.14,sem rede,,93.11,0.0,93.11,9.77150581571743,3.6704608685899185,6
São Sebastião da Amoreira,2015,20,8952,39.35,19965.93,sem rede,,93.11,0.0,93.11,9.901782599930092,3.6724959748634123,7
São Sebastião da Amoreira,2016,25,8968,39.42,21035.79,sem rede,,93.11,0.0,93.11,9.953980551772926,3.674273301724574,8
São Sebastião da Amoreira,2017,22,8985,39.49,21300.17,sem rede,,93.11,0.0,93.11,9.966470332886324,3.676047475298558,9
São Sebastião da Amoreira,2018,30,8847,38.89,22134.62,sem rede,,93.11,0.0,93.11,10.004898177636905,3.660737148167656,10
São Sebastião da Amoreira,2019,7,8853,38.91,24932.0,sem rede,,93.11,0.0,93.11,10.123907397928742,3.661251286996462,11
São Sebastião da Amoreira,2020,5,8859,38.94,27518.0,sem rede,,93.11,0.0,93.11,10.222595614987762,3.6620219999440535,12
São Sebastião da Amoreira,2021,3,8865,38.97,33858.09,sem rede,,93.11,0.0,93.11,10.429933245354215,3.662792119350618,13
São Sebastião da Amoreira,2022,4,8610,37.85,36087.22,sem rede,,93.11,0.0,93.11,10.493694065021797,3.6336309798834576,14
São Sebastião da Amoreira,2023,6,8355,36.73,33221.9,sem rede,,93.11,0.0,93.11,10.410964575992914,3.6035938598315758,15
São Sebastião da Amoreira,2024,6,8100,35.6,34267.78,sem rede,,93.11,0.0,93.11,10.441960833079667,3.572345637857985,16
São Sebastião da Amoreira,2025,8,8063,35.44,34425.03,sem rede,,93.11,0.0,93.11,10.446539195056172,3.56784112573688,17
São Sebastião da Amoreira,2026,0,8063,35.44,34425.03,sem rede,,93.11,0.0,93.11,10.446539195056172,3.56784112573688,18
São Tomé,2008,7,5482,25.02,14458.41,cobertura baixa,62.0,91.51,62.0,91.51,9.579031531160652,3.219675505038765,0
São Tomé,2009,1,5522,25.2,15409.63,cobertura baixa,62.0,91.51,62.0,91.51,9.642747917643039,3.2268439945173775,1
São Tomé,2010,5,5448,24.87,15932.45,cobertura baixa,62.0,91.51,62.0,91.51,9.676113188944077,3.2136622578153133,2
São Tomé,2011,1,5373,24.52,18868.42,cobertura baixa,62.0,91.51,62.0,91.51,9.845244904067364,3.1994891110680106,3
São Tomé,2012,0,5395,24.62,19279.52,cobertura baixa,62.0,91.51,62.0,91.51,9.86679867158906,3.2035591207563074,4
São Tomé,2013,1,5595,25.54,24067.56,cobertura baixa,62.0,91.51,62.0,91.51,10.088620154637484,3.2402458506043934,5
São Tomé,2014,2,5626,25.68,25068.43,cobertura baixa,62.0,91.51,62.0,91.51,10.129364564540356,3.2457124788217606,6
São Tomé,2015,3,5657,25.82,26397.91,cobertura baixa,62.0,91.51,62.0,91.51,10.181040119333895,3.2511493854184965,7
São Tomé,2016,8,5686,25.95,28865.81,cobertura baixa,62.0,91.51,62.0,91.51,10.270413128767691,3.2561716096118976,8
São Tomé,2017,9,5715,26.08,25284.16,cobertura baixa,62.0,91.51,62.0,91.51,10.137933391684808,3.261168737058452,9
São Tomé,2018,4,5693,25.98,24275.25,cobertura baixa,62.0,91.51,62.0,91.51,10.097212591767668,3.2573270112424533,10
São Tomé,2019,2,5722,26.12,29309.86,cobertura baixa,62.0,91.51,62.0,91.51,10.285679257166748,3.2627013044082305,11
São Tomé,2020,0,5750,26.24,27394.61,cobertura baixa,62.0,91.51,62.0,91.51,10.218101557696697,3.267284964075888,12
São Tomé,2021,2,5778,26.37,28290.58,cobertura baixa,62.0,91.51,62.0,91.51,10.250284166029601,3.2722270003651954,13
São Tomé,2022,1,5615,25.63,31960.28,cobertura baixa,62.0,91.51,62.0,91.51,10.372249160793023,3.24376354037598,14
São Tomé,2023,0,5453,24.89,40563.73,cobertura baixa,62.0,91.51,62.0,91.51,10.610629596561425,3.2144661163795005,15
São Tomé,2024,0,5290,24.14,41813.61,cobertura baixa,62.0,91.51,62.0,91.51,10.640977163603418,3.1838702156693857,16
São Tomé,2025,1,5282,24.11,41876.94,cobertura baixa,62.0,91.51,62.0,91.51,10.64249059641245,3.1826266921930797,17
São Tomé,2026,1,5282,24.11,41876.94,cobertura baixa,62.0,91.51,62.0,91.51,10.64249059641245,3.1826266921930797,18
Tamarana,2008,5,11413,24.12,11236.13,cobertura baixa,40.04,61.78,40.04,61.78,9.326889758110923,3.1830413718589847,0
Tamarana,2009,3,11577,24.47,10380.93,cobertura baixa,40.04,61.78,40.04,61.78,9.247725748082177,3.19744787745458,1
Tamarana,2010,7,12018,25.4,12632.55,cobertura baixa,40.04,61.78,40.04,61.78,9.444032095202957,3.2347491740244907,2
Tamarana,2011,1,12458,26.33,14793.95,cobertura baixa,40.04,61.78,40.04,61.78,9.601973592393556,3.270708973508218,3
Tamarana,2012,2,12647,26.73,16812.13,cobertura baixa,40.04,61.78,40.04,61.78,9.729855928667083,3.2857865301508276,4
Tamarana,2013,1,13298,28.1,18043.47,cobertura baixa,40.04,61.78,40.04,61.78,9.800539125452255,3.3357695763397,5
Tamarana,2014,0,13518,28.57,17209.5,cobertura baixa,40.04,61.78,40.04,61.78,9.753216835907308,3.3523572162426816,6
Tamarana,2015,1,13730,29.02,20233.07,cobertura baixa,40.04,61.78,40.04,61.78,9.915073673467768,3.367985247456042,7
Tamarana,2016,1,13939,29.46,19294.07,cobertura baixa,40.04,61.78,40.04,61.78,9.86755307379482,3.3830334110344844,8
Tamarana,2017,4,14143,29.89,19682.53,cobertura baixa,40.04,61.78,40.04,61.78,9.887486719254081,3.3975239762958465,9
Tamarana,2018,6,14548,30.74,20888.16,cobertura baixa,40.04,61.78,40.04,61.78,9.946937770250049,3.4255647381104497,10
Tamarana,2019,2,14797,31.27,20238.97,cobertura baixa,40.04,61.78,40.04,61.78,9.915365232778433,3.44265917146975,11
Tamarana,2020,2,15040,31.78,76477.26,cobertura baixa,40.04,61.78,40.04,61.78,11.24474872072367,3.45883716110857,12
Tamarana,2021,1,15277,32.28,25632.06,cobertura baixa,40.04,61.78,40.04,61.78,10.151599190689316,3.474447843401748,13
Tamarana,2022,2,13733,29.02,32231.05,cobertura baixa,40.04,61.78,40.04,61.78,10.38068555262198,3.367985247456042,14
Tamarana,2023,1,12189,25.76,38936.42,cobertura baixa,40.04,61.78,40.04,61.78,10.569685338387513,3.248822901236153,15
Tamarana,2024,4,10645,22.5,44583.94,cobertura baixa,40.04,61.78,40.04,61.78,10.705128983474198,3.1135153092103742,16
Tamarana,2025,4,10540,22.27,45028.08,cobertura baixa,40.04,61.78,40.04,61.78,10.71504157414541,3.1032404812692764,17
Tamarana,2026,0,10540,22.27,45028.08,cobertura baixa,40.04,61.78,40.04,61.78,10.71504157414541,3.1032404812692764,18
Tamboara,2008,2,4757,24.56,8762.03,sem rede,,91.34,0.0,91.34,9.07818289224381,3.2011191032789417,0
Tamboara,2009,1,4804,24.8,9956.7,sem rede,,91.34,0.0,91.34,9.206000970377085,3.2108436531709366,1
Tamboara,2010,3,4750,24.52,11780.84,sem rede,,91.34,0.0,91.34,9.374229761963843,3.1994891110680106,2
Tamboara,2011,1,4696,24.24,13631.6,sem rede,,91.34,0.0,91.34,9.520145905915586,3.1880041612011136,3
Tamboara,2012,1,4726,24.4,16045.07,sem rede,,91.34,0.0,91.34,9.683156916264263,3.1945831322991562,4
Tamboara,2013,0,4915,25.37,16652.49,sem rede,,91.34,0.0,91.34,9.720315033776721,3.2335673736111907,5
Tamboara,2014,2,4954,25.58,17794.31,sem rede,,91.34,0.0,91.34,9.786634022255745,3.2418107961506966,6
Tamboara,2015,1,4991,25.77,18304.35,sem rede,,91.34,0.0,91.34,9.814894015500208,3.2492110246642736,7
Tamboara,2016,8,5028,25.96,20872.51,sem rede,,91.34,0.0,91.34,9.946188261167334,3.2565568918358894,8
Tamboara,2017,7,5064,26.14,22390.6,sem rede,,91.34,0.0,91.34,10.016396506911283,3.2634667081960758,9
Tamboara,2018,2,5080,26.23,24629.92,sem rede,,91.34,0.0,91.34,10.111717243037852,3.2669037938787824,10
Tamboara,2019,8,5120,26.43,23523.05,sem rede,,91.34,0.0,91.34,10.065736070475992,3.2744997286161976,11
Tamboara,2020,2,5158,26.63,24792.75,sem rede,,91.34,0.0,91.34,10.118306550704105,3.282038399825841,12
Tamboara,2021,6,5196,26.82,24310.24,sem rede,,91.34,0.0,91.34,10.098652939741898,3.2891478778535324,13
Tamboara,2022,8,5124,26.45,28649.3,sem rede,,91.34,0.0,91.34,10.262884289034627,3.2752561583043085,14
Tamboara,2023,1,5051,26.08,36457.14,sem rede,,91.34,0.0,91.34,10.50389260302755,3.261168737058452,15
Tamboara,2024,0,4979,25.7,36984.33,sem rede,,91.34,0.0,91.34,10.518249588405672,3.246490991901174,16
Tamboara,2025,4,4986,25.74,36932.41,sem rede,,91.34,0.0,91.34,10.516844764314706,3.2480462021679806,17
Tamboara,2026,2,4986,25.74,36932.41,sem rede,,91.34,0.0,91.34,10.516844764314706,3.2480462021679806,18
Tapejara,2008,100,15170,25.59,12928.54,cobertura alta,84.62,90.02,84.62,90.02,9.467192549690523,3.2422016501716975,0
Tapejara,2009,111,15367,25.92,13041.45,cobertura alta,84.62,90.02,84.62,90.02,9.47588802561781,3.255014871484074,1
Tapejara,2010,48,15040,25.37,15184.84,cobertura alta,84.62,90.02,84.62,90.02,9.628052840710476,3.2335673736111907,2
Tapejara,2011,5,14712,24.81,18415.99,cobertura alta,84.62,90.02,84.62,90.02,9.820974587955435,3.21124679770371,3
Tapejara,2012,4,14822,25.0,21012.75,cobertura alta,84.62,90.02,84.62,90.02,9.952884675326047,3.2188758248682006,4
Tapejara,2013,5,15434,26.03,22989.5,cobertura alta,84.62,90.02,84.62,90.02,10.04279286893438,3.259249719006474,5
Tapejara,2014,5,15572,26.26,24618.48,cobertura alta,84.62,90.02,84.62,90.02,10.111252659408503,3.26804686887465,6
Tapejara,2015,3,15704,26.49,25935.24,cobertura alta,84.62,90.02,84.62,90.02,10.163357940646675,3.2767673032839784,7
Tapejara,2016,4,15835,26.71,28336.47,cobertura alta,84.62,90.02,84.62,90.02,10.251904946559252,3.2850380271218693,8
Tapejara,2017,2,15962,26.92,30367.81,cobertura alta,84.62,90.02,84.62,90.02,10.321138444804202,3.2928695047765273,9
Tapejara,2018,7,16062,27.09,28146.62,cobertura alta,84.62,90.02,84.62,90.02,10.245182555310773,3.2991646560970036,10
Tapejara,2019,0,16205,27.33,32364.89,cobertura alta,84.62,90.02,84.62,90.02,10.384829472240636,3.3079849999399764,11
Tapejara,2020,4,16345,27.57,31791.8,cobertura alta,84.62,90.02,84.62,90.02,10.36696367388102,3.3167282250357055,12
Tapejara,2021,1,16480,27.8,30136.53,cobertura alta,84.62,90.02,84.62,90.02,10.313493336156437,3.3250360206965914,13
Tapejara,2022,2,16405,27.67,32982.44,cobertura alta,84.62,90.02,84.62,90.02,10.40373057760976,3.3203487937988347,14
Tapejara,2023,0,16330,27.54,44772.99,cobertura alta,84.62,90.02,84.62,90.02,10.709360334798998,3.315639493300509,15
Tapejara,2024,1,16255,27.42,44979.58,cobertura alta,84.62,90.02,84.62,90.02,10.713963887986386,3.3112726741341683,16
Tapejara,2025,2,16326,27.54,44783.96,cobertura alta,84.62,90.02,84.62,90.02,10.709605318578701,3.315639493300509,17
Tapejara,2026,0,16326,27.54,44783.96,cobertura alta,84.62,90.02,84.62,90.02,10.709605318578701,3.315639493300509,18
Tapira,2008,67,5944,13.65,7710.63,sem rede,,64.3,0.0,64.3,8.950355175281384,2.613739521630969,0
Tapira,2009,53,5904,13.56,7890.24,sem rede,,64.3,0.0,64.3,8.973381831628245,2.6071242825122494,1
Tapira,2010,68,5853,13.44,9505.89,sem rede,,64.3,0.0,64.3,9.159666885468038,2.5982353350950036,2
Tapira,2011,57,5802,13.33,11002.24,sem rede,,64.3,0.0,64.3,9.305854167413074,2.5900171341906173,3
Tapira,2012,42,5769,13.25,12165.37,sem rede,,64.3,0.0,64.3,9.406348669880453,2.583997552432231,4
Tapira,2013,20,5906,13.56,14835.59,sem rede,,64.3,0.0,64.3,9.604784302746353,2.6071242825122494,5
Tapira,2014,7,5878,13.5,16555.12,sem rede,,64.3,0.0,64.3,9.714450698520464,2.6026896854443837,6
Tapira,2015,7,5851,13.44,17524.87,sem rede,,64.3,0.0,64.3,9.771376293900955,2.5982353350950036,7
Tapira,2016,5,5824,13.38,20744.85,sem rede,,64.3,0.0,64.3,9.940053302082838,2.5937610547000824,8
Tapira,2017,1,5798,13.32,21818.73,sem rede,,64.3,0.0,64.3,9.99052405421013,2.589266665112243,9
Tapira,2018,1,5584,12.82,23109.42,sem rede,,64.3,0.0,64.3,10.047995605593032,2.551006451492524,10
Tapira,2019,3,5539,12.72,23630.44,sem rede,,64.3,0.0,64.3,10.070290990405395,2.543175557911976,11
Tapira,2020,4,5495,12.62,24251.32,sem rede,,64.3,0.0,64.3,10.096226327873898,2.5352828571130672,12
Tapira,2021,6,5452,12.52,28140.68,sem rede,,64.3,0.0,64.3,10.24497149526625,2.5273273656719524,13
Tapira,2022,5,5572,12.8,27914.21,sem rede,,64.3,0.0,64.3,10.236891157146976,2.5494451709255714,14
Tapira,2023,2,5693,13.08,32972.77,sem rede,,64.3,0.0,64.3,10.403437348308563,2.5710843460290524,15
Tapira,2024,4,5813,13.35,32292.1,sem rede,,64.3,0.0,64.3,10.382577897252338,2.5915163848462583,16
Tapira,2025,2,5807,13.34,32325.47,sem rede,,64.3,0.0,64.3,10.383610743364208,2.590767040487478,17
Tapira,2026,0,5807,13.34,32325.47,sem rede,,64.3,0.0,64.3,10.383610743364208,2.590767040487478,18
Teixeira Soares,2008,79,10337,11.42,11548.52,cobertura baixa,33.17,60.17,33.17,60.17,9.35431256921136,2.435366204227864,0
Teixeira Soares,2009,37,10548,11.66,9079.92,cobertura baixa,33.17,60.17,33.17,60.17,9.113820660983839,2.4561641809223462,1
Teixeira Soares,2010,97,10496,11.6,11701.98,cobertura baixa,33.17,60.17,33.17,60.17,9.367513337237167,2.451005098112319,2
Teixeira Soares,2011,54,10444,11.54,14721.28,cobertura baixa,33.17,60.17,33.17,60.17,9.597049345024107,2.4458192610799534,3
Teixeira Soares,2012,104,10599,11.71,17820.17,cobertura baixa,33.17,60.17,33.17,60.17,9.78808624082217,2.460443177609626,4
Teixeira Soares,2013,52,11140,12.31,21241.65,cobertura baixa,33.17,60.17,33.17,60.17,9.963719155954479,2.510411940196362,5
Teixeira Soares,2014,33,11321,12.51,22676.44,cobertura baixa,33.17,60.17,33.17,60.17,10.029081779030859,2.5265283244788197,6
Teixeira Soares,2015,36,11495,12.7,25639.41,cobertura baixa,33.17,60.17,33.17,60.17,10.151885899849415,2.5416019934645457,7
Teixeira Soares,2016,66,11666,12.89,28127.72,cobertura baixa,33.17,60.17,33.17,60.17,10.244510845941614,2.556451816951096,8
Teixeira Soares,2017,62,11834,13.08,29202.13,cobertura baixa,33.17,60.17,33.17,60.17,10.28199693080148,2.5710843460290524,9
Teixeira Soares,2018,43,12163,13.44,31218.7,cobertura baixa,33.17,60.17,33.17,60.17,10.34877255322808,2.5982353350950036,10
Teixeira Soares,2019,39,12367,13.67,30453.46,cobertura baixa,33.17,60.17,33.17,60.17,10.323954895582604,2.6152036507358583,11
Teixeira Soares,2020,6,12567,13.89,42104.72,cobertura baixa,33.17,60.17,33.17,60.17,10.647915127400418,2.6311691567662523,12
Teixeira Soares,2021,3,12761,14.1,48303.74,cobertura baixa,33.17,60.17,33.17,60.17,10.785264269355121,2.6461747973841225,13
Teixeira Soares,2022,6,11701,12.93,50870.61,cobertura baixa,33.17,60.17,33.17,60.17,10.837040629095416,2.559550192783766,14
Teixeira Soares,2023,1,10641,11.76,59494.69,cobertura baixa,33.17,60.17,33.17,60.17,10.993642343853786,2.464703942470481,15
Teixeira Soares,2024,3,9581,10.59,66076.92,cobertura baixa,33.17,60.17,33.17,60.17,11.098574796939081,2.359910159613315,16
Teixeira Soares,2025,1,9540,10.54,66360.9,cobertura baixa,33.17,60.17,33.17,60.17,11.102863306599392,2.355177543113216,17
Teixeira Soares,2026,7,9540,10.54,66360.9,cobertura baixa,33.17,60.17,33.17,60.17,11.102863306599392,2.355177543113216,18
Telêmaco Borba,2008,324,68584,49.48,22276.26,cobertura alta,98.61,99.24,98.61,99.24,10.0112768163958,3.901568547524287,0
Telêmaco Borba,2009,254,69278,49.98,22360.2,cobertura alta,98.61,99.24,98.61,99.24,10.015037871772861,3.9116229254068062,1
Telêmaco Borba,2010,344,69906,50.43,25810.19,cobertura alta,98.61,99.24,98.61,99.24,10.158524654173359,3.920586236088634,2
Telêmaco Borba,2011,322,70535,50.88,27688.28,cobertura alta,98.61,99.24,98.61,99.24,10.228764497948243,3.9294699190318667,3
Telêmaco Borba,2012,417,71176,51.35,28299.43,cobertura alta,98.61,99.24,98.61,99.24,10.250596942085734,3.9386649363745674,4
Telêmaco Borba,2013,349,74270,53.58,30974.57,cobertura alta,98.61,99.24,98.61,99.24,10.34092182423795,3.9811758641164627,5
Telêmaco Borba,2014,371,75054,54.14,33765.64,cobertura alta,98.61,99.24,98.61,99.24,10.42719899636803,3.9915732841861553,6
Telêmaco Borba,2015,284,75809,54.69,38927.45,cobertura alta,98.61,99.24,98.61,99.24,10.569454936275733,4.001680877358681,7
Telêmaco Borba,2016,193,76550,55.22,44276.3,cobertura alta,98.61,99.24,98.61,99.24,10.698204824162387,4.011325206502009,8
Telêmaco Borba,2017,240,77276,55.75,49762.5,cobertura alta,98.61,99.24,98.61,99.24,10.815016967308573,4.020877410340228,9
Telêmaco Borba,2018,139,78135,56.37,43919.82,cobertura alta,98.61,99.24,98.61,99.24,10.690120977814358,4.031937102093484,10
Telêmaco Borba,2019,60,78974,56.97,45295.02,cobertura alta,98.61,99.24,98.61,99.24,10.72095237165313,4.042524813492304,11
Telêmaco Borba,2020,61,79792,57.56,52896.03,cobertura alta,98.61,99.24,98.61,99.24,10.876083567771225,4.052827882019167,12
Telêmaco Borba,2021,18,80588,58.14,60969.88,cobertura alta,98.61,99.24,98.61,99.24,11.018135250718853,4.06285389513073,13
Telêmaco Borba,2022,24,79453,57.32,63770.85,cobertura alta,98.61,99.24,98.61,99.24,11.063051468372123,4.048649602959971,14
Telêmaco Borba,2023,16,78317,56.5,81839.51,cobertura alta,98.61,99.24,98.61,99.24,11.312515413315307,4.034240638152395,15
Telêmaco Borba,2024,19,77182,55.68,83043.0,cobertura alta,98.61,99.24,98.61,99.24,11.327113824914775,4.019621016026164,16
Telêmaco Borba,2025,62,77479,55.89,82724.67,cobertura alta,98.61,99.24,98.61,99.24,11.323273143661275,4.023385473281607,17
Telêmaco Borba,2026,68,77479,55.89,82724.67,cobertura alta,98.61,99.24,98.61,99.24,11.323273143661275,4.023385473281607,18
Terra Boa,2008,86,15041,46.77,8594.71,cobertura alta,75.8,96.19,75.8,96.19,9.058902176700895,3.845241971737795,0
Terra Boa,2009,76,15069,46.86,9441.57,cobertura alta,75.8,96.19,75.8,96.19,9.152877558870301,3.8471644330796497,1
Terra Boa,2010,101,15466,48.09,11742.73,cobertura alta,75.8,96.19,75.8,96.19,9.370989604679735,3.873074255289571,2
Terra Boa,2011,45,15864,49.33,14483.17,cobertura alta,75.8,96.19,75.8,96.19,9.580742564631574,3.8985324152456466,3
Terra Boa,2012,79,15948,49.59,16715.14,cobertura alta,75.8,96.19,75.8,96.19,9.724070174529563,3.9037892005010426,4
Terra Boa,2013,40,16562,51.5,17928.51,cobertura alta,75.8,96.19,75.8,96.19,9.794147462197971,3.9415818076696905,5
Terra Boa,2014,40,16674,51.85,20151.61,cobertura alta,75.8,96.19,75.8,96.19,9.911039464927352,3.948354934675536,6
Terra Boa,2015,57,16781,52.18,21474.47,cobertura alta,75.8,96.19,75.8,96.19,9.974620066687601,3.9546992797085823,7
Terra Boa,2016,47,16887,52.51,23608.99,cobertura alta,75.8,96.19,75.8,96.19,10.06938285068084,3.961003627649768,8
Terra Boa,2017,53,16991,52.83,26366.55,cobertura alta,75.8,96.19,75.8,96.19,10.179851440299085,3.9670792111762245,9
Terra Boa,2018,51,16984,52.81,28607.4,cobertura alta,75.8,96.19,75.8,96.19,10.261420704598939,3.966700566718842,10
Terra Boa,2019,55,17094,53.15,27313.97,cobertura alta,75.8,96.19,75.8,96.19,10.215153571899918,3.973118104787957,11
Terra Boa,2020,28,17200,53.48,30705.23,cobertura alta,75.8,96.19,75.8,96.19,10.332188277372149,3.9793077522337423,12
Terra Boa,2021,36,17304,53.81,32906.61,cobertura alta,75.8,96.19,75.8,96.19,10.401428828427482,3.9854593235013285,13
Terra Boa,2022,11,17552,54.58,34988.26,cobertura alta,75.8,96.19,75.8,96.19,10.462767855631375,3.9996675152801924,14
Terra Boa,2023,18,17800,55.35,39883.26,cobertura alta,75.8,96.19,75.8,96.19,10.593711965970522,4.013676659154646,15
Terra Boa,2024,4,18048,56.12,39335.22,cobertura alta,75.8,96.19,75.8,96.19,10.57987557973105,4.02749225523426,16
Terra Boa,2025,15,18168,56.49,39075.41,cobertura alta,75.8,96.19,75.8,96.19,10.573248647876985,4.034063631337171,17
Terra Boa,2026,1,18168,56.49,39075.41,cobertura alta,75.8,96.19,75.8,96.19,10.573248647876985,4.034063631337171,18
Terra Rica,2008,41,14955,21.29,9417.85,cobertura baixa,41.46,86.12,41.46,86.12,9.150362103728268,3.058237478905388,0
Terra Rica,2009,16,15060,21.44,10623.51,cobertura baixa,41.46,86.12,41.46,86.12,9.270824748664612,3.0652583362026014,1
Terra Rica,2010,36,15196,21.63,10647.21,cobertura baixa,41.46,86.12,41.46,86.12,9.27305316498597,3.0740812399649675,2
Terra Rica,2011,13,15331,21.83,13504.6,cobertura baixa,41.46,86.12,41.46,86.12,9.51078564712832,3.0832851705618523,3
Terra Rica,2012,15,15437,21.98,14077.67,cobertura baixa,41.46,86.12,41.46,86.12,9.552345133063673,3.090132948975475,4
Terra Rica,2013,35,16063,22.87,16097.99,cobertura baixa,41.46,86.12,41.46,86.12,9.686449698458306,3.12982600803469,5
Terra Rica,2014,13,16197,23.06,17332.41,cobertura baixa,41.46,86.12,41.46,86.12,9.76033343824583,3.138099514840913,6
Terra Rica,2015,24,16326,23.24,18142.9,cobertura baixa,41.46,86.12,41.46,86.12,9.806034578587349,3.1458749319837103,7
Terra Rica,2016,20,16453,23.42,19942.87,cobertura baixa,41.46,86.12,41.46,86.12,9.900626964954029,3.1535903581695712,8
Terra Rica,2017,17,16578,23.6,22597.42,cobertura baixa,41.46,86.12,41.46,86.12,10.025591019451674,3.1612467120315646,9
Terra Rica,2018,15,16652,23.71,20955.74,cobertura baixa,41.46,86.12,41.46,86.12,9.950167873503252,3.165896900077314,10
Terra Rica,2019,17,16789,23.9,22035.74,cobertura baixa,41.46,86.12,41.46,86.12,10.000420959648432,3.173878458937465,11
Terra Rica,2020,10,16924,24.09,21241.73,cobertura baixa,41.46,86.12,41.46,86.12,9.963722922133158,3.18179681662678,12
Terra Rica,2021,7,17054,24.28,22056.7,cobertura baixa,41.46,86.12,41.46,86.12,10.001371689595732,3.1896529661912973,13
Terra Rica,2022,9,16366,23.3,24941.77,cobertura baixa,41.46,86.12,41.46,86.12,10.124299187044542,3.1484533605716547,14
Terra Rica,2023,9,15677,22.32,34416.41,cobertura baixa,41.46,86.12,41.46,86.12,10.446288764500244,3.1054831375131102,15
Terra Rica,2024,11,14989,21.34,35996.13,cobertura baixa,41.46,86.12,41.46,86.12,10.491166711659709,3.060583245873607,16
Terra Rica,2025,15,14961,21.3,36063.5,cobertura baixa,41.46,86.12,41.46,86.12,10.493036552502044,3.0587070727153796,17
Terra Rica,2026,5,14961,21.3,36063.5,cobertura baixa,41.46,86.12,41.46,86.12,10.493036552502044,3.0587070727153796,18
Terra Roxa,2008,157,16707,20.82,17963.61,cobertura baixa,59.17,79.35,59.17,79.35,9.796103323885122,3.035914063186823,0
Terra Roxa,2009,226,16734,20.85,16457.27,cobertura baixa,59.17,79.35,59.17,79.35,9.708522603853217,3.0373539482448106,1
Terra Roxa,2010,165,16764,20.89,19305.54,cobertura baixa,59.17,79.35,59.17,79.35,9.868147380335099,3.0392705755684744,2
Terra Roxa,2011,134,16795,20.93,23004.88,cobertura baixa,59.17,79.35,59.17,79.35,10.04346164631863,3.0411835364579085,3
Terra Roxa,2012,140,16829,20.97,22168.76,cobertura baixa,59.17,79.35,59.17,79.35,10.006439369607255,3.0430928449138284,4
Terra Roxa,2013,21,17402,21.68,30910.18,cobertura baixa,59.17,79.35,59.17,79.35,10.338840858467343,3.0763901765714454,5
Terra Roxa,2014,36,17461,21.76,30983.05,cobertura baixa,59.17,79.35,59.17,79.35,10.341195559738216,3.080073421987742,6
Terra Roxa,2015,45,17517,21.83,33861.22,cobertura baixa,59.17,79.35,59.17,79.35,10.430025685752744,3.0832851705618523,7
Terra Roxa,2016,40,17573,21.9,36575.88,cobertura baixa,59.17,79.35,59.17,79.35,10.507144285749261,3.086486636822455,8
Terra Roxa,2017,8,17627,21.97,34822.15,cobertura baixa,59.17,79.35,59.17,79.35,10.458008957538885,3.089677886396519,9
Terra Roxa,2018,5,17439,21.73,38867.19,cobertura baixa,59.17,79.35,59.17,79.35,10.56790572897682,3.078693794268338,10
Terra Roxa,2019,1,17481,21.78,35690.69,cobertura baixa,59.17,79.35,59.17,79.35,10.482645149443863,3.0809921175048145,11
Terra Roxa,2020,2,17522,21.83,52107.98,cobertura baixa,59.17,79.35,59.17,79.35,10.861073382999157,3.0832851705618523,12
Terra Roxa,2021,0,17562,21.88,51025.22,cobertura baixa,59.17,79.35,59.17,79.35,10.840075299280706,3.0855729775537806,13
Terra Roxa,2022,1,17891,22.29,41071.15,cobertura baixa,59.17,79.35,59.17,79.35,10.623061207532531,3.1041381473977774,14
Terra Roxa,2023,3,18219,22.7,50573.58,cobertura baixa,59.17,79.35,59.17,79.35,10.831184584528579,3.122364924487357,15
Terra Roxa,2024,2,18548,23.11,49676.51,cobertura baixa,59.17,79.35,59.17,79.35,10.813287464542318,3.1402654242862895,16
Terra Roxa,2025,8,18636,23.22,49441.94,cobertura baixa,59.17,79.35,59.17,79.35,10.808554330843926,3.1450139762697455,17
Terra Roxa,2026,5,18636,23.22,49441.94,cobertura baixa,59.17,79.35,59.17,79.35,10.808554330843926,3.1450139762697455,18
Tibagi,2008,58,19345,6.48,22177.1,cobertura baixa,62.7,69.41,62.7,69.41,10.006815503934035,1.8687205103641833,0
Tibagi,2009,33,19421,6.51,18354.77,cobertura baixa,62.7,69.41,62.7,69.41,9.817644765206825,1.873339456220478,1
Tibagi,2010,20,19418,6.51,20061.44,cobertura baixa,62.7,69.41,62.7,69.41,9.906554843585594,1.873339456220478,2
Tibagi,2011,12,19414,6.51,24655.09,cobertura baixa,62.7,69.41,62.7,69.41,10.112738649026742,1.873339456220478,3
Tibagi,2012,9,19482,6.53,30265.42,cobertura baixa,62.7,69.41,62.7,69.41,10.317761085645655,1.8764069432883397,4
Tibagi,2013,15,20184,6.76,39108.01,cobertura baixa,62.7,69.41,62.7,69.41,10.574082584327687,1.9110228900548727,5
Tibagi,2014,15,20283,6.8,34019.47,cobertura baixa,62.7,69.41,62.7,69.41,10.434688286757364,1.916922612182061,6
Tibagi,2015,6,20377,6.83,39411.98,cobertura baixa,62.7,69.41,62.7,69.41,10.58182510998258,1.9213246735826988,7
Tibagi,2016,4,20470,6.86,43332.93,cobertura baixa,62.7,69.41,62.7,69.41,10.676668133033985,1.925707441737794,8
Tibagi,2017,15,20562,6.89,42548.05,cobertura baixa,62.7,69.41,62.7,69.41,10.658389304514232,1.9300710850255671,9
Tibagi,2018,14,20436,6.85,43874.98,cobertura baixa,62.7,69.41,62.7,69.41,10.689099504927608,1.9242486522741338,10
Tibagi,2019,7,20522,6.88,41019.05,cobertura baixa,62.7,69.41,62.7,69.41,10.621791871923765,1.9286186519452522,11
Tibagi,2020,5,20607,6.91,57407.0,cobertura baixa,62.7,69.41,62.7,69.41,10.957921526091724,1.9329696377795786,12
Tibagi,2021,2,20688,6.93,69608.47,cobertura baixa,62.7,69.41,62.7,69.41,11.150641534320526,1.9358598132018119,13
Tibagi,2022,0,20560,6.89,81874.46,cobertura baixa,62.7,69.41,62.7,69.41,11.312942377495956,1.9300710850255671,14
Tibagi,2023,7,20432,6.85,70899.77,cobertura baixa,62.7,69.41,62.7,69.41,11.169022468509315,1.9242486522741338,15
Tibagi,2024,14,20304,6.8,71346.73,cobertura baixa,62.7,69.41,62.7,69.41,11.175306791441281,1.916922612182061,16
Tibagi,2025,6,20374,6.83,71101.6,cobertura baixa,62.7,69.41,62.7,69.41,11.171865119054306,1.9213246735826988,17
Tibagi,2026,7,20374,6.83,71101.6,cobertura baixa,62.7,69.41,62.7,69.41,11.171865119054306,1.9213246735826988,18
Tijucas do Sul,2008,27,13633,20.25,8977.55,sem rede,,61.99,0.0,61.99,9.102482295563982,3.0081547935525483,0
Tijucas do Sul,2009,31,13762,20.45,11695.32,sem rede,,61.99,0.0,61.99,9.366944040764508,3.017982882488811,1
Tijucas do Sul,2010,93,14237,21.15,15163.8,sem rede,,61.99,0.0,61.99,9.626666287417093,3.0516399054922867,2
Tijucas do Sul,2011,11,14712,21.86,15432.23,sem rede,,61.99,0.0,61.99,9.644213458569887,3.0846584827483925,3
Tijucas do Sul,2012,19,14881,22.11,19034.07,sem rede,,61.99,0.0,61.99,9.85398581025503,3.096029994869355,4
Tijucas do Sul,2013,10,15575,23.14,23321.41,sem rede,,61.99,0.0,61.99,10.057127101758391,3.1415627217655304,5
Tijucas do Sul,2014,15,15776,23.44,24266.35,sem rede,,61.99,0.0,61.99,10.096845895980973,3.154443964708812,6
Tijucas do Sul,2015,0,15970,23.73,22377.77,sem rede,,61.99,0.0,61.99,10.015823334363288,3.166740070447672,7
Tijucas do Sul,2016,5,16161,24.01,21807.75,sem rede,,61.99,0.0,61.99,9.990020690187553,3.178470410233162,8
Tijucas do Sul,2017,5,16348,24.29,18641.42,sem rede,,61.99,0.0,61.99,9.833141265595524,3.190064743014081,9
Tijucas do Sul,2018,3,16646,24.73,19517.42,sem rede,,61.99,0.0,61.99,9.87906267910043,3.208017081533325,10
Tijucas do Sul,2019,9,16868,25.06,19460.64,sem rede,,61.99,0.0,61.99,9.876149243174533,3.221272949467922,11
Tijucas do Sul,2020,1,17084,25.38,24605.01,sem rede,,61.99,0.0,61.99,10.110705359721456,3.2339614622862416,12
Tijucas do Sul,2021,4,17295,25.69,33326.63,sem rede,,61.99,0.0,61.99,10.414112056078803,3.2461018111217923,13
Tijucas do Sul,2022,11,17623,26.18,36125.12,sem rede,,61.99,0.0,61.99,10.494743747208524,3.264995760481754,14
Tijucas do Sul,2023,34,17951,26.67,30871.54,sem rede,,61.99,0.0,61.99,10.337590002873224,3.283539338193923,15
Tijucas do Sul,2024,21,18279,27.16,30317.58,sem rede,,61.99,0.0,61.99,10.319483021267468,3.3017453026904953,16
Tijucas do Sul,2025,49,18458,27.42,30023.57,sem rede,,61.99,0.0,61.99,10.309738018836464,3.3112726741341683,17
Tijucas do Sul,2026,19,18458,27.42,30023.57,sem rede,,61.99,0.0,61.99,10.309738018836464,3.3112726741341683,18
Toledo,2008,330,115136,95.91,18800.71,cobertura alta,91.78,91.91,91.78,91.91,9.841649914062371,4.563410251739859,0
Toledo,2009,250,116774,97.28,20119.73,cobertura alta,91.78,91.91,91.78,91.91,9.909456204640533,4.577593418217857,1
Toledo,2010,59,118854,99.01,20514.63,cobertura alta,91.78,91.91,91.78,91.91,9.928893569129924,4.595220855134423,2
Toledo,2011,176,120934,100.74,23625.08,cobertura alta,91.78,91.91,91.78,91.91,10.070064138599596,4.612542940317504,3
Toledo,2012,238,122502,102.05,26778.58,cobertura alta,91.78,91.91,91.78,91.91,10.19535759319405,4.625462889255854,4
Toledo,2013,125,128448,107.0,30940.47,cobertura alta,91.78,91.91,91.78,91.91,10.33982031470334,4.672828834461906,5
Toledo,2014,244,130295,108.54,34298.18,cobertura alta,91.78,91.91,91.78,91.91,10.442847570521744,4.6871187686352584,6
Toledo,2015,72,132077,110.03,36891.81,cobertura alta,91.78,91.91,91.78,91.91,10.515744854174288,4.700753055881822,7
Toledo,2016,74,133824,111.48,40406.32,cobertura alta,91.78,91.91,91.78,91.91,10.606741487358027,4.713845202613747,8
Toledo,2017,27,135538,112.91,43760.73,cobertura alta,91.78,91.91,91.78,91.91,10.686492118858002,4.726591041192431,9
Toledo,2018,26,138572,115.44,44448.3,cobertura alta,91.78,91.91,91.78,91.91,10.702081994991335,4.7487509144656155,10
Toledo,2019,22,140635,117.16,44031.64,cobertura alta,91.78,91.91,91.78,91.91,10.6926637453875,4.763540521959532,11
Toledo,2020,14,142645,118.83,47558.62,cobertura alta,91.78,91.91,91.78,91.91,10.769718334403931,4.7776939003019345,12
Toledo,2021,9,144601,120.46,51743.69,cobertura alta,91.78,91.91,91.78,91.91,10.85405777132611,4.791317747615575,13
Toledo,2022,12,149274,124.35,56509.53,cobertura alta,91.78,91.91,91.78,91.91,10.942164575477285,4.823100170249414,14
Toledo,2023,24,153947,128.25,61765.23,cobertura alta,91.78,91.91,91.78,91.91,11.031095863755771,4.853981484050879,15
Toledo,2024,40,158620,132.14,59945.61,cobertura alta,91.78,91.91,91.78,91.91,11.00119293008464,4.8838619666017395,16
Toledo,2025,31,160701,133.87,59169.34,cobertura alta,91.78,91.91,91.78,91.91,10.988158781307364,4.896869179797807,17
Toledo,2026,20,160701,133.87,59169.34,cobertura alta,91.78,91.91,91.78,91.91,10.988158781307364,4.896869179797807,18
Tomazina,2008,75,8920,15.04,8069.62,cobertura baixa,49.43,51.6,49.43,51.6,8.995861672175147,2.7107133185216936,0
Tomazina,2009,10,8808,14.85,8105.93,cobertura baixa,49.43,51.6,49.43,51.6,9.000351171572383,2.6979998652487085,1
Tomazina,2010,0,8756,14.76,11624.37,cobertura baixa,49.43,51.6,49.43,51.6,9.360859035438647,2.6919208191723265,2
Tomazina,2011,1,8704,14.68,11828.93,cobertura baixa,49.43,51.6,49.43,51.6,9.378303504868239,2.6864860231863696,3
Tomazina,2012,32,8619,14.53,13744.29,cobertura baixa,49.43,51.6,49.43,51.6,9.528378744117846,2.6762154775821916,4
Tomazina,2013,44,8776,14.8,15327.83,cobertura baixa,49.43,51.6,49.43,51.6,9.637425409334941,2.6946271807700692,5
Tomazina,2014,56,8696,14.66,15283.23,cobertura baixa,49.43,51.6,49.43,51.6,9.634511427815891,2.6851226964585053,6
Tomazina,2015,40,8619,14.53,16473.6,cobertura baixa,49.43,51.6,49.43,51.6,9.709514378521698,2.6762154775821916,7
Tomazina,2016,45,8544,14.41,19587.31,cobertura baixa,49.43,51.6,49.43,51.6,9.882637186553413,2.667922410011431,8
Tomazina,2017,62,8470,14.28,21021.61,cobertura baixa,49.43,51.6,49.43,51.6,9.95330623521806,2.658859956911438,9
Tomazina,2018,60,8032,13.54,24895.17,cobertura baixa,49.43,51.6,49.43,51.6,10.122429087733426,2.605648267484129,10
Tomazina,2019,45,7918,13.35,25477.9,cobertura baixa,49.43,51.6,49.43,51.6,10.145566688707166,2.5915163848462583,11
Tomazina,2020,37,7807,13.16,33550.53,cobertura baixa,49.43,51.6,49.43,51.6,10.420807939592487,2.5771819258971713,12
Tomazina,2021,21,7699,12.98,42103.65,cobertura baixa,49.43,51.6,49.43,51.6,10.647889714249681,2.563409711275944,13
Tomazina,2022,49,7964,13.43,46511.3,cobertura baixa,49.43,51.6,49.43,51.6,10.747450572805805,2.5974910105351463,14
Tomazina,2023,46,8230,13.88,42583.84,cobertura baixa,49.43,51.6,49.43,51.6,10.659230117565805,2.6304489550786583,15
Tomazina,2024,23,8495,14.32,41255.44,cobertura baixa,49.43,51.6,49.43,51.6,10.627538261855463,2.6616571615324998,16
Tomazina,2025,6,8523,14.37,41119.91,cobertura baixa,49.43,51.6,49.43,51.6,10.624247711410698,2.6651427000909336,17
Tomazina,2026,6,8523,14.37,41119.91,cobertura baixa,49.43,51.6,49.43,51.6,10.624247711410698,2.6651427000909336,18
Três Barras do Paraná,2008,35,12073,23.83,9922.39,cobertura baixa,59.83,67.87,59.83,67.87,9.202549098679924,3.170945291110651,0
Três Barras do Paraná,2009,37,12088,23.86,10678.36,cobertura baixa,59.83,67.87,59.83,67.87,9.275974542670507,3.17220341666977,1
Três Barras do Paraná,2010,40,11956,23.6,13327.28,cobertura baixa,59.83,67.87,59.83,67.87,9.497568341338761,3.1612467120315646,2
Três Barras do Paraná,2011,21,11825,23.34,15887.19,cobertura baixa,59.83,67.87,59.83,67.87,9.673268403112223,3.15016862685841,3
Três Barras do Paraná,2012,19,11825,23.34,16127.36,cobertura baixa,59.83,67.87,59.83,67.87,9.68827248754404,3.15016862685841,4
Três Barras do Paraná,2013,14,12196,24.07,20770.33,cobertura baixa,59.83,67.87,59.83,67.87,9.941280805044373,3.1809662517949806,5
Três Barras do Paraná,2014,15,12212,24.11,20420.32,cobertura baixa,59.83,67.87,59.83,67.87,9.924285762506742,3.1826266921930797,6
Três Barras do Paraná,2015,14,12227,24.14,22995.75,cobertura baixa,59.83,67.87,59.83,67.87,10.043064695228182,3.1838702156693857,7
Três Barras do Paraná,2016,8,12242,24.17,25038.64,cobertura baixa,59.83,67.87,59.83,67.87,10.128175510639984,3.1851121947153915,8
Três Barras do Paraná,2017,21,12256,24.19,26365.45,cobertura baixa,59.83,67.87,59.83,67.87,10.179809719901597,3.185939324621936,9
Três Barras do Paraná,2018,24,12043,23.77,26456.61,cobertura baixa,59.83,67.87,59.83,67.87,10.183261311547314,3.1684242813721024,10
Três Barras do Paraná,2019,27,12040,23.77,27056.15,cobertura baixa,59.83,67.87,59.83,67.87,10.205669615179765,3.1684242813721024,11
Três Barras do Paraná,2020,28,12038,23.76,36117.05,cobertura baixa,59.83,67.87,59.83,67.87,10.4945203319918,3.168003494494444,12
Três Barras do Paraná,2021,9,12036,23.76,36221.0,cobertura baixa,59.83,67.87,59.83,67.87,10.497394340112052,3.168003494494444,13
Três Barras do Paraná,2022,26,11756,23.21,38658.73,cobertura baixa,59.83,67.87,59.83,67.87,10.562527901731269,3.1445832202863455,14
Três Barras do Paraná,2023,43,11477,22.65,39518.17,cobertura baixa,59.83,67.87,59.83,67.87,10.584515845121647,3.120159851929043,15
Três Barras do Paraná,2024,37,11197,22.1,40506.39,cobertura baixa,59.83,67.87,59.83,67.87,10.609215018426804,3.095577608523707,16
Três Barras do Paraná,2025,25,11157,22.02,40651.61,cobertura baixa,59.83,67.87,59.83,67.87,10.612793720587709,3.091951131294534,17
Três Barras do Paraná,2026,13,11157,22.02,40651.61,cobertura baixa,59.83,67.87,59.83,67.87,10.612793720587709,3.091951131294534,18
Tunas do Paraná,2008,4,6465,9.65,7348.8,sem rede,,72.37,0.0,72.37,8.902292313571529,2.2669579153508947,0
Tunas do Paraná,2009,3,6753,10.08,7419.37,sem rede,,72.37,0.0,72.37,8.911849426896358,2.3105532626432224,1
Tunas do Paraná,2010,4,6606,9.86,8024.67,sem rede,,72.37,0.0,72.37,8.990275825657378,2.288486168614544,2
Tunas do Paraná,2011,1,6460,9.64,9623.37,sem rede,,72.37,0.0,72.37,9.171949794165194,2.265921108622454,3
Tunas do Paraná,2012,1,6656,9.94,12344.05,sem rede,,72.37,0.0,72.37,9.420929444585669,2.2965670206684825,4
Tunas do Paraná,2013,0,7127,10.64,12363.69,sem rede,,72.37,0.0,72.37,9.422519230145703,2.3646204839134985,5
Tunas do Paraná,2014,0,7347,10.97,14497.35,sem rede,,72.37,0.0,72.37,9.581721153085585,2.395164274287139,6
Tunas do Paraná,2015,0,7559,11.29,14035.19,sem rede,,72.37,0.0,72.37,9.54932302628896,2.4239173781615704,7
Tunas do Paraná,2016,0,7767,11.6,13696.79,sem rede,,72.37,0.0,72.37,9.5249167777928,2.451005098112319,8
Tunas do Paraná,2017,2,7971,11.9,14337.6,sem rede,,72.37,0.0,72.37,9.570640736129954,2.4765384001174837,9
Tunas do Paraná,2018,0,8509,12.7,12947.58,sem rede,,72.37,0.0,72.37,9.468664177077954,2.5416019934645457,10
Tunas do Paraná,2019,3,8769,13.09,13596.76,sem rede,,72.37,0.0,72.37,9.51758680804749,2.5718485799218085,11
Tunas do Paraná,2020,0,9022,13.47,13577.92,sem rede,,72.37,0.0,72.37,9.516200222960306,2.6004649904222727,12
Tunas do Paraná,2021,0,9269,13.84,15549.57,sem rede,,72.37,0.0,72.37,9.651788264491918,2.6275629501895237,13
Tunas do Paraná,2022,1,8280,12.36,16042.15,sem rede,,72.37,0.0,72.37,9.68297491233821,2.514465452029545,14
Tunas do Paraná,2023,0,7291,10.89,19540.12,sem rede,,72.37,0.0,72.37,9.880225066826636,2.387844936944869,15
Tunas do Paraná,2024,0,6302,9.41,22606.63,sem rede,,72.37,0.0,72.37,10.025998505069774,2.2417729535972883,16
Tunas do Paraná,2025,2,6304,9.41,22599.46,sem rede,,72.37,0.0,72.37,10.025681291169606,2.2417729535972883,17
Tunas do Paraná,2026,0,6304,9.41,22599.46,sem rede,,72.37,0.0,72.37,10.025681291169606,2.2417729535972883,18
Tuneiras do Oeste,2008,17,8806,12.57,9267.32,cobertura baixa,60.91,63.74,60.91,63.74,9.13424951212248,2.531313022602156,0
Tuneiras do Oeste,2009,3,8777,12.53,9721.32,cobertura baixa,60.91,63.74,60.91,63.74,9.1820766907033,2.528125768907977,1
Tuneiras do Oeste,2010,7,8724,12.45,10547.34,cobertura baixa,60.91,63.74,60.91,63.74,9.263628974411997,2.5217206229107165,2
Tuneiras do Oeste,2011,4,8671,12.38,11354.86,cobertura baixa,60.91,63.74,60.91,63.74,9.33740112509333,2.5160822672564502,3
Tuneiras do Oeste,2012,6,8647,12.34,13958.25,cobertura baixa,60.91,63.74,60.91,63.74,9.543826010292182,2.5128460184772416,4
Tuneiras do Oeste,2013,3,8887,12.69,17255.2,cobertura baixa,60.91,63.74,60.91,63.74,9.755868826308165,2.540814281726296,5
Tuneiras do Oeste,2014,4,8873,12.67,17973.85,cobertura baixa,60.91,63.74,60.91,63.74,9.796673202795713,2.5392369943330477,6
Tuneiras do Oeste,2015,3,8860,12.65,18633.07,cobertura baixa,60.91,63.74,60.91,63.74,9.832693237995969,2.5376572151735295,7
Tuneiras do Oeste,2016,16,8847,12.63,20809.31,cobertura baixa,60.91,63.74,60.91,63.74,9.943155761701977,2.5360749363624,8
Tuneiras do Oeste,2017,20,8833,12.61,23407.34,cobertura baixa,60.91,63.74,60.91,63.74,10.060804927373683,2.534490149976828,9
Tuneiras do Oeste,2018,28,8599,12.28,23395.16,cobertura baixa,60.91,63.74,60.91,63.74,10.060284442345107,2.5079719227189963,10
Tuneiras do Oeste,2019,40,8566,12.23,21894.7,cobertura baixa,60.91,63.74,60.91,63.74,9.993999877383237,2.503891949699081,11
Tuneiras do Oeste,2020,10,8533,12.18,29893.0,cobertura baixa,60.91,63.74,60.91,63.74,10.30537961825751,2.4997952622817508,12
Tuneiras do Oeste,2021,9,8502,12.14,27490.12,cobertura baixa,60.91,63.74,60.91,63.74,10.221581946373481,2.4965057856313524,13
Tuneiras do Oeste,2022,7,8366,11.94,28562.4,cobertura baixa,60.91,63.74,60.91,63.74,10.25984644653634,2.479894107964456,14
Tuneiras do Oeste,2023,9,8231,11.75,36146.4,cobertura baixa,60.91,63.74,60.91,63.74,10.495332637565749,2.463853240590168,15
Tuneiras do Oeste,2024,2,8095,11.56,36753.68,cobertura baixa,60.91,63.74,60.91,63.74,10.511993635682124,2.4475508632442313,16
Tuneiras do Oeste,2025,0,8067,11.52,36881.24,cobertura baixa,60.91,63.74,60.91,63.74,10.515458299664957,2.444084655267745,17
Tuneiras do Oeste,2026,0,8067,11.52,36881.24,cobertura baixa,60.91,63.74,60.91,63.74,10.515458299664957,2.444084655267745,18
Tupãssi,2008,39,7960,26.5,17516.08,sem rede,,88.9,0.0,88.9,9.770874595163656,3.2771447329921766,0
Tupãssi,2009,55,7947,26.45,16493.39,sem rede,,88.9,0.0,88.9,9.710714973564022,3.2752561583043085,1
Tupãssi,2010,124,7972,26.54,18207.6,sem rede,,88.9,0.0,88.9,9.809594368319196,3.2786530289040616,2
Tupãssi,2011,124,7996,26.62,21517.26,sem rede,,88.9,0.0,88.9,9.976610682749332,3.2816628129669656,3
Tupãssi,2012,140,7994,26.61,23856.02,sem rede,,88.9,0.0,88.9,10.079791875367683,3.281287084989598,4
Tupãssi,2013,236,8243,27.44,31587.29,sem rede,,88.9,0.0,88.9,10.360510103474905,3.3120018028576843,5
Tupãssi,2014,234,8252,27.47,32797.75,sem rede,,88.9,0.0,88.9,10.39811519445834,3.3130945001071823,6
Tupãssi,2015,121,8261,27.5,34924.83,sem rede,,88.9,0.0,88.9,10.460953316539944,3.3141860046725258,7
Tupãssi,2016,118,8269,27.53,39054.06,sem rede,,88.9,0.0,88.9,10.572702119133568,3.315276319154516,8
Tupãssi,2017,43,8277,27.55,39231.0,sem rede,,88.9,0.0,88.9,10.577222529574613,3.3160025355989236,9
Tupãssi,2018,48,8128,27.06,42172.24,sem rede,,88.9,0.0,88.9,10.649517463660443,3.2980566227426418,10
Tupãssi,2019,22,8124,27.04,40256.28,sem rede,,88.9,0.0,88.9,10.60302129552082,3.2973172511747633,11
Tupãssi,2020,7,8109,26.99,50964.85,sem rede,,88.9,0.0,88.9,10.838891458401871,3.2954664270299134,12
Tupãssi,2021,4,8105,26.98,53229.73,sem rede,,88.9,0.0,88.9,10.882372353826304,3.2950958507796098,13
Tupãssi,2022,1,8138,27.09,54208.28,sem rede,,88.9,0.0,88.9,10.900588943287643,3.2991646560970036,14
Tupãssi,2023,1,8171,27.2,63690.74,sem rede,,88.9,0.0,88.9,11.061794462076373,3.3032169733019514,15
Tupãssi,2024,3,8204,27.31,63434.54,sem rede,,88.9,0.0,88.9,11.057763787031105,3.3072529354856135,16
Tupãssi,2025,2,8208,27.32,63403.63,sem rede,,88.9,0.0,88.9,11.057276394306788,3.307619034702589,17
Tupãssi,2026,0,8208,27.32,63403.63,sem rede,,88.9,0.0,88.9,11.057276394306788,3.307619034702589,18
Turvo,2008,50,14391,15.29,9942.12,cobertura baixa,13.18,57.56,13.18,57.56,9.20453555658781,2.727199019940971,0
Turvo,2009,72,14363,15.26,12615.05,cobertura baixa,13.18,57.56,13.18,57.56,9.442645824602778,2.725235025856311,1
Turvo,2010,35,14040,14.92,14384.76,cobertura baixa,13.18,57.56,13.18,57.56,9.573924591800587,2.702702594775615,2
Turvo,2011,24,13717,14.57,16199.39,cobertura baixa,13.18,57.56,13.18,57.56,9.692728866190546,2.6789646202071133,3
Turvo,2012,33,13628,14.48,17500.81,cobertura baixa,13.18,57.56,13.18,57.56,9.770002444554741,2.6727683869575705,4
Turvo,2013,66,13937,14.81,20089.4,cobertura baixa,13.18,57.56,13.18,57.56,9.907947591758216,2.6953026282797072,5
Turvo,2014,99,13860,14.72,22086.36,cobertura baixa,13.18,57.56,13.18,57.56,10.002715502392734,2.6892071133007303,6
Turvo,2015,79,13785,14.64,23243.67,cobertura baixa,13.18,57.56,13.18,57.56,10.05378811588203,2.6837575085331657,7
Turvo,2016,62,13712,14.57,27665.04,cobertura baixa,13.18,57.56,13.18,57.56,10.227924801201398,2.6789646202071133,8
Turvo,2017,59,13640,14.49,31278.81,cobertura baixa,13.18,57.56,13.18,57.56,10.350696150457315,2.673458756332591,9
Turvo,2018,50,13340,14.17,33160.12,cobertura baixa,13.18,57.56,13.18,57.56,10.409103228060536,2.6511270537025893,10
Turvo,2019,32,13215,14.04,32637.84,cobertura baixa,13.18,57.56,13.18,57.56,10.393227630417696,2.641910398597665,11
Turvo,2020,9,13095,13.91,41508.67,cobertura baixa,13.18,57.56,13.18,57.56,10.633657600061602,2.6326080059353516,12
Turvo,2021,7,12977,13.79,46360.64,cobertura baixa,13.18,57.56,13.18,57.56,10.744206102362714,2.6239436918052106,13
Turvo,2022,11,13466,14.31,47046.19,cobertura baixa,13.18,57.56,13.18,57.56,10.75888516405134,2.6609585935683597,14
Turvo,2023,26,13954,14.82,50012.18,cobertura baixa,13.18,57.56,13.18,57.56,10.82002185474462,2.695977619867941,15
Turvo,2024,67,14443,15.34,48318.91,cobertura baixa,13.18,57.56,13.18,57.56,10.785578274407243,2.73046379593911,16
Turvo,2025,40,14101,14.98,49490.82,cobertura baixa,13.18,57.56,13.18,57.56,10.809542476812506,2.7067159780890733,17
Turvo,2026,19,14101,14.98,49490.82,cobertura baixa,13.18,57.56,13.18,57.56,10.809542476812506,2.7067159780890733,18
Ubiratã,2008,153,21672,33.14,15166.62,cobertura baixa,56.77,90.21,56.77,90.21,9.62685223934312,3.500741011998417,0
Ubiratã,2009,184,21558,32.97,14268.9,cobertura baixa,56.77,90.21,56.77,90.21,9.565837622706423,3.49559805708364,1
Ubiratã,2010,210,21518,32.91,15551.54,cobertura baixa,56.77,90.21,56.77,90.21,9.651914948073477,3.4937765629552486,2
Ubiratã,2011,153,21479,32.85,19788.58,cobertura baixa,56.77,90.21,56.77,90.21,9.892860282611398,3.4919517449306197,3
Ubiratã,2012,199,21402,32.73,25109.1,cobertura baixa,56.77,90.21,56.77,90.21,10.130985609215374,3.4882920885130893,4
Ubiratã,2013,198,21971,33.6,29958.17,cobertura baixa,56.77,90.21,56.77,90.21,10.307557354323686,3.5145260669691587,5
Ubiratã,2014,227,21916,33.52,31988.0,cobertura baixa,56.77,90.21,56.77,90.21,10.37311611145178,3.5121422756138823,6
Ubiratã,2015,123,21864,33.44,35893.62,cobertura baixa,56.77,90.21,56.77,90.21,10.488314842805595,3.5097527882165007,7
Ubiratã,2016,153,21812,33.36,41265.91,cobertura baixa,56.77,90.21,56.77,90.21,10.627792014370568,3.507357577490546,8
Ubiratã,2017,105,21762,33.28,39753.93,cobertura baixa,56.77,90.21,56.77,90.21,10.590463983119895,3.5049566159530077,9
Ubiratã,2018,64,21119,32.3,44834.79,cobertura baixa,56.77,90.21,56.77,90.21,10.710739679534429,3.475067230228611,10
Ubiratã,2019,84,21013,32.13,44426.97,cobertura baixa,56.77,90.21,56.77,90.21,10.701601996440344,3.4697901731277674,11
Ubiratã,2020,54,20909,31.98,76612.18,cobertura baixa,56.77,90.21,56.77,90.21,11.246511350921175,3.4651107074058083,12
Ubiratã,2021,44,20809,31.82,82365.42,cobertura baixa,56.77,90.21,56.77,90.21,11.318920967621406,3.4600950229096408,13
Ubiratã,2022,51,22378,34.22,77777.46,cobertura baixa,56.77,90.21,56.77,90.21,11.26160695096669,3.5328102684640474,14
Ubiratã,2023,89,23948,36.62,88939.45,cobertura baixa,56.77,90.21,56.77,90.21,11.395711080101334,3.6005945392463645,15
Ubiratã,2024,71,25517,39.02,83470.71,cobertura baixa,56.77,90.21,56.77,90.21,11.332251070858684,3.6640743351949654,16
Ubiratã,2025,71,25732,39.35,82773.28,cobertura baixa,56.77,90.21,56.77,90.21,11.323860582978776,3.6724959748634123,17
Ubiratã,2026,29,25732,39.35,82773.28,cobertura baixa,56.77,90.21,56.77,90.21,11.323860582978776,3.6724959748634123,18
Umuarama,2008,310,98855,79.9,11526.78,cobertura alta,98.01,98.02,98.01,98.02,9.352428302793825,4.380775852772229,0
Umuarama,2009,236,99606,80.51,13241.9,cobertura alta,98.01,98.02,98.01,98.02,9.49114132372693,4.388381400311889,1
Umuarama,2010,229,100524,81.25,14597.22,cobertura alta,98.01,98.02,98.01,98.02,9.588586378607056,4.3975308212098465,2
Umuarama,2011,216,101443,81.99,16854.25,cobertura alta,98.01,98.02,98.01,98.02,9.732358129496287,4.406597288608086,3
Umuarama,2012,159,102184,82.59,21190.89,cobertura alta,98.01,98.02,98.01,98.02,9.961326651324171,4.413888607822626,4
Umuarama,2013,113,106387,85.99,23161.53,cobertura alta,98.01,98.02,98.01,98.02,10.050247991681088,4.454231010422805,5
Umuarama,2014,112,107319,86.74,25728.84,cobertura alta,98.01,98.02,98.01,98.02,10.15536782069945,4.4629151384072205,6
Umuarama,2015,87,108218,87.47,28751.64,cobertura alta,98.01,98.02,98.01,98.02,10.26645008807684,4.471295877431763,7
Umuarama,2016,128,109132,88.21,28951.63,cobertura alta,98.01,98.02,98.01,98.02,10.273381785388498,4.479720335270676,8
Umuarama,2017,133,109955,88.87,29877.31,cobertura alta,98.01,98.02,98.01,98.02,10.304854608420339,4.487174627750384,9
Umuarama,2018,85,110590,89.39,30658.87,cobertura alta,98.01,98.02,98.01,98.02,10.330677295908385,4.493008819099761,10
Umuarama,2019,131,111557,90.17,33340.6,cobertura alta,98.01,98.02,98.01,98.02,10.41453115254357,4.501696777511816,11
Umuarama,2020,90,112500,90.93,32663.27,cobertura alta,98.01,98.02,98.01,98.02,10.39400648398651,4.510089979737821,12
Umuarama,2021,82,113416,91.67,36181.93,cobertura alta,98.01,98.02,98.01,98.02,10.49631510191569,4.518195171973685,13
Umuarama,2022,55,116268,93.98,37864.22,cobertura alta,98.01,98.02,98.01,98.02,10.541761881837534,4.54308199367467,14
Umuarama,2023,30,119120,96.28,42788.75,cobertura alta,98.01,98.02,98.01,98.02,10.66403049655136,4.567260612914871,15
Umuarama,2024,64,121972,98.59,41788.25,cobertura alta,98.01,98.02,98.01,98.02,10.640370478518234,4.59096983658695,16
Umuarama,2025,49,123059,99.47,41419.12,cobertura alta,98.01,98.02,98.01,98.02,10.631497888948893,4.599856091164322,17
Umuarama,2026,22,123059,99.47,41419.12,cobertura alta,98.01,98.02,98.01,98.02,10.631497888948893,4.599856091164322,18
Uniflor,2008,2,2484,26.12,9101.45,sem rede,,86.23,0.0,86.23,9.116189020470907,3.2627013044082305,0
Uniflor,2009,3,2495,26.24,7887.37,sem rede,,86.23,0.0,86.23,8.973018024938682,3.267284964075888,1
Uniflor,2010,2,2484,26.12,11523.75,sem rede,,86.23,0.0,86.23,9.352165402112805,3.2627013044082305,2
Uniflor,2011,3,2474,26.01,14854.08,sem rede,,86.23,0.0,86.23,9.606029853969417,3.25848107946056,3
Uniflor,2012,2,2482,26.1,17113.22,sem rede,,86.23,0.0,86.23,9.747606543218536,3.261935314328648,4
Uniflor,2013,4,2570,27.02,19316.34,sem rede,,86.23,0.0,86.23,9.868706648826508,3.2965773325320527,5
Uniflor,2014,8,2581,27.14,19372.72,sem rede,,86.23,0.0,86.23,9.871621169877661,3.301008654406723,6
Uniflor,2015,1,2593,27.27,22234.86,sem rede,,86.23,0.0,86.23,10.009416606545393,3.305787196857497,7
Uniflor,2016,1,2604,27.38,22533.41,sem rede,,86.23,0.0,86.23,10.022754375724022,3.3098128198603027,8
Uniflor,2017,1,2614,27.49,25445.29,sem rede,,86.23,0.0,86.23,10.144285936089053,3.3138223021771545,9
Uniflor,2018,2,2595,27.29,24953.76,sem rede,,86.23,0.0,86.23,10.124779791228155,3.306520334720247,10
Uniflor,2019,1,2605,27.39,24985.03,sem rede,,86.23,0.0,86.23,10.126032124498018,3.3101779832749867,11
Uniflor,2020,0,2614,27.49,40162.59,sem rede,,86.23,0.0,86.23,10.60069124431796,3.3138223021771545,12
Uniflor,2021,0,2623,27.58,38077.77,sem rede,,86.23,0.0,86.23,10.547385926266173,3.3170908723651555,13
Uniflor,2022,0,2456,25.83,42193.81,sem rede,,86.23,0.0,86.23,10.650028806800723,3.251536607107749,14
Uniflor,2023,1,2288,24.06,57545.89,sem rede,,86.23,0.0,86.23,10.960337995439913,3.180550710546533,15
Uniflor,2024,0,2121,22.3,62076.85,sem rede,,86.23,0.0,86.23,11.036128412590353,3.104586678466073,16
Uniflor,2025,0,2106,22.15,62518.99,sem rede,,86.23,0.0,86.23,11.043225629574469,3.0978374964911444,17
Uniflor,2026,0,2106,22.15,62518.99,sem rede,,86.23,0.0,86.23,11.043225629574469,3.0978374964911444,18
União da Vitória,2008,77,53048,73.53,11725.8,cobertura baixa,48.14,94.3,48.14,94.3,9.369546821264086,4.297693486208131,0
União da Vitória,2009,69,53466,74.11,12371.64,cobertura baixa,48.14,94.3,48.14,94.3,9.423162035418464,4.305550475963267,1
União da Vitória,2010,77,53262,73.83,13580.7,cobertura baixa,48.14,94.3,48.14,94.3,9.516404946175971,4.3017651530710745,2
União da Vitória,2011,51,53059,73.55,14858.21,cobertura baixa,48.14,94.3,48.14,94.3,9.606307853411844,4.297965447047447,3
União da Vitória,2012,74,53372,73.98,16047.14,cobertura baixa,48.14,94.3,48.14,94.3,9.683285919533459,4.303794786404308,4
União da Vitória,2013,83,55467,76.89,18436.96,cobertura baixa,48.14,94.3,48.14,94.3,9.822112624517677,4.342375829044089,5
União da Vitória,2014,46,55874,77.45,20597.97,cobertura baixa,48.14,94.3,48.14,94.3,9.932947806232603,4.349632566862877,6
União da Vitória,2015,70,56265,77.99,22373.23,cobertura baixa,48.14,94.3,48.14,94.3,10.01562043386875,4.356580613342406,7
União da Vitória,2016,47,56650,78.53,24839.06,cobertura baixa,48.14,94.3,48.14,94.3,10.120172693141365,4.363480717386783,8
União da Vitória,2017,32,57027,79.05,26844.81,cobertura baixa,48.14,94.3,48.14,94.3,10.197827785163529,4.370080563655481,9
União da Vitória,2018,22,57111,79.17,27677.66,cobertura baixa,48.14,94.3,48.14,94.3,10.22838086858585,4.3715974391833425,10
União da Vitória,2019,32,57517,79.73,27891.46,cobertura baixa,48.14,94.3,48.14,94.3,10.236075827763411,4.378645926514404,11
União da Vitória,2020,21,57913,80.28,27907.98,cobertura baixa,48.14,94.3,48.14,94.3,10.23666794841848,4.385520523928138,12
União da Vitória,2021,30,58298,80.81,33605.87,cobertura baixa,48.14,94.3,48.14,94.3,10.422456033073564,4.392100720245356,13
União da Vitória,2022,37,57664,79.93,34284.75,cobertura baixa,48.14,94.3,48.14,94.3,10.4424559278733,4.381151251637927,14
União da Vitória,2023,15,57031,79.06,38985.34,cobertura baixa,48.14,94.3,48.14,94.3,10.570940957008736,4.37020705786854,15
União da Vitória,2024,42,56397,78.18,39423.6,cobertura baixa,48.14,94.3,48.14,94.3,10.582119900737823,4.359013860364809,16
União da Vitória,2025,24,56560,78.4,39309.99,cobertura baixa,48.14,94.3,48.14,94.3,10.579233964027678,4.361823927356363,17
União da Vitória,2026,18,56560,78.4,39309.99,cobertura baixa,48.14,94.3,48.14,94.3,10.579233964027678,4.361823927356363,18
Uraí,2008,130,11793,49.47,9984.57,cobertura alta,89.19,89.59,89.19,89.59,9.208796180325713,3.901366425239617,0
Uraí,2009,119,11774,49.39,8807.2,cobertura alta,89.19,89.59,89.19,89.59,9.083324847756193,3.8997479745525334,1
Uraí,2010,65,11608,48.69,9378.02,cobertura alta,89.19,89.59,89.19,89.59,9.146123932298142,3.8854736701946093,2
Uraí,2011,38,11441,47.99,11553.89,cobertura alta,89.19,89.59,89.19,89.59,9.354777455783514,3.8709926558701544,3
Uraí,2012,69,11411,47.86,13727.54,cobertura alta,89.19,89.59,89.19,89.59,9.527159313007825,3.868280082480227,4
Uraí,2013,64,11729,49.2,15820.19,cobertura alta,89.19,89.59,89.19,89.59,9.669042251363305,3.8958936234982624,5
Uraí,2014,53,11711,49.12,15931.69,cobertura alta,89.19,89.59,89.19,89.59,9.676065486417027,3.894266283838887,6
Uraí,2015,3,11695,49.06,18209.66,cobertura alta,89.19,89.59,89.19,89.59,9.80970750148749,3.893044038830343,7
Uraí,2016,15,11678,48.98,20698.32,cobertura alta,89.19,89.59,89.19,89.59,9.937807816539566,3.891412051524022,8
Uraí,2017,15,11662,48.92,22339.14,cobertura alta,89.19,89.59,89.19,89.59,10.01409557591085,3.890186310818972,9
Uraí,2018,9,11356,47.63,25003.26,cobertura alta,89.19,89.59,89.19,89.59,10.126761495348997,3.863462814812769,10
Uraí,2019,8,11314,47.46,24076.72,cobertura alta,89.19,89.59,89.19,89.59,10.08900067752039,3.8598872510076174,11
Uraí,2020,5,11273,47.29,29467.49,cobertura alta,89.19,89.59,89.19,89.59,10.291042900743749,3.8562988566557843,12
Uraí,2021,4,11233,47.12,32746.91,cobertura alta,89.19,89.59,89.19,89.59,10.39656388546701,3.8526975393433314,13
Uraí,2022,4,10958,45.96,31605.77,cobertura alta,89.19,89.59,89.19,89.59,10.361094977843285,3.827771452980555,14
Uraí,2023,14,10682,44.81,36983.06,cobertura alta,89.19,89.59,89.19,89.59,10.51821524894878,3.802431328798052,15
Uraí,2024,19,10407,43.65,37960.32,cobertura alta,89.19,89.59,89.19,89.59,10.54429668261457,3.776203282285611,16
Uraí,2025,14,10308,43.24,38324.89,cobertura alta,89.19,89.59,89.19,89.59,10.553854833546724,3.7667659927710075,17
Uraí,2026,6,10308,43.24,38324.89,cobertura alta,89.19,89.59,89.19,89.59,10.553854833546724,3.7667659927710075,18
Ventania,2008,27,10948,13.33,14002.1,cobertura baixa,31.5,88.33,31.5,88.33,9.54696259734852,2.5900171341906173,0
Ventania,2009,21,11239,13.68,11792.78,cobertura baixa,31.5,88.33,31.5,88.33,9.375242758781559,2.615934912194404,1
Ventania,2010,21,10672,12.99,14019.68,cobertura baixa,31.5,88.33,31.5,88.33,9.54821733579172,2.5641798306825083,2
Ventania,2011,8,10106,12.3,16620.72,cobertura baixa,31.5,88.33,31.5,88.33,9.718405388770737,2.509599262378372,3
Ventania,2012,16,10249,12.48,18877.74,cobertura baixa,31.5,88.33,31.5,88.33,9.845738729144639,2.5241273629412815,4
Ventania,2013,7,10763,13.1,21623.99,cobertura baixa,31.5,88.33,31.5,88.33,9.981558625507047,2.5726122302071057,5
Ventania,2014,13,10934,13.31,17132.8,cobertura baixa,31.5,88.33,31.5,88.33,9.748750033885978,2.58851563240702,6
Ventania,2015,6,11093,13.51,20189.4,cobertura baixa,31.5,88.33,31.5,88.33,9.912912993183284,2.6034301519721073,7
Ventania,2016,5,11252,13.7,20829.63,cobertura baixa,31.5,88.33,31.5,88.33,9.944131771255202,2.617395832834079,8
Ventania,2017,10,11407,13.89,19543.35,cobertura baixa,31.5,88.33,31.5,88.33,9.880390354095518,2.6311691567662523,9
Ventania,2018,13,11703,14.25,19565.84,cobertura baixa,31.5,88.33,31.5,88.33,9.88154046753326,2.6567569067146595,10
Ventania,2019,4,11892,14.48,20461.15,cobertura baixa,31.5,88.33,31.5,88.33,9.926283245159677,2.6727683869575705,11
Ventania,2020,0,12088,14.72,26531.52,cobertura baixa,31.5,88.33,31.5,88.33,10.186088739120422,2.6892071133007303,12
Ventania,2021,1,12267,14.94,28336.43,cobertura baixa,31.5,88.33,31.5,88.33,10.251903534949824,2.7040421797046714,13
Ventania,2022,1,11438,13.93,34731.16,cobertura baixa,31.5,88.33,31.5,88.33,10.455392545698619,2.6340447877917144,14
Ventania,2023,0,10608,12.92,35707.39,cobertura baixa,31.5,88.33,31.5,88.33,10.483112949146728,2.558776498354456,15
Ventania,2024,0,9779,11.91,38734.43,cobertura baixa,31.5,88.33,31.5,88.33,10.564484147584038,2.477378383367209,16
Ventania,2025,1,9760,11.88,38809.84,cobertura baixa,31.5,88.33,31.5,88.33,10.566429101705651,2.474856313934499,17
Ventania,2026,3,9760,11.88,38809.84,cobertura baixa,31.5,88.33,31.5,88.33,10.566429101705651,2.474856313934499,18
Vera Cruz do Oeste,2008,41,9301,28.37,12169.23,cobertura alta,79.25,80.59,79.25,80.59,9.406665913643026,3.34533224882076,0
Vera Cruz do Oeste,2009,48,9257,28.23,10935.4,cobertura alta,79.25,80.59,79.25,80.59,9.29976051223151,3.340385242265398,1
Vera Cruz do Oeste,2010,35,9089,27.72,12241.94,cobertura alta,79.25,80.59,79.25,80.59,9.412623040239064,3.3221541743217022,2
Vera Cruz do Oeste,2011,32,8921,27.21,14360.27,cobertura alta,79.25,80.59,79.25,80.59,9.572220644653868,3.303584552795155,3
Vera Cruz do Oeste,2012,50,8871,27.05,14956.83,cobertura alta,79.25,80.59,79.25,80.59,9.61292333067911,3.2976870052924907,4
Vera Cruz do Oeste,2013,32,9081,27.69,21837.57,cobertura alta,79.25,80.59,79.25,80.59,9.991387159932309,3.3210713371828704,5
Vera Cruz do Oeste,2014,44,9038,27.56,21310.25,cobertura alta,79.25,80.59,79.25,80.59,9.966943456605266,3.3163654461454577,6
Vera Cruz do Oeste,2015,23,8998,27.44,23019.23,cobertura alta,79.25,80.59,79.25,80.59,10.044085232541807,3.3120018028576843,7
Vera Cruz do Oeste,2016,30,8958,27.32,26812.68,cobertura alta,79.25,80.59,79.25,80.59,10.196630188934552,3.307619034702589,8
Vera Cruz do Oeste,2017,25,8918,27.2,25542.27,cobertura alta,79.25,80.59,79.25,80.59,10.14809000582486,3.3032169733019514,9
Vera Cruz do Oeste,2018,25,8590,26.2,29918.63,cobertura alta,79.25,80.59,79.25,80.59,10.306236642270022,3.265759410767051,10
Vera Cruz do Oeste,2019,30,8521,25.99,27925.95,cobertura alta,79.25,80.59,79.25,80.59,10.237311643054358,3.2577118486533987,11
Vera Cruz do Oeste,2020,7,8454,25.78,39549.68,cobertura alta,79.25,80.59,79.25,80.59,10.585312882139048,3.2495989975110415,12
Vera Cruz do Oeste,2021,4,8389,25.58,40661.34,cobertura alta,79.25,80.59,79.25,80.59,10.613033042861625,3.2418107961506966,13
Vera Cruz do Oeste,2022,6,8335,25.42,34885.3,cobertura alta,79.25,80.59,79.25,80.59,10.459820816021038,3.2355362657613083,14
Vera Cruz do Oeste,2023,9,8281,25.25,40527.35,cobertura alta,79.25,80.59,79.25,80.59,10.609732333818329,3.228826155721369,15
Vera Cruz do Oeste,2024,13,8227,25.09,40793.36,cobertura alta,79.25,80.59,79.25,80.59,10.616274602049794,3.222469360378331,16
Vera Cruz do Oeste,2025,6,8178,24.94,41037.78,cobertura alta,79.25,80.59,79.25,80.59,10.62224838481429,3.2164729402518906,17
Vera Cruz do Oeste,2026,2,8178,24.94,41037.78,cobertura alta,79.25,80.59,79.25,80.59,10.62224838481429,3.2164729402518906,18
Verê,2008,53,8144,26.07,13783.28,sem rede,,59.19,0.0,59.19,9.531211542368744,3.2607852279454104,0
Verê,2009,81,8078,25.86,11808.86,sem rede,,59.19,0.0,59.19,9.376605376166454,3.2526973733437115,1
Verê,2010,103,7946,25.44,12932.92,sem rede,,59.19,0.0,59.19,9.467531277669677,3.2363227384719213,2
Verê,2011,68,7814,25.01,15844.38,sem rede,,59.19,0.0,59.19,9.670570142296663,3.219275744889528,3
Verê,2012,82,7751,24.81,17614.63,sem rede,,59.19,0.0,59.19,9.7764850857293,3.21124679770371,4
Verê,2013,113,7911,25.32,24225.64,sem rede,,59.19,0.0,59.19,10.09516685539864,3.2315945972759756,5
Verê,2014,95,7853,25.14,26167.96,sem rede,,59.19,0.0,59.19,10.17229104063252,3.2244602031621015,6
Verê,2015,98,7799,24.96,30308.63,sem rede,,59.19,0.0,59.19,10.319187769426225,3.217274543501227,7
Verê,2016,89,7745,24.79,35776.89,sem rede,,59.19,0.0,59.19,10.485057433217866,3.210440346047099,8
Verê,2017,63,7692,24.62,34329.43,sem rede,,59.19,0.0,59.19,10.443758282760154,3.2035591207563074,9
Verê,2018,39,7342,23.5,39915.83,sem rede,,59.19,0.0,59.19,10.594528266051352,3.1570004211501135,10
Verê,2019,34,7257,23.23,39171.97,sem rede,,59.19,0.0,59.19,10.575716718987232,3.145444546782318,11
Verê,2020,56,7174,22.96,58202.54,sem rede,,59.19,0.0,59.19,10.971684275378902,3.133753571451366,12
Verê,2021,37,7094,22.71,70443.76,sem rede,,59.19,0.0,59.19,11.162569939947614,3.122805356117467,13
Verê,2022,56,7413,23.73,72249.02,sem rede,,59.19,0.0,59.19,11.187874041868845,3.166740070447672,14
Verê,2023,88,7732,24.75,78482.67,sem rede,,59.19,0.0,59.19,11.270633115067257,3.2088254890146994,15
Verê,2024,80,8051,25.77,75373.0,sem rede,,59.19,0.0,59.19,11.23020439968077,3.2492110246642736,16
Verê,2025,73,8077,25.85,75130.37,sem rede,,59.19,0.0,59.19,11.226980150148098,3.2523106009544382,17
Verê,2026,32,8077,25.85,75130.37,sem rede,,59.19,0.0,59.19,11.226980150148098,3.2523106009544382,18
Virmond,2008,34,4163,16.68,11445.59,sem rede,,61.32,0.0,61.32,9.345359781953553,2.8142103969306005,0
Virmond,2009,35,4181,16.75,10409.95,sem rede,,61.32,0.0,61.32,9.250517358523512,2.8183982582710754,1
Virmond,2010,37,4066,16.29,13139.7,sem rede,,61.32,0.0,61.32,9.483393460727742,2.790551422613954,2
Virmond,2011,20,3951,15.83,14930.65,sem rede,,61.32,0.0,61.32,9.611171426089234,2.761906873892921,3
Virmond,2012,22,3951,15.83,15849.41,sem rede,,61.32,0.0,61.32,9.670887554637835,2.761906873892921,4
Virmond,2013,9,4075,16.33,20797.79,sem rede,,61.32,0.0,61.32,9.942602010044478,2.7930039069823738,5
Virmond,2014,17,4080,16.35,23993.38,sem rede,,61.32,0.0,61.32,10.085533237947738,2.7942278973432626,6
Virmond,2015,17,4085,16.37,23661.69,sem rede,,61.32,0.0,61.32,10.071612563552907,2.7954503913830435,7
Virmond,2016,14,4090,16.39,23654.28,sem rede,,61.32,0.0,61.32,10.071299350062384,2.7966713927557385,8
Virmond,2017,10,4095,16.41,28070.09,sem rede,,61.32,0.0,61.32,10.242459875620828,2.7978909051019993,9
Virmond,2018,27,4023,16.12,31666.67,sem rede,,61.32,0.0,61.32,10.36301998717772,2.7800607370784824,10
Virmond,2019,7,4023,16.12,34353.22,sem rede,,61.32,0.0,61.32,10.444451034159567,2.7800607370784824,11
Virmond,2020,2,4022,16.11,43450.77,sem rede,,61.32,0.0,61.32,10.679383852055501,2.779440197188883,12
Virmond,2021,4,4051,16.23,46834.86,sem rede,,61.32,0.0,61.32,10.754383076421298,2.7868613815264998,13
Virmond,2022,5,3981,15.95,51128.36,sem rede,,61.32,0.0,61.32,10.842094612456949,2.7694588292308535,14
Virmond,2023,5,3912,15.67,61753.32,sem rede,,61.32,0.0,61.32,11.030903018227114,2.7517480563679295,15
Virmond,2024,3,3842,15.39,62878.45,sem rede,,61.32,0.0,61.32,11.048958776672043,2.733717947850788,16
Virmond,2025,7,3828,15.34,63108.41,sem rede,,61.32,0.0,61.32,11.052609320155378,2.73046379593911,17
Virmond,2026,2,3828,15.34,63108.41,sem rede,,61.32,0.0,61.32,11.052609320155378,2.73046379593911,18
Vitorino,2008,41,6513,21.08,18013.36,cobertura baixa,32.74,78.63,32.74,78.63,9.79886898378983,3.0483247236731614,0
Vitorino,2009,28,6531,21.14,20484.76,cobertura baixa,32.74,78.63,32.74,78.63,9.927436474022665,3.051166980442092,1
Vitorino,2010,39,6531,21.14,20579.08,cobertura baixa,32.74,78.63,32.74,78.63,9.93203030479308,3.051166980442092,2
Vitorino,2011,47,6531,21.14,27291.38,cobertura baixa,32.74,78.63,32.74,78.63,10.214326180397483,3.051166980442092,3
Vitorino,2012,7,6548,21.2,29773.67,cobertura baixa,32.74,78.63,32.74,78.63,10.301379724879913,3.054001181677967,4
Vitorino,2013,15,6775,21.93,45244.43,cobertura baixa,32.74,78.63,32.74,78.63,10.719834847628741,3.0878555624297968,5
Vitorino,2014,14,6801,22.02,46796.35,cobertura baixa,32.74,78.63,32.74,78.63,10.753560487411255,3.091951131294534,6
Vitorino,2015,10,6828,22.1,45560.05,cobertura baixa,32.74,78.63,32.74,78.63,10.726786515014423,3.095577608523707,7
Vitorino,2016,2,6853,22.19,50954.33,cobertura baixa,32.74,78.63,32.74,78.63,10.838685020319513,3.0996417369445024,8
Vitorino,2017,5,6878,22.27,44719.83,cobertura baixa,32.74,78.63,32.74,78.63,10.708172306390628,3.1032404812692764,9
Vitorino,2018,5,6817,22.07,52874.14,cobertura baixa,32.74,78.63,32.74,78.63,10.875669651440893,3.094219220268645,10
Vitorino,2019,3,6838,22.14,51167.89,cobertura baixa,32.74,78.63,32.74,78.63,10.842867465850256,3.0973859272804907,11
Vitorino,2020,4,6859,22.2,64736.4,cobertura baixa,32.74,78.63,32.74,78.63,11.078078918890547,3.100092288878234,12
Vitorino,2021,0,6879,22.27,72442.8,cobertura baixa,32.74,78.63,32.74,78.63,11.190552563928433,3.1032404812692764,13
Vitorino,2022,3,8013,25.94,64919.01,cobertura baixa,32.74,78.63,32.74,78.63,11.08089577197436,3.255786178888298,14
Vitorino,2023,8,9146,29.61,68994.64,cobertura baixa,32.74,78.63,32.74,78.63,11.141784099402638,3.3881121421135,15
Vitorino,2024,5,10280,33.28,61383.75,cobertura baixa,32.74,78.63,32.74,78.63,11.024900421126674,3.5049566159530077,16
Vitorino,2025,3,10549,34.15,59818.47,cobertura baixa,32.74,78.63,32.74,78.63,10.999069755126659,3.530762586016799,17
Vitorino,2026,4,10549,34.15,59818.47,cobertura baixa,32.74,78.63,32.74,78.63,10.999069755126659,3.530762586016799,18
Wenceslau Braz,2008,88,19149,48.03,9313.33,cobertura alta,66.55,83.32,66.55,83.32,9.139201986232973,3.871825815676733,0
Wenceslau Braz,2009,76,19090,47.88,10249.87,cobertura alta,66.55,83.32,66.55,83.32,9.235020301559295,3.8686978806897723,1
Wenceslau Braz,2010,90,19184,48.12,10109.05,cobertura alta,66.55,83.32,66.55,83.32,9.22118634122947,3.873697891106478,2
Wenceslau Braz,2011,61,19278,48.35,11687.31,cobertura alta,66.55,83.32,66.55,83.32,9.366258916780309,3.8784662218993033,3
Wenceslau Braz,2012,53,19259,48.3,13896.2,cobertura alta,66.55,83.32,66.55,83.32,9.539370700448341,3.877431560658527,4
Wenceslau Braz,2013,63,19838,49.76,16736.11,cobertura alta,66.55,83.32,66.55,83.32,9.725323939500793,3.907211448430924,5
Wenceslau Braz,2014,33,19843,49.77,17384.32,cobertura alta,66.55,83.32,66.55,83.32,9.763323929498092,3.9074123928704627,6
Wenceslau Braz,2015,24,19847,49.78,20328.56,cobertura alta,66.55,83.32,66.55,83.32,9.919782072829921,3.907613296939446,7
Wenceslau Braz,2016,34,19852,49.79,24389.99,cobertura alta,66.55,83.32,66.55,83.32,10.101928081205783,3.9078141606540915,8
Wenceslau Braz,2017,27,19856,49.8,25917.41,cobertura alta,66.55,83.32,66.55,83.32,10.162670222634086,3.9080149840306073,9
Wenceslau Braz,2018,26,19444,48.77,28653.21,cobertura alta,66.55,83.32,66.55,83.32,10.263020757751478,3.887115369721961,10
Wenceslau Braz,2019,12,19414,48.69,27863.76,cobertura alta,66.55,83.32,66.55,83.32,10.235082198744315,3.8854736701946093,11
Wenceslau Braz,2020,1,19386,48.62,32125.45,cobertura alta,66.55,83.32,66.55,83.32,10.377403829881514,3.884034968887977,12
Wenceslau Braz,2021,3,19358,48.55,36740.42,cobertura alta,66.55,83.32,66.55,83.32,10.511632790385866,3.882594194737334,13
Wenceslau Braz,2022,5,19382,48.61,43614.95,cobertura alta,66.55,83.32,66.55,83.32,10.683155260472073,3.883829271057364,14
Wenceslau Braz,2023,5,19406,48.67,39537.05,cobertura alta,66.55,83.32,66.55,83.32,10.584993485949386,3.885062823845363,15
Wenceslau Braz,2024,20,19430,48.73,39488.21,cobertura alta,66.55,83.32,66.55,83.32,10.583757425322231,3.8862948568554145,16
Wenceslau Braz,2025,6,19398,48.65,39553.36,cobertura alta,66.55,83.32,66.55,83.32,10.585405925339478,3.884651808632014,17
Wenceslau Braz,2026,9,19398,48.65,39553.36,cobertura alta,66.55,83.32,66.55,83.32,10.585405925339478,3.884651808632014,18
Xambrê,2008,6,5896,16.35,6840.57,cobertura baixa,52.52,83.76,52.52,83.76,8.8306263404779,2.7942278973432626,0
Xambrê,2009,10,5829,16.16,6767.03,cobertura baixa,52.52,83.76,52.52,83.76,8.819817569501547,2.7825390530929495,1
Xambrê,2010,10,5902,16.37,7137.07,cobertura baixa,52.52,83.76,52.52,83.76,8.873057606965563,2.7954503913830435,2
Xambrê,2011,5,5975,16.57,7745.61,cobertura baixa,52.52,83.76,52.52,83.76,8.954881510240163,2.8075938314384716,3
Xambrê,2012,8,5939,16.47,9147.16,cobertura baixa,52.52,83.76,52.52,83.76,9.121198727577283,2.8015405441895487,4
Xambrê,2013,4,6077,16.85,10591.57,cobertura baixa,52.52,83.76,52.52,83.76,9.267813680675985,2.8243506567983707,5
Xambrê,2014,5,6047,16.77,11494.13,cobertura baixa,52.52,83.76,52.52,83.76,9.349591749252552,2.8195915758351173,6
Xambrê,2015,4,6016,16.68,12142.95,cobertura baixa,52.52,83.76,52.52,83.76,9.404504033446726,2.8142103969306005,7
Xambrê,2016,2,5986,16.6,14174.41,cobertura baixa,52.52,83.76,52.52,83.76,9.559193505154754,2.8094026953624978,8
Xambrê,2017,5,5957,16.52,14552.8,cobertura baixa,52.52,83.76,52.52,83.76,9.585538693948006,2.804571768092832,9
Xambrê,2018,2,5728,15.88,16633.9,cobertura baixa,52.52,83.76,52.52,83.76,9.719198060627468,2.7650604558189897,10
Xambrê,2019,4,5679,15.75,16776.19,cobertura baixa,52.52,83.76,52.52,83.76,9.727715898221007,2.7568403652716422,11
Xambrê,2020,5,5630,15.61,22785.26,cobertura baixa,52.52,83.76,52.52,83.76,10.033869114648898,2.7479117345273405,12
Xambrê,2021,6,5584,15.49,21423.89,cobertura baixa,52.52,83.76,52.52,83.76,9.972261933489094,2.740194654428777,13
Xambrê,2022,4,5673,15.73,19455.84,cobertura baixa,52.52,83.76,52.52,83.76,9.875902561047868,2.7555697170701863,14
Xambrê,2023,4,5762,15.98,24036.45,cobertura baixa,52.52,83.76,52.52,83.76,10.08732670719569,2.7713379403381286,15
Xambrê,2024,5,5851,16.23,23670.83,cobertura baixa,52.52,83.76,52.52,83.76,10.071998767376984,2.7868613815264998,16
Xambrê,2025,1,5835,16.18,23735.73,cobertura baixa,52.52,83.76,52.52,83.76,10.074736786779571,2.7837759116303458,17
Xambrê,2026,4,5835,16.18,23735.73,cobertura baixa,52.52,83.76,52.52,83.76,10.074736786779571,2.7837759116303458,18
Ângulo,2008,5,2890,27.19,11822.49,sem rede,,79.53,0.0,79.53,9.377758928672886,3.3028492586443794,0
Ângulo,2009,13,2893,27.22,10716.9,sem rede,,79.53,0.0,79.53,9.279577213699975,3.30395199722332,1
Ângulo,2010,2,2877,27.06,14091.76,sem rede,,79.53,0.0,79.53,9.55334550837656,3.2980566227426418,2
Ângulo,2011,4,2861,26.91,15978.33,sem rede,,79.53,0.0,79.53,9.678988708227132,3.2924979647388146,3
Ângulo,2012,3,2862,26.92,17823.2,sem rede,,79.53,0.0,79.53,9.788256258416315,3.2928695047765273,4
Ângulo,2013,3,2954,27.79,22775.56,sem rede,,79.53,0.0,79.53,10.033443310190306,3.3246762437544124,5
Ângulo,2014,9,2959,27.84,23373.77,sem rede,,79.53,0.0,79.53,10.059369732451534,3.326473835466219,6
Ângulo,2015,1,2964,27.88,27633.94,sem rede,,79.53,0.0,79.53,10.226800006375928,3.327909585892323,7
Ângulo,2016,2,2969,27.93,30308.18,sem rede,,79.53,0.0,79.53,10.319172922059629,3.3297013799570854,8
Ângulo,2017,3,2974,27.98,33356.42,sem rede,,79.53,0.0,79.53,10.415005536565427,3.331489969237335,9
Ângulo,2018,1,2927,27.54,38937.82,sem rede,,79.53,0.0,79.53,10.569721293794593,3.315639493300509,10
Ângulo,2019,1,2928,27.54,38247.27,sem rede,,79.53,0.0,79.53,10.55182746415852,3.315639493300509,11
Ângulo,2020,1,2930,27.56,47695.22,sem rede,,79.53,0.0,79.53,10.772586462211505,3.3163654461454577,12
Ângulo,2021,0,2931,27.57,52609.01,sem rede,,79.53,0.0,79.53,10.870642676832535,3.3167282250357055,13
Ângulo,2022,0,3065,28.83,55530.83,sem rede,,79.53,0.0,79.53,10.924693640999513,3.3614165116503107,14
Ângulo,2023,0,3198,30.08,56215.76,sem rede,,79.53,0.0,79.53,10.93695242361573,3.403860499081639,15
Ângulo,2024,1,3332,31.35,53954.98,sem rede,,79.53,0.0,79.53,10.895905274118496,3.4452142670789296,16
Ângulo,2025,0,3357,31.58,53553.17,sem rede,,79.53,0.0,79.53,10.88843027113596,3.452524008827496,17
Ângulo,2026,2,3357,31.58,53553.17,sem rede,,79.53,0.0,79.53,10.88843027113596,3.452524008827496,18
