municipio,ponto_rio,ponto_grupo,iqa,papel,criterio,estacao_codigo,estacao_nome,estacao_rio,estacao_lat,estacao_lon,distancia_km
Barueri,Rio Tiete,Tietetes / SOS Mata Atlantica,Pessima,qualidade_agua,mesmo municipio,62327000,CÓR. SÃO JOÃO DO BARUERI (alça de retorno),RIO SÃO JOÃO,-23.5056,-46.8608,
Biritiba-Mirim,Rio Tiete,Observando os Rios - Biritiba,Boa,qualidade_agua,mesmo rio,62076000,RES. PONTE NOVA (corpo central do Res.),RIO TIETÊ,-23.5813888888889,-45.9622222222222,
Biritiba-Mirim,Rio Tiete,Observando os Rios - Biritiba,Boa,qualidade_agua,mesmo rio,62076100,RIO TIETÊ (pte. rod. SP-88 - Mogi / Salesópolis),RIO TIETÊ,-23.565,-46.0158,
Biritiba-Mirim,Rio Tiete,Observando os Rios - Biritiba,Boa,qualidade_agua,mesmo rio,62085200,RIO TIETÊ (Captação SABESP Biritiba-Mirim),RIO TIETÊ,-23.5652777777778,-46.0244444444444,
Guarulhos,Rio Tiete,Observando o Tiete - Guarulhos,Regular,fluviometrica,mesmo rio,62155150,RIO TIETÊ (barragem da Penha),RIO TIETÊ,-23.5014,-46.5419,
Guarulhos,Rio Tiete,Observando o Tiete - Guarulhos,Regular,qualidade_agua,mesmo rio,62155100,RIO TIETÊ (pte rod. Airton Senna-Parque Ecológico),RIO TIETÊ,-23.4767,-46.4997,
Guarulhos,Rio Tiete,Observando o Tiete - Guarulhos,Regular,qualidade_agua,mesmo rio,62155150,RIO TIETÊ (barragem da Penha),RIO TIETÊ,-23.5014,-46.5419,
Guarulhos,Rio Tiete,Observando o Tiete - Guarulhos,Regular,qualidade_agua,mesmo rio,62155200,RIO TIETÊ (ponte Av. Aricanduva),RIO TIETÊ,-23.5253,-46.5592,
Guarulhos,Rio Tiete,Observando o Tiete - Guarulhos,Regular,qualidade_agua,mesmo rio,62155300,RIO TIETÊ (pte. das Bandeiras-Av. Santos Dumont),RIO TIETÊ,-23.5217,-46.6311,
Guarulhos,Rio Tiete,Observando o Tiete - Guarulhos,Regular,qualidade_agua,mesmo rio,62155400,RIO TIETÊ (Ponte dos Remédios),RIO TIETÊ,-23.5197,-46.7464,
Guarulhos,Rio Tiete,Observando o Tiete - Guarulhos,Regular,qualidade_agua,mesmo rio,62156000,RESERV. DE TANQUE GRANDE (Guarulhos),RIO TIETÊ,-23.3772,-46.4597,
Itaquaquecetuba,Rio Tiete,Observando os Rios - Itaquaquecetuba,Ruim,qualidade_agua,mesmo rio,62153800,PONTE ESTRADA SANTA IZABEL,RIO TIETÊ,-23.4719,-46.3472,
Maua,Nascente do Rio Tamanduatei,E.M. Cora Coralina,Regular,qualidade_agua,mesmo rio,62224150,PONTE NA DIVISA SANTO ANDRÉ/MAUÁ,RIO TAMANDUATEÍ,-23.65,-46.4889,
Ribeirao Pires,Rio Taiacupeba-Mirim,Acao Ecologica - I,Regular,fluviometrica,mesmo municipio,62284900,RIBEIRÃO PIRES,RIBEIRÃO DO PIRES,-23.7086,-46.4192,
Ribeirao Pires,Rio Taiacupeba-Mirim,Acao Ecologica - I,Regular,qualidade_agua,mesmo municipio,62284800,DESEMBOCADURA DO RIO GRANDE,RIO GRANDE OU JURUBATUBA,-23.7417,-46.4164,
Ribeirao Pires,Rio Taiacupeba-Mirim,Acao Ecologica - I,Regular,qualidade_agua,mesmo municipio,62284900,RIBEIRÃO PIRES,RIBEIRÃO DO PIRES,-23.7086,-46.4192,
Ribeirao Pires,Rio Taiacupeba-Mirim,Acao Ecologica - I,Regular,qualidade_agua,mesmo municipio,62284908,RIO GRANDE OU JURUBATUBA (SP-122),RIO GRANDE OU JURUBATUBA,-23.7461,-46.4044,
Ribeirao Pires,Rio Taiacupeba-Mirim,Acao Ecologica - I,Regular,qualidade_agua,mesmo municipio,62284910,RES. RIO GRANDE (no Club Prainha rod. SP31),RIO GRANDE OU JURUBATUBA,-23.7397,-46.4456,
Ribeirao Pires,Rio Taiacupeba-Mirim,Acao Ecologica - I,Regular,qualidade_agua,mesmo municipio,62284920,RES. RIO GRANDE (1500 mts Club Tahiti),RIO GRANDE OU JURUBATUBA,-23.7413888888889,-46.4636111111111,
Ribeirao Pires,Rio Taiacupeba-Mirim,Acao Ecologica - I,Regular,qualidade_agua,mesmo municipio,62284930,RES. RIO GRANDE (Clube Tahiti),RIO GRANDE OU JURUBATUBA,-23.7375,-46.4463888888889,
Ribeirao Pires,Rio Taiacupeba-Mirim,Acao Ecologica - I,Regular,qualidade_agua,mesmo municipio,62284940,RES. RIO GRANDE (Sind. dos Metalurgicos do ABC)),RIO GRANDE OU JURUBATUBA,-23.7686111111111,-46.4969444444444,
Ribeirao Pires,Rio Taiacupeba-Mirim,Acao Ecologica - I,Regular,qualidade_agua,mesmo municipio,62284950,RES. RIO GRANDE (Prainha Parque Estoril),RIO GRANDE OU JURUBATUBA,-23.7716666666667,-46.5138888888889,
Ribeirao Pires,Rio Taiacupeba-Mirim,Acao Ecologica - I,Regular,qualidade_agua,mesmo municipio,62284960,RES. RIO GRANDE (Rod. Anchieta - Cap. Sabesp),RIO GRANDE OU JURUBATUBA,-23.7711111111111,-46.5341666666667,
Ribeirao Pires,Rio Taiacupeba-Mirim,Acao Ecologica - I,Regular,qualidade_agua,mesmo municipio,62284970,RES. RIO GRANDE (frente Clube do Banespa),RIO GRANDE OU JURUBATUBA,-23.7777777777778,-46.5116666666667,
Ribeirao Pires,Rio Taiacupeba-Mirim,Acao Ecologica - I,Regular,qualidade_agua,mesmo municipio,62284980,RES. RIO GRANDE (praia parque Mun. Estoril),RIO GRANDE OU JURUBATUBA,-23.7697222222222,-46.5197222222222,
Ribeirao Pires,Ribeirao Pires,Acao Ecologica - II,Regular,fluviometrica,mesmo rio,62284900,RIBEIRÃO PIRES,RIBEIRÃO DO PIRES,-23.7086,-46.4192,
Ribeirao Pires,Ribeirao Pires,Acao Ecologica - II,Regular,qualidade_agua,mesmo rio,62284900,RIBEIRÃO PIRES,RIBEIRÃO DO PIRES,-23.7086,-46.4192,
Sao Caetano do Sul,Ribeirao dos Meninos,Bigua / Projeto IPH,Pessima,qualidade_agua,mesmo municipio,62224200,RIO TAMANDUATEI (próx. posto AGIP),RIO TAMANDUATEÍ,-23.6106,-46.5442,
Sao Caetano do Sul,Ribeirao dos Meninos,Bigua / Projeto IPH,Pessima,qualidade_agua,mesmo municipio,62224300,RIO TAMANDUATEI (frente Secr. de Transportes),RIO TAMANDUATEÍ,-23.5267,-46.6322,
Sao Paulo,Rio Pinheiros,A Voz dos Rios,Pessima,fluviometrica,mesmo rio,62300600,USP,RIO PINHEIROS,-23.5586,-46.7108,
Sao Paulo,Rio Pinheiros,A Voz dos Rios,Pessima,fluviometrica,mesmo rio,62300610,PEDREIRA,RIO PINHEIROS,-23.7028,-46.6792,
Sao Paulo,Rio Pinheiros,A Voz dos Rios,Pessima,fluviometrica,mesmo rio,62300700,RETIRO,RIO PINHEIROS,-23.5322,-46.7492,
Sao Paulo,Rio Pinheiros,A Voz dos Rios,Pessima,qualidade_agua,mesmo rio,62300500,RIO PINHEIROS (Elevatória de Pedreira),RIO PINHEIROS,-23.7025,-46.6739,
Sao Paulo,Rio Pinheiros,A Voz dos Rios,Pessima,qualidade_agua,mesmo rio,62300550,RIO PINHEIROS - Próx. elevatória,RIO PINHEIROS,-23.7028,-46.6792,
Sao Paulo,Rio Pinheiros,A Voz dos Rios,Pessima,qualidade_agua,mesmo rio,62300560,RIO PINHEIROS (Pinheiros/Pedreira),RIO PINHEIROS,-23.705,-46.6836,
Sao Paulo,Rio Pinheiros,A Voz dos Rios,Pessima,qualidade_agua,mesmo rio,62300570,RIO PINHEIROS (Est.Flot.1e a ponte de Interlagos),RIO PINHEIROS,-23.6875,-46.6953,
Sao Paulo,Rio Pinheiros,A Voz dos Rios,Pessima,qualidade_agua,mesmo rio,62300580,RIO PINHEIROS (em frente a estação de Jurutuba),RIO PINHEIROS,-23.6769,-46.3528,
Sao Paulo,Rio Pinheiros,A Voz dos Rios,Pessima,qualidade_agua,mesmo rio,62300600,USP,RIO PINHEIROS,-23.5586,-46.7108,
Sao Paulo,Rio Pinheiros,A Voz dos Rios,Pessima,qualidade_agua,mesmo rio,62300610,PEDREIRA,RIO PINHEIROS,-23.7028,-46.6792,
Sao Paulo,Rio Pinheiros,A Voz dos Rios,Pessima,qualidade_agua,mesmo rio,62300700,RETIRO,RIO PINHEIROS,-23.5322,-46.7492,
Sao Paulo,Rio Pinheiros,A Voz dos Rios 2,Pessima,fluviometrica,mesmo rio,62300600,USP,RIO PINHEIROS,-23.5586,-46.7108,
Sao Paulo,Rio Pinheiros,A Voz dos Rios 2,Pessima,fluviometrica,mesmo rio,62300610,PEDREIRA,RIO PINHEIROS,-23.7028,-46.6792,
Sao Paulo,Rio Pinheiros,A Voz dos Rios 2,Pessima,fluviometrica,mesmo rio,62300700,RETIRO,RIO PINHEIROS,-23.5322,-46.7492,
Sao Paulo,Rio Pinheiros,A Voz dos Rios 2,Pessima,qualidade_agua,mesmo rio,62300500,RIO PINHEIROS (Elevatória de Pedreira),RIO PINHEIROS,-23.7025,-46.6739,
Sao Paulo,Rio Pinheiros,A Voz dos Rios 2,Pessima,qualidade_agua,mesmo rio,62300550,RIO PINHEIROS - Próx. elevatória,RIO PINHEIROS,-23.7028,-46.6792,
Sao Paulo,Rio Pinheiros,A Voz dos Rios 2,Pessima,qualidade_agua,mesmo rio,62300560,RIO PINHEIROS (Pinheiros/Pedreira),RIO PINHEIROS,-23.705,-46.6836,
Sao Paulo,Rio Pinheiros,A Voz dos Rios 2,Pessima,qualidade_agua,mesmo rio,62300570,RIO PINHEIROS (Est.Flot.1e a ponte de Interlagos),RIO PINHEIROS,-23.6875,-46.6953,
Sao Paulo,Rio Pinheiros,A Voz dos Rios 2,Pessima,qualidade_agua,mesmo rio,62300580,RIO PINHEIROS (em frente a estação de Jurutuba),RIO PINHEIROS,-23.6769,-46.3528,
Sao Paulo,Rio Pinheiros,A Voz dos Rios 2,Pessima,qualidade_agua,mesmo rio,62300600,USP,RIO PINHEIROS,-23.5586,-46.7108,
Sao Paulo,Rio Pinheiros,A Voz dos Rios 2,Pessima,qualidade_agua,mesmo rio,62300610,PEDREIRA,RIO PINHEIROS,-23.7028,-46.6792,
Sao Paulo,Rio Pinheiros,A Voz dos Rios 2,Pessima,qualidade_agua,mesmo rio,62300700,RETIRO,RIO PINHEIROS,-23.5322,-46.7492,
Sao Paulo,Rio Pinheiros,A Voz dos Rios 3,Pessima,fluviometrica,mesmo rio,62300600,USP,RIO PINHEIROS,-23.5586,-46.7108,
Sao Paulo,Rio Pinheiros,A Voz dos Rios 3,Pessima,fluviometrica,mesmo rio,62300610,PEDREIRA,RIO PINHEIROS,-23.7028,-46.6792,
Sao Paulo,Rio Pinheiros,A Voz dos Rios 3,Pessima,fluviometrica,mesmo rio,62300700,RETIRO,RIO PINHEIROS,-23.5322,-46.7492,
Sao Paulo,Rio Pinheiros,A Voz dos Rios 3,Pessima,qualidade_agua,mesmo rio,62300500,RIO PINHEIROS (Elevatória de Pedreira),RIO PINHEIROS,-23.7025,-46.6739,
Sao Paulo,Rio Pinheiros,A Voz dos Rios 3,Pessima,qualidade_agua,mesmo rio,62300550,RIO PINHEIROS - Próx. elevatória,RIO PINHEIROS,-23.7028,-46.6792,
Sao Paulo,Rio Pinheiros,A Voz dos Rios 3,Pessima,qualidade_agua,mesmo rio,62300560,RIO PINHEIROS (Pinheiros/Pedreira),RIO PINHEIROS,-23.705,-46.6836,
Sao Paulo,Rio Pinheiros,A Voz dos Rios 3,Pessima,qualidade_agua,mesmo rio,62300570,RIO PINHEIROS (Est.Flot.1e a ponte de Interlagos),RIO PINHEIROS,-23.6875,-46.6953,
Sao Paulo,Rio Pinheiros,A Voz dos Rios 3,Pessima,qualidade_agua,mesmo rio,62300580,RIO PINHEIROS (em frente a estação de Jurutuba),RIO PINHEIROS,-23.6769,-46.3528,
Sao Paulo,Rio Pinheiros,A Voz dos Rios 3,Pessima,qualidade_agua,mesmo rio,62300600,USP,RIO PINHEIROS,-23.5586,-46.7108,
Sao Paulo,Rio Pinheiros,A Voz dos Rios 3,Pessima,qualidade_agua,mesmo rio,62300610,PEDREIRA,RIO PINHEIROS,-23.7028,-46.6792,
Sao Paulo,Rio Pinheiros,A Voz dos Rios 3,Pessima,qualidade_agua,mesmo rio,62300700,RETIRO,RIO PINHEIROS,-23.5322,-46.7492,
Sao Paulo,Riacho Congonhas,Colegio Magno,Regular,fluviometrica,mesmo municipio,62222500,TAQACETUBA,RESERVATÓRIO BILLINGS (COMP.PEDREIRA),-23.8406,-46.6586,
Sao Paulo,Riacho Congonhas,Colegio Magno,Regular,fluviometrica,mesmo municipio,62285002,UHE HENRY BORDEN BARRAMENTO BILLINGS,RIO GRANDE OU JURUBATUBA,-23.7031,-46.6739,
Sao Paulo,Riacho Congonhas,Colegio Magno,Regular,fluviometrica,mesmo municipio,62287000,CAULIM,RIBEIRÃO DO PIRES,-23.7867,-46.7314,
Sao Paulo,Riacho Congonhas,Colegio Magno,Regular,fluviometrica,mesmo municipio,62290120,GUARAPIRANGA,RIO GUARAPIRANGA,-23.6714,-46.7264,
Sao Paulo,Riacho Congonhas,Colegio Magno,Regular,fluviometrica,mesmo municipio,62300600,USP,RIO PINHEIROS,-23.5586,-46.7108,
Sao Paulo,Riacho Congonhas,Colegio Magno,Regular,fluviometrica,mesmo municipio,62300610,PEDREIRA,RIO PINHEIROS,-23.7028,-46.6792,
Sao Paulo,Riacho Congonhas,Colegio Magno,Regular,fluviometrica,mesmo municipio,62300700,RETIRO,RIO PINHEIROS,-23.5322,-46.7492,
Sao Paulo,Riacho Congonhas,Colegio Magno,Regular,fluviometrica,mesmo municipio,62365160,SB-CA-BAC Barragem Águas Claras,RESERVATÓRIO ÁGUAS CLARAS,-23.3981,-46.6583,
Sao Paulo,Riacho Congonhas,Colegio Magno,Regular,qualidade_agua,mesmo municipio,80451000,RES. CAPIVARI-MONOS (est. de recalque Sabesp),RIO CAPIVARI,-23.9225,-46.7289,
Sao Paulo,Riacho Congonhas,Colegio Magno,Regular,qualidade_agua,mesmo municipio,62222500,TAQACETUBA,RESERVATÓRIO BILLINGS (COMP.PEDREIRA),-23.8406,-46.6586,
Sao Paulo,Riacho Congonhas,Colegio Magno,Regular,qualidade_agua,mesmo municipio,62222700,RESERVATÓRIO BILLINGS (São Paulo),RESERVATÓRIO BILLINGS (COMP.PEDREIRA),-23.7492,-46.6478,
Sao Paulo,Riacho Congonhas,Colegio Magno,Regular,qualidade_agua,mesmo municipio,62223100,BRAÇO DO TAQUACETUBA (São Paulo),RIO TIETÊ,-23.8447,-46.6556,
Sao Paulo,Riacho Congonhas,Colegio Magno,Regular,qualidade_agua,mesmo municipio,62224100,RIBEIRÃO DOS MENINOS (pte. Av. dos Estados),RIO DOS MENINOS,-23.6,-46.5792,
Sao Paulo,Riacho Congonhas,Colegio Magno,Regular,qualidade_agua,mesmo municipio,62224250,PONTE AV. FRANCISCO MESQUITA 1000,RIO TAMANDUATEÍ,-23.5947,-46.5822,
Sao Paulo,Riacho Congonhas,Colegio Magno,Regular,qualidade_agua,mesmo municipio,62237000,PONTE PRAÇA DO MONUMENTO (Dom Pedro),CÓRREGO DO IPIRANGA,-23.5781,-46.6089,
Sao Paulo,Riacho Congonhas,Colegio Magno,Regular,qualidade_agua,mesmo municipio,62285002,UHE HENRY BORDEN BARRAMENTO BILLINGS,RIO GRANDE OU JURUBATUBA,-23.7031,-46.6739,
Sao Paulo,Riacho Congonhas,Colegio Magno,Regular,qualidade_agua,mesmo municipio,62287000,CAULIM,RIBEIRÃO DO PIRES,-23.7867,-46.7314,
Sao Paulo,Riacho Congonhas,Colegio Magno,Regular,qualidade_agua,mesmo municipio,62290010,RES. GUARAPIRANGA (praia ass. func. pub.) ,RIO GUARAPIRANGA,-23.7455555555556,-46.7691666666667,
Sao Paulo,Riacho Congonhas,Colegio Magno,Regular,qualidade_agua,mesmo municipio,62290020,RES. GUARAPIRANGA (bairro baln. São José),RIO GUARAPIRANGA,-23.7541666666667,-46.7269444444444,
Sao Paulo,Riacho Congonhas,Colegio Magno,Regular,qualidade_agua,mesmo municipio,62290030,RES. GUARAPIRANGA (praia do club de campo),RIO GUARAPIRANGA,-23.7302777777778,-46.7211111111111,
Sao Paulo,Riacho Congonhas,Colegio Magno,Regular,qualidade_agua,mesmo municipio,62290040,RES. GUARAPIRANGA (praia Miami Paulista),RIO GUARAPIRANGA,-23.7155555555556,-46.7519444444444,
Sao Paulo,Riacho Congonhas,Colegio Magno,Regular,qualidade_agua,mesmo municipio,62290050,RES. GUARAPIRANGA (Marina Guaraci),RIO GUARAPIRANGA,-23.7108333333333,-46.755,
Sao Paulo,Riacho Congonhas,Colegio Magno,Regular,qualidade_agua,mesmo municipio,62290060,RES. GUARAPIRANGA (prainha Jardim da Represa),RIO GUARAPIRANGA,-23.7183333333333,-46.7191666666667,
Sao Paulo,Riacho Congonhas,Colegio Magno,Regular,qualidade_agua,mesmo municipio,62290070,RES. GUARAPIRANGA (Club de Campo Castelo),RIO GUARAPIRANGA,-23.7147222222222,-46.7161111111111,
Sao Paulo,Riacho Congonhas,Colegio Magno,Regular,qualidade_agua,mesmo municipio,62290080,RES. GUARAPIRANGA (Riviera Náutica),RIO GUARAPIRANGA,-23.6991666666667,-46.7452777777778,
Sao Paulo,Riacho Congonhas,Colegio Magno,Regular,qualidade_agua,mesmo municipio,62290090,RES. GUARAPIRANGA (Restaurante Interlagos),RIO GUARAPIRANGA,-23.7022222222222,-46.7147222222222,
Sao Paulo,Riacho Congonhas,Colegio Magno,Regular,qualidade_agua,mesmo municipio,62290100,RES. GUARAPIRANGA (Marina Guarapiranga),RIO GUARAPIRANGA,-23.6961111111111,-46.7172222222222,
Sao Paulo,Riacho Congonhas,Colegio Magno,Regular,qualidade_agua,mesmo municipio,62290110,RES. GUARAPIRANGA (Marina Jardim 3 Marias),RIO GUARAPIRANGA,-23.6838888888889,-46.7169444444444,
Sao Paulo,Riacho Congonhas,Colegio Magno,Regular,qualidade_agua,mesmo municipio,62290120,GUARAPIRANGA,RIO GUARAPIRANGA,-23.6714,-46.7264,
Sao Paulo,Riacho Congonhas,Colegio Magno,Regular,qualidade_agua,mesmo municipio,62290130,RES. GUARAPIRANGA (2 km da Barragem),RIO GUARAPIRANGA,-23.6894444444444,-46.7263888888889,
Sao Paulo,Riacho Congonhas,Colegio Magno,Regular,qualidade_agua,mesmo municipio,62290140,RES. GUARAPIRANGA (barr. capt. da SABESP),RIO GUARAPIRANGA,-23.6794444444444,-46.7183333333333,
Sao Paulo,Riacho Congonhas,Colegio Magno,Regular,qualidade_agua,mesmo municipio,62294600,RIO EMBU-MIRIM (pte. Boi Mirim - SP-214),RIO EMBU MIRIM,-23.72,-46.7847,
Sao Paulo,Riacho Congonhas,Colegio Magno,Regular,qualidade_agua,mesmo municipio,62298800,PONTE NA ENTRADA DA USP,RIO PIRAJUSSARA,-23.5642,-46.7136,
Sao Paulo,Riacho Congonhas,Colegio Magno,Regular,qualidade_agua,mesmo municipio,62300500,RIO PINHEIROS (Elevatória de Pedreira),RIO PINHEIROS,-23.7025,-46.6739,
Sao Paulo,Riacho Congonhas,Colegio Magno,Regular,qualidade_agua,mesmo municipio,62300550,RIO PINHEIROS - Próx. elevatória,RIO PINHEIROS,-23.7028,-46.6792,
Sao Paulo,Riacho Congonhas,Colegio Magno,Regular,qualidade_agua,mesmo municipio,62300560,RIO PINHEIROS (Pinheiros/Pedreira),RIO PINHEIROS,-23.705,-46.6836,
Sao Paulo,Riacho Congonhas,Colegio Magno,Regular,qualidade_agua,mesmo municipio,62300570,RIO PINHEIROS (Est.Flot.1e a ponte de Interlagos),RIO PINHEIROS,-23.6875,-46.6953,
Sao Paulo,Riacho Congonhas,Colegio Magno,Regular,qualidade_agua,mesmo municipio,62300580,RIO PINHEIROS (em frente a estação de Jurutuba),RIO PINHEIROS,-23.6769,-46.3528,
Sao Paulo,Riacho Congonhas,Colegio Magno,Regular,qualidade_agua,mesmo municipio,62300600,USP,RIO PINHEIROS,-23.5586,-46.7108,
Sao Paulo,Riacho Congonhas,Colegio Magno,Regular,qualidade_agua,mesmo municipio,62300610,PEDREIRA,RIO PINHEIROS,-23.7028,-46.6792,
Sao Paulo,Riacho Congonhas,Colegio Magno,Regular,qualidade_agua,mesmo municipio,62300700,RETIRO,RIO PINHEIROS,-23.5322,-46.7492,
Sao Paulo,Riacho Congonhas,Colegio Magno,Regular,qualidade_agua,mesmo municipio,62121900,CÓRREGO DO MORRO DO S,CÓRREGO DA CACHOEIRA,-23.3939,-46.7411,
Sao Paulo,Riacho Congonhas,Colegio Magno,Regular,qualidade_agua,mesmo municipio,62152000,RIBEIRÃO ITAQUERA,RIO ITAQUERA,-23.4806,-46.4403,
Sao Paulo,Riacho Congonhas,Colegio Magno,Regular,qualidade_agua,mesmo municipio,62155050,RIO CABUÇU (São Paulo),RIO CABUÇU,-23.4736,-46.5614,
Sao Paulo,Riacho Congonhas,Colegio Magno,Regular,qualidade_agua,mesmo municipio,62167500,ALDEIA INDÍGENA JARAGUÁ,RIBEIRÃO VERMELHO OU MUTINGA,-23.4639,-46.7542,
Sao Paulo,Riacho Congonhas,Colegio Magno,Regular,qualidade_agua,mesmo municipio,62168000,PONTE AV. POLITÉCNICA,CÓRREGO DO JAGUARÉ,-23.5675,-46.7569,
Sao Paulo,Riacho Congonhas,Colegio Magno,Regular,qualidade_agua,mesmo municipio,62168800,PONTE ENTRADA ESTAÇÃO CPTM,CÓRREGO ZAVUVUS,-23.6764,-46.7011,
Sao Paulo,Riacho Congonhas,Colegio Magno,Regular,qualidade_agua,mesmo municipio,62177100,RIO ARICANDUVA ( pte. Ely Lopes Meireles),RIO ARICANDUVA,-23.5244,-46.5583,
Sao Paulo,Corrego do Sapateiro,Colegio Mater Dei,Regular,fluviometrica,mesmo municipio,62222500,TAQACETUBA,RESERVATÓRIO BILLINGS (COMP.PEDREIRA),-23.8406,-46.6586,
Sao Paulo,Corrego do Sapateiro,Colegio Mater Dei,Regular,fluviometrica,mesmo municipio,62285002,UHE HENRY BORDEN BARRAMENTO BILLINGS,RIO GRANDE OU JURUBATUBA,-23.7031,-46.6739,
Sao Paulo,Corrego do Sapateiro,Colegio Mater Dei,Regular,fluviometrica,mesmo municipio,62287000,CAULIM,RIBEIRÃO DO PIRES,-23.7867,-46.7314,
Sao Paulo,Corrego do Sapateiro,Colegio Mater Dei,Regular,fluviometrica,mesmo municipio,62290120,GUARAPIRANGA,RIO GUARAPIRANGA,-23.6714,-46.7264,
Sao Paulo,Corrego do Sapateiro,Colegio Mater Dei,Regular,fluviometrica,mesmo municipio,62300600,USP,RIO PINHEIROS,-23.5586,-46.7108,
Sao Paulo,Corrego do Sapateiro,Colegio Mater Dei,Regular,fluviometrica,mesmo municipio,62300610,PEDREIRA,RIO PINHEIROS,-23.7028,-46.6792,
Sao Paulo,Corrego do Sapateiro,Colegio Mater Dei,Regular,fluviometrica,mesmo municipio,62300700,RETIRO,RIO PINHEIROS,-23.5322,-46.7492,
Sao Paulo,Corrego do Sapateiro,Colegio Mater Dei,Regular,fluviometrica,mesmo municipio,62365160,SB-CA-BAC Barragem Águas Claras,RESERVATÓRIO ÁGUAS CLARAS,-23.3981,-46.6583,
Sao Paulo,Corrego do Sapateiro,Colegio Mater Dei,Regular,qualidade_agua,mesmo municipio,80451000,RES. CAPIVARI-MONOS (est. de recalque Sabesp),RIO CAPIVARI,-23.9225,-46.7289,
Sao Paulo,Corrego do Sapateiro,Colegio Mater Dei,Regular,qualidade_agua,mesmo municipio,62222500,TAQACETUBA,RESERVATÓRIO BILLINGS (COMP.PEDREIRA),-23.8406,-46.6586,
Sao Paulo,Corrego do Sapateiro,Colegio Mater Dei,Regular,qualidade_agua,mesmo municipio,62222700,RESERVATÓRIO BILLINGS (São Paulo),RESERVATÓRIO BILLINGS (COMP.PEDREIRA),-23.7492,-46.6478,
Sao Paulo,Corrego do Sapateiro,Colegio Mater Dei,Regular,qualidade_agua,mesmo municipio,62223100,BRAÇO DO TAQUACETUBA (São Paulo),RIO TIETÊ,-23.8447,-46.6556,
Sao Paulo,Corrego do Sapateiro,Colegio Mater Dei,Regular,qualidade_agua,mesmo municipio,62224100,RIBEIRÃO DOS MENINOS (pte. Av. dos Estados),RIO DOS MENINOS,-23.6,-46.5792,
Sao Paulo,Corrego do Sapateiro,Colegio Mater Dei,Regular,qualidade_agua,mesmo municipio,62224250,PONTE AV. FRANCISCO MESQUITA 1000,RIO TAMANDUATEÍ,-23.5947,-46.5822,
Sao Paulo,Corrego do Sapateiro,Colegio Mater Dei,Regular,qualidade_agua,mesmo municipio,62237000,PONTE PRAÇA DO MONUMENTO (Dom Pedro),CÓRREGO DO IPIRANGA,-23.5781,-46.6089,
Sao Paulo,Corrego do Sapateiro,Colegio Mater Dei,Regular,qualidade_agua,mesmo municipio,62285002,UHE HENRY BORDEN BARRAMENTO BILLINGS,RIO GRANDE OU JURUBATUBA,-23.7031,-46.6739,
Sao Paulo,Corrego do Sapateiro,Colegio Mater Dei,Regular,qualidade_agua,mesmo municipio,62287000,CAULIM,RIBEIRÃO DO PIRES,-23.7867,-46.7314,
Sao Paulo,Corrego do Sapateiro,Colegio Mater Dei,Regular,qualidade_agua,mesmo municipio,62290010,RES. GUARAPIRANGA (praia ass. func. pub.) ,RIO GUARAPIRANGA,-23.7455555555556,-46.7691666666667,
Sao Paulo,Corrego do Sapateiro,Colegio Mater Dei,Regular,qualidade_agua,mesmo municipio,62290020,RES. GUARAPIRANGA (bairro baln. São José),RIO GUARAPIRANGA,-23.7541666666667,-46.7269444444444,
Sao Paulo,Corrego do Sapateiro,Colegio Mater Dei,Regular,qualidade_agua,mesmo municipio,62290030,RES. GUARAPIRANGA (praia do club de campo),RIO GUARAPIRANGA,-23.7302777777778,-46.7211111111111,
Sao Paulo,Corrego do Sapateiro,Colegio Mater Dei,Regular,qualidade_agua,mesmo municipio,62290040,RES. GUARAPIRANGA (praia Miami Paulista),RIO GUARAPIRANGA,-23.7155555555556,-46.7519444444444,
Sao Paulo,Corrego do Sapateiro,Colegio Mater Dei,Regular,qualidade_agua,mesmo municipio,62290050,RES. GUARAPIRANGA (Marina Guaraci),RIO GUARAPIRANGA,-23.7108333333333,-46.755,
Sao Paulo,Corrego do Sapateiro,Colegio Mater Dei,Regular,qualidade_agua,mesmo municipio,62290060,RES. GUARAPIRANGA (prainha Jardim da Represa),RIO GUARAPIRANGA,-23.7183333333333,-46.7191666666667,
Sao Paulo,Corrego do Sapateiro,Colegio Mater Dei,Regular,qualidade_agua,mesmo municipio,62290070,RES. GUARAPIRANGA (Club de Campo Castelo),RIO GUARAPIRANGA,-23.7147222222222,-46.7161111111111,
Sao Paulo,Corrego do Sapateiro,Colegio Mater Dei,Regular,qualidade_agua,mesmo municipio,62290080,RES. GUARAPIRANGA (Riviera Náutica),RIO GUARAPIRANGA,-23.6991666666667,-46.7452777777778,
Sao Paulo,Corrego do Sapateiro,Colegio Mater Dei,Regular,qualidade_agua,mesmo municipio,62290090,RES. GUARAPIRANGA (Restaurante Interlagos),RIO GUARAPIRANGA,-23.7022222222222,-46.7147222222222,
Sao Paulo,Corrego do Sapateiro,Colegio Mater Dei,Regular,qualidade_agua,mesmo municipio,62290100,RES. GUARAPIRANGA (Marina Guarapiranga),RIO GUARAPIRANGA,-23.6961111111111,-46.7172222222222,
Sao Paulo,Corrego do Sapateiro,Colegio Mater Dei,Regular,qualidade_agua,mesmo municipio,62290110,RES. GUARAPIRANGA (Marina Jardim 3 Marias),RIO GUARAPIRANGA,-23.6838888888889,-46.7169444444444,
Sao Paulo,Corrego do Sapateiro,Colegio Mater Dei,Regular,qualidade_agua,mesmo municipio,62290120,GUARAPIRANGA,RIO GUARAPIRANGA,-23.6714,-46.7264,
Sao Paulo,Corrego do Sapateiro,Colegio Mater Dei,Regular,qualidade_agua,mesmo municipio,62290130,RES. GUARAPIRANGA (2 km da Barragem),RIO GUARAPIRANGA,-23.6894444444444,-46.7263888888889,
Sao Paulo,Corrego do Sapateiro,Colegio Mater Dei,Regular,qualidade_agua,mesmo municipio,62290140,RES. GUARAPIRANGA (barr. capt. da SABESP),RIO GUARAPIRANGA,-23.6794444444444,-46.7183333333333,
Sao Paulo,Corrego do Sapateiro,Colegio Mater Dei,Regular,qualidade_agua,mesmo municipio,62294600,RIO EMBU-MIRIM (pte. Boi Mirim - SP-214),RIO EMBU MIRIM,-23.72,-46.7847,
Sao Paulo,Corrego do Sapateiro,Colegio Mater Dei,Regular,qualidade_agua,mesmo municipio,62298800,PONTE NA ENTRADA DA USP,RIO PIRAJUSSARA,-23.5642,-46.7136,
Sao Paulo,Corrego do Sapateiro,Colegio Mater Dei,Regular,qualidade_agua,mesmo municipio,62300500,RIO PINHEIROS (Elevatória de Pedreira),RIO PINHEIROS,-23.7025,-46.6739,
Sao Paulo,Corrego do Sapateiro,Colegio Mater Dei,Regular,qualidade_agua,mesmo municipio,62300550,RIO PINHEIROS - Próx. elevatória,RIO PINHEIROS,-23.7028,-46.6792,
Sao Paulo,Corrego do Sapateiro,Colegio Mater Dei,Regular,qualidade_agua,mesmo municipio,62300560,RIO PINHEIROS (Pinheiros/Pedreira),RIO PINHEIROS,-23.705,-46.6836,
Sao Paulo,Corrego do Sapateiro,Colegio Mater Dei,Regular,qualidade_agua,mesmo municipio,62300570,RIO PINHEIROS (Est.Flot.1e a ponte de Interlagos),RIO PINHEIROS,-23.6875,-46.6953,
Sao Paulo,Corrego do Sapateiro,Colegio Mater Dei,Regular,qualidade_agua,mesmo municipio,62300580,RIO PINHEIROS (em frente a estação de Jurutuba),RIO PINHEIROS,-23.6769,-46.3528,
Sao Paulo,Corrego do Sapateiro,Colegio Mater Dei,Regular,qualidade_agua,mesmo municipio,62300600,USP,RIO PINHEIROS,-23.5586,-46.7108,
Sao Paulo,Corrego do Sapateiro,Colegio Mater Dei,Regular,qualidade_agua,mesmo municipio,62300610,PEDREIRA,RIO PINHEIROS,-23.7028,-46.6792,
Sao Paulo,Corrego do Sapateiro,Colegio Mater Dei,Regular,qualidade_agua,mesmo municipio,62300700,RETIRO,RIO PINHEIROS,-23.5322,-46.7492,
Sao Paulo,Corrego do Sapateiro,Colegio Mater Dei,Regular,qualidade_agua,mesmo municipio,62121900,CÓRREGO DO MORRO DO S,CÓRREGO DA CACHOEIRA,-23.3939,-46.7411,
Sao Paulo,Corrego do Sapateiro,Colegio Mater Dei,Regular,qualidade_agua,mesmo municipio,62152000,RIBEIRÃO ITAQUERA,RIO ITAQUERA,-23.4806,-46.4403,
Sao Paulo,Corrego do Sapateiro,Colegio Mater Dei,Regular,qualidade_agua,mesmo municipio,62155050,RIO CABUÇU (São Paulo),RIO CABUÇU,-23.4736,-46.5614,
Sao Paulo,Corrego do Sapateiro,Colegio Mater Dei,Regular,qualidade_agua,mesmo municipio,62167500,ALDEIA INDÍGENA JARAGUÁ,RIBEIRÃO VERMELHO OU MUTINGA,-23.4639,-46.7542,
Sao Paulo,Corrego do Sapateiro,Colegio Mater Dei,Regular,qualidade_agua,mesmo municipio,62168000,PONTE AV. POLITÉCNICA,CÓRREGO DO JAGUARÉ,-23.5675,-46.7569,
Sao Paulo,Corrego do Sapateiro,Colegio Mater Dei,Regular,qualidade_agua,mesmo municipio,62168800,PONTE ENTRADA ESTAÇÃO CPTM,CÓRREGO ZAVUVUS,-23.6764,-46.7011,
Sao Paulo,Corrego do Sapateiro,Colegio Mater Dei,Regular,qualidade_agua,mesmo municipio,62177100,RIO ARICANDUVA ( pte. Ely Lopes Meireles),RIO ARICANDUVA,-23.5244,-46.5583,
Sao Paulo,Corrego do Sapateiro,Colegio Objetivo - Luis Gois,Boa,fluviometrica,mesmo municipio,62222500,TAQACETUBA,RESERVATÓRIO BILLINGS (COMP.PEDREIRA),-23.8406,-46.6586,
Sao Paulo,Corrego do Sapateiro,Colegio Objetivo - Luis Gois,Boa,fluviometrica,mesmo municipio,62285002,UHE HENRY BORDEN BARRAMENTO BILLINGS,RIO GRANDE OU JURUBATUBA,-23.7031,-46.6739,
Sao Paulo,Corrego do Sapateiro,Colegio Objetivo - Luis Gois,Boa,fluviometrica,mesmo municipio,62287000,CAULIM,RIBEIRÃO DO PIRES,-23.7867,-46.7314,
Sao Paulo,Corrego do Sapateiro,Colegio Objetivo - Luis Gois,Boa,fluviometrica,mesmo municipio,62290120,GUARAPIRANGA,RIO GUARAPIRANGA,-23.6714,-46.7264,
Sao Paulo,Corrego do Sapateiro,Colegio Objetivo - Luis Gois,Boa,fluviometrica,mesmo municipio,62300600,USP,RIO PINHEIROS,-23.5586,-46.7108,
Sao Paulo,Corrego do Sapateiro,Colegio Objetivo - Luis Gois,Boa,fluviometrica,mesmo municipio,62300610,PEDREIRA,RIO PINHEIROS,-23.7028,-46.6792,
Sao Paulo,Corrego do Sapateiro,Colegio Objetivo - Luis Gois,Boa,fluviometrica,mesmo municipio,62300700,RETIRO,RIO PINHEIROS,-23.5322,-46.7492,
Sao Paulo,Corrego do Sapateiro,Colegio Objetivo - Luis Gois,Boa,fluviometrica,mesmo municipio,62365160,SB-CA-BAC Barragem Águas Claras,RESERVATÓRIO ÁGUAS CLARAS,-23.3981,-46.6583,
Sao Paulo,Corrego do Sapateiro,Colegio Objetivo - Luis Gois,Boa,qualidade_agua,mesmo municipio,80451000,RES. CAPIVARI-MONOS (est. de recalque Sabesp),RIO CAPIVARI,-23.9225,-46.7289,
Sao Paulo,Corrego do Sapateiro,Colegio Objetivo - Luis Gois,Boa,qualidade_agua,mesmo municipio,62222500,TAQACETUBA,RESERVATÓRIO BILLINGS (COMP.PEDREIRA),-23.8406,-46.6586,
Sao Paulo,Corrego do Sapateiro,Colegio Objetivo - Luis Gois,Boa,qualidade_agua,mesmo municipio,62222700,RESERVATÓRIO BILLINGS (São Paulo),RESERVATÓRIO BILLINGS (COMP.PEDREIRA),-23.7492,-46.6478,
Sao Paulo,Corrego do Sapateiro,Colegio Objetivo - Luis Gois,Boa,qualidade_agua,mesmo municipio,62223100,BRAÇO DO TAQUACETUBA (São Paulo),RIO TIETÊ,-23.8447,-46.6556,
Sao Paulo,Corrego do Sapateiro,Colegio Objetivo - Luis Gois,Boa,qualidade_agua,mesmo municipio,62224100,RIBEIRÃO DOS MENINOS (pte. Av. dos Estados),RIO DOS MENINOS,-23.6,-46.5792,
Sao Paulo,Corrego do Sapateiro,Colegio Objetivo - Luis Gois,Boa,qualidade_agua,mesmo municipio,62224250,PONTE AV. FRANCISCO MESQUITA 1000,RIO TAMANDUATEÍ,-23.5947,-46.5822,
Sao Paulo,Corrego do Sapateiro,Colegio Objetivo - Luis Gois,Boa,qualidade_agua,mesmo municipio,62237000,PONTE PRAÇA DO MONUMENTO (Dom Pedro),CÓRREGO DO IPIRANGA,-23.5781,-46.6089,
Sao Paulo,Corrego do Sapateiro,Colegio Objetivo - Luis Gois,Boa,qualidade_agua,mesmo municipio,62285002,UHE HENRY BORDEN BARRAMENTO BILLINGS,RIO GRANDE OU JURUBATUBA,-23.7031,-46.6739,
Sao Paulo,Corrego do Sapateiro,Colegio Objetivo - Luis Gois,Boa,qualidade_agua,mesmo municipio,62287000,CAULIM,RIBEIRÃO DO PIRES,-23.7867,-46.7314,
Sao Paulo,Corrego do Sapateiro,Colegio Objetivo - Luis Gois,Boa,qualidade_agua,mesmo municipio,62290010,RES. GUARAPIRANGA (praia ass. func. pub.) ,RIO GUARAPIRANGA,-23.7455555555556,-46.7691666666667,
Sao Paulo,Corrego do Sapateiro,Colegio Objetivo - Luis Gois,Boa,qualidade_agua,mesmo municipio,62290020,RES. GUARAPIRANGA (bairro baln. São José),RIO GUARAPIRANGA,-23.7541666666667,-46.7269444444444,
Sao Paulo,Corrego do Sapateiro,Colegio Objetivo - Luis Gois,Boa,qualidade_agua,mesmo municipio,62290030,RES. GUARAPIRANGA (praia do club de campo),RIO GUARAPIRANGA,-23.7302777777778,-46.7211111111111,
Sao Paulo,Corrego do Sapateiro,Colegio Objetivo - Luis Gois,Boa,qualidade_agua,mesmo municipio,62290040,RES. GUARAPIRANGA (praia Miami Paulista),RIO GUARAPIRANGA,-23.7155555555556,-46.7519444444444,
Sao Paulo,Corrego do Sapateiro,Colegio Objetivo - Luis Gois,Boa,qualidade_agua,mesmo municipio,62290050,RES. GUARAPIRANGA (Marina Guaraci),RIO GUARAPIRANGA,-23.7108333333333,-46.755,
Sao Paulo,Corrego do Sapateiro,Colegio Objetivo - Luis Gois,Boa,qualidade_agua,mesmo municipio,62290060,RES. GUARAPIRANGA (prainha Jardim da Represa),RIO GUARAPIRANGA,-23.7183333333333,-46.7191666666667,
Sao Paulo,Corrego do Sapateiro,Colegio Objetivo - Luis Gois,Boa,qualidade_agua,mesmo municipio,62290070,RES. GUARAPIRANGA (Club de Campo Castelo),RIO GUARAPIRANGA,-23.7147222222222,-46.7161111111111,
Sao Paulo,Corrego do Sapateiro,Colegio Objetivo - Luis Gois,Boa,qualidade_agua,mesmo municipio,62290080,RES. GUARAPIRANGA (Riviera Náutica),RIO GUARAPIRANGA,-23.6991666666667,-46.7452777777778,
Sao Paulo,Corrego do Sapateiro,Colegio Objetivo - Luis Gois,Boa,qualidade_agua,mesmo municipio,62290090,RES. GUARAPIRANGA (Restaurante Interlagos),RIO GUARAPIRANGA,-23.7022222222222,-46.7147222222222,
Sao Paulo,Corrego do Sapateiro,Colegio Objetivo - Luis Gois,Boa,qualidade_agua,mesmo municipio,62290100,RES. GUARAPIRANGA (Marina Guarapiranga),RIO GUARAPIRANGA,-23.6961111111111,-46.7172222222222,
Sao Paulo,Corrego do Sapateiro,Colegio Objetivo - Luis Gois,Boa,qualidade_agua,mesmo municipio,62290110,RES. GUARAPIRANGA (Marina Jardim 3 Marias),RIO GUARAPIRANGA,-23.6838888888889,-46.7169444444444,
Sao Paulo,Corrego do Sapateiro,Colegio Objetivo - Luis Gois,Boa,qualidade_agua,mesmo municipio,62290120,GUARAPIRANGA,RIO GUARAPIRANGA,-23.6714,-46.7264,
Sao Paulo,Corrego do Sapateiro,Colegio Objetivo - Luis Gois,Boa,qualidade_agua,mesmo municipio,62290130,RES. GUARAPIRANGA (2 km da Barragem),RIO GUARAPIRANGA,-23.6894444444444,-46.7263888888889,
Sao Paulo,Corrego do Sapateiro,Colegio Objetivo - Luis Gois,Boa,qualidade_agua,mesmo municipio,62290140,RES. GUARAPIRANGA (barr. capt. da SABESP),RIO GUARAPIRANGA,-23.6794444444444,-46.7183333333333,
Sao Paulo,Corrego do Sapateiro,Colegio Objetivo - Luis Gois,Boa,qualidade_agua,mesmo municipio,62294600,RIO EMBU-MIRIM (pte. Boi Mirim - SP-214),RIO EMBU MIRIM,-23.72,-46.7847,
Sao Paulo,Corrego do Sapateiro,Colegio Objetivo - Luis Gois,Boa,qualidade_agua,mesmo municipio,62298800,PONTE NA ENTRADA DA USP,RIO PIRAJUSSARA,-23.5642,-46.7136,
Sao Paulo,Corrego do Sapateiro,Colegio Objetivo - Luis Gois,Boa,qualidade_agua,mesmo municipio,62300500,RIO PINHEIROS (Elevatória de Pedreira),RIO PINHEIROS,-23.7025,-46.6739,
Sao Paulo,Corrego do Sapateiro,Colegio Objetivo - Luis Gois,Boa,qualidade_agua,mesmo municipio,62300550,RIO PINHEIROS - Próx. elevatória,RIO PINHEIROS,-23.7028,-46.6792,
Sao Paulo,Corrego do Sapateiro,Colegio Objetivo - Luis Gois,Boa,qualidade_agua,mesmo municipio,62300560,RIO PINHEIROS (Pinheiros/Pedreira),RIO PINHEIROS,-23.705,-46.6836,
Sao Paulo,Corrego do Sapateiro,Colegio Objetivo - Luis Gois,Boa,qualidade_agua,mesmo municipio,62300570,RIO PINHEIROS (Est.Flot.1e a ponte de Interlagos),RIO PINHEIROS,-23.6875,-46.6953,
Sao Paulo,Corrego do Sapateiro,Colegio Objetivo - Luis Gois,Boa,qualidade_agua,mesmo municipio,62300580,RIO PINHEIROS (em frente a estação de Jurutuba),RIO PINHEIROS,-23.6769,-46.3528,
Sao Paulo,Corrego do Sapateiro,Colegio Objetivo - Luis Gois,Boa,qualidade_agua,mesmo municipio,62300600,USP,RIO PINHEIROS,-23.5586,-46.7108,
Sao Paulo,Corrego do Sapateiro,Colegio Objetivo - Luis Gois,Boa,qualidade_agua,mesmo municipio,62300610,PEDREIRA,RIO PINHEIROS,-23.7028,-46.6792,
Sao Paulo,Corrego do Sapateiro,Colegio Objetivo - Luis Gois,Boa,qualidade_agua,mesmo municipio,62300700,RETIRO,RIO PINHEIROS,-23.5322,-46.7492,
Sao Paulo,Corrego do Sapateiro,Colegio Objetivo - Luis Gois,Boa,qualidade_agua,mesmo municipio,62121900,CÓRREGO DO MORRO DO S,CÓRREGO DA CACHOEIRA,-23.3939,-46.7411,
Sao Paulo,Corrego do Sapateiro,Colegio Objetivo - Luis Gois,Boa,qualidade_agua,mesmo municipio,62152000,RIBEIRÃO ITAQUERA,RIO ITAQUERA,-23.4806,-46.4403,
Sao Paulo,Corrego do Sapateiro,Colegio Objetivo - Luis Gois,Boa,qualidade_agua,mesmo municipio,62155050,RIO CABUÇU (São Paulo),RIO CABUÇU,-23.4736,-46.5614,
Sao Paulo,Corrego do Sapateiro,Colegio Objetivo - Luis Gois,Boa,qualidade_agua,mesmo municipio,62167500,ALDEIA INDÍGENA JARAGUÁ,RIBEIRÃO VERMELHO OU MUTINGA,-23.4639,-46.7542,
Sao Paulo,Corrego do Sapateiro,Colegio Objetivo - Luis Gois,Boa,qualidade_agua,mesmo municipio,62168000,PONTE AV. POLITÉCNICA,CÓRREGO DO JAGUARÉ,-23.5675,-46.7569,
Sao Paulo,Corrego do Sapateiro,Colegio Objetivo - Luis Gois,Boa,qualidade_agua,mesmo municipio,62168800,PONTE ENTRADA ESTAÇÃO CPTM,CÓRREGO ZAVUVUS,-23.6764,-46.7011,
Sao Paulo,Corrego do Sapateiro,Colegio Objetivo - Luis Gois,Boa,qualidade_agua,mesmo municipio,62177100,RIO ARICANDUVA ( pte. Ely Lopes Meireles),RIO ARICANDUVA,-23.5244,-46.5583,
Sao Paulo,Corrego das Corujas,Ecobairros,Regular,fluviometrica,mesmo municipio,62222500,TAQACETUBA,RESERVATÓRIO BILLINGS (COMP.PEDREIRA),-23.8406,-46.6586,
Sao Paulo,Corrego das Corujas,Ecobairros,Regular,fluviometrica,mesmo municipio,62285002,UHE HENRY BORDEN BARRAMENTO BILLINGS,RIO GRANDE OU JURUBATUBA,-23.7031,-46.6739,
Sao Paulo,Corrego das Corujas,Ecobairros,Regular,fluviometrica,mesmo municipio,62287000,CAULIM,RIBEIRÃO DO PIRES,-23.7867,-46.7314,
Sao Paulo,Corrego das Corujas,Ecobairros,Regular,fluviometrica,mesmo municipio,62290120,GUARAPIRANGA,RIO GUARAPIRANGA,-23.6714,-46.7264,
Sao Paulo,Corrego das Corujas,Ecobairros,Regular,fluviometrica,mesmo municipio,62300600,USP,RIO PINHEIROS,-23.5586,-46.7108,
Sao Paulo,Corrego das Corujas,Ecobairros,Regular,fluviometrica,mesmo municipio,62300610,PEDREIRA,RIO PINHEIROS,-23.7028,-46.6792,
Sao Paulo,Corrego das Corujas,Ecobairros,Regular,fluviometrica,mesmo municipio,62300700,RETIRO,RIO PINHEIROS,-23.5322,-46.7492,
Sao Paulo,Corrego das Corujas,Ecobairros,Regular,fluviometrica,mesmo municipio,62365160,SB-CA-BAC Barragem Águas Claras,RESERVATÓRIO ÁGUAS CLARAS,-23.3981,-46.6583,
Sao Paulo,Corrego das Corujas,Ecobairros,Regular,qualidade_agua,mesmo municipio,80451000,RES. CAPIVARI-MONOS (est. de recalque Sabesp),RIO CAPIVARI,-23.9225,-46.7289,
Sao Paulo,Corrego das Corujas,Ecobairros,Regular,qualidade_agua,mesmo municipio,62222500,TAQACETUBA,RESERVATÓRIO BILLINGS (COMP.PEDREIRA),-23.8406,-46.6586,
Sao Paulo,Corrego das Corujas,Ecobairros,Regular,qualidade_agua,mesmo municipio,62222700,RESERVATÓRIO BILLINGS (São Paulo),RESERVATÓRIO BILLINGS (COMP.PEDREIRA),-23.7492,-46.6478,
Sao Paulo,Corrego das Corujas,Ecobairros,Regular,qualidade_agua,mesmo municipio,62223100,BRAÇO DO TAQUACETUBA (São Paulo),RIO TIETÊ,-23.8447,-46.6556,
Sao Paulo,Corrego das Corujas,Ecobairros,Regular,qualidade_agua,mesmo municipio,62224100,RIBEIRÃO DOS MENINOS (pte. Av. dos Estados),RIO DOS MENINOS,-23.6,-46.5792,
Sao Paulo,Corrego das Corujas,Ecobairros,Regular,qualidade_agua,mesmo municipio,62224250,PONTE AV. FRANCISCO MESQUITA 1000,RIO TAMANDUATEÍ,-23.5947,-46.5822,
Sao Paulo,Corrego das Corujas,Ecobairros,Regular,qualidade_agua,mesmo municipio,62237000,PONTE PRAÇA DO MONUMENTO (Dom Pedro),CÓRREGO DO IPIRANGA,-23.5781,-46.6089,
Sao Paulo,Corrego das Corujas,Ecobairros,Regular,qualidade_agua,mesmo municipio,62285002,UHE HENRY BORDEN BARRAMENTO BILLINGS,RIO GRANDE OU JURUBATUBA,-23.7031,-46.6739,
Sao Paulo,Corrego das Corujas,Ecobairros,Regular,qualidade_agua,mesmo municipio,62287000,CAULIM,RIBEIRÃO DO PIRES,-23.7867,-46.7314,
Sao Paulo,Corrego das Corujas,Ecobairros,Regular,qualidade_agua,mesmo municipio,62290010,RES. GUARAPIRANGA (praia ass. func. pub.) ,RIO GUARAPIRANGA,-23.7455555555556,-46.7691666666667,
Sao Paulo,Corrego das Corujas,Ecobairros,Regular,qualidade_agua,mesmo municipio,62290020,RES. GUARAPIRANGA (bairro baln. São José),RIO GUARAPIRANGA,-23.7541666666667,-46.7269444444444,
Sao Paulo,Corrego das Corujas,Ecobairros,Regular,qualidade_agua,mesmo municipio,62290030,RES. GUARAPIRANGA (praia do club de campo),RIO GUARAPIRANGA,-23.7302777777778,-46.7211111111111,
Sao Paulo,Corrego das Corujas,Ecobairros,Regular,qualidade_agua,mesmo municipio,62290040,RES. GUARAPIRANGA (praia Miami Paulista),RIO GUARAPIRANGA,-23.7155555555556,-46.7519444444444,
Sao Paulo,Corrego das Corujas,Ecobairros,Regular,qualidade_agua,mesmo municipio,62290050,RES. GUARAPIRANGA (Marina Guaraci),RIO GUARAPIRANGA,-23.7108333333333,-46.755,
Sao Paulo,Corrego das Corujas,Ecobairros,Regular,qualidade_agua,mesmo municipio,62290060,RES. GUARAPIRANGA (prainha Jardim da Represa),RIO GUARAPIRANGA,-23.7183333333333,-46.7191666666667,
Sao Paulo,Corrego das Corujas,Ecobairros,Regular,qualidade_agua,mesmo municipio,62290070,RES. GUARAPIRANGA (Club de Campo Castelo),RIO GUARAPIRANGA,-23.7147222222222,-46.7161111111111,
Sao Paulo,Corrego das Corujas,Ecobairros,Regular,qualidade_agua,mesmo municipio,62290080,RES. GUARAPIRANGA (Riviera Náutica),RIO GUARAPIRANGA,-23.6991666666667,-46.7452777777778,
Sao Paulo,Corrego das Corujas,Ecobairros,Regular,qualidade_agua,mesmo municipio,62290090,RES. GUARAPIRANGA (Restaurante Interlagos),RIO GUARAPIRANGA,-23.7022222222222,-46.7147222222222,
Sao Paulo,Corrego das Corujas,Ecobairros,Regular,qualidade_agua,mesmo municipio,62290100,RES. GUARAPIRANGA (Marina Guarapiranga),RIO GUARAPIRANGA,-23.6961111111111,-46.7172222222222,
Sao Paulo,Corrego das Corujas,Ecobairros,Regular,qualidade_agua,mesmo municipio,62290110,RES. GUARAPIRANGA (Marina Jardim 3 Marias),RIO GUARAPIRANGA,-23.6838888888889,-46.7169444444444,
Sao Paulo,Corrego das Corujas,Ecobairros,Regular,qualidade_agua,mesmo municipio,62290120,GUARAPIRANGA,RIO GUARAPIRANGA,-23.6714,-46.7264,
Sao Paulo,Corrego das Corujas,Ecobairros,Regular,qualidade_agua,mesmo municipio,62290130,RES. GUARAPIRANGA (2 km da Barragem),RIO GUARAPIRANGA,-23.6894444444444,-46.7263888888889,
Sao Paulo,Corrego das Corujas,Ecobairros,Regular,qualidade_agua,mesmo municipio,62290140,RES. GUARAPIRANGA (barr. capt. da SABESP),RIO GUARAPIRANGA,-23.6794444444444,-46.7183333333333,
Sao Paulo,Corrego das Corujas,Ecobairros,Regular,qualidade_agua,mesmo municipio,62294600,RIO EMBU-MIRIM (pte. Boi Mirim - SP-214),RIO EMBU MIRIM,-23.72,-46.7847,
Sao Paulo,Corrego das Corujas,Ecobairros,Regular,qualidade_agua,mesmo municipio,62298800,PONTE NA ENTRADA DA USP,RIO PIRAJUSSARA,-23.5642,-46.7136,
Sao Paulo,Corrego das Corujas,Ecobairros,Regular,qualidade_agua,mesmo municipio,62300500,RIO PINHEIROS (Elevatória de Pedreira),RIO PINHEIROS,-23.7025,-46.6739,
Sao Paulo,Corrego das Corujas,Ecobairros,Regular,qualidade_agua,mesmo municipio,62300550,RIO PINHEIROS - Próx. elevatória,RIO PINHEIROS,-23.7028,-46.6792,
Sao Paulo,Corrego das Corujas,Ecobairros,Regular,qualidade_agua,mesmo municipio,62300560,RIO PINHEIROS (Pinheiros/Pedreira),RIO PINHEIROS,-23.705,-46.6836,
Sao Paulo,Corrego das Corujas,Ecobairros,Regular,qualidade_agua,mesmo municipio,62300570,RIO PINHEIROS (Est.Flot.1e a ponte de Interlagos),RIO PINHEIROS,-23.6875,-46.6953,
Sao Paulo,Corrego das Corujas,Ecobairros,Regular,qualidade_agua,mesmo municipio,62300580,RIO PINHEIROS (em frente a estação de Jurutuba),RIO PINHEIROS,-23.6769,-46.3528,
Sao Paulo,Corrego das Corujas,Ecobairros,Regular,qualidade_agua,mesmo municipio,62300600,USP,RIO PINHEIROS,-23.5586,-46.7108,
Sao Paulo,Corrego das Corujas,Ecobairros,Regular,qualidade_agua,mesmo municipio,62300610,PEDREIRA,RIO PINHEIROS,-23.7028,-46.6792,
Sao Paulo,Corrego das Corujas,Ecobairros,Regular,qualidade_agua,mesmo municipio,62300700,RETIRO,RIO PINHEIROS,-23.5322,-46.7492,
Sao Paulo,Corrego das Corujas,Ecobairros,Regular,qualidade_agua,mesmo municipio,62121900,CÓRREGO DO MORRO DO S,CÓRREGO DA CACHOEIRA,-23.3939,-46.7411,
Sao Paulo,Corrego das Corujas,Ecobairros,Regular,qualidade_agua,mesmo municipio,62152000,RIBEIRÃO ITAQUERA,RIO ITAQUERA,-23.4806,-46.4403,
Sao Paulo,Corrego das Corujas,Ecobairros,Regular,qualidade_agua,mesmo municipio,62155050,RIO CABUÇU (São Paulo),RIO CABUÇU,-23.4736,-46.5614,
Sao Paulo,Corrego das Corujas,Ecobairros,Regular,qualidade_agua,mesmo municipio,62167500,ALDEIA INDÍGENA JARAGUÁ,RIBEIRÃO VERMELHO OU MUTINGA,-23.4639,-46.7542,
Sao Paulo,Corrego das Corujas,Ecobairros,Regular,qualidade_agua,mesmo municipio,62168000,PONTE AV. POLITÉCNICA,CÓRREGO DO JAGUARÉ,-23.5675,-46.7569,
Sao Paulo,Corrego das Corujas,Ecobairros,Regular,qualidade_agua,mesmo municipio,62168800,PONTE ENTRADA ESTAÇÃO CPTM,CÓRREGO ZAVUVUS,-23.6764,-46.7011,
Sao Paulo,Corrego das Corujas,Ecobairros,Regular,qualidade_agua,mesmo municipio,62177100,RIO ARICANDUVA ( pte. Ely Lopes Meireles),RIO ARICANDUVA,-23.5244,-46.5583,
Sao Paulo,Riacho do Ipiranga,E.T.E.C. Getulio Vargas,Ruim,fluviometrica,mesmo municipio,62222500,TAQACETUBA,RESERVATÓRIO BILLINGS (COMP.PEDREIRA),-23.8406,-46.6586,
Sao Paulo,Riacho do Ipiranga,E.T.E.C. Getulio Vargas,Ruim,fluviometrica,mesmo municipio,62285002,UHE HENRY BORDEN BARRAMENTO BILLINGS,RIO GRANDE OU JURUBATUBA,-23.7031,-46.6739,
Sao Paulo,Riacho do Ipiranga,E.T.E.C. Getulio Vargas,Ruim,fluviometrica,mesmo municipio,62287000,CAULIM,RIBEIRÃO DO PIRES,-23.7867,-46.7314,
Sao Paulo,Riacho do Ipiranga,E.T.E.C. Getulio Vargas,Ruim,fluviometrica,mesmo municipio,62290120,GUARAPIRANGA,RIO GUARAPIRANGA,-23.6714,-46.7264,
Sao Paulo,Riacho do Ipiranga,E.T.E.C. Getulio Vargas,Ruim,fluviometrica,mesmo municipio,62300600,USP,RIO PINHEIROS,-23.5586,-46.7108,
Sao Paulo,Riacho do Ipiranga,E.T.E.C. Getulio Vargas,Ruim,fluviometrica,mesmo municipio,62300610,PEDREIRA,RIO PINHEIROS,-23.7028,-46.6792,
Sao Paulo,Riacho do Ipiranga,E.T.E.C. Getulio Vargas,Ruim,fluviometrica,mesmo municipio,62300700,RETIRO,RIO PINHEIROS,-23.5322,-46.7492,
Sao Paulo,Riacho do Ipiranga,E.T.E.C. Getulio Vargas,Ruim,fluviometrica,mesmo municipio,62365160,SB-CA-BAC Barragem Águas Claras,RESERVATÓRIO ÁGUAS CLARAS,-23.3981,-46.6583,
Sao Paulo,Riacho do Ipiranga,E.T.E.C. Getulio Vargas,Ruim,qualidade_agua,mesmo rio,62237000,PONTE PRAÇA DO MONUMENTO (Dom Pedro),CÓRREGO DO IPIRANGA,-23.5781,-46.6089,
Sao Paulo,Corrego do Sapateiro,Insper 1,Regular,fluviometrica,mesmo municipio,62222500,TAQACETUBA,RESERVATÓRIO BILLINGS (COMP.PEDREIRA),-23.8406,-46.6586,
Sao Paulo,Corrego do Sapateiro,Insper 1,Regular,fluviometrica,mesmo municipio,62285002,UHE HENRY BORDEN BARRAMENTO BILLINGS,RIO GRANDE OU JURUBATUBA,-23.7031,-46.6739,
Sao Paulo,Corrego do Sapateiro,Insper 1,Regular,fluviometrica,mesmo municipio,62287000,CAULIM,RIBEIRÃO DO PIRES,-23.7867,-46.7314,
Sao Paulo,Corrego do Sapateiro,Insper 1,Regular,fluviometrica,mesmo municipio,62290120,GUARAPIRANGA,RIO GUARAPIRANGA,-23.6714,-46.7264,
Sao Paulo,Corrego do Sapateiro,Insper 1,Regular,fluviometrica,mesmo municipio,62300600,USP,RIO PINHEIROS,-23.5586,-46.7108,
Sao Paulo,Corrego do Sapateiro,Insper 1,Regular,fluviometrica,mesmo municipio,62300610,PEDREIRA,RIO PINHEIROS,-23.7028,-46.6792,
Sao Paulo,Corrego do Sapateiro,Insper 1,Regular,fluviometrica,mesmo municipio,62300700,RETIRO,RIO PINHEIROS,-23.5322,-46.7492,
Sao Paulo,Corrego do Sapateiro,Insper 1,Regular,fluviometrica,mesmo municipio,62365160,SB-CA-BAC Barragem Águas Claras,RESERVATÓRIO ÁGUAS CLARAS,-23.3981,-46.6583,
Sao Paulo,Corrego do Sapateiro,Insper 1,Regular,qualidade_agua,mesmo municipio,80451000,RES. CAPIVARI-MONOS (est. de recalque Sabesp),RIO CAPIVARI,-23.9225,-46.7289,
Sao Paulo,Corrego do Sapateiro,Insper 1,Regular,qualidade_agua,mesmo municipio,62222500,TAQACETUBA,RESERVATÓRIO BILLINGS (COMP.PEDREIRA),-23.8406,-46.6586,
Sao Paulo,Corrego do Sapateiro,Insper 1,Regular,qualidade_agua,mesmo municipio,62222700,RESERVATÓRIO BILLINGS (São Paulo),RESERVATÓRIO BILLINGS (COMP.PEDREIRA),-23.7492,-46.6478,
Sao Paulo,Corrego do Sapateiro,Insper 1,Regular,qualidade_agua,mesmo municipio,62223100,BRAÇO DO TAQUACETUBA (São Paulo),RIO TIETÊ,-23.8447,-46.6556,
Sao Paulo,Corrego do Sapateiro,Insper 1,Regular,qualidade_agua,mesmo municipio,62224100,RIBEIRÃO DOS MENINOS (pte. Av. dos Estados),RIO DOS MENINOS,-23.6,-46.5792,
Sao Paulo,Corrego do Sapateiro,Insper 1,Regular,qualidade_agua,mesmo municipio,62224250,PONTE AV. FRANCISCO MESQUITA 1000,RIO TAMANDUATEÍ,-23.5947,-46.5822,
Sao Paulo,Corrego do Sapateiro,Insper 1,Regular,qualidade_agua,mesmo municipio,62237000,PONTE PRAÇA DO MONUMENTO (Dom Pedro),CÓRREGO DO IPIRANGA,-23.5781,-46.6089,
Sao Paulo,Corrego do Sapateiro,Insper 1,Regular,qualidade_agua,mesmo municipio,62285002,UHE HENRY BORDEN BARRAMENTO BILLINGS,RIO GRANDE OU JURUBATUBA,-23.7031,-46.6739,
Sao Paulo,Corrego do Sapateiro,Insper 1,Regular,qualidade_agua,mesmo municipio,62287000,CAULIM,RIBEIRÃO DO PIRES,-23.7867,-46.7314,
Sao Paulo,Corrego do Sapateiro,Insper 1,Regular,qualidade_agua,mesmo municipio,62290010,RES. GUARAPIRANGA (praia ass. func. pub.) ,RIO GUARAPIRANGA,-23.7455555555556,-46.7691666666667,
Sao Paulo,Corrego do Sapateiro,Insper 1,Regular,qualidade_agua,mesmo municipio,62290020,RES. GUARAPIRANGA (bairro baln. São José),RIO GUARAPIRANGA,-23.7541666666667,-46.7269444444444,
Sao Paulo,Corrego do Sapateiro,Insper 1,Regular,qualidade_agua,mesmo municipio,62290030,RES. GUARAPIRANGA (praia do club de campo),RIO GUARAPIRANGA,-23.7302777777778,-46.7211111111111,
Sao Paulo,Corrego do Sapateiro,Insper 1,Regular,qualidade_agua,mesmo municipio,62290040,RES. GUARAPIRANGA (praia Miami Paulista),RIO GUARAPIRANGA,-23.7155555555556,-46.7519444444444,
Sao Paulo,Corrego do Sapateiro,Insper 1,Regular,qualidade_agua,mesmo municipio,62290050,RES. GUARAPIRANGA (Marina Guaraci),RIO GUARAPIRANGA,-23.7108333333333,-46.755,
Sao Paulo,Corrego do Sapateiro,Insper 1,Regular,qualidade_agua,mesmo municipio,62290060,RES. GUARAPIRANGA (prainha Jardim da Represa),RIO GUARAPIRANGA,-23.7183333333333,-46.7191666666667,
Sao Paulo,Corrego do Sapateiro,Insper 1,Regular,qualidade_agua,mesmo municipio,62290070,RES. GUARAPIRANGA (Club de Campo Castelo),RIO GUARAPIRANGA,-23.7147222222222,-46.7161111111111,
Sao Paulo,Corrego do Sapateiro,Insper 1,Regular,qualidade_agua,mesmo municipio,62290080,RES. GUARAPIRANGA (Riviera Náutica),RIO GUARAPIRANGA,-23.6991666666667,-46.7452777777778,
Sao Paulo,Corrego do Sapateiro,Insper 1,Regular,qualidade_agua,mesmo municipio,62290090,RES. GUARAPIRANGA (Restaurante Interlagos),RIO GUARAPIRANGA,-23.7022222222222,-46.7147222222222,
Sao Paulo,Corrego do Sapateiro,Insper 1,Regular,qualidade_agua,mesmo municipio,62290100,RES. GUARAPIRANGA (Marina Guarapiranga),RIO GUARAPIRANGA,-23.6961111111111,-46.7172222222222,
Sao Paulo,Corrego do Sapateiro,Insper 1,Regular,qualidade_agua,mesmo municipio,62290110,RES. GUARAPIRANGA (Marina Jardim 3 Marias),RIO GUARAPIRANGA,-23.6838888888889,-46.7169444444444,
Sao Paulo,Corrego do Sapateiro,Insper 1,Regular,qualidade_agua,mesmo municipio,62290120,GUARAPIRANGA,RIO GUARAPIRANGA,-23.6714,-46.7264,
Sao Paulo,Corrego do Sapateiro,Insper 1,Regular,qualidade_agua,mesmo municipio,62290130,RES. GUARAPIRANGA (2 km da Barragem),RIO GUARAPIRANGA,-23.6894444444444,-46.7263888888889,
Sao Paulo,Corrego do Sapateiro,Insper 1,Regular,qualidade_agua,mesmo municipio,62290140,RES. GUARAPIRANGA (barr. capt. da SABESP),RIO GUARAPIRANGA,-23.6794444444444,-46.7183333333333,
Sao Paulo,Corrego do Sapateiro,Insper 1,Regular,qualidade_agua,mesmo municipio,62294600,RIO EMBU-MIRIM (pte. Boi Mirim - SP-214),RIO EMBU MIRIM,-23.72,-46.7847,
Sao Paulo,Corrego do Sapateiro,Insper 1,Regular,qualidade_agua,mesmo municipio,62298800,PONTE NA ENTRADA DA USP,RIO PIRAJUSSARA,-23.5642,-46.7136,
Sao Paulo,Corrego do Sapateiro,Insper 1,Regular,qualidade_agua,mesmo municipio,62300500,RIO PINHEIROS (Elevatória de Pedreira),RIO PINHEIROS,-23.7025,-46.6739,
Sao Paulo,Corrego do Sapateiro,Insper 1,Regular,qualidade_agua,mesmo municipio,62300550,RIO PINHEIROS - Próx. elevatória,RIO PINHEIROS,-23.7028,-46.6792,
Sao Paulo,Corrego do Sapateiro,Insper 1,Regular,qualidade_agua,mesmo municipio,62300560,RIO PINHEIROS (Pinheiros/Pedreira),RIO PINHEIROS,-23.705,-46.6836,
Sao Paulo,Corrego do Sapateiro,Insper 1,Regular,qualidade_agua,mesmo municipio,62300570,RIO PINHEIROS (Est.Flot.1e a ponte de Interlagos),RIO PINHEIROS,-23.6875,-46.6953,
Sao Paulo,Corrego do Sapateiro,Insper 1,Regular,qualidade_agua,mesmo municipio,62300580,RIO PINHEIROS (em frente a estação de Jurutuba),RIO PINHEIROS,-23.6769,-46.3528,
Sao Paulo,Corrego do Sapateiro,Insper 1,Regular,qualidade_agua,mesmo municipio,62300600,USP,RIO PINHEIROS,-23.5586,-46.7108,
Sao Paulo,Corrego do Sapateiro,Insper 1,Regular,qualidade_agua,mesmo municipio,62300610,PEDREIRA,RIO PINHEIROS,-23.7028,-46.6792,
Sao Paulo,Corrego do Sapateiro,Insper 1,Regular,qualidade_agua,mesmo municipio,62300700,RETIRO,RIO PINHEIROS,-23.5322,-46.7492,
Sao Paulo,Corrego do Sapateiro,Insper 1,Regular,qualidade_agua,mesmo municipio,62121900,CÓRREGO DO MORRO DO S,CÓRREGO DA CACHOEIRA,-23.3939,-46.7411,
Sao Paulo,Corrego do Sapateiro,Insper 1,Regular,qualidade_agua,mesmo municipio,62152000,RIBEIRÃO ITAQUERA,RIO ITAQUERA,-23.4806,-46.4403,
Sao Paulo,Corrego do Sapateiro,Insper 1,Regular,qualidade_agua,mesmo municipio,62155050,RIO CABUÇU (São Paulo),RIO CABUÇU,-23.4736,-46.5614,
Sao Paulo,Corrego do Sapateiro,Insper 1,Regular,qualidade_agua,mesmo municipio,62167500,ALDEIA INDÍGENA JARAGUÁ,RIBEIRÃO VERMELHO OU MUTINGA,-23.4639,-46.7542,
Sao Paulo,Corrego do Sapateiro,Insper 1,Regular,qualidade_agua,mesmo municipio,62168000,PONTE AV. POLITÉCNICA,CÓRREGO DO JAGUARÉ,-23.5675,-46.7569,
Sao Paulo,Corrego do Sapateiro,Insper 1,Regular,qualidade_agua,mesmo municipio,62168800,PONTE ENTRADA ESTAÇÃO CPTM,CÓRREGO ZAVUVUS,-23.6764,-46.7011,
Sao Paulo,Corrego do Sapateiro,Insper 1,Regular,qualidade_agua,mesmo municipio,62177100,RIO ARICANDUVA ( pte. Ely Lopes Meireles),RIO ARICANDUVA,-23.5244,-46.5583,
Sao Paulo,Corrego Sao Jose,Missao Ambiental Ipiranga,Ruim,fluviometrica,mesmo municipio,62222500,TAQACETUBA,RESERVATÓRIO BILLINGS (COMP.PEDREIRA),-23.8406,-46.6586,
Sao Paulo,Corrego Sao Jose,Missao Ambiental Ipiranga,Ruim,fluviometrica,mesmo municipio,62285002,UHE HENRY BORDEN BARRAMENTO BILLINGS,RIO GRANDE OU JURUBATUBA,-23.7031,-46.6739,
Sao Paulo,Corrego Sao Jose,Missao Ambiental Ipiranga,Ruim,fluviometrica,mesmo municipio,62287000,CAULIM,RIBEIRÃO DO PIRES,-23.7867,-46.7314,
Sao Paulo,Corrego Sao Jose,Missao Ambiental Ipiranga,Ruim,fluviometrica,mesmo municipio,62290120,GUARAPIRANGA,RIO GUARAPIRANGA,-23.6714,-46.7264,
Sao Paulo,Corrego Sao Jose,Missao Ambiental Ipiranga,Ruim,fluviometrica,mesmo municipio,62300600,USP,RIO PINHEIROS,-23.5586,-46.7108,
Sao Paulo,Corrego Sao Jose,Missao Ambiental Ipiranga,Ruim,fluviometrica,mesmo municipio,62300610,PEDREIRA,RIO PINHEIROS,-23.7028,-46.6792,
Sao Paulo,Corrego Sao Jose,Missao Ambiental Ipiranga,Ruim,fluviometrica,mesmo municipio,62300700,RETIRO,RIO PINHEIROS,-23.5322,-46.7492,
Sao Paulo,Corrego Sao Jose,Missao Ambiental Ipiranga,Ruim,fluviometrica,mesmo municipio,62365160,SB-CA-BAC Barragem Águas Claras,RESERVATÓRIO ÁGUAS CLARAS,-23.3981,-46.6583,
Sao Paulo,Corrego Sao Jose,Missao Ambiental Ipiranga,Ruim,qualidade_agua,mesmo municipio,80451000,RES. CAPIVARI-MONOS (est. de recalque Sabesp),RIO CAPIVARI,-23.9225,-46.7289,
Sao Paulo,Corrego Sao Jose,Missao Ambiental Ipiranga,Ruim,qualidade_agua,mesmo municipio,62222500,TAQACETUBA,RESERVATÓRIO BILLINGS (COMP.PEDREIRA),-23.8406,-46.6586,
Sao Paulo,Corrego Sao Jose,Missao Ambiental Ipiranga,Ruim,qualidade_agua,mesmo municipio,62222700,RESERVATÓRIO BILLINGS (São Paulo),RESERVATÓRIO BILLINGS (COMP.PEDREIRA),-23.7492,-46.6478,
Sao Paulo,Corrego Sao Jose,Missao Ambiental Ipiranga,Ruim,qualidade_agua,mesmo municipio,62223100,BRAÇO DO TAQUACETUBA (São Paulo),RIO TIETÊ,-23.8447,-46.6556,
Sao Paulo,Corrego Sao Jose,Missao Ambiental Ipiranga,Ruim,qualidade_agua,mesmo municipio,62224100,RIBEIRÃO DOS MENINOS (pte. Av. dos Estados),RIO DOS MENINOS,-23.6,-46.5792,
Sao Paulo,Corrego Sao Jose,Missao Ambiental Ipiranga,Ruim,qualidade_agua,mesmo municipio,62224250,PONTE AV. FRANCISCO MESQUITA 1000,RIO TAMANDUATEÍ,-23.5947,-46.5822,
Sao Paulo,Corrego Sao Jose,Missao Ambiental Ipiranga,Ruim,qualidade_agua,mesmo municipio,62237000,PONTE PRAÇA DO MONUMENTO (Dom Pedro),CÓRREGO DO IPIRANGA,-23.5781,-46.6089,
Sao Paulo,Corrego Sao Jose,Missao Ambiental Ipiranga,Ruim,qualidade_agua,mesmo municipio,62285002,UHE HENRY BORDEN BARRAMENTO BILLINGS,RIO GRANDE OU JURUBATUBA,-23.7031,-46.6739,
Sao Paulo,Corrego Sao Jose,Missao Ambiental Ipiranga,Ruim,qualidade_agua,mesmo municipio,62287000,CAULIM,RIBEIRÃO DO PIRES,-23.7867,-46.7314,
Sao Paulo,Corrego Sao Jose,Missao Ambiental Ipiranga,Ruim,qualidade_agua,mesmo municipio,62290010,RES. GUARAPIRANGA (praia ass. func. pub.) ,RIO GUARAPIRANGA,-23.7455555555556,-46.7691666666667,
Sao Paulo,Corrego Sao Jose,Missao Ambiental Ipiranga,Ruim,qualidade_agua,mesmo municipio,62290020,RES. GUARAPIRANGA (bairro baln. São José),RIO GUARAPIRANGA,-23.7541666666667,-46.7269444444444,
Sao Paulo,Corrego Sao Jose,Missao Ambiental Ipiranga,Ruim,qualidade_agua,mesmo municipio,62290030,RES. GUARAPIRANGA (praia do club de campo),RIO GUARAPIRANGA,-23.7302777777778,-46.7211111111111,
Sao Paulo,Corrego Sao Jose,Missao Ambiental Ipiranga,Ruim,qualidade_agua,mesmo municipio,62290040,RES. GUARAPIRANGA (praia Miami Paulista),RIO GUARAPIRANGA,-23.7155555555556,-46.7519444444444,
Sao Paulo,Corrego Sao Jose,Missao Ambiental Ipiranga,Ruim,qualidade_agua,mesmo municipio,62290050,RES. GUARAPIRANGA (Marina Guaraci),RIO GUARAPIRANGA,-23.7108333333333,-46.755,
Sao Paulo,Corrego Sao Jose,Missao Ambiental Ipiranga,Ruim,qualidade_agua,mesmo municipio,62290060,RES. GUARAPIRANGA (prainha Jardim da Represa),RIO GUARAPIRANGA,-23.7183333333333,-46.7191666666667,
Sao Paulo,Corrego Sao Jose,Missao Ambiental Ipiranga,Ruim,qualidade_agua,mesmo municipio,62290070,RES. GUARAPIRANGA (Club de Campo Castelo),RIO GUARAPIRANGA,-23.7147222222222,-46.7161111111111,
Sao Paulo,Corrego Sao Jose,Missao Ambiental Ipiranga,Ruim,qualidade_agua,mesmo municipio,62290080,RES. GUARAPIRANGA (Riviera Náutica),RIO GUARAPIRANGA,-23.6991666666667,-46.7452777777778,
Sao Paulo,Corrego Sao Jose,Missao Ambiental Ipiranga,Ruim,qualidade_agua,mesmo municipio,62290090,RES. GUARAPIRANGA (Restaurante Interlagos),RIO GUARAPIRANGA,-23.7022222222222,-46.7147222222222,
Sao Paulo,Corrego Sao Jose,Missao Ambiental Ipiranga,Ruim,qualidade_agua,mesmo municipio,62290100,RES. GUARAPIRANGA (Marina Guarapiranga),RIO GUARAPIRANGA,-23.6961111111111,-46.7172222222222,
Sao Paulo,Corrego Sao Jose,Missao Ambiental Ipiranga,Ruim,qualidade_agua,mesmo municipio,62290110,RES. GUARAPIRANGA (Marina Jardim 3 Marias),RIO GUARAPIRANGA,-23.6838888888889,-46.7169444444444,
Sao Paulo,Corrego Sao Jose,Missao Ambiental Ipiranga,Ruim,qualidade_agua,mesmo municipio,62290120,GUARAPIRANGA,RIO GUARAPIRANGA,-23.6714,-46.7264,
Sao Paulo,Corrego Sao Jose,Missao Ambiental Ipiranga,Ruim,qualidade_agua,mesmo municipio,62290130,RES. GUARAPIRANGA (2 km da Barragem),RIO GUARAPIRANGA,-23.6894444444444,-46.7263888888889,
Sao Paulo,Corrego Sao Jose,Missao Ambiental Ipiranga,Ruim,qualidade_agua,mesmo municipio,62290140,RES. GUARAPIRANGA (barr. capt. da SABESP),RIO GUARAPIRANGA,-23.6794444444444,-46.7183333333333,
Sao Paulo,Corrego Sao Jose,Missao Ambiental Ipiranga,Ruim,qualidade_agua,mesmo municipio,62294600,RIO EMBU-MIRIM (pte. Boi Mirim - SP-214),RIO EMBU MIRIM,-23.72,-46.7847,
Sao Paulo,Corrego Sao Jose,Missao Ambiental Ipiranga,Ruim,qualidade_agua,mesmo municipio,62298800,PONTE NA ENTRADA DA USP,RIO PIRAJUSSARA,-23.5642,-46.7136,
Sao Paulo,Corrego Sao Jose,Missao Ambiental Ipiranga,Ruim,qualidade_agua,mesmo municipio,62300500,RIO PINHEIROS (Elevatória de Pedreira),RIO PINHEIROS,-23.7025,-46.6739,
Sao Paulo,Corrego Sao Jose,Missao Ambiental Ipiranga,Ruim,qualidade_agua,mesmo municipio,62300550,RIO PINHEIROS - Próx. elevatória,RIO PINHEIROS,-23.7028,-46.6792,
Sao Paulo,Corrego Sao Jose,Missao Ambiental Ipiranga,Ruim,qualidade_agua,mesmo municipio,62300560,RIO PINHEIROS (Pinheiros/Pedreira),RIO PINHEIROS,-23.705,-46.6836,
Sao Paulo,Corrego Sao Jose,Missao Ambiental Ipiranga,Ruim,qualidade_agua,mesmo municipio,62300570,RIO PINHEIROS (Est.Flot.1e a ponte de Interlagos),RIO PINHEIROS,-23.6875,-46.6953,
Sao Paulo,Corrego Sao Jose,Missao Ambiental Ipiranga,Ruim,qualidade_agua,mesmo municipio,62300580,RIO PINHEIROS (em frente a estação de Jurutuba),RIO PINHEIROS,-23.6769,-46.3528,
Sao Paulo,Corrego Sao Jose,Missao Ambiental Ipiranga,Ruim,qualidade_agua,mesmo municipio,62300600,USP,RIO PINHEIROS,-23.5586,-46.7108,
Sao Paulo,Corrego Sao Jose,Missao Ambiental Ipiranga,Ruim,qualidade_agua,mesmo municipio,62300610,PEDREIRA,RIO PINHEIROS,-23.7028,-46.6792,
Sao Paulo,Corrego Sao Jose,Missao Ambiental Ipiranga,Ruim,qualidade_agua,mesmo municipio,62300700,RETIRO,RIO PINHEIROS,-23.5322,-46.7492,
Sao Paulo,Corrego Sao Jose,Missao Ambiental Ipiranga,Ruim,qualidade_agua,mesmo municipio,62121900,CÓRREGO DO MORRO DO S,CÓRREGO DA CACHOEIRA,-23.3939,-46.7411,
Sao Paulo,Corrego Sao Jose,Missao Ambiental Ipiranga,Ruim,qualidade_agua,mesmo municipio,62152000,RIBEIRÃO ITAQUERA,RIO ITAQUERA,-23.4806,-46.4403,
Sao Paulo,Corrego Sao Jose,Missao Ambiental Ipiranga,Ruim,qualidade_agua,mesmo municipio,62155050,RIO CABUÇU (São Paulo),RIO CABUÇU,-23.4736,-46.5614,
Sao Paulo,Corrego Sao Jose,Missao Ambiental Ipiranga,Ruim,qualidade_agua,mesmo municipio,62167500,ALDEIA INDÍGENA JARAGUÁ,RIBEIRÃO VERMELHO OU MUTINGA,-23.4639,-46.7542,
Sao Paulo,Corrego Sao Jose,Missao Ambiental Ipiranga,Ruim,qualidade_agua,mesmo municipio,62168000,PONTE AV. POLITÉCNICA,CÓRREGO DO JAGUARÉ,-23.5675,-46.7569,
Sao Paulo,Corrego Sao Jose,Missao Ambiental Ipiranga,Ruim,qualidade_agua,mesmo municipio,62168800,PONTE ENTRADA ESTAÇÃO CPTM,CÓRREGO ZAVUVUS,-23.6764,-46.7011,
Sao Paulo,Corrego Sao Jose,Missao Ambiental Ipiranga,Ruim,qualidade_agua,mesmo municipio,62177100,RIO ARICANDUVA ( pte. Ely Lopes Meireles),RIO ARICANDUVA,-23.5244,-46.5583,
Sao Paulo,Riacho Agua Podre,Moradores do Riacho Agua Podre,Ruim,fluviometrica,mesmo municipio,62222500,TAQACETUBA,RESERVATÓRIO BILLINGS (COMP.PEDREIRA),-23.8406,-46.6586,
Sao Paulo,Riacho Agua Podre,Moradores do Riacho Agua Podre,Ruim,fluviometrica,mesmo municipio,62285002,UHE HENRY BORDEN BARRAMENTO BILLINGS,RIO GRANDE OU JURUBATUBA,-23.7031,-46.6739,
Sao Paulo,Riacho Agua Podre,Moradores do Riacho Agua Podre,Ruim,fluviometrica,mesmo municipio,62287000,CAULIM,RIBEIRÃO DO PIRES,-23.7867,-46.7314,
Sao Paulo,Riacho Agua Podre,Moradores do Riacho Agua Podre,Ruim,fluviometrica,mesmo municipio,62290120,GUARAPIRANGA,RIO GUARAPIRANGA,-23.6714,-46.7264,
Sao Paulo,Riacho Agua Podre,Moradores do Riacho Agua Podre,Ruim,fluviometrica,mesmo municipio,62300600,USP,RIO PINHEIROS,-23.5586,-46.7108,
Sao Paulo,Riacho Agua Podre,Moradores do Riacho Agua Podre,Ruim,fluviometrica,mesmo municipio,62300610,PEDREIRA,RIO PINHEIROS,-23.7028,-46.6792,
Sao Paulo,Riacho Agua Podre,Moradores do Riacho Agua Podre,Ruim,fluviometrica,mesmo municipio,62300700,RETIRO,RIO PINHEIROS,-23.5322,-46.7492,
Sao Paulo,Riacho Agua Podre,Moradores do Riacho Agua Podre,Ruim,fluviometrica,mesmo municipio,62365160,SB-CA-BAC Barragem Águas Claras,RESERVATÓRIO ÁGUAS CLARAS,-23.3981,-46.6583,
Sao Paulo,Riacho Agua Podre,Moradores do Riacho Agua Podre,Ruim,qualidade_agua,mesmo municipio,80451000,RES. CAPIVARI-MONOS (est. de recalque Sabesp),RIO CAPIVARI,-23.9225,-46.7289,
Sao Paulo,Riacho Agua Podre,Moradores do Riacho Agua Podre,Ruim,qualidade_agua,mesmo municipio,62222500,TAQACETUBA,RESERVATÓRIO BILLINGS (COMP.PEDREIRA),-23.8406,-46.6586,
Sao Paulo,Riacho Agua Podre,Moradores do Riacho Agua Podre,Ruim,qualidade_agua,mesmo municipio,62222700,RESERVATÓRIO BILLINGS (São Paulo),RESERVATÓRIO BILLINGS (COMP.PEDREIRA),-23.7492,-46.6478,
Sao Paulo,Riacho Agua Podre,Moradores do Riacho Agua Podre,Ruim,qualidade_agua,mesmo municipio,62223100,BRAÇO DO TAQUACETUBA (São Paulo),RIO TIETÊ,-23.8447,-46.6556,
Sao Paulo,Riacho Agua Podre,Moradores do Riacho Agua Podre,Ruim,qualidade_agua,mesmo municipio,62224100,RIBEIRÃO DOS MENINOS (pte. Av. dos Estados),RIO DOS MENINOS,-23.6,-46.5792,
Sao Paulo,Riacho Agua Podre,Moradores do Riacho Agua Podre,Ruim,qualidade_agua,mesmo municipio,62224250,PONTE AV. FRANCISCO MESQUITA 1000,RIO TAMANDUATEÍ,-23.5947,-46.5822,
Sao Paulo,Riacho Agua Podre,Moradores do Riacho Agua Podre,Ruim,qualidade_agua,mesmo municipio,62237000,PONTE PRAÇA DO MONUMENTO (Dom Pedro),CÓRREGO DO IPIRANGA,-23.5781,-46.6089,
Sao Paulo,Riacho Agua Podre,Moradores do Riacho Agua Podre,Ruim,qualidade_agua,mesmo municipio,62285002,UHE HENRY BORDEN BARRAMENTO BILLINGS,RIO GRANDE OU JURUBATUBA,-23.7031,-46.6739,
Sao Paulo,Riacho Agua Podre,Moradores do Riacho Agua Podre,Ruim,qualidade_agua,mesmo municipio,62287000,CAULIM,RIBEIRÃO DO PIRES,-23.7867,-46.7314,
Sao Paulo,Riacho Agua Podre,Moradores do Riacho Agua Podre,Ruim,qualidade_agua,mesmo municipio,62290010,RES. GUARAPIRANGA (praia ass. func. pub.) ,RIO GUARAPIRANGA,-23.7455555555556,-46.7691666666667,
Sao Paulo,Riacho Agua Podre,Moradores do Riacho Agua Podre,Ruim,qualidade_agua,mesmo municipio,62290020,RES. GUARAPIRANGA (bairro baln. São José),RIO GUARAPIRANGA,-23.7541666666667,-46.7269444444444,
Sao Paulo,Riacho Agua Podre,Moradores do Riacho Agua Podre,Ruim,qualidade_agua,mesmo municipio,62290030,RES. GUARAPIRANGA (praia do club de campo),RIO GUARAPIRANGA,-23.7302777777778,-46.7211111111111,
Sao Paulo,Riacho Agua Podre,Moradores do Riacho Agua Podre,Ruim,qualidade_agua,mesmo municipio,62290040,RES. GUARAPIRANGA (praia Miami Paulista),RIO GUARAPIRANGA,-23.7155555555556,-46.7519444444444,
Sao Paulo,Riacho Agua Podre,Moradores do Riacho Agua Podre,Ruim,qualidade_agua,mesmo municipio,62290050,RES. GUARAPIRANGA (Marina Guaraci),RIO GUARAPIRANGA,-23.7108333333333,-46.755,
Sao Paulo,Riacho Agua Podre,Moradores do Riacho Agua Podre,Ruim,qualidade_agua,mesmo municipio,62290060,RES. GUARAPIRANGA (prainha Jardim da Represa),RIO GUARAPIRANGA,-23.7183333333333,-46.7191666666667,
Sao Paulo,Riacho Agua Podre,Moradores do Riacho Agua Podre,Ruim,qualidade_agua,mesmo municipio,62290070,RES. GUARAPIRANGA (Club de Campo Castelo),RIO GUARAPIRANGA,-23.7147222222222,-46.7161111111111,
Sao Paulo,Riacho Agua Podre,Moradores do Riacho Agua Podre,Ruim,qualidade_agua,mesmo municipio,62290080,RES. GUARAPIRANGA (Riviera Náutica),RIO GUARAPIRANGA,-23.6991666666667,-46.7452777777778,
Sao Paulo,Riacho Agua Podre,Moradores do Riacho Agua Podre,Ruim,qualidade_agua,mesmo municipio,62290090,RES. GUARAPIRANGA (Restaurante Interlagos),RIO GUARAPIRANGA,-23.7022222222222,-46.7147222222222,
Sao Paulo,Riacho Agua Podre,Moradores do Riacho Agua Podre,Ruim,qualidade_agua,mesmo municipio,62290100,RES. GUARAPIRANGA (Marina Guarapiranga),RIO GUARAPIRANGA,-23.6961111111111,-46.7172222222222,
Sao Paulo,Riacho Agua Podre,Moradores do Riacho Agua Podre,Ruim,qualidade_agua,mesmo municipio,62290110,RES. GUARAPIRANGA (Marina Jardim 3 Marias),RIO GUARAPIRANGA,-23.6838888888889,-46.7169444444444,
Sao Paulo,Riacho Agua Podre,Moradores do Riacho Agua Podre,Ruim,qualidade_agua,mesmo municipio,62290120,GUARAPIRANGA,RIO GUARAPIRANGA,-23.6714,-46.7264,
Sao Paulo,Riacho Agua Podre,Moradores do Riacho Agua Podre,Ruim,qualidade_agua,mesmo municipio,62290130,RES. GUARAPIRANGA (2 km da Barragem),RIO GUARAPIRANGA,-23.6894444444444,-46.7263888888889,
Sao Paulo,Riacho Agua Podre,Moradores do Riacho Agua Podre,Ruim,qualidade_agua,mesmo municipio,62290140,RES. GUARAPIRANGA (barr. capt. da SABESP),RIO GUARAPIRANGA,-23.6794444444444,-46.7183333333333,
Sao Paulo,Riacho Agua Podre,Moradores do Riacho Agua Podre,Ruim,qualidade_agua,mesmo municipio,62294600,RIO EMBU-MIRIM (pte. Boi Mirim - SP-214),RIO EMBU MIRIM,-23.72,-46.7847,
Sao Paulo,Riacho Agua Podre,Moradores do Riacho Agua Podre,Ruim,qualidade_agua,mesmo municipio,62298800,PONTE NA ENTRADA DA USP,RIO PIRAJUSSARA,-23.5642,-46.7136,
Sao Paulo,Riacho Agua Podre,Moradores do Riacho Agua Podre,Ruim,qualidade_agua,mesmo municipio,62300500,RIO PINHEIROS (Elevatória de Pedreira),RIO PINHEIROS,-23.7025,-46.6739,
Sao Paulo,Riacho Agua Podre,Moradores do Riacho Agua Podre,Ruim,qualidade_agua,mesmo municipio,62300550,RIO PINHEIROS - Próx. elevatória,RIO PINHEIROS,-23.7028,-46.6792,
Sao Paulo,Riacho Agua Podre,Moradores do Riacho Agua Podre,Ruim,qualidade_agua,mesmo municipio,62300560,RIO PINHEIROS (Pinheiros/Pedreira),RIO PINHEIROS,-23.705,-46.6836,
Sao Paulo,Riacho Agua Podre,Moradores do Riacho Agua Podre,Ruim,qualidade_agua,mesmo municipio,62300570,RIO PINHEIROS (Est.Flot.1e a ponte de Interlagos),RIO PINHEIROS,-23.6875,-46.6953,
Sao Paulo,Riacho Agua Podre,Moradores do Riacho Agua Podre,Ruim,qualidade_agua,mesmo municipio,62300580,RIO PINHEIROS (em frente a estação de Jurutuba),RIO PINHEIROS,-23.6769,-46.3528,
Sao Paulo,Riacho Agua Podre,Moradores do Riacho Agua Podre,Ruim,qualidade_agua,mesmo municipio,62300600,USP,RIO PINHEIROS,-23.5586,-46.7108,
Sao Paulo,Riacho Agua Podre,Moradores do Riacho Agua Podre,Ruim,qualidade_agua,mesmo municipio,62300610,PEDREIRA,RIO PINHEIROS,-23.7028,-46.6792,
Sao Paulo,Riacho Agua Podre,Moradores do Riacho Agua Podre,Ruim,qualidade_agua,mesmo municipio,62300700,RETIRO,RIO PINHEIROS,-23.5322,-46.7492,
Sao Paulo,Riacho Agua Podre,Moradores do Riacho Agua Podre,Ruim,qualidade_agua,mesmo municipio,62121900,CÓRREGO DO MORRO DO S,CÓRREGO DA CACHOEIRA,-23.3939,-46.7411,
Sao Paulo,Riacho Agua Podre,Moradores do Riacho Agua Podre,Ruim,qualidade_agua,mesmo municipio,62152000,RIBEIRÃO ITAQUERA,RIO ITAQUERA,-23.4806,-46.4403,
Sao Paulo,Riacho Agua Podre,Moradores do Riacho Agua Podre,Ruim,qualidade_agua,mesmo municipio,62155050,RIO CABUÇU (São Paulo),RIO CABUÇU,-23.4736,-46.5614,
Sao Paulo,Riacho Agua Podre,Moradores do Riacho Agua Podre,Ruim,qualidade_agua,mesmo municipio,62167500,ALDEIA INDÍGENA JARAGUÁ,RIBEIRÃO VERMELHO OU MUTINGA,-23.4639,-46.7542,
Sao Paulo,Riacho Agua Podre,Moradores do Riacho Agua Podre,Ruim,qualidade_agua,mesmo municipio,62168000,PONTE AV. POLITÉCNICA,CÓRREGO DO JAGUARÉ,-23.5675,-46.7569,
Sao Paulo,Riacho Agua Podre,Moradores do Riacho Agua Podre,Ruim,qualidade_agua,mesmo municipio,62168800,PONTE ENTRADA ESTAÇÃO CPTM,CÓRREGO ZAVUVUS,-23.6764,-46.7011,
Sao Paulo,Riacho Agua Podre,Moradores do Riacho Agua Podre,Ruim,qualidade_agua,mesmo municipio,62177100,RIO ARICANDUVA ( pte. Ely Lopes Meireles),RIO ARICANDUVA,-23.5244,-46.5583,
Sao Paulo,Corrego Agua Preta,Ocupe e Abrace,Regular,fluviometrica,mesmo municipio,62222500,TAQACETUBA,RESERVATÓRIO BILLINGS (COMP.PEDREIRA),-23.8406,-46.6586,
Sao Paulo,Corrego Agua Preta,Ocupe e Abrace,Regular,fluviometrica,mesmo municipio,62285002,UHE HENRY BORDEN BARRAMENTO BILLINGS,RIO GRANDE OU JURUBATUBA,-23.7031,-46.6739,
Sao Paulo,Corrego Agua Preta,Ocupe e Abrace,Regular,fluviometrica,mesmo municipio,62287000,CAULIM,RIBEIRÃO DO PIRES,-23.7867,-46.7314,
Sao Paulo,Corrego Agua Preta,Ocupe e Abrace,Regular,fluviometrica,mesmo municipio,62290120,GUARAPIRANGA,RIO GUARAPIRANGA,-23.6714,-46.7264,
Sao Paulo,Corrego Agua Preta,Ocupe e Abrace,Regular,fluviometrica,mesmo municipio,62300600,USP,RIO PINHEIROS,-23.5586,-46.7108,
Sao Paulo,Corrego Agua Preta,Ocupe e Abrace,Regular,fluviometrica,mesmo municipio,62300610,PEDREIRA,RIO PINHEIROS,-23.7028,-46.6792,
Sao Paulo,Corrego Agua Preta,Ocupe e Abrace,Regular,fluviometrica,mesmo municipio,62300700,RETIRO,RIO PINHEIROS,-23.5322,-46.7492,
Sao Paulo,Corrego Agua Preta,Ocupe e Abrace,Regular,fluviometrica,mesmo municipio,62365160,SB-CA-BAC Barragem Águas Claras,RESERVATÓRIO ÁGUAS CLARAS,-23.3981,-46.6583,
Sao Paulo,Corrego Agua Preta,Ocupe e Abrace,Regular,qualidade_agua,mesmo municipio,80451000,RES. CAPIVARI-MONOS (est. de recalque Sabesp),RIO CAPIVARI,-23.9225,-46.7289,
Sao Paulo,Corrego Agua Preta,Ocupe e Abrace,Regular,qualidade_agua,mesmo municipio,62222500,TAQACETUBA,RESERVATÓRIO BILLINGS (COMP.PEDREIRA),-23.8406,-46.6586,
Sao Paulo,Corrego Agua Preta,Ocupe e Abrace,Regular,qualidade_agua,mesmo municipio,62222700,RESERVATÓRIO BILLINGS (São Paulo),RESERVATÓRIO BILLINGS (COMP.PEDREIRA),-23.7492,-46.6478,
Sao Paulo,Corrego Agua Preta,Ocupe e Abrace,Regular,qualidade_agua,mesmo municipio,62223100,BRAÇO DO TAQUACETUBA (São Paulo),RIO TIETÊ,-23.8447,-46.6556,
Sao Paulo,Corrego Agua Preta,Ocupe e Abrace,Regular,qualidade_agua,mesmo municipio,62224100,RIBEIRÃO DOS MENINOS (pte. Av. dos Estados),RIO DOS MENINOS,-23.6,-46.5792,
Sao Paulo,Corrego Agua Preta,Ocupe e Abrace,Regular,qualidade_agua,mesmo municipio,62224250,PONTE AV. FRANCISCO MESQUITA 1000,RIO TAMANDUATEÍ,-23.5947,-46.5822,
Sao Paulo,Corrego Agua Preta,Ocupe e Abrace,Regular,qualidade_agua,mesmo municipio,62237000,PONTE PRAÇA DO MONUMENTO (Dom Pedro),CÓRREGO DO IPIRANGA,-23.5781,-46.6089,
Sao Paulo,Corrego Agua Preta,Ocupe e Abrace,Regular,qualidade_agua,mesmo municipio,62285002,UHE HENRY BORDEN BARRAMENTO BILLINGS,RIO GRANDE OU JURUBATUBA,-23.7031,-46.6739,
Sao Paulo,Corrego Agua Preta,Ocupe e Abrace,Regular,qualidade_agua,mesmo municipio,62287000,CAULIM,RIBEIRÃO DO PIRES,-23.7867,-46.7314,
Sao Paulo,Corrego Agua Preta,Ocupe e Abrace,Regular,qualidade_agua,mesmo municipio,62290010,RES. GUARAPIRANGA (praia ass. func. pub.) ,RIO GUARAPIRANGA,-23.7455555555556,-46.7691666666667,
Sao Paulo,Corrego Agua Preta,Ocupe e Abrace,Regular,qualidade_agua,mesmo municipio,62290020,RES. GUARAPIRANGA (bairro baln. São José),RIO GUARAPIRANGA,-23.7541666666667,-46.7269444444444,
Sao Paulo,Corrego Agua Preta,Ocupe e Abrace,Regular,qualidade_agua,mesmo municipio,62290030,RES. GUARAPIRANGA (praia do club de campo),RIO GUARAPIRANGA,-23.7302777777778,-46.7211111111111,
Sao Paulo,Corrego Agua Preta,Ocupe e Abrace,Regular,qualidade_agua,mesmo municipio,62290040,RES. GUARAPIRANGA (praia Miami Paulista),RIO GUARAPIRANGA,-23.7155555555556,-46.7519444444444,
Sao Paulo,Corrego Agua Preta,Ocupe e Abrace,Regular,qualidade_agua,mesmo municipio,62290050,RES. GUARAPIRANGA (Marina Guaraci),RIO GUARAPIRANGA,-23.7108333333333,-46.755,
Sao Paulo,Corrego Agua Preta,Ocupe e Abrace,Regular,qualidade_agua,mesmo municipio,62290060,RES. GUARAPIRANGA (prainha Jardim da Represa),RIO GUARAPIRANGA,-23.7183333333333,-46.7191666666667,
Sao Paulo,Corrego Agua Preta,Ocupe e Abrace,Regular,qualidade_agua,mesmo municipio,62290070,RES. GUARAPIRANGA (Club de Campo Castelo),RIO GUARAPIRANGA,-23.7147222222222,-46.7161111111111,
Sao Paulo,Corrego Agua Preta,Ocupe e Abrace,Regular,qualidade_agua,mesmo municipio,62290080,RES. GUARAPIRANGA (Riviera Náutica),RIO GUARAPIRANGA,-23.6991666666667,-46.7452777777778,
Sao Paulo,Corrego Agua Preta,Ocupe e Abrace,Regular,qualidade_agua,mesmo municipio,62290090,RES. GUARAPIRANGA (Restaurante Interlagos),RIO GUARAPIRANGA,-23.7022222222222,-46.7147222222222,
Sao Paulo,Corrego Agua Preta,Ocupe e Abrace,Regular,qualidade_agua,mesmo municipio,62290100,RES. GUARAPIRANGA (Marina Guarapiranga),RIO GUARAPIRANGA,-23.6961111111111,-46.7172222222222,
Sao Paulo,Corrego Agua Preta,Ocupe e Abrace,Regular,qualidade_agua,mesmo municipio,62290110,RES. GUARAPIRANGA (Marina Jardim 3 Marias),RIO GUARAPIRANGA,-23.6838888888889,-46.7169444444444,
Sao Paulo,Corrego Agua Preta,Ocupe e Abrace,Regular,qualidade_agua,mesmo municipio,62290120,GUARAPIRANGA,RIO GUARAPIRANGA,-23.6714,-46.7264,
Sao Paulo,Corrego Agua Preta,Ocupe e Abrace,Regular,qualidade_agua,mesmo municipio,62290130,RES. GUARAPIRANGA (2 km da Barragem),RIO GUARAPIRANGA,-23.6894444444444,-46.7263888888889,
Sao Paulo,Corrego Agua Preta,Ocupe e Abrace,Regular,qualidade_agua,mesmo municipio,62290140,RES. GUARAPIRANGA (barr. capt. da SABESP),RIO GUARAPIRANGA,-23.6794444444444,-46.7183333333333,
Sao Paulo,Corrego Agua Preta,Ocupe e Abrace,Regular,qualidade_agua,mesmo municipio,62294600,RIO EMBU-MIRIM (pte. Boi Mirim - SP-214),RIO EMBU MIRIM,-23.72,-46.7847,
Sao Paulo,Corrego Agua Preta,Ocupe e Abrace,Regular,qualidade_agua,mesmo municipio,62298800,PONTE NA ENTRADA DA USP,RIO PIRAJUSSARA,-23.5642,-46.7136,
Sao Paulo,Corrego Agua Preta,Ocupe e Abrace,Regular,qualidade_agua,mesmo municipio,62300500,RIO PINHEIROS (Elevatória de Pedreira),RIO PINHEIROS,-23.7025,-46.6739,
Sao Paulo,Corrego Agua Preta,Ocupe e Abrace,Regular,qualidade_agua,mesmo municipio,62300550,RIO PINHEIROS - Próx. elevatória,RIO PINHEIROS,-23.7028,-46.6792,
Sao Paulo,Corrego Agua Preta,Ocupe e Abrace,Regular,qualidade_agua,mesmo municipio,62300560,RIO PINHEIROS (Pinheiros/Pedreira),RIO PINHEIROS,-23.705,-46.6836,
Sao Paulo,Corrego Agua Preta,Ocupe e Abrace,Regular,qualidade_agua,mesmo municipio,62300570,RIO PINHEIROS (Est.Flot.1e a ponte de Interlagos),RIO PINHEIROS,-23.6875,-46.6953,
Sao Paulo,Corrego Agua Preta,Ocupe e Abrace,Regular,qualidade_agua,mesmo municipio,62300580,RIO PINHEIROS (em frente a estação de Jurutuba),RIO PINHEIROS,-23.6769,-46.3528,
Sao Paulo,Corrego Agua Preta,Ocupe e Abrace,Regular,qualidade_agua,mesmo municipio,62300600,USP,RIO PINHEIROS,-23.5586,-46.7108,
Sao Paulo,Corrego Agua Preta,Ocupe e Abrace,Regular,qualidade_agua,mesmo municipio,62300610,PEDREIRA,RIO PINHEIROS,-23.7028,-46.6792,
Sao Paulo,Corrego Agua Preta,Ocupe e Abrace,Regular,qualidade_agua,mesmo municipio,62300700,RETIRO,RIO PINHEIROS,-23.5322,-46.7492,
Sao Paulo,Corrego Agua Preta,Ocupe e Abrace,Regular,qualidade_agua,mesmo municipio,62121900,CÓRREGO DO MORRO DO S,CÓRREGO DA CACHOEIRA,-23.3939,-46.7411,
Sao Paulo,Corrego Agua Preta,Ocupe e Abrace,Regular,qualidade_agua,mesmo municipio,62152000,RIBEIRÃO ITAQUERA,RIO ITAQUERA,-23.4806,-46.4403,
Sao Paulo,Corrego Agua Preta,Ocupe e Abrace,Regular,qualidade_agua,mesmo municipio,62155050,RIO CABUÇU (São Paulo),RIO CABUÇU,-23.4736,-46.5614,
Sao Paulo,Corrego Agua Preta,Ocupe e Abrace,Regular,qualidade_agua,mesmo municipio,62167500,ALDEIA INDÍGENA JARAGUÁ,RIBEIRÃO VERMELHO OU MUTINGA,-23.4639,-46.7542,
Sao Paulo,Corrego Agua Preta,Ocupe e Abrace,Regular,qualidade_agua,mesmo municipio,62168000,PONTE AV. POLITÉCNICA,CÓRREGO DO JAGUARÉ,-23.5675,-46.7569,
Sao Paulo,Corrego Agua Preta,Ocupe e Abrace,Regular,qualidade_agua,mesmo municipio,62168800,PONTE ENTRADA ESTAÇÃO CPTM,CÓRREGO ZAVUVUS,-23.6764,-46.7011,
Sao Paulo,Corrego Agua Preta,Ocupe e Abrace,Regular,qualidade_agua,mesmo municipio,62177100,RIO ARICANDUVA ( pte. Ely Lopes Meireles),RIO ARICANDUVA,-23.5244,-46.5583,
Sao Paulo,Corrego Agua Preta,Ocupe e Abrace 2,Regular,fluviometrica,mesmo municipio,62222500,TAQACETUBA,RESERVATÓRIO BILLINGS (COMP.PEDREIRA),-23.8406,-46.6586,
Sao Paulo,Corrego Agua Preta,Ocupe e Abrace 2,Regular,fluviometrica,mesmo municipio,62285002,UHE HENRY BORDEN BARRAMENTO BILLINGS,RIO GRANDE OU JURUBATUBA,-23.7031,-46.6739,
Sao Paulo,Corrego Agua Preta,Ocupe e Abrace 2,Regular,fluviometrica,mesmo municipio,62287000,CAULIM,RIBEIRÃO DO PIRES,-23.7867,-46.7314,
Sao Paulo,Corrego Agua Preta,Ocupe e Abrace 2,Regular,fluviometrica,mesmo municipio,62290120,GUARAPIRANGA,RIO GUARAPIRANGA,-23.6714,-46.7264,
Sao Paulo,Corrego Agua Preta,Ocupe e Abrace 2,Regular,fluviometrica,mesmo municipio,62300600,USP,RIO PINHEIROS,-23.5586,-46.7108,
Sao Paulo,Corrego Agua Preta,Ocupe e Abrace 2,Regular,fluviometrica,mesmo municipio,62300610,PEDREIRA,RIO PINHEIROS,-23.7028,-46.6792,
Sao Paulo,Corrego Agua Preta,Ocupe e Abrace 2,Regular,fluviometrica,mesmo municipio,62300700,RETIRO,RIO PINHEIROS,-23.5322,-46.7492,
Sao Paulo,Corrego Agua Preta,Ocupe e Abrace 2,Regular,fluviometrica,mesmo municipio,62365160,SB-CA-BAC Barragem Águas Claras,RESERVATÓRIO ÁGUAS CLARAS,-23.3981,-46.6583,
Sao Paulo,Corrego Agua Preta,Ocupe e Abrace 2,Regular,qualidade_agua,mesmo municipio,80451000,RES. CAPIVARI-MONOS (est. de recalque Sabesp),RIO CAPIVARI,-23.9225,-46.7289,
Sao Paulo,Corrego Agua Preta,Ocupe e Abrace 2,Regular,qualidade_agua,mesmo municipio,62222500,TAQACETUBA,RESERVATÓRIO BILLINGS (COMP.PEDREIRA),-23.8406,-46.6586,
Sao Paulo,Corrego Agua Preta,Ocupe e Abrace 2,Regular,qualidade_agua,mesmo municipio,62222700,RESERVATÓRIO BILLINGS (São Paulo),RESERVATÓRIO BILLINGS (COMP.PEDREIRA),-23.7492,-46.6478,
Sao Paulo,Corrego Agua Preta,Ocupe e Abrace 2,Regular,qualidade_agua,mesmo municipio,62223100,BRAÇO DO TAQUACETUBA (São Paulo),RIO TIETÊ,-23.8447,-46.6556,
Sao Paulo,Corrego Agua Preta,Ocupe e Abrace 2,Regular,qualidade_agua,mesmo municipio,62224100,RIBEIRÃO DOS MENINOS (pte. Av. dos Estados),RIO DOS MENINOS,-23.6,-46.5792,
Sao Paulo,Corrego Agua Preta,Ocupe e Abrace 2,Regular,qualidade_agua,mesmo municipio,62224250,PONTE AV. FRANCISCO MESQUITA 1000,RIO TAMANDUATEÍ,-23.5947,-46.5822,
Sao Paulo,Corrego Agua Preta,Ocupe e Abrace 2,Regular,qualidade_agua,mesmo municipio,62237000,PONTE PRAÇA DO MONUMENTO (Dom Pedro),CÓRREGO DO IPIRANGA,-23.5781,-46.6089,
Sao Paulo,Corrego Agua Preta,Ocupe e Abrace 2,Regular,qualidade_agua,mesmo municipio,62285002,UHE HENRY BORDEN BARRAMENTO BILLINGS,RIO GRANDE OU JURUBATUBA,-23.7031,-46.6739,
Sao Paulo,Corrego Agua Preta,Ocupe e Abrace 2,Regular,qualidade_agua,mesmo municipio,62287000,CAULIM,RIBEIRÃO DO PIRES,-23.7867,-46.7314,
Sao Paulo,Corrego Agua Preta,Ocupe e Abrace 2,Regular,qualidade_agua,mesmo municipio,62290010,RES. GUARAPIRANGA (praia ass. func. pub.) ,RIO GUARAPIRANGA,-23.7455555555556,-46.7691666666667,
Sao Paulo,Corrego Agua Preta,Ocupe e Abrace 2,Regular,qualidade_agua,mesmo municipio,62290020,RES. GUARAPIRANGA (bairro baln. São José),RIO GUARAPIRANGA,-23.7541666666667,-46.7269444444444,
Sao Paulo,Corrego Agua Preta,Ocupe e Abrace 2,Regular,qualidade_agua,mesmo municipio,62290030,RES. GUARAPIRANGA (praia do club de campo),RIO GUARAPIRANGA,-23.7302777777778,-46.7211111111111,
Sao Paulo,Corrego Agua Preta,Ocupe e Abrace 2,Regular,qualidade_agua,mesmo municipio,62290040,RES. GUARAPIRANGA (praia Miami Paulista),RIO GUARAPIRANGA,-23.7155555555556,-46.7519444444444,
Sao Paulo,Corrego Agua Preta,Ocupe e Abrace 2,Regular,qualidade_agua,mesmo municipio,62290050,RES. GUARAPIRANGA (Marina Guaraci),RIO GUARAPIRANGA,-23.7108333333333,-46.755,
Sao Paulo,Corrego Agua Preta,Ocupe e Abrace 2,Regular,qualidade_agua,mesmo municipio,62290060,RES. GUARAPIRANGA (prainha Jardim da Represa),RIO GUARAPIRANGA,-23.7183333333333,-46.7191666666667,
Sao Paulo,Corrego Agua Preta,Ocupe e Abrace 2,Regular,qualidade_agua,mesmo municipio,62290070,RES. GUARAPIRANGA (Club de Campo Castelo),RIO GUARAPIRANGA,-23.7147222222222,-46.7161111111111,
Sao Paulo,Corrego Agua Preta,Ocupe e Abrace 2,Regular,qualidade_agua,mesmo municipio,62290080,RES. GUARAPIRANGA (Riviera Náutica),RIO GUARAPIRANGA,-23.6991666666667,-46.7452777777778,
Sao Paulo,Corrego Agua Preta,Ocupe e Abrace 2,Regular,qualidade_agua,mesmo municipio,62290090,RES. GUARAPIRANGA (Restaurante Interlagos),RIO GUARAPIRANGA,-23.7022222222222,-46.7147222222222,
Sao Paulo,Corrego Agua Preta,Ocupe e Abrace 2,Regular,qualidade_agua,mesmo municipio,62290100,RES. GUARAPIRANGA (Marina Guarapiranga),RIO GUARAPIRANGA,-23.6961111111111,-46.7172222222222,
Sao Paulo,Corrego Agua Preta,Ocupe e Abrace 2,Regular,qualidade_agua,mesmo municipio,62290110,RES. GUARAPIRANGA (Marina Jardim 3 Marias),RIO GUARAPIRANGA,-23.6838888888889,-46.7169444444444,
Sao Paulo,Corrego Agua Preta,Ocupe e Abrace 2,Regular,qualidade_agua,mesmo municipio,62290120,GUARAPIRANGA,RIO GUARAPIRANGA,-23.6714,-46.7264,
Sao Paulo,Corrego Agua Preta,Ocupe e Abrace 2,Regular,qualidade_agua,mesmo municipio,62290130,RES. GUARAPIRANGA (2 km da Barragem),RIO GUARAPIRANGA,-23.6894444444444,-46.7263888888889,
Sao Paulo,Corrego Agua Preta,Ocupe e Abrace 2,Regular,qualidade_agua,mesmo municipio,62290140,RES. GUARAPIRANGA (barr. capt. da SABESP),RIO GUARAPIRANGA,-23.6794444444444,-46.7183333333333,
Sao Paulo,Corrego Agua Preta,Ocupe e Abrace 2,Regular,qualidade_agua,mesmo municipio,62294600,RIO EMBU-MIRIM (pte. Boi Mirim - SP-214),RIO EMBU MIRIM,-23.72,-46.7847,
Sao Paulo,Corrego Agua Preta,Ocupe e Abrace 2,Regular,qualidade_agua,mesmo municipio,62298800,PONTE NA ENTRADA DA USP,RIO PIRAJUSSARA,-23.5642,-46.7136,
Sao Paulo,Corrego Agua Preta,Ocupe e Abrace 2,Regular,qualidade_agua,mesmo municipio,62300500,RIO PINHEIROS (Elevatória de Pedreira),RIO PINHEIROS,-23.7025,-46.6739,
Sao Paulo,Corrego Agua Preta,Ocupe e Abrace 2,Regular,qualidade_agua,mesmo municipio,62300550,RIO PINHEIROS - Próx. elevatória,RIO PINHEIROS,-23.7028,-46.6792,
Sao Paulo,Corrego Agua Preta,Ocupe e Abrace 2,Regular,qualidade_agua,mesmo municipio,62300560,RIO PINHEIROS (Pinheiros/Pedreira),RIO PINHEIROS,-23.705,-46.6836,
Sao Paulo,Corrego Agua Preta,Ocupe e Abrace 2,Regular,qualidade_agua,mesmo municipio,62300570,RIO PINHEIROS (Est.Flot.1e a ponte de Interlagos),RIO PINHEIROS,-23.6875,-46.6953,
Sao Paulo,Corrego Agua Preta,Ocupe e Abrace 2,Regular,qualidade_agua,mesmo municipio,62300580,RIO PINHEIROS (em frente a estação de Jurutuba),RIO PINHEIROS,-23.6769,-46.3528,
Sao Paulo,Corrego Agua Preta,Ocupe e Abrace 2,Regular,qualidade_agua,mesmo municipio,62300600,USP,RIO PINHEIROS,-23.5586,-46.7108,
Sao Paulo,Corrego Agua Preta,Ocupe e Abrace 2,Regular,qualidade_agua,mesmo municipio,62300610,PEDREIRA,RIO PINHEIROS,-23.7028,-46.6792,
Sao Paulo,Corrego Agua Preta,Ocupe e Abrace 2,Regular,qualidade_agua,mesmo municipio,62300700,RETIRO,RIO PINHEIROS,-23.5322,-46.7492,
Sao Paulo,Corrego Agua Preta,Ocupe e Abrace 2,Regular,qualidade_agua,mesmo municipio,62121900,CÓRREGO DO MORRO DO S,CÓRREGO DA CACHOEIRA,-23.3939,-46.7411,
Sao Paulo,Corrego Agua Preta,Ocupe e Abrace 2,Regular,qualidade_agua,mesmo municipio,62152000,RIBEIRÃO ITAQUERA,RIO ITAQUERA,-23.4806,-46.4403,
Sao Paulo,Corrego Agua Preta,Ocupe e Abrace 2,Regular,qualidade_agua,mesmo municipio,62155050,RIO CABUÇU (São Paulo),RIO CABUÇU,-23.4736,-46.5614,
Sao Paulo,Corrego Agua Preta,Ocupe e Abrace 2,Regular,qualidade_agua,mesmo municipio,62167500,ALDEIA INDÍGENA JARAGUÁ,RIBEIRÃO VERMELHO OU MUTINGA,-23.4639,-46.7542,
Sao Paulo,Corrego Agua Preta,Ocupe e Abrace 2,Regular,qualidade_agua,mesmo municipio,62168000,PONTE AV. POLITÉCNICA,CÓRREGO DO JAGUARÉ,-23.5675,-46.7569,
Sao Paulo,Corrego Agua Preta,Ocupe e Abrace 2,Regular,qualidade_agua,mesmo municipio,62168800,PONTE ENTRADA ESTAÇÃO CPTM,CÓRREGO ZAVUVUS,-23.6764,-46.7011,
Sao Paulo,Corrego Agua Preta,Ocupe e Abrace 2,Regular,qualidade_agua,mesmo municipio,62177100,RIO ARICANDUVA ( pte. Ely Lopes Meireles),RIO ARICANDUVA,-23.5244,-46.5583,
Sao Paulo,Riacho formador do lago,Parque M'Boi Mirim,Regular,fluviometrica,mesmo municipio,62222500,TAQACETUBA,RESERVATÓRIO BILLINGS (COMP.PEDREIRA),-23.8406,-46.6586,
Sao Paulo,Riacho formador do lago,Parque M'Boi Mirim,Regular,fluviometrica,mesmo municipio,62285002,UHE HENRY BORDEN BARRAMENTO BILLINGS,RIO GRANDE OU JURUBATUBA,-23.7031,-46.6739,
Sao Paulo,Riacho formador do lago,Parque M'Boi Mirim,Regular,fluviometrica,mesmo municipio,62287000,CAULIM,RIBEIRÃO DO PIRES,-23.7867,-46.7314,
Sao Paulo,Riacho formador do lago,Parque M'Boi Mirim,Regular,fluviometrica,mesmo municipio,62290120,GUARAPIRANGA,RIO GUARAPIRANGA,-23.6714,-46.7264,
Sao Paulo,Riacho formador do lago,Parque M'Boi Mirim,Regular,fluviometrica,mesmo municipio,62300600,USP,RIO PINHEIROS,-23.5586,-46.7108,
Sao Paulo,Riacho formador do lago,Parque M'Boi Mirim,Regular,fluviometrica,mesmo municipio,62300610,PEDREIRA,RIO PINHEIROS,-23.7028,-46.6792,
Sao Paulo,Riacho formador do lago,Parque M'Boi Mirim,Regular,fluviometrica,mesmo municipio,62300700,RETIRO,RIO PINHEIROS,-23.5322,-46.7492,
Sao Paulo,Riacho formador do lago,Parque M'Boi Mirim,Regular,fluviometrica,mesmo municipio,62365160,SB-CA-BAC Barragem Águas Claras,RESERVATÓRIO ÁGUAS CLARAS,-23.3981,-46.6583,
Sao Paulo,Riacho formador do lago,Parque M'Boi Mirim,Regular,qualidade_agua,mesmo municipio,80451000,RES. CAPIVARI-MONOS (est. de recalque Sabesp),RIO CAPIVARI,-23.9225,-46.7289,
Sao Paulo,Riacho formador do lago,Parque M'Boi Mirim,Regular,qualidade_agua,mesmo municipio,62222500,TAQACETUBA,RESERVATÓRIO BILLINGS (COMP.PEDREIRA),-23.8406,-46.6586,
Sao Paulo,Riacho formador do lago,Parque M'Boi Mirim,Regular,qualidade_agua,mesmo municipio,62222700,RESERVATÓRIO BILLINGS (São Paulo),RESERVATÓRIO BILLINGS (COMP.PEDREIRA),-23.7492,-46.6478,
Sao Paulo,Riacho formador do lago,Parque M'Boi Mirim,Regular,qualidade_agua,mesmo municipio,62223100,BRAÇO DO TAQUACETUBA (São Paulo),RIO TIETÊ,-23.8447,-46.6556,
Sao Paulo,Riacho formador do lago,Parque M'Boi Mirim,Regular,qualidade_agua,mesmo municipio,62224100,RIBEIRÃO DOS MENINOS (pte. Av. dos Estados),RIO DOS MENINOS,-23.6,-46.5792,
Sao Paulo,Riacho formador do lago,Parque M'Boi Mirim,Regular,qualidade_agua,mesmo municipio,62224250,PONTE AV. FRANCISCO MESQUITA 1000,RIO TAMANDUATEÍ,-23.5947,-46.5822,
Sao Paulo,Riacho formador do lago,Parque M'Boi Mirim,Regular,qualidade_agua,mesmo municipio,62237000,PONTE PRAÇA DO MONUMENTO (Dom Pedro),CÓRREGO DO IPIRANGA,-23.5781,-46.6089,
Sao Paulo,Riacho formador do lago,Parque M'Boi Mirim,Regular,qualidade_agua,mesmo municipio,62285002,UHE HENRY BORDEN BARRAMENTO BILLINGS,RIO GRANDE OU JURUBATUBA,-23.7031,-46.6739,
Sao Paulo,Riacho formador do lago,Parque M'Boi Mirim,Regular,qualidade_agua,mesmo municipio,62287000,CAULIM,RIBEIRÃO DO PIRES,-23.7867,-46.7314,
Sao Paulo,Riacho formador do lago,Parque M'Boi Mirim,Regular,qualidade_agua,mesmo municipio,62290010,RES. GUARAPIRANGA (praia ass. func. pub.) ,RIO GUARAPIRANGA,-23.7455555555556,-46.7691666666667,
Sao Paulo,Riacho formador do lago,Parque M'Boi Mirim,Regular,qualidade_agua,mesmo municipio,62290020,RES. GUARAPIRANGA (bairro baln. São José),RIO GUARAPIRANGA,-23.7541666666667,-46.7269444444444,
Sao Paulo,Riacho formador do lago,Parque M'Boi Mirim,Regular,qualidade_agua,mesmo municipio,62290030,RES. GUARAPIRANGA (praia do club de campo),RIO GUARAPIRANGA,-23.7302777777778,-46.7211111111111,
Sao Paulo,Riacho formador do lago,Parque M'Boi Mirim,Regular,qualidade_agua,mesmo municipio,62290040,RES. GUARAPIRANGA (praia Miami Paulista),RIO GUARAPIRANGA,-23.7155555555556,-46.7519444444444,
Sao Paulo,Riacho formador do lago,Parque M'Boi Mirim,Regular,qualidade_agua,mesmo municipio,62290050,RES. GUARAPIRANGA (Marina Guaraci),RIO GUARAPIRANGA,-23.7108333333333,-46.755,
Sao Paulo,Riacho formador do lago,Parque M'Boi Mirim,Regular,qualidade_agua,mesmo municipio,62290060,RES. GUARAPIRANGA (prainha Jardim da Represa),RIO GUARAPIRANGA,-23.7183333333333,-46.7191666666667,
Sao Paulo,Riacho formador do lago,Parque M'Boi Mirim,Regular,qualidade_agua,mesmo municipio,62290070,RES. GUARAPIRANGA (Club de Campo Castelo),RIO GUARAPIRANGA,-23.7147222222222,-46.7161111111111,
Sao Paulo,Riacho formador do lago,Parque M'Boi Mirim,Regular,qualidade_agua,mesmo municipio,62290080,RES. GUARAPIRANGA (Riviera Náutica),RIO GUARAPIRANGA,-23.6991666666667,-46.7452777777778,
Sao Paulo,Riacho formador do lago,Parque M'Boi Mirim,Regular,qualidade_agua,mesmo municipio,62290090,RES. GUARAPIRANGA (Restaurante Interlagos),RIO GUARAPIRANGA,-23.7022222222222,-46.7147222222222,
Sao Paulo,Riacho formador do lago,Parque M'Boi Mirim,Regular,qualidade_agua,mesmo municipio,62290100,RES. GUARAPIRANGA (Marina Guarapiranga),RIO GUARAPIRANGA,-23.6961111111111,-46.7172222222222,
Sao Paulo,Riacho formador do lago,Parque M'Boi Mirim,Regular,qualidade_agua,mesmo municipio,62290110,RES. GUARAPIRANGA (Marina Jardim 3 Marias),RIO GUARAPIRANGA,-23.6838888888889,-46.7169444444444,
Sao Paulo,Riacho formador do lago,Parque M'Boi Mirim,Regular,qualidade_agua,mesmo municipio,62290120,GUARAPIRANGA,RIO GUARAPIRANGA,-23.6714,-46.7264,
Sao Paulo,Riacho formador do lago,Parque M'Boi Mirim,Regular,qualidade_agua,mesmo municipio,62290130,RES. GUARAPIRANGA (2 km da Barragem),RIO GUARAPIRANGA,-23.6894444444444,-46.7263888888889,
Sao Paulo,Riacho formador do lago,Parque M'Boi Mirim,Regular,qualidade_agua,mesmo municipio,62290140,RES. GUARAPIRANGA (barr. capt. da SABESP),RIO GUARAPIRANGA,-23.6794444444444,-46.7183333333333,
Sao Paulo,Riacho formador do lago,Parque M'Boi Mirim,Regular,qualidade_agua,mesmo municipio,62294600,RIO EMBU-MIRIM (pte. Boi Mirim - SP-214),RIO EMBU MIRIM,-23.72,-46.7847,
Sao Paulo,Riacho formador do lago,Parque M'Boi Mirim,Regular,qualidade_agua,mesmo municipio,62298800,PONTE NA ENTRADA DA USP,RIO PIRAJUSSARA,-23.5642,-46.7136,
Sao Paulo,Riacho formador do lago,Parque M'Boi Mirim,Regular,qualidade_agua,mesmo municipio,62300500,RIO PINHEIROS (Elevatória de Pedreira),RIO PINHEIROS,-23.7025,-46.6739,
Sao Paulo,Riacho formador do lago,Parque M'Boi Mirim,Regular,qualidade_agua,mesmo municipio,62300550,RIO PINHEIROS - Próx. elevatória,RIO PINHEIROS,-23.7028,-46.6792,
Sao Paulo,Riacho formador do lago,Parque M'Boi Mirim,Regular,qualidade_agua,mesmo municipio,62300560,RIO PINHEIROS (Pinheiros/Pedreira),RIO PINHEIROS,-23.705,-46.6836,
Sao Paulo,Riacho formador do lago,Parque M'Boi Mirim,Regular,qualidade_agua,mesmo municipio,62300570,RIO PINHEIROS (Est.Flot.1e a ponte de Interlagos),RIO PINHEIROS,-23.6875,-46.6953,
Sao Paulo,Riacho formador do lago,Parque M'Boi Mirim,Regular,qualidade_agua,mesmo municipio,62300580,RIO PINHEIROS (em frente a estação de Jurutuba),RIO PINHEIROS,-23.6769,-46.3528,
Sao Paulo,Riacho formador do lago,Parque M'Boi Mirim,Regular,qualidade_agua,mesmo municipio,62300600,USP,RIO PINHEIROS,-23.5586,-46.7108,
Sao Paulo,Riacho formador do lago,Parque M'Boi Mirim,Regular,qualidade_agua,mesmo municipio,62300610,PEDREIRA,RIO PINHEIROS,-23.7028,-46.6792,
Sao Paulo,Riacho formador do lago,Parque M'Boi Mirim,Regular,qualidade_agua,mesmo municipio,62300700,RETIRO,RIO PINHEIROS,-23.5322,-46.7492,
Sao Paulo,Riacho formador do lago,Parque M'Boi Mirim,Regular,qualidade_agua,mesmo municipio,62121900,CÓRREGO DO MORRO DO S,CÓRREGO DA CACHOEIRA,-23.3939,-46.7411,
Sao Paulo,Riacho formador do lago,Parque M'Boi Mirim,Regular,qualidade_agua,mesmo municipio,62152000,RIBEIRÃO ITAQUERA,RIO ITAQUERA,-23.4806,-46.4403,
Sao Paulo,Riacho formador do lago,Parque M'Boi Mirim,Regular,qualidade_agua,mesmo municipio,62155050,RIO CABUÇU (São Paulo),RIO CABUÇU,-23.4736,-46.5614,
Sao Paulo,Riacho formador do lago,Parque M'Boi Mirim,Regular,qualidade_agua,mesmo municipio,62167500,ALDEIA INDÍGENA JARAGUÁ,RIBEIRÃO VERMELHO OU MUTINGA,-23.4639,-46.7542,
Sao Paulo,Riacho formador do lago,Parque M'Boi Mirim,Regular,qualidade_agua,mesmo municipio,62168000,PONTE AV. POLITÉCNICA,CÓRREGO DO JAGUARÉ,-23.5675,-46.7569,
Sao Paulo,Riacho formador do lago,Parque M'Boi Mirim,Regular,qualidade_agua,mesmo municipio,62168800,PONTE ENTRADA ESTAÇÃO CPTM,CÓRREGO ZAVUVUS,-23.6764,-46.7011,
Sao Paulo,Riacho formador do lago,Parque M'Boi Mirim,Regular,qualidade_agua,mesmo municipio,62177100,RIO ARICANDUVA ( pte. Ely Lopes Meireles),RIO ARICANDUVA,-23.5244,-46.5583,
Sao Paulo,Fazenda da Velha,PNM Fazenda do Carmo,Regular,fluviometrica,mesmo municipio,62222500,TAQACETUBA,RESERVATÓRIO BILLINGS (COMP.PEDREIRA),-23.8406,-46.6586,
Sao Paulo,Fazenda da Velha,PNM Fazenda do Carmo,Regular,fluviometrica,mesmo municipio,62285002,UHE HENRY BORDEN BARRAMENTO BILLINGS,RIO GRANDE OU JURUBATUBA,-23.7031,-46.6739,
Sao Paulo,Fazenda da Velha,PNM Fazenda do Carmo,Regular,fluviometrica,mesmo municipio,62287000,CAULIM,RIBEIRÃO DO PIRES,-23.7867,-46.7314,
Sao Paulo,Fazenda da Velha,PNM Fazenda do Carmo,Regular,fluviometrica,mesmo municipio,62290120,GUARAPIRANGA,RIO GUARAPIRANGA,-23.6714,-46.7264,
Sao Paulo,Fazenda da Velha,PNM Fazenda do Carmo,Regular,fluviometrica,mesmo municipio,62300600,USP,RIO PINHEIROS,-23.5586,-46.7108,
Sao Paulo,Fazenda da Velha,PNM Fazenda do Carmo,Regular,fluviometrica,mesmo municipio,62300610,PEDREIRA,RIO PINHEIROS,-23.7028,-46.6792,
Sao Paulo,Fazenda da Velha,PNM Fazenda do Carmo,Regular,fluviometrica,mesmo municipio,62300700,RETIRO,RIO PINHEIROS,-23.5322,-46.7492,
Sao Paulo,Fazenda da Velha,PNM Fazenda do Carmo,Regular,fluviometrica,mesmo municipio,62365160,SB-CA-BAC Barragem Águas Claras,RESERVATÓRIO ÁGUAS CLARAS,-23.3981,-46.6583,
Sao Paulo,Fazenda da Velha,PNM Fazenda do Carmo,Regular,qualidade_agua,mesmo municipio,80451000,RES. CAPIVARI-MONOS (est. de recalque Sabesp),RIO CAPIVARI,-23.9225,-46.7289,
Sao Paulo,Fazenda da Velha,PNM Fazenda do Carmo,Regular,qualidade_agua,mesmo municipio,62222500,TAQACETUBA,RESERVATÓRIO BILLINGS (COMP.PEDREIRA),-23.8406,-46.6586,
Sao Paulo,Fazenda da Velha,PNM Fazenda do Carmo,Regular,qualidade_agua,mesmo municipio,62222700,RESERVATÓRIO BILLINGS (São Paulo),RESERVATÓRIO BILLINGS (COMP.PEDREIRA),-23.7492,-46.6478,
Sao Paulo,Fazenda da Velha,PNM Fazenda do Carmo,Regular,qualidade_agua,mesmo municipio,62223100,BRAÇO DO TAQUACETUBA (São Paulo),RIO TIETÊ,-23.8447,-46.6556,
Sao Paulo,Fazenda da Velha,PNM Fazenda do Carmo,Regular,qualidade_agua,mesmo municipio,62224100,RIBEIRÃO DOS MENINOS (pte. Av. dos Estados),RIO DOS MENINOS,-23.6,-46.5792,
Sao Paulo,Fazenda da Velha,PNM Fazenda do Carmo,Regular,qualidade_agua,mesmo municipio,62224250,PONTE AV. FRANCISCO MESQUITA 1000,RIO TAMANDUATEÍ,-23.5947,-46.5822,
Sao Paulo,Fazenda da Velha,PNM Fazenda do Carmo,Regular,qualidade_agua,mesmo municipio,62237000,PONTE PRAÇA DO MONUMENTO (Dom Pedro),CÓRREGO DO IPIRANGA,-23.5781,-46.6089,
Sao Paulo,Fazenda da Velha,PNM Fazenda do Carmo,Regular,qualidade_agua,mesmo municipio,62285002,UHE HENRY BORDEN BARRAMENTO BILLINGS,RIO GRANDE OU JURUBATUBA,-23.7031,-46.6739,
Sao Paulo,Fazenda da Velha,PNM Fazenda do Carmo,Regular,qualidade_agua,mesmo municipio,62287000,CAULIM,RIBEIRÃO DO PIRES,-23.7867,-46.7314,
Sao Paulo,Fazenda da Velha,PNM Fazenda do Carmo,Regular,qualidade_agua,mesmo municipio,62290010,RES. GUARAPIRANGA (praia ass. func. pub.) ,RIO GUARAPIRANGA,-23.7455555555556,-46.7691666666667,
Sao Paulo,Fazenda da Velha,PNM Fazenda do Carmo,Regular,qualidade_agua,mesmo municipio,62290020,RES. GUARAPIRANGA (bairro baln. São José),RIO GUARAPIRANGA,-23.7541666666667,-46.7269444444444,
Sao Paulo,Fazenda da Velha,PNM Fazenda do Carmo,Regular,qualidade_agua,mesmo municipio,62290030,RES. GUARAPIRANGA (praia do club de campo),RIO GUARAPIRANGA,-23.7302777777778,-46.7211111111111,
Sao Paulo,Fazenda da Velha,PNM Fazenda do Carmo,Regular,qualidade_agua,mesmo municipio,62290040,RES. GUARAPIRANGA (praia Miami Paulista),RIO GUARAPIRANGA,-23.7155555555556,-46.7519444444444,
Sao Paulo,Fazenda da Velha,PNM Fazenda do Carmo,Regular,qualidade_agua,mesmo municipio,62290050,RES. GUARAPIRANGA (Marina Guaraci),RIO GUARAPIRANGA,-23.7108333333333,-46.755,
Sao Paulo,Fazenda da Velha,PNM Fazenda do Carmo,Regular,qualidade_agua,mesmo municipio,62290060,RES. GUARAPIRANGA (prainha Jardim da Represa),RIO GUARAPIRANGA,-23.7183333333333,-46.7191666666667,
Sao Paulo,Fazenda da Velha,PNM Fazenda do Carmo,Regular,qualidade_agua,mesmo municipio,62290070,RES. GUARAPIRANGA (Club de Campo Castelo),RIO GUARAPIRANGA,-23.7147222222222,-46.7161111111111,
Sao Paulo,Fazenda da Velha,PNM Fazenda do Carmo,Regular,qualidade_agua,mesmo municipio,62290080,RES. GUARAPIRANGA (Riviera Náutica),RIO GUARAPIRANGA,-23.6991666666667,-46.7452777777778,
Sao Paulo,Fazenda da Velha,PNM Fazenda do Carmo,Regular,qualidade_agua,mesmo municipio,62290090,RES. GUARAPIRANGA (Restaurante Interlagos),RIO GUARAPIRANGA,-23.7022222222222,-46.7147222222222,
Sao Paulo,Fazenda da Velha,PNM Fazenda do Carmo,Regular,qualidade_agua,mesmo municipio,62290100,RES. GUARAPIRANGA (Marina Guarapiranga),RIO GUARAPIRANGA,-23.6961111111111,-46.7172222222222,
Sao Paulo,Fazenda da Velha,PNM Fazenda do Carmo,Regular,qualidade_agua,mesmo municipio,62290110,RES. GUARAPIRANGA (Marina Jardim 3 Marias),RIO GUARAPIRANGA,-23.6838888888889,-46.7169444444444,
Sao Paulo,Fazenda da Velha,PNM Fazenda do Carmo,Regular,qualidade_agua,mesmo municipio,62290120,GUARAPIRANGA,RIO GUARAPIRANGA,-23.6714,-46.7264,
Sao Paulo,Fazenda da Velha,PNM Fazenda do Carmo,Regular,qualidade_agua,mesmo municipio,62290130,RES. GUARAPIRANGA (2 km da Barragem),RIO GUARAPIRANGA,-23.6894444444444,-46.7263888888889,
Sao Paulo,Fazenda da Velha,PNM Fazenda do Carmo,Regular,qualidade_agua,mesmo municipio,62290140,RES. GUARAPIRANGA (barr. capt. da SABESP),RIO GUARAPIRANGA,-23.6794444444444,-46.7183333333333,
Sao Paulo,Fazenda da Velha,PNM Fazenda do Carmo,Regular,qualidade_agua,mesmo municipio,62294600,RIO EMBU-MIRIM (pte. Boi Mirim - SP-214),RIO EMBU MIRIM,-23.72,-46.7847,
Sao Paulo,Fazenda da Velha,PNM Fazenda do Carmo,Regular,qualidade_agua,mesmo municipio,62298800,PONTE NA ENTRADA DA USP,RIO PIRAJUSSARA,-23.5642,-46.7136,
Sao Paulo,Fazenda da Velha,PNM Fazenda do Carmo,Regular,qualidade_agua,mesmo municipio,62300500,RIO PINHEIROS (Elevatória de Pedreira),RIO PINHEIROS,-23.7025,-46.6739,
Sao Paulo,Fazenda da Velha,PNM Fazenda do Carmo,Regular,qualidade_agua,mesmo municipio,62300550,RIO PINHEIROS - Próx. elevatória,RIO PINHEIROS,-23.7028,-46.6792,
Sao Paulo,Fazenda da Velha,PNM Fazenda do Carmo,Regular,qualidade_agua,mesmo municipio,62300560,RIO PINHEIROS (Pinheiros/Pedreira),RIO PINHEIROS,-23.705,-46.6836,
Sao Paulo,Fazenda da Velha,PNM Fazenda do Carmo,Regular,qualidade_agua,mesmo municipio,62300570,RIO PINHEIROS (Est.Flot.1e a ponte de Interlagos),RIO PINHEIROS,-23.6875,-46.6953,
Sao Paulo,Fazenda da Velha,PNM Fazenda do Carmo,Regular,qualidade_agua,mesmo municipio,62300580,RIO PINHEIROS (em frente a estação de Jurutuba),RIO PINHEIROS,-23.6769,-46.3528,
Sao Paulo,Fazenda da Velha,PNM Fazenda do Carmo,Regular,qualidade_agua,mesmo municipio,62300600,USP,RIO PINHEIROS,-23.5586,-46.7108,
Sao Paulo,Fazenda da Velha,PNM Fazenda do Carmo,Regular,qualidade_agua,mesmo municipio,62300610,PEDREIRA,RIO PINHEIROS,-23.7028,-46.6792,
Sao Paulo,Fazenda da Velha,PNM Fazenda do Carmo,Regular,qualidade_agua,mesmo municipio,62300700,RETIRO,RIO PINHEIROS,-23.5322,-46.7492,
Sao Paulo,Fazenda da Velha,PNM Fazenda do Carmo,Regular,qualidade_agua,mesmo municipio,62121900,CÓRREGO DO MORRO DO S,CÓRREGO DA CACHOEIRA,-23.3939,-46.7411,
Sao Paulo,Fazenda da Velha,PNM Fazenda do Carmo,Regular,qualidade_agua,mesmo municipio,62152000,RIBEIRÃO ITAQUERA,RIO ITAQUERA,-23.4806,-46.4403,
Sao Paulo,Fazenda da Velha,PNM Fazenda do Carmo,Regular,qualidade_agua,mesmo municipio,62155050,RIO CABUÇU (São Paulo),RIO CABUÇU,-23.4736,-46.5614,
Sao Paulo,Fazenda da Velha,PNM Fazenda do Carmo,Regular,qualidade_agua,mesmo municipio,62167500,ALDEIA INDÍGENA JARAGUÁ,RIBEIRÃO VERMELHO OU MUTINGA,-23.4639,-46.7542,
Sao Paulo,Fazenda da Velha,PNM Fazenda do Carmo,Regular,qualidade_agua,mesmo municipio,62168000,PONTE AV. POLITÉCNICA,CÓRREGO DO JAGUARÉ,-23.5675,-46.7569,
Sao Paulo,Fazenda da Velha,PNM Fazenda do Carmo,Regular,qualidade_agua,mesmo municipio,62168800,PONTE ENTRADA ESTAÇÃO CPTM,CÓRREGO ZAVUVUS,-23.6764,-46.7011,
Sao Paulo,Fazenda da Velha,PNM Fazenda do Carmo,Regular,qualidade_agua,mesmo municipio,62177100,RIO ARICANDUVA ( pte. Ely Lopes Meireles),RIO ARICANDUVA,-23.5244,-46.5583,
Sao Paulo,Riacho do Parque Shangrila,Parque Shangrila,Regular,fluviometrica,mesmo municipio,62222500,TAQACETUBA,RESERVATÓRIO BILLINGS (COMP.PEDREIRA),-23.8406,-46.6586,
Sao Paulo,Riacho do Parque Shangrila,Parque Shangrila,Regular,fluviometrica,mesmo municipio,62285002,UHE HENRY BORDEN BARRAMENTO BILLINGS,RIO GRANDE OU JURUBATUBA,-23.7031,-46.6739,
Sao Paulo,Riacho do Parque Shangrila,Parque Shangrila,Regular,fluviometrica,mesmo municipio,62287000,CAULIM,RIBEIRÃO DO PIRES,-23.7867,-46.7314,
Sao Paulo,Riacho do Parque Shangrila,Parque Shangrila,Regular,fluviometrica,mesmo municipio,62290120,GUARAPIRANGA,RIO GUARAPIRANGA,-23.6714,-46.7264,
Sao Paulo,Riacho do Parque Shangrila,Parque Shangrila,Regular,fluviometrica,mesmo municipio,62300600,USP,RIO PINHEIROS,-23.5586,-46.7108,
Sao Paulo,Riacho do Parque Shangrila,Parque Shangrila,Regular,fluviometrica,mesmo municipio,62300610,PEDREIRA,RIO PINHEIROS,-23.7028,-46.6792,
Sao Paulo,Riacho do Parque Shangrila,Parque Shangrila,Regular,fluviometrica,mesmo municipio,62300700,RETIRO,RIO PINHEIROS,-23.5322,-46.7492,
Sao Paulo,Riacho do Parque Shangrila,Parque Shangrila,Regular,fluviometrica,mesmo municipio,62365160,SB-CA-BAC Barragem Águas Claras,RESERVATÓRIO ÁGUAS CLARAS,-23.3981,-46.6583,
Sao Paulo,Riacho do Parque Shangrila,Parque Shangrila,Regular,qualidade_agua,mesmo municipio,80451000,RES. CAPIVARI-MONOS (est. de recalque Sabesp),RIO CAPIVARI,-23.9225,-46.7289,
Sao Paulo,Riacho do Parque Shangrila,Parque Shangrila,Regular,qualidade_agua,mesmo municipio,62222500,TAQACETUBA,RESERVATÓRIO BILLINGS (COMP.PEDREIRA),-23.8406,-46.6586,
Sao Paulo,Riacho do Parque Shangrila,Parque Shangrila,Regular,qualidade_agua,mesmo municipio,62222700,RESERVATÓRIO BILLINGS (São Paulo),RESERVATÓRIO BILLINGS (COMP.PEDREIRA),-23.7492,-46.6478,
Sao Paulo,Riacho do Parque Shangrila,Parque Shangrila,Regular,qualidade_agua,mesmo municipio,62223100,BRAÇO DO TAQUACETUBA (São Paulo),RIO TIETÊ,-23.8447,-46.6556,
Sao Paulo,Riacho do Parque Shangrila,Parque Shangrila,Regular,qualidade_agua,mesmo municipio,62224100,RIBEIRÃO DOS MENINOS (pte. Av. dos Estados),RIO DOS MENINOS,-23.6,-46.5792,
Sao Paulo,Riacho do Parque Shangrila,Parque Shangrila,Regular,qualidade_agua,mesmo municipio,62224250,PONTE AV. FRANCISCO MESQUITA 1000,RIO TAMANDUATEÍ,-23.5947,-46.5822,
Sao Paulo,Riacho do Parque Shangrila,Parque Shangrila,Regular,qualidade_agua,mesmo municipio,62237000,PONTE PRAÇA DO MONUMENTO (Dom Pedro),CÓRREGO DO IPIRANGA,-23.5781,-46.6089,
Sao Paulo,Riacho do Parque Shangrila,Parque Shangrila,Regular,qualidade_agua,mesmo municipio,62285002,UHE HENRY BORDEN BARRAMENTO BILLINGS,RIO GRANDE OU JURUBATUBA,-23.7031,-46.6739,
Sao Paulo,Riacho do Parque Shangrila,Parque Shangrila,Regular,qualidade_agua,mesmo municipio,62287000,CAULIM,RIBEIRÃO DO PIRES,-23.7867,-46.7314,
Sao Paulo,Riacho do Parque Shangrila,Parque Shangrila,Regular,qualidade_agua,mesmo municipio,62290010,RES. GUARAPIRANGA (praia ass. func. pub.) ,RIO GUARAPIRANGA,-23.7455555555556,-46.7691666666667,
Sao Paulo,Riacho do Parque Shangrila,Parque Shangrila,Regular,qualidade_agua,mesmo municipio,62290020,RES. GUARAPIRANGA (bairro baln. São José),RIO GUARAPIRANGA,-23.7541666666667,-46.7269444444444,
Sao Paulo,Riacho do Parque Shangrila,Parque Shangrila,Regular,qualidade_agua,mesmo municipio,62290030,RES. GUARAPIRANGA (praia do club de campo),RIO GUARAPIRANGA,-23.7302777777778,-46.7211111111111,
Sao Paulo,Riacho do Parque Shangrila,Parque Shangrila,Regular,qualidade_agua,mesmo municipio,62290040,RES. GUARAPIRANGA (praia Miami Paulista),RIO GUARAPIRANGA,-23.7155555555556,-46.7519444444444,
Sao Paulo,Riacho do Parque Shangrila,Parque Shangrila,Regular,qualidade_agua,mesmo municipio,62290050,RES. GUARAPIRANGA (Marina Guaraci),RIO GUARAPIRANGA,-23.7108333333333,-46.755,
Sao Paulo,Riacho do Parque Shangrila,Parque Shangrila,Regular,qualidade_agua,mesmo municipio,62290060,RES. GUARAPIRANGA (prainha Jardim da Represa),RIO GUARAPIRANGA,-23.7183333333333,-46.7191666666667,
Sao Paulo,Riacho do Parque Shangrila,Parque Shangrila,Regular,qualidade_agua,mesmo municipio,62290070,RES. GUARAPIRANGA (Club de Campo Castelo),RIO GUARAPIRANGA,-23.7147222222222,-46.7161111111111,
Sao Paulo,Riacho do Parque Shangrila,Parque Shangrila,Regular,qualidade_agua,mesmo municipio,62290080,RES. GUARAPIRANGA (Riviera Náutica),RIO GUARAPIRANGA,-23.6991666666667,-46.7452777777778,
Sao Paulo,Riacho do Parque Shangrila,Parque Shangrila,Regular,qualidade_agua,mesmo municipio,62290090,RES. GUARAPIRANGA (Restaurante Interlagos),RIO GUARAPIRANGA,-23.7022222222222,-46.7147222222222,
Sao Paulo,Riacho do Parque Shangrila,Parque Shangrila,Regular,qualidade_agua,mesmo municipio,62290100,RES. GUARAPIRANGA (Marina Guarapiranga),RIO GUARAPIRANGA,-23.6961111111111,-46.7172222222222,
Sao Paulo,Riacho do Parque Shangrila,Parque Shangrila,Regular,qualidade_agua,mesmo municipio,62290110,RES. GUARAPIRANGA (Marina Jardim 3 Marias),RIO GUARAPIRANGA,-23.6838888888889,-46.7169444444444,
Sao Paulo,Riacho do Parque Shangrila,Parque Shangrila,Regular,qualidade_agua,mesmo municipio,62290120,GUARAPIRANGA,RIO GUARAPIRANGA,-23.6714,-46.7264,
Sao Paulo,Riacho do Parque Shangrila,Parque Shangrila,Regular,qualidade_agua,mesmo municipio,62290130,RES. GUARAPIRANGA (2 km da Barragem),RIO GUARAPIRANGA,-23.6894444444444,-46.7263888888889,
Sao Paulo,Riacho do Parque Shangrila,Parque Shangrila,Regular,qualidade_agua,mesmo municipio,62290140,RES. GUARAPIRANGA (barr. capt. da SABESP),RIO GUARAPIRANGA,-23.6794444444444,-46.7183333333333,
Sao Paulo,Riacho do Parque Shangrila,Parque Shangrila,Regular,qualidade_agua,mesmo municipio,62294600,RIO EMBU-MIRIM (pte. Boi Mirim - SP-214),RIO EMBU MIRIM,-23.72,-46.7847,
Sao Paulo,Riacho do Parque Shangrila,Parque Shangrila,Regular,qualidade_agua,mesmo municipio,62298800,PONTE NA ENTRADA DA USP,RIO PIRAJUSSARA,-23.5642,-46.7136,
Sao Paulo,Riacho do Parque Shangrila,Parque Shangrila,Regular,qualidade_agua,mesmo municipio,62300500,RIO PINHEIROS (Elevatória de Pedreira),RIO PINHEIROS,-23.7025,-46.6739,
Sao Paulo,Riacho do Parque Shangrila,Parque Shangrila,Regular,qualidade_agua,mesmo municipio,62300550,RIO PINHEIROS - Próx. elevatória,RIO PINHEIROS,-23.7028,-46.6792,
Sao Paulo,Riacho do Parque Shangrila,Parque Shangrila,Regular,qualidade_agua,mesmo municipio,62300560,RIO PINHEIROS (Pinheiros/Pedreira),RIO PINHEIROS,-23.705,-46.6836,
Sao Paulo,Riacho do Parque Shangrila,Parque Shangrila,Regular,qualidade_agua,mesmo municipio,62300570,RIO PINHEIROS (Est.Flot.1e a ponte de Interlagos),RIO PINHEIROS,-23.6875,-46.6953,
Sao Paulo,Riacho do Parque Shangrila,Parque Shangrila,Regular,qualidade_agua,mesmo municipio,62300580,RIO PINHEIROS (em frente a estação de Jurutuba),RIO PINHEIROS,-23.6769,-46.3528,
Sao Paulo,Riacho do Parque Shangrila,Parque Shangrila,Regular,qualidade_agua,mesmo municipio,62300600,USP,RIO PINHEIROS,-23.5586,-46.7108,
Sao Paulo,Riacho do Parque Shangrila,Parque Shangrila,Regular,qualidade_agua,mesmo municipio,62300610,PEDREIRA,RIO PINHEIROS,-23.7028,-46.6792,
Sao Paulo,Riacho do Parque Shangrila,Parque Shangrila,Regular,qualidade_agua,mesmo municipio,62300700,RETIRO,RIO PINHEIROS,-23.5322,-46.7492,
Sao Paulo,Riacho do Parque Shangrila,Parque Shangrila,Regular,qualidade_agua,mesmo municipio,62121900,CÓRREGO DO MORRO DO S,CÓRREGO DA CACHOEIRA,-23.3939,-46.7411,
Sao Paulo,Riacho do Parque Shangrila,Parque Shangrila,Regular,qualidade_agua,mesmo municipio,62152000,RIBEIRÃO ITAQUERA,RIO ITAQUERA,-23.4806,-46.4403,
Sao Paulo,Riacho do Parque Shangrila,Parque Shangrila,Regular,qualidade_agua,mesmo municipio,62155050,RIO CABUÇU (São Paulo),RIO CABUÇU,-23.4736,-46.5614,
Sao Paulo,Riacho do Parque Shangrila,Parque Shangrila,Regular,qualidade_agua,mesmo municipio,62167500,ALDEIA INDÍGENA JARAGUÁ,RIBEIRÃO VERMELHO OU MUTINGA,-23.4639,-46.7542,
Sao Paulo,Riacho do Parque Shangrila,Parque Shangrila,Regular,qualidade_agua,mesmo municipio,62168000,PONTE AV. POLITÉCNICA,CÓRREGO DO JAGUARÉ,-23.5675,-46.7569,
Sao Paulo,Riacho do Parque Shangrila,Parque Shangrila,Regular,qualidade_agua,mesmo municipio,62168800,PONTE ENTRADA ESTAÇÃO CPTM,CÓRREGO ZAVUVUS,-23.6764,-46.7011,
Sao Paulo,Riacho do Parque Shangrila,Parque Shangrila,Regular,qualidade_agua,mesmo municipio,62177100,RIO ARICANDUVA ( pte. Ely Lopes Meireles),RIO ARICANDUVA,-23.5244,-46.5583,
Sao Paulo,Represa Billings,SESC Interlagos,Regular,fluviometrica,mesmo rio,62222500,TAQACETUBA,RESERVATÓRIO BILLINGS (COMP.PEDREIRA),-23.8406,-46.6586,
Sao Paulo,Represa Billings,SESC Interlagos,Regular,qualidade_agua,mesmo rio,62222500,TAQACETUBA,RESERVATÓRIO BILLINGS (COMP.PEDREIRA),-23.8406,-46.6586,
Sao Paulo,Represa Billings,SESC Interlagos,Regular,qualidade_agua,mesmo rio,62222700,RESERVATÓRIO BILLINGS (São Paulo),RESERVATÓRIO BILLINGS (COMP.PEDREIRA),-23.7492,-46.6478,
Sao Paulo,Rio Jacu,UNIFESP,Ruim,fluviometrica,mesmo municipio,62222500,TAQACETUBA,RESERVATÓRIO BILLINGS (COMP.PEDREIRA),-23.8406,-46.6586,
Sao Paulo,Rio Jacu,UNIFESP,Ruim,fluviometrica,mesmo municipio,62285002,UHE HENRY BORDEN BARRAMENTO BILLINGS,RIO GRANDE OU JURUBATUBA,-23.7031,-46.6739,
Sao Paulo,Rio Jacu,UNIFESP,Ruim,fluviometrica,mesmo municipio,62287000,CAULIM,RIBEIRÃO DO PIRES,-23.7867,-46.7314,
Sao Paulo,Rio Jacu,UNIFESP,Ruim,fluviometrica,mesmo municipio,62290120,GUARAPIRANGA,RIO GUARAPIRANGA,-23.6714,-46.7264,
Sao Paulo,Rio Jacu,UNIFESP,Ruim,fluviometrica,mesmo municipio,62300600,USP,RIO PINHEIROS,-23.5586,-46.7108,
Sao Paulo,Rio Jacu,UNIFESP,Ruim,fluviometrica,mesmo municipio,62300610,PEDREIRA,RIO PINHEIROS,-23.7028,-46.6792,
Sao Paulo,Rio Jacu,UNIFESP,Ruim,fluviometrica,mesmo municipio,62300700,RETIRO,RIO PINHEIROS,-23.5322,-46.7492,
Sao Paulo,Rio Jacu,UNIFESP,Ruim,fluviometrica,mesmo municipio,62365160,SB-CA-BAC Barragem Águas Claras,RESERVATÓRIO ÁGUAS CLARAS,-23.3981,-46.6583,
Sao Paulo,Rio Jacu,UNIFESP,Ruim,qualidade_agua,mesmo municipio,80451000,RES. CAPIVARI-MONOS (est. de recalque Sabesp),RIO CAPIVARI,-23.9225,-46.7289,
Sao Paulo,Rio Jacu,UNIFESP,Ruim,qualidade_agua,mesmo municipio,62222500,TAQACETUBA,RESERVATÓRIO BILLINGS (COMP.PEDREIRA),-23.8406,-46.6586,
Sao Paulo,Rio Jacu,UNIFESP,Ruim,qualidade_agua,mesmo municipio,62222700,RESERVATÓRIO BILLINGS (São Paulo),RESERVATÓRIO BILLINGS (COMP.PEDREIRA),-23.7492,-46.6478,
Sao Paulo,Rio Jacu,UNIFESP,Ruim,qualidade_agua,mesmo municipio,62223100,BRAÇO DO TAQUACETUBA (São Paulo),RIO TIETÊ,-23.8447,-46.6556,
Sao Paulo,Rio Jacu,UNIFESP,Ruim,qualidade_agua,mesmo municipio,62224100,RIBEIRÃO DOS MENINOS (pte. Av. dos Estados),RIO DOS MENINOS,-23.6,-46.5792,
Sao Paulo,Rio Jacu,UNIFESP,Ruim,qualidade_agua,mesmo municipio,62224250,PONTE AV. FRANCISCO MESQUITA 1000,RIO TAMANDUATEÍ,-23.5947,-46.5822,
Sao Paulo,Rio Jacu,UNIFESP,Ruim,qualidade_agua,mesmo municipio,62237000,PONTE PRAÇA DO MONUMENTO (Dom Pedro),CÓRREGO DO IPIRANGA,-23.5781,-46.6089,
Sao Paulo,Rio Jacu,UNIFESP,Ruim,qualidade_agua,mesmo municipio,62285002,UHE HENRY BORDEN BARRAMENTO BILLINGS,RIO GRANDE OU JURUBATUBA,-23.7031,-46.6739,
Sao Paulo,Rio Jacu,UNIFESP,Ruim,qualidade_agua,mesmo municipio,62287000,CAULIM,RIBEIRÃO DO PIRES,-23.7867,-46.7314,
Sao Paulo,Rio Jacu,UNIFESP,Ruim,qualidade_agua,mesmo municipio,62290010,RES. GUARAPIRANGA (praia ass. func. pub.) ,RIO GUARAPIRANGA,-23.7455555555556,-46.7691666666667,
Sao Paulo,Rio Jacu,UNIFESP,Ruim,qualidade_agua,mesmo municipio,62290020,RES. GUARAPIRANGA (bairro baln. São José),RIO GUARAPIRANGA,-23.7541666666667,-46.7269444444444,
Sao Paulo,Rio Jacu,UNIFESP,Ruim,qualidade_agua,mesmo municipio,62290030,RES. GUARAPIRANGA (praia do club de campo),RIO GUARAPIRANGA,-23.7302777777778,-46.7211111111111,
Sao Paulo,Rio Jacu,UNIFESP,Ruim,qualidade_agua,mesmo municipio,62290040,RES. GUARAPIRANGA (praia Miami Paulista),RIO GUARAPIRANGA,-23.7155555555556,-46.7519444444444,
Sao Paulo,Rio Jacu,UNIFESP,Ruim,qualidade_agua,mesmo municipio,62290050,RES. GUARAPIRANGA (Marina Guaraci),RIO GUARAPIRANGA,-23.7108333333333,-46.755,
Sao Paulo,Rio Jacu,UNIFESP,Ruim,qualidade_agua,mesmo municipio,62290060,RES. GUARAPIRANGA (prainha Jardim da Represa),RIO GUARAPIRANGA,-23.7183333333333,-46.7191666666667,
Sao Paulo,Rio Jacu,UNIFESP,Ruim,qualidade_agua,mesmo municipio,62290070,RES. GUARAPIRANGA (Club de Campo Castelo),RIO GUARAPIRANGA,-23.7147222222222,-46.7161111111111,
Sao Paulo,Rio Jacu,UNIFESP,Ruim,qualidade_agua,mesmo municipio,62290080,RES. GUARAPIRANGA (Riviera Náutica),RIO GUARAPIRANGA,-23.6991666666667,-46.7452777777778,
Sao Paulo,Rio Jacu,UNIFESP,Ruim,qualidade_agua,mesmo municipio,62290090,RES. GUARAPIRANGA (Restaurante Interlagos),RIO GUARAPIRANGA,-23.7022222222222,-46.7147222222222,
Sao Paulo,Rio Jacu,UNIFESP,Ruim,qualidade_agua,mesmo municipio,62290100,RES. GUARAPIRANGA (Marina Guarapiranga),RIO GUARAPIRANGA,-23.6961111111111,-46.7172222222222,
Sao Paulo,Rio Jacu,UNIFESP,Ruim,qualidade_agua,mesmo municipio,62290110,RES. GUARAPIRANGA (Marina Jardim 3 Marias),RIO GUARAPIRANGA,-23.6838888888889,-46.7169444444444,
Sao Paulo,Rio Jacu,UNIFESP,Ruim,qualidade_agua,mesmo municipio,62290120,GUARAPIRANGA,RIO GUARAPIRANGA,-23.6714,-46.7264,
Sao Paulo,Rio Jacu,UNIFESP,Ruim,qualidade_agua,mesmo municipio,62290130,RES. GUARAPIRANGA (2 km da Barragem),RIO GUARAPIRANGA,-23.6894444444444,-46.7263888888889,
Sao Paulo,Rio Jacu,UNIFESP,Ruim,qualidade_agua,mesmo municipio,62290140,RES. GUARAPIRANGA (barr. capt. da SABESP),RIO GUARAPIRANGA,-23.6794444444444,-46.7183333333333,
Sao Paulo,Rio Jacu,UNIFESP,Ruim,qualidade_agua,mesmo municipio,62294600,RIO EMBU-MIRIM (pte. Boi Mirim - SP-214),RIO EMBU MIRIM,-23.72,-46.7847,
Sao Paulo,Rio Jacu,UNIFESP,Ruim,qualidade_agua,mesmo municipio,62298800,PONTE NA ENTRADA DA USP,RIO PIRAJUSSARA,-23.5642,-46.7136,
Sao Paulo,Rio Jacu,UNIFESP,Ruim,qualidade_agua,mesmo municipio,62300500,RIO PINHEIROS (Elevatória de Pedreira),RIO PINHEIROS,-23.7025,-46.6739,
Sao Paulo,Rio Jacu,UNIFESP,Ruim,qualidade_agua,mesmo municipio,62300550,RIO PINHEIROS - Próx. elevatória,RIO PINHEIROS,-23.7028,-46.6792,
Sao Paulo,Rio Jacu,UNIFESP,Ruim,qualidade_agua,mesmo municipio,62300560,RIO PINHEIROS (Pinheiros/Pedreira),RIO PINHEIROS,-23.705,-46.6836,
Sao Paulo,Rio Jacu,UNIFESP,Ruim,qualidade_agua,mesmo municipio,62300570,RIO PINHEIROS (Est.Flot.1e a ponte de Interlagos),RIO PINHEIROS,-23.6875,-46.6953,
Sao Paulo,Rio Jacu,UNIFESP,Ruim,qualidade_agua,mesmo municipio,62300580,RIO PINHEIROS (em frente a estação de Jurutuba),RIO PINHEIROS,-23.6769,-46.3528,
Sao Paulo,Rio Jacu,UNIFESP,Ruim,qualidade_agua,mesmo municipio,62300600,USP,RIO PINHEIROS,-23.5586,-46.7108,
Sao Paulo,Rio Jacu,UNIFESP,Ruim,qualidade_agua,mesmo municipio,62300610,PEDREIRA,RIO PINHEIROS,-23.7028,-46.6792,
Sao Paulo,Rio Jacu,UNIFESP,Ruim,qualidade_agua,mesmo municipio,62300700,RETIRO,RIO PINHEIROS,-23.5322,-46.7492,
Sao Paulo,Rio Jacu,UNIFESP,Ruim,qualidade_agua,mesmo municipio,62121900,CÓRREGO DO MORRO DO S,CÓRREGO DA CACHOEIRA,-23.3939,-46.7411,
Sao Paulo,Rio Jacu,UNIFESP,Ruim,qualidade_agua,mesmo municipio,62152000,RIBEIRÃO ITAQUERA,RIO ITAQUERA,-23.4806,-46.4403,
Sao Paulo,Rio Jacu,UNIFESP,Ruim,qualidade_agua,mesmo municipio,62155050,RIO CABUÇU (São Paulo),RIO CABUÇU,-23.4736,-46.5614,
Sao Paulo,Rio Jacu,UNIFESP,Ruim,qualidade_agua,mesmo municipio,62167500,ALDEIA INDÍGENA JARAGUÁ,RIBEIRÃO VERMELHO OU MUTINGA,-23.4639,-46.7542,
Sao Paulo,Rio Jacu,UNIFESP,Ruim,qualidade_agua,mesmo municipio,62168000,PONTE AV. POLITÉCNICA,CÓRREGO DO JAGUARÉ,-23.5675,-46.7569,
Sao Paulo,Rio Jacu,UNIFESP,Ruim,qualidade_agua,mesmo municipio,62168800,PONTE ENTRADA ESTAÇÃO CPTM,CÓRREGO ZAVUVUS,-23.6764,-46.7011,
Sao Paulo,Rio Jacu,UNIFESP,Ruim,qualidade_agua,mesmo municipio,62177100,RIO ARICANDUVA ( pte. Ely Lopes Meireles),RIO ARICANDUVA,-23.5244,-46.5583,
Sao Paulo,Corrego Sao Jose,UNISA,Ruim,fluviometrica,mesmo municipio,62222500,TAQACETUBA,RESERVATÓRIO BILLINGS (COMP.PEDREIRA),-23.8406,-46.6586,
Sao Paulo,Corrego Sao Jose,UNISA,Ruim,fluviometrica,mesmo municipio,62285002,UHE HENRY BORDEN BARRAMENTO BILLINGS,RIO GRANDE OU JURUBATUBA,-23.7031,-46.6739,
Sao Paulo,Corrego Sao Jose,UNISA,Ruim,fluviometrica,mesmo municipio,62287000,CAULIM,RIBEIRÃO DO PIRES,-23.7867,-46.7314,
Sao Paulo,Corrego Sao Jose,UNISA,Ruim,fluviometrica,mesmo municipio,62290120,GUARAPIRANGA,RIO GUARAPIRANGA,-23.6714,-46.7264,
Sao Paulo,Corrego Sao Jose,UNISA,Ruim,fluviometrica,mesmo municipio,62300600,USP,RIO PINHEIROS,-23.5586,-46.7108,
Sao Paulo,Corrego Sao Jose,UNISA,Ruim,fluviometrica,mesmo municipio,62300610,PEDREIRA,RIO PINHEIROS,-23.7028,-46.6792,
Sao Paulo,Corrego Sao Jose,UNISA,Ruim,fluviometrica,mesmo municipio,62300700,RETIRO,RIO PINHEIROS,-23.5322,-46.7492,
Sao Paulo,Corrego Sao Jose,UNISA,Ruim,fluviometrica,mesmo municipio,62365160,SB-CA-BAC Barragem Águas Claras,RESERVATÓRIO ÁGUAS CLARAS,-23.3981,-46.6583,
Sao Paulo,Corrego Sao Jose,UNISA,Ruim,qualidade_agua,mesmo municipio,80451000,RES. CAPIVARI-MONOS (est. de recalque Sabesp),RIO CAPIVARI,-23.9225,-46.7289,
Sao Paulo,Corrego Sao Jose,UNISA,Ruim,qualidade_agua,mesmo municipio,62222500,TAQACETUBA,RESERVATÓRIO BILLINGS (COMP.PEDREIRA),-23.8406,-46.6586,
Sao Paulo,Corrego Sao Jose,UNISA,Ruim,qualidade_agua,mesmo municipio,62222700,RESERVATÓRIO BILLINGS (São Paulo),RESERVATÓRIO BILLINGS (COMP.PEDREIRA),-23.7492,-46.6478,
Sao Paulo,Corrego Sao Jose,UNISA,Ruim,qualidade_agua,mesmo municipio,62223100,BRAÇO DO TAQUACETUBA (São Paulo),RIO TIETÊ,-23.8447,-46.6556,
Sao Paulo,Corrego Sao Jose,UNISA,Ruim,qualidade_agua,mesmo municipio,62224100,RIBEIRÃO DOS MENINOS (pte. Av. dos Estados),RIO DOS MENINOS,-23.6,-46.5792,
Sao Paulo,Corrego Sao Jose,UNISA,Ruim,qualidade_agua,mesmo municipio,62224250,PONTE AV. FRANCISCO MESQUITA 1000,RIO TAMANDUATEÍ,-23.5947,-46.5822,
Sao Paulo,Corrego Sao Jose,UNISA,Ruim,qualidade_agua,mesmo municipio,62237000,PONTE PRAÇA DO MONUMENTO (Dom Pedro),CÓRREGO DO IPIRANGA,-23.5781,-46.6089,
Sao Paulo,Corrego Sao Jose,UNISA,Ruim,qualidade_agua,mesmo municipio,62285002,UHE HENRY BORDEN BARRAMENTO BILLINGS,RIO GRANDE OU JURUBATUBA,-23.7031,-46.6739,
Sao Paulo,Corrego Sao Jose,UNISA,Ruim,qualidade_agua,mesmo municipio,62287000,CAULIM,RIBEIRÃO DO PIRES,-23.7867,-46.7314,
Sao Paulo,Corrego Sao Jose,UNISA,Ruim,qualidade_agua,mesmo municipio,62290010,RES. GUARAPIRANGA (praia ass. func. pub.) ,RIO GUARAPIRANGA,-23.7455555555556,-46.7691666666667,
Sao Paulo,Corrego Sao Jose,UNISA,Ruim,qualidade_agua,mesmo municipio,62290020,RES. GUARAPIRANGA (bairro baln. São José),RIO GUARAPIRANGA,-23.7541666666667,-46.7269444444444,
Sao Paulo,Corrego Sao Jose,UNISA,Ruim,qualidade_agua,mesmo municipio,62290030,RES. GUARAPIRANGA (praia do club de campo),RIO GUARAPIRANGA,-23.7302777777778,-46.7211111111111,
Sao Paulo,Corrego Sao Jose,UNISA,Ruim,qualidade_agua,mesmo municipio,62290040,RES. GUARAPIRANGA (praia Miami Paulista),RIO GUARAPIRANGA,-23.7155555555556,-46.7519444444444,
Sao Paulo,Corrego Sao Jose,UNISA,Ruim,qualidade_agua,mesmo municipio,62290050,RES. GUARAPIRANGA (Marina Guaraci),RIO GUARAPIRANGA,-23.7108333333333,-46.755,
Sao Paulo,Corrego Sao Jose,UNISA,Ruim,qualidade_agua,mesmo municipio,62290060,RES. GUARAPIRANGA (prainha Jardim da Represa),RIO GUARAPIRANGA,-23.7183333333333,-46.7191666666667,
Sao Paulo,Corrego Sao Jose,UNISA,Ruim,qualidade_agua,mesmo municipio,62290070,RES. GUARAPIRANGA (Club de Campo Castelo),RIO GUARAPIRANGA,-23.7147222222222,-46.7161111111111,
Sao Paulo,Corrego Sao Jose,UNISA,Ruim,qualidade_agua,mesmo municipio,62290080,RES. GUARAPIRANGA (Riviera Náutica),RIO GUARAPIRANGA,-23.6991666666667,-46.7452777777778,
Sao Paulo,Corrego Sao Jose,UNISA,Ruim,qualidade_agua,mesmo municipio,62290090,RES. GUARAPIRANGA (Restaurante Interlagos),RIO GUARAPIRANGA,-23.7022222222222,-46.7147222222222,
Sao Paulo,Corrego Sao Jose,UNISA,Ruim,qualidade_agua,mesmo municipio,62290100,RES. GUARAPIRANGA (Marina Guarapiranga),RIO GUARAPIRANGA,-23.6961111111111,-46.7172222222222,
Sao Paulo,Corrego Sao Jose,UNISA,Ruim,qualidade_agua,mesmo municipio,62290110,RES. GUARAPIRANGA (Marina Jardim 3 Marias),RIO GUARAPIRANGA,-23.6838888888889,-46.7169444444444,
Sao Paulo,Corrego Sao Jose,UNISA,Ruim,qualidade_agua,mesmo municipio,62290120,GUARAPIRANGA,RIO GUARAPIRANGA,-23.6714,-46.7264,
Sao Paulo,Corrego Sao Jose,UNISA,Ruim,qualidade_agua,mesmo municipio,62290130,RES. GUARAPIRANGA (2 km da Barragem),RIO GUARAPIRANGA,-23.6894444444444,-46.7263888888889,
Sao Paulo,Corrego Sao Jose,UNISA,Ruim,qualidade_agua,mesmo municipio,62290140,RES. GUARAPIRANGA (barr. capt. da SABESP),RIO GUARAPIRANGA,-23.6794444444444,-46.7183333333333,
Sao Paulo,Corrego Sao Jose,UNISA,Ruim,qualidade_agua,mesmo municipio,62294600,RIO EMBU-MIRIM (pte. Boi Mirim - SP-214),RIO EMBU MIRIM,-23.72,-46.7847,
Sao Paulo,Corrego Sao Jose,UNISA,Ruim,qualidade_agua,mesmo municipio,62298800,PONTE NA ENTRADA DA USP,RIO PIRAJUSSARA,-23.5642,-46.7136,
Sao Paulo,Corrego Sao Jose,UNISA,Ruim,qualidade_agua,mesmo municipio,62300500,RIO PINHEIROS (Elevatória de Pedreira),RIO PINHEIROS,-23.7025,-46.6739,
Sao Paulo,Corrego Sao Jose,UNISA,Ruim,qualidade_agua,mesmo municipio,62300550,RIO PINHEIROS - Próx. elevatória,RIO PINHEIROS,-23.7028,-46.6792,
Sao Paulo,Corrego Sao Jose,UNISA,Ruim,qualidade_agua,mesmo municipio,62300560,RIO PINHEIROS (Pinheiros/Pedreira),RIO PINHEIROS,-23.705,-46.6836,
Sao Paulo,Corrego Sao Jose,UNISA,Ruim,qualidade_agua,mesmo municipio,62300570,RIO PINHEIROS (Est.Flot.1e a ponte de Interlagos),RIO PINHEIROS,-23.6875,-46.6953,
Sao Paulo,Corrego Sao Jose,UNISA,Ruim,qualidade_agua,mesmo municipio,62300580,RIO PINHEIROS (em frente a estação de Jurutuba),RIO PINHEIROS,-23.6769,-46.3528,
Sao Paulo,Corrego Sao Jose,UNISA,Ruim,qualidade_agua,mesmo municipio,62300600,USP,RIO PINHEIROS,-23.5586,-46.7108,
Sao Paulo,Corrego Sao Jose,UNISA,Ruim,qualidade_agua,mesmo municipio,62300610,PEDREIRA,RIO PINHEIROS,-23.7028,-46.6792,
Sao Paulo,Corrego Sao Jose,UNISA,Ruim,qualidade_agua,mesmo municipio,62300700,RETIRO,RIO PINHEIROS,-23.5322,-46.7492,
Sao Paulo,Corrego Sao Jose,UNISA,Ruim,qualidade_agua,mesmo municipio,62121900,CÓRREGO DO MORRO DO S,CÓRREGO DA CACHOEIRA,-23.3939,-46.7411,
Sao Paulo,Corrego Sao Jose,UNISA,Ruim,qualidade_agua,mesmo municipio,62152000,RIBEIRÃO ITAQUERA,RIO ITAQUERA,-23.4806,-46.4403,
Sao Paulo,Corrego Sao Jose,UNISA,Ruim,qualidade_agua,mesmo municipio,62155050,RIO CABUÇU (São Paulo),RIO CABUÇU,-23.4736,-46.5614,
Sao Paulo,Corrego Sao Jose,UNISA,Ruim,qualidade_agua,mesmo municipio,62167500,ALDEIA INDÍGENA JARAGUÁ,RIBEIRÃO VERMELHO OU MUTINGA,-23.4639,-46.7542,
Sao Paulo,Corrego Sao Jose,UNISA,Ruim,qualidade_agua,mesmo municipio,62168000,PONTE AV. POLITÉCNICA,CÓRREGO DO JAGUARÉ,-23.5675,-46.7569,
Sao Paulo,Corrego Sao Jose,UNISA,Ruim,qualidade_agua,mesmo municipio,62168800,PONTE ENTRADA ESTAÇÃO CPTM,CÓRREGO ZAVUVUS,-23.6764,-46.7011,
Sao Paulo,Corrego Sao Jose,UNISA,Ruim,qualidade_agua,mesmo municipio,62177100,RIO ARICANDUVA ( pte. Ely Lopes Meireles),RIO ARICANDUVA,-23.5244,-46.5583,
Sao Paulo,Rio Tiete,UniSant'Anna,Ruim,fluviometrica,mesmo municipio,62222500,TAQACETUBA,RESERVATÓRIO BILLINGS (COMP.PEDREIRA),-23.8406,-46.6586,
Sao Paulo,Rio Tiete,UniSant'Anna,Ruim,fluviometrica,mesmo municipio,62285002,UHE HENRY BORDEN BARRAMENTO BILLINGS,RIO GRANDE OU JURUBATUBA,-23.7031,-46.6739,
Sao Paulo,Rio Tiete,UniSant'Anna,Ruim,fluviometrica,mesmo municipio,62287000,CAULIM,RIBEIRÃO DO PIRES,-23.7867,-46.7314,
Sao Paulo,Rio Tiete,UniSant'Anna,Ruim,fluviometrica,mesmo municipio,62290120,GUARAPIRANGA,RIO GUARAPIRANGA,-23.6714,-46.7264,
Sao Paulo,Rio Tiete,UniSant'Anna,Ruim,fluviometrica,mesmo municipio,62300600,USP,RIO PINHEIROS,-23.5586,-46.7108,
Sao Paulo,Rio Tiete,UniSant'Anna,Ruim,fluviometrica,mesmo municipio,62300610,PEDREIRA,RIO PINHEIROS,-23.7028,-46.6792,
Sao Paulo,Rio Tiete,UniSant'Anna,Ruim,fluviometrica,mesmo municipio,62300700,RETIRO,RIO PINHEIROS,-23.5322,-46.7492,
Sao Paulo,Rio Tiete,UniSant'Anna,Ruim,fluviometrica,mesmo municipio,62365160,SB-CA-BAC Barragem Águas Claras,RESERVATÓRIO ÁGUAS CLARAS,-23.3981,-46.6583,
Sao Paulo,Rio Tiete,UniSant'Anna,Ruim,qualidade_agua,mesmo rio,62223100,BRAÇO DO TAQUACETUBA (São Paulo),RIO TIETÊ,-23.8447,-46.6556,
Suzano,Rio Tiete,Observando os Rios - Suzano,Ruim,fluviometrica,mesmo municipio,62126220,TAIACUPEBA,RIO TAIACUPEBA-AÇU,-23.5764,-46.2889,
Suzano,Rio Tiete,Observando os Rios - Suzano,Ruim,qualidade_agua,mesmo municipio,62125600,PONTE DIVISA SUZANO/MOGI DAS CRUZES,RIO TAIACUPEBA-AÇU,-23.5394,-46.2706,
Suzano,Rio Tiete,Observando os Rios - Suzano,Ruim,qualidade_agua,mesmo municipio,62126200,RES. TAIACUPEBA (braço Taiaçupeba-Mirim),RIO TAIACUPEBA-AÇU,-23.595,-46.2711,
Suzano,Rio Tiete,Observando os Rios - Suzano,Ruim,qualidade_agua,mesmo municipio,62126220,TAIACUPEBA,RIO TAIACUPEBA-AÇU,-23.5764,-46.2889,
Suzano,Rio Tiete,Observando os Rios - Suzano,Ruim,qualidade_agua,mesmo municipio,62126240,RES. TAIACUPEBA (1 Km. da Barragem),RIO TAIACUPEBA-AÇU,-23.5791666666667,-46.2916666666667,
Suzano,Rio Tiete,Observando os Rios - Suzano,Ruim,qualidade_agua,mesmo municipio,62129000,RIO TAIAÇUPEBA-MIRIM (Suzano),RIO TAIACUPEBA-MIRIM,-23.6344,-46.3214,
Suzano,Rio Tiete,Observando os Rios - Suzano,Ruim,qualidade_agua,mesmo municipio,62148700,PONTE ROD.066 (Rodovia Henrique Eroles),RIBEIRÃO GUAIO,-23.5211,-46.3281,
Suzano,Corrego do Balainho,Rotary Suzano e Amigos 1,Regular,fluviometrica,mesmo municipio,62126220,TAIACUPEBA,RIO TAIACUPEBA-AÇU,-23.5764,-46.2889,
Suzano,Corrego do Balainho,Rotary Suzano e Amigos 1,Regular,qualidade_agua,mesmo municipio,62125600,PONTE DIVISA SUZANO/MOGI DAS CRUZES,RIO TAIACUPEBA-AÇU,-23.5394,-46.2706,
Suzano,Corrego do Balainho,Rotary Suzano e Amigos 1,Regular,qualidade_agua,mesmo municipio,62126200,RES. TAIACUPEBA (braço Taiaçupeba-Mirim),RIO TAIACUPEBA-AÇU,-23.595,-46.2711,
Suzano,Corrego do Balainho,Rotary Suzano e Amigos 1,Regular,qualidade_agua,mesmo municipio,62126220,TAIACUPEBA,RIO TAIACUPEBA-AÇU,-23.5764,-46.2889,
Suzano,Corrego do Balainho,Rotary Suzano e Amigos 1,Regular,qualidade_agua,mesmo municipio,62126240,RES. TAIACUPEBA (1 Km. da Barragem),RIO TAIACUPEBA-AÇU,-23.5791666666667,-46.2916666666667,
Suzano,Corrego do Balainho,Rotary Suzano e Amigos 1,Regular,qualidade_agua,mesmo municipio,62129000,RIO TAIAÇUPEBA-MIRIM (Suzano),RIO TAIACUPEBA-MIRIM,-23.6344,-46.3214,
Suzano,Corrego do Balainho,Rotary Suzano e Amigos 1,Regular,qualidade_agua,mesmo municipio,62148700,PONTE ROD.066 (Rodovia Henrique Eroles),RIBEIRÃO GUAIO,-23.5211,-46.3281,
Suzano,Corrego do Balainho,Rotary Suzano e Amigos 2,Regular,fluviometrica,mesmo municipio,62126220,TAIACUPEBA,RIO TAIACUPEBA-AÇU,-23.5764,-46.2889,
Suzano,Corrego do Balainho,Rotary Suzano e Amigos 2,Regular,qualidade_agua,mesmo municipio,62125600,PONTE DIVISA SUZANO/MOGI DAS CRUZES,RIO TAIACUPEBA-AÇU,-23.5394,-46.2706,
Suzano,Corrego do Balainho,Rotary Suzano e Amigos 2,Regular,qualidade_agua,mesmo municipio,62126200,RES. TAIACUPEBA (braço Taiaçupeba-Mirim),RIO TAIACUPEBA-AÇU,-23.595,-46.2711,
Suzano,Corrego do Balainho,Rotary Suzano e Amigos 2,Regular,qualidade_agua,mesmo municipio,62126220,TAIACUPEBA,RIO TAIACUPEBA-AÇU,-23.5764,-46.2889,
Suzano,Corrego do Balainho,Rotary Suzano e Amigos 2,Regular,qualidade_agua,mesmo municipio,62126240,RES. TAIACUPEBA (1 Km. da Barragem),RIO TAIACUPEBA-AÇU,-23.5791666666667,-46.2916666666667,
Suzano,Corrego do Balainho,Rotary Suzano e Amigos 2,Regular,qualidade_agua,mesmo municipio,62129000,RIO TAIAÇUPEBA-MIRIM (Suzano),RIO TAIACUPEBA-MIRIM,-23.6344,-46.3214,
Suzano,Corrego do Balainho,Rotary Suzano e Amigos 2,Regular,qualidade_agua,mesmo municipio,62148700,PONTE ROD.066 (Rodovia Henrique Eroles),RIBEIRÃO GUAIO,-23.5211,-46.3281,
