cod_ibge,ano,municipio,populacao
4100103,2008,Abatiá,7965
4100103,2009,Abatiá,7928
4100103,2010,Abatiá,7828
4100103,2011,Abatiá,7727
4100103,2012,Abatiá,7690
4100103,2013,Abatiá,7881
4100103,2014,Abatiá,7852
4100103,2015,Abatiá,7823
4100103,2016,Abatiá,7795
4100103,2017,Abatiá,7768
4100103,2018,Abatiá,7507
4100103,2019,Abatiá,7457
4100103,2020,Abatiá,7408
4100103,2021,Abatiá,7360
4100103,2022,Abatiá,7330
4100103,2023,Abatiá,7301
4100103,2024,Abatiá,7271
4100103,2025,Abatiá,7233
4100103,2026,Abatiá,7233
4100202,2008,Adrianópolis,6875
4100202,2009,Adrianópolis,6856
4100202,2010,Adrianópolis,6592
4100202,2011,Adrianópolis,6328
4100202,2012,Adrianópolis,6281
4100202,2013,Adrianópolis,6416
4100202,2014,Adrianópolis,6374
4100202,2015,Adrianópolis,6333
4100202,2016,Adrianópolis,6293
4100202,2017,Adrianópolis,6254
4100202,2018,Adrianópolis,5983
4100202,2019,Adrianópolis,5919
4100202,2020,Adrianópolis,5857
4100202,2021,Adrianópolis,5797
4100202,2022,Adrianópolis,5974
4100202,2023,Adrianópolis,6150
4100202,2024,Adrianópolis,6327
4100202,2025,Adrianópolis,6319
4100202,2026,Adrianópolis,6319
4100301,2008,Agudos do Sul,8601
4100301,2009,Agudos do Sul,8735
4100301,2010,Agudos do Sul,8543
4100301,2011,Agudos do Sul,8351
4100301,2012,Agudos do Sul,8429
4100301,2013,Agudos do Sul,8797
4100301,2014,Agudos do Sul,8892
4100301,2015,Agudos do Sul,8983
4100301,2016,Agudos do Sul,9073
4100301,2017,Agudos do Sul,9161
4100301,2018,Agudos do Sul,9269
4100301,2019,Agudos do Sul,9371
4100301,2020,Agudos do Sul,9470
4100301,2021,Agudos do Sul,9567
4100301,2022,Agudos do Sul,9927
4100301,2023,Agudos do Sul,10286
4100301,2024,Agudos do Sul,10646
4100301,2025,Agudos do Sul,10770
4100301,2026,Agudos do Sul,10770
4100400,2008,Almirante Tamandaré,96739
4100400,2009,Almirante Tamandaré,97523
4100400,2010,Almirante Tamandaré,100936
4100400,2011,Almirante Tamandaré,104350
4100400,2012,Almirante Tamandaré,105458
4100400,2013,Almirante Tamandaré,110256
4100400,2014,Almirante Tamandaré,111586
4100400,2015,Almirante Tamandaré,112870
4100400,2016,Almirante Tamandaré,114129
4100400,2017,Almirante Tamandaré,115364
4100400,2018,Almirante Tamandaré,117168
4100400,2019,Almirante Tamandaré,118623
4100400,2020,Almirante Tamandaré,120041
4100400,2021,Almirante Tamandaré,121420
4100400,2022,Almirante Tamandaré,122543
4100400,2023,Almirante Tamandaré,123665
4100400,2024,Almirante Tamandaré,124788
4100400,2025,Almirante Tamandaré,125861
4100400,2026,Almirante Tamandaré,125861
4100459,2008,Altamira do Paraná,4101
4100459,2009,Altamira do Paraná,3799
4100459,2010,Altamira do Paraná,3950
4100459,2011,Altamira do Paraná,4100
4100459,2012,Altamira do Paraná,3900
4100459,2013,Altamira do Paraná,3754
4100459,2014,Altamira do Paraná,3544
4100459,2015,Altamira do Paraná,3341
4100459,2016,Altamira do Paraná,3143
4100459,2017,Altamira do Paraná,2948
4100459,2018,Altamira do Paraná,2209
4100459,2019,Altamira do Paraná,1942
4100459,2020,Altamira do Paraná,1682
4100459,2021,Altamira do Paraná,1429
4100459,2022,Altamira do Paraná,2134
4100459,2023,Altamira do Paraná,2838
4100459,2024,Altamira do Paraná,3543
4100459,2025,Altamira do Paraná,3496
4100459,2026,Altamira do Paraná,3496
4100608,2008,Alto Paraná,13379
4100608,2009,Alto Paraná,13435
4100608,2010,Alto Paraná,13586
4100608,2011,Alto Paraná,13736
4100608,2012,Alto Paraná,13806
4100608,2013,Alto Paraná,14334
4100608,2014,Alto Paraná,14427
4100608,2015,Alto Paraná,14518
4100608,2016,Alto Paraná,14606
4100608,2017,Alto Paraná,14693
4100608,2018,Alto Paraná,14679
4100608,2019,Alto Paraná,14770
4100608,2020,Alto Paraná,14859
4100608,2021,Alto Paraná,14945
4100608,2022,Alto Paraná,14676
4100608,2023,Alto Paraná,14407
4100608,2024,Alto Paraná,14138
4100608,2025,Alto Paraná,14183
4100608,2026,Alto Paraná,14183
4128625,2008,Alto Paraíso,3273
4128625,2009,Alto Paraíso,3217
4128625,2010,Alto Paraíso,3190
4128625,2011,Alto Paraíso,3162
4128625,2012,Alto Paraíso,3119
4128625,2013,Alto Paraíso,3159
4128625,2014,Alto Paraíso,3116
4128625,2015,Alto Paraíso,3077
4128625,2016,Alto Paraíso,3037
4128625,2017,Alto Paraíso,2998
4128625,2018,Alto Paraíso,2799
4128625,2019,Alto Paraíso,2741
4128625,2020,Alto Paraíso,2685
4128625,2021,Alto Paraíso,2630
4128625,2022,Alto Paraíso,2779
4128625,2023,Alto Paraíso,2928
4128625,2024,Alto Paraíso,3077
4128625,2025,Alto Paraíso,3067
4128625,2026,Alto Paraíso,3067
4100707,2008,Alto Piquiri,10448
4100707,2009,Alto Piquiri,10406
4100707,2010,Alto Piquiri,10270
4100707,2011,Alto Piquiri,10135
4100707,2012,Alto Piquiri,10092
4100707,2013,Alto Piquiri,10350
4100707,2014,Alto Piquiri,10317
4100707,2015,Alto Piquiri,10285
4100707,2016,Alto Piquiri,10253
4100707,2017,Alto Piquiri,10222
4100707,2018,Alto Piquiri,9896
4100707,2019,Alto Piquiri,9836
4100707,2020,Alto Piquiri,9778
4100707,2021,Alto Piquiri,9722
4100707,2022,Alto Piquiri,9749
4100707,2023,Alto Piquiri,9775
4100707,2024,Alto Piquiri,9802
4100707,2025,Alto Piquiri,9771
4100707,2026,Alto Piquiri,9771
4100509,2008,Altônia,20638
4100509,2009,Altônia,20764
4100509,2010,Altônia,20690
4100509,2011,Altônia,20615
4100509,2012,Altônia,20711
4100509,2013,Altônia,21489
4100509,2014,Altônia,21619
4100509,2015,Altônia,21744
4100509,2016,Altônia,21867
4100509,2017,Altônia,21988
4100509,2018,Altônia,21933
4100509,2019,Altônia,22056
4100509,2020,Altônia,22176
4100509,2021,Altônia,22293
4100509,2022,Altônia,21112
4100509,2023,Altônia,19931
4100509,2024,Altônia,18750
4100509,2025,Altônia,18634
4100509,2026,Altônia,18634
4100806,2008,Alvorada do Sul,9262
4100806,2009,Alvorada do Sul,9255
4100806,2010,Alvorada do Sul,9809
4100806,2011,Alvorada do Sul,10363
4100806,2012,Alvorada do Sul,10439
4100806,2013,Alvorada do Sul,10869
4100806,2014,Alvorada do Sul,10965
4100806,2015,Alvorada do Sul,11057
4100806,2016,Alvorada do Sul,11148
4100806,2017,Alvorada do Sul,11237
4100806,2018,Alvorada do Sul,11306
4100806,2019,Alvorada do Sul,11406
4100806,2020,Alvorada do Sul,11503
4100806,2021,Alvorada do Sul,11598
4100806,2022,Alvorada do Sul,11225
4100806,2023,Alvorada do Sul,10851
4100806,2024,Alvorada do Sul,10478
4100806,2025,Alvorada do Sul,10481
4100806,2026,Alvorada do Sul,10481
4100905,2008,Amaporã,5378
4100905,2009,Amaporã,5447
4100905,2010,Amaporã,5476
4100905,2011,Amaporã,5504
4100905,2012,Amaporã,5562
4100905,2013,Amaporã,5815
4100905,2014,Amaporã,5885
4100905,2015,Amaporã,5953
4100905,2016,Amaporã,6019
4100905,2017,Amaporã,6084
4100905,2018,Amaporã,6181
4100905,2019,Amaporã,6257
4100905,2020,Amaporã,6332
4100905,2021,Amaporã,6405
4100905,2022,Amaporã,5849
4100905,2023,Amaporã,5292
4100905,2024,Amaporã,4736
4100905,2025,Amaporã,4688
4100905,2026,Amaporã,4688
4101002,2008,Ampére,17830
4101002,2009,Ampére,18041
4101002,2010,Ampére,17740
4101002,2011,Ampére,17438
4101002,2012,Ampére,17563
4101002,2013,Ampére,18281
4101002,2014,Ampére,18439
4101002,2015,Ampére,18591
4101002,2016,Ampére,18740
4101002,2017,Ampére,18886
4101002,2018,Ampére,18989
4101002,2019,Ampére,19152
4101002,2020,Ampére,19311
4101002,2021,Ampére,19466
4101002,2022,Ampére,19710
4101002,2023,Ampére,19955
4101002,2024,Ampére,20199
4101002,2025,Ampére,20337
4101002,2026,Ampére,20337
4101051,2008,Anahy,2937
4101051,2009,Anahy,2926
4101051,2010,Anahy,2895
4101051,2011,Anahy,2864
4101051,2012,Anahy,2854
4101051,2013,Anahy,2929
4101051,2014,Anahy,2922
4101051,2015,Anahy,2915
4101051,2016,Anahy,2908
4101051,2017,Anahy,2901
4101051,2018,Anahy,2816
4101051,2019,Anahy,2801
4101051,2020,Anahy,2788
4101051,2021,Anahy,2774
4101051,2022,Anahy,2838
4101051,2023,Anahy,2901
4101051,2024,Anahy,2965
4101051,2025,Anahy,2971
4101051,2026,Anahy,2971
4101101,2008,Andirá,21953
4101101,2009,Andirá,21964
4101101,2010,Andirá,21247
4101101,2011,Andirá,20530
4101101,2012,Andirá,20451
4101101,2013,Andirá,20988
4101101,2014,Andirá,20931
4101101,2015,Andirá,20876
4101101,2016,Andirá,20822
4101101,2017,Andirá,20769
4101101,2018,Andirá,20139
4101101,2019,Andirá,20031
4101101,2020,Andirá,19926
4101101,2021,Andirá,19823
4101101,2022,Andirá,19897
4101101,2023,Andirá,19970
4101101,2024,Andirá,20044
4101101,2025,Andirá,19989
4101101,2026,Andirá,19989
4101200,2008,Antonina,17891
4101200,2009,Antonina,17743
4101200,2010,Antonina,18306
4101200,2011,Antonina,18870
4101200,2012,Antonina,18849
4101200,2013,Antonina,19412
4101200,2014,Antonina,19414
4101200,2015,Antonina,19416
4101200,2016,Antonina,19418
4101200,2017,Antonina,19420
4101200,2018,Antonina,19011
4101200,2019,Antonina,18980
4101200,2020,Antonina,18949
4101200,2021,Antonina,18919
4101200,2022,Antonina,18687
4101200,2023,Antonina,18455
4101200,2024,Antonina,18223
4101200,2025,Antonina,18140
4101200,2026,Antonina,18140
4101309,2008,Antônio Olinto,7725
4101309,2009,Antônio Olinto,7750
4101309,2010,Antônio Olinto,7548
4101309,2011,Antônio Olinto,7347
4101309,2012,Antônio Olinto,7343
4101309,2013,Antônio Olinto,7567
4101309,2014,Antônio Olinto,7573
4101309,2015,Antônio Olinto,7578
4101309,2016,Antônio Olinto,7582
4101309,2017,Antônio Olinto,7587
4101309,2018,Antônio Olinto,7441
4101309,2019,Antônio Olinto,7434
4101309,2020,Antônio Olinto,7427
4101309,2021,Antônio Olinto,7421
4101309,2022,Antônio Olinto,7304
4101309,2023,Antônio Olinto,7188
4101309,2024,Antônio Olinto,7071
4101309,2025,Antônio Olinto,7048
4101309,2026,Antônio Olinto,7048
4101408,2008,Apucarana,120133
4101408,2009,Apucarana,121290
4101408,2010,Apucarana,121607
4101408,2011,Apucarana,121924
4101408,2012,Apucarana,122896
4101408,2013,Apucarana,128058
4101408,2014,Apucarana,129265
4101408,2015,Apucarana,130430
4101408,2016,Apucarana,131571
4101408,2017,Apucarana,132691
4101408,2018,Apucarana,133726
4101408,2019,Apucarana,134996
4101408,2020,Apucarana,136234
4101408,2021,Apucarana,137438
4101408,2022,Apucarana,136394
4101408,2023,Apucarana,135350
4101408,2024,Apucarana,134306
4101408,2025,Apucarana,134910
4101408,2026,Apucarana,134910
4101507,2008,Arapongas,101467
4101507,2009,Arapongas,103025
4101507,2010,Arapongas,104306
4101507,2011,Arapongas,105588
4101507,2012,Arapongas,106978
4101507,2013,Arapongas,112198
4101507,2014,Arapongas,113833
4101507,2015,Arapongas,115412
4101507,2016,Arapongas,116960
4101507,2017,Arapongas,118477
4101507,2018,Arapongas,121198
4101507,2019,Arapongas,123027
4101507,2020,Arapongas,124810
4101507,2021,Arapongas,126545
4101507,2022,Arapongas,125651
4101507,2023,Arapongas,124757
4101507,2024,Arapongas,123863
4101507,2025,Arapongas,124838
4101507,2026,Arapongas,124838
4101606,2008,Arapoti,26729
4101606,2009,Arapoti,26998
4101606,2010,Arapoti,26502
4101606,2011,Arapoti,26007
4101606,2012,Arapoti,26153
4101606,2013,Arapoti,27170
4101606,2014,Arapoti,27362
4101606,2015,Arapoti,27547
4101606,2016,Arapoti,27728
4101606,2017,Arapoti,27906
4101606,2018,Arapoti,27925
4101606,2019,Arapoti,28115
4101606,2020,Arapoti,28300
4101606,2021,Arapoti,28480
4101606,2022,Arapoti,27757
4101606,2023,Arapoti,27033
4101606,2024,Arapoti,26310
4101606,2025,Arapoti,26325
4101606,2026,Arapoti,26325
4101655,2008,Arapuã,4035
4101655,2009,Arapuã,4017
4101655,2010,Arapuã,3766
4101655,2011,Arapuã,3515
4101655,2012,Arapuã,3469
4101655,2013,Arapuã,3513
4101655,2014,Arapuã,3469
4101655,2015,Arapuã,3426
4101655,2016,Arapuã,3384
4101655,2017,Arapuã,3343
4101655,2018,Arapuã,3128
4101655,2019,Arapuã,3068
4101655,2020,Arapuã,3009
4101655,2021,Arapuã,2951
4101655,2022,Arapuã,3158
4101655,2023,Arapuã,3366
4101655,2024,Arapuã,3573
4101655,2025,Arapuã,3573
4101655,2026,Arapuã,3573
4101705,2008,Araruna,12984
4101705,2009,Araruna,12962
4101705,2010,Araruna,13204
4101705,2011,Araruna,13445
4101705,2012,Araruna,13471
4101705,2013,Araruna,13926
4101705,2014,Araruna,13971
4101705,2015,Araruna,14014
4101705,2016,Araruna,14056
4101705,2017,Araruna,14098
4101705,2018,Araruna,13939
4101705,2019,Araruna,13970
4101705,2020,Araruna,14000
4101705,2021,Araruna,14029
4101705,2022,Araruna,14294
4101705,2023,Araruna,14559
4101705,2024,Araruna,14824
4101705,2025,Araruna,14894
4101705,2026,Araruna,14894
4101804,2008,Araucária,115849
4101804,2009,Araucária,117964
4101804,2010,Araucária,119498
4101804,2011,Araucária,121032
4101804,2012,Araucária,122878
4101804,2013,Araucária,129209
4101804,2014,Araucária,131356
4101804,2015,Araucária,133428
4101804,2016,Araucária,135459
4101804,2017,Araucária,137452
4101804,2018,Araucária,141410
4101804,2019,Araucária,143843
4101804,2020,Araucária,146214
4101804,2021,Araucária,148522
4101804,2022,Araucária,152361
4101804,2023,Araucária,156199
4101804,2024,Araucária,160038
4101804,2025,Araucária,162247
4101804,2026,Araucária,162247
4101853,2008,Ariranha do Ivaí,2568
4101853,2009,Ariranha do Ivaí,2533
4101853,2010,Ariranha do Ivaí,2476
4101853,2011,Ariranha do Ivaí,2420
4101853,2012,Ariranha do Ivaí,2389
4101853,2013,Ariranha do Ivaí,2421
4101853,2014,Ariranha do Ivaí,2389
4101853,2015,Ariranha do Ivaí,2359
4101853,2016,Ariranha do Ivaí,2330
4101853,2017,Ariranha do Ivaí,2301
4101853,2018,Ariranha do Ivaí,2151
4101853,2019,Ariranha do Ivaí,2108
4101853,2020,Ariranha do Ivaí,2066
4101853,2021,Ariranha do Ivaí,2026
4101853,2022,Ariranha do Ivaí,2134
4101853,2023,Ariranha do Ivaí,2243
4101853,2024,Ariranha do Ivaí,2351
4101853,2025,Ariranha do Ivaí,2351
4101853,2026,Ariranha do Ivaí,2351
4101903,2008,Assaí,16306
4101903,2009,Assaí,16112
4101903,2010,Assaí,16168
4101903,2011,Assaí,16225
4101903,2012,Assaí,16099
4101903,2013,Assaí,16436
4101903,2014,Assaí,16322
4101903,2015,Assaí,16212
4101903,2016,Assaí,16104
4101903,2017,Assaí,15999
4101903,2018,Assaí,15289
4101903,2019,Assaí,15119
4101903,2020,Assaí,14954
4101903,2021,Assaí,14792
4101903,2022,Assaí,14409
4101903,2023,Assaí,14026
4101903,2024,Assaí,13643
4101903,2025,Assaí,13477
4101903,2026,Assaí,13477
4102000,2008,Assis Chateaubriand,33077
4102000,2009,Assis Chateaubriand,33023
4102000,2010,Assis Chateaubriand,33013
4102000,2011,Assis Chateaubriand,33003
4102000,2012,Assis Chateaubriand,32981
4102000,2013,Assis Chateaubriand,33988
4102000,2014,Assis Chateaubriand,34008
4102000,2015,Assis Chateaubriand,34027
4102000,2016,Assis Chateaubriand,34046
4102000,2017,Assis Chateaubriand,34064
4102000,2018,Assis Chateaubriand,33397
4102000,2019,Assis Chateaubriand,33362
4102000,2020,Assis Chateaubriand,33340
4102000,2021,Assis Chateaubriand,33306
4102000,2022,Assis Chateaubriand,34906
4102000,2023,Assis Chateaubriand,36505
4102000,2024,Assis Chateaubriand,38105
4102000,2025,Assis Chateaubriand,38357
4102000,2026,Assis Chateaubriand,38357
4102109,2008,Astorga,25042
4102109,2009,Astorga,25164
4102109,2010,Astorga,24972
4102109,2011,Astorga,24780
4102109,2012,Astorga,24859
4102109,2013,Astorga,25745
4102109,2014,Astorga,25862
4102109,2015,Astorga,25976
4102109,2016,Astorga,26087
4102109,2017,Astorga,26196
4102109,2018,Astorga,26011
4102109,2019,Astorga,26111
4102109,2020,Astorga,26209
4102109,2021,Astorga,26304
4102109,2022,Astorga,26251
4102109,2023,Astorga,26198
4102109,2024,Astorga,26145
4102109,2025,Astorga,26203
4102109,2026,Astorga,26203
4102208,2008,Atalaia,3682
4102208,2009,Atalaia,3645
4102208,2010,Atalaia,3776
4102208,2011,Atalaia,3906
4102208,2012,Atalaia,3898
4102208,2013,Atalaia,4010
4102208,2014,Atalaia,4007
4102208,2015,Atalaia,4004
4102208,2016,Atalaia,4002
4102208,2017,Atalaia,3999
4102208,2018,Atalaia,3902
4102208,2019,Atalaia,3892
4102208,2020,Atalaia,3881
4102208,2021,Atalaia,3871
4102208,2022,Atalaia,3929
4102208,2023,Atalaia,3987
4102208,2024,Atalaia,4045
4102208,2025,Atalaia,4046
4102208,2026,Atalaia,4046
4102307,2008,Balsa Nova,11118
4102307,2009,Balsa Nova,11252
4102307,2010,Balsa Nova,11337
4102307,2011,Balsa Nova,11422
4102307,2012,Balsa Nova,11539
4102307,2013,Balsa Nova,12059
4102307,2014,Balsa Nova,12200
4102307,2015,Balsa Nova,12337
4102307,2016,Balsa Nova,12471
4102307,2017,Balsa Nova,12602
4102307,2018,Balsa Nova,12787
4102307,2019,Balsa Nova,12941
4102307,2020,Balsa Nova,13092
4102307,2021,Balsa Nova,13238
4102307,2022,Balsa Nova,13449
4102307,2023,Balsa Nova,13660
4102307,2024,Balsa Nova,13871
4102307,2025,Balsa Nova,13867
4102307,2026,Balsa Nova,13867
4102406,2008,Bandeirantes,33089
4102406,2009,Bandeirantes,32994
4102406,2010,Bandeirantes,32530
4102406,2011,Bandeirantes,32066
4102406,2012,Bandeirantes,31951
4102406,2013,Bandeirantes,32800
4102406,2014,Bandeirantes,32718
4102406,2015,Bandeirantes,32639
4102406,2016,Bandeirantes,32562
4102406,2017,Bandeirantes,32486
4102406,2018,Bandeirantes,31526
4102406,2019,Bandeirantes,31367
4102406,2020,Bandeirantes,31211
4102406,2021,Bandeirantes,31061
4102406,2022,Bandeirantes,31310
4102406,2023,Bandeirantes,31558
4102406,2024,Bandeirantes,31807
4102406,2025,Bandeirantes,31747
4102406,2026,Bandeirantes,31747
4102505,2008,Barbosa Ferraz,14017
4102505,2009,Barbosa Ferraz,13995
4102505,2010,Barbosa Ferraz,13270
4102505,2011,Barbosa Ferraz,12545
4102505,2012,Barbosa Ferraz,12437
4102505,2013,Barbosa Ferraz,12683
4102505,2014,Barbosa Ferraz,12583
4102505,2015,Barbosa Ferraz,12487
4102505,2016,Barbosa Ferraz,12393
4102505,2017,Barbosa Ferraz,12300
4102505,2018,Barbosa Ferraz,11714
4102505,2019,Barbosa Ferraz,11568
4102505,2020,Barbosa Ferraz,11426
4102505,2021,Barbosa Ferraz,11287
4102505,2022,Barbosa Ferraz,11089
4102505,2023,Barbosa Ferraz,10890
4102505,2024,Barbosa Ferraz,10692
4102505,2025,Barbosa Ferraz,10580
4102505,2026,Barbosa Ferraz,10580
4102703,2008,Barra do Jacaré,2850
4102703,2009,Barra do Jacaré,2860
4102703,2010,Barra do Jacaré,2794
4102703,2011,Barra do Jacaré,2728
4102703,2012,Barra do Jacaré,2728
4102703,2013,Barra do Jacaré,2813
4102703,2014,Barra do Jacaré,2817
4102703,2015,Barra do Jacaré,2821
4102703,2016,Barra do Jacaré,2825
4102703,2017,Barra do Jacaré,2828
4102703,2018,Barra do Jacaré,2781
4102703,2019,Barra do Jacaré,2781
4102703,2020,Barra do Jacaré,2781
4102703,2021,Barra do Jacaré,2781
4102703,2022,Barra do Jacaré,2809
4102703,2023,Barra do Jacaré,2838
4102703,2024,Barra do Jacaré,2866
4102703,2025,Barra do Jacaré,2872
4102703,2026,Barra do Jacaré,2872
4102604,2008,Barracão,9275
4102604,2009,Barracão,9267
4102604,2010,Barracão,9516
4102604,2011,Barracão,9766
4102604,2012,Barracão,9796
4102604,2013,Barracão,10143
4102604,2014,Barracão,10187
4102604,2015,Barracão,10231
4102604,2016,Barracão,10273
4102604,2017,Barracão,10314
4102604,2018,Barracão,10238
4102604,2019,Barracão,10275
4102604,2020,Barracão,10312
4102604,2021,Barracão,10347
4102604,2022,Barracão,10198
4102604,2023,Barracão,10049
4102604,2024,Barracão,9900
4102604,2025,Barracão,9903
4102604,2026,Barracão,9903
4102752,2008,Bela Vista da Caroba,4210
4102752,2009,Bela Vista da Caroba,4176
4102752,2010,Bela Vista da Caroba,4040
4102752,2011,Bela Vista da Caroba,3903
4102752,2012,Bela Vista da Caroba,3861
4102752,2013,Bela Vista da Caroba,3926
4102752,2014,Bela Vista da Caroba,3887
4102752,2015,Bela Vista da Caroba,3848
4102752,2016,Bela Vista da Caroba,3811
4102752,2017,Bela Vista da Caroba,3774
4102752,2018,Bela Vista da Caroba,3567
4102752,2019,Bela Vista da Caroba,3511
4102752,2020,Bela Vista da Caroba,3457
4102752,2021,Bela Vista da Caroba,3404
4102752,2022,Bela Vista da Caroba,3636
4102752,2023,Bela Vista da Caroba,3868
4102752,2024,Bela Vista da Caroba,4100
4102752,2025,Bela Vista da Caroba,4122
4102752,2026,Bela Vista da Caroba,4122
4102802,2008,Bela Vista do Paraíso,15465
4102802,2009,Bela Vista do Paraíso,15496
4102802,2010,Bela Vista do Paraíso,15290
4102802,2011,Bela Vista do Paraíso,15083
4102802,2012,Bela Vista do Paraíso,15087
4102802,2013,Bela Vista do Paraíso,15565
4102802,2014,Bela Vista do Paraíso,15589
4102802,2015,Bela Vista do Paraíso,15612
4102802,2016,Bela Vista do Paraíso,15634
4102802,2017,Bela Vista do Paraíso,15656
4102802,2018,Bela Vista do Paraíso,15395
4102802,2019,Bela Vista do Paraíso,15397
4102802,2020,Bela Vista do Paraíso,15399
4102802,2021,Bela Vista do Paraíso,15400
4102802,2022,Bela Vista do Paraíso,15266
4102802,2023,Bela Vista do Paraíso,15132
4102802,2024,Bela Vista do Paraíso,14998
4102802,2025,Bela Vista do Paraíso,14982
4102802,2026,Bela Vista do Paraíso,14982
4102901,2008,Bituruna,16716
4102901,2009,Bituruna,16803
4102901,2010,Bituruna,16348
4102901,2011,Bituruna,15892
4102901,2012,Bituruna,15903
4102901,2013,Bituruna,16416
4102901,2014,Bituruna,16448
4102901,2015,Bituruna,16480
4102901,2016,Bituruna,16511
4102901,2017,Bituruna,16627
4102901,2018,Bituruna,16377
4102901,2019,Bituruna,16389
4102901,2020,Bituruna,16400
4102901,2021,Bituruna,16411
4102901,2022,Bituruna,16170
4102901,2023,Bituruna,15930
4102901,2024,Bituruna,15689
4102901,2025,Bituruna,15650
4102901,2026,Bituruna,15650
4103008,2008,Boa Esperança,4785
4103008,2009,Boa Esperança,4742
4103008,2010,Boa Esperança,4632
4103008,2011,Boa Esperança,4523
4103008,2012,Boa Esperança,4479
4103008,2013,Boa Esperança,4559
4103008,2014,Boa Esperança,4518
4103008,2015,Boa Esperança,4478
4103008,2016,Boa Esperança,4438
4103008,2017,Boa Esperança,4392
4103008,2018,Boa Esperança,4165
4103008,2019,Boa Esperança,4105
4103008,2020,Boa Esperança,4047
4103008,2021,Boa Esperança,3991
4103008,2022,Boa Esperança,4201
4103008,2023,Boa Esperança,4412
4103008,2024,Boa Esperança,4622
4103008,2025,Boa Esperança,4595
4103008,2026,Boa Esperança,4595
4103024,2008,Boa Esperança do Iguaçu,2919
4103024,2009,Boa Esperança do Iguaçu,2898
4103024,2010,Boa Esperança do Iguaçu,2818
4103024,2011,Boa Esperança do Iguaçu,2738
4103024,2012,Boa Esperança do Iguaçu,2713
4103024,2013,Boa Esperança do Iguaçu,2763
4103024,2014,Boa Esperança do Iguaçu,2739
4103024,2015,Boa Esperança do Iguaçu,2716
4103024,2016,Boa Esperança do Iguaçu,2694
4103024,2017,Boa Esperança do Iguaçu,2671
4103024,2018,Boa Esperança do Iguaçu,2538
4103024,2019,Boa Esperança do Iguaçu,2503
4103024,2020,Boa Esperança do Iguaçu,2470
4103024,2021,Boa Esperança do Iguaçu,2437
4103024,2022,Boa Esperança do Iguaçu,2441
4103024,2023,Boa Esperança do Iguaçu,2444
4103024,2024,Boa Esperança do Iguaçu,2448
4103024,2025,Boa Esperança do Iguaçu,2421
4103024,2026,Boa Esperança do Iguaçu,2421
4103040,2008,Boa Ventura de São Roque,6952
4103040,2009,Boa Ventura de São Roque,6964
4103040,2010,Boa Ventura de São Roque,6750
4103040,2011,Boa Ventura de São Roque,6537
4103040,2012,Boa Ventura de São Roque,6520
4103040,2013,Boa Ventura de São Roque,6702
4103040,2014,Boa Ventura de São Roque,6692
4103040,2015,Boa Ventura de São Roque,6683
4103040,2016,Boa Ventura de São Roque,6674
4103040,2017,Boa Ventura de São Roque,6665
4103040,2018,Boa Ventura de São Roque,6411
4103040,2019,Boa Ventura de São Roque,6387
4103040,2020,Boa Ventura de São Roque,6365
4103040,2021,Boa Ventura de São Roque,6343
4103040,2022,Boa Ventura de São Roque,6310
4103040,2023,Boa Ventura de São Roque,6277
4103040,2024,Boa Ventura de São Roque,6244
4103040,2025,Boa Ventura de São Roque,6241
4103040,2026,Boa Ventura de São Roque,6241
4103057,2008,Boa Vista da Aparecida,7972
4103057,2009,Boa Vista da Aparecida,7919
4103057,2010,Boa Vista da Aparecida,7896
4103057,2011,Boa Vista da Aparecida,7872
4103057,2012,Boa Vista da Aparecida,7834
4103057,2013,Boa Vista da Aparecida,8028
4103057,2014,Boa Vista da Aparecida,7998
4103057,2015,Boa Vista da Aparecida,7968
4103057,2016,Boa Vista da Aparecida,7939
4103057,2017,Boa Vista da Aparecida,7911
4103057,2018,Boa Vista da Aparecida,7643
4103057,2019,Boa Vista da Aparecida,7591
4103057,2020,Boa Vista da Aparecida,7540
4103057,2021,Boa Vista da Aparecida,7524
4103057,2022,Boa Vista da Aparecida,7694
4103057,2023,Boa Vista da Aparecida,7864
4103057,2024,Boa Vista da Aparecida,8034
4103057,2025,Boa Vista da Aparecida,8023
4103057,2026,Boa Vista da Aparecida,8023
4103107,2008,Bocaiúva do Sul,9910
4103107,2009,Bocaiúva do Sul,9989
4103107,2010,Bocaiúva do Sul,10562
4103107,2011,Bocaiúva do Sul,11136
4103107,2012,Bocaiúva do Sul,11280
4103107,2013,Bocaiúva do Sul,11826
4103107,2014,Bocaiúva do Sul,11996
4103107,2015,Bocaiúva do Sul,12159
4103107,2016,Bocaiúva do Sul,12320
4103107,2017,Bocaiúva do Sul,12477
4103107,2018,Bocaiúva do Sul,12755
4103107,2019,Bocaiúva do Sul,12944
4103107,2020,Bocaiúva do Sul,13129
4103107,2021,Bocaiúva do Sul,13308
4103107,2022,Bocaiúva do Sul,13473
4103107,2023,Bocaiúva do Sul,13639
4103107,2024,Bocaiúva do Sul,13804
4103107,2025,Bocaiúva do Sul,13405
4103107,2026,Bocaiúva do Sul,13405
4103156,2008,Bom Jesus do Sul,3907
4103156,2009,Bom Jesus do Sul,3879
4103156,2010,Bom Jesus do Sul,3824
4103156,2011,Bom Jesus do Sul,3769
4103156,2012,Bom Jesus do Sul,3742
4103156,2013,Bom Jesus do Sul,3824
4103156,2014,Bom Jesus do Sul,3800
4103156,2015,Bom Jesus do Sul,3777
4103156,2016,Bom Jesus do Sul,3755
4103156,2017,Bom Jesus do Sul,3733
4103156,2018,Bom Jesus do Sul,3577
4103156,2019,Bom Jesus do Sul,3541
4103156,2020,Bom Jesus do Sul,3506
4103156,2021,Bom Jesus do Sul,3472
4103156,2022,Bom Jesus do Sul,3668
4103156,2023,Bom Jesus do Sul,3865
4103156,2024,Bom Jesus do Sul,4061
4103156,2025,Bom Jesus do Sul,4072
4103156,2026,Bom Jesus do Sul,4072
4103206,2008,Bom Sucesso,6634
4103206,2009,Bom Sucesso,6676
4103206,2010,Bom Sucesso,6634
4103206,2011,Bom Sucesso,6591
4103206,2012,Bom Sucesso,6620
4103206,2013,Bom Sucesso,6866
4103206,2014,Bom Sucesso,6906
4103206,2015,Bom Sucesso,6944
4103206,2016,Bom Sucesso,6982
4103206,2017,Bom Sucesso,7019
4103206,2018,Bom Sucesso,6995
4103206,2019,Bom Sucesso,7032
4103206,2020,Bom Sucesso,7068
4103206,2021,Bom Sucesso,7103
4103206,2022,Bom Sucesso,6961
4103206,2023,Bom Sucesso,6819
4103206,2024,Bom Sucesso,6677
4103206,2025,Bom Sucesso,6674
4103206,2026,Bom Sucesso,6674
4103222,2008,Bom Sucesso do Sul,3107
4103222,2009,Bom Sucesso do Sul,3075
4103222,2010,Bom Sucesso do Sul,3180
4103222,2011,Bom Sucesso do Sul,3286
4103222,2012,Bom Sucesso do Sul,3279
4103222,2013,Bom Sucesso do Sul,3372
4103222,2014,Bom Sucesso do Sul,3368
4103222,2015,Bom Sucesso do Sul,3365
4103222,2016,Bom Sucesso do Sul,3361
4103222,2017,Bom Sucesso do Sul,3358
4103222,2018,Bom Sucesso do Sul,3274
4103222,2019,Bom Sucesso do Sul,3264
4103222,2020,Bom Sucesso do Sul,3254
4103222,2021,Bom Sucesso do Sul,3244
4103222,2022,Bom Sucesso do Sul,3241
4103222,2023,Bom Sucesso do Sul,3237
4103222,2024,Bom Sucesso do Sul,3234
4103222,2025,Bom Sucesso do Sul,3244
4103222,2026,Bom Sucesso do Sul,3244
4103305,2008,Borrazópolis,8355
4103305,2009,Borrazópolis,8235
4103305,2010,Borrazópolis,7996
4103305,2011,Borrazópolis,7758
4103305,2012,Borrazópolis,7641
4103305,2013,Borrazópolis,7724
4103305,2014,Borrazópolis,7608
4103305,2015,Borrazópolis,7497
4103305,2016,Borrazópolis,7387
4103305,2017,Borrazópolis,7280
4103305,2018,Borrazópolis,6749
4103305,2019,Borrazópolis,6592
4103305,2020,Borrazópolis,6439
4103305,2021,Borrazópolis,6290
4103305,2022,Borrazópolis,6801
4103305,2023,Borrazópolis,7313
4103305,2024,Borrazópolis,7824
4103305,2025,Borrazópolis,7818
4103305,2026,Borrazópolis,7818
4103354,2008,Braganey,6213
4103354,2009,Braganey,6209
4103354,2010,Braganey,5954
4103354,2011,Braganey,5700
4103354,2012,Braganey,5667
4103354,2013,Braganey,5799
4103354,2014,Braganey,5770
4103354,2015,Braganey,5742
4103354,2016,Braganey,5714
4103354,2017,Braganey,5687
4103354,2018,Braganey,5473
4103354,2019,Braganey,5427
4103354,2020,Braganey,5382
4103354,2021,Braganey,5338
4103354,2022,Braganey,5159
4103354,2023,Braganey,4981
4103354,2024,Braganey,4802
4103354,2025,Braganey,4745
4103354,2026,Braganey,4745
4103370,2008,Brasilândia do Sul,3321
4103370,2009,Brasilândia do Sul,3260
4103370,2010,Brasilândia do Sul,3208
4103370,2011,Brasilândia do Sul,3157
4103370,2012,Brasilândia do Sul,3107
4103370,2013,Brasilândia do Sul,3136
4103370,2014,Brasilândia do Sul,3086
4103370,2015,Brasilândia do Sul,3037
4103370,2016,Brasilândia do Sul,2990
4103370,2017,Brasilândia do Sul,2943
4103370,2018,Brasilândia do Sul,2719
4103370,2019,Brasilândia do Sul,2651
4103370,2020,Brasilândia do Sul,2585
4103370,2021,Brasilândia do Sul,2521
4103370,2022,Brasilândia do Sul,2957
4103370,2023,Brasilândia do Sul,3392
4103370,2024,Brasilândia do Sul,3828
4103370,2025,Brasilândia do Sul,3861
4103370,2026,Brasilândia do Sul,3861
4103404,2008,Cafeara,2821
4103404,2009,Cafeara,2853
4103404,2010,Cafeara,2782
4103404,2011,Cafeara,2712
4103404,2012,Cafeara,2727
4103404,2013,Cafeara,2833
4103404,2014,Cafeara,2853
4103404,2015,Cafeara,2873
4103404,2016,Cafeara,2892
4103404,2017,Cafeara,2911
4103404,2018,Cafeara,2914
4103404,2019,Cafeara,2934
4103404,2020,Cafeara,2954
4103404,2021,Cafeara,2973
4103404,2022,Cafeara,2867
4103404,2023,Cafeara,2761
4103404,2024,Cafeara,2655
4103404,2025,Cafeara,2648
4103404,2026,Cafeara,2648
4103453,2008,Cafelândia,13776
4103453,2009,Cafelândia,14034
4103453,2010,Cafelândia,14484
4103453,2011,Cafelândia,14933
4103453,2012,Cafelândia,15194
4103453,2013,Cafelândia,16020
4103453,2014,Cafelândia,16321
4103453,2015,Cafelândia,16611
4103453,2016,Cafelândia,16896
4103453,2017,Cafelândia,17175
4103453,2018,Cafelândia,17775
4103453,2019,Cafelândia,18120
4103453,2020,Cafelândia,18456
4103453,2021,Cafelândia,18783
4103453,2022,Cafelândia,19137
4103453,2023,Cafelândia,19490
4103453,2024,Cafelândia,19844
4103453,2025,Cafelândia,20145
4103453,2026,Cafelândia,20145
4103479,2008,Cafezal do Sul,4348
4103479,2009,Cafezal do Sul,4313
4103479,2010,Cafezal do Sul,4288
4103479,2011,Cafezal do Sul,4263
4103479,2012,Cafezal do Sul,4236
4103479,2013,Cafezal do Sul,4334
4103479,2014,Cafezal do Sul,4310
4103479,2015,Cafezal do Sul,4288
4103479,2016,Cafezal do Sul,4266
4103479,2017,Cafezal do Sul,4245
4103479,2018,Cafezal do Sul,4080
4103479,2019,Cafezal do Sul,4044
4103479,2020,Cafezal do Sul,4009
4103479,2021,Cafezal do Sul,3975
4103479,2022,Cafezal do Sul,4170
4103479,2023,Cafezal do Sul,4366
4103479,2024,Cafezal do Sul,4561
4103479,2025,Cafezal do Sul,4580
4103479,2026,Cafezal do Sul,4580
4103503,2008,Califórnia,7765
4103503,2009,Califórnia,7767
4103503,2010,Califórnia,7934
4103503,2011,Califórnia,8100
4103503,2012,Califórnia,8129
4103503,2013,Califórnia,8423
4103503,2014,Califórnia,8464
4103503,2015,Califórnia,8505
4103503,2016,Califórnia,8545
4103503,2017,Califórnia,8583
4103503,2018,Califórnia,8533
4103503,2019,Califórnia,8570
4103503,2020,Califórnia,8606
4103503,2021,Califórnia,8641
4103503,2022,Califórnia,8734
4103503,2023,Califórnia,8828
4103503,2024,Califórnia,8921
4103503,2025,Califórnia,8963
4103503,2026,Califórnia,8963
4103602,2008,Cambará,24902
4103602,2009,Cambará,25102
4103602,2010,Cambará,24538
4103602,2011,Cambará,23974
4103602,2012,Cambará,24060
4103602,2013,Cambará,24928
4103602,2014,Cambará,25051
4103602,2015,Cambará,25170
4103602,2016,Cambará,25287
4103602,2017,Cambará,25401
4103602,2018,Cambará,25252
4103602,2019,Cambará,25360
4103602,2020,Cambará,25466
4103602,2021,Cambará,25569
4103602,2022,Cambará,24856
4103602,2023,Cambará,24143
4103602,2024,Cambará,23430
4103602,2025,Cambará,23393
4103602,2026,Cambará,23393
4103800,2008,Cambira,7106
4103800,2009,Cambira,7142
4103800,2010,Cambira,7210
4103800,2011,Cambira,7279
4103800,2012,Cambira,7319
4103800,2013,Cambira,7603
4103800,2014,Cambira,7657
4103800,2015,Cambira,7708
4103800,2016,Cambira,7759
4103800,2017,Cambira,7808
4103800,2018,Cambira,7813
4103800,2019,Cambira,7865
4103800,2020,Cambira,7917
4103800,2021,Cambira,7967
4103800,2022,Cambira,8611
4103800,2023,Cambira,9255
4103800,2024,Cambira,9899
4103800,2025,Cambira,10045
4103800,2026,Cambira,10045
4103701,2008,Cambé,96555
4103701,2009,Cambé,97329
4103701,2010,Cambé,97360
4103701,2011,Cambé,97390
4103701,2012,Cambé,98024
4103701,2013,Cambé,102222
4103701,2014,Cambé,103036
4103701,2015,Cambé,103822
4103701,2016,Cambé,104592
4103701,2017,Cambé,105347
4103701,2018,Cambé,105704
4103701,2019,Cambé,106533
4103701,2020,Cambé,107341
4103701,2021,Cambé,108126
4103701,2022,Cambé,109087
4103701,2023,Cambé,110048
4103701,2024,Cambé,111009
4103701,2025,Cambé,110923
4103701,2026,Cambé,110923
4104006,2008,Campina Grande do Sul,36644
4104006,2009,Campina Grande do Sul,36825
4104006,2010,Campina Grande do Sul,37958
4104006,2011,Campina Grande do Sul,39092
4104006,2012,Campina Grande do Sul,39404
4104006,2013,Campina Grande do Sul,41060
4104006,2014,Campina Grande do Sul,41447
4104006,2015,Campina Grande do Sul,41821
4104006,2016,Campina Grande do Sul,42187
4104006,2017,Campina Grande do Sul,42547
4104006,2018,Campina Grande do Sul,42880
4104006,2019,Campina Grande do Sul,43288
4104006,2020,Campina Grande do Sul,43685
4104006,2021,Campina Grande do Sul,44072
4104006,2022,Campina Grande do Sul,46038
4104006,2023,Campina Grande do Sul,48005
4104006,2024,Campina Grande do Sul,49971
4104006,2025,Campina Grande do Sul,50600
4104006,2026,Campina Grande do Sul,50600
4103909,2008,Campina da Lagoa,16329
4103909,2009,Campina da Lagoa,16243
4103909,2010,Campina da Lagoa,15756
4103909,2011,Campina da Lagoa,15270
4103909,2012,Campina da Lagoa,15149
4103909,2013,Campina da Lagoa,15463
4103909,2014,Campina da Lagoa,15353
4103909,2015,Campina da Lagoa,15247
4103909,2016,Campina da Lagoa,15144
4103909,2017,Campina da Lagoa,15042
4103909,2018,Campina da Lagoa,14366
4103909,2019,Campina da Lagoa,14202
4103909,2020,Campina da Lagoa,14043
4103909,2021,Campina da Lagoa,13888
4103909,2022,Campina da Lagoa,14585
4103909,2023,Campina da Lagoa,15282
4103909,2024,Campina da Lagoa,15979
4103909,2025,Campina da Lagoa,16014
4103909,2026,Campina da Lagoa,16014
4103958,2008,Campina do Simão,4284
4103958,2009,Campina do Simão,4272
4103958,2010,Campina do Simão,4163
4103958,2011,Campina do Simão,4054
4103958,2012,Campina do Simão,4033
4103958,2013,Campina do Simão,4130
4103958,2014,Campina do Simão,4113
4103958,2015,Campina do Simão,4096
4103958,2016,Campina do Simão,4079
4103958,2017,Campina do Simão,4062
4103958,2018,Campina do Simão,3917
4103958,2019,Campina do Simão,3887
4103958,2020,Campina do Simão,3859
4103958,2021,Campina do Simão,3831
4103958,2022,Campina do Simão,3878
4103958,2023,Campina do Simão,3926
4103958,2024,Campina do Simão,3973
4103958,2025,Campina do Simão,3954
4103958,2026,Campina do Simão,3954
4104055,2008,Campo Bonito,4458
4104055,2009,Campo Bonito,4385
4104055,2010,Campo Bonito,4368
4104055,2011,Campo Bonito,4352
4104055,2012,Campo Bonito,4299
4104055,2013,Campo Bonito,4361
4104055,2014,Campo Bonito,4309
4104055,2015,Campo Bonito,4259
4104055,2016,Campo Bonito,4210
4104055,2017,Campo Bonito,4162
4104055,2018,Campo Bonito,3905
4104055,2019,Campo Bonito,3833
4104055,2020,Campo Bonito,3763
4104055,2021,Campo Bonito,3694
4104055,2022,Campo Bonito,3807
4104055,2023,Campo Bonito,3919
4104055,2024,Campo Bonito,4032
4104055,2025,Campo Bonito,3997
4104055,2026,Campo Bonito,3997
4104204,2008,Campo Largo,110796
4104204,2009,Campo Largo,112548
4104204,2010,Campo Largo,113215
4104204,2011,Campo Largo,113882
4104204,2012,Campo Largo,115336
4104204,2013,Campo Largo,120730
4104204,2014,Campo Largo,122443
4104204,2015,Campo Largo,124098
4104204,2016,Campo Largo,125719
4104204,2017,Campo Largo,127309
4104204,2018,Campo Largo,130091
4104204,2019,Campo Largo,132002
4104204,2020,Campo Largo,133865
4104204,2021,Campo Largo,135678
4104204,2022,Campo Largo,138017
4104204,2023,Campo Largo,140356
4104204,2024,Campo Largo,142695
4104204,2025,Campo Largo,144504
4104204,2026,Campo Largo,144504
4104253,2008,Campo Magro,23328
4104253,2009,Campo Magro,23607
4104253,2010,Campo Magro,24396
4104253,2011,Campo Magro,25184
4104253,2012,Campo Magro,25513
4104253,2013,Campo Magro,26755
4104253,2014,Campo Magro,27143
4104253,2015,Campo Magro,27517
4104253,2016,Campo Magro,27884
4104253,2017,Campo Magro,28244
4104253,2018,Campo Magro,28885
4104253,2019,Campo Magro,29318
4104253,2020,Campo Magro,29740
4104253,2021,Campo Magro,30151
4104253,2022,Campo Magro,30619
4104253,2023,Campo Magro,31087
4104253,2024,Campo Magro,31555
4104253,2025,Campo Magro,31888
4104253,2026,Campo Magro,31888
4104303,2008,Campo Mourão,85460
4104303,2009,Campo Mourão,85896
4104303,2010,Campo Mourão,86803
4104303,2011,Campo Mourão,87710
4104303,2012,Campo Mourão,88209
4104303,2013,Campo Mourão,91648
4104303,2014,Campo Mourão,92300
4104303,2015,Campo Mourão,92930
4104303,2016,Campo Mourão,93547
4104303,2017,Campo Mourão,94153
4104303,2018,Campo Mourão,94212
4104303,2019,Campo Mourão,94859
4104303,2020,Campo Mourão,95488
4104303,2021,Campo Mourão,96102
4104303,2022,Campo Mourão,98515
4104303,2023,Campo Mourão,100927
4104303,2024,Campo Mourão,103340
4104303,2025,Campo Mourão,104122
4104303,2026,Campo Mourão,104122
4104105,2008,Campo do Tenente,6685
4104105,2009,Campo do Tenente,6715
4104105,2010,Campo do Tenente,6950
4104105,2011,Campo do Tenente,7186
4104105,2012,Campo do Tenente,7245
4104105,2013,Campo do Tenente,7550
4104105,2014,Campo do Tenente,7623
4104105,2015,Campo do Tenente,7693
4104105,2016,Campo do Tenente,7762
4104105,2017,Campo do Tenente,7829
4104105,2018,Campo do Tenente,7894
4104105,2019,Campo do Tenente,7971
4104105,2020,Campo do Tenente,8045
4104105,2021,Campo do Tenente,8118
4104105,2022,Campo do Tenente,7967
4104105,2023,Campo do Tenente,7817
4104105,2024,Campo do Tenente,7666
4104105,2025,Campo do Tenente,7693
4104105,2026,Campo do Tenente,7693
4104428,2008,Candói,16090
4104428,2009,Candói,16271
4104428,2010,Candói,15658
4104428,2011,Candói,15045
4104428,2012,Candói,15104
4104428,2013,Candói,15657
4104428,2014,Candói,15741
4104428,2015,Candói,15822
4104428,2016,Candói,15901
4104428,2017,Candói,15978
4104428,2018,Candói,15903
4104428,2019,Candói,15979
4104428,2020,Candói,16053
4104428,2021,Candói,16126
4104428,2022,Candói,15809
4104428,2023,Candói,15491
4104428,2024,Candói,15174
4104428,2025,Candói,15174
4104428,2026,Candói,15174
4104451,2008,Cantagalo,12750
4104451,2009,Cantagalo,12733
4104451,2010,Cantagalo,12848
4104451,2011,Cantagalo,12963
4104451,2012,Cantagalo,12974
4104451,2013,Cantagalo,13396
4104451,2014,Cantagalo,13424
4104451,2015,Cantagalo,13452
4104451,2016,Cantagalo,13478
4104451,2017,Cantagalo,13505
4104451,2018,Cantagalo,13306
4104451,2019,Cantagalo,13317
4104451,2020,Cantagalo,13329
4104451,2021,Cantagalo,13340
4104451,2022,Cantagalo,12493
4104451,2023,Cantagalo,11646
4104451,2024,Cantagalo,10799
4104451,2025,Cantagalo,10672
4104451,2026,Cantagalo,10672
4104501,2008,Capanema,18655
4104501,2009,Capanema,18681
4104501,2010,Capanema,18615
4104501,2011,Capanema,18549
4104501,2012,Capanema,18570
4104501,2013,Capanema,19182
4104501,2014,Capanema,19229
4104501,2015,Capanema,19275
4104501,2016,Capanema,19320
4104501,2017,Capanema,19364
4104501,2018,Capanema,19099
4104501,2019,Capanema,19124
4104501,2020,Capanema,19148
4104501,2021,Capanema,19172
4104501,2022,Capanema,19789
4104501,2023,Capanema,20405
4104501,2024,Capanema,21022
4104501,2025,Capanema,21088
4104501,2026,Capanema,21088
4104600,2008,Capitão Leônidas Marques,13929
4104600,2009,Capitão Leônidas Marques,13870
4104600,2010,Capitão Leônidas Marques,14443
4104600,2011,Capitão Leônidas Marques,15016
4104600,2012,Capitão Leônidas Marques,15060
4104600,2013,Capitão Leônidas Marques,15592
4104600,2014,Capitão Leônidas Marques,15659
4104600,2015,Capitão Leônidas Marques,15724
4104600,2016,Capitão Leônidas Marques,15788
4104600,2017,Capitão Leônidas Marques,15850
4104600,2018,Capitão Leônidas Marques,15724
4104600,2019,Capitão Leônidas Marques,15780
4104600,2020,Capitão Leônidas Marques,15834
4104600,2021,Capitão Leônidas Marques,15887
4104600,2022,Capitão Leônidas Marques,15523
4104600,2023,Capitão Leônidas Marques,15160
4104600,2024,Capitão Leônidas Marques,14796
4104600,2025,Capitão Leônidas Marques,14776
4104600,2026,Capitão Leônidas Marques,14776
4104659,2008,Carambeí,17301
4104659,2009,Carambeí,17537
4104659,2010,Carambeí,18516
4104659,2011,Carambeí,19494
4104659,2012,Carambeí,19813
4104659,2013,Carambeí,20863
4104659,2014,Carambeí,21233
4104659,2015,Carambeí,21590
4104659,2016,Carambeí,21939
4104659,2017,Carambeí,22282
4104659,2018,Carambeí,22993
4104659,2019,Carambeí,23415
4104659,2020,Carambeí,23825
4104659,2021,Carambeí,24225
4104659,2022,Carambeí,24203
4104659,2023,Carambeí,24181
4104659,2024,Carambeí,24159
4104659,2025,Carambeí,24469
4104659,2026,Carambeí,24469
4104709,2008,Carlópolis,13566
4104709,2009,Carlópolis,13581
4104709,2010,Carlópolis,13659
4104709,2011,Carlópolis,13737
4104709,2012,Carlópolis,13767
4104709,2013,Carlópolis,14239
4104709,2014,Carlópolis,14289
4104709,2015,Carlópolis,14337
4104709,2016,Carlópolis,14384
4104709,2017,Carlópolis,14431
4104709,2018,Carlópolis,14283
4104709,2019,Carlópolis,14320
4104709,2020,Carlópolis,14356
4104709,2021,Carlópolis,14391
4104709,2022,Carlópolis,15450
4104709,2023,Carlópolis,16508
4104709,2024,Carlópolis,17567
4104709,2025,Carlópolis,17788
4104709,2026,Carlópolis,17788
4104808,2008,Cascavel,291747
4104808,2009,Cascavel,296254
4104808,2010,Cascavel,292797
4104808,2011,Cascavel,289340
4104808,2012,Cascavel,292372
4104808,2013,Cascavel,305615
4104808,2014,Cascavel,309259
4104808,2015,Cascavel,312778
4104808,2016,Cascavel,316226
4104808,2017,Cascavel,319608
4104808,2018,Cascavel,324476
4104808,2019,Cascavel,328454
4104808,2020,Cascavel,332333
4104808,2021,Cascavel,336073
4104808,2022,Cascavel,345417
4104808,2023,Cascavel,354760
4104808,2024,Cascavel,364104
4104808,2025,Cascavel,368195
4104808,2026,Cascavel,368195
4104907,2008,Castro,67708
4104907,2009,Castro,68071
4104907,2010,Castro,67712
4104907,2011,Castro,67353
4104907,2012,Castro,67613
4104907,2013,Castro,70086
4104907,2014,Castro,70454
4104907,2015,Castro,70810
4104907,2016,Castro,71159
4104907,2017,Castro,71501
4104907,2018,Castro,71151
4104907,2019,Castro,71484
4104907,2020,Castro,71809
4104907,2021,Castro,72125
4104907,2022,Castro,73180
4104907,2023,Castro,74236
4104907,2024,Castro,75291
4104907,2025,Castro,75644
4104907,2026,Castro,75644
4105003,2008,Catanduvas,9751
4105003,2009,Catanduvas,9673
4105003,2010,Catanduvas,9930
4105003,2011,Catanduvas,10186
4105003,2012,Catanduvas,10169
4105003,2013,Catanduvas,10467
4105003,2014,Catanduvas,10463
4105003,2015,Catanduvas,10459
4105003,2016,Catanduvas,10455
4105003,2017,Catanduvas,10451
4105003,2018,Catanduvas,10213
4105003,2019,Catanduvas,10189
4105003,2020,Catanduvas,10167
4105003,2021,Catanduvas,10144
4105003,2022,Catanduvas,10305
4105003,2023,Catanduvas,10466
4105003,2024,Catanduvas,10627
4105003,2025,Catanduvas,10621
4105003,2026,Catanduvas,10621
4105102,2008,Centenário do Sul,11515
4105102,2009,Centenário do Sul,11474
4105102,2010,Centenário do Sul,11308
4105102,2011,Centenário do Sul,11142
4105102,2012,Centenário do Sul,11096
4105102,2013,Centenário do Sul,11382
4105102,2014,Centenário do Sul,11346
4105102,2015,Centenário do Sul,11312
4105102,2016,Centenário do Sul,11279
4105102,2017,Centenário do Sul,11246
4105102,2018,Centenário do Sul,10891
4105102,2019,Centenário do Sul,10827
4105102,2020,Centenário do Sul,10764
4105102,2021,Centenário do Sul,10704
4105102,2022,Centenário do Sul,10781
4105102,2023,Centenário do Sul,10859
4105102,2024,Centenário do Sul,10936
4105102,2025,Centenário do Sul,10903
4105102,2026,Centenário do Sul,10903
4105201,2008,Cerro Azul,18460
4105201,2009,Cerro Azul,18660
4105201,2010,Cerro Azul,17822
4105201,2011,Cerro Azul,16983
4105201,2012,Cerro Azul,17027
4105201,2013,Cerro Azul,17619
4105201,2014,Cerro Azul,17689
4105201,2015,Cerro Azul,17755
4105201,2016,Cerro Azul,17821
4105201,2017,Cerro Azul,17885
4105201,2018,Cerro Azul,17725
4105201,2019,Cerro Azul,17779
4105201,2020,Cerro Azul,17833
4105201,2021,Cerro Azul,17884
4105201,2022,Cerro Azul,17336
4105201,2023,Cerro Azul,16788
4105201,2024,Cerro Azul,16240
4105201,2025,Cerro Azul,16287
4105201,2026,Cerro Azul,16287
4105409,2008,Chopinzinho,19628
4105409,2009,Chopinzinho,19517
4105409,2010,Chopinzinho,19565
4105409,2011,Chopinzinho,19613
4105409,2012,Chopinzinho,19549
4105409,2013,Chopinzinho,20077
4105409,2014,Chopinzinho,20034
4105409,2015,Chopinzinho,19992
4105409,2016,Chopinzinho,19951
4105409,2017,Chopinzinho,19911
4105409,2018,Chopinzinho,19343
4105409,2019,Chopinzinho,19254
4105409,2020,Chopinzinho,19167
4105409,2021,Chopinzinho,19083
4105409,2022,Chopinzinho,19908
4105409,2023,Chopinzinho,20734
4105409,2024,Chopinzinho,21559
4105409,2025,Chopinzinho,21604
4105409,2026,Chopinzinho,21604
4105508,2008,Cianorte,67637
4105508,2009,Cianorte,68629
4105508,2010,Cianorte,69776
4105508,2011,Cianorte,70922
4105508,2012,Cianorte,71855
4105508,2013,Cianorte,75360
4105508,2014,Cianorte,76456
4105508,2015,Cianorte,77515
4105508,2016,Cianorte,78553
4105508,2017,Cianorte,79571
4105508,2018,Cianorte,81393
4105508,2019,Cianorte,82620
4105508,2020,Cianorte,83816
4105508,2021,Cianorte,84980
4105508,2022,Cianorte,84106
4105508,2023,Cianorte,83233
4105508,2024,Cianorte,82359
4105508,2025,Cianorte,82988
4105508,2026,Cianorte,82988
4105607,2008,Cidade Gaúcha,10944
4105607,2009,Cidade Gaúcha,11079
4105607,2010,Cidade Gaúcha,11130
4105607,2011,Cidade Gaúcha,11180
4105607,2012,Cidade Gaúcha,11294
4105607,2013,Cidade Gaúcha,11800
4105607,2014,Cidade Gaúcha,11937
4105607,2015,Cidade Gaúcha,12069
4105607,2016,Cidade Gaúcha,12199
4105607,2017,Cidade Gaúcha,12326
4105607,2018,Cidade Gaúcha,12503
4105607,2019,Cidade Gaúcha,12652
4105607,2020,Cidade Gaúcha,12797
4105607,2021,Cidade Gaúcha,12939
4105607,2022,Cidade Gaúcha,12521
4105607,2023,Cidade Gaúcha,12102
4105607,2024,Cidade Gaúcha,11684
4105607,2025,Cidade Gaúcha,11705
4105607,2026,Cidade Gaúcha,11705
4105706,2008,Clevelândia,18041
4105706,2009,Clevelândia,17995
4105706,2010,Clevelândia,17576
4105706,2011,Clevelândia,17156
4105706,2012,Clevelândia,17075
4105706,2013,Clevelândia,17501
4105706,2014,Clevelândia,17436
4105706,2015,Clevelândia,17373
4105706,2016,Clevelândia,17311
4105706,2017,Clevelândia,17250
4105706,2018,Clevelândia,16671
4105706,2019,Clevelândia,16559
4105706,2020,Clevelândia,16450
4105706,2021,Clevelândia,16344
4105706,2022,Clevelândia,15888
4105706,2023,Clevelândia,15431
4105706,2024,Clevelândia,14975
4105706,2025,Clevelândia,14833
4105706,2026,Clevelândia,14833
4105805,2008,Colombo,241505
4105805,2009,Colombo,247268
4105805,2010,Colombo,231255
4105805,2011,Colombo,215242
4105805,2012,Colombo,217443
4105805,2013,Colombo,227220
4105805,2014,Colombo,229872
4105805,2015,Colombo,232432
4105805,2016,Colombo,234941
4105805,2017,Colombo,237402
4105805,2018,Colombo,240840
4105805,2019,Colombo,243726
4105805,2020,Colombo,246540
4105805,2021,Colombo,249277
4105805,2022,Colombo,246425
4105805,2023,Colombo,243572
4105805,2024,Colombo,240720
4105805,2025,Colombo,241672
4105805,2026,Colombo,241672
4105904,2008,Colorado,21729
4105904,2009,Colorado,21789
4105904,2010,Colorado,22120
4105904,2011,Colorado,22452
4105904,2012,Colorado,22555
4105904,2013,Colorado,23402
4105904,2014,Colorado,23542
4105904,2015,Colorado,23678
4105904,2016,Colorado,23811
4105904,2017,Colorado,23941
4105904,2018,Colorado,23879
4105904,2019,Colorado,24012
4105904,2020,Colorado,24145
4105904,2021,Colorado,24271
4105904,2022,Colorado,23940
4105904,2023,Colorado,23609
4105904,2024,Colorado,23278
4105904,2025,Colorado,23313
4105904,2026,Colorado,23313
4106001,2008,Congonhinhas,8931
4106001,2009,Congonhinhas,9035
4106001,2010,Congonhinhas,8674
4106001,2011,Congonhinhas,8312
4106001,2012,Congonhinhas,8344
4106001,2013,Congonhinhas,8648
4106001,2014,Congonhinhas,8693
4106001,2015,Congonhinhas,8736
4106001,2016,Congonhinhas,8779
4106001,2017,Congonhinhas,8821
4106001,2018,Congonhinhas,8777
4106001,2019,Congonhinhas,8818
4106001,2020,Congonhinhas,8857
4106001,2021,Congonhinhas,8896
4106001,2022,Congonhinhas,8745
4106001,2023,Congonhinhas,8593
4106001,2024,Congonhinhas,8442
4106001,2025,Congonhinhas,8445
4106001,2026,Congonhinhas,8445
4106100,2008,Conselheiro Mairinck,3681
4106100,2009,Conselheiro Mairinck,3700
4106100,2010,Conselheiro Mairinck,3675
4106100,2011,Conselheiro Mairinck,3650
4106100,2012,Conselheiro Mairinck,3663
4106100,2013,Conselheiro Mairinck,3794
4106100,2014,Conselheiro Mairinck,3813
4106100,2015,Conselheiro Mairinck,3831
4106100,2016,Conselheiro Mairinck,3849
4106100,2017,Conselheiro Mairinck,3866
4106100,2018,Conselheiro Mairinck,3843
4106100,2019,Conselheiro Mairinck,3860
4106100,2020,Conselheiro Mairinck,3876
4106100,2021,Conselheiro Mairinck,3891
4106100,2022,Conselheiro Mairinck,3756
4106100,2023,Conselheiro Mairinck,3621
4106100,2024,Conselheiro Mairinck,3486
4106100,2025,Conselheiro Mairinck,3474
4106100,2026,Conselheiro Mairinck,3474
4106209,2008,Contenda,15509
4106209,2009,Contenda,15728
4106209,2010,Contenda,15912
4106209,2011,Contenda,16095
4106209,2012,Contenda,16292
4106209,2013,Contenda,17067
4106209,2014,Contenda,17300
4106209,2015,Contenda,17525
4106209,2016,Contenda,17745
4106209,2017,Contenda,17961
4106209,2018,Contenda,18326
4106209,2019,Contenda,18584
4106209,2020,Contenda,18837
4106209,2021,Contenda,19082
4106209,2022,Contenda,19330
4106209,2023,Contenda,19579
4106209,2024,Contenda,19827
4106209,2025,Contenda,20006
4106209,2026,Contenda,20006
4106308,2008,Corbélia,15858
4106308,2009,Corbélia,15850
4106308,2010,Corbélia,16101
4106308,2011,Corbélia,16352
4106308,2012,Corbélia,16389
4106308,2013,Corbélia,16954
4106308,2014,Corbélia,17016
4106308,2015,Corbélia,17076
4106308,2016,Corbélia,17135
4106308,2017,Corbélia,17193
4106308,2018,Corbélia,17024
4106308,2019,Corbélia,17071
4106308,2020,Corbélia,17117
4106308,2021,Corbélia,17162
4106308,2022,Corbélia,17395
4106308,2023,Corbélia,17629
4106308,2024,Corbélia,17862
4106308,2025,Corbélia,17933
4106308,2026,Corbélia,17933
4106407,2008,Cornélio Procópio,48427
4106407,2009,Cornélio Procópio,48544
4106407,2010,Cornélio Procópio,47739
4106407,2011,Cornélio Procópio,46934
4106407,2012,Cornélio Procópio,46939
4106407,2013,Cornélio Procópio,48420
4106407,2014,Cornélio Procópio,48487
4106407,2015,Cornélio Procópio,48551
4106407,2016,Cornélio Procópio,48615
4106407,2017,Cornélio Procópio,48677
4106407,2018,Cornélio Procópio,47847
4106407,2019,Cornélio Procópio,47845
4106407,2020,Cornélio Procópio,47842
4106407,2021,Cornélio Procópio,47840
4106407,2022,Cornélio Procópio,47170
4106407,2023,Cornélio Procópio,46500
4106407,2024,Cornélio Procópio,45830
4106407,2025,Cornélio Procópio,45720
4106407,2026,Cornélio Procópio,45720
4106456,2008,Coronel Domingos Soares,7790
4106456,2009,Coronel Domingos Soares,7864
4106456,2010,Coronel Domingos Soares,7560
4106456,2011,Coronel Domingos Soares,7256
4106456,2012,Coronel Domingos Soares,7274
4106456,2013,Coronel Domingos Soares,7525
4106456,2014,Coronel Domingos Soares,7553
4106456,2015,Coronel Domingos Soares,7580
4106456,2016,Coronel Domingos Soares,7607
4106456,2017,Coronel Domingos Soares,7547
4106456,2018,Coronel Domingos Soares,7475
4106456,2019,Coronel Domingos Soares,7497
4106456,2020,Coronel Domingos Soares,7518
4106456,2021,Coronel Domingos Soares,7538
4106456,2022,Coronel Domingos Soares,6864
4106456,2023,Coronel Domingos Soares,6190
4106456,2024,Coronel Domingos Soares,5516
4106456,2025,Coronel Domingos Soares,5427
4106456,2026,Coronel Domingos Soares,5427
4106506,2008,Coronel Vivida,21985
4106506,2009,Coronel Vivida,21830
4106506,2010,Coronel Vivida,21730
4106506,2011,Coronel Vivida,21630
4106506,2012,Coronel Vivida,21514
4106506,2013,Coronel Vivida,22035
4106506,2014,Coronel Vivida,21939
4106506,2015,Coronel Vivida,21846
4106506,2016,Coronel Vivida,21755
4106506,2017,Coronel Vivida,21666
4106506,2018,Coronel Vivida,20892
4106506,2019,Coronel Vivida,20734
4106506,2020,Coronel Vivida,20580
4106506,2021,Coronel Vivida,20430
4106506,2022,Coronel Vivida,21573
4106506,2023,Coronel Vivida,22716
4106506,2024,Coronel Vivida,23859
4106506,2025,Coronel Vivida,24010
4106506,2026,Coronel Vivida,24010
4106555,2008,Corumbataí do Sul,4291
4106555,2009,Corumbataí do Sul,4220
4106555,2010,Corumbataí do Sul,4075
4106555,2011,Corumbataí do Sul,3930
4106555,2012,Corumbataí do Sul,3860
4106555,2013,Corumbataí do Sul,3887
4106555,2014,Corumbataí do Sul,3817
4106555,2015,Corumbataí do Sul,3749
4106555,2016,Corumbataí do Sul,3682
4106555,2017,Corumbataí do Sul,3617
4106555,2018,Corumbataí do Sul,3313
4106555,2019,Corumbataí do Sul,3219
4106555,2020,Corumbataí do Sul,3127
4106555,2021,Corumbataí do Sul,3038
4106555,2022,Corumbataí do Sul,3285
4106555,2023,Corumbataí do Sul,3533
4106555,2024,Corumbataí do Sul,3780
4106555,2025,Corumbataí do Sul,3770
4106555,2026,Corumbataí do Sul,3770
4106803,2008,Cruz Machado,19011
4106803,2009,Cruz Machado,19132
4106803,2010,Cruz Machado,18600
4106803,2011,Cruz Machado,18069
4106803,2012,Cruz Machado,18097
4106803,2013,Cruz Machado,18702
4106803,2014,Cruz Machado,18755
4106803,2015,Cruz Machado,18807
4106803,2016,Cruz Machado,18858
4106803,2017,Cruz Machado,18907
4106803,2018,Cruz Machado,18675
4106803,2019,Cruz Machado,18708
4106803,2020,Cruz Machado,18741
4106803,2021,Cruz Machado,18772
4106803,2022,Cruz Machado,17818
4106803,2023,Cruz Machado,16864
4106803,2024,Cruz Machado,15910
4106803,2025,Cruz Machado,15759
4106803,2026,Cruz Machado,15759
4106571,2008,Cruzeiro do Iguaçu,4244
4106571,2009,Cruzeiro do Iguaçu,4225
4106571,2010,Cruzeiro do Iguaçu,4248
4106571,2011,Cruzeiro do Iguaçu,4270
4106571,2012,Cruzeiro do Iguaçu,4261
4106571,2013,Cruzeiro do Iguaçu,4383
4106571,2014,Cruzeiro do Iguaçu,4380
4106571,2015,Cruzeiro do Iguaçu,4376
4106571,2016,Cruzeiro do Iguaçu,4373
4106571,2017,Cruzeiro do Iguaçu,4369
4106571,2018,Cruzeiro do Iguaçu,4264
4106571,2019,Cruzeiro do Iguaçu,4252
4106571,2020,Cruzeiro do Iguaçu,4240
4106571,2021,Cruzeiro do Iguaçu,4229
4106571,2022,Cruzeiro do Iguaçu,4210
4106571,2023,Cruzeiro do Iguaçu,4190
4106571,2024,Cruzeiro do Iguaçu,4171
4106571,2025,Cruzeiro do Iguaçu,4129
4106571,2026,Cruzeiro do Iguaçu,4129
4106605,2008,Cruzeiro do Oeste,20814
4106605,2009,Cruzeiro do Oeste,20856
4106605,2010,Cruzeiro do Oeste,20644
4106605,2011,Cruzeiro do Oeste,20431
4106605,2012,Cruzeiro do Oeste,20446
4106605,2013,Cruzeiro do Oeste,21107
4106605,2014,Cruzeiro do Oeste,21149
4106605,2015,Cruzeiro do Oeste,21190
4106605,2016,Cruzeiro do Oeste,21197
4106605,2017,Cruzeiro do Oeste,21237
4106605,2018,Cruzeiro do Oeste,20917
4106605,2019,Cruzeiro do Oeste,20932
4106605,2020,Cruzeiro do Oeste,20947
4106605,2021,Cruzeiro do Oeste,20962
4106605,2022,Cruzeiro do Oeste,22182
4106605,2023,Cruzeiro do Oeste,23402
4106605,2024,Cruzeiro do Oeste,24622
4106605,2025,Cruzeiro do Oeste,24859
4106605,2026,Cruzeiro do Oeste,24859
4106704,2008,Cruzeiro do Sul,4595
4106704,2009,Cruzeiro do Sul,4574
4106704,2010,Cruzeiro do Sul,4561
4106704,2011,Cruzeiro do Sul,4548
4106704,2012,Cruzeiro do Sul,4534
4106704,2013,Cruzeiro do Sul,4656
4106704,2014,Cruzeiro do Sul,4646
4106704,2015,Cruzeiro do Sul,4637
4106704,2016,Cruzeiro do Sul,4628
4106704,2017,Cruzeiro do Sul,4619
4106704,2018,Cruzeiro do Sul,4489
4106704,2019,Cruzeiro do Sul,4469
4106704,2020,Cruzeiro do Sul,4449
4106704,2021,Cruzeiro do Sul,4430
4106704,2022,Cruzeiro do Sul,4469
4106704,2023,Cruzeiro do Sul,4508
4106704,2024,Cruzeiro do Sul,4547
4106704,2025,Cruzeiro do Sul,4543
4106704,2026,Cruzeiro do Sul,4543
4106852,2008,Cruzmaltina,3161
4106852,2009,Cruzmaltina,3128
4106852,2010,Cruzmaltina,3134
4106852,2011,Cruzmaltina,3140
4106852,2012,Cruzmaltina,3118
4106852,2013,Cruzmaltina,3185
4106852,2014,Cruzmaltina,3166
4106852,2015,Cruzmaltina,3147
4106852,2016,Cruzmaltina,3128
4106852,2017,Cruzmaltina,3110
4106852,2018,Cruzmaltina,2980
4106852,2019,Cruzmaltina,2950
4106852,2020,Cruzmaltina,2921
4106852,2021,Cruzmaltina,2892
4106852,2022,Cruzmaltina,2893
4106852,2023,Cruzmaltina,2895
4106852,2024,Cruzmaltina,2896
4106852,2025,Cruzmaltina,2870
4106852,2026,Cruzmaltina,2870
4106902,2008,Curitiba,1828095
4106902,2009,Curitiba,1851215
4106902,2010,Curitiba,1807878
4106902,2011,Curitiba,1764541
4106902,2012,Curitiba,1776761
4106902,2013,Curitiba,1848946
4106902,2014,Curitiba,1864416
4106902,2015,Curitiba,1879355
4106902,2016,Curitiba,1893997
4106902,2017,Curitiba,1908359
4106902,2018,Curitiba,1917185
4106902,2019,Curitiba,1933105
4106902,2020,Curitiba,1948626
4106902,2021,Curitiba,1963726
4106902,2022,Curitiba,1918892
4106902,2023,Curitiba,1874059
4106902,2024,Curitiba,1829225
4106902,2025,Curitiba,1830795
4106902,2026,Curitiba,1830795
4107009,2008,Curiúva,15013
4107009,2009,Curiúva,15217
4107009,2010,Curiúva,14610
4107009,2011,Curiúva,14002
4107009,2012,Curiúva,14077
4107009,2013,Curiúva,14620
4107009,2014,Curiúva,14720
4107009,2015,Curiúva,14817
4107009,2016,Curiúva,14911
4107009,2017,Curiúva,15004
4107009,2018,Curiúva,15003
4107009,2019,Curiúva,15101
4107009,2020,Curiúva,15196
4107009,2021,Curiúva,15289
4107009,2022,Curiúva,14793
4107009,2023,Curiúva,14298
4107009,2024,Curiúva,13802
4107009,2025,Curiúva,13784
4107009,2026,Curiúva,13784
4104402,2008,Cândido de Abreu,18179
4104402,2009,Cândido de Abreu,18100
4104402,2010,Cândido de Abreu,17296
4104402,2011,Cândido de Abreu,16491
4104402,2012,Cândido de Abreu,16332
4104402,2013,Cândido de Abreu,16633
4104402,2014,Cândido de Abreu,16484
4104402,2015,Cândido de Abreu,16339
4104402,2016,Cândido de Abreu,16198
4104402,2017,Cândido de Abreu,16059
4104402,2018,Cândido de Abreu,15233
4104402,2019,Cândido de Abreu,15018
4104402,2020,Cândido de Abreu,14809
4104402,2021,Cândido de Abreu,14606
4104402,2022,Cândido de Abreu,14822
4104402,2023,Cândido de Abreu,15039
4104402,2024,Cândido de Abreu,15255
4104402,2025,Cândido de Abreu,15081
4104402,2026,Cândido de Abreu,15081
4105300,2008,Céu Azul,11332
4105300,2009,Céu Azul,11413
4105300,2010,Céu Azul,11246
4105300,2011,Céu Azul,11078
4105300,2012,Céu Azul,11121
4105300,2013,Céu Azul,11528
4105300,2014,Céu Azul,11589
4105300,2015,Céu Azul,11649
4105300,2016,Céu Azul,11707
4105300,2017,Céu Azul,11764
4105300,2018,Céu Azul,11709
4105300,2019,Céu Azul,11765
4105300,2020,Céu Azul,11819
4105300,2021,Céu Azul,11872
4105300,2022,Céu Azul,11665
4105300,2023,Céu Azul,11458
4105300,2024,Céu Azul,11251
4105300,2025,Céu Azul,11255
4105300,2026,Céu Azul,11255
4107157,2008,Diamante D'Oeste,5110
4107157,2009,Diamante D'Oeste,5129
4107157,2010,Diamante D'Oeste,5084
4107157,2011,Diamante D'Oeste,5039
4107157,2012,Diamante D'Oeste,5050
4107157,2013,Diamante D'Oeste,5223
4107157,2014,Diamante D'Oeste,5242
4107157,2015,Diamante D'Oeste,5259
4107157,2016,Diamante D'Oeste,5277
4107157,2017,Diamante D'Oeste,5294
4107157,2018,Diamante D'Oeste,5239
4107157,2019,Diamante D'Oeste,5253
4107157,2020,Diamante D'Oeste,5266
4107157,2021,Diamante D'Oeste,5279
4107157,2022,Diamante D'Oeste,5038
4107157,2023,Diamante D'Oeste,4798
4107157,2024,Diamante D'Oeste,4557
4107157,2025,Diamante D'Oeste,4513
4107157,2026,Diamante D'Oeste,4513
4107108,2008,Diamante do Norte,5713
4107108,2009,Diamante do Norte,5668
4107108,2010,Diamante do Norte,5570
4107108,2011,Diamante do Norte,5472
4107108,2012,Diamante do Norte,5428
4107108,2013,Diamante do Norte,5540
4107108,2014,Diamante do Norte,5501
4107108,2015,Diamante do Norte,5463
4107108,2016,Diamante do Norte,5425
4107108,2017,Diamante do Norte,5389
4107108,2018,Diamante do Norte,5146
4107108,2019,Diamante do Norte,5087
4107108,2020,Diamante do Norte,5030
4107108,2021,Diamante do Norte,4975
4107108,2022,Diamante do Norte,5038
4107108,2023,Diamante do Norte,5101
4107108,2024,Diamante do Norte,5164
4107108,2025,Diamante do Norte,5139
4107108,2026,Diamante do Norte,5139
4107124,2008,Diamante do Sul,3782
4107124,2009,Diamante do Sul,3791
4107124,2010,Diamante do Sul,3645
4107124,2011,Diamante do Sul,3499
4107124,2012,Diamante do Sul,3488
4107124,2013,Diamante do Sul,3583
4107124,2014,Diamante do Sul,3575
4107124,2015,Diamante do Sul,3568
4107124,2016,Diamante do Sul,3562
4107124,2017,Diamante do Sul,3555
4107124,2018,Diamante do Sul,3454
4107124,2019,Diamante do Sul,3439
4107124,2020,Diamante do Sul,3424
4107124,2021,Diamante do Sul,3409
4107124,2022,Diamante do Sul,3329
4107124,2023,Diamante do Sul,3250
4107124,2024,Diamante do Sul,3170
4107124,2025,Diamante do Sul,3147
4107124,2026,Diamante do Sul,3147
4107207,2008,Dois Vizinhos,35389
4107207,2009,Dois Vizinhos,35707
4107207,2010,Dois Vizinhos,36104
4107207,2011,Dois Vizinhos,36501
4107207,2012,Dois Vizinhos,36813
4107207,2013,Dois Vizinhos,38385
4107207,2014,Dois Vizinhos,38768
4107207,2015,Dois Vizinhos,39138
4107207,2016,Dois Vizinhos,39500
4107207,2017,Dois Vizinhos,39856
4107207,2018,Dois Vizinhos,40234
4107207,2019,Dois Vizinhos,40641
4107207,2020,Dois Vizinhos,41038
4107207,2021,Dois Vizinhos,41424
4107207,2022,Dois Vizinhos,43287
4107207,2023,Dois Vizinhos,45151
4107207,2024,Dois Vizinhos,47014
4107207,2025,Dois Vizinhos,47589
4107207,2026,Dois Vizinhos,47589
4107256,2008,Douradina,6794
4107256,2009,Douradina,6853
4107256,2010,Douradina,7198
4107256,2011,Douradina,7544
4107256,2012,Douradina,7640
4107256,2013,Douradina,8007
4107256,2014,Douradina,8120
4107256,2015,Douradina,8228
4107256,2016,Douradina,8335
4107256,2017,Douradina,8439
4107256,2018,Douradina,8621
4107256,2019,Douradina,8747
4107256,2020,Douradina,8869
4107256,2021,Douradina,8988
4107256,2022,Douradina,9167
4107256,2023,Douradina,9346
4107256,2024,Douradina,9525
4107256,2025,Douradina,9631
4107256,2026,Douradina,9631
4107306,2008,Doutor Camargo,5760
4107306,2009,Doutor Camargo,5753
4107306,2010,Doutor Camargo,5792
4107306,2011,Doutor Camargo,5832
4107306,2012,Doutor Camargo,5836
4107306,2013,Doutor Camargo,6024
4107306,2014,Doutor Camargo,6036
4107306,2015,Doutor Camargo,6047
4107306,2016,Doutor Camargo,6058
4107306,2017,Doutor Camargo,6069
4107306,2018,Doutor Camargo,5976
4107306,2019,Doutor Camargo,5979
4107306,2020,Doutor Camargo,5983
4107306,2021,Doutor Camargo,5987
4107306,2022,Doutor Camargo,6153
4107306,2023,Doutor Camargo,6318
4107306,2024,Doutor Camargo,6484
4107306,2025,Doutor Camargo,6517
4107306,2026,Doutor Camargo,6517
4128633,2008,Doutor Ulysses,6137
4128633,2009,Doutor Ulysses,6145
4128633,2010,Doutor Ulysses,5926
4128633,2011,Doutor Ulysses,5706
4128633,2012,Doutor Ulysses,5686
4128633,2013,Doutor Ulysses,5837
4128633,2014,Doutor Ulysses,5822
4128633,2015,Doutor Ulysses,5808
4128633,2016,Doutor Ulysses,5794
4128633,2017,Doutor Ulysses,5781
4128633,2018,Doutor Ulysses,5609
4128633,2019,Doutor Ulysses,5580
4128633,2020,Doutor Ulysses,5552
4128633,2021,Doutor Ulysses,5525
4128633,2022,Doutor Ulysses,5608
4128633,2023,Doutor Ulysses,5690
4128633,2024,Doutor Ulysses,5773
4128633,2025,Doutor Ulysses,5744
4128633,2026,Doutor Ulysses,5744
4107504,2008,Engenheiro Beltrão,14273
4107504,2009,Engenheiro Beltrão,14280
4107504,2010,Engenheiro Beltrão,14086
4107504,2011,Engenheiro Beltrão,13893
4107504,2012,Engenheiro Beltrão,13880
4107504,2013,Engenheiro Beltrão,14298
4107504,2014,Engenheiro Beltrão,14303
4107504,2015,Engenheiro Beltrão,14307
4107504,2016,Engenheiro Beltrão,14311
4107504,2017,Engenheiro Beltrão,14314
4107504,2018,Engenheiro Beltrão,14020
4107504,2019,Engenheiro Beltrão,14000
4107504,2020,Engenheiro Beltrão,13981
4107504,2021,Engenheiro Beltrão,13962
4107504,2022,Engenheiro Beltrão,13452
4107504,2023,Engenheiro Beltrão,12941
4107504,2024,Engenheiro Beltrão,12431
4107504,2025,Engenheiro Beltrão,12347
4107504,2026,Engenheiro Beltrão,12347
4107538,2008,Entre Rios do Oeste,4043
4107538,2009,Entre Rios do Oeste,4113
4107538,2010,Entre Rios do Oeste,4042
4107538,2011,Entre Rios do Oeste,3972
4107538,2012,Entre Rios do Oeste,4017
4107538,2013,Entre Rios do Oeste,4202
4107538,2014,Entre Rios do Oeste,4255
4107538,2015,Entre Rios do Oeste,4306
4107538,2016,Entre Rios do Oeste,4357
4107538,2017,Entre Rios do Oeste,4406
4107538,2018,Entre Rios do Oeste,4481
4107538,2019,Entre Rios do Oeste,4539
4107538,2020,Entre Rios do Oeste,4596
4107538,2021,Entre Rios do Oeste,4651
4107538,2022,Entre Rios do Oeste,4677
4107538,2023,Entre Rios do Oeste,4703
4107538,2024,Entre Rios do Oeste,4729
4107538,2025,Entre Rios do Oeste,4770
4107538,2026,Entre Rios do Oeste,4770
4107405,2008,Enéas Marques,6100
4107405,2009,Enéas Marques,6066
4107405,2010,Enéas Marques,6074
4107405,2011,Enéas Marques,6082
4107405,2012,Enéas Marques,6061
4107405,2013,Enéas Marques,6223
4107405,2014,Enéas Marques,6209
4107405,2015,Enéas Marques,6195
4107405,2016,Enéas Marques,6182
4107405,2017,Enéas Marques,6168
4107405,2018,Enéas Marques,5990
4107405,2019,Enéas Marques,5961
4107405,2020,Enéas Marques,5933
4107405,2021,Enéas Marques,5906
4107405,2022,Enéas Marques,5961
4107405,2023,Enéas Marques,6015
4107405,2024,Enéas Marques,6070
4107405,2025,Enéas Marques,6146
4107405,2026,Enéas Marques,6146
4107520,2008,Esperança Nova,1882
4107520,2009,Esperança Nova,1836
4107520,2010,Esperança Nova,1890
4107520,2011,Esperança Nova,1945
4107520,2012,Esperança Nova,1919
4107520,2013,Esperança Nova,1946
4107520,2014,Esperança Nova,1922
4107520,2015,Esperança Nova,1898
4107520,2016,Esperança Nova,1875
4107520,2017,Esperança Nova,1852
4107520,2018,Esperança Nova,1732
4107520,2019,Esperança Nova,1698
4107520,2020,Esperança Nova,1665
4107520,2021,Esperança Nova,1633
4107520,2022,Esperança Nova,1708
4107520,2023,Esperança Nova,1783
4107520,2024,Esperança Nova,1858
4107520,2025,Esperança Nova,1852
4107520,2026,Esperança Nova,1852
4107546,2008,Espigão Alto do Iguaçu,5222
4107546,2009,Espigão Alto do Iguaçu,5200
4107546,2010,Espigão Alto do Iguaçu,4912
4107546,2011,Espigão Alto do Iguaçu,4623
4107546,2012,Espigão Alto do Iguaçu,4570
4107546,2013,Espigão Alto do Iguaçu,4642
4107546,2014,Espigão Alto do Iguaçu,4591
4107546,2015,Espigão Alto do Iguaçu,4542
4107546,2016,Espigão Alto do Iguaçu,4494
4107546,2017,Espigão Alto do Iguaçu,4447
4107546,2018,Espigão Alto do Iguaçu,4188
4107546,2019,Espigão Alto do Iguaçu,4117
4107546,2020,Espigão Alto do Iguaçu,4048
4107546,2021,Espigão Alto do Iguaçu,3980
4107546,2022,Espigão Alto do Iguaçu,4280
4107546,2023,Espigão Alto do Iguaçu,4581
4107546,2024,Espigão Alto do Iguaçu,4881
4107546,2025,Espigão Alto do Iguaçu,4880
4107546,2026,Espigão Alto do Iguaçu,4880
4107553,2008,Farol,3413
4107553,2009,Farol,3354
4107553,2010,Farol,3394
4107553,2011,Farol,3435
4107553,2012,Farol,3398
4107553,2013,Farol,3456
4107553,2014,Farol,3422
4107553,2015,Farol,3388
4107553,2016,Farol,3355
4107553,2017,Farol,3323
4107553,2018,Farol,3139
4107553,2019,Farol,3089
4107553,2020,Farol,3041
4107553,2021,Farol,2995
4107553,2022,Farol,3004
4107553,2023,Farol,3014
4107553,2024,Farol,3023
4107553,2025,Farol,2994
4107553,2026,Farol,2994
4107603,2008,Faxinal,16006
4107603,2009,Faxinal,16032
4107603,2010,Faxinal,16200
4107603,2011,Faxinal,16369
4107603,2012,Faxinal,16421
4107603,2013,Faxinal,17006
4107603,2014,Faxinal,17084
4107603,2015,Faxinal,17160
4107603,2016,Faxinal,17233
4107603,2017,Faxinal,17306
4107603,2018,Faxinal,17185
4107603,2019,Faxinal,17251
4107603,2020,Faxinal,17316
4107603,2021,Faxinal,17379
4107603,2022,Faxinal,17125
4107603,2023,Faxinal,16872
4107603,2024,Faxinal,16618
4107603,2025,Faxinal,16596
4107603,2026,Faxinal,16596
4107652,2008,Fazenda Rio Grande,79255
4107652,2009,Fazenda Rio Grande,80868
4107652,2010,Fazenda Rio Grande,81993
4107652,2011,Fazenda Rio Grande,83118
4107652,2012,Fazenda Rio Grande,84514
4107652,2013,Fazenda Rio Grande,89037
4107652,2014,Fazenda Rio Grande,90648
4107652,2015,Fazenda Rio Grande,92204
4107652,2016,Fazenda Rio Grande,93730
4107652,2017,Fazenda Rio Grande,95225
4107652,2018,Fazenda Rio Grande,98368
4107652,2019,Fazenda Rio Grande,100209
4107652,2020,Fazenda Rio Grande,102004
4107652,2021,Fazenda Rio Grande,103750
4107652,2022,Fazenda Rio Grande,123002
4107652,2023,Fazenda Rio Grande,142254
4107652,2024,Fazenda Rio Grande,161506
4107652,2025,Fazenda Rio Grande,165943
4107652,2026,Fazenda Rio Grande,165943
4107736,2008,Fernandes Pinheiro,5763
4107736,2009,Fernandes Pinheiro,5696
4107736,2010,Fernandes Pinheiro,5798
4107736,2011,Fernandes Pinheiro,5899
4107736,2012,Fernandes Pinheiro,5867
4107736,2013,Fernandes Pinheiro,6008
4107736,2014,Fernandes Pinheiro,5981
4107736,2015,Fernandes Pinheiro,5954
4107736,2016,Fernandes Pinheiro,5929
4107736,2017,Fernandes Pinheiro,5904
4107736,2018,Fernandes Pinheiro,5690
4107736,2019,Fernandes Pinheiro,5646
4107736,2020,Fernandes Pinheiro,5602
4107736,2021,Fernandes Pinheiro,5561
4107736,2022,Fernandes Pinheiro,5836
4107736,2023,Fernandes Pinheiro,6112
4107736,2024,Fernandes Pinheiro,6387
4107736,2025,Fernandes Pinheiro,6400
4107736,2026,Fernandes Pinheiro,6400
4107751,2008,Figueira,8544
4107751,2009,Figueira,8485
4107751,2010,Figueira,8360
4107751,2011,Figueira,8236
4107751,2012,Figueira,8181
4107751,2013,Figueira,8364
4107751,2014,Figueira,8315
4107751,2015,Figueira,8268
4107751,2016,Figueira,8222
4107751,2017,Figueira,8177
4107751,2018,Figueira,7845
4107751,2019,Figueira,7770
4107751,2020,Figueira,7696
4107751,2021,Figueira,7625
4107751,2022,Figueira,7798
4107751,2023,Figueira,7971
4107751,2024,Figueira,8144
4107751,2025,Figueira,8129
4107751,2026,Figueira,8129
4107850,2008,Flor da Serra do Sul,4775
4107850,2009,Flor da Serra do Sul,4742
4107850,2010,Flor da Serra do Sul,4726
4107850,2011,Flor da Serra do Sul,4711
4107850,2012,Flor da Serra do Sul,4695
4107850,2013,Flor da Serra do Sul,4822
4107850,2014,Flor da Serra do Sul,4812
4107850,2015,Flor da Serra do Sul,4802
4107850,2016,Flor da Serra do Sul,4792
4107850,2017,Flor da Serra do Sul,4782
4107850,2018,Flor da Serra do Sul,4645
4107850,2019,Flor da Serra do Sul,4624
4107850,2020,Flor da Serra do Sul,4603
4107850,2021,Flor da Serra do Sul,4583
4107850,2022,Flor da Serra do Sul,4511
4107850,2023,Flor da Serra do Sul,4439
4107850,2024,Flor da Serra do Sul,4367
4107850,2025,Flor da Serra do Sul,4342
4107850,2026,Flor da Serra do Sul,4342
4107801,2008,Floraí,5174
4107801,2009,Floraí,5158
4107801,2010,Floraí,5095
4107801,2011,Floraí,5032
4107801,2012,Floraí,5015
4107801,2013,Floraí,5149
4107801,2014,Floraí,5137
4107801,2015,Floraí,5126
4107801,2016,Floraí,5114
4107801,2017,Floraí,5103
4107801,2018,Floraí,4953
4107801,2019,Floraí,4929
4107801,2020,Floraí,4906
4107801,2021,Floraí,4883
4107801,2022,Floraí,4864
4107801,2023,Floraí,4844
4107801,2024,Floraí,4825
4107801,2025,Floraí,4805
4107801,2026,Floraí,4805
4107900,2008,Floresta,5394
4107900,2009,Floresta,5417
4107900,2010,Floresta,5706
4107900,2011,Floresta,5994
4107900,2012,Floresta,6054
4107900,2013,Floresta,6324
4107900,2014,Floresta,6397
4107900,2015,Floresta,6467
4107900,2016,Floresta,6535
4107900,2017,Floresta,6603
4107900,2018,Floresta,6695
4107900,2019,Floresta,6774
4107900,2020,Floresta,6851
4107900,2021,Floresta,6926
4107900,2022,Floresta,8359
4107900,2023,Floresta,9793
4107900,2024,Floresta,11226
4107900,2025,Floresta,11522
4107900,2026,Floresta,11522
4108007,2008,Florestópolis,11841
4108007,2009,Florestópolis,11795
4108007,2010,Florestópolis,11472
4108007,2011,Florestópolis,11148
4108007,2012,Florestópolis,11076
4108007,2013,Florestópolis,11328
4108007,2014,Florestópolis,11265
4108007,2015,Florestópolis,11205
4108007,2016,Florestópolis,11145
4108007,2017,Florestópolis,11087
4108007,2018,Florestópolis,10646
4108007,2019,Florestópolis,10548
4108007,2020,Florestópolis,10453
4108007,2021,Florestópolis,10360
4108007,2022,Florestópolis,10786
4108007,2023,Florestópolis,11213
4108007,2024,Florestópolis,11639
4108007,2025,Florestópolis,11653
4108007,2026,Florestópolis,11653
4108106,2008,Flórida,2528
4108106,2009,Flórida,2535
4108106,2010,Flórida,2544
4108106,2011,Flórida,2552
4108106,2012,Flórida,2560
4108106,2013,Flórida,2650
4108106,2014,Flórida,2662
4108106,2015,Flórida,2674
4108106,2016,Flórida,2685
4108106,2017,Flórida,2697
4108106,2018,Flórida,2679
4108106,2019,Flórida,2689
4108106,2020,Flórida,2699
4108106,2021,Flórida,2709
4108106,2022,Flórida,2707
4108106,2023,Flórida,2706
4108106,2024,Flórida,2704
4108106,2025,Flórida,2711
4108106,2026,Flórida,2711
4108205,2008,Formosa do Oeste,7581
4108205,2009,Formosa do Oeste,7453
4108205,2010,Formosa do Oeste,7450
4108205,2011,Formosa do Oeste,7448
4108205,2012,Formosa do Oeste,7358
4108205,2013,Formosa do Oeste,7468
4108205,2014,Formosa do Oeste,7381
4108205,2015,Formosa do Oeste,7296
4108205,2016,Formosa do Oeste,7214
4108205,2017,Formosa do Oeste,7133
4108205,2018,Formosa do Oeste,6700
4108205,2019,Formosa do Oeste,6578
4108205,2020,Formosa do Oeste,6460
4108205,2021,Formosa do Oeste,6345
4108205,2022,Formosa do Oeste,6815
4108205,2023,Formosa do Oeste,7286
4108205,2024,Formosa do Oeste,7756
4108205,2025,Formosa do Oeste,7763
4108205,2026,Formosa do Oeste,7763
4108304,2008,Foz do Iguaçu,319189
4108304,2009,Foz do Iguaçu,325137
4108304,2010,Foz do Iguaçu,290518
4108304,2011,Foz do Iguaçu,255900
4108304,2012,Foz do Iguaçu,255718
4108304,2013,Foz do Iguaçu,263508
4108304,2014,Foz do Iguaçu,263647
4108304,2015,Foz do Iguaçu,263782
4108304,2016,Foz do Iguaçu,263915
4108304,2017,Foz do Iguaçu,264044
4108304,2018,Foz do Iguaçu,258823
4108304,2019,Foz do Iguaçu,258532
4108304,2020,Foz do Iguaçu,258248
4108304,2021,Foz do Iguaçu,257971
4108304,2022,Foz do Iguaçu,270481
4108304,2023,Foz do Iguaçu,282990
4108304,2024,Foz do Iguaçu,295500
4108304,2025,Foz do Iguaçu,297352
4108304,2026,Foz do Iguaçu,297352
4108452,2008,Foz do Jordão,5932
4108452,2009,Foz do Jordão,5881
4108452,2010,Foz do Jordão,5614
4108452,2011,Foz do Jordão,5347
4108452,2012,Foz do Jordão,5276
4108452,2013,Foz do Jordão,5346
4108452,2014,Foz do Jordão,5277
4108452,2015,Foz do Jordão,5210
4108452,2016,Foz do Jordão,5144
4108452,2017,Foz do Jordão,5079
4108452,2018,Foz do Jordão,4745
4108452,2019,Foz do Jordão,4650
4108452,2020,Foz do Jordão,4556
4108452,2021,Foz do Jordão,4466
4108452,2022,Foz do Jordão,4619
4108452,2023,Foz do Jordão,4772
4108452,2024,Foz do Jordão,4925
4108452,2025,Foz do Jordão,4893
4108452,2026,Foz do Jordão,4893
4108320,2008,Francisco Alves,6447
4108320,2009,Francisco Alves,6389
4108320,2010,Francisco Alves,6383
4108320,2011,Francisco Alves,6377
4108320,2012,Francisco Alves,6337
4108320,2013,Francisco Alves,6483
4108320,2014,Francisco Alves,6448
4108320,2015,Francisco Alves,6415
4108320,2016,Francisco Alves,6382
4108320,2017,Francisco Alves,6350
4108320,2018,Francisco Alves,6101
4108320,2019,Francisco Alves,6046
4108320,2020,Francisco Alves,5993
4108320,2021,Francisco Alves,5942
4108320,2022,Francisco Alves,6783
4108320,2023,Francisco Alves,7623
4108320,2024,Francisco Alves,8464
4108320,2025,Francisco Alves,8573
4108320,2026,Francisco Alves,8573
4108403,2008,Francisco Beltrão,75517
4108403,2009,Francisco Beltrão,76311
4108403,2010,Francisco Beltrão,78080
4108403,2011,Francisco Beltrão,79850
4108403,2012,Francisco Beltrão,80727
4108403,2013,Francisco Beltrão,84437
4108403,2014,Francisco Beltrão,85486
4108403,2015,Francisco Beltrão,86499
4108403,2016,Francisco Beltrão,87491
4108403,2017,Francisco Beltrão,88465
4108403,2018,Francisco Beltrão,89942
4108403,2019,Francisco Beltrão,91093
4108403,2020,Francisco Beltrão,92216
4108403,2021,Francisco Beltrão,93308
4108403,2022,Francisco Beltrão,95973
4108403,2023,Francisco Beltrão,98637
4108403,2024,Francisco Beltrão,101302
4108403,2025,Francisco Beltrão,102312
4108403,2026,Francisco Beltrão,102312
4107702,2008,Fênix,5014
4107702,2009,Fênix,5017
4107702,2010,Fênix,4904
4107702,2011,Fênix,4792
4107702,2012,Fênix,4781
4107702,2013,Fênix,4917
4107702,2014,Fênix,4912
4107702,2015,Fênix,4908
4107702,2016,Fênix,4903
4107702,2017,Fênix,4898
4107702,2018,Fênix,4777
4107702,2019,Fênix,4762
4107702,2020,Fênix,4748
4107702,2021,Fênix,4734
4107702,2022,Fênix,4660
4107702,2023,Fênix,4586
4107702,2024,Fênix,4512
4107702,2025,Fênix,4488
4107702,2026,Fênix,4488
4108502,2008,General Carneiro,15159
4108502,2009,General Carneiro,15275
4108502,2010,General Carneiro,14464
4108502,2011,General Carneiro,13652
4108502,2012,General Carneiro,13635
4108502,2013,General Carneiro,14039
4108502,2014,General Carneiro,14039
4108502,2015,General Carneiro,14039
4108502,2016,General Carneiro,14038
4108502,2017,General Carneiro,14038
4108502,2018,General Carneiro,13735
4108502,2019,General Carneiro,13710
4108502,2020,General Carneiro,13685
4108502,2021,General Carneiro,13661
4108502,2022,General Carneiro,12728
4108502,2023,General Carneiro,11794
4108502,2024,General Carneiro,10861
4108502,2025,General Carneiro,10691
4108502,2026,General Carneiro,10691
4108551,2008,Godoy Moreira,3639
4108551,2009,Godoy Moreira,3616
4108551,2010,Godoy Moreira,3458
4108551,2011,Godoy Moreira,3299
4108551,2012,Godoy Moreira,3262
4108551,2013,Godoy Moreira,3315
4108551,2014,Godoy Moreira,3279
4108551,2015,Godoy Moreira,3245
4108551,2016,Godoy Moreira,3211
4108551,2017,Godoy Moreira,3178
4108551,2018,Godoy Moreira,2996
4108551,2019,Godoy Moreira,2946
4108551,2020,Godoy Moreira,2898
4108551,2021,Godoy Moreira,2850
4108551,2022,Godoy Moreira,2890
4108551,2023,Godoy Moreira,2930
4108551,2024,Godoy Moreira,2970
4108551,2025,Godoy Moreira,2911
4108551,2026,Godoy Moreira,2911
4108601,2008,Goioerê,29732
4108601,2009,Goioerê,29704
4108601,2010,Goioerê,29333
4108601,2011,Goioerê,28962
4108601,2012,Goioerê,28908
4108601,2013,Goioerê,29743
4108601,2014,Goioerê,29722
4108601,2015,Goioerê,29702
4108601,2016,Goioerê,29683
4108601,2017,Goioerê,29664
4108601,2018,Goioerê,28962
4108601,2019,Goioerê,28884
4108601,2020,Goioerê,28808
4108601,2021,Goioerê,28734
4108601,2022,Goioerê,28813
4108601,2023,Goioerê,28891
4108601,2024,Goioerê,28970
4108601,2025,Goioerê,28931
4108601,2026,Goioerê,28931
4108650,2008,Goioxim,8232
4108650,2009,Goioxim,8240
4108650,2010,Goioxim,7850
4108650,2011,Goioxim,7459
4108650,2012,Goioxim,7415
4108650,2013,Goioxim,7590
4108650,2014,Goioxim,7553
4108650,2015,Goioxim,7517
4108650,2016,Goioxim,7482
4108650,2017,Goioxim,7448
4108650,2018,Goioxim,7170
4108650,2019,Goioxim,7111
4108650,2020,Goioxim,7053
4108650,2021,Goioxim,6997
4108650,2022,Goioxim,6842
4108650,2023,Goioxim,6686
4108650,2024,Goioxim,6531
4108650,2025,Goioxim,6469
4108650,2026,Goioxim,6469
4108700,2008,Grandes Rios,7848
4108700,2009,Grandes Rios,7839
4108700,2010,Grandes Rios,7184
4108700,2011,Grandes Rios,6530
4108700,2012,Grandes Rios,6438
4108700,2013,Grandes Rios,6515
4108700,2014,Grandes Rios,6425
4108700,2015,Grandes Rios,6337
4108700,2016,Grandes Rios,6251
4108700,2017,Grandes Rios,6167
4108700,2018,Grandes Rios,5742
4108700,2019,Grandes Rios,5618
4108700,2020,Grandes Rios,5497
4108700,2021,Grandes Rios,5379
4108700,2022,Grandes Rios,5448
4108700,2023,Grandes Rios,5517
4108700,2024,Grandes Rios,5586
4108700,2025,Grandes Rios,5527
4108700,2026,Grandes Rios,5527
4108908,2008,Guairaçá,5875
4108908,2009,Guairaçá,5867
4108908,2010,Guairaçá,6044
4108908,2011,Guairaçá,6220
4108908,2012,Guairaçá,6243
4108908,2013,Guairaçá,6468
4108908,2014,Guairaçá,6500
4108908,2015,Guairaçá,6531
4108908,2016,Guairaçá,6562
4108908,2017,Guairaçá,6591
4108908,2018,Guairaçá,6553
4108908,2019,Guairaçá,6581
4108908,2020,Guairaçá,6609
4108908,2021,Guairaçá,6635
4108908,2022,Guairaçá,6668
4108908,2023,Guairaçá,6700
4108908,2024,Guairaçá,6733
4108908,2025,Guairaçá,6762
4108908,2026,Guairaçá,6762
4108957,2008,Guamiranga,7851
4108957,2009,Guamiranga,7918
4108957,2010,Guamiranga,7938
4108957,2011,Guamiranga,7959
4108957,2012,Guamiranga,8016
4108957,2013,Guamiranga,8343
4108957,2014,Guamiranga,8415
4108957,2015,Guamiranga,8484
4108957,2016,Guamiranga,8552
4108957,2017,Guamiranga,8619
4108957,2018,Guamiranga,8664
4108957,2019,Guamiranga,8739
4108957,2020,Guamiranga,8811
4108957,2021,Guamiranga,8881
4108957,2022,Guamiranga,8574
4108957,2023,Guamiranga,8268
4108957,2024,Guamiranga,7961
4108957,2025,Guamiranga,7916
4108957,2026,Guamiranga,7916
4109005,2008,Guapirama,3688
4109005,2009,Guapirama,3645
4109005,2010,Guapirama,3762
4109005,2011,Guapirama,3878
4109005,2012,Guapirama,3865
4109005,2013,Guapirama,3968
4109005,2014,Guapirama,3959
4109005,2015,Guapirama,3950
4109005,2016,Guapirama,3942
4109005,2017,Guapirama,3934
4109005,2018,Guapirama,3820
4109005,2019,Guapirama,3802
4109005,2020,Guapirama,3784
4109005,2021,Guapirama,3767
4109005,2022,Guapirama,4109
4109005,2023,Guapirama,4450
4109005,2024,Guapirama,4792
4109005,2025,Guapirama,4857
4109005,2026,Guapirama,4857
4109104,2008,Guaporema,2251
4109104,2009,Guaporema,2250
4109104,2010,Guaporema,2238
4109104,2011,Guaporema,2225
4109104,2012,Guaporema,2223
4109104,2013,Guaporema,2289
4109104,2014,Guaporema,2290
4109104,2015,Guaporema,2290
4109104,2016,Guaporema,2291
4109104,2017,Guaporema,2292
4109104,2018,Guaporema,2246
4109104,2019,Guaporema,2243
4109104,2020,Guaporema,2241
4109104,2021,Guaporema,2239
4109104,2022,Guaporema,2232
4109104,2023,Guaporema,2224
4109104,2024,Guaporema,2217
4109104,2025,Guaporema,2210
4109104,2026,Guaporema,2210
4109203,2008,Guaraci,5163
4109203,2009,Guaraci,5183
4109203,2010,Guaraci,5171
4109203,2011,Guaraci,5159
4109203,2012,Guaraci,5181
4109203,2013,Guaraci,5373
4109203,2014,Guaraci,5404
4109203,2015,Guaraci,5434
4109203,2016,Guaraci,5463
4109203,2017,Guaraci,5492
4109203,2018,Guaraci,5473
4109203,2019,Guaraci,5502
4109203,2020,Guaraci,5530
4109203,2021,Guaraci,5557
4109203,2022,Guaraci,5292
4109203,2023,Guaraci,5027
4109203,2024,Guaraci,4762
4109203,2025,Guaraci,4743
4109203,2026,Guaraci,4743
4109302,2008,Guaraniaçu,16271
4109302,2009,Guaraniaçu,16161
4109302,2010,Guaraniaçu,15271
4109302,2011,Guaraniaçu,14381
4109302,2012,Guaraniaçu,14187
4109302,2013,Guaraniaçu,14372
4109302,2014,Guaraniaçu,14181
4109302,2015,Guaraniaçu,13998
4109302,2016,Guaraniaçu,13817
4109302,2017,Guaraniaçu,13641
4109302,2018,Guaraniaçu,12733
4109302,2019,Guaraniaçu,12472
4109302,2020,Guaraniaçu,12217
4109302,2021,Guaraniaçu,11969
4109302,2022,Guaraniaçu,12584
4109302,2023,Guaraniaçu,13199
4109302,2024,Guaraniaçu,13814
4109302,2025,Guaraniaçu,13770
4109302,2026,Guaraniaçu,13770
4109401,2008,Guarapuava,171230
4109401,2009,Guarapuava,172728
4109401,2010,Guarapuava,170538
4109401,2011,Guarapuava,168349
4109401,2012,Guarapuava,169252
4109401,2013,Guarapuava,175779
4109401,2014,Guarapuava,176973
4109401,2015,Guarapuava,178126
4109401,2016,Guarapuava,179256
4109401,2017,Guarapuava,180364
4109401,2018,Guarapuava,180334
4109401,2019,Guarapuava,181504
4109401,2020,Guarapuava,182644
4109401,2021,Guarapuava,183755
4109401,2022,Guarapuava,185407
4109401,2023,Guarapuava,187058
4109401,2024,Guarapuava,188710
4109401,2025,Guarapuava,189630
4109401,2026,Guarapuava,189630
4109500,2008,Guaraqueçaba,7890
4109500,2009,Guaraqueçaba,7843
4109500,2010,Guaraqueçaba,7841
4109500,2011,Guaraqueçaba,7839
4109500,2012,Guaraqueçaba,7809
4109500,2013,Guaraqueçaba,8012
4109500,2014,Guaraqueçaba,7988
4109500,2015,Guaraqueçaba,7966
4109500,2016,Guaraqueçaba,7944
4109500,2017,Guaraqueçaba,7923
4109500,2018,Guaraqueçaba,7679
4109500,2019,Guaraqueçaba,7636
4109500,2020,Guaraqueçaba,7594
4109500,2021,Guaraqueçaba,7554
4109500,2022,Guaraqueçaba,7527
4109500,2023,Guaraqueçaba,7501
4109500,2024,Guaraqueçaba,7474
4109500,2025,Guaraqueçaba,7446
4109500,2026,Guaraqueçaba,7446
4109609,2008,Guaratuba,32315
4109609,2009,Guaratuba,32806
4109609,2010,Guaratuba,32636
4109609,2011,Guaratuba,32467
4109609,2012,Guaratuba,32826
4109609,2013,Guaratuba,34338
4109609,2014,Guaratuba,34767
4109609,2015,Guaratuba,35182
4109609,2016,Guaratuba,35588
4109609,2017,Guaratuba,35986
4109609,2018,Guaratuba,36595
4109609,2019,Guaratuba,37067
4109609,2020,Guaratuba,37527
4109609,2021,Guaratuba,37974
4109609,2022,Guaratuba,40090
4109609,2023,Guaratuba,42207
4109609,2024,Guaratuba,44323
4109609,2025,Guaratuba,44913
4109609,2026,Guaratuba,44913
4108809,2008,Guaíra,29594
4108809,2009,Guaíra,29664
4108809,2010,Guaíra,30262
4108809,2011,Guaíra,30861
4108809,2012,Guaíra,31013
4108809,2013,Guaíra,32190
4108809,2014,Guaíra,32394
4108809,2015,Guaíra,32591
4108809,2016,Guaíra,32784
4108809,2017,Guaíra,32974
4108809,2018,Guaíra,32923
4108809,2019,Guaíra,33119
4108809,2020,Guaíra,33310
4108809,2021,Guaíra,33497
4108809,2022,Guaíra,33320
4108809,2023,Guaíra,33143
4108809,2024,Guaíra,32966
4108809,2025,Guaíra,33058
4108809,2026,Guaíra,33058
4109658,2008,Honório Serpa,6251
4109658,2009,Honório Serpa,6180
4109658,2010,Honório Serpa,6032
4109658,2011,Honório Serpa,5883
4109658,2012,Honório Serpa,5813
4109658,2013,Honório Serpa,5902
4109658,2014,Honório Serpa,5834
4109658,2015,Honório Serpa,5769
4109658,2016,Honório Serpa,5705
4109658,2017,Honório Serpa,5643
4109658,2018,Honório Serpa,5305
4109658,2019,Honório Serpa,5211
4109658,2020,Honório Serpa,5119
4109658,2021,Honório Serpa,5030
4109658,2022,Honório Serpa,4977
4109658,2023,Honório Serpa,4925
4109658,2024,Honório Serpa,4872
4109658,2025,Honório Serpa,4803
4109658,2026,Honório Serpa,4803
4109708,2008,Ibaiti,29185
4109708,2009,Ibaiti,29441
4109708,2010,Ibaiti,29184
4109708,2011,Ibaiti,28928
4109708,2012,Ibaiti,29099
4109708,2013,Ibaiti,30242
4109708,2014,Ibaiti,30464
4109708,2015,Ibaiti,30678
4109708,2016,Ibaiti,30888
4109708,2017,Ibaiti,31095
4109708,2018,Ibaiti,31142
4109708,2019,Ibaiti,31364
4109708,2020,Ibaiti,31644
4109708,2021,Ibaiti,31854
4109708,2022,Ibaiti,31049
4109708,2023,Ibaiti,30245
4109708,2024,Ibaiti,29440
4109708,2025,Ibaiti,29464
4109708,2026,Ibaiti,29464
4109757,2008,Ibema,6124
4109757,2009,Ibema,6144
4109757,2010,Ibema,6112
4109757,2011,Ibema,6081
4109757,2012,Ibema,6096
4109757,2013,Ibema,6306
4109757,2014,Ibema,6329
4109757,2015,Ibema,6352
4109757,2016,Ibema,6374
4109757,2017,Ibema,6396
4109757,2018,Ibema,6334
4109757,2019,Ibema,6352
4109757,2020,Ibema,6370
4109757,2021,Ibema,6387
4109757,2022,Ibema,6367
4109757,2023,Ibema,6347
4109757,2024,Ibema,6327
4109757,2025,Ibema,6343
4109757,2026,Ibema,6343
4109807,2008,Ibiporã,47052
4109807,2009,Ibiporã,47514
4109807,2010,Ibiporã,48088
4109807,2011,Ibiporã,48662
4109807,2012,Ibiporã,49111
4109807,2013,Ibiporã,51255
4109807,2014,Ibiporã,51802
4109807,2015,Ibiporã,52330
4109807,2016,Ibiporã,52848
4109807,2017,Ibiporã,53356
4109807,2018,Ibiporã,53970
4109807,2019,Ibiporã,54558
4109807,2020,Ibiporã,55131
4109807,2021,Ibiporã,55688
4109807,2022,Ibiporã,54810
4109807,2023,Ibiporã,53932
4109807,2024,Ibiporã,53054
4109807,2025,Ibiporã,53276
4109807,2026,Ibiporã,53276
4109906,2008,Icaraíma,9374
4109906,2009,Icaraíma,9296
4109906,2010,Icaraíma,9022
4109906,2011,Icaraíma,8747
4109906,2012,Icaraíma,8657
4109906,2013,Icaraíma,8809
4109906,2014,Icaraíma,8723
4109906,2015,Icaraíma,8641
4109906,2016,Icaraíma,8561
4109906,2017,Icaraíma,8482
4109906,2018,Icaraíma,8025
4109906,2019,Icaraíma,7904
4109906,2020,Icaraíma,7786
4109906,2021,Icaraíma,7671
4109906,2022,Icaraíma,8160
4109906,2023,Icaraíma,8650
4109906,2024,Icaraíma,9139
4109906,2025,Icaraíma,9149
4109906,2026,Icaraíma,9149
4110003,2008,Iguaraçu,3882
4110003,2009,Iguaraçu,3907
4110003,2010,Iguaraçu,3960
4110003,2011,Iguaraçu,4012
4110003,2012,Iguaraçu,4040
4110003,2013,Iguaraçu,4205
4110003,2014,Iguaraçu,4241
4110003,2015,Iguaraçu,4275
4110003,2016,Iguaraçu,4309
4110003,2017,Iguaraçu,4343
4110003,2018,Iguaraçu,4366
4110003,2019,Iguaraçu,4404
4110003,2020,Iguaraçu,4440
4110003,2021,Iguaraçu,4475
4110003,2022,Iguaraçu,4850
4110003,2023,Iguaraçu,5224
4110003,2024,Iguaraçu,5599
4110003,2025,Iguaraçu,5693
4110003,2026,Iguaraçu,5693
4110052,2008,Iguatu,2363
4110052,2009,Iguatu,2372
4110052,2010,Iguatu,2302
4110052,2011,Iguatu,2233
4110052,2012,Iguatu,2231
4110052,2013,Iguatu,2299
4110052,2014,Iguatu,2300
4110052,2015,Iguatu,2302
4110052,2016,Iguatu,2303
4110052,2017,Iguatu,2304
4110052,2018,Iguatu,2258
4110052,2019,Iguatu,2256
4110052,2020,Iguatu,2253
4110052,2021,Iguatu,2251
4110052,2022,Iguatu,2221
4110052,2023,Iguatu,2192
4110052,2024,Iguatu,2162
4110052,2025,Iguatu,2156
4110052,2026,Iguatu,2156
4110078,2008,Imbaú,11811
4110078,2009,Imbaú,12040
4110078,2010,Imbaú,11726
4110078,2011,Imbaú,11413
4110078,2012,Imbaú,11546
4110078,2013,Imbaú,12087
4110078,2014,Imbaú,12246
4110078,2015,Imbaú,12400
4110078,2016,Imbaú,12550
4110078,2017,Imbaú,12697
4110078,2018,Imbaú,12936
4110078,2019,Imbaú,13111
4110078,2020,Imbaú,13282
4110078,2021,Imbaú,13449
4110078,2022,Imbaú,13904
4110078,2023,Imbaú,14360
4110078,2024,Imbaú,14815
4110078,2025,Imbaú,15068
4110078,2026,Imbaú,15068
4110102,2008,Imbituva,28295
4110102,2009,Imbituva,28660
4110102,2010,Imbituva,28710
4110102,2011,Imbituva,28759
4110102,2012,Imbituva,29053
4110102,2013,Imbituva,30359
4110102,2014,Imbituva,30713
4110102,2015,Imbituva,31055
4110102,2016,Imbituva,31391
4110102,2017,Imbituva,31719
4110102,2018,Imbituva,32179
4110102,2019,Imbituva,32564
4110102,2020,Imbituva,32940
4110102,2021,Imbituva,33306
4110102,2022,Imbituva,32456
4110102,2023,Imbituva,31607
4110102,2024,Imbituva,30757
4110102,2025,Imbituva,30849
4110102,2026,Imbituva,30849
4110300,2008,Inajá,2882
4110300,2009,Inajá,2876
4110300,2010,Inajá,2935
4110300,2011,Inajá,2994
4110300,2012,Inajá,3000
4110300,2013,Inajá,3100
4110300,2014,Inajá,3110
4110300,2015,Inajá,3119
4110300,2016,Inajá,3128
4110300,2017,Inajá,3137
4110300,2018,Inajá,3103
4110300,2019,Inajá,3109
4110300,2020,Inajá,3116
4110300,2021,Inajá,3122
4110300,2022,Inajá,2918
4110300,2023,Inajá,2714
4110300,2024,Inajá,2510
4110300,2025,Inajá,2481
4110300,2026,Inajá,2481
4110409,2008,Indianópolis,4257
4110409,2009,Indianópolis,4258
4110409,2010,Indianópolis,4282
4110409,2011,Indianópolis,4306
4110409,2012,Indianópolis,4313
4110409,2013,Indianópolis,4456
4110409,2014,Indianópolis,4469
4110409,2015,Indianópolis,4481
4110409,2016,Indianópolis,4493
4110409,2017,Indianópolis,4504
4110409,2018,Indianópolis,4449
4110409,2019,Indianópolis,4457
4110409,2020,Indianópolis,4465
4110409,2021,Indianópolis,4472
4110409,2022,Indianópolis,4492
4110409,2023,Indianópolis,4511
4110409,2024,Indianópolis,4531
4110409,2025,Indianópolis,4544
4110409,2026,Indianópolis,4544
4110201,2008,Inácio Martins,11397
4110201,2009,Inácio Martins,11431
4110201,2010,Inácio Martins,11186
4110201,2011,Inácio Martins,10942
4110201,2012,Inácio Martins,10940
4110201,2013,Inácio Martins,11282
4110201,2014,Inácio Martins,11294
4110201,2015,Inácio Martins,11307
4110201,2016,Inácio Martins,11319
4110201,2017,Inácio Martins,11331
4110201,2018,Inácio Martins,11129
4110201,2019,Inácio Martins,11125
4110201,2020,Inácio Martins,11121
4110201,2021,Inácio Martins,11117
4110201,2022,Inácio Martins,10622
4110201,2023,Inácio Martins,10128
4110201,2024,Inácio Martins,9633
4110201,2025,Inácio Martins,9555
4110201,2026,Inácio Martins,9555
4110508,2008,Ipiranga,14542
4110508,2009,Ipiranga,14655
4110508,2010,Ipiranga,14435
4110508,2011,Ipiranga,14215
4110508,2012,Ipiranga,14278
4110508,2013,Ipiranga,14809
4110508,2014,Ipiranga,14895
4110508,2015,Ipiranga,14978
4110508,2016,Ipiranga,15059
4110508,2017,Ipiranga,15139
4110508,2018,Ipiranga,15092
4110508,2019,Ipiranga,15172
4110508,2020,Ipiranga,15251
4110508,2021,Ipiranga,15327
4110508,2022,Ipiranga,14997
4110508,2023,Ipiranga,14668
4110508,2024,Ipiranga,14338
4110508,2025,Ipiranga,14317
4110508,2026,Ipiranga,14317
4110607,2008,Iporã,15353
4110607,2009,Iporã,15227
4110607,2010,Iporã,15048
4110607,2011,Iporã,14869
4110607,2012,Iporã,14760
4110607,2013,Iporã,15078
4110607,2014,Iporã,14981
4110607,2015,Iporã,14887
4110607,2016,Iporã,14794
4110607,2017,Iporã,14704
4110607,2018,Iporã,14073
4110607,2019,Iporã,13926
4110607,2020,Iporã,13782
4110607,2021,Iporã,13642
4110607,2022,Iporã,14449
4110607,2023,Iporã,15255
4110607,2024,Iporã,16062
4110607,2025,Iporã,16102
4110607,2026,Iporã,16102
4110656,2008,Iracema do Oeste,2604
4110656,2009,Iracema do Oeste,2567
4110656,2010,Iracema do Oeste,2558
4110656,2011,Iracema do Oeste,2550
4110656,2012,Iracema do Oeste,2522
4110656,2013,Iracema do Oeste,2564
4110656,2014,Iracema do Oeste,2537
4110656,2015,Iracema do Oeste,2512
4110656,2016,Iracema do Oeste,2487
4110656,2017,Iracema do Oeste,2462
4110656,2018,Iracema do Oeste,2325
4110656,2019,Iracema do Oeste,2288
4110656,2020,Iracema do Oeste,2251
4110656,2021,Iracema do Oeste,2216
4110656,2022,Iracema do Oeste,2259
4110656,2023,Iracema do Oeste,2301
4110656,2024,Iracema do Oeste,2344
4110656,2025,Iracema do Oeste,2328
4110656,2026,Iracema do Oeste,2328
4110706,2008,Irati,56143
4110706,2009,Irati,56483
4110706,2010,Irati,56493
4110706,2011,Irati,56503
4110706,2012,Irati,56790
4110706,2013,Irati,58957
4110706,2014,Irati,59339
4110706,2015,Irati,59708
4110706,2016,Irati,60070
4110706,2017,Irati,60425
4110706,2018,Irati,60357
4110706,2019,Irati,60727
4110706,2020,Irati,61088
4110706,2021,Irati,61439
4110706,2022,Irati,61225
4110706,2023,Irati,61010
4110706,2024,Irati,60796
4110706,2025,Irati,61004
4110706,2026,Irati,61004
4110805,2008,Iretama,11503
4110805,2009,Iretama,11510
4110805,2010,Iretama,11039
4110805,2011,Iretama,10568
4110805,2012,Iretama,10515
4110805,2013,Iretama,10773
4110805,2014,Iretama,10730
4110805,2015,Iretama,10689
4110805,2016,Iretama,10648
4110805,2017,Iretama,10608
4110805,2018,Iretama,10241
4110805,2019,Iretama,10169
4110805,2020,Iretama,10098
4110805,2021,Iretama,10029
4110805,2022,Iretama,10300
4110805,2023,Iretama,10572
4110805,2024,Iretama,10843
4110805,2025,Iretama,10832
4110805,2026,Iretama,10832
4110904,2008,Itaguajé,4610
4110904,2009,Itaguajé,4589
4110904,2010,Itaguajé,4571
4110904,2011,Itaguajé,4553
4110904,2012,Itaguajé,4538
4110904,2013,Itaguajé,4659
4110904,2014,Itaguajé,4649
4110904,2015,Itaguajé,4639
4110904,2016,Itaguajé,4629
4110904,2017,Itaguajé,4620
4110904,2018,Itaguajé,4487
4110904,2019,Itaguajé,4466
4110904,2020,Itaguajé,4446
4110904,2021,Itaguajé,4426
4110904,2022,Itaguajé,4461
4110904,2023,Itaguajé,4497
4110904,2024,Itaguajé,4532
4110904,2025,Itaguajé,4530
4110904,2026,Itaguajé,4530
4110953,2008,Itaipulândia,9122
4110953,2009,Itaipulândia,9349
4110953,2010,Itaipulândia,9272
4110953,2011,Itaipulândia,9195
4110953,2012,Itaipulândia,9357
4110953,2013,Itaipulândia,9869
4110953,2014,Itaipulândia,10056
4110953,2015,Itaipulândia,10236
4110953,2016,Itaipulândia,10413
4110953,2017,Itaipulândia,10587
4110953,2018,Itaipulândia,10961
4110953,2019,Itaipulândia,11176
4110953,2020,Itaipulândia,11385
4110953,2021,Itaipulândia,11588
4110953,2022,Itaipulândia,11720
4110953,2023,Itaipulândia,11852
4110953,2024,Itaipulândia,11984
4110953,2025,Itaipulândia,12116
4110953,2026,Itaipulândia,12116
4111001,2008,Itambaracá,7130
4111001,2009,Itambaracá,7128
4111001,2010,Itambaracá,6931
4111001,2011,Itambaracá,6734
4111001,2012,Itambaracá,6710
4111001,2013,Itambaracá,6887
4111001,2014,Itambaracá,6869
4111001,2015,Itambaracá,6852
4111001,2016,Itambaracá,6835
4111001,2017,Itambaracá,6819
4111001,2018,Itambaracá,6616
4111001,2019,Itambaracá,6582
4111001,2020,Itambaracá,6549
4111001,2021,Itambaracá,6516
4111001,2022,Itambaracá,6302
4111001,2023,Itambaracá,6088
4111001,2024,Itambaracá,5874
4111001,2025,Itambaracá,5819
4111001,2026,Itambaracá,5819
4111100,2008,Itambé,6075
4111100,2009,Itambé,6082
4111100,2010,Itambé,6032
4111100,2011,Itambé,5981
4111100,2012,Itambé,5983
4111100,2013,Itambé,6173
4111100,2014,Itambé,6183
4111100,2015,Itambé,6192
4111100,2016,Itambé,6201
4111100,2017,Itambé,6210
4111100,2018,Itambé,6107
4111100,2019,Itambé,6108
4111100,2020,Itambé,6109
4111100,2021,Itambé,6110
4111100,2022,Itambé,6145
4111100,2023,Itambé,6180
4111100,2024,Itambé,6215
4111100,2025,Itambé,6228
4111100,2026,Itambé,6228
4111209,2008,Itapejara d'Oeste,11083
4111209,2009,Itapejara d'Oeste,11270
4111209,2010,Itapejara d'Oeste,10954
4111209,2011,Itapejara d'Oeste,10637
4111209,2012,Itapejara d'Oeste,10738
4111209,2013,Itapejara d'Oeste,11211
4111209,2014,Itapejara d'Oeste,11335
4111209,2015,Itapejara d'Oeste,11454
4111209,2016,Itapejara d'Oeste,11571
4111209,2017,Itapejara d'Oeste,11685
4111209,2018,Itapejara d'Oeste,11831
4111209,2019,Itapejara d'Oeste,11964
4111209,2020,Itapejara d'Oeste,12094
4111209,2021,Itapejara d'Oeste,12220
4111209,2022,Itapejara d'Oeste,12402
4111209,2023,Itapejara d'Oeste,12584
4111209,2024,Itapejara d'Oeste,12766
4111209,2025,Itapejara d'Oeste,12869
4111209,2026,Itapejara d'Oeste,12869
4111258,2008,Itaperuçu,23132
4111258,2009,Itaperuçu,23501
4111258,2010,Itaperuçu,23868
4111258,2011,Itaperuçu,24236
4111258,2012,Itaperuçu,24573
4111258,2013,Itaperuçu,25974
4111258,2014,Itaperuçu,26371
4111258,2015,Itaperuçu,26755
4111258,2016,Itaperuçu,27131
4111258,2017,Itaperuçu,27500
4111258,2018,Itaperuçu,28187
4111258,2019,Itaperuçu,28634
4111258,2020,Itaperuçu,29070
4111258,2021,Itaperuçu,29493
4111258,2022,Itaperuçu,30625
4111258,2023,Itaperuçu,31758
4111258,2024,Itaperuçu,32890
4111258,2025,Itaperuçu,33310
4111258,2026,Itaperuçu,33310
4111308,2008,Itaúna do Sul,3701
4111308,2009,Itaúna do Sul,3621
4111308,2010,Itaúna do Sul,3569
4111308,2011,Itaúna do Sul,3517
4111308,2012,Itaúna do Sul,3453
4111308,2013,Itaúna do Sul,3476
4111308,2014,Itaúna do Sul,3411
4111308,2015,Itaúna do Sul,3349
4111308,2016,Itaúna do Sul,3288
4111308,2017,Itaúna do Sul,3229
4111308,2018,Itaúna do Sul,2951
4111308,2019,Itaúna do Sul,2865
4111308,2020,Itaúna do Sul,2781
4111308,2021,Itaúna do Sul,2700
4111308,2022,Itaúna do Sul,3007
4111308,2023,Itaúna do Sul,3313
4111308,2024,Itaúna do Sul,3620
4111308,2025,Itaúna do Sul,3607
4111308,2026,Itaúna do Sul,3607
4111506,2008,Ivaiporã,32193
4111506,2009,Ivaiporã,32157
4111506,2010,Ivaiporã,31970
4111506,2011,Ivaiporã,31782
4111506,2012,Ivaiporã,31748
4111506,2013,Ivaiporã,32699
4111506,2014,Ivaiporã,32705
4111506,2015,Ivaiporã,32710
4111506,2016,Ivaiporã,32715
4111506,2017,Ivaiporã,32720
4111506,2018,Ivaiporã,32035
4111506,2019,Ivaiporã,31984
4111506,2020,Ivaiporã,31935
4111506,2021,Ivaiporã,31886
4111506,2022,Ivaiporã,32434
4111506,2023,Ivaiporã,32981
4111506,2024,Ivaiporã,33529
4111506,2025,Ivaiporã,33566
4111506,2026,Ivaiporã,33566
4111605,2008,Ivatuba,2789
4111605,2009,Ivatuba,2786
4111605,2010,Ivatuba,2906
4111605,2011,Ivatuba,3027
4111605,2012,Ivatuba,3043
4111605,2013,Ivatuba,3159
4111605,2014,Ivatuba,3180
4111605,2015,Ivatuba,3201
4111605,2016,Ivatuba,3220
4111605,2017,Ivatuba,3240
4111605,2018,Ivatuba,3238
4111605,2019,Ivatuba,3259
4111605,2020,Ivatuba,3279
4111605,2021,Ivatuba,3299
4111605,2022,Ivatuba,3101
4111605,2023,Ivatuba,2903
4111605,2024,Ivatuba,2705
4111605,2025,Ivatuba,2685
4111605,2026,Ivatuba,2685
4111555,2008,Ivaté,8173
4111555,2009,Ivaté,8294
4111555,2010,Ivaté,7927
4111555,2011,Ivaté,7560
4111555,2012,Ivaté,7603
4111555,2013,Ivaté,7901
4111555,2014,Ivaté,7958
4111555,2015,Ivaté,8013
4111555,2016,Ivaté,8067
4111555,2017,Ivaté,8120
4111555,2018,Ivaté,8128
4111555,2019,Ivaté,8185
4111555,2020,Ivaté,8240
4111555,2021,Ivaté,8294
4111555,2022,Ivaté,7807
4111555,2023,Ivaté,7320
4111555,2024,Ivaté,6833
4111555,2025,Ivaté,6788
4111555,2026,Ivaté,6788
4111407,2008,Ivaí,13392
4111407,2009,Ivaí,13533
4111407,2010,Ivaí,13210
4111407,2011,Ivaí,12886
4111407,2012,Ivaí,12954
4111407,2013,Ivaí,13451
4111407,2014,Ivaí,13541
4111407,2015,Ivaí,13628
4111407,2016,Ivaí,13714
4111407,2017,Ivaí,13797
4111407,2018,Ivaí,13791
4111407,2019,Ivaí,13879
4111407,2020,Ivaí,13965
4111407,2021,Ivaí,14049
4111407,2022,Ivaí,13857
4111407,2023,Ivaí,13665
4111407,2024,Ivaí,13473
4111407,2025,Ivaí,13476
4111407,2026,Ivaí,13476
4111704,2008,Jaboti,5245
4111704,2009,Jaboti,5307
4111704,2010,Jaboti,5116
4111704,2011,Jaboti,4926
4111704,2012,Jaboti,4950
4111704,2013,Jaboti,5135
4111704,2014,Jaboti,5166
4111704,2015,Jaboti,5197
4111704,2016,Jaboti,5226
4111704,2017,Jaboti,5255
4111704,2018,Jaboti,5244
4111704,2019,Jaboti,5274
4111704,2020,Jaboti,5303
4111704,2021,Jaboti,5332
4111704,2022,Jaboti,5413
4111704,2023,Jaboti,5495
4111704,2024,Jaboti,5576
4111704,2025,Jaboti,5655
4111704,2026,Jaboti,5655
4111803,2008,Jacarezinho,40526
4111803,2009,Jacarezinho,40582
4111803,2010,Jacarezinho,39832
4111803,2011,Jacarezinho,39083
4111803,2012,Jacarezinho,39045
4111803,2013,Jacarezinho,40221
4111803,2014,Jacarezinho,40232
4111803,2015,Jacarezinho,40243
4111803,2016,Jacarezinho,40253
4111803,2017,Jacarezinho,40263
4111803,2018,Jacarezinho,39435
4111803,2019,Jacarezinho,39378
4111803,2020,Jacarezinho,39322
4111803,2021,Jacarezinho,39268
4111803,2022,Jacarezinho,39979
4111803,2023,Jacarezinho,40689
4111803,2024,Jacarezinho,41400
4111803,2025,Jacarezinho,41493
4111803,2026,Jacarezinho,41493
4111902,2008,Jaguapitã,12286
4111902,2009,Jaguapitã,12414
4111902,2010,Jaguapitã,12370
4111902,2011,Jaguapitã,12325
4111902,2012,Jaguapitã,12421
4111902,2013,Jaguapitã,12939
4111902,2014,Jaguapitã,13059
4111902,2015,Jaguapitã,13174
4111902,2016,Jaguapitã,13287
4111902,2017,Jaguapitã,13398
4111902,2018,Jaguapitã,13494
4111902,2019,Jaguapitã,13620
4111902,2020,Jaguapitã,13742
4111902,2021,Jaguapitã,13861
4111902,2022,Jaguapitã,14480
4111902,2023,Jaguapitã,15100
4111902,2024,Jaguapitã,15719
4111902,2025,Jaguapitã,15908
4111902,2026,Jaguapitã,15908
4112009,2008,Jaguariaíva,33041
4112009,2009,Jaguariaíva,33244
4112009,2010,Jaguariaíva,32996
4112009,2011,Jaguariaíva,32747
4112009,2012,Jaguariaíva,32882
4112009,2013,Jaguariaíva,34096
4112009,2014,Jaguariaíva,34285
4112009,2015,Jaguariaíva,34468
4112009,2016,Jaguariaíva,34647
4112009,2017,Jaguariaíva,34822
4112009,2018,Jaguariaíva,34683
4112009,2019,Jaguariaíva,34857
4112009,2020,Jaguariaíva,35027
4112009,2021,Jaguariaíva,35192
4112009,2022,Jaguariaíva,35538
4112009,2023,Jaguariaíva,35885
4112009,2024,Jaguariaíva,36231
4112009,2025,Jaguariaíva,36384
4112009,2026,Jaguariaíva,36384
4112108,2008,Jandaia do Sul,20131
4112108,2009,Jandaia do Sul,20159
4112108,2010,Jandaia do Sul,20237
4112108,2011,Jandaia do Sul,20315
4112108,2012,Jandaia do Sul,20359
4112108,2013,Jandaia do Sul,21057
4112108,2014,Jandaia do Sul,21131
4112108,2015,Jandaia do Sul,21203
4112108,2016,Jandaia do Sul,21273
4112108,2017,Jandaia do Sul,21341
4112108,2018,Jandaia do Sul,21122
4112108,2019,Jandaia do Sul,21176
4112108,2020,Jandaia do Sul,21230
4112108,2021,Jandaia do Sul,21281
4112108,2022,Jandaia do Sul,21471
4112108,2023,Jandaia do Sul,21661
4112108,2024,Jandaia do Sul,21851
4112108,2025,Jandaia do Sul,21930
4112108,2026,Jandaia do Sul,21930
4112207,2008,Janiópolis,7092
4112207,2009,Janiópolis,6983
4112207,2010,Janiópolis,6698
4112207,2011,Janiópolis,6413
4112207,2012,Janiópolis,6298
4112207,2013,Janiópolis,6341
4112207,2014,Janiópolis,6226
4112207,2015,Janiópolis,6114
4112207,2016,Janiópolis,6005
4112207,2017,Janiópolis,5897
4112207,2018,Janiópolis,5400
4112207,2019,Janiópolis,5245
4112207,2020,Janiópolis,5095
4112207,2021,Janiópolis,4948
4112207,2022,Janiópolis,5244
4112207,2023,Janiópolis,5539
4112207,2024,Janiópolis,5835
4112207,2025,Janiópolis,5807
4112207,2026,Janiópolis,5807
4112306,2008,Japira,4810
4112306,2009,Japira,4797
4112306,2010,Japira,4850
4112306,2011,Japira,4904
4112306,2012,Japira,4904
4112306,2013,Japira,5058
4112306,2014,Japira,5065
4112306,2015,Japira,5071
4112306,2016,Japira,5078
4112306,2017,Japira,5084
4112306,2018,Japira,4995
4112306,2019,Japira,4994
4112306,2020,Japira,4930
4112306,2021,Japira,4929
4112306,2022,Japira,4973
4112306,2023,Japira,5016
4112306,2024,Japira,5060
4112306,2025,Japira,5054
4112306,2026,Japira,5054
4112405,2008,Japurá,8585
4112405,2009,Japurá,8663
4112405,2010,Japurá,8636
4112405,2011,Japurá,8610
4112405,2012,Japurá,8669
4112405,2013,Japurá,9020
4112405,2014,Japurá,9095
4112405,2015,Japurá,9167
4112405,2016,Japurá,9238
4112405,2017,Japurá,9307
4112405,2018,Japurá,9349
4112405,2019,Japurá,9425
4112405,2020,Japurá,9500
4112405,2021,Japurá,9573
4112405,2022,Japurá,9500
4112405,2023,Japurá,9427
4112405,2024,Japurá,9354
4112405,2025,Japurá,9393
4112405,2026,Japurá,9393
4112504,2008,Jardim Alegre,14867
4112504,2009,Jardim Alegre,14976
4112504,2010,Jardim Alegre,13598
4112504,2011,Jardim Alegre,12221
4112504,2012,Jardim Alegre,12121
4112504,2013,Jardim Alegre,12371
4112504,2014,Jardim Alegre,12280
4112504,2015,Jardim Alegre,12191
4112504,2016,Jardim Alegre,12104
4112504,2017,Jardim Alegre,12019
4112504,2018,Jardim Alegre,11465
4112504,2019,Jardim Alegre,11328
4112504,2020,Jardim Alegre,11196
4112504,2021,Jardim Alegre,11067
4112504,2022,Jardim Alegre,11421
4112504,2023,Jardim Alegre,11776
4112504,2024,Jardim Alegre,12130
4112504,2025,Jardim Alegre,12138
4112504,2026,Jardim Alegre,12138
4112603,2008,Jardim Olinda,1498
4112603,2009,Jardim Olinda,1494
4112603,2010,Jardim Olinda,1448
4112603,2011,Jardim Olinda,1401
4112603,2012,Jardim Olinda,1392
4112603,2013,Jardim Olinda,1424
4112603,2014,Jardim Olinda,1416
4112603,2015,Jardim Olinda,1409
4112603,2016,Jardim Olinda,1403
4112603,2017,Jardim Olinda,1396
4112603,2018,Jardim Olinda,1343
4112603,2019,Jardim Olinda,1331
4112603,2020,Jardim Olinda,1320
4112603,2021,Jardim Olinda,1309
4112603,2022,Jardim Olinda,1324
4112603,2023,Jardim Olinda,1338
4112603,2024,Jardim Olinda,1353
4112603,2025,Jardim Olinda,1349
4112603,2026,Jardim Olinda,1349
4112702,2008,Jataizinho,11587
4112702,2009,Jataizinho,11604
4112702,2010,Jataizinho,11761
4112702,2011,Jataizinho,11918
4112702,2012,Jataizinho,11958
4112702,2013,Jataizinho,12387
4112702,2014,Jataizinho,12447
4112702,2015,Jataizinho,12504
4112702,2016,Jataizinho,12560
4112702,2017,Jataizinho,12615
4112702,2018,Jataizinho,12536
4112702,2019,Jataizinho,12588
4112702,2020,Jataizinho,12638
4112702,2021,Jataizinho,12687
4112702,2022,Jataizinho,12448
4112702,2023,Jataizinho,12210
4112702,2024,Jataizinho,11971
4112702,2025,Jataizinho,11996
4112702,2026,Jataizinho,11996
4112751,2008,Jesuítas,8948
4112751,2009,Jesuítas,8849
4112751,2010,Jesuítas,8894
4112751,2011,Jesuítas,8938
4112751,2012,Jesuítas,8876
4112751,2013,Jesuítas,9072
4112751,2014,Jesuítas,9017
4112751,2015,Jesuítas,8964
4112751,2016,Jesuítas,8912
4112751,2017,Jesuítas,8861
4112751,2018,Jesuítas,8495
4112751,2019,Jesuítas,8412
4112751,2020,Jesuítas,8330
4112751,2021,Jesuítas,8251
4112751,2022,Jesuítas,9121
4112751,2023,Jesuítas,9990
4112751,2024,Jesuítas,10860
4112751,2025,Jesuítas,10954
4112751,2026,Jesuítas,10954
4112801,2008,Joaquim Távora,10662
4112801,2009,Joaquim Távora,10755
4112801,2010,Joaquim Távora,10787
4112801,2011,Joaquim Távora,10819
4112801,2012,Joaquim Távora,10899
4112801,2013,Joaquim Távora,11347
4112801,2014,Joaquim Távora,11447
4112801,2015,Joaquim Távora,11544
4112801,2016,Joaquim Távora,11639
4112801,2017,Joaquim Távora,11731
4112801,2018,Joaquim Távora,11803
4112801,2019,Joaquim Távora,11908
4112801,2020,Joaquim Távora,12009
4112801,2021,Joaquim Távora,12108
4112801,2022,Joaquim Távora,12165
4112801,2023,Joaquim Távora,12223
4112801,2024,Joaquim Távora,12280
4112801,2025,Joaquim Távora,12341
4112801,2026,Joaquim Távora,12341
4112900,2008,Jundiaí do Sul,3769
4112900,2009,Jundiaí do Sul,3777
4112900,2010,Jundiaí do Sul,3596
4112900,2011,Jundiaí do Sul,3416
4112900,2012,Jundiaí do Sul,3399
4112900,2013,Jundiaí do Sul,3483
4112900,2014,Jundiaí do Sul,3469
4112900,2015,Jundiaí do Sul,3456
4112900,2016,Jundiaí do Sul,3443
4112900,2017,Jundiaí do Sul,3430
4112900,2018,Jundiaí do Sul,3315
4112900,2019,Jundiaí do Sul,3292
4112900,2020,Jundiaí do Sul,3269
4112900,2021,Jundiaí do Sul,3248
4112900,2022,Jundiaí do Sul,3287
4112900,2023,Jundiaí do Sul,3327
4112900,2024,Jundiaí do Sul,3366
4112900,2025,Jundiaí do Sul,3372
4112900,2026,Jundiaí do Sul,3372
4112959,2008,Juranda,7858
4112959,2009,Juranda,7822
4112959,2010,Juranda,7713
4112959,2011,Juranda,7604
4112959,2012,Juranda,7567
4112959,2013,Juranda,7755
4112959,2014,Juranda,7726
4112959,2015,Juranda,7697
4112959,2016,Juranda,7669
4112959,2017,Juranda,7650
4112959,2018,Juranda,7391
4112959,2019,Juranda,7340
4112959,2020,Juranda,7292
4112959,2021,Juranda,7244
4112959,2022,Juranda,7462
4112959,2023,Juranda,7680
4112959,2024,Juranda,7898
4112959,2025,Juranda,7899
4112959,2026,Juranda,7899
4113007,2008,Jussara,6250
4113007,2009,Jussara,6240
4113007,2010,Jussara,6437
4113007,2011,Jussara,6634
4113007,2012,Jussara,6657
4113007,2013,Jussara,6897
4113007,2014,Jussara,6931
4113007,2015,Jussara,6963
4113007,2016,Jussara,6995
4113007,2017,Jussara,7026
4113007,2018,Jussara,6983
4113007,2019,Jussara,7013
4113007,2020,Jussara,7041
4113007,2021,Jussara,7069
4113007,2022,Jussara,6978
4113007,2023,Jussara,6886
4113007,2024,Jussara,6795
4113007,2025,Jussara,6786
4113007,2026,Jussara,6786
4113106,2008,Kaloré,4752
4113106,2009,Kaloré,4718
4113106,2010,Kaloré,4592
4113106,2011,Kaloré,4465
4113106,2012,Kaloré,4425
4113106,2013,Kaloré,4511
4113106,2014,Kaloré,4473
4113106,2015,Kaloré,4438
4113106,2016,Kaloré,4402
4113106,2017,Kaloré,4368
4113106,2018,Kaloré,4154
4113106,2019,Kaloré,4100
4113106,2020,Kaloré,4047
4113106,2021,Kaloré,3996
4113106,2022,Kaloré,4216
4113106,2023,Kaloré,4437
4113106,2024,Kaloré,4657
4113106,2025,Kaloré,4666
4113106,2026,Kaloré,4666
4113205,2008,Lapa,42906
4113205,2009,Lapa,42933
4113205,2010,Lapa,44035
4113205,2011,Lapa,45137
4113205,2012,Lapa,45334
4113205,2013,Lapa,47023
4113205,2014,Lapa,47294
4113205,2015,Lapa,47557
4113205,2016,Lapa,47814
4113205,2017,Lapa,48067
4113205,2018,Lapa,47909
4113205,2019,Lapa,48163
4113205,2020,Lapa,48410
4113205,2021,Lapa,48651
4113205,2022,Lapa,47720
4113205,2023,Lapa,46788
4113205,2024,Lapa,45857
4113205,2025,Lapa,45878
4113205,2026,Lapa,45878
4113254,2008,Laranjal,6410
4113254,2009,Laranjal,6339
4113254,2010,Laranjal,6324
4113254,2011,Laranjal,6308
4113254,2012,Laranjal,6257
4113254,2013,Laranjal,6384
4113254,2014,Laranjal,6337
4113254,2015,Laranjal,6292
4113254,2016,Laranjal,6248
4113254,2017,Laranjal,6205
4113254,2018,Laranjal,5921
4113254,2019,Laranjal,5852
4113254,2020,Laranjal,5784
4113254,2021,Laranjal,5719
4113254,2022,Laranjal,5671
4113254,2023,Laranjal,5623
4113254,2024,Laranjal,5575
4113254,2025,Laranjal,5525
4113254,2026,Laranjal,5525
4113304,2008,Laranjeiras do Sul,31516
4113304,2009,Laranjeiras do Sul,31641
4113304,2010,Laranjeiras do Sul,31238
4113304,2011,Laranjeiras do Sul,30835
4113304,2012,Laranjeiras do Sul,30891
4113304,2013,Laranjeiras do Sul,31936
4113304,2014,Laranjeiras do Sul,32036
4113304,2015,Laranjeiras do Sul,32133
4113304,2016,Laranjeiras do Sul,32228
4113304,2017,Laranjeiras do Sul,32379
4113304,2018,Laranjeiras do Sul,32006
4113304,2019,Laranjeiras do Sul,32073
4113304,2020,Laranjeiras do Sul,32139
4113304,2021,Laranjeiras do Sul,32167
4113304,2022,Laranjeiras do Sul,32479
4113304,2023,Laranjeiras do Sul,32791
4113304,2024,Laranjeiras do Sul,33103
4113304,2025,Laranjeiras do Sul,33179
4113304,2026,Laranjeiras do Sul,33179
4113403,2008,Leópolis,4331
4113403,2009,Leópolis,4316
4113403,2010,Leópolis,4220
4113403,2011,Leópolis,4123
4113403,2012,Leópolis,4101
4113403,2013,Leópolis,4200
4113403,2014,Leópolis,4182
4113403,2015,Leópolis,4165
4113403,2016,Leópolis,4147
4113403,2017,Leópolis,4131
4113403,2018,Leópolis,3984
4113403,2019,Leópolis,3954
4113403,2020,Leópolis,3925
4113403,2021,Leópolis,3896
4113403,2022,Leópolis,3848
4113403,2023,Leópolis,3799
4113403,2024,Leópolis,3751
4113403,2025,Leópolis,3725
4113403,2026,Leópolis,3725
4113429,2008,Lidianópolis,4151
4113429,2009,Lidianópolis,4083
4113429,2010,Lidianópolis,3997
4113429,2011,Lidianópolis,3911
4113429,2012,Lidianópolis,3851
4113429,2013,Lidianópolis,3891
4113429,2014,Lidianópolis,3831
4113429,2015,Lidianópolis,3774
4113429,2016,Lidianópolis,3717
4113429,2017,Lidianópolis,3662
4113429,2018,Lidianópolis,3391
4113429,2019,Lidianópolis,3310
4113429,2020,Lidianópolis,3231
4113429,2021,Lidianópolis,3155
4113429,2022,Lidianópolis,3433
4113429,2023,Lidianópolis,3711
4113429,2024,Lidianópolis,3989
4113429,2025,Lidianópolis,3987
4113429,2026,Lidianópolis,3987
4113452,2008,Lindoeste,5498
4113452,2009,Lindoeste,5419
4113452,2010,Lindoeste,5357
4113452,2011,Lindoeste,5295
4113452,2012,Lindoeste,5231
4113452,2013,Lindoeste,5309
4113452,2014,Lindoeste,5247
4113452,2015,Lindoeste,5187
4113452,2016,Lindoeste,5129
4113452,2017,Lindoeste,5071
4113452,2018,Lindoeste,4762
4113452,2019,Lindoeste,4676
4113452,2020,Lindoeste,4592
4113452,2021,Lindoeste,4488
4113452,2022,Lindoeste,4734
4113452,2023,Lindoeste,4980
4113452,2024,Lindoeste,5226
4113452,2025,Lindoeste,5217
4113452,2026,Lindoeste,5217
4113502,2008,Loanda,20067
4113502,2009,Loanda,20103
4113502,2010,Loanda,20716
4113502,2011,Loanda,21328
4113502,2012,Loanda,21451
4113502,2013,Loanda,22288
4113502,2014,Loanda,22448
4113502,2015,Loanda,22603
4113502,2016,Loanda,22754
4113502,2017,Loanda,22903
4113502,2018,Loanda,22927
4113502,2019,Loanda,23086
4113502,2020,Loanda,23242
4113502,2021,Loanda,23393
4113502,2022,Loanda,23533
4113502,2023,Loanda,23673
4113502,2024,Loanda,23813
4113502,2025,Loanda,23966
4113502,2026,Loanda,23966
4113601,2008,Lobato,4377
4113601,2009,Lobato,4405
4113601,2010,Lobato,4416
4113601,2011,Lobato,4427
4113601,2012,Lobato,4452
4113601,2013,Lobato,4626
4113601,2014,Lobato,4658
4113601,2015,Lobato,4690
4113601,2016,Lobato,4721
4113601,2017,Lobato,4751
4113601,2018,Lobato,4755
4113601,2019,Lobato,4787
4113601,2020,Lobato,4819
4113601,2021,Lobato,4850
4113601,2022,Lobato,4798
4113601,2023,Lobato,4745
4113601,2024,Lobato,4693
4113601,2025,Lobato,4707
4113601,2026,Lobato,4707
4113700,2008,Londrina,505184
4113700,2009,Londrina,510707
4113700,2010,Londrina,510993
4113700,2011,Londrina,511279
4113700,2012,Londrina,515707
4113700,2013,Londrina,537566
4113700,2014,Londrina,543003
4113700,2015,Londrina,548249
4113700,2016,Londrina,553393
4113700,2017,Londrina,558439
4113700,2018,Londrina,563943
4113700,2019,Londrina,569733
4113700,2020,Londrina,575377
4113700,2021,Londrina,580870
4113700,2022,Londrina,579686
4113700,2023,Londrina,578502
4113700,2024,Londrina,577318
4113700,2025,Londrina,581382
4113700,2026,Londrina,581382
4113734,2008,Luiziana,7380
4113734,2009,Luiziana,7357
4113734,2010,Luiziana,7328
4113734,2011,Luiziana,7298
4113734,2012,Luiziana,7282
4113734,2013,Luiziana,7487
4113734,2014,Luiziana,7479
4113734,2015,Luiziana,7471
4113734,2016,Luiziana,7463
4113734,2017,Luiziana,7455
4113734,2018,Luiziana,7285
4113734,2019,Luiziana,7262
4113734,2020,Luiziana,7240
4113734,2021,Luiziana,7217
4113734,2022,Luiziana,7043
4113734,2023,Luiziana,6870
4113734,2024,Luiziana,6696
4113734,2025,Luiziana,6659
4113734,2026,Luiziana,6659
4113759,2008,Lunardelli,5152
4113759,2009,Lunardelli,5094
4113759,2010,Lunardelli,5108
4113759,2011,Lunardelli,5122
4113759,2012,Lunardelli,5084
4113759,2013,Lunardelli,5193
4113759,2014,Lunardelli,5159
4113759,2015,Lunardelli,5127
4113759,2016,Lunardelli,5095
4113759,2017,Lunardelli,5063
4113759,2018,Lunardelli,4845
4113759,2019,Lunardelli,4794
4113759,2020,Lunardelli,4744
4113759,2021,Lunardelli,4695
4113759,2022,Lunardelli,4764
4113759,2023,Lunardelli,4833
4113759,2024,Lunardelli,4902
4113759,2025,Lunardelli,4864
4113759,2026,Lunardelli,4864
4113809,2008,Lupionópolis,4521
4113809,2009,Lupionópolis,4538
4113809,2010,Lupionópolis,4576
4113809,2011,Lupionópolis,4613
4113809,2012,Lupionópolis,4633
4113809,2013,Lupionópolis,4805
4113809,2014,Lupionópolis,4832
4113809,2015,Lupionópolis,4859
4113809,2016,Lupionópolis,4885
4113809,2017,Lupionópolis,4911
4113809,2018,Lupionópolis,4894
4113809,2019,Lupionópolis,4920
4113809,2020,Lupionópolis,4945
4113809,2021,Lupionópolis,4969
4113809,2022,Lupionópolis,4950
4113809,2023,Lupionópolis,4930
4113809,2024,Lupionópolis,4911
4113809,2025,Lupionópolis,4929
4113809,2026,Lupionópolis,4929
4113908,2008,Mallet,12778
4113908,2009,Mallet,12784
4113908,2010,Mallet,12893
4113908,2011,Mallet,13002
4113908,2012,Mallet,13030
4113908,2013,Mallet,13475
4113908,2014,Mallet,13522
4113908,2015,Mallet,13567
4113908,2016,Mallet,13611
4113908,2017,Mallet,13738
4113908,2018,Mallet,13595
4113908,2019,Mallet,13630
4113908,2020,Mallet,13663
4113908,2021,Mallet,13697
4113908,2022,Mallet,13683
4113908,2023,Mallet,13669
4113908,2024,Mallet,13655
4113908,2025,Mallet,13681
4113908,2026,Mallet,13681
4114005,2008,Mamborê,14421
4114005,2009,Mamborê,14332
4114005,2010,Mamborê,14101
4114005,2011,Mamborê,13870
4114005,2012,Mamborê,13781
4114005,2013,Mamborê,14095
4114005,2014,Mamborê,14017
4114005,2015,Mamborê,13943
4114005,2016,Mamborê,13870
4114005,2017,Mamborê,13798
4114005,2018,Mamborê,13252
4114005,2019,Mamborê,13132
4114005,2020,Mamborê,13014
4114005,2021,Mamborê,12900
4114005,2022,Mamborê,13124
4114005,2023,Mamborê,13348
4114005,2024,Mamborê,13572
4114005,2025,Mamborê,13551
4114005,2026,Mamborê,13551
4114203,2008,Mandaguari,32976
4114203,2009,Mandaguari,33109
4114203,2010,Mandaguari,32932
4114203,2011,Mandaguari,32755
4114203,2012,Mandaguari,32849
4114203,2013,Mandaguari,34006
4114203,2014,Mandaguari,34150
4114203,2015,Mandaguari,34289
4114203,2016,Mandaguari,34425
4114203,2017,Mandaguari,34559
4114203,2018,Mandaguari,34281
4114203,2019,Mandaguari,34400
4114203,2020,Mandaguari,34515
4114203,2021,Mandaguari,34628
4114203,2022,Mandaguari,35769
4114203,2023,Mandaguari,36909
4114203,2024,Mandaguari,38050
4114203,2025,Mandaguari,38313
4114203,2026,Mandaguari,38313
4114104,2008,Mandaguaçu,19058
4114104,2009,Mandaguaçu,19270
4114104,2010,Mandaguaçu,19639
4114104,2011,Mandaguaçu,20008
4114104,2012,Mandaguaçu,20227
4114104,2013,Mandaguaçu,21156
4114104,2014,Mandaguaçu,21419
4114104,2015,Mandaguaçu,21672
4114104,2016,Mandaguaçu,21920
4114104,2017,Mandaguaçu,22164
4114104,2018,Mandaguaçu,22531
4114104,2019,Mandaguaçu,22819
4114104,2020,Mandaguaçu,23100
4114104,2021,Mandaguaçu,23373
4114104,2022,Mandaguaçu,26833
4114104,2023,Mandaguaçu,30292
4114104,2024,Mandaguaçu,33752
4114104,2025,Mandaguaçu,34521
4114104,2026,Mandaguaçu,34521
4114302,2008,Mandirituba,21498
4114302,2009,Mandirituba,21885
4114302,2010,Mandirituba,22232
4114302,2011,Mandirituba,22580
4114302,2012,Mandirituba,22927
4114302,2013,Mandirituba,24112
4114302,2014,Mandirituba,24516
4114302,2015,Mandirituba,24905
4114302,2016,Mandirituba,25287
4114302,2017,Mandirituba,25662
4114302,2018,Mandirituba,26411
4114302,2019,Mandirituba,26869
4114302,2020,Mandirituba,27315
4114302,2021,Mandirituba,27750
4114302,2022,Mandirituba,28087
4114302,2023,Mandirituba,28424
4114302,2024,Mandirituba,28761
4114302,2025,Mandirituba,29104
4114302,2026,Mandirituba,29104
4114351,2008,Manfrinópolis,3334
4114351,2009,Manfrinópolis,3283
4114351,2010,Manfrinópolis,3180
4114351,2011,Manfrinópolis,3076
4114351,2012,Manfrinópolis,3026
4114351,2013,Manfrinópolis,3053
4114351,2014,Manfrinópolis,3003
4114351,2015,Manfrinópolis,2954
4114351,2016,Manfrinópolis,2907
4114351,2017,Manfrinópolis,2861
4114351,2018,Manfrinópolis,2639
4114351,2019,Manfrinópolis,2571
4114351,2020,Manfrinópolis,2506
4114351,2021,Manfrinópolis,2442
4114351,2022,Manfrinópolis,2548
4114351,2023,Manfrinópolis,2655
4114351,2024,Manfrinópolis,2761
4114351,2025,Manfrinópolis,2790
4114351,2026,Manfrinópolis,2790
4114401,2008,Mangueirinha,17562
4114401,2009,Mangueirinha,17526
4114401,2010,Mangueirinha,17260
4114401,2011,Mangueirinha,16994
4114401,2012,Mangueirinha,16941
4114401,2013,Mangueirinha,17402
4114401,2014,Mangueirinha,17367
4114401,2015,Mangueirinha,17334
4114401,2016,Mangueirinha,17301
4114401,2017,Mangueirinha,17269
4114401,2018,Mangueirinha,16787
4114401,2019,Mangueirinha,16714
4114401,2020,Mangueirinha,16642
4114401,2021,Mangueirinha,16572
4114401,2022,Mangueirinha,16636
4114401,2023,Mangueirinha,16700
4114401,2024,Mangueirinha,16764
4114401,2025,Mangueirinha,16737
4114401,2026,Mangueirinha,16737
4114500,2008,Manoel Ribas,13119
4114500,2009,Manoel Ribas,13113
4114500,2010,Manoel Ribas,13145
4114500,2011,Manoel Ribas,13177
4114500,2012,Manoel Ribas,13185
4114500,2013,Manoel Ribas,13610
4114500,2014,Manoel Ribas,13635
4114500,2015,Manoel Ribas,13660
4114500,2016,Manoel Ribas,13684
4114500,2017,Manoel Ribas,13708
4114500,2018,Manoel Ribas,13494
4114500,2019,Manoel Ribas,13502
4114500,2020,Manoel Ribas,13510
4114500,2021,Manoel Ribas,13517
4114500,2022,Manoel Ribas,13870
4114500,2023,Manoel Ribas,14223
4114500,2024,Manoel Ribas,14576
4114500,2025,Manoel Ribas,14675
4114500,2026,Manoel Ribas,14675
4114609,2008,Marechal Cândido Rondon,46523
4114609,2009,Marechal Cândido Rondon,47048
4114609,2010,Marechal Cândido Rondon,47157
4114609,2011,Marechal Cândido Rondon,47266
4114609,2012,Marechal Cândido Rondon,47697
4114609,2013,Marechal Cândido Rondon,49773
4114609,2014,Marechal Cândido Rondon,50299
4114609,2015,Marechal Cândido Rondon,50808
4114609,2016,Marechal Cândido Rondon,51306
4114609,2017,Marechal Cândido Rondon,51795
4114609,2018,Marechal Cândido Rondon,52379
4114609,2019,Marechal Cândido Rondon,52944
4114609,2020,Marechal Cândido Rondon,53495
4114609,2021,Marechal Cândido Rondon,54031
4114609,2022,Marechal Cândido Rondon,55401
4114609,2023,Marechal Cândido Rondon,56770
4114609,2024,Marechal Cândido Rondon,58140
4114609,2025,Marechal Cândido Rondon,58734
4114609,2026,Marechal Cândido Rondon,58734
4114708,2008,Maria Helena,6145
4114708,2009,Maria Helena,6115
4114708,2010,Maria Helena,6020
4114708,2011,Maria Helena,5924
4114708,2012,Maria Helena,5892
4114708,2013,Maria Helena,6034
4114708,2014,Maria Helena,6007
4114708,2015,Maria Helena,5982
4114708,2016,Maria Helena,5957
4114708,2017,Maria Helena,5932
4114708,2018,Maria Helena,5720
4114708,2019,Maria Helena,5677
4114708,2020,Maria Helena,5634
4114708,2021,Maria Helena,5593
4114708,2022,Maria Helena,5707
4114708,2023,Maria Helena,5821
4114708,2024,Maria Helena,5935
4114708,2025,Maria Helena,5926
4114708,2026,Maria Helena,5926
4114807,2008,Marialva,31171
4114807,2009,Marialva,31397
4114807,2010,Marialva,31803
4114807,2011,Marialva,32209
4114807,2012,Marialva,32451
4114807,2013,Marialva,33794
4114807,2014,Marialva,34096
4114807,2015,Marialva,34388
4114807,2016,Marialva,34675
4114807,2017,Marialva,34955
4114807,2018,Marialva,35180
4114807,2019,Marialva,35496
4114807,2020,Marialva,35804
4114807,2021,Marialva,36103
4114807,2022,Marialva,38768
4114807,2023,Marialva,41433
4114807,2024,Marialva,44098
4114807,2025,Marialva,44749
4114807,2026,Marialva,44749
4115002,2008,Marilena,6715
4115002,2009,Marilena,6704
4115002,2010,Marilena,6785
4115002,2011,Marilena,6866
4115002,2012,Marilena,6874
4115002,2013,Marilena,7100
4115002,2014,Marilena,7117
4115002,2015,Marilena,7134
4115002,2016,Marilena,7150
4115002,2017,Marilena,7166
4115002,2018,Marilena,7067
4115002,2019,Marilena,7076
4115002,2020,Marilena,7084
4115002,2021,Marilena,7093
4115002,2022,Marilena,7198
4115002,2023,Marilena,7304
4115002,2024,Marilena,7409
4115002,2025,Marilena,7450
4115002,2026,Marilena,7450
4115101,2008,Mariluz,10817
4115101,2009,Mariluz,10861
4115101,2010,Mariluz,10540
4115101,2011,Mariluz,10219
4115101,2012,Mariluz,10214
4115101,2013,Mariluz,10526
4115101,2014,Mariluz,10534
4115101,2015,Mariluz,10541
4115101,2016,Mariluz,10548
4115101,2017,Mariluz,10555
4115101,2018,Mariluz,10354
4115101,2019,Mariluz,10345
4115101,2020,Mariluz,10336
4115101,2021,Mariluz,10327
4115101,2022,Mariluz,10196
4115101,2023,Mariluz,10065
4115101,2024,Mariluz,9934
4115101,2025,Mariluz,9910
4115101,2026,Mariluz,9910
4114906,2008,Marilândia do Sul,9193
4114906,2009,Marilândia do Sul,9197
4114906,2010,Marilândia do Sul,9022
4114906,2011,Marilândia do Sul,8848
4114906,2012,Marilândia do Sul,8832
4114906,2013,Marilândia do Sul,9088
4114906,2014,Marilândia do Sul,9083
4114906,2015,Marilândia do Sul,9078
4114906,2016,Marilândia do Sul,9073
4114906,2017,Marilândia do Sul,9068
4114906,2018,Marilândia do Sul,8858
4114906,2019,Marilândia do Sul,8836
4114906,2020,Marilândia do Sul,8814
4114906,2021,Marilândia do Sul,8793
4114906,2022,Marilândia do Sul,8787
4114906,2023,Marilândia do Sul,8780
4114906,2024,Marilândia do Sul,8774
4114906,2025,Marilândia do Sul,8761
4114906,2026,Marilândia do Sul,8761
4115200,2008,Maringá,331412
4115200,2009,Maringá,335511
4115200,2010,Maringá,348920
4115200,2011,Maringá,362329
4115200,2012,Maringá,367410
4115200,2013,Maringá,385753
4115200,2014,Maringá,391698
4115200,2015,Maringá,397437
4115200,2016,Maringá,403063
4115200,2017,Maringá,406693
4115200,2018,Maringá,417010
4115200,2019,Maringá,423666
4115200,2020,Maringá,430157
4115200,2021,Maringá,436472
4115200,2022,Maringá,432976
4115200,2023,Maringá,429479
4115200,2024,Maringá,425983
4115200,2025,Maringá,429660
4115200,2026,Maringá,429660
4115358,2008,Maripá,5698
4115358,2009,Maripá,5673
4115358,2010,Maripá,5671
4115358,2011,Maripá,5669
4115358,2012,Maripá,5654
4115358,2013,Maripá,5810
4115358,2014,Maripá,5802
4115358,2015,Maripá,5793
4115358,2016,Maripá,5784
4115358,2017,Maripá,5776
4115358,2018,Maripá,5624
4115358,2019,Maripá,5603
4115358,2020,Maripá,5582
4115358,2021,Maripá,5562
4115358,2022,Maripá,5964
4115358,2023,Maripá,6365
4115358,2024,Maripá,6767
4115358,2025,Maripá,6824
4115358,2026,Maripá,6824
4115309,2008,Mariópolis,5956
4115309,2009,Mariópolis,5944
4115309,2010,Mariópolis,6116
4115309,2011,Mariópolis,6288
4115309,2012,Mariópolis,6306
4115309,2013,Mariópolis,6529
4115309,2014,Mariópolis,6558
4115309,2015,Mariópolis,6585
4115309,2016,Mariópolis,6612
4115309,2017,Mariópolis,6638
4115309,2018,Mariópolis,6586
4115309,2019,Mariópolis,6610
4115309,2020,Mariópolis,6632
4115309,2021,Mariópolis,6655
4115309,2022,Mariópolis,6595
4115309,2023,Mariópolis,6535
4115309,2024,Mariópolis,6475
4115309,2025,Mariópolis,6506
4115309,2026,Mariópolis,6506
4115408,2008,Marmeleiro,13493
4115408,2009,Marmeleiro,13463
4115408,2010,Marmeleiro,13691
4115408,2011,Marmeleiro,13919
4115408,2012,Marmeleiro,13936
4115408,2013,Marmeleiro,14397
4115408,2014,Marmeleiro,14434
4115408,2015,Marmeleiro,14470
4115408,2016,Marmeleiro,14505
4115408,2017,Marmeleiro,14539
4115408,2018,Marmeleiro,14346
4115408,2019,Marmeleiro,14367
4115408,2020,Marmeleiro,14387
4115408,2021,Marmeleiro,14407
4115408,2022,Marmeleiro,15067
4115408,2023,Marmeleiro,15726
4115408,2024,Marmeleiro,16386
4115408,2025,Marmeleiro,16605
4115408,2026,Marmeleiro,16605
4115457,2008,Marquinho,5300
4115457,2009,Marquinho,5258
4115457,2010,Marquinho,5094
4115457,2011,Marquinho,4929
4115457,2012,Marquinho,4879
4115457,2013,Marquinho,4965
4115457,2014,Marquinho,4917
4115457,2015,Marquinho,4871
4115457,2016,Marquinho,4826
4115457,2017,Marquinho,4725
4115457,2018,Marquinho,4472
4115457,2019,Marquinho,4405
4115457,2020,Marquinho,4340
4115457,2021,Marquinho,4283
4115457,2022,Marquinho,4362
4115457,2023,Marquinho,4442
4115457,2024,Marquinho,4521
4115457,2025,Marquinho,4491
4115457,2026,Marquinho,4491
4115507,2008,Marumbi,4200
4115507,2009,Marumbi,4154
4115507,2010,Marumbi,4378
4115507,2011,Marumbi,4603
4115507,2012,Marumbi,4602
4115507,2013,Marumbi,4745
4115507,2014,Marumbi,4750
4115507,2015,Marumbi,4755
4115507,2016,Marumbi,4760
4115507,2017,Marumbi,4765
4115507,2018,Marumbi,4681
4115507,2019,Marumbi,4679
4115507,2020,Marumbi,4677
4115507,2021,Marumbi,4676
4115507,2022,Marumbi,4710
4115507,2023,Marumbi,4744
4115507,2024,Marumbi,4778
4115507,2025,Marumbi,4780
4115507,2026,Marumbi,4780
4115606,2008,Matelândia,16056
4115606,2009,Matelândia,16217
4115606,2010,Matelândia,16214
4115606,2011,Matelândia,16212
4115606,2012,Matelândia,16340
4115606,2013,Matelândia,17026
4115606,2014,Matelândia,17186
4115606,2015,Matelândia,17340
4115606,2016,Matelândia,17491
4115606,2017,Matelândia,17640
4115606,2018,Matelândia,17775
4115606,2019,Matelândia,17943
4115606,2020,Matelândia,18107
4115606,2021,Matelândia,18266
4115606,2022,Matelândia,18518
4115606,2023,Matelândia,18770
4115606,2024,Matelândia,19022
4115606,2025,Matelândia,19223
4115606,2026,Matelândia,19223
4115705,2008,Matinhos,23968
4115705,2009,Matinhos,23925
4115705,2010,Matinhos,26878
4115705,2011,Matinhos,29831
4115705,2012,Matinhos,30220
4115705,2013,Matinhos,31690
4115705,2014,Matinhos,32148
4115705,2015,Matinhos,32591
4115705,2016,Matinhos,33024
4115705,2017,Matinhos,33450
4115705,2018,Matinhos,34207
4115705,2019,Matinhos,34720
4115705,2020,Matinhos,35219
4115705,2021,Matinhos,35705
4115705,2022,Matinhos,37609
4115705,2023,Matinhos,39512
4115705,2024,Matinhos,41416
4115705,2025,Matinhos,42063
4115705,2026,Matinhos,42063
4115739,2008,Mato Rico,4235
4115739,2009,Mato Rico,4205
4115739,2010,Mato Rico,3986
4115739,2011,Mato Rico,3766
4115739,2012,Mato Rico,3716
4115739,2013,Mato Rico,3765
4115739,2014,Mato Rico,3716
4115739,2015,Mato Rico,3668
4115739,2016,Mato Rico,3622
4115739,2017,Mato Rico,3576
4115739,2018,Mato Rico,3340
4115739,2019,Mato Rico,3272
4115739,2020,Mato Rico,3206
4115739,2021,Mato Rico,3142
4115739,2022,Mato Rico,3174
4115739,2023,Mato Rico,3205
4115739,2024,Mato Rico,3237
4115739,2025,Mato Rico,3249
4115739,2026,Mato Rico,3249
4115754,2008,Mauá da Serra,8268
4115754,2009,Mauá da Serra,8446
4115754,2010,Mauá da Serra,8580
4115754,2011,Mauá da Serra,8715
4115754,2012,Mauá da Serra,8870
4115754,2013,Mauá da Serra,9355
4115754,2014,Mauá da Serra,9534
4115754,2015,Mauá da Serra,9705
4115754,2016,Mauá da Serra,9874
4115754,2017,Mauá da Serra,10039
4115754,2018,Mauá da Serra,10397
4115754,2019,Mauá da Serra,10601
4115754,2020,Mauá da Serra,10800
4115754,2021,Mauá da Serra,10994
4115754,2022,Mauá da Serra,10539
4115754,2023,Mauá da Serra,10083
4115754,2024,Mauá da Serra,9628
4115754,2025,Mauá da Serra,9689
4115754,2026,Mauá da Serra,9689
4115804,2008,Medianeira,39700
4115804,2009,Medianeira,39857
4115804,2010,Medianeira,40990
4115804,2011,Medianeira,42124
4115804,2012,Medianeira,42420
4115804,2013,Medianeira,44149
4115804,2014,Medianeira,44523
4115804,2015,Medianeira,44885
4115804,2016,Medianeira,45239
4115804,2017,Medianeira,45586
4115804,2018,Medianeira,45812
4115804,2019,Medianeira,46198
4115804,2020,Medianeira,46574
4115804,2021,Medianeira,46940
4115804,2022,Medianeira,50333
4115804,2023,Medianeira,53727
4115804,2024,Medianeira,57120
4115804,2025,Medianeira,57910
4115804,2026,Medianeira,57910
4115853,2008,Mercedes,4879
4115853,2009,Mercedes,4902
4115853,2010,Mercedes,4991
4115853,2011,Mercedes,5080
4115853,2012,Mercedes,5113
4115853,2013,Mercedes,5316
4115853,2014,Mercedes,5357
4115853,2015,Mercedes,5398
4115853,2016,Mercedes,5437
4115853,2017,Mercedes,5476
4115853,2018,Mercedes,5493
4115853,2019,Mercedes,5536
4115853,2020,Mercedes,5577
4115853,2021,Mercedes,5617
4115853,2022,Mercedes,5790
4115853,2023,Mercedes,5963
4115853,2024,Mercedes,6136
4115853,2025,Mercedes,6194
4115853,2026,Mercedes,6194
4115903,2008,Mirador,2385
4115903,2009,Mirador,2371
4115903,2010,Mirador,2342
4115903,2011,Mirador,2314
4115903,2012,Mirador,2301
4115903,2013,Mirador,2355
4115903,2014,Mirador,2345
4115903,2015,Mirador,2334
4115903,2016,Mirador,2324
4115903,2017,Mirador,2314
4115903,2018,Mirador,2231
4115903,2019,Mirador,2213
4115903,2020,Mirador,2196
4115903,2021,Mirador,2180
4115903,2022,Mirador,2206
4115903,2023,Mirador,2232
4115903,2024,Mirador,2258
4115903,2025,Mirador,2248
4115903,2026,Mirador,2248
4116000,2008,Miraselva,1949
4116000,2009,Miraselva,1946
4116000,2010,Miraselva,1900
4116000,2011,Miraselva,1855
4116000,2012,Miraselva,1848
4116000,2013,Miraselva,1896
4116000,2014,Miraselva,1890
4116000,2015,Miraselva,1885
4116000,2016,Miraselva,1880
4116000,2017,Miraselva,1875
4116000,2018,Miraselva,1816
4116000,2019,Miraselva,1806
4116000,2020,Miraselva,1796
4116000,2021,Miraselva,1786
4116000,2022,Miraselva,1860
4116000,2023,Miraselva,1934
4116000,2024,Miraselva,2008
4116000,2025,Miraselva,2017
4116000,2026,Miraselva,2017
4116059,2008,Missal,10739
4116059,2009,Missal,10760
4116059,2010,Missal,10619
4116059,2011,Missal,10478
4116059,2012,Missal,10481
4116059,2013,Missal,10813
4116059,2014,Missal,10830
4116059,2015,Missal,10847
4116059,2016,Missal,10863
4116059,2017,Missal,10879
4116059,2018,Missal,10700
4116059,2019,Missal,10702
4116059,2020,Missal,10704
4116059,2021,Missal,10706
4116059,2022,Missal,10904
4116059,2023,Missal,11103
4116059,2024,Missal,11301
4116059,2025,Missal,11423
4116059,2026,Missal,11423
4116109,2008,Moreira Sales,13263
4116109,2009,Moreira Sales,13238
4116109,2010,Moreira Sales,12892
4116109,2011,Moreira Sales,12546
4116109,2012,Moreira Sales,12487
4116109,2013,Moreira Sales,12800
4116109,2014,Moreira Sales,12754
4116109,2015,Moreira Sales,12709
4116109,2016,Moreira Sales,12664
4116109,2017,Moreira Sales,12621
4116109,2018,Moreira Sales,12201
4116109,2019,Moreira Sales,12121
4116109,2020,Moreira Sales,12042
4116109,2021,Moreira Sales,11966
4116109,2022,Moreira Sales,11690
4116109,2023,Moreira Sales,11413
4116109,2024,Moreira Sales,11137
4116109,2025,Moreira Sales,11043
4116109,2026,Moreira Sales,11043
4116208,2008,Morretes,16853
4116208,2009,Morretes,17000
4116208,2010,Morretes,16376
4116208,2011,Morretes,15753
4116208,2012,Morretes,15785
4116208,2013,Morretes,16325
4116208,2014,Morretes,16381
4116208,2015,Morretes,16435
4116208,2016,Morretes,16488
4116208,2017,Morretes,16540
4116208,2018,Morretes,16366
4116208,2019,Morretes,16406
4116208,2020,Morretes,16446
4116208,2021,Morretes,16485
4116208,2022,Morretes,17293
4116208,2023,Morretes,18100
4116208,2024,Morretes,18908
4116208,2025,Morretes,19089
4116208,2026,Morretes,19089
4116307,2008,Munhoz de Melo,3688
4116307,2009,Munhoz de Melo,3714
4116307,2010,Munhoz de Melo,3704
4116307,2011,Munhoz de Melo,3693
4116307,2012,Munhoz de Melo,3713
4116307,2013,Munhoz de Melo,3857
4116307,2014,Munhoz de Melo,3883
4116307,2015,Munhoz de Melo,3909
4116307,2016,Munhoz de Melo,3934
4116307,2017,Munhoz de Melo,3958
4116307,2018,Munhoz de Melo,3958
4116307,2019,Munhoz de Melo,3984
4116307,2020,Munhoz de Melo,4009
4116307,2021,Munhoz de Melo,4034
4116307,2022,Munhoz de Melo,4038
4116307,2023,Munhoz de Melo,4041
4116307,2024,Munhoz de Melo,4045
4116307,2025,Munhoz de Melo,4057
4116307,2026,Munhoz de Melo,4057
4116406,2008,Nossa Senhora das Graças,4038
4116406,2009,Nossa Senhora das Graças,4055
4116406,2010,Nossa Senhora das Graças,3992
4116406,2011,Nossa Senhora das Graças,3929
4116406,2012,Nossa Senhora das Graças,3930
4116406,2013,Nossa Senhora das Graças,4053
4116406,2014,Nossa Senhora das Graças,4059
4116406,2015,Nossa Senhora das Graças,4064
4116406,2016,Nossa Senhora das Graças,4070
4116406,2017,Nossa Senhora das Graças,4075
4116406,2018,Nossa Senhora das Graças,4008
4116406,2019,Nossa Senhora das Graças,4008
4116406,2020,Nossa Senhora das Graças,4008
4116406,2021,Nossa Senhora das Graças,4009
4116406,2022,Nossa Senhora das Graças,3901
4116406,2023,Nossa Senhora das Graças,3793
4116406,2024,Nossa Senhora das Graças,3685
4116406,2025,Nossa Senhora das Graças,3669
4116406,2026,Nossa Senhora das Graças,3669
4116505,2008,Nova Aliança do Ivaí,1426
4116505,2009,Nova Aliança do Ivaí,1434
4116505,2010,Nova Aliança do Ivaí,1436
4116505,2011,Nova Aliança do Ivaí,1439
4116505,2012,Nova Aliança do Ivaí,1446
4116505,2013,Nova Aliança do Ivaí,1500
4116505,2014,Nova Aliança do Ivaí,1509
4116505,2015,Nova Aliança do Ivaí,1518
4116505,2016,Nova Aliança do Ivaí,1527
4116505,2017,Nova Aliança do Ivaí,1536
4116505,2018,Nova Aliança do Ivaí,1534
4116505,2019,Nova Aliança do Ivaí,1543
4116505,2020,Nova Aliança do Ivaí,1551
4116505,2021,Nova Aliança do Ivaí,1560
4116505,2022,Nova Aliança do Ivaí,1482
4116505,2023,Nova Aliança do Ivaí,1405
4116505,2024,Nova Aliança do Ivaí,1327
4116505,2025,Nova Aliança do Ivaí,1322
4116505,2026,Nova Aliança do Ivaí,1322
4116604,2008,Nova América da Colina,3358
4116604,2009,Nova América da Colina,3331
4116604,2010,Nova América da Colina,3400
4116604,2011,Nova América da Colina,3470
4116604,2012,Nova América da Colina,3462
4116604,2013,Nova América da Colina,3560
4116604,2014,Nova América da Colina,3556
4116604,2015,Nova América da Colina,3553
4116604,2016,Nova América da Colina,3549
4116604,2017,Nova América da Colina,3545
4116604,2018,Nova América da Colina,3456
4116604,2019,Nova América da Colina,3445
4116604,2020,Nova América da Colina,3434
4116604,2021,Nova América da Colina,3424
4116604,2022,Nova América da Colina,3382
4116604,2023,Nova América da Colina,3341
4116604,2024,Nova América da Colina,3299
4116604,2025,Nova América da Colina,3286
4116604,2026,Nova América da Colina,3286
4116703,2008,Nova Aurora,11833
4116703,2009,Nova Aurora,11636
4116703,2010,Nova Aurora,11683
4116703,2011,Nova Aurora,11730
4116703,2012,Nova Aurora,11598
4116703,2013,Nova Aurora,11786
4116703,2014,Nova Aurora,11659
4116703,2015,Nova Aurora,11537
4116703,2016,Nova Aurora,11418
4116703,2017,Nova Aurora,11300
4116703,2018,Nova Aurora,10650
4116703,2019,Nova Aurora,10472
4116703,2020,Nova Aurora,10299
4116703,2021,Nova Aurora,10131
4116703,2022,Nova Aurora,11494
4116703,2023,Nova Aurora,12856
4116703,2024,Nova Aurora,14219
4116703,2025,Nova Aurora,14331
4116703,2026,Nova Aurora,14331
4116802,2008,Nova Cantu,7714
4116802,2009,Nova Cantu,7481
4116802,2010,Nova Cantu,7358
4116802,2011,Nova Cantu,7234
4116802,2012,Nova Cantu,7050
4116802,2013,Nova Cantu,7023
4116802,2014,Nova Cantu,6833
4116802,2015,Nova Cantu,6650
4116802,2016,Nova Cantu,6471
4116802,2017,Nova Cantu,6295
4116802,2018,Nova Cantu,5550
4116802,2019,Nova Cantu,5302
4116802,2020,Nova Cantu,5061
4116802,2021,Nova Cantu,4827
4116802,2022,Nova Cantu,5484
4116802,2023,Nova Cantu,6142
4116802,2024,Nova Cantu,6799
4116802,2025,Nova Cantu,6739
4116802,2026,Nova Cantu,6739
4116901,2008,Nova Esperança,26532
4116901,2009,Nova Esperança,26591
4116901,2010,Nova Esperança,26638
4116901,2011,Nova Esperança,26684
4116901,2012,Nova Esperança,26749
4116901,2013,Nova Esperança,27678
4116901,2014,Nova Esperança,27783
4116901,2015,Nova Esperança,27886
4116901,2016,Nova Esperança,27986
4116901,2017,Nova Esperança,28084
4116901,2018,Nova Esperança,27821
4116901,2019,Nova Esperança,27904
4116901,2020,Nova Esperança,27984
4116901,2021,Nova Esperança,28062
4116901,2022,Nova Esperança,27755
4116901,2023,Nova Esperança,27449
4116901,2024,Nova Esperança,27142
4116901,2025,Nova Esperança,27142
4116901,2026,Nova Esperança,27142
4116950,2008,Nova Esperança do Sudoeste,5334
4116950,2009,Nova Esperança do Sudoeste,5337
4116950,2010,Nova Esperança do Sudoeste,5212
4116950,2011,Nova Esperança do Sudoeste,5086
4116950,2012,Nova Esperança do Sudoeste,5074
4116950,2013,Nova Esperança do Sudoeste,5218
4116950,2014,Nova Esperança do Sudoeste,5211
4116950,2015,Nova Esperança do Sudoeste,5206
4116950,2016,Nova Esperança do Sudoeste,5200
4116950,2017,Nova Esperança do Sudoeste,5194
4116950,2018,Nova Esperança do Sudoeste,5063
4116950,2019,Nova Esperança do Sudoeste,5046
4116950,2020,Nova Esperança do Sudoeste,5030
4116950,2021,Nova Esperança do Sudoeste,5014
4116950,2022,Nova Esperança do Sudoeste,5257
4116950,2023,Nova Esperança do Sudoeste,5501
4116950,2024,Nova Esperança do Sudoeste,5744
4116950,2025,Nova Esperança do Sudoeste,5783
4116950,2026,Nova Esperança do Sudoeste,5783
4117008,2008,Nova Fátima,8270
4117008,2009,Nova Fátima,8259
4117008,2010,Nova Fátima,8197
4117008,2011,Nova Fátima,8135
4117008,2012,Nova Fátima,8124
4117008,2013,Nova Fátima,8363
4117008,2014,Nova Fátima,8361
4117008,2015,Nova Fátima,8359
4117008,2016,Nova Fátima,8357
4117008,2017,Nova Fátima,8356
4117008,2018,Nova Fátima,8170
4117008,2019,Nova Fátima,8153
4117008,2020,Nova Fátima,8136
4117008,2021,Nova Fátima,8120
4117008,2022,Nova Fátima,7814
4117008,2023,Nova Fátima,7507
4117008,2024,Nova Fátima,7201
4117008,2025,Nova Fátima,7140
4117008,2026,Nova Fátima,7140
4117057,2008,Nova Laranjeiras,11598
4117057,2009,Nova Laranjeiras,11577
4117057,2010,Nova Laranjeiras,11392
4117057,2011,Nova Laranjeiras,11206
4117057,2012,Nova Laranjeiras,11690
4117057,2013,Nova Laranjeiras,12010
4117057,2014,Nova Laranjeiras,11988
4117057,2015,Nova Laranjeiras,11968
4117057,2016,Nova Laranjeiras,11947
4117057,2017,Nova Laranjeiras,11927
4117057,2018,Nova Laranjeiras,11603
4117057,2019,Nova Laranjeiras,11554
4117057,2020,Nova Laranjeiras,11507
4117057,2021,Nova Laranjeiras,11462
4117057,2022,Nova Laranjeiras,11737
4117057,2023,Nova Laranjeiras,12012
4117057,2024,Nova Laranjeiras,12287
4117057,2025,Nova Laranjeiras,12298
4117057,2026,Nova Laranjeiras,12298
4117107,2008,Nova Londrina,12933
4117107,2009,Nova Londrina,12898
4117107,2010,Nova Londrina,12979
4117107,2011,Nova Londrina,13060
4117107,2012,Nova Londrina,13052
4117107,2013,Nova Londrina,13452
4117107,2014,Nova Londrina,13461
4117107,2015,Nova Londrina,13470
4117107,2016,Nova Londrina,13478
4117107,2017,Nova Londrina,13486
4117107,2018,Nova Londrina,13225
4117107,2019,Nova Londrina,13213
4117107,2020,Nova Londrina,13200
4117107,2021,Nova Londrina,13188
4117107,2022,Nova Londrina,13154
4117107,2023,Nova Londrina,13119
4117107,2024,Nova Londrina,13085
4117107,2025,Nova Londrina,13074
4117107,2026,Nova Londrina,13074
4117206,2008,Nova Olímpia,5385
4117206,2009,Nova Olímpia,5391
4117206,2010,Nova Olímpia,5456
4117206,2011,Nova Olímpia,5521
4117206,2012,Nova Olímpia,5537
4117206,2013,Nova Olímpia,5733
4117206,2014,Nova Olímpia,5758
4117206,2015,Nova Olímpia,5782
4117206,2016,Nova Olímpia,5806
4117206,2017,Nova Olímpia,5829
4117206,2018,Nova Olímpia,5785
4117206,2019,Nova Olímpia,5806
4117206,2020,Nova Olímpia,5826
4117206,2021,Nova Olímpia,5846
4117206,2022,Nova Olímpia,5884
4117206,2023,Nova Olímpia,5922
4117206,2024,Nova Olímpia,5960
4117206,2025,Nova Olímpia,5982
4117206,2026,Nova Olímpia,5982
4117255,2008,Nova Prata do Iguaçu,10791
4117255,2009,Nova Prata do Iguaçu,10822
4117255,2010,Nova Prata do Iguaçu,10599
4117255,2011,Nova Prata do Iguaçu,10376
4117255,2012,Nova Prata do Iguaçu,10374
4117255,2013,Nova Prata do Iguaçu,10698
4117255,2014,Nova Prata do Iguaçu,10710
4117255,2015,Nova Prata do Iguaçu,10722
4117255,2016,Nova Prata do Iguaçu,10733
4117255,2017,Nova Prata do Iguaçu,10745
4117255,2018,Nova Prata do Iguaçu,10552
4117255,2019,Nova Prata do Iguaçu,10548
4117255,2020,Nova Prata do Iguaçu,10544
4117255,2021,Nova Prata do Iguaçu,10540
4117255,2022,Nova Prata do Iguaçu,11425
4117255,2023,Nova Prata do Iguaçu,12311
4117255,2024,Nova Prata do Iguaçu,13196
4117255,2025,Nova Prata do Iguaçu,13340
4117255,2026,Nova Prata do Iguaçu,13340
4117214,2008,Nova Santa Bárbara,3952
4117214,2009,Nova Santa Bárbara,3984
4117214,2010,Nova Santa Bárbara,3958
4117214,2011,Nova Santa Bárbara,3931
4117214,2012,Nova Santa Bárbara,3953
4117214,2013,Nova Santa Bárbara,4106
4117214,2014,Nova Santa Bárbara,4135
4117214,2015,Nova Santa Bárbara,4163
4117214,2016,Nova Santa Bárbara,4190
4117214,2017,Nova Santa Bárbara,4217
4117214,2018,Nova Santa Bárbara,4220
4117214,2019,Nova Santa Bárbara,4249
4117214,2020,Nova Santa Bárbara,4277
4117214,2021,Nova Santa Bárbara,4304
4117214,2022,Nova Santa Bárbara,4296
4117214,2023,Nova Santa Bárbara,4288
4117214,2024,Nova Santa Bárbara,4280
4117214,2025,Nova Santa Bárbara,4308
4117214,2026,Nova Santa Bárbara,4308
4117222,2008,Nova Santa Rosa,7893
4117222,2009,Nova Santa Rosa,7965
4117222,2010,Nova Santa Rosa,7815
4117222,2011,Nova Santa Rosa,7665
4117222,2012,Nova Santa Rosa,7702
4117222,2013,Nova Santa Rosa,7994
4117222,2014,Nova Santa Rosa,8044
4117222,2015,Nova Santa Rosa,8092
4117222,2016,Nova Santa Rosa,8140
4117222,2017,Nova Santa Rosa,8186
4117222,2018,Nova Santa Rosa,8171
4117222,2019,Nova Santa Rosa,8219
4117222,2020,Nova Santa Rosa,8266
4117222,2021,Nova Santa Rosa,8311
4117222,2022,Nova Santa Rosa,8386
4117222,2023,Nova Santa Rosa,8460
4117222,2024,Nova Santa Rosa,8535
4117222,2025,Nova Santa Rosa,8581
4117222,2026,Nova Santa Rosa,8581
4117271,2008,Nova Tebas,8401
4117271,2009,Nova Tebas,8283
4117271,2010,Nova Tebas,7761
4117271,2011,Nova Tebas,7239
4117271,2012,Nova Tebas,7085
4117271,2013,Nova Tebas,7100
4117271,2014,Nova Tebas,6943
4117271,2015,Nova Tebas,6792
4117271,2016,Nova Tebas,6644
4117271,2017,Nova Tebas,6498
4117271,2018,Nova Tebas,5856
4117271,2019,Nova Tebas,5649
4117271,2020,Nova Tebas,5448
4117271,2021,Nova Tebas,5252
4117271,2022,Nova Tebas,5791
4117271,2023,Nova Tebas,6331
4117271,2024,Nova Tebas,6870
4117271,2025,Nova Tebas,6852
4117271,2026,Nova Tebas,6852
4117297,2008,Novo Itacolomi,2816
4117297,2009,Novo Itacolomi,2808
4117297,2010,Novo Itacolomi,2816
4117297,2011,Novo Itacolomi,2825
4117297,2012,Novo Itacolomi,2822
4117297,2013,Novo Itacolomi,2906
4117297,2014,Novo Itacolomi,2906
4117297,2015,Novo Itacolomi,2907
4117297,2016,Novo Itacolomi,2907
4117297,2017,Novo Itacolomi,2908
4117297,2018,Novo Itacolomi,2848
4117297,2019,Novo Itacolomi,2844
4117297,2020,Novo Itacolomi,2840
4117297,2021,Novo Itacolomi,2836
4117297,2022,Novo Itacolomi,2961
4117297,2023,Novo Itacolomi,3085
4117297,2024,Novo Itacolomi,3210
4117297,2025,Novo Itacolomi,3227
4117297,2026,Novo Itacolomi,3227
4117305,2008,Ortigueira,25043
4117305,2009,Ortigueira,25002
4117305,2010,Ortigueira,24121
4117305,2011,Ortigueira,23240
4117305,2012,Ortigueira,23103
4117305,2013,Ortigueira,23646
4117305,2014,Ortigueira,23530
4117305,2015,Ortigueira,23418
4117305,2016,Ortigueira,23308
4117305,2017,Ortigueira,23200
4117305,2018,Ortigueira,22327
4117305,2019,Ortigueira,22141
4117305,2020,Ortigueira,21960
4117305,2021,Ortigueira,21783
4117305,2022,Ortigueira,22731
4117305,2023,Ortigueira,23679
4117305,2024,Ortigueira,24627
4117305,2025,Ortigueira,24706
4117305,2026,Ortigueira,24706
4117404,2008,Ourizona,3384
4117404,2009,Ourizona,3380
4117404,2010,Ourizona,3380
4117404,2011,Ourizona,3379
4117404,2012,Ourizona,3378
4117404,2013,Ourizona,3482
4117404,2014,Ourizona,3485
4117404,2015,Ourizona,3488
4117404,2016,Ourizona,3491
4117404,2017,Ourizona,3494
4117404,2018,Ourizona,3430
4117404,2019,Ourizona,3428
4117404,2020,Ourizona,3425
4117404,2021,Ourizona,3423
4117404,2022,Ourizona,3351
4117404,2023,Ourizona,3278
4117404,2024,Ourizona,3206
4117404,2025,Ourizona,3193
4117404,2026,Ourizona,3193
4117453,2008,Ouro Verde do Oeste,5636
4117453,2009,Ouro Verde do Oeste,5648
4117453,2010,Ouro Verde do Oeste,5678
4117453,2011,Ouro Verde do Oeste,5709
4117453,2012,Ouro Verde do Oeste,5726
4117453,2013,Ouro Verde do Oeste,5927
4117453,2014,Ouro Verde do Oeste,5952
4117453,2015,Ouro Verde do Oeste,5976
4117453,2016,Ouro Verde do Oeste,6000
4117453,2017,Ouro Verde do Oeste,6023
4117453,2018,Ouro Verde do Oeste,5975
4117453,2019,Ouro Verde do Oeste,5996
4117453,2020,Ouro Verde do Oeste,6016
4117453,2021,Ouro Verde do Oeste,6036
4117453,2022,Ouro Verde do Oeste,6368
4117453,2023,Ouro Verde do Oeste,6699
4117453,2024,Ouro Verde do Oeste,7031
4117453,2025,Ouro Verde do Oeste,7102
4117453,2026,Ouro Verde do Oeste,7102
4117503,2008,Paiçandu,36336
4117503,2009,Paiçandu,36876
4117503,2010,Paiçandu,36604
4117503,2011,Paiçandu,36333
4117503,2012,Paiçandu,36717
4117503,2013,Paiçandu,38385
4117503,2014,Paiçandu,38846
4117503,2015,Paiçandu,39291
4117503,2016,Paiçandu,39728
4117503,2017,Paiçandu,40156
4117503,2018,Paiçandu,40777
4117503,2019,Paiçandu,41281
4117503,2020,Paiçandu,41773
4117503,2021,Paiçandu,42251
4117503,2022,Paiçandu,44236
4117503,2023,Paiçandu,46222
4117503,2024,Paiçandu,48207
4117503,2025,Paiçandu,48695
4117503,2026,Paiçandu,48695
4117602,2008,Palmas,42643
4117602,2009,Palmas,43409
4117602,2010,Palmas,43458
4117602,2011,Palmas,43508
4117602,2012,Palmas,44107
4117602,2013,Palmas,46294
4117602,2014,Palmas,46996
4117602,2015,Palmas,47674
4117602,2016,Palmas,48339
4117602,2017,Palmas,48990
4117602,2018,Palmas,50198
4117602,2019,Palmas,50986
4117602,2020,Palmas,51755
4117602,2021,Palmas,52503
4117602,2022,Palmas,51632
4117602,2023,Palmas,50762
4117602,2024,Palmas,49891
4117602,2025,Palmas,50238
4117602,2026,Palmas,50238
4117701,2008,Palmeira,32282
4117701,2009,Palmeira,32401
4117701,2010,Palmeira,32316
4117701,2011,Palmeira,32232
4117701,2012,Palmeira,32326
4117701,2013,Palmeira,33469
4117701,2014,Palmeira,33613
4117701,2015,Palmeira,33753
4117701,2016,Palmeira,33889
4117701,2017,Palmeira,34023
4117701,2018,Palmeira,33757
4117701,2019,Palmeira,33877
4117701,2020,Palmeira,33994
4117701,2021,Palmeira,34109
4117701,2022,Palmeira,34341
4117701,2023,Palmeira,34574
4117701,2024,Palmeira,34806
4117701,2025,Palmeira,34948
4117701,2026,Palmeira,34948
4117800,2008,Palmital,15699
4117800,2009,Palmital,15548
4117800,2010,Palmital,15124
4117800,2011,Palmital,14699
4117800,2012,Palmital,14538
4117800,2013,Palmital,14780
4117800,2014,Palmital,14626
4117800,2015,Palmital,14477
4117800,2016,Palmital,14332
4117800,2017,Palmital,14189
4117800,2018,Palmital,13389
4117800,2019,Palmital,13172
4117800,2020,Palmital,12960
4117800,2021,Palmital,12755
4117800,2022,Palmital,12826
4117800,2023,Palmital,12896
4117800,2024,Palmital,12967
4117800,2025,Palmital,12879
4117800,2026,Palmital,12879
4117909,2008,Palotina,28691
4117909,2009,Palotina,28966
4117909,2010,Palotina,28936
4117909,2011,Palotina,28907
4117909,2012,Palotina,29123
4117909,2013,Palotina,30327
4117909,2014,Palotina,30598
4117909,2015,Palotina,30859
4117909,2016,Palotina,31115
4117909,2017,Palotina,31366
4117909,2018,Palotina,31564
4117909,2019,Palotina,31846
4117909,2020,Palotina,32121
4117909,2021,Palotina,32389
4117909,2022,Palotina,33800
4117909,2023,Palotina,35212
4117909,2024,Palotina,36623
4117909,2025,Palotina,37039
4117909,2026,Palotina,37039
4118105,2008,Paranacity,9876
4118105,2009,Paranacity,9946
4118105,2010,Paranacity,10142
4118105,2011,Paranacity,10338
4118105,2012,Paranacity,10423
4118105,2013,Paranacity,10863
4118105,2014,Paranacity,10968
4118105,2015,Paranacity,11069
4118105,2016,Paranacity,11168
4118105,2017,Paranacity,11265
4118105,2018,Paranacity,11361
4118105,2019,Paranacity,11472
4118105,2020,Paranacity,11580
4118105,2021,Paranacity,11685
4118105,2022,Paranacity,10989
4118105,2023,Paranacity,10293
4118105,2024,Paranacity,9597
4118105,2025,Paranacity,9549
4118105,2026,Paranacity,9549
4118204,2008,Paranaguá,138748
4118204,2009,Paranaguá,139796
4118204,2010,Paranaguá,140636
4118204,2011,Paranaguá,141477
4118204,2012,Paranaguá,142452
4118204,2013,Paranaguá,148232
4118204,2014,Paranaguá,149467
4118204,2015,Paranaguá,150660
4118204,2016,Paranaguá,151829
4118204,2017,Paranaguá,152975
4118204,2018,Paranaguá,153666
4118204,2019,Paranaguá,154936
4118204,2020,Paranaguá,156174
4118204,2021,Paranaguá,157378
4118204,2022,Paranaguá,154858
4118204,2023,Paranaguá,152339
4118204,2024,Paranaguá,149819
4118204,2025,Paranaguá,150104
4118204,2026,Paranaguá,150104
4118303,2008,Paranapoema,2781
4118303,2009,Paranapoema,2818
4118303,2010,Paranapoema,2820
4118303,2011,Paranapoema,2822
4118303,2012,Paranapoema,2852
4118303,2013,Paranapoema,2980
4118303,2014,Paranapoema,3016
4118303,2015,Paranapoema,3050
4118303,2016,Paranapoema,3084
4118303,2017,Paranapoema,3117
4118303,2018,Paranapoema,3164
4118303,2019,Paranapoema,3203
4118303,2020,Paranapoema,3241
4118303,2021,Paranapoema,3277
4118303,2022,Paranapoema,2977
4118303,2023,Paranapoema,2678
4118303,2024,Paranapoema,2378
4118303,2025,Paranapoema,2352
4118303,2026,Paranapoema,2352
4118402,2008,Paranavaí,82133
4118402,2009,Paranavaí,82716
4118402,2010,Paranavaí,82378
4118402,2011,Paranavaí,82039
4118402,2012,Paranavaí,82472
4118402,2013,Paranavaí,85643
4118402,2014,Paranavaí,86218
4118402,2015,Paranavaí,86773
4118402,2016,Paranavaí,87316
4118402,2017,Paranavaí,87850
4118402,2018,Paranavaí,87813
4118402,2019,Paranavaí,88374
4118402,2020,Paranavaí,88922
4118402,2021,Paranavaí,89454
4118402,2022,Paranavaí,91478
4118402,2023,Paranavaí,93501
4118402,2024,Paranavaí,95525
4118402,2025,Paranavaí,96209
4118402,2026,Paranavaí,96209
4118006,2008,Paraíso do Norte,11743
4118006,2009,Paraíso do Norte,11939
4118006,2010,Paraíso do Norte,11934
4118006,2011,Paraíso do Norte,11929
4118006,2012,Paraíso do Norte,12079
4118006,2013,Paraíso do Norte,12661
4118006,2014,Paraíso do Norte,12839
4118006,2015,Paraíso do Norte,13011
4118006,2016,Paraíso do Norte,13180
4118006,2017,Paraíso do Norte,13345
4118006,2018,Paraíso do Norte,13631
4118006,2019,Paraíso do Norte,13830
4118006,2020,Paraíso do Norte,14023
4118006,2021,Paraíso do Norte,14211
4118006,2022,Paraíso do Norte,14019
4118006,2023,Paraíso do Norte,13826
4118006,2024,Paraíso do Norte,13634
4118006,2025,Paraíso do Norte,13728
4118006,2026,Paraíso do Norte,13728
4118451,2008,Pato Bragado,4867
4118451,2009,Pato Bragado,4947
4118451,2010,Pato Bragado,4914
4118451,2011,Pato Bragado,4882
4118451,2012,Pato Bragado,4939
4118451,2013,Pato Bragado,5170
4118451,2014,Pato Bragado,5239
4118451,2015,Pato Bragado,5304
4118451,2016,Pato Bragado,5369
4118451,2017,Pato Bragado,5432
4118451,2018,Pato Bragado,5535
4118451,2019,Pato Bragado,5610
4118451,2020,Pato Bragado,5684
4118451,2021,Pato Bragado,5755
4118451,2022,Pato Bragado,5816
4118451,2023,Pato Bragado,5878
4118451,2024,Pato Bragado,5939
4118451,2025,Pato Bragado,6004
4118451,2026,Pato Bragado,6004
4118501,2008,Pato Branco,69478
4118501,2009,Pato Branco,70160
4118501,2010,Pato Branco,71654
4118501,2011,Pato Branco,73148
4118501,2012,Pato Branco,73901
4118501,2013,Pato Branco,77230
4118501,2014,Pato Branco,78136
4118501,2015,Pato Branco,79011
4118501,2016,Pato Branco,79869
4118501,2017,Pato Branco,80710
4118501,2018,Pato Branco,81893
4118501,2019,Pato Branco,82881
4118501,2020,Pato Branco,83843
4118501,2021,Pato Branco,84779
4118501,2022,Pato Branco,88720
4118501,2023,Pato Branco,92661
4118501,2024,Pato Branco,96602
4118501,2025,Pato Branco,97821
4118501,2026,Pato Branco,97821
4118600,2008,Paula Freitas,5691
4118600,2009,Paula Freitas,5751
4118600,2010,Paula Freitas,5607
4118600,2011,Paula Freitas,5463
4118600,2012,Paula Freitas,5491
4118600,2013,Paula Freitas,5700
4118600,2014,Paula Freitas,5737
4118600,2015,Paula Freitas,5773
4118600,2016,Paula Freitas,5808
4118600,2017,Paula Freitas,5842
4118600,2018,Paula Freitas,5837
4118600,2019,Paula Freitas,5873
4118600,2020,Paula Freitas,5908
4118600,2021,Paula Freitas,5942
4118600,2022,Paula Freitas,5887
4118600,2023,Paula Freitas,5833
4118600,2024,Paula Freitas,5778
4118600,2025,Paula Freitas,5706
4118600,2026,Paula Freitas,5706
4118709,2008,Paulo Frontin,7327
4118709,2009,Paulo Frontin,7398
4118709,2010,Paulo Frontin,7169
4118709,2011,Paulo Frontin,6940
4118709,2012,Paulo Frontin,6966
4118709,2013,Paulo Frontin,7219
4118709,2014,Paulo Frontin,7256
4118709,2015,Paulo Frontin,7291
4118709,2016,Paulo Frontin,7326
4118709,2017,Paulo Frontin,7360
4118709,2018,Paulo Frontin,7321
4118709,2019,Paulo Frontin,7354
4118709,2020,Paulo Frontin,7387
4118709,2021,Paulo Frontin,7418
4118709,2022,Paulo Frontin,7068
4118709,2023,Paulo Frontin,6719
4118709,2024,Paulo Frontin,6369
4118709,2025,Paulo Frontin,6414
4118709,2026,Paulo Frontin,6414
4118808,2008,Peabiru,13371
4118808,2009,Peabiru,13347
4118808,2010,Peabiru,13491
4118808,2011,Peabiru,13635
4118808,2012,Peabiru,13645
4118808,2013,Peabiru,14087
4118808,2014,Peabiru,14116
4118808,2015,Peabiru,14144
4118808,2016,Peabiru,14171
4118808,2017,Peabiru,14198
4118808,2018,Peabiru,13985
4118808,2019,Peabiru,13996
4118808,2020,Peabiru,14007
4118808,2021,Peabiru,14017
4118808,2022,Peabiru,13843
4118808,2023,Peabiru,13670
4118808,2024,Peabiru,13496
4118808,2025,Peabiru,13494
4118808,2026,Peabiru,13494
4118857,2008,Perobal,5179
4118857,2009,Perobal,5163
4118857,2010,Perobal,5422
4118857,2011,Perobal,5681
4118857,2012,Perobal,5708
4118857,2013,Perobal,5923
4118857,2014,Perobal,5960
4118857,2015,Perobal,5995
4118857,2016,Perobal,6029
4118857,2017,Perobal,6105
4118857,2018,Perobal,6092
4118857,2019,Perobal,6127
4118857,2020,Perobal,6160
4118857,2021,Perobal,6194
4118857,2022,Perobal,6628
4118857,2023,Perobal,7062
4118857,2024,Perobal,7496
4118857,2025,Perobal,7599
4118857,2026,Perobal,7599
4119152,2008,Pinhais,116984
4119152,2009,Pinhais,118319
4119152,2010,Pinhais,118326
4119152,2011,Pinhais,118334
4119152,2012,Pinhais,119379
4119152,2013,Pinhais,124528
4119152,2014,Pinhais,125808
4119152,2015,Pinhais,127045
4119152,2016,Pinhais,128256
4119152,2017,Pinhais,129445
4119152,2018,Pinhais,130789
4119152,2019,Pinhais,132157
4119152,2020,Pinhais,133490
4119152,2021,Pinhais,134788
4119152,2022,Pinhais,133592
4119152,2023,Pinhais,132395
4119152,2024,Pinhais,131199
4119152,2025,Pinhais,131255
4119152,2026,Pinhais,131255
4119251,2008,Pinhal de São Bento,2598
4119251,2009,Pinhal de São Bento,2600
4119251,2010,Pinhal de São Bento,2615
4119251,2011,Pinhal de São Bento,2630
4119251,2012,Pinhal de São Bento,2635
4119251,2013,Pinhal de São Bento,2724
4119251,2014,Pinhal de São Bento,2732
4119251,2015,Pinhal de São Bento,2740
4119251,2016,Pinhal de São Bento,2749
4119251,2017,Pinhal de São Bento,2757
4119251,2018,Pinhal de São Bento,2725
4119251,2019,Pinhal de São Bento,2731
4119251,2020,Pinhal de São Bento,2737
4119251,2021,Pinhal de São Bento,2742
4119251,2022,Pinhal de São Bento,2768
4119251,2023,Pinhal de São Bento,2793
4119251,2024,Pinhal de São Bento,2819
4119251,2025,Pinhal de São Bento,2805
4119251,2026,Pinhal de São Bento,2805
4119202,2008,Pinhalão,6030
4119202,2009,Pinhalão,6005
4119202,2010,Pinhalão,6110
4119202,2011,Pinhalão,6215
4119202,2012,Pinhalão,6215
4119202,2013,Pinhalão,6409
4119202,2014,Pinhalão,6417
4119202,2015,Pinhalão,6425
4119202,2016,Pinhalão,6433
4119202,2017,Pinhalão,6440
4119202,2018,Pinhalão,6327
4119202,2019,Pinhalão,6326
4119202,2020,Pinhalão,6324
4119202,2021,Pinhalão,6323
4119202,2022,Pinhalão,6451
4119202,2023,Pinhalão,6579
4119202,2024,Pinhalão,6707
4119202,2025,Pinhalão,6676
4119202,2026,Pinhalão,6676
4119301,2008,Pinhão,30144
4119301,2009,Pinhão,30295
4119301,2010,Pinhão,30321
4119301,2011,Pinhão,30347
4119301,2012,Pinhão,30480
4119301,2013,Pinhão,31617
4119301,2014,Pinhão,31800
4119301,2015,Pinhão,31978
4119301,2016,Pinhão,32152
4119301,2017,Pinhão,32322
4119301,2018,Pinhão,32219
4119301,2019,Pinhão,32391
4119301,2020,Pinhão,32559
4119301,2021,Pinhão,32722
4119301,2022,Pinhão,31972
4119301,2023,Pinhão,31222
4119301,2024,Pinhão,30472
4119301,2025,Pinhão,30451
4119301,2026,Pinhão,30451
4119509,2008,Piraquara,86012
4119509,2009,Piraquara,87285
4119509,2010,Piraquara,90902
4119509,2011,Piraquara,94518
4119509,2012,Piraquara,96023
4119509,2013,Piraquara,101053
4119509,2014,Piraquara,102798
4119509,2015,Piraquara,104481
4119509,2016,Piraquara,106132
4119509,2017,Piraquara,107751
4119509,2018,Piraquara,111052
4119509,2019,Piraquara,113036
4119509,2020,Piraquara,114970
4119509,2021,Piraquara,116852
4119509,2022,Piraquara,119546
4119509,2023,Piraquara,122240
4119509,2024,Piraquara,124934
4119509,2025,Piraquara,127433
4119509,2026,Piraquara,127433
4119400,2008,Piraí do Sul,24139
4119400,2009,Piraí do Sul,24374
4119400,2010,Piraí do Sul,23968
4119400,2011,Piraí do Sul,23561
4119400,2012,Piraí do Sul,23693
4119400,2013,Piraí do Sul,24613
4119400,2014,Piraí do Sul,24786
4119400,2015,Piraí do Sul,24953
4119400,2016,Piraí do Sul,25117
4119400,2017,Piraí do Sul,25277
4119400,2018,Piraí do Sul,25291
4119400,2019,Piraí do Sul,25463
4119400,2020,Piraí do Sul,25617
4119400,2021,Piraí do Sul,25779
4119400,2022,Piraí do Sul,25186
4119400,2023,Piraí do Sul,24593
4119400,2024,Piraí do Sul,24000
4119400,2025,Piraí do Sul,23977
4119400,2026,Piraí do Sul,23977
4119608,2008,Pitanga,35155
4119608,2009,Pitanga,35052
4119608,2010,Pitanga,33722
4119608,2011,Pitanga,32391
4119608,2012,Pitanga,32152
4119608,2013,Pitanga,32841
4119608,2014,Pitanga,32626
4119608,2015,Pitanga,32419
4119608,2016,Pitanga,32215
4119608,2017,Pitanga,32015
4119608,2018,Pitanga,30635
4119608,2019,Pitanga,30310
4119608,2020,Pitanga,29994
4119608,2021,Pitanga,29686
4119608,2022,Pitanga,31295
4119608,2023,Pitanga,32904
4119608,2024,Pitanga,34513
4119608,2025,Pitanga,34527
4119608,2026,Pitanga,34527
4119657,2008,Pitangueiras,2786
4119657,2009,Pitangueiras,2822
4119657,2010,Pitangueiras,2834
4119657,2011,Pitangueiras,2845
4119657,2012,Pitangueiras,2874
4119657,2013,Pitangueiras,3004
4119657,2014,Pitangueiras,3039
4119657,2015,Pitangueiras,3073
4119657,2016,Pitangueiras,3107
4119657,2017,Pitangueiras,3140
4119657,2018,Pitangueiras,3185
4119657,2019,Pitangueiras,3224
4119657,2020,Pitangueiras,3262
4119657,2021,Pitangueiras,3298
4119657,2022,Pitangueiras,3239
4119657,2023,Pitangueiras,3180
4119657,2024,Pitangueiras,3121
4119657,2025,Pitangueiras,3141
4119657,2026,Pitangueiras,3141
4119103,2008,Piên,11632
4119103,2009,Piên,11811
4119103,2010,Piên,11579
4119103,2011,Piên,11347
4119103,2012,Piên,11454
4119103,2013,Piên,11956
4119103,2014,Piên,12086
4119103,2015,Piên,12211
4119103,2016,Piên,12334
4119103,2017,Piên,12455
4119103,2018,Piên,12606
4119103,2019,Piên,12746
4119103,2020,Piên,12882
4119103,2021,Piên,13015
4119103,2022,Piên,13403
4119103,2023,Piên,13791
4119103,2024,Piên,14179
4119103,2025,Piên,14409
4119103,2026,Piên,14409
4119707,2008,Planaltina do Paraná,3879
4119707,2009,Planaltina do Paraná,3864
4119707,2010,Planaltina do Paraná,3984
4119707,2011,Planaltina do Paraná,4103
4119707,2012,Planaltina do Paraná,4111
4119707,2013,Planaltina do Paraná,4250
4119707,2014,Planaltina do Paraná,4264
4119707,2015,Planaltina do Paraná,4277
4119707,2016,Planaltina do Paraná,4290
4119707,2017,Planaltina do Paraná,4303
4119707,2018,Planaltina do Paraná,4254
4119707,2019,Planaltina do Paraná,4263
4119707,2020,Planaltina do Paraná,4272
4119707,2021,Planaltina do Paraná,4281
4119707,2022,Planaltina do Paraná,4228
4119707,2023,Planaltina do Paraná,4176
4119707,2024,Planaltina do Paraná,4123
4119707,2025,Planaltina do Paraná,4125
4119707,2026,Planaltina do Paraná,4125
4119806,2008,Planalto,14007
4119806,2009,Planalto,13983
4119806,2010,Planalto,13801
4119806,2011,Planalto,13619
4119806,2012,Planalto,13584
4119806,2013,Planalto,13964
4119806,2014,Planalto,13944
4119806,2015,Planalto,13926
4119806,2016,Planalto,13907
4119806,2017,Planalto,13889
4119806,2018,Planalto,13528
4119806,2019,Planalto,13479
4119806,2020,Planalto,13431
4119806,2021,Planalto,13385
4119806,2022,Planalto,13811
4119806,2023,Planalto,14237
4119806,2024,Planalto,14663
4119806,2025,Planalto,14722
4119806,2026,Planalto,14722
4119905,2008,Ponta Grossa,311106
4119905,2009,Ponta Grossa,314681
4119905,2010,Ponta Grossa,314600
4119905,2011,Ponta Grossa,314518
4119905,2012,Ponta Grossa,317339
4119905,2013,Ponta Grossa,331084
4119905,2014,Ponta Grossa,334535
4119905,2015,Ponta Grossa,337865
4119905,2016,Ponta Grossa,341130
4119905,2017,Ponta Grossa,344332
4119905,2018,Ponta Grossa,348043
4119905,2019,Ponta Grossa,351736
4119905,2020,Ponta Grossa,355336
4119905,2021,Ponta Grossa,358838
4119905,2022,Ponta Grossa,363413
4119905,2023,Ponta Grossa,367987
4119905,2024,Ponta Grossa,372562
4119905,2025,Ponta Grossa,375632
4119905,2026,Ponta Grossa,375632
4119954,2008,Pontal do Paraná,17508
4119954,2009,Pontal do Paraná,17820
4119954,2010,Pontal do Paraná,19624
4119954,2011,Pontal do Paraná,21427
4119954,2012,Pontal do Paraná,21917
4119954,2013,Pontal do Paraná,23261
4119954,2014,Pontal do Paraná,23816
4119954,2015,Pontal do Paraná,24352
4119954,2016,Pontal do Paraná,24878
4119954,2017,Pontal do Paraná,25393
4119954,2018,Pontal do Paraná,26636
4119954,2019,Pontal do Paraná,27284
4119954,2020,Pontal do Paraná,27915
4119954,2021,Pontal do Paraná,28529
4119954,2022,Pontal do Paraná,29828
4119954,2023,Pontal do Paraná,31127
4119954,2024,Pontal do Paraná,32426
4119954,2025,Pontal do Paraná,33131
4119954,2026,Pontal do Paraná,33131
4120002,2008,Porecatu,14358
4120002,2009,Porecatu,14189
4120002,2010,Porecatu,14124
4120002,2011,Porecatu,14060
4120002,2012,Porecatu,13934
4120002,2013,Porecatu,14203
4120002,2014,Porecatu,14086
4120002,2015,Porecatu,13973
4120002,2016,Porecatu,13863
4120002,2017,Porecatu,13754
4120002,2018,Porecatu,13084
4120002,2019,Porecatu,12914
4120002,2020,Porecatu,12748
4120002,2021,Porecatu,12587
4120002,2022,Porecatu,12204
4120002,2023,Porecatu,11821
4120002,2024,Porecatu,11438
4120002,2025,Porecatu,11271
4120002,2026,Porecatu,11271
4120101,2008,Porto Amazonas,4341
4120101,2009,Porto Amazonas,4348
4120101,2010,Porto Amazonas,4442
4120101,2011,Porto Amazonas,4536
4120101,2012,Porto Amazonas,4556
4120101,2013,Porto Amazonas,4727
4120101,2014,Porto Amazonas,4755
4120101,2015,Porto Amazonas,4782
4120101,2016,Porto Amazonas,4809
4120101,2017,Porto Amazonas,4835
4120101,2018,Porto Amazonas,4821
4120101,2019,Porto Amazonas,4848
4120101,2020,Porto Amazonas,4874
4120101,2021,Porto Amazonas,4899
4120101,2022,Porto Amazonas,4632
4120101,2023,Porto Amazonas,4366
4120101,2024,Porto Amazonas,4099
4120101,2025,Porto Amazonas,4072
4120101,2026,Porto Amazonas,4072
4120150,2008,Porto Barreiro,3812
4120150,2009,Porto Barreiro,3768
4120150,2010,Porto Barreiro,3695
4120150,2011,Porto Barreiro,3622
4120150,2012,Porto Barreiro,3582
4120150,2013,Porto Barreiro,3640
4120150,2014,Porto Barreiro,3601
4120150,2015,Porto Barreiro,3564
4120150,2016,Porto Barreiro,3527
4120150,2017,Porto Barreiro,3491
4120150,2018,Porto Barreiro,3292
4120150,2019,Porto Barreiro,3237
4120150,2020,Porto Barreiro,3184
4120150,2021,Porto Barreiro,3133
4120150,2022,Porto Barreiro,3115
4120150,2023,Porto Barreiro,3096
4120150,2024,Porto Barreiro,3078
4120150,2025,Porto Barreiro,3057
4120150,2026,Porto Barreiro,3057
4120200,2008,Porto Rico,2526
4120200,2009,Porto Rico,2521
4120200,2010,Porto Rico,2525
4120200,2011,Porto Rico,2529
4120200,2012,Porto Rico,2527
4120200,2013,Porto Rico,2605
4120200,2014,Porto Rico,2606
4120200,2015,Porto Rico,2608
4120200,2016,Porto Rico,2610
4120200,2017,Porto Rico,2611
4120200,2018,Porto Rico,2561
4120200,2019,Porto Rico,2559
4120200,2020,Porto Rico,2556
4120200,2021,Porto Rico,2554
4120200,2022,Porto Rico,2808
4120200,2023,Porto Rico,3062
4120200,2024,Porto Rico,3316
4120200,2025,Porto Rico,3370
4120200,2026,Porto Rico,3370
4120309,2008,Porto Vitória,3856
4120309,2009,Porto Vitória,3833
4120309,2010,Porto Vitória,3926
4120309,2011,Porto Vitória,4018
4120309,2012,Porto Vitória,4016
4120309,2013,Porto Vitória,4138
4120309,2014,Porto Vitória,4141
4120309,2015,Porto Vitória,4143
4120309,2016,Porto Vitória,4146
4120309,2017,Porto Vitória,4148
4120309,2018,Porto Vitória,4068
4120309,2019,Porto Vitória,4065
4120309,2020,Porto Vitória,4061
4120309,2021,Porto Vitória,4057
4120309,2022,Porto Vitória,3888
4120309,2023,Porto Vitória,3718
4120309,2024,Porto Vitória,3549
4120309,2025,Porto Vitória,3515
4120309,2026,Porto Vitória,3515
4120333,2008,Prado Ferreira,3480
4120333,2009,Prado Ferreira,3510
4120333,2010,Prado Ferreira,3483
4120333,2011,Prado Ferreira,3456
4120333,2012,Prado Ferreira,3477
4120333,2013,Prado Ferreira,3614
4120333,2014,Prado Ferreira,3641
4120333,2015,Prado Ferreira,3668
4120333,2016,Prado Ferreira,3693
4120333,2017,Prado Ferreira,3718
4120333,2018,Prado Ferreira,3726
4120333,2019,Prado Ferreira,3753
4120333,2020,Prado Ferreira,3780
4120333,2021,Prado Ferreira,3806
4120333,2022,Prado Ferreira,3804
4120333,2023,Prado Ferreira,3801
4120333,2024,Prado Ferreira,3799
4120333,2025,Prado Ferreira,3816
4120333,2026,Prado Ferreira,3816
4120358,2008,Pranchita,5925
4120358,2009,Pranchita,5885
4120358,2010,Pranchita,5732
4120358,2011,Pranchita,5580
4120358,2012,Pranchita,5533
4120358,2013,Pranchita,5643
4120358,2014,Pranchita,5600
4120358,2015,Pranchita,5558
4120358,2016,Pranchita,5517
4120358,2017,Pranchita,5477
4120358,2018,Pranchita,5221
4120358,2019,Pranchita,5157
4120358,2020,Pranchita,5095
4120358,2021,Pranchita,5035
4120358,2022,Pranchita,5301
4120358,2023,Pranchita,5567
4120358,2024,Pranchita,5833
4120358,2025,Pranchita,5831
4120358,2026,Pranchita,5831
4120408,2008,Presidente Castelo Branco,4879
4120408,2009,Presidente Castelo Branco,4934
4120408,2010,Presidente Castelo Branco,4878
4120408,2011,Presidente Castelo Branco,4821
4120408,2012,Presidente Castelo Branco,4857
4120408,2013,Presidente Castelo Branco,5056
4120408,2014,Presidente Castelo Branco,5101
4120408,2015,Presidente Castelo Branco,5144
4120408,2016,Presidente Castelo Branco,5186
4120408,2017,Presidente Castelo Branco,5227
4120408,2018,Presidente Castelo Branco,5260
4120408,2019,Presidente Castelo Branco,5306
4120408,2020,Presidente Castelo Branco,5351
4120408,2021,Presidente Castelo Branco,5395
4120408,2022,Presidente Castelo Branco,5042
4120408,2023,Presidente Castelo Branco,4689
4120408,2024,Presidente Castelo Branco,4336
4120408,2025,Presidente Castelo Branco,4304
4120408,2026,Presidente Castelo Branco,4304
4120507,2008,Primeiro de Maio,11098
4120507,2009,Primeiro de Maio,11126
4120507,2010,Primeiro de Maio,10983
4120507,2011,Primeiro de Maio,10840
4120507,2012,Primeiro de Maio,10848
4120507,2013,Primeiro de Maio,11199
4120507,2014,Primeiro de Maio,11222
4120507,2015,Primeiro de Maio,11243
4120507,2016,Primeiro de Maio,11265
4120507,2017,Primeiro de Maio,11286
4120507,2018,Primeiro de Maio,11114
4120507,2019,Primeiro de Maio,11123
4120507,2020,Primeiro de Maio,11130
4120507,2021,Primeiro de Maio,11138
4120507,2022,Primeiro de Maio,10799
4120507,2023,Primeiro de Maio,10460
4120507,2024,Primeiro de Maio,10121
4120507,2025,Primeiro de Maio,10064
4120507,2026,Primeiro de Maio,10064
4120606,2008,Prudentópolis,50614
4120606,2009,Prudentópolis,51008
4120606,2010,Prudentópolis,49970
4120606,2011,Prudentópolis,48933
4120606,2012,Prudentópolis,49150
4120606,2013,Prudentópolis,50983
4120606,2014,Prudentópolis,51281
4120606,2015,Prudentópolis,51567
4120606,2016,Prudentópolis,51849
4120606,2017,Prudentópolis,52125
4120606,2018,Prudentópolis,51961
4120606,2019,Prudentópolis,52241
4120606,2020,Prudentópolis,52513
4120606,2021,Prudentópolis,52776
4120606,2022,Prudentópolis,51993
4120606,2023,Prudentópolis,51211
4120606,2024,Prudentópolis,50428
4120606,2025,Prudentópolis,50946
4120606,2026,Prudentópolis,50946
4118907,2008,Pérola,9637
4118907,2009,Pérola,9665
4118907,2010,Pérola,9972
4118907,2011,Pérola,10280
4118907,2012,Pérola,10348
4118907,2013,Pérola,10765
4118907,2014,Pérola,10852
4118907,2015,Pérola,10937
4118907,2016,Pérola,11020
4118907,2017,Pérola,11101
4118907,2018,Pérola,11144
4118907,2019,Pérola,11234
4118907,2020,Pérola,11321
4118907,2021,Pérola,11406
4118907,2022,Pérola,11696
4118907,2023,Pérola,11985
4118907,2024,Pérola,12275
4118907,2025,Pérola,12389
4118907,2026,Pérola,12389
4119004,2008,Pérola d'Oeste,7222
4119004,2009,Pérola d'Oeste,7202
4119004,2010,Pérola d'Oeste,6959
4119004,2011,Pérola d'Oeste,6716
4119004,2012,Pérola d'Oeste,6672
4119004,2013,Pérola d'Oeste,6822
4119004,2014,Pérola d'Oeste,6783
4119004,2015,Pérola d'Oeste,6746
4119004,2016,Pérola d'Oeste,6710
4119004,2017,Pérola d'Oeste,6674
4119004,2018,Pérola d'Oeste,6407
4119004,2019,Pérola d'Oeste,6347
4119004,2020,Pérola d'Oeste,6288
4119004,2021,Pérola d'Oeste,6232
4119004,2022,Pérola d'Oeste,6233
4119004,2023,Pérola d'Oeste,6234
4119004,2024,Pérola d'Oeste,6235
4119004,2025,Pérola d'Oeste,6218
4119004,2026,Pérola d'Oeste,6218
4120655,2008,Quarto Centenário,4927
4120655,2009,Quarto Centenário,4881
4120655,2010,Quarto Centenário,4850
4120655,2011,Quarto Centenário,4820
4120655,2012,Quarto Centenário,4784
4120655,2013,Quarto Centenário,4887
4120655,2014,Quarto Centenário,4855
4120655,2015,Quarto Centenário,4824
4120655,2016,Quarto Centenário,4794
4120655,2017,Quarto Centenário,4764
4120655,2018,Quarto Centenário,4560
4120655,2019,Quarto Centenário,4512
4120655,2020,Quarto Centenário,4465
4120655,2021,Quarto Centenário,4420
4120655,2022,Quarto Centenário,4337
4120655,2023,Quarto Centenário,4253
4120655,2024,Quarto Centenário,4170
4120655,2025,Quarto Centenário,4127
4120655,2026,Quarto Centenário,4127
4120705,2008,Quatiguá,7116
4120705,2009,Quatiguá,7148
4120705,2010,Quatiguá,7108
4120705,2011,Quatiguá,7069
4120705,2012,Quatiguá,7091
4120705,2013,Quatiguá,7344
4120705,2014,Quatiguá,7377
4120705,2015,Quatiguá,7410
4120705,2016,Quatiguá,7441
4120705,2017,Quatiguá,7472
4120705,2018,Quatiguá,7420
4120705,2019,Quatiguá,7449
4120705,2020,Quatiguá,7477
4120705,2021,Quatiguá,7504
4120705,2022,Quatiguá,7788
4120705,2023,Quatiguá,8073
4120705,2024,Quatiguá,8357
4120705,2025,Quatiguá,8426
4120705,2026,Quatiguá,8426
4120804,2008,Quatro Barras,19002
4120804,2009,Quatro Barras,19277
4120804,2010,Quatro Barras,19706
4120804,2011,Quatro Barras,20135
4120804,2012,Quatro Barras,20409
4120804,2013,Quatro Barras,21417
4120804,2014,Quatro Barras,21738
4120804,2015,Quatro Barras,22048
4120804,2016,Quatro Barras,22353
4120804,2017,Quatro Barras,22651
4120804,2018,Quatro Barras,23199
4120804,2019,Quatro Barras,23559
4120804,2020,Quatro Barras,23911
4120804,2021,Quatro Barras,24253
4120804,2022,Quatro Barras,24538
4120804,2023,Quatro Barras,24824
4120804,2024,Quatro Barras,25109
4120804,2025,Quatro Barras,25397
4120804,2026,Quatro Barras,25397
4120853,2008,Quatro Pontes,3789
4120853,2009,Quatro Pontes,3800
4120853,2010,Quatro Pontes,3808
4120853,2011,Quatro Pontes,3816
4120853,2012,Quatro Pontes,3827
4120853,2013,Quatro Pontes,3963
4120853,2014,Quatro Pontes,3981
4120853,2015,Quatro Pontes,3998
4120853,2016,Quatro Pontes,4014
4120853,2017,Quatro Pontes,4031
4120853,2018,Quatro Pontes,4000
4120853,2019,Quatro Pontes,4015
4120853,2020,Quatro Pontes,4029
4120853,2021,Quatro Pontes,4043
4120853,2022,Quatro Pontes,4241
4120853,2023,Quatro Pontes,4438
4120853,2024,Quatro Pontes,4636
4120853,2025,Quatro Pontes,4672
4120853,2026,Quatro Pontes,4672
4120903,2008,Quedas do Iguaçu,31572
4120903,2009,Quedas do Iguaçu,31976
4120903,2010,Quedas do Iguaçu,31415
4120903,2011,Quedas do Iguaçu,30854
4120903,2012,Quedas do Iguaçu,31095
4120903,2013,Quedas do Iguaçu,32393
4120903,2014,Quedas do Iguaçu,32693
4120903,2015,Quedas do Iguaçu,32982
4120903,2016,Quedas do Iguaçu,33265
4120903,2017,Quedas do Iguaçu,33543
4120903,2018,Quedas do Iguaçu,33788
4120903,2019,Quedas do Iguaçu,34103
4120903,2020,Quedas do Iguaçu,34409
4120903,2021,Quedas do Iguaçu,34707
4120903,2022,Quedas do Iguaçu,33606
4120903,2023,Quedas do Iguaçu,32506
4120903,2024,Quedas do Iguaçu,31405
4120903,2025,Quedas do Iguaçu,31423
4120903,2026,Quedas do Iguaçu,31423
4121000,2008,Querência do Norte,12235
4121000,2009,Querência do Norte,12306
4121000,2010,Querência do Norte,12029
4121000,2011,Querência do Norte,11752
4121000,2012,Querência do Norte,11773
4121000,2013,Querência do Norte,12171
4121000,2014,Querência do Norte,12210
4121000,2015,Querência do Norte,12247
4121000,2016,Querência do Norte,12284
4121000,2017,Querência do Norte,12320
4121000,2018,Querência do Norte,12180
4121000,2019,Querência do Norte,12206
4121000,2020,Querência do Norte,12232
4121000,2021,Querência do Norte,12257
4121000,2022,Querência do Norte,11736
4121000,2023,Querência do Norte,11214
4121000,2024,Querência do Norte,10693
4121000,2025,Querência do Norte,10625
4121000,2026,Querência do Norte,10625
4121109,2008,Quinta do Sol,5246
4121109,2009,Quinta do Sol,5189
4121109,2010,Quinta do Sol,5113
4121109,2011,Quinta do Sol,5037
4121109,2012,Quinta do Sol,4987
4121109,2013,Quinta do Sol,5077
4121109,2014,Quinta do Sol,5030
4121109,2015,Quinta do Sol,4985
4121109,2016,Quinta do Sol,4941
4121109,2017,Quinta do Sol,4897
4121109,2018,Quinta do Sol,4640
4121109,2019,Quinta do Sol,4573
4121109,2020,Quinta do Sol,4508
4121109,2021,Quinta do Sol,4444
4121109,2022,Quinta do Sol,4649
4121109,2023,Quinta do Sol,4855
4121109,2024,Quinta do Sol,5060
4121109,2025,Quinta do Sol,5052
4121109,2026,Quinta do Sol,5052
4121208,2008,Quitandinha,16497
4121208,2009,Quitandinha,16608
4121208,2010,Quitandinha,16918
4121208,2011,Quitandinha,17229
4121208,2012,Quitandinha,17364
4121208,2013,Quitandinha,18089
4121208,2014,Quitandinha,18257
4121208,2015,Quitandinha,18419
4121208,2016,Quitandinha,18578
4121208,2017,Quitandinha,18733
4121208,2018,Quitandinha,18873
4121208,2019,Quitandinha,19049
4121208,2020,Quitandinha,19221
4121208,2021,Quitandinha,19388
4121208,2022,Quitandinha,19200
4121208,2023,Quitandinha,19011
4121208,2024,Quitandinha,18823
4121208,2025,Quitandinha,18882
4121208,2026,Quitandinha,18882
4121257,2008,Ramilândia,4322
4121257,2009,Ramilândia,4365
4121257,2010,Ramilândia,4260
4121257,2011,Ramilândia,4155
4121257,2012,Ramilândia,4175
4121257,2013,Ramilândia,4332
4121257,2014,Ramilândia,4359
4121257,2015,Ramilândia,4385
4121257,2016,Ramilândia,4410
4121257,2017,Ramilândia,4435
4121257,2018,Ramilândia,4426
4121257,2019,Ramilândia,4451
4121257,2020,Ramilândia,4476
4121257,2021,Ramilândia,4500
4121257,2022,Ramilândia,4431
4121257,2023,Ramilândia,4362
4121257,2024,Ramilândia,4293
4121257,2025,Ramilândia,4279
4121257,2026,Ramilândia,4279
4121307,2008,Rancho Alegre,4097
4121307,2009,Rancho Alegre,4083
4121307,2010,Rancho Alegre,4010
4121307,2011,Rancho Alegre,3937
4121307,2012,Rancho Alegre,3919
4121307,2013,Rancho Alegre,4018
4121307,2014,Rancho Alegre,4004
4121307,2015,Rancho Alegre,3990
4121307,2016,Rancho Alegre,3977
4121307,2017,Rancho Alegre,3963
4121307,2018,Rancho Alegre,3832
4121307,2019,Rancho Alegre,3808
4121307,2020,Rancho Alegre,3784
4121307,2021,Rancho Alegre,3760
4121307,2022,Rancho Alegre,3674
4121307,2023,Rancho Alegre,3587
4121307,2024,Rancho Alegre,3501
4121307,2025,Rancho Alegre,3472
4121307,2026,Rancho Alegre,3472
4121356,2008,Rancho Alegre D'Oeste,2992
4121356,2009,Rancho Alegre D'Oeste,2976
4121356,2010,Rancho Alegre D'Oeste,2902
4121356,2011,Rancho Alegre D'Oeste,2827
4121356,2012,Rancho Alegre D'Oeste,2807
4121356,2013,Rancho Alegre D'Oeste,2868
4121356,2014,Rancho Alegre D'Oeste,2850
4121356,2015,Rancho Alegre D'Oeste,2833
4121356,2016,Rancho Alegre D'Oeste,2816
4121356,2017,Rancho Alegre D'Oeste,2800
4121356,2018,Rancho Alegre D'Oeste,2682
4121356,2019,Rancho Alegre D'Oeste,2655
4121356,2020,Rancho Alegre D'Oeste,2628
4121356,2021,Rancho Alegre D'Oeste,2602
4121356,2022,Rancho Alegre D'Oeste,2614
4121356,2023,Rancho Alegre D'Oeste,2626
4121356,2024,Rancho Alegre D'Oeste,2638
4121356,2025,Rancho Alegre D'Oeste,2623
4121356,2026,Rancho Alegre D'Oeste,2623
4121406,2008,Realeza,16276
4121406,2009,Realeza,16288
4121406,2010,Realeza,16326
4121406,2011,Realeza,16363
4121406,2012,Realeza,16386
4121406,2013,Realeza,16932
4121406,2014,Realeza,16978
4121406,2015,Realeza,17023
4121406,2016,Realeza,17068
4121406,2017,Realeza,17111
4121406,2018,Realeza,16894
4121406,2019,Realeza,16922
4121406,2020,Realeza,16950
4121406,2021,Realeza,16976
4121406,2022,Realeza,17952
4121406,2023,Realeza,18927
4121406,2024,Realeza,19903
4121406,2025,Realeza,20097
4121406,2026,Realeza,20097
4121505,2008,Rebouças,14558
4121505,2009,Rebouças,14637
4121505,2010,Rebouças,14426
4121505,2011,Rebouças,14216
4121505,2012,Rebouças,14254
4121505,2013,Rebouças,14752
4121505,2014,Rebouças,14812
4121505,2015,Rebouças,14869
4121505,2016,Rebouças,14926
4121505,2017,Rebouças,14981
4121505,2018,Rebouças,14851
4121505,2019,Rebouças,14899
4121505,2020,Rebouças,14946
4121505,2021,Rebouças,14991
4121505,2022,Rebouças,14912
4121505,2023,Rebouças,14833
4121505,2024,Rebouças,14754
4121505,2025,Rebouças,14825
4121505,2026,Rebouças,14825
4121604,2008,Renascença,6945
4121604,2009,Renascença,6937
4121604,2010,Renascença,6869
4121604,2011,Renascença,6801
4121604,2012,Renascença,6790
4121604,2013,Renascença,6989
4121604,2014,Renascença,6986
4121604,2015,Renascença,6984
4121604,2016,Renascença,6981
4121604,2017,Renascença,6979
4121604,2018,Renascença,6818
4121604,2019,Renascença,6802
4121604,2020,Renascença,6787
4121604,2021,Renascença,6772
4121604,2022,Renascença,6830
4121604,2023,Renascença,6888
4121604,2024,Renascença,6946
4121604,2025,Renascença,6945
4121604,2026,Renascença,6945
4121703,2008,Reserva,25059
4121703,2009,Reserva,25148
4121703,2010,Reserva,25206
4121703,2011,Reserva,25264
4121703,2012,Reserva,25353
4121703,2013,Reserva,26268
4121703,2014,Reserva,26397
4121703,2015,Reserva,26522
4121703,2016,Reserva,26643
4121703,2017,Reserva,26763
4121703,2018,Reserva,26602
4121703,2019,Reserva,26715
4121703,2020,Reserva,26825
4121703,2021,Reserva,26933
4121703,2022,Reserva,26239
4121703,2023,Reserva,25545
4121703,2024,Reserva,24851
4121703,2025,Reserva,24878
4121703,2026,Reserva,24878
4121752,2008,Reserva do Iguaçu,7383
4121752,2009,Reserva do Iguaçu,7449
4121752,2010,Reserva do Iguaçu,7402
4121752,2011,Reserva do Iguaçu,7356
4121752,2012,Reserva do Iguaçu,7402
4121752,2013,Reserva do Iguaçu,7697
4121752,2014,Reserva do Iguaçu,7757
4121752,2015,Reserva do Iguaçu,7815
4121752,2016,Reserva do Iguaçu,7872
4121752,2017,Reserva do Iguaçu,7927
4121752,2018,Reserva do Iguaçu,7950
4121752,2019,Reserva do Iguaçu,8010
4121752,2020,Reserva do Iguaçu,8069
4121752,2021,Reserva do Iguaçu,8127
4121752,2022,Reserva do Iguaçu,7599
4121752,2023,Reserva do Iguaçu,7071
4121752,2024,Reserva do Iguaçu,6543
4121752,2025,Reserva do Iguaçu,6493
4121752,2026,Reserva do Iguaçu,6493
4121802,2008,Ribeirão Claro,11223
4121802,2009,Ribeirão Claro,11246
4121802,2010,Ribeirão Claro,10954
4121802,2011,Ribeirão Claro,10661
4121802,2012,Ribeirão Claro,10645
4121802,2013,Ribeirão Claro,10956
4121802,2014,Ribeirão Claro,10952
4121802,2015,Ribeirão Claro,10949
4121802,2016,Ribeirão Claro,10945
4121802,2017,Ribeirão Claro,10941
4121802,2018,Ribeirão Claro,10693
4121802,2019,Ribeirão Claro,10668
4121802,2020,Ribeirão Claro,10645
4121802,2021,Ribeirão Claro,10622
4121802,2022,Ribeirão Claro,11338
4121802,2023,Ribeirão Claro,12054
4121802,2024,Ribeirão Claro,12770
4121802,2025,Ribeirão Claro,12856
4121802,2026,Ribeirão Claro,12856
4121901,2008,Ribeirão do Pinhal,13666
4121901,2009,Ribeirão do Pinhal,13584
4121901,2010,Ribeirão do Pinhal,13523
4121901,2011,Ribeirão do Pinhal,13462
4121901,2012,Ribeirão do Pinhal,13401
4121901,2013,Ribeirão do Pinhal,13740
4121901,2014,Ribeirão do Pinhal,13692
4121901,2015,Ribeirão do Pinhal,13646
4121901,2016,Ribeirão do Pinhal,13601
4121901,2017,Ribeirão do Pinhal,13557
4121901,2018,Ribeirão do Pinhal,13112
4121901,2019,Ribeirão do Pinhal,13029
4121901,2020,Ribeirão do Pinhal,12948
4121901,2021,Ribeirão do Pinhal,12869
4121901,2022,Ribeirão do Pinhal,12973
4121901,2023,Ribeirão do Pinhal,13076
4121901,2024,Ribeirão do Pinhal,13180
4121901,2025,Ribeirão do Pinhal,13158
4121901,2026,Ribeirão do Pinhal,13158
4122008,2008,Rio Azul,13702
4122008,2009,Rio Azul,13760
4122008,2010,Rio Azul,13968
4122008,2011,Rio Azul,14176
4122008,2012,Rio Azul,14255
4122008,2013,Rio Azul,14809
4122008,2014,Rio Azul,14913
4122008,2015,Rio Azul,15014
4122008,2016,Rio Azul,15112
4122008,2017,Rio Azul,15125
4122008,2018,Rio Azul,15134
4122008,2019,Rio Azul,15236
4122008,2020,Rio Azul,15336
4122008,2021,Rio Azul,15433
4122008,2022,Rio Azul,15027
4122008,2023,Rio Azul,14620
4122008,2024,Rio Azul,14214
4122008,2025,Rio Azul,14174
4122008,2026,Rio Azul,14174
4122107,2008,Rio Bom,3319
4122107,2009,Rio Bom,3292
4122107,2010,Rio Bom,3305
4122107,2011,Rio Bom,3318
4122107,2012,Rio Bom,3302
4122107,2013,Rio Bom,3385
4122107,2014,Rio Bom,3372
4122107,2015,Rio Bom,3360
4122107,2016,Rio Bom,3348
4122107,2017,Rio Bom,3337
4122107,2018,Rio Bom,3225
4122107,2019,Rio Bom,3203
4122107,2020,Rio Bom,3182
4122107,2021,Rio Bom,3162
4122107,2022,Rio Bom,3182
4122107,2023,Rio Bom,3203
4122107,2024,Rio Bom,3223
4122107,2025,Rio Bom,3214
4122107,2026,Rio Bom,3214
4122156,2008,Rio Bonito do Iguaçu,15009
4122156,2009,Rio Bonito do Iguaçu,15121
4122156,2010,Rio Bonito do Iguaçu,14386
4122156,2011,Rio Bonito do Iguaçu,13652
4122156,2012,Rio Bonito do Iguaçu,13125
4122156,2013,Rio Bonito do Iguaçu,13524
4122156,2014,Rio Bonito do Iguaçu,13532
4122156,2015,Rio Bonito do Iguaçu,13538
4122156,2016,Rio Bonito do Iguaçu,13545
4122156,2017,Rio Bonito do Iguaçu,13552
4122156,2018,Rio Bonito do Iguaçu,13283
4122156,2019,Rio Bonito do Iguaçu,13269
4122156,2020,Rio Bonito do Iguaçu,13255
4122156,2021,Rio Bonito do Iguaçu,13240
4122156,2022,Rio Bonito do Iguaçu,13571
4122156,2023,Rio Bonito do Iguaçu,13903
4122156,2024,Rio Bonito do Iguaçu,14234
4122156,2025,Rio Bonito do Iguaçu,14297
4122156,2026,Rio Bonito do Iguaçu,14297
4122172,2008,Rio Branco do Ivaí,3986
4122172,2009,Rio Branco do Ivaí,4006
4122172,2010,Rio Branco do Ivaí,3958
4122172,2011,Rio Branco do Ivaí,3909
4122172,2012,Rio Branco do Ivaí,3920
4122172,2013,Rio Branco do Ivaí,4056
4122172,2014,Rio Branco do Ivaí,4072
4122172,2015,Rio Branco do Ivaí,4088
4122172,2016,Rio Branco do Ivaí,4104
4122172,2017,Rio Branco do Ivaí,4119
4122172,2018,Rio Branco do Ivaí,4083
4122172,2019,Rio Branco do Ivaí,4096
4122172,2020,Rio Branco do Ivaí,4109
4122172,2021,Rio Branco do Ivaí,4121
4122172,2022,Rio Branco do Ivaí,4031
4122172,2023,Rio Branco do Ivaí,3940
4122172,2024,Rio Branco do Ivaí,3850
4122172,2025,Rio Branco do Ivaí,3841
4122172,2026,Rio Branco do Ivaí,3841
4122206,2008,Rio Branco do Sul,32815
4122206,2009,Rio Branco do Sul,33142
4122206,2010,Rio Branco do Sul,31946
4122206,2011,Rio Branco do Sul,30751
4122206,2012,Rio Branco do Sul,30848
4122206,2013,Rio Branco do Sul,31947
4122206,2014,Rio Branco do Sul,32092
4122206,2015,Rio Branco do Sul,32232
4122206,2016,Rio Branco do Sul,32369
4122206,2017,Rio Branco do Sul,32504
4122206,2018,Rio Branco do Sul,32273
4122206,2019,Rio Branco do Sul,32397
4122206,2020,Rio Branco do Sul,32517
4122206,2021,Rio Branco do Sul,32635
4122206,2022,Rio Branco do Sul,34859
4122206,2023,Rio Branco do Sul,37083
4122206,2024,Rio Branco do Sul,39307
4122206,2025,Rio Branco do Sul,40308
4122206,2026,Rio Branco do Sul,40308
4122305,2008,Rio Negro,30985
4122305,2009,Rio Negro,31191
4122305,2010,Rio Negro,31331
4122305,2011,Rio Negro,31471
4122305,2012,Rio Negro,31662
4122305,2013,Rio Negro,32911
4122305,2014,Rio Negro,33157
4122305,2015,Rio Negro,33395
4122305,2016,Rio Negro,33628
4122305,2017,Rio Negro,33857
4122305,2018,Rio Negro,33922
4122305,2019,Rio Negro,34170
4122305,2020,Rio Negro,34411
4122305,2021,Rio Negro,34645
4122305,2022,Rio Negro,33761
4122305,2023,Rio Negro,32876
4122305,2024,Rio Negro,31992
4122305,2025,Rio Negro,31951
4122305,2026,Rio Negro,31951
4122404,2008,Rolândia,55750
4122404,2009,Rolândia,56352
4122404,2010,Rolândia,57432
4122404,2011,Rolândia,58511
4122404,2012,Rolândia,59139
4122404,2013,Rolândia,61837
4122404,2014,Rolândia,62590
4122404,2015,Rolândia,63316
4122404,2016,Rolândia,64028
4122404,2017,Rolândia,64726
4122404,2018,Rolândia,65757
4122404,2019,Rolândia,66580
4122404,2020,Rolândia,67383
4122404,2021,Rolândia,68165
4122404,2022,Rolândia,70422
4122404,2023,Rolândia,72678
4122404,2024,Rolândia,74935
4122404,2025,Rolândia,75818
4122404,2026,Rolândia,75818
4122503,2008,Roncador,12442
4122503,2009,Roncador,12309
4122503,2010,Roncador,11843
4122503,2011,Roncador,11377
4122503,2012,Roncador,11221
4122503,2013,Roncador,11365
4122503,2014,Roncador,11212
4122503,2015,Roncador,11065
4122503,2016,Roncador,10921
4122503,2017,Roncador,10779
4122503,2018,Roncador,10058
4122503,2019,Roncador,9849
4122503,2020,Roncador,9645
4122503,2021,Roncador,9447
4122503,2022,Roncador,10088
4122503,2023,Roncador,10730
4122503,2024,Roncador,11371
4122503,2025,Roncador,11339
4122503,2026,Roncador,11339
4122602,2008,Rondon,9385
4122602,2009,Rondon,9465
4122602,2010,Rondon,9245
4122602,2011,Rondon,9025
4122602,2012,Rondon,9060
4122602,2013,Rondon,9391
4122602,2014,Rondon,9441
4122602,2015,Rondon,9488
4122602,2016,Rondon,9535
4122602,2017,Rondon,9581
4122602,2018,Rondon,9534
4122602,2019,Rondon,9579
4122602,2020,Rondon,9622
4122602,2021,Rondon,9664
4122602,2022,Rondon,9523
4122602,2023,Rondon,9381
4122602,2024,Rondon,9240
4122602,2025,Rondon,9255
4122602,2026,Rondon,9255
4122651,2008,Rosário do Ivaí,5890
4122651,2009,Rosário do Ivaí,5813
4122651,2010,Rosário do Ivaí,5662
4122651,2011,Rosário do Ivaí,5512
4122651,2012,Rosário do Ivaí,5438
4122651,2013,Rosário do Ivaí,5509
4122651,2014,Rosário do Ivaí,5437
4122651,2015,Rosário do Ivaí,5367
4122651,2016,Rosário do Ivaí,5298
4122651,2017,Rosário do Ivaí,5231
4122651,2018,Rosário do Ivaí,4886
4122651,2019,Rosário do Ivaí,4786
4122651,2020,Rosário do Ivaí,4689
4122651,2021,Rosário do Ivaí,4595
4122651,2022,Rosário do Ivaí,4894
4122651,2023,Rosário do Ivaí,5192
4122651,2024,Rosário do Ivaí,5491
4122651,2025,Rosário do Ivaí,5484
4122651,2026,Rosário do Ivaí,5484
4122701,2008,Sabáudia,5625
4122701,2009,Sabáudia,5642
4122701,2010,Sabáudia,5896
4122701,2011,Sabáudia,6149
4122701,2012,Sabáudia,6200
4122701,2013,Sabáudia,6462
4122701,2014,Sabáudia,6524
4122701,2015,Sabáudia,6585
4122701,2016,Sabáudia,6644
4122701,2017,Sabáudia,6702
4122701,2018,Sabáudia,6760
4122701,2019,Sabáudia,6827
4122701,2020,Sabáudia,6891
4122701,2021,Sabáudia,6954
4122701,2022,Sabáudia,7743
4122701,2023,Sabáudia,8531
4122701,2024,Sabáudia,9320
4122701,2025,Sabáudia,9511
4122701,2026,Sabáudia,9511
4122800,2008,Salgado Filho,4709
4122800,2009,Salgado Filho,4640
4122800,2010,Salgado Filho,4484
4122800,2011,Salgado Filho,4327
4122800,2012,Salgado Filho,4253
4122800,2013,Salgado Filho,4287
4122800,2014,Salgado Filho,4213
4122800,2015,Salgado Filho,4142
4122800,2016,Salgado Filho,4072
4122800,2017,Salgado Filho,4003
4122800,2018,Salgado Filho,3679
4122800,2019,Salgado Filho,3580
4122800,2020,Salgado Filho,3483
4122800,2021,Salgado Filho,3389
4122800,2022,Salgado Filho,3625
4122800,2023,Salgado Filho,3861
4122800,2024,Salgado Filho,4097
4122800,2025,Salgado Filho,4090
4122800,2026,Salgado Filho,4090
4122909,2008,Salto do Itararé,5177
4122909,2009,Salto do Itararé,5134
4122909,2010,Salto do Itararé,5142
4122909,2011,Salto do Itararé,5150
4122909,2012,Salto do Itararé,5122
4122909,2013,Salto do Itararé,5246
4122909,2014,Salto do Itararé,5223
4122909,2015,Salto do Itararé,5201
4122909,2016,Salto do Itararé,5179
4122909,2017,Salto do Itararé,5158
4122909,2018,Salto do Itararé,4973
4122909,2019,Salto do Itararé,4935
4122909,2020,Salto do Itararé,4898
4122909,2021,Salto do Itararé,4862
4122909,2022,Salto do Itararé,4997
4122909,2023,Salto do Itararé,5132
4122909,2024,Salto do Itararé,5267
4122909,2025,Salto do Itararé,5214
4122909,2026,Salto do Itararé,5214
4123006,2008,Salto do Lontra,12832
4123006,2009,Salto do Lontra,12828
4123006,2010,Salto do Lontra,13294
4123006,2011,Salto do Lontra,13761
4123006,2012,Salto do Lontra,13830
4123006,2013,Salto do Lontra,14357
4123006,2014,Salto do Lontra,14450
4123006,2015,Salto do Lontra,14539
4123006,2016,Salto do Lontra,14627
4123006,2017,Salto do Lontra,14713
4123006,2018,Salto do Lontra,14695
4123006,2019,Salto do Lontra,14785
4123006,2020,Salto do Lontra,14872
4123006,2021,Salto do Lontra,14957
4123006,2022,Salto do Lontra,15183
4123006,2023,Salto do Lontra,15410
4123006,2024,Salto do Lontra,15636
4123006,2025,Salto do Lontra,15706
4123006,2026,Salto do Lontra,15706
4123105,2008,Santa Amélia,4137
4123105,2009,Santa Amélia,4105
4123105,2010,Santa Amélia,3931
4123105,2011,Santa Amélia,3757
4123105,2012,Santa Amélia,3712
4123105,2013,Santa Amélia,3769
4123105,2014,Santa Amélia,3726
4123105,2015,Santa Amélia,3684
4123105,2016,Santa Amélia,3643
4123105,2017,Santa Amélia,3603
4123105,2018,Santa Amélia,3385
4123105,2019,Santa Amélia,3324
4123105,2020,Santa Amélia,3266
4123105,2021,Santa Amélia,3208
4123105,2022,Santa Amélia,3267
4123105,2023,Santa Amélia,3327
4123105,2024,Santa Amélia,3386
4123105,2025,Santa Amélia,3358
4123105,2026,Santa Amélia,3358
4123204,2008,Santa Cecília do Pavão,3732
4123204,2009,Santa Cecília do Pavão,3695
4123204,2010,Santa Cecília do Pavão,3654
4123204,2011,Santa Cecília do Pavão,3614
4123204,2012,Santa Cecília do Pavão,3583
4123204,2013,Santa Cecília do Pavão,3654
4123204,2014,Santa Cecília do Pavão,3625
4123204,2015,Santa Cecília do Pavão,3597
4123204,2016,Santa Cecília do Pavão,3570
4123204,2017,Santa Cecília do Pavão,3544
4123204,2018,Santa Cecília do Pavão,3376
4123204,2019,Santa Cecília do Pavão,3334
4123204,2020,Santa Cecília do Pavão,3293
4123204,2021,Santa Cecília do Pavão,3253
4123204,2022,Santa Cecília do Pavão,3294
4123204,2023,Santa Cecília do Pavão,3334
4123204,2024,Santa Cecília do Pavão,3375
4123204,2025,Santa Cecília do Pavão,3357
4123204,2026,Santa Cecília do Pavão,3357
4123303,2008,Santa Cruz de Monte Castelo,8074
4123303,2009,Santa Cruz de Monte Castelo,8015
4123303,2010,Santa Cruz de Monte Castelo,8035
4123303,2011,Santa Cruz de Monte Castelo,8055
4123303,2012,Santa Cruz de Monte Castelo,8019
4123303,2013,Santa Cruz de Monte Castelo,8222
4123303,2014,Santa Cruz de Monte Castelo,8194
4123303,2015,Santa Cruz de Monte Castelo,8166
4123303,2016,Santa Cruz de Monte Castelo,8140
4123303,2017,Santa Cruz de Monte Castelo,8113
4123303,2018,Santa Cruz de Monte Castelo,7849
4123303,2019,Santa Cruz de Monte Castelo,7800
4123303,2020,Santa Cruz de Monte Castelo,7751
4123303,2021,Santa Cruz de Monte Castelo,7705
4123303,2022,Santa Cruz de Monte Castelo,8072
4123303,2023,Santa Cruz de Monte Castelo,8439
4123303,2024,Santa Cruz de Monte Castelo,8806
4123303,2025,Santa Cruz de Monte Castelo,8840
4123303,2026,Santa Cruz de Monte Castelo,8840
4123402,2008,Santa Fé,10224
4123402,2009,Santa Fé,10354
4123402,2010,Santa Fé,10453
4123402,2011,Santa Fé,10552
4123402,2012,Santa Fé,10668
4123402,2013,Santa Fé,11158
4123402,2014,Santa Fé,11297
4123402,2015,Santa Fé,11431
4123402,2016,Santa Fé,11562
4123402,2017,Santa Fé,11691
4123402,2018,Santa Fé,11885
4123402,2019,Santa Fé,12037
4123402,2020,Santa Fé,12186
4123402,2021,Santa Fé,12330
4123402,2022,Santa Fé,12110
4123402,2023,Santa Fé,11889
4123402,2024,Santa Fé,11669
4123402,2025,Santa Fé,11730
4123402,2026,Santa Fé,11730
4123501,2008,Santa Helena,23872
4123501,2009,Santa Helena,24198
4123501,2010,Santa Helena,23918
4123501,2011,Santa Helena,23638
4123501,2012,Santa Helena,23855
4123501,2013,Santa Helena,24895
4123501,2014,Santa Helena,25159
4123501,2015,Santa Helena,25415
4123501,2016,Santa Helena,25665
4123501,2017,Santa Helena,25911
4123501,2018,Santa Helena,26206
4123501,2019,Santa Helena,26490
4123501,2020,Santa Helena,26767
4123501,2021,Santa Helena,27036
4123501,2022,Santa Helena,26804
4123501,2023,Santa Helena,26573
4123501,2024,Santa Helena,26341
4123501,2025,Santa Helena,26461
4123501,2026,Santa Helena,26461
4123600,2008,Santa Inês,1904
4123600,2009,Santa Inês,1882
4123600,2010,Santa Inês,1840
4123600,2011,Santa Inês,1797
4123600,2012,Santa Inês,1776
4123600,2013,Santa Inês,1804
4123600,2014,Santa Inês,1784
4123600,2015,Santa Inês,1765
4123600,2016,Santa Inês,1746
4123600,2017,Santa Inês,1727
4123600,2018,Santa Inês,1624
4123600,2019,Santa Inês,1596
4123600,2020,Santa Inês,1594
4123600,2021,Santa Inês,1568
4123600,2022,Santa Inês,1632
4123600,2023,Santa Inês,1696
4123600,2024,Santa Inês,1760
4123600,2025,Santa Inês,1745
4123600,2026,Santa Inês,1745
4123709,2008,Santa Isabel do Ivaí,8678
4123709,2009,Santa Isabel do Ivaí,8621
4123709,2010,Santa Isabel do Ivaí,8676
4123709,2011,Santa Isabel do Ivaí,8730
4123709,2012,Santa Isabel do Ivaí,8701
4123709,2013,Santa Isabel do Ivaí,8935
4123709,2014,Santa Isabel do Ivaí,8915
4123709,2015,Santa Isabel do Ivaí,8896
4123709,2016,Santa Isabel do Ivaí,8877
4123709,2017,Santa Isabel do Ivaí,8858
4123709,2018,Santa Isabel do Ivaí,8603
4123709,2019,Santa Isabel do Ivaí,8562
4123709,2020,Santa Isabel do Ivaí,8523
4123709,2021,Santa Isabel do Ivaí,8484
4123709,2022,Santa Isabel do Ivaí,8676
4123709,2023,Santa Isabel do Ivaí,8867
4123709,2024,Santa Isabel do Ivaí,9059
4123709,2025,Santa Isabel do Ivaí,9043
4123709,2026,Santa Isabel do Ivaí,9043
4123808,2008,Santa Izabel do Oeste,11753
4123808,2009,Santa Izabel do Oeste,11747
4123808,2010,Santa Izabel do Oeste,12494
4123808,2011,Santa Izabel do Oeste,13242
4123808,2012,Santa Izabel do Oeste,13347
4123808,2013,Santa Izabel do Oeste,13908
4123808,2014,Santa Izabel do Oeste,14039
4123808,2015,Santa Izabel do Oeste,14165
4123808,2016,Santa Izabel do Oeste,14289
4123808,2017,Santa Izabel do Oeste,14411
4123808,2018,Santa Izabel do Oeste,14521
4123808,2019,Santa Izabel do Oeste,14659
4123808,2020,Santa Izabel do Oeste,14794
4123808,2021,Santa Izabel do Oeste,14924
4123808,2022,Santa Izabel do Oeste,14744
4123808,2023,Santa Izabel do Oeste,14565
4123808,2024,Santa Izabel do Oeste,14385
4123808,2025,Santa Izabel do Oeste,14462
4123808,2026,Santa Izabel do Oeste,14462
4123824,2008,Santa Lúcia,3781
4123824,2009,Santa Lúcia,3743
4123824,2010,Santa Lúcia,3826
4123824,2011,Santa Lúcia,3910
4123824,2012,Santa Lúcia,3895
4123824,2013,Santa Lúcia,3997
4123824,2014,Santa Lúcia,3986
4123824,2015,Santa Lúcia,3976
4123824,2016,Santa Lúcia,3965
4123824,2017,Santa Lúcia,3955
4123824,2018,Santa Lúcia,3834
4123824,2019,Santa Lúcia,3813
4123824,2020,Santa Lúcia,3793
4123824,2021,Santa Lúcia,3795
4123824,2022,Santa Lúcia,3749
4123824,2023,Santa Lúcia,3703
4123824,2024,Santa Lúcia,3657
4123824,2025,Santa Lúcia,3638
4123824,2026,Santa Lúcia,3638
4123857,2008,Santa Maria do Oeste,11590
4123857,2009,Santa Maria do Oeste,11369
4123857,2010,Santa Maria do Oeste,11352
4123857,2011,Santa Maria do Oeste,11336
4123857,2012,Santa Maria do Oeste,11178
4123857,2013,Santa Maria do Oeste,11315
4123857,2014,Santa Maria do Oeste,11159
4123857,2015,Santa Maria do Oeste,11009
4123857,2016,Santa Maria do Oeste,10861
4123857,2017,Santa Maria do Oeste,10716
4123857,2018,Santa Maria do Oeste,9824
4123857,2019,Santa Maria do Oeste,9615
4123857,2020,Santa Maria do Oeste,9410
4123857,2021,Santa Maria do Oeste,9210
4123857,2022,Santa Maria do Oeste,9468
4123857,2023,Santa Maria do Oeste,9727
4123857,2024,Santa Maria do Oeste,9985
4123857,2025,Santa Maria do Oeste,9869
4123857,2026,Santa Maria do Oeste,9869
4123907,2008,Santa Mariana,12143
4123907,2009,Santa Mariana,11996
4123907,2010,Santa Mariana,12176
4123907,2011,Santa Mariana,12356
4123907,2012,Santa Mariana,12279
4123907,2013,Santa Mariana,12562
4123907,2014,Santa Mariana,12496
4123907,2015,Santa Mariana,12432
4123907,2016,Santa Mariana,12369
4123907,2017,Santa Mariana,12307
4123907,2018,Santa Mariana,11829
4123907,2019,Santa Mariana,11724
4123907,2020,Santa Mariana,11622
4123907,2021,Santa Mariana,11523
4123907,2022,Santa Mariana,11360
4123907,2023,Santa Mariana,11197
4123907,2024,Santa Mariana,11034
4123907,2025,Santa Mariana,10941
4123907,2026,Santa Mariana,10941
4123956,2008,Santa Mônica,3603
4123956,2009,Santa Mônica,3642
4123956,2010,Santa Mônica,3622
4123956,2011,Santa Mônica,3601
4123956,2012,Santa Mônica,3629
4123956,2013,Santa Mônica,3780
4123956,2014,Santa Mônica,3815
4123956,2015,Santa Mônica,3849
4123956,2016,Santa Mônica,3882
4123956,2017,Santa Mônica,3915
4123956,2018,Santa Mônica,3944
4123956,2019,Santa Mônica,3981
4123956,2020,Santa Mônica,4017
4123956,2021,Santa Mônica,4052
4123956,2022,Santa Mônica,3826
4123956,2023,Santa Mônica,3599
4123956,2024,Santa Mônica,3373
4123956,2025,Santa Mônica,3361
4123956,2026,Santa Mônica,3361
4124020,2008,Santa Tereza do Oeste,9462
4124020,2009,Santa Tereza do Oeste,9320
4124020,2010,Santa Tereza do Oeste,9810
4124020,2011,Santa Tereza do Oeste,10300
4124020,2012,Santa Tereza do Oeste,10269
4124020,2013,Santa Tereza do Oeste,10548
4124020,2014,Santa Tereza do Oeste,10528
4124020,2015,Santa Tereza do Oeste,10509
4124020,2016,Santa Tereza do Oeste,10489
4124020,2017,Santa Tereza do Oeste,10471
4124020,2018,Santa Tereza do Oeste,10182
4124020,2019,Santa Tereza do Oeste,10139
4124020,2020,Santa Tereza do Oeste,10096
4124020,2021,Santa Tereza do Oeste,10055
4124020,2022,Santa Tereza do Oeste,11286
4124020,2023,Santa Tereza do Oeste,12518
4124020,2024,Santa Tereza do Oeste,13749
4124020,2025,Santa Tereza do Oeste,13938
4124020,2026,Santa Tereza do Oeste,13938
4124053,2008,Santa Terezinha de Itaipu,20354
4124053,2009,Santa Terezinha de Itaipu,20539
4124053,2010,Santa Terezinha de Itaipu,20785
4124053,2011,Santa Terezinha de Itaipu,21031
4124053,2012,Santa Terezinha de Itaipu,21215
4124053,2013,Santa Terezinha de Itaipu,22127
4124053,2014,Santa Terezinha de Itaipu,22353
4124053,2015,Santa Terezinha de Itaipu,22570
4124053,2016,Santa Terezinha de Itaipu,22783
4124053,2017,Santa Terezinha de Itaipu,22992
4124053,2018,Santa Terezinha de Itaipu,23224
4124053,2019,Santa Terezinha de Itaipu,23465
4124053,2020,Santa Terezinha de Itaipu,23699
4124053,2021,Santa Terezinha de Itaipu,23927
4124053,2022,Santa Terezinha de Itaipu,24303
4124053,2023,Santa Terezinha de Itaipu,24679
4124053,2024,Santa Terezinha de Itaipu,25055
4124053,2025,Santa Terezinha de Itaipu,25300
4124053,2026,Santa Terezinha de Itaipu,25300
4124004,2008,Santana do Itararé,5696
4124004,2009,Santana do Itararé,5697
4124004,2010,Santana do Itararé,5458
4124004,2011,Santana do Itararé,5220
4124004,2012,Santana do Itararé,5191
4124004,2013,Santana do Itararé,5315
4124004,2014,Santana do Itararé,5291
4124004,2015,Santana do Itararé,5267
4124004,2016,Santana do Itararé,5244
4124004,2017,Santana do Itararé,5222
4124004,2018,Santana do Itararé,5031
4124004,2019,Santana do Itararé,4992
4124004,2020,Santana do Itararé,4954
4124004,2021,Santana do Itararé,4916
4124004,2022,Santana do Itararé,5153
4124004,2023,Santana do Itararé,5391
4124004,2024,Santana do Itararé,5628
4124004,2025,Santana do Itararé,5646
4124004,2026,Santana do Itararé,5646
4124103,2008,Santo Antônio da Platina,41844
4124103,2009,Santo Antônio da Platina,42002
4124103,2010,Santo Antônio da Platina,42461
4124103,2011,Santo Antônio da Platina,42920
4124103,2012,Santo Antônio da Platina,43125
4124103,2013,Santo Antônio da Platina,44754
4124103,2014,Santo Antônio da Platina,45031
4124103,2015,Santo Antônio da Platina,45299
4124103,2016,Santo Antônio da Platina,45562
4124103,2017,Santo Antônio da Platina,45819
4124103,2018,Santo Antônio da Platina,45728
4124103,2019,Santo Antônio da Platina,45993
4124103,2020,Santo Antônio da Platina,46251
4124103,2021,Santo Antônio da Platina,46503
4124103,2022,Santo Antônio da Platina,46180
4124103,2023,Santo Antônio da Platina,45857
4124103,2024,Santo Antônio da Platina,45534
4124103,2025,Santo Antônio da Platina,45628
4124103,2026,Santo Antônio da Platina,45628
4124202,2008,Santo Antônio do Caiuá,2748
4124202,2009,Santo Antônio do Caiuá,2733
4124202,2010,Santo Antônio do Caiuá,2724
4124202,2011,Santo Antônio do Caiuá,2716
4124202,2012,Santo Antônio do Caiuá,2705
4124202,2013,Santo Antônio do Caiuá,2774
4124202,2014,Santo Antônio do Caiuá,2765
4124202,2015,Santo Antônio do Caiuá,2757
4124202,2016,Santo Antônio do Caiuá,2749
4124202,2017,Santo Antônio do Caiuá,2741
4124202,2018,Santo Antônio do Caiuá,2656
4124202,2019,Santo Antônio do Caiuá,2641
4124202,2020,Santo Antônio do Caiuá,2626
4124202,2021,Santo Antônio do Caiuá,2611
4124202,2022,Santo Antônio do Caiuá,2573
4124202,2023,Santo Antônio do Caiuá,2534
4124202,2024,Santo Antônio do Caiuá,2496
4124202,2025,Santo Antônio do Caiuá,2474
4124202,2026,Santo Antônio do Caiuá,2474
4124301,2008,Santo Antônio do Paraíso,2361
4124301,2009,Santo Antônio do Paraíso,2315
4124301,2010,Santo Antônio do Paraíso,2347
4124301,2011,Santo Antônio do Paraíso,2379
4124301,2012,Santo Antônio do Paraíso,2351
4124301,2013,Santo Antônio do Paraíso,2387
4124301,2014,Santo Antônio do Paraíso,2359
4124301,2015,Santo Antônio do Paraíso,2333
4124301,2016,Santo Antônio do Paraíso,2307
4124301,2017,Santo Antônio do Paraíso,2281
4124301,2018,Santo Antônio do Paraíso,2144
4124301,2019,Santo Antônio do Paraíso,2106
4124301,2020,Santo Antônio do Paraíso,2068
4124301,2021,Santo Antônio do Paraíso,2032
4124301,2022,Santo Antônio do Paraíso,2060
4124301,2023,Santo Antônio do Paraíso,2088
4124301,2024,Santo Antônio do Paraíso,2116
4124301,2025,Santo Antônio do Paraíso,2088
4124301,2026,Santo Antônio do Paraíso,2088
4124400,2008,Santo Antônio do Sudoeste,19260
4124400,2009,Santo Antônio do Sudoeste,19386
4124400,2010,Santo Antônio do Sudoeste,19179
4124400,2011,Santo Antônio do Sudoeste,18972
4124400,2012,Santo Antônio do Sudoeste,19048
4124400,2013,Santo Antônio do Sudoeste,19748
4124400,2014,Santo Antônio do Sudoeste,19855
4124400,2015,Santo Antônio do Sudoeste,19958
4124400,2016,Santo Antônio do Sudoeste,20059
4124400,2017,Santo Antônio do Sudoeste,20158
4124400,2018,Santo Antônio do Sudoeste,20069
4124400,2019,Santo Antônio do Sudoeste,20166
4124400,2020,Santo Antônio do Sudoeste,20261
4124400,2021,Santo Antônio do Sudoeste,20354
4124400,2022,Santo Antônio do Sudoeste,21784
4124400,2023,Santo Antônio do Sudoeste,23214
4124400,2024,Santo Antônio do Sudoeste,24644
4124400,2025,Santo Antônio do Sudoeste,24980
4124400,2026,Santo Antônio do Sudoeste,24980
4124509,2008,Santo Inácio,4982
4124509,2009,Santo Inácio,4956
4124509,2010,Santo Inácio,5116
4124509,2011,Santo Inácio,5276
4124509,2012,Santo Inácio,5282
4124509,2013,Santo Inácio,5455
4124509,2014,Santo Inácio,5468
4124509,2015,Santo Inácio,5481
4124509,2016,Santo Inácio,5494
4124509,2017,Santo Inácio,5506
4124509,2018,Santo Inácio,5431
4124509,2019,Santo Inácio,5438
4124509,2020,Santo Inácio,5416
4124509,2021,Santo Inácio,5422
4124509,2022,Santo Inácio,5747
4124509,2023,Santo Inácio,6072
4124509,2024,Santo Inácio,6397
4124509,2025,Santo Inácio,6463
4124509,2026,Santo Inácio,6463
4126207,2008,Sapopema,6812
4126207,2009,Sapopema,6800
4126207,2010,Sapopema,6763
4126207,2011,Sapopema,6726
4126207,2012,Sapopema,6716
4126207,2013,Sapopema,6912
4126207,2014,Sapopema,6910
4126207,2015,Sapopema,6908
4126207,2016,Sapopema,6906
4126207,2017,Sapopema,6905
4126207,2018,Sapopema,6751
4126207,2019,Sapopema,6736
4126207,2020,Sapopema,6722
4126207,2021,Sapopema,6708
4126207,2022,Sapopema,6733
4126207,2023,Sapopema,6759
4126207,2024,Sapopema,6784
4126207,2025,Sapopema,6778
4126207,2026,Sapopema,6778
4126256,2008,Sarandi,83486
4126256,2009,Sarandi,84651
4126256,2010,Sarandi,84188
4126256,2011,Sarandi,83724
4126256,2012,Sarandi,84573
4126256,2013,Sarandi,88365
4126256,2014,Sarandi,89388
4126256,2015,Sarandi,90376
4126256,2016,Sarandi,91344
4126256,2017,Sarandi,94181
4126256,2018,Sarandi,95543
4126256,2019,Sarandi,96688
4126256,2020,Sarandi,97803
4126256,2021,Sarandi,98888
4126256,2022,Sarandi,107854
4126256,2023,Sarandi,116819
4126256,2024,Sarandi,125785
4126256,2025,Sarandi,128106
4126256,2026,Sarandi,128106
4126272,2008,Saudade do Iguaçu,5137
4126272,2009,Saudade do Iguaçu,5187
4126272,2010,Saudade do Iguaçu,5124
4126272,2011,Saudade do Iguaçu,5061
4126272,2012,Saudade do Iguaçu,5092
4126272,2013,Saudade do Iguaçu,5293
4126272,2014,Saudade do Iguaçu,5333
4126272,2015,Saudade do Iguaçu,5372
4126272,2016,Saudade do Iguaçu,5410
4126272,2017,Saudade do Iguaçu,5448
4126272,2018,Saudade do Iguaçu,5459
4126272,2019,Saudade do Iguaçu,5500
4126272,2020,Saudade do Iguaçu,5539
4126272,2021,Saudade do Iguaçu,5578
4126272,2022,Saudade do Iguaçu,5833
4126272,2023,Saudade do Iguaçu,6087
4126272,2024,Saudade do Iguaçu,6342
4126272,2025,Saudade do Iguaçu,6413
4126272,2026,Saudade do Iguaçu,6413
4126306,2008,Sengés,20213
4126306,2009,Sengés,20445
4126306,2010,Sengés,19454
4126306,2011,Sengés,18463
4126306,2012,Sengés,18511
4126306,2013,Sengés,19154
4126306,2014,Sengés,19229
4126306,2015,Sengés,19302
4126306,2016,Sengés,19373
4126306,2017,Sengés,19443
4126306,2018,Sengés,19267
4126306,2019,Sengés,19327
4126306,2020,Sengés,19385
4126306,2021,Sengés,19441
4126306,2022,Sengés,18742
4126306,2023,Sengés,18043
4126306,2024,Sengés,17344
4126306,2025,Sengés,17256
4126306,2026,Sengés,17256
4126355,2008,Serranópolis do Iguaçu,4400
4126355,2009,Serranópolis do Iguaçu,4362
4126355,2010,Serranópolis do Iguaçu,4458
4126355,2011,Serranópolis do Iguaçu,4555
4126355,2012,Serranópolis do Iguaçu,4543
4126355,2013,Serranópolis do Iguaçu,4667
4126355,2014,Serranópolis do Iguaçu,4659
4126355,2015,Serranópolis do Iguaçu,4652
4126355,2016,Serranópolis do Iguaçu,4645
4126355,2017,Serranópolis do Iguaçu,4637
4126355,2018,Serranópolis do Iguaçu,4513
4126355,2019,Serranópolis do Iguaçu,4495
4126355,2020,Serranópolis do Iguaçu,4477
4126355,2021,Serranópolis do Iguaçu,4460
4126355,2022,Serranópolis do Iguaçu,4686
4126355,2023,Serranópolis do Iguaçu,4912
4126355,2024,Serranópolis do Iguaçu,5138
4126355,2025,Serranópolis do Iguaçu,5161
4126355,2026,Serranópolis do Iguaçu,5161
4126405,2008,Sertaneja,5984
4126405,2009,Sertaneja,5924
4126405,2010,Sertaneja,5844
4126405,2011,Sertaneja,5763
4126405,2012,Sertaneja,5711
4126405,2013,Sertaneja,5820
4126405,2014,Sertaneja,5771
4126405,2015,Sertaneja,5724
4126405,2016,Sertaneja,5678
4126405,2017,Sertaneja,5633
4126405,2018,Sertaneja,5355
4126405,2019,Sertaneja,5284
4126405,2020,Sertaneja,5216
4126405,2021,Sertaneja,5149
4126405,2022,Sertaneja,5322
4126405,2023,Sertaneja,5494
4126405,2024,Sertaneja,5667
4126405,2025,Sertaneja,5654
4126405,2026,Sertaneja,5654
4126504,2008,Sertanópolis,16027
4126504,2009,Sertanópolis,16103
4126504,2010,Sertanópolis,15890
4126504,2011,Sertanópolis,15676
4126504,2012,Sertanópolis,15713
4126504,2013,Sertanópolis,16255
4126504,2014,Sertanópolis,16315
4126504,2015,Sertanópolis,16373
4126504,2016,Sertanópolis,16429
4126504,2017,Sertanópolis,16485
4126504,2018,Sertanópolis,16323
4126504,2019,Sertanópolis,16369
4126504,2020,Sertanópolis,16413
4126504,2021,Sertanópolis,16456
4126504,2022,Sertanópolis,16365
4126504,2023,Sertanópolis,16274
4126504,2024,Sertanópolis,16183
4126504,2025,Sertanópolis,16210
4126504,2026,Sertanópolis,16210
4126603,2008,Siqueira Campos,17293
4126603,2009,Siqueira Campos,17411
4126603,2010,Siqueira Campos,18027
4126603,2011,Siqueira Campos,18643
4126603,2012,Siqueira Campos,18825
4126603,2013,Siqueira Campos,19661
4126603,2014,Siqueira Campos,19881
4126603,2015,Siqueira Campos,20094
4126603,2016,Siqueira Campos,20303
4126603,2017,Siqueira Campos,20508
4126603,2018,Siqueira Campos,20778
4126603,2019,Siqueira Campos,21016
4126603,2020,Siqueira Campos,21249
4126603,2021,Siqueira Campos,21476
4126603,2022,Siqueira Campos,22221
4126603,2023,Siqueira Campos,22967
4126603,2024,Siqueira Campos,23712
4126603,2025,Siqueira Campos,24031
4126603,2026,Siqueira Campos,24031
4126652,2008,Sulina,3481
4126652,2009,Sulina,3434
4126652,2010,Sulina,3394
4126652,2011,Sulina,3354
4126652,2012,Sulina,3315
4126652,2013,Sulina,3366
4126652,2014,Sulina,3329
4126652,2015,Sulina,3293
4126652,2016,Sulina,3257
4126652,2017,Sulina,3222
4126652,2018,Sulina,3033
4126652,2019,Sulina,2981
4126652,2020,Sulina,2930
4126652,2021,Sulina,2880
4126652,2022,Sulina,3085
4126652,2023,Sulina,3290
4126652,2024,Sulina,3495
4126652,2025,Sulina,3498
4126652,2026,Sulina,3498
4124608,2008,São Carlos do Ivaí,5987
4124608,2009,São Carlos do Ivaí,5990
4124608,2010,São Carlos do Ivaí,6190
4124608,2011,São Carlos do Ivaí,6389
4124608,2012,São Carlos do Ivaí,6422
4124608,2013,São Carlos do Ivaí,6668
4124608,2014,São Carlos do Ivaí,6713
4124608,2015,São Carlos do Ivaí,6756
4124608,2016,São Carlos do Ivaí,6797
4124608,2017,São Carlos do Ivaí,6839
4124608,2018,São Carlos do Ivaí,6834
4124608,2019,São Carlos do Ivaí,6878
4124608,2020,São Carlos do Ivaí,6920
4124608,2021,São Carlos do Ivaí,6961
4124608,2022,São Carlos do Ivaí,6878
4124608,2023,São Carlos do Ivaí,6795
4124608,2024,São Carlos do Ivaí,6712
4124608,2025,São Carlos do Ivaí,6727
4124608,2026,São Carlos do Ivaí,6727
4124707,2008,São Jerônimo da Serra,11900
4124707,2009,São Jerônimo da Serra,11905
4124707,2010,São Jerônimo da Serra,11606
4124707,2011,São Jerônimo da Serra,11306
4124707,2012,São Jerônimo da Serra,11275
4124707,2013,São Jerônimo da Serra,11588
4124707,2014,São Jerônimo da Serra,11570
4124707,2015,São Jerônimo da Serra,11553
4124707,2016,São Jerônimo da Serra,11535
4124707,2017,São Jerônimo da Serra,11519
4124707,2018,São Jerônimo da Serra,11213
4124707,2019,São Jerônimo da Serra,11170
4124707,2020,São Jerônimo da Serra,11128
4124707,2021,São Jerônimo da Serra,11088
4124707,2022,São Jerônimo da Serra,11030
4124707,2023,São Jerônimo da Serra,10971
4124707,2024,São Jerônimo da Serra,10913
4124707,2025,São Jerônimo da Serra,10884
4124707,2026,São Jerônimo da Serra,10884
4125209,2008,São Jorge d'Oeste,9213
4125209,2009,São Jorge d'Oeste,9195
4125209,2010,São Jorge d'Oeste,9132
4125209,2011,São Jorge d'Oeste,9068
4125209,2012,São Jorge d'Oeste,9052
4125209,2013,São Jorge d'Oeste,9313
4125209,2014,São Jorge d'Oeste,9307
4125209,2015,São Jorge d'Oeste,9302
4125209,2016,São Jorge d'Oeste,9296
4125209,2017,São Jorge d'Oeste,9291
4125209,2018,São Jorge d'Oeste,9074
4125209,2019,São Jorge d'Oeste,9050
4125209,2020,São Jorge d'Oeste,9028
4125209,2021,São Jorge d'Oeste,9005
4125209,2022,São Jorge d'Oeste,9187
4125209,2023,São Jorge d'Oeste,9368
4125209,2024,São Jorge d'Oeste,9550
4125209,2025,São Jorge d'Oeste,9587
4125209,2026,São Jorge d'Oeste,9587
4125308,2008,São Jorge do Ivaí,5406
4125308,2009,São Jorge do Ivaí,5382
4125308,2010,São Jorge do Ivaí,5447
4125308,2011,São Jorge do Ivaí,5512
4125308,2012,São Jorge do Ivaí,5506
4125308,2013,São Jorge do Ivaí,5671
4125308,2014,São Jorge do Ivaí,5673
4125308,2015,São Jorge do Ivaí,5674
4125308,2016,São Jorge do Ivaí,5675
4125308,2017,São Jorge do Ivaí,5676
4125308,2018,São Jorge do Ivaí,5559
4125308,2019,São Jorge do Ivaí,5551
4125308,2020,São Jorge do Ivaí,5543
4125308,2021,São Jorge do Ivaí,5535
4125308,2022,São Jorge do Ivaí,5421
4125308,2023,São Jorge do Ivaí,5307
4125308,2024,São Jorge do Ivaí,5193
4125308,2025,São Jorge do Ivaí,5170
4125308,2026,São Jorge do Ivaí,5170
4125357,2008,São Jorge do Patrocínio,6134
4125357,2009,São Jorge do Patrocínio,6080
4125357,2010,São Jorge do Patrocínio,6039
4125357,2011,São Jorge do Patrocínio,5998
4125357,2012,São Jorge do Patrocínio,5956
4125357,2013,São Jorge do Patrocínio,6088
4125357,2014,São Jorge do Patrocínio,6051
4125357,2015,São Jorge do Patrocínio,6015
4125357,2016,São Jorge do Patrocínio,5980
4125357,2017,São Jorge do Patrocínio,5946
4125357,2018,São Jorge do Patrocínio,5698
4125357,2019,São Jorge do Patrocínio,5641
4125357,2020,São Jorge do Patrocínio,5586
4125357,2021,São Jorge do Patrocínio,5532
4125357,2022,São Jorge do Patrocínio,5908
4125357,2023,São Jorge do Patrocínio,6283
4125357,2024,São Jorge do Patrocínio,6659
4125357,2025,São Jorge do Patrocínio,6690
4125357,2026,São Jorge do Patrocínio,6690
4125407,2008,São José da Boa Vista,6386
4125407,2009,São José da Boa Vista,6320
4125407,2010,São José da Boa Vista,6398
4125407,2011,São José da Boa Vista,6476
4125407,2012,São José da Boa Vista,6441
4125407,2013,São José da Boa Vista,6596
4125407,2014,São José da Boa Vista,6567
4125407,2015,São José da Boa Vista,6539
4125407,2016,São José da Boa Vista,6512
4125407,2017,São José da Boa Vista,6485
4125407,2018,São José da Boa Vista,6254
4125407,2019,São José da Boa Vista,6206
4125407,2020,São José da Boa Vista,6160
4125407,2021,São José da Boa Vista,6115
4125407,2022,São José da Boa Vista,6097
4125407,2023,São José da Boa Vista,6078
4125407,2024,São José da Boa Vista,6060
4125407,2025,São José da Boa Vista,6023
4125407,2026,São José da Boa Vista,6023
4125456,2008,São José das Palmeiras,3960
4125456,2009,São José das Palmeiras,3942
4125456,2010,São José das Palmeiras,3876
4125456,2011,São José das Palmeiras,3810
4125456,2012,São José das Palmeiras,3789
4125456,2013,São José das Palmeiras,3880
4125456,2014,São José das Palmeiras,3864
4125456,2015,São José das Palmeiras,3847
4125456,2016,São José das Palmeiras,3832
4125456,2017,São José das Palmeiras,3816
4125456,2018,São José das Palmeiras,3682
4125456,2019,São José das Palmeiras,3654
4125456,2020,São José das Palmeiras,3627
4125456,2021,São José das Palmeiras,3601
4125456,2022,São José das Palmeiras,3744
4125456,2023,São José das Palmeiras,3887
4125456,2024,São José das Palmeiras,4030
4125456,2025,São José das Palmeiras,4031
4125456,2026,São José das Palmeiras,4031
4125506,2008,São José dos Pinhais,272530
4125506,2009,São José dos Pinhais,279297
4125506,2010,São José dos Pinhais,274052
4125506,2011,São José dos Pinhais,268808
4125506,2012,São José dos Pinhais,273255
4125506,2013,São José dos Pinhais,287792
4125506,2014,São José dos Pinhais,292934
4125506,2015,São José dos Pinhais,297895
4125506,2016,São José dos Pinhais,302759
4125506,2017,São José dos Pinhais,307530
4125506,2018,São José dos Pinhais,317476
4125506,2019,São José dos Pinhais,323340
4125506,2020,São José dos Pinhais,329058
4125506,2021,São José dos Pinhais,334620
4125506,2022,São José dos Pinhais,338295
4125506,2023,São José dos Pinhais,341969
4125506,2024,São José dos Pinhais,345644
4125506,2025,São José dos Pinhais,349880
4125506,2026,São José dos Pinhais,349880
4124806,2008,São João,11198
4124806,2009,São João,11187
4124806,2010,São João,10870
4124806,2011,São João,10553
4124806,2012,São João,10508
4124806,2013,São João,10777
4124806,2014,São João,10743
4124806,2015,São João,10709
4124806,2016,São João,10676
4124806,2017,São João,10644
4124806,2018,São João,10303
4124806,2019,São João,10241
4124806,2020,São João,10181
4124806,2021,São João,10122
4124806,2022,São João,10825
4124806,2023,São João,11527
4124806,2024,São João,12230
4124806,2025,São João,12297
4124806,2026,São João,12297
4124905,2008,São João do Caiuá,6151
4124905,2009,São João do Caiuá,6152
4124905,2010,São João do Caiuá,6025
4124905,2011,São João do Caiuá,5898
4124905,2012,São João do Caiuá,5884
4124905,2013,São João do Caiuá,6051
4124905,2014,São João do Caiuá,6044
4124905,2015,São João do Caiuá,6038
4124905,2016,São João do Caiuá,6031
4124905,2017,São João do Caiuá,6025
4124905,2018,São João do Caiuá,5874
4124905,2019,São João do Caiuá,5855
4124905,2020,São João do Caiuá,5837
4124905,2021,São João do Caiuá,5819
4124905,2022,São João do Caiuá,5753
4124905,2023,São João do Caiuá,5686
4124905,2024,São João do Caiuá,5620
4124905,2025,São João do Caiuá,5607
4124905,2026,São João do Caiuá,5607
4125001,2008,São João do Ivaí,12022
4125001,2009,São João do Ivaí,11890
4125001,2010,São João do Ivaí,11644
4125001,2011,São João do Ivaí,11397
4125001,2012,São João do Ivaí,11273
4125001,2013,São João do Ivaí,11461
4125001,2014,São João do Ivaí,11342
4125001,2015,São João do Ivaí,11228
4125001,2016,São João do Ivaí,11115
4125001,2017,São João do Ivaí,11005
4125001,2018,São João do Ivaí,10386
4125001,2019,São João do Ivaí,10219
4125001,2020,São João do Ivaí,10056
4125001,2021,São João do Ivaí,9897
4125001,2022,São João do Ivaí,10165
4125001,2023,São João do Ivaí,10432
4125001,2024,São João do Ivaí,10700
4125001,2025,São João do Ivaí,10639
4125001,2026,São João do Ivaí,10639
4125100,2008,São João do Triunfo,14226
4125100,2009,São João do Triunfo,14399
4125100,2010,São João do Triunfo,14101
4125100,2011,São João do Triunfo,13803
4125100,2012,São João do Triunfo,13899
4125100,2013,São João do Triunfo,14462
4125100,2014,São João do Triunfo,14583
4125100,2015,São João do Triunfo,14700
4125100,2016,São João do Triunfo,14815
4125100,2017,São João do Triunfo,14927
4125100,2018,São João do Triunfo,14996
4125100,2019,São João do Triunfo,15120
4125100,2020,São João do Triunfo,15241
4125100,2021,São João do Triunfo,15359
4125100,2022,São João do Triunfo,14880
4125100,2023,São João do Triunfo,14402
4125100,2024,São João do Triunfo,13923
4125100,2025,São João do Triunfo,13899
4125100,2026,São João do Triunfo,13899
4125555,2008,São Manoel do Paraná,2163
4125555,2009,São Manoel do Paraná,2170
4125555,2010,São Manoel do Paraná,2135
4125555,2011,São Manoel do Paraná,2100
4125555,2012,São Manoel do Paraná,2102
4125555,2013,São Manoel do Paraná,2170
4125555,2014,São Manoel do Paraná,2175
4125555,2015,São Manoel do Paraná,2180
4125555,2016,São Manoel do Paraná,2184
4125555,2017,São Manoel do Paraná,2189
4125555,2018,São Manoel do Paraná,2158
4125555,2019,São Manoel do Paraná,2160
4125555,2020,São Manoel do Paraná,2163
4125555,2021,São Manoel do Paraná,2165
4125555,2022,São Manoel do Paraná,2168
4125555,2023,São Manoel do Paraná,2170
4125555,2024,São Manoel do Paraná,2173
4125555,2025,São Manoel do Paraná,2176
4125555,2026,São Manoel do Paraná,2176
4125605,2008,São Mateus do Sul,40791
4125605,2009,São Mateus do Sul,41188
4125605,2010,São Mateus do Sul,41402
4125605,2011,São Mateus do Sul,41617
4125605,2012,São Mateus do Sul,41965
4125605,2013,São Mateus do Sul,43750
4125605,2014,São Mateus do Sul,44179
4125605,2015,São Mateus do Sul,44594
4125605,2016,São Mateus do Sul,45000
4125605,2017,São Mateus do Sul,45398
4125605,2018,São Mateus do Sul,45806
4125605,2019,São Mateus do Sul,46261
4125605,2020,São Mateus do Sul,46705
4125605,2021,São Mateus do Sul,47137
4125605,2022,São Mateus do Sul,45896
4125605,2023,São Mateus do Sul,44654
4125605,2024,São Mateus do Sul,43413
4125605,2025,São Mateus do Sul,43490
4125605,2026,São Mateus do Sul,43490
4125704,2008,São Miguel do Iguaçu,26284
4125704,2009,São Miguel do Iguaçu,26451
4125704,2010,São Miguel do Iguaçu,26162
4125704,2011,São Miguel do Iguaçu,25872
4125704,2012,São Miguel do Iguaçu,25971
4125704,2013,São Miguel do Iguaçu,26920
4125704,2014,São Miguel do Iguaçu,27061
4125704,2015,São Miguel do Iguaçu,27197
4125704,2016,São Miguel do Iguaçu,27330
4125704,2017,São Miguel do Iguaçu,27461
4125704,2018,São Miguel do Iguaçu,27325
4125704,2019,São Miguel do Iguaçu,27452
4125704,2020,São Miguel do Iguaçu,27576
4125704,2021,São Miguel do Iguaçu,27696
4125704,2022,São Miguel do Iguaçu,28530
4125704,2023,São Miguel do Iguaçu,29364
4125704,2024,São Miguel do Iguaçu,30198
4125704,2025,São Miguel do Iguaçu,30416
4125704,2026,São Miguel do Iguaçu,30416
4125753,2008,São Pedro do Iguaçu,6633
4125753,2009,São Pedro do Iguaçu,6561
4125753,2010,São Pedro do Iguaçu,6496
4125753,2011,São Pedro do Iguaçu,6431
4125753,2012,São Pedro do Iguaçu,6373
4125753,2013,São Pedro do Iguaçu,6495
4125753,2014,São Pedro do Iguaçu,6440
4125753,2015,São Pedro do Iguaçu,6388
4125753,2016,São Pedro do Iguaçu,6336
4125753,2017,São Pedro do Iguaçu,6286
4125753,2018,São Pedro do Iguaçu,5976
4125753,2019,São Pedro do Iguaçu,5897
4125753,2020,São Pedro do Iguaçu,5820
4125753,2021,São Pedro do Iguaçu,5745
4125753,2022,São Pedro do Iguaçu,5753
4125753,2023,São Pedro do Iguaçu,5761
4125753,2024,São Pedro do Iguaçu,5769
4125753,2025,São Pedro do Iguaçu,5730
4125753,2026,São Pedro do Iguaçu,5730
4125803,2008,São Pedro do Ivaí,9887
4125803,2009,São Pedro do Ivaí,9921
4125803,2010,São Pedro do Ivaí,10071
4125803,2011,São Pedro do Ivaí,10221
4125803,2012,São Pedro do Ivaí,10272
4125803,2013,São Pedro do Ivaí,10664
4125803,2014,São Pedro do Ivaí,10733
4125803,2015,São Pedro do Ivaí,10799
4125803,2016,São Pedro do Ivaí,10864
4125803,2017,São Pedro do Ivaí,10928
4125803,2018,São Pedro do Ivaí,10915
4125803,2019,São Pedro do Ivaí,10981
4125803,2020,São Pedro do Ivaí,11046
4125803,2021,São Pedro do Ivaí,11109
4125803,2022,São Pedro do Ivaí,10276
4125803,2023,São Pedro do Ivaí,9444
4125803,2024,São Pedro do Ivaí,8611
4125803,2025,São Pedro do Ivaí,8514
4125803,2026,São Pedro do Ivaí,8514
4125902,2008,São Pedro do Paraná,2580
4125902,2009,São Pedro do Paraná,2561
4125902,2010,São Pedro do Paraná,2517
4125902,2011,São Pedro do Paraná,2473
4125902,2012,São Pedro do Paraná,2454
4125902,2013,São Pedro do Paraná,2506
4125902,2014,São Pedro do Paraná,2490
4125902,2015,São Pedro do Paraná,2474
4125902,2016,São Pedro do Paraná,2459
4125902,2017,São Pedro do Paraná,2443
4125902,2018,São Pedro do Paraná,2338
4125902,2019,São Pedro do Paraná,2313
4125902,2020,São Pedro do Paraná,2289
4125902,2021,São Pedro do Paraná,2265
4125902,2022,São Pedro do Paraná,2417
4125902,2023,São Pedro do Paraná,2570
4125902,2024,São Pedro do Paraná,2722
4125902,2025,São Pedro do Paraná,2726
4125902,2026,São Pedro do Paraná,2726
4126009,2008,São Sebastião da Amoreira,8976
4126009,2009,São Sebastião da Amoreira,9012
4126009,2010,São Sebastião da Amoreira,8822
4126009,2011,São Sebastião da Amoreira,8632
4126009,2012,São Sebastião da Amoreira,8638
4126009,2013,São Sebastião da Amoreira,8917
4126009,2014,São Sebastião da Amoreira,8935
4126009,2015,São Sebastião da Amoreira,8952
4126009,2016,São Sebastião da Amoreira,8968
4126009,2017,São Sebastião da Amoreira,8985
4126009,2018,São Sebastião da Amoreira,8847
4126009,2019,São Sebastião da Amoreira,8853
4126009,2020,São Sebastião da Amoreira,8859
4126009,2021,São Sebastião da Amoreira,8865
4126009,2022,São Sebastião da Amoreira,8610
4126009,2023,São Sebastião da Amoreira,8355
4126009,2024,São Sebastião da Amoreira,8100
4126009,2025,São Sebastião da Amoreira,8063
4126009,2026,São Sebastião da Amoreira,8063
4126108,2008,São Tomé,5482
4126108,2009,São Tomé,5522
4126108,2010,São Tomé,5448
4126108,2011,São Tomé,5373
4126108,2012,São Tomé,5395
4126108,2013,São Tomé,5595
4126108,2014,São Tomé,5626
4126108,2015,São Tomé,5657
4126108,2016,São Tomé,5686
4126108,2017,São Tomé,5715
4126108,2018,São Tomé,5693
4126108,2019,São Tomé,5722
4126108,2020,São Tomé,5750
4126108,2021,São Tomé,5778
4126108,2022,São Tomé,5615
4126108,2023,São Tomé,5453
4126108,2024,São Tomé,5290
4126108,2025,São Tomé,5282
4126108,2026,São Tomé,5282
4126678,2008,Tamarana,11413
4126678,2009,Tamarana,11577
4126678,2010,Tamarana,12018
4126678,2011,Tamarana,12458
4126678,2012,Tamarana,12647
4126678,2013,Tamarana,13298
4126678,2014,Tamarana,13518
4126678,2015,Tamarana,13730
4126678,2016,Tamarana,13939
4126678,2017,Tamarana,14143
4126678,2018,Tamarana,14548
4126678,2019,Tamarana,14797
4126678,2020,Tamarana,15040
4126678,2021,Tamarana,15277
4126678,2022,Tamarana,13733
4126678,2023,Tamarana,12189
4126678,2024,Tamarana,10645
4126678,2025,Tamarana,10540
4126678,2026,Tamarana,10540
4126702,2008,Tamboara,4757
4126702,2009,Tamboara,4804
4126702,2010,Tamboara,4750
4126702,2011,Tamboara,4696
4126702,2012,Tamboara,4726
4126702,2013,Tamboara,4915
4126702,2014,Tamboara,4954
4126702,2015,Tamboara,4991
4126702,2016,Tamboara,5028
4126702,2017,Tamboara,5064
4126702,2018,Tamboara,5080
4126702,2019,Tamboara,5120
4126702,2020,Tamboara,5158
4126702,2021,Tamboara,5196
4126702,2022,Tamboara,5124
4126702,2023,Tamboara,5051
4126702,2024,Tamboara,4979
4126702,2025,Tamboara,4986
4126702,2026,Tamboara,4986
4126801,2008,Tapejara,15170
4126801,2009,Tapejara,15367
4126801,2010,Tapejara,15040
4126801,2011,Tapejara,14712
4126801,2012,Tapejara,14822
4126801,2013,Tapejara,15434
4126801,2014,Tapejara,15572
4126801,2015,Tapejara,15704
4126801,2016,Tapejara,15835
4126801,2017,Tapejara,15962
4126801,2018,Tapejara,16062
4126801,2019,Tapejara,16205
4126801,2020,Tapejara,16345
4126801,2021,Tapejara,16480
4126801,2022,Tapejara,16405
4126801,2023,Tapejara,16330
4126801,2024,Tapejara,16255
4126801,2025,Tapejara,16326
4126801,2026,Tapejara,16326
4126900,2008,Tapira,5944
4126900,2009,Tapira,5904
4126900,2010,Tapira,5853
4126900,2011,Tapira,5802
4126900,2012,Tapira,5769
4126900,2013,Tapira,5906
4126900,2014,Tapira,5878
4126900,2015,Tapira,5851
4126900,2016,Tapira,5824
4126900,2017,Tapira,5798
4126900,2018,Tapira,5584
4126900,2019,Tapira,5539
4126900,2020,Tapira,5495
4126900,2021,Tapira,5452
4126900,2022,Tapira,5572
4126900,2023,Tapira,5693
4126900,2024,Tapira,5813
4126900,2025,Tapira,5807
4126900,2026,Tapira,5807
4127007,2008,Teixeira Soares,10337
4127007,2009,Teixeira Soares,10548
4127007,2010,Teixeira Soares,10496
4127007,2011,Teixeira Soares,10444
4127007,2012,Teixeira Soares,10599
4127007,2013,Teixeira Soares,11140
4127007,2014,Teixeira Soares,11321
4127007,2015,Teixeira Soares,11495
4127007,2016,Teixeira Soares,11666
4127007,2017,Teixeira Soares,11834
4127007,2018,Teixeira Soares,12163
4127007,2019,Teixeira Soares,12367
4127007,2020,Teixeira Soares,12567
4127007,2021,Teixeira Soares,12761
4127007,2022,Teixeira Soares,11701
4127007,2023,Teixeira Soares,10641
4127007,2024,Teixeira Soares,9581
4127007,2025,Teixeira Soares,9540
4127007,2026,Teixeira Soares,9540
4127106,2008,Telêmaco Borba,68584
4127106,2009,Telêmaco Borba,69278
4127106,2010,Telêmaco Borba,69906
4127106,2011,Telêmaco Borba,70535
4127106,2012,Telêmaco Borba,71176
4127106,2013,Telêmaco Borba,74270
4127106,2014,Telêmaco Borba,75054
4127106,2015,Telêmaco Borba,75809
4127106,2016,Telêmaco Borba,76550
4127106,2017,Telêmaco Borba,77276
4127106,2018,Telêmaco Borba,78135
4127106,2019,Telêmaco Borba,78974
4127106,2020,Telêmaco Borba,79792
4127106,2021,Telêmaco Borba,80588
4127106,2022,Telêmaco Borba,79453
4127106,2023,Telêmaco Borba,78317
4127106,2024,Telêmaco Borba,77182
4127106,2025,Telêmaco Borba,77479
4127106,2026,Telêmaco Borba,77479
4127205,2008,Terra Boa,15041
4127205,2009,Terra Boa,15069
4127205,2010,Terra Boa,15466
4127205,2011,Terra Boa,15864
4127205,2012,Terra Boa,15948
4127205,2013,Terra Boa,16562
4127205,2014,Terra Boa,16674
4127205,2015,Terra Boa,16781
4127205,2016,Terra Boa,16887
4127205,2017,Terra Boa,16991
4127205,2018,Terra Boa,16984
4127205,2019,Terra Boa,17094
4127205,2020,Terra Boa,17200
4127205,2021,Terra Boa,17304
4127205,2022,Terra Boa,17552
4127205,2023,Terra Boa,17800
4127205,2024,Terra Boa,18048
4127205,2025,Terra Boa,18168
4127205,2026,Terra Boa,18168
4127304,2008,Terra Rica,14955
4127304,2009,Terra Rica,15060
4127304,2010,Terra Rica,15196
4127304,2011,Terra Rica,15331
4127304,2012,Terra Rica,15437
4127304,2013,Terra Rica,16063
4127304,2014,Terra Rica,16197
4127304,2015,Terra Rica,16326
4127304,2016,Terra Rica,16453
4127304,2017,Terra Rica,16578
4127304,2018,Terra Rica,16652
4127304,2019,Terra Rica,16789
4127304,2020,Terra Rica,16924
4127304,2021,Terra Rica,17054
4127304,2022,Terra Rica,16366
4127304,2023,Terra Rica,15677
4127304,2024,Terra Rica,14989
4127304,2025,Terra Rica,14961
4127304,2026,Terra Rica,14961
4127403,2008,Terra Roxa,16707
4127403,2009,Terra Roxa,16734
4127403,2010,Terra Roxa,16764
4127403,2011,Terra Roxa,16795
4127403,2012,Terra Roxa,16829
4127403,2013,Terra Roxa,17402
4127403,2014,Terra Roxa,17461
4127403,2015,Terra Roxa,17517
4127403,2016,Terra Roxa,17573
4127403,2017,Terra Roxa,17627
4127403,2018,Terra Roxa,17439
4127403,2019,Terra Roxa,17481
4127403,2020,Terra Roxa,17522
4127403,2021,Terra Roxa,17562
4127403,2022,Terra Roxa,17891
4127403,2023,Terra Roxa,18219
4127403,2024,Terra Roxa,18548
4127403,2025,Terra Roxa,18636
4127403,2026,Terra Roxa,18636
4127502,2008,Tibagi,19345
4127502,2009,Tibagi,19421
4127502,2010,Tibagi,19418
4127502,2011,Tibagi,19414
4127502,2012,Tibagi,19482
4127502,2013,Tibagi,20184
4127502,2014,Tibagi,20283
4127502,2015,Tibagi,20377
4127502,2016,Tibagi,20470
4127502,2017,Tibagi,20562
4127502,2018,Tibagi,20436
4127502,2019,Tibagi,20522
4127502,2020,Tibagi,20607
4127502,2021,Tibagi,20688
4127502,2022,Tibagi,20560
4127502,2023,Tibagi,20432
4127502,2024,Tibagi,20304
4127502,2025,Tibagi,20374
4127502,2026,Tibagi,20374
4127601,2008,Tijucas do Sul,13633
4127601,2009,Tijucas do Sul,13762
4127601,2010,Tijucas do Sul,14237
4127601,2011,Tijucas do Sul,14712
4127601,2012,Tijucas do Sul,14881
4127601,2013,Tijucas do Sul,15575
4127601,2014,Tijucas do Sul,15776
4127601,2015,Tijucas do Sul,15970
4127601,2016,Tijucas do Sul,16161
4127601,2017,Tijucas do Sul,16348
4127601,2018,Tijucas do Sul,16646
4127601,2019,Tijucas do Sul,16868
4127601,2020,Tijucas do Sul,17084
4127601,2021,Tijucas do Sul,17295
4127601,2022,Tijucas do Sul,17623
4127601,2023,Tijucas do Sul,17951
4127601,2024,Tijucas do Sul,18279
4127601,2025,Tijucas do Sul,18458
4127601,2026,Tijucas do Sul,18458
4127700,2008,Toledo,115136
4127700,2009,Toledo,116774
4127700,2010,Toledo,118854
4127700,2011,Toledo,120934
4127700,2012,Toledo,122502
4127700,2013,Toledo,128448
4127700,2014,Toledo,130295
4127700,2015,Toledo,132077
4127700,2016,Toledo,133824
4127700,2017,Toledo,135538
4127700,2018,Toledo,138572
4127700,2019,Toledo,140635
4127700,2020,Toledo,142645
4127700,2021,Toledo,144601
4127700,2022,Toledo,149274
4127700,2023,Toledo,153947
4127700,2024,Toledo,158620
4127700,2025,Toledo,160701
4127700,2026,Toledo,160701
4127809,2008,Tomazina,8920
4127809,2009,Tomazina,8808
4127809,2010,Tomazina,8756
4127809,2011,Tomazina,8704
4127809,2012,Tomazina,8619
4127809,2013,Tomazina,8776
4127809,2014,Tomazina,8696
4127809,2015,Tomazina,8619
4127809,2016,Tomazina,8544
4127809,2017,Tomazina,8470
4127809,2018,Tomazina,8032
4127809,2019,Tomazina,7918
4127809,2020,Tomazina,7807
4127809,2021,Tomazina,7699
4127809,2022,Tomazina,7964
4127809,2023,Tomazina,8230
4127809,2024,Tomazina,8495
4127809,2025,Tomazina,8523
4127809,2026,Tomazina,8523
4127858,2008,Três Barras do Paraná,12073
4127858,2009,Três Barras do Paraná,12088
4127858,2010,Três Barras do Paraná,11956
4127858,2011,Três Barras do Paraná,11825
4127858,2012,Três Barras do Paraná,11825
4127858,2013,Três Barras do Paraná,12196
4127858,2014,Três Barras do Paraná,12212
4127858,2015,Três Barras do Paraná,12227
4127858,2016,Três Barras do Paraná,12242
4127858,2017,Três Barras do Paraná,12256
4127858,2018,Três Barras do Paraná,12043
4127858,2019,Três Barras do Paraná,12040
4127858,2020,Três Barras do Paraná,12038
4127858,2021,Três Barras do Paraná,12036
4127858,2022,Três Barras do Paraná,11756
4127858,2023,Três Barras do Paraná,11477
4127858,2024,Três Barras do Paraná,11197
4127858,2025,Três Barras do Paraná,11157
4127858,2026,Três Barras do Paraná,11157
4127882,2008,Tunas do Paraná,6465
4127882,2009,Tunas do Paraná,6753
4127882,2010,Tunas do Paraná,6606
4127882,2011,Tunas do Paraná,6460
4127882,2012,Tunas do Paraná,6656
4127882,2013,Tunas do Paraná,7127
4127882,2014,Tunas do Paraná,7347
4127882,2015,Tunas do Paraná,7559
4127882,2016,Tunas do Paraná,7767
4127882,2017,Tunas do Paraná,7971
4127882,2018,Tunas do Paraná,8509
4127882,2019,Tunas do Paraná,8769
4127882,2020,Tunas do Paraná,9022
4127882,2021,Tunas do Paraná,9269
4127882,2022,Tunas do Paraná,8280
4127882,2023,Tunas do Paraná,7291
4127882,2024,Tunas do Paraná,6302
4127882,2025,Tunas do Paraná,6304
4127882,2026,Tunas do Paraná,6304
4127908,2008,Tuneiras do Oeste,8806
4127908,2009,Tuneiras do Oeste,8777
4127908,2010,Tuneiras do Oeste,8724
4127908,2011,Tuneiras do Oeste,8671
4127908,2012,Tuneiras do Oeste,8647
4127908,2013,Tuneiras do Oeste,8887
4127908,2014,Tuneiras do Oeste,8873
4127908,2015,Tuneiras do Oeste,8860
4127908,2016,Tuneiras do Oeste,8847
4127908,2017,Tuneiras do Oeste,8833
4127908,2018,Tuneiras do Oeste,8599
4127908,2019,Tuneiras do Oeste,8566
4127908,2020,Tuneiras do Oeste,8533
4127908,2021,Tuneiras do Oeste,8502
4127908,2022,Tuneiras do Oeste,8366
4127908,2023,Tuneiras do Oeste,8231
4127908,2024,Tuneiras do Oeste,8095
4127908,2025,Tuneiras do Oeste,8067
4127908,2026,Tuneiras do Oeste,8067
4127957,2008,Tupãssi,7960
4127957,2009,Tupãssi,7947
4127957,2010,Tupãssi,7972
4127957,2011,Tupãssi,7996
4127957,2012,Tupãssi,7994
4127957,2013,Tupãssi,8243
4127957,2014,Tupãssi,8252
4127957,2015,Tupãssi,8261
4127957,2016,Tupãssi,8269
4127957,2017,Tupãssi,8277
4127957,2018,Tupãssi,8128
4127957,2019,Tupãssi,8124
4127957,2020,Tupãssi,8109
4127957,2021,Tupãssi,8105
4127957,2022,Tupãssi,8138
4127957,2023,Tupãssi,8171
4127957,2024,Tupãssi,8204
4127957,2025,Tupãssi,8208
4127957,2026,Tupãssi,8208
4127965,2008,Turvo,14391
4127965,2009,Turvo,14363
4127965,2010,Turvo,14040
4127965,2011,Turvo,13717
4127965,2012,Turvo,13628
4127965,2013,Turvo,13937
4127965,2014,Turvo,13860
4127965,2015,Turvo,13785
4127965,2016,Turvo,13712
4127965,2017,Turvo,13640
4127965,2018,Turvo,13340
4127965,2019,Turvo,13215
4127965,2020,Turvo,13095
4127965,2021,Turvo,12977
4127965,2022,Turvo,13466
4127965,2023,Turvo,13954
4127965,2024,Turvo,14443
4127965,2025,Turvo,14101
4127965,2026,Turvo,14101
4128005,2008,Ubiratã,21672
4128005,2009,Ubiratã,21558
4128005,2010,Ubiratã,21518
4128005,2011,Ubiratã,21479
4128005,2012,Ubiratã,21402
4128005,2013,Ubiratã,21971
4128005,2014,Ubiratã,21916
4128005,2015,Ubiratã,21864
4128005,2016,Ubiratã,21812
4128005,2017,Ubiratã,21762
4128005,2018,Ubiratã,21119
4128005,2019,Ubiratã,21013
4128005,2020,Ubiratã,20909
4128005,2021,Ubiratã,20809
4128005,2022,Ubiratã,22378
4128005,2023,Ubiratã,23948
4128005,2024,Ubiratã,25517
4128005,2025,Ubiratã,25732
4128005,2026,Ubiratã,25732
4128104,2008,Umuarama,98855
4128104,2009,Umuarama,99606
4128104,2010,Umuarama,100524
4128104,2011,Umuarama,101443
4128104,2012,Umuarama,102184
4128104,2013,Umuarama,106387
4128104,2014,Umuarama,107319
4128104,2015,Umuarama,108218
4128104,2016,Umuarama,109132
4128104,2017,Umuarama,109955
4128104,2018,Umuarama,110590
4128104,2019,Umuarama,111557
4128104,2020,Umuarama,112500
4128104,2021,Umuarama,113416
4128104,2022,Umuarama,116268
4128104,2023,Umuarama,119120
4128104,2024,Umuarama,121972
4128104,2025,Umuarama,123059
4128104,2026,Umuarama,123059
4128302,2008,Uniflor,2484
4128302,2009,Uniflor,2495
4128302,2010,Uniflor,2484
4128302,2011,Uniflor,2474
4128302,2012,Uniflor,2482
4128302,2013,Uniflor,2570
4128302,2014,Uniflor,2581
4128302,2015,Uniflor,2593
4128302,2016,Uniflor,2604
4128302,2017,Uniflor,2614
4128302,2018,Uniflor,2595
4128302,2019,Uniflor,2605
4128302,2020,Uniflor,2614
4128302,2021,Uniflor,2623
4128302,2022,Uniflor,2456
4128302,2023,Uniflor,2288
4128302,2024,Uniflor,2121
4128302,2025,Uniflor,2106
4128302,2026,Uniflor,2106
4128203,2008,União da Vitória,53048
4128203,2009,União da Vitória,53466
4128203,2010,União da Vitória,53262
4128203,2011,União da Vitória,53059
4128203,2012,União da Vitória,53372
4128203,2013,União da Vitória,55467
4128203,2014,União da Vitória,55874
4128203,2015,União da Vitória,56265
4128203,2016,União da Vitória,56650
4128203,2017,União da Vitória,57027
4128203,2018,União da Vitória,57111
4128203,2019,União da Vitória,57517
4128203,2020,União da Vitória,57913
4128203,2021,União da Vitória,58298
4128203,2022,União da Vitória,57664
4128203,2023,União da Vitória,57031
4128203,2024,União da Vitória,56397
4128203,2025,União da Vitória,56560
4128203,2026,União da Vitória,56560
4128401,2008,Uraí,11793
4128401,2009,Uraí,11774
4128401,2010,Uraí,11608
4128401,2011,Uraí,11441
4128401,2012,Uraí,11411
4128401,2013,Uraí,11729
4128401,2014,Uraí,11711
4128401,2015,Uraí,11695
4128401,2016,Uraí,11678
4128401,2017,Uraí,11662
4128401,2018,Uraí,11356
4128401,2019,Uraí,11314
4128401,2020,Uraí,11273
4128401,2021,Uraí,11233
4128401,2022,Uraí,10958
4128401,2023,Uraí,10682
4128401,2024,Uraí,10407
4128401,2025,Uraí,10308
4128401,2026,Uraí,10308
4128534,2008,Ventania,10948
4128534,2009,Ventania,11239
4128534,2010,Ventania,10672
4128534,2011,Ventania,10106
4128534,2012,Ventania,10249
4128534,2013,Ventania,10763
4128534,2014,Ventania,10934
4128534,2015,Ventania,11093
4128534,2016,Ventania,11252
4128534,2017,Ventania,11407
4128534,2018,Ventania,11703
4128534,2019,Ventania,11892
4128534,2020,Ventania,12088
4128534,2021,Ventania,12267
4128534,2022,Ventania,11438
4128534,2023,Ventania,10608
4128534,2024,Ventania,9779
4128534,2025,Ventania,9760
4128534,2026,Ventania,9760
4128559,2008,Vera Cruz do Oeste,9301
4128559,2009,Vera Cruz do Oeste,9257
4128559,2010,Vera Cruz do Oeste,9089
4128559,2011,Vera Cruz do Oeste,8921
4128559,2012,Vera Cruz do Oeste,8871
4128559,2013,Vera Cruz do Oeste,9081
4128559,2014,Vera Cruz do Oeste,9038
4128559,2015,Vera Cruz do Oeste,8998
4128559,2016,Vera Cruz do Oeste,8958
4128559,2017,Vera Cruz do Oeste,8918
4128559,2018,Vera Cruz do Oeste,8590
4128559,2019,Vera Cruz do Oeste,8521
4128559,2020,Vera Cruz do Oeste,8454
4128559,2021,Vera Cruz do Oeste,8389
4128559,2022,Vera Cruz do Oeste,8335
4128559,2023,Vera Cruz do Oeste,8281
4128559,2024,Vera Cruz do Oeste,8227
4128559,2025,Vera Cruz do Oeste,8178
4128559,2026,Vera Cruz do Oeste,8178
4128609,2008,Verê,8144
4128609,2009,Verê,8078
4128609,2010,Verê,7946
4128609,2011,Verê,7814
4128609,2012,Verê,7751
4128609,2013,Verê,7911
4128609,2014,Verê,7853
4128609,2015,Verê,7799
4128609,2016,Verê,7745
4128609,2017,Verê,7692
4128609,2018,Verê,7342
4128609,2019,Verê,7257
4128609,2020,Verê,7174
4128609,2021,Verê,7094
4128609,2022,Verê,7413
4128609,2023,Verê,7732
4128609,2024,Verê,8051
4128609,2025,Verê,8077
4128609,2026,Verê,8077
4128658,2008,Virmond,4163
4128658,2009,Virmond,4181
4128658,2010,Virmond,4066
4128658,2011,Virmond,3951
4128658,2012,Virmond,3951
4128658,2013,Virmond,4075
4128658,2014,Virmond,4080
4128658,2015,Virmond,4085
4128658,2016,Virmond,4090
4128658,2017,Virmond,4095
4128658,2018,Virmond,4023
4128658,2019,Virmond,4023
4128658,2020,Virmond,4022
4128658,2021,Virmond,4051
4128658,2022,Virmond,3981
4128658,2023,Virmond,3912
4128658,2024,Virmond,3842
4128658,2025,Virmond,3828
4128658,2026,Virmond,3828
4128708,2008,Vitorino,6513
4128708,2009,Vitorino,6531
4128708,2010,Vitorino,6531
4128708,2011,Vitorino,6531
4128708,2012,Vitorino,6548
4128708,2013,Vitorino,6775
4128708,2014,Vitorino,6801
4128708,2015,Vitorino,6828
4128708,2016,Vitorino,6853
4128708,2017,Vitorino,6878
4128708,2018,Vitorino,6817
4128708,2019,Vitorino,6838
4128708,2020,Vitorino,6859
4128708,2021,Vitorino,6879
4128708,2022,Vitorino,8013
4128708,2023,Vitorino,9146
4128708,2024,Vitorino,10280
4128708,2025,Vitorino,10549
4128708,2026,Vitorino,10549
4128500,2008,Wenceslau Braz,19149
4128500,2009,Wenceslau Braz,19090
4128500,2010,Wenceslau Braz,19184
4128500,2011,Wenceslau Braz,19278
4128500,2012,Wenceslau Braz,19259
4128500,2013,Wenceslau Braz,19838
4128500,2014,Wenceslau Braz,19843
4128500,2015,Wenceslau Braz,19847
4128500,2016,Wenceslau Braz,19852
4128500,2017,Wenceslau Braz,19856
4128500,2018,Wenceslau Braz,19444
4128500,2019,Wenceslau Braz,19414
4128500,2020,Wenceslau Braz,19386
4128500,2021,Wenceslau Braz,19358
4128500,2022,Wenceslau Braz,19382
4128500,2023,Wenceslau Braz,19406
4128500,2024,Wenceslau Braz,19430
4128500,2025,Wenceslau Braz,19398
4128500,2026,Wenceslau Braz,19398
4128807,2008,Xambrê,5896
4128807,2009,Xambrê,5829
4128807,2010,Xambrê,5902
4128807,2011,Xambrê,5975
4128807,2012,Xambrê,5939
4128807,2013,Xambrê,6077
4128807,2014,Xambrê,6047
4128807,2015,Xambrê,6016
4128807,2016,Xambrê,5986
4128807,2017,Xambrê,5957
4128807,2018,Xambrê,5728
4128807,2019,Xambrê,5679
4128807,2020,Xambrê,5630
4128807,2021,Xambrê,5584
4128807,2022,Xambrê,5673
4128807,2023,Xambrê,5762
4128807,2024,Xambrê,5851
4128807,2025,Xambrê,5835
4128807,2026,Xambrê,5835
4101150,2008,Ângulo,2890
4101150,2009,Ângulo,2893
4101150,2010,Ângulo,2877
4101150,2011,Ângulo,2861
4101150,2012,Ângulo,2862
4101150,2013,Ângulo,2954
4101150,2014,Ângulo,2959
4101150,2015,Ângulo,2964
4101150,2016,Ângulo,2969
4101150,2017,Ângulo,2974
4101150,2018,Ângulo,2927
4101150,2019,Ângulo,2928
4101150,2020,Ângulo,2930
4101150,2021,Ângulo,2931
4101150,2022,Ângulo,3065
4101150,2023,Ângulo,3198
4101150,2024,Ângulo,3332
4101150,2025,Ângulo,3357
4101150,2026,Ângulo,3357
