cod_ibge,ano,municipio,populacao
2100105,2008,Afonso Cunha,5834
2100105,2009,Afonso Cunha,5948
2100105,2010,Afonso Cunha,5974
2100105,2011,Afonso Cunha,6000
2100105,2012,Afonso Cunha,6090
2100105,2013,Afonso Cunha,6197
2100105,2014,Afonso Cunha,6277
2100105,2015,Afonso Cunha,6351
2100105,2016,Afonso Cunha,6421
2100105,2017,Afonso Cunha,6486
2100105,2018,Afonso Cunha,6469
2100105,2019,Afonso Cunha,6524
2100105,2020,Afonso Cunha,6578
2100105,2021,Afonso Cunha,6631
2100105,2022,Afonso Cunha,6519
2100105,2023,Afonso Cunha,6408
2100105,2024,Afonso Cunha,6296
2100105,2025,Afonso Cunha,6303
2100105,2026,Afonso Cunha,6303
2100204,2008,Alcântara,21969
2100204,2009,Alcântara,22020
2100204,2010,Alcântara,21792
2100204,2011,Alcântara,21564
2100204,2012,Alcântara,21605
2100204,2013,Alcântara,21644
2100204,2014,Alcântara,21652
2100204,2015,Alcântara,21659
2100204,2016,Alcântara,21667
2100204,2017,Alcântara,21673
2100204,2018,Alcântara,22083
2100204,2019,Alcântara,22097
2100204,2020,Alcântara,22112
2100204,2021,Alcântara,22126
2100204,2022,Alcântara,21009
2100204,2023,Alcântara,19891
2100204,2024,Alcântara,18774
2100204,2025,Alcântara,18721
2100204,2026,Alcântara,18721
2100303,2008,Aldeias Altas,22328
2100303,2009,Aldeias Altas,22667
2100303,2010,Aldeias Altas,23506
2100303,2011,Aldeias Altas,24346
2100303,2012,Aldeias Altas,24726
2100303,2013,Aldeias Altas,25177
2100303,2014,Aldeias Altas,25509
2100303,2015,Aldeias Altas,25823
2100303,2016,Aldeias Altas,26115
2100303,2017,Aldeias Altas,26387
2100303,2018,Aldeias Altas,26302
2100303,2019,Aldeias Altas,26532
2100303,2020,Aldeias Altas,26757
2100303,2021,Aldeias Altas,26979
2100303,2022,Aldeias Altas,25913
2100303,2023,Aldeias Altas,24848
2100303,2024,Aldeias Altas,23782
2100303,2025,Aldeias Altas,23776
2100303,2026,Aldeias Altas,23776
2100402,2008,Altamira do Maranhão,7607
2100402,2009,Altamira do Maranhão,7771
2100402,2010,Altamira do Maranhão,9498
2100402,2011,Altamira do Maranhão,11225
2100402,2012,Altamira do Maranhão,11381
2100402,2013,Altamira do Maranhão,11564
2100402,2014,Altamira do Maranhão,11699
2100402,2015,Altamira do Maranhão,11616
2100402,2016,Altamira do Maranhão,10210
2100402,2017,Altamira do Maranhão,8070
2100402,2018,Altamira do Maranhão,8066
2100402,2019,Altamira do Maranhão,8128
2100402,2020,Altamira do Maranhão,8189
2100402,2021,Altamira do Maranhão,8250
2100402,2022,Altamira do Maranhão,7688
2100402,2023,Altamira do Maranhão,7127
2100402,2024,Altamira do Maranhão,6565
2100402,2025,Altamira do Maranhão,6549
2100402,2026,Altamira do Maranhão,6549
2100436,2008,Alto Alegre do Maranhão,22676
2100436,2009,Alto Alegre do Maranhão,22914
2100436,2010,Alto Alegre do Maranhão,23942
2100436,2011,Alto Alegre do Maranhão,24969
2100436,2012,Alto Alegre do Maranhão,25326
2100436,2013,Alto Alegre do Maranhão,25748
2100436,2014,Alto Alegre do Maranhão,26056
2100436,2015,Alto Alegre do Maranhão,26348
2100436,2016,Alto Alegre do Maranhão,26619
2100436,2017,Alto Alegre do Maranhão,26872
2100436,2018,Alto Alegre do Maranhão,26839
2100436,2019,Alto Alegre do Maranhão,27053
2100436,2020,Alto Alegre do Maranhão,27858
2100436,2021,Alto Alegre do Maranhão,28066
2100436,2022,Alto Alegre do Maranhão,26892
2100436,2023,Alto Alegre do Maranhão,25717
2100436,2024,Alto Alegre do Maranhão,24543
2100436,2025,Alto Alegre do Maranhão,24528
2100436,2026,Alto Alegre do Maranhão,24528
2100477,2008,Alto Alegre do Pindaré,32955
2100477,2009,Alto Alegre do Pindaré,33211
2100477,2010,Alto Alegre do Pindaré,32168
2100477,2011,Alto Alegre do Pindaré,31125
2100477,2012,Alto Alegre do Pindaré,31190
2100477,2013,Alto Alegre do Pindaré,31253
2100477,2014,Alto Alegre do Pindaré,31271
2100477,2015,Alto Alegre do Pindaré,31287
2100477,2016,Alto Alegre do Pindaré,31303
2100477,2017,Alto Alegre do Pindaré,31312
2100477,2018,Alto Alegre do Pindaré,31894
2100477,2019,Alto Alegre do Pindaré,31919
2100477,2020,Alto Alegre do Pindaré,31943
2100477,2021,Alto Alegre do Pindaré,31967
2100477,2022,Alto Alegre do Pindaré,30115
2100477,2023,Alto Alegre do Pindaré,28263
2100477,2024,Alto Alegre do Pindaré,26411
2100477,2025,Alto Alegre do Pindaré,26321
2100477,2026,Alto Alegre do Pindaré,26321
2100501,2008,Alto Parnaíba,10606
2100501,2009,Alto Parnaíba,10640
2100501,2010,Alto Parnaíba,10726
2100501,2011,Alto Parnaíba,10812
2100501,2012,Alto Parnaíba,10856
2100501,2013,Alto Parnaíba,10904
2100501,2014,Alto Parnaíba,10931
2100501,2015,Alto Parnaíba,10956
2100501,2016,Alto Parnaíba,10979
2100501,2017,Alto Parnaíba,11001
2100501,2018,Alto Parnaíba,11168
2100501,2019,Alto Parnaíba,11190
2100501,2020,Alto Parnaíba,11212
2100501,2021,Alto Parnaíba,11233
2100501,2022,Alto Parnaíba,11283
2100501,2023,Alto Parnaíba,11332
2100501,2024,Alto Parnaíba,11382
2100501,2025,Alto Parnaíba,11392
2100501,2026,Alto Parnaíba,11392
2100550,2008,Amapá do Maranhão,6361
2100550,2009,Amapá do Maranhão,6451
2100550,2010,Amapá do Maranhão,6480
2100550,2011,Amapá do Maranhão,6508
2100550,2012,Amapá do Maranhão,6583
2100550,2013,Amapá do Maranhão,6669
2100550,2014,Amapá do Maranhão,6731
2100550,2015,Amapá do Maranhão,6789
2100550,2016,Amapá do Maranhão,6844
2100550,2017,Amapá do Maranhão,6895
2100550,2018,Amapá do Maranhão,6918
2100550,2019,Amapá do Maranhão,6962
2100550,2020,Amapá do Maranhão,7005
2100550,2021,Amapá do Maranhão,7047
2100550,2022,Amapá do Maranhão,7153
2100550,2023,Amapá do Maranhão,7258
2100550,2024,Amapá do Maranhão,7364
2100550,2025,Amapá do Maranhão,7380
2100550,2026,Amapá do Maranhão,7380
2100600,2008,Amarante do Maranhão,36850
2100600,2009,Amarante do Maranhão,37388
2100600,2010,Amarante do Maranhão,37920
2100600,2011,Amarante do Maranhão,38451
2100600,2012,Amarante do Maranhão,38953
2100600,2013,Amarante do Maranhão,39544
2100600,2014,Amarante do Maranhão,39974
2100600,2015,Amarante do Maranhão,40378
2100600,2016,Amarante do Maranhão,40756
2100600,2017,Amarante do Maranhão,41106
2100600,2018,Amarante do Maranhão,41136
2100600,2019,Amarante do Maranhão,41435
2100600,2020,Amarante do Maranhão,41729
2100600,2021,Amarante do Maranhão,42017
2100600,2022,Amarante do Maranhão,40789
2100600,2023,Amarante do Maranhão,39561
2100600,2024,Amarante do Maranhão,38333
2100600,2025,Amarante do Maranhão,38335
2100600,2026,Amarante do Maranhão,38335
2100709,2008,Anajatuba,24695
2100709,2009,Anajatuba,25063
2100709,2010,Anajatuba,25346
2100709,2011,Anajatuba,25629
2100709,2012,Anajatuba,25955
2100709,2013,Anajatuba,26339
2100709,2014,Anajatuba,26618
2100709,2015,Anajatuba,26880
2100709,2016,Anajatuba,27125
2100709,2017,Anajatuba,27352
2100709,2018,Anajatuba,26614
2100709,2019,Anajatuba,26803
2100709,2020,Anajatuba,26988
2100709,2021,Anajatuba,27170
2100709,2022,Anajatuba,26854
2100709,2023,Anajatuba,26537
2100709,2024,Anajatuba,26221
2100709,2025,Anajatuba,26250
2100709,2026,Anajatuba,26250
2100808,2008,Anapurus,12990
2100808,2009,Anapurus,13257
2100808,2010,Anapurus,13738
2100808,2011,Anapurus,14220
2100808,2012,Anapurus,14492
2100808,2013,Anapurus,14815
2100808,2014,Anapurus,15057
2100808,2015,Anapurus,15286
2100808,2016,Anapurus,15499
2100808,2017,Anapurus,15696
2100808,2018,Anapurus,15566
2100808,2019,Anapurus,15732
2100808,2020,Anapurus,15894
2100808,2021,Anapurus,16054
2100808,2022,Anapurus,15406
2100808,2023,Anapurus,14759
2100808,2024,Anapurus,14111
2100808,2025,Anapurus,14113
2100808,2026,Anapurus,14113
2100832,2008,Apicum-Açu,13641
2100832,2009,Apicum-Açu,13890
2100832,2010,Apicum-Açu,14573
2100832,2011,Apicum-Açu,15256
2100832,2012,Apicum-Açu,15542
2100832,2013,Apicum-Açu,17474
2100832,2014,Apicum-Açu,17712
2100832,2015,Apicum-Açu,17948
2100832,2016,Apicum-Açu,18169
2100832,2017,Apicum-Açu,18374
2100832,2018,Apicum-Açu,17063
2100832,2019,Apicum-Açu,17239
2100832,2020,Apicum-Açu,17413
2100832,2021,Apicum-Açu,17582
2100832,2022,Apicum-Açu,17716
2100832,2023,Apicum-Açu,17850
2100832,2024,Apicum-Açu,17984
2100832,2025,Apicum-Açu,18033
2100832,2026,Apicum-Açu,18033
2100873,2008,Araguanã,10221
2100873,2009,Araguanã,10325
2100873,2010,Araguanã,10916
2100873,2011,Araguanã,11508
2100873,2012,Araguanã,14407
2100873,2013,Araguanã,14658
2100873,2014,Araguanã,14843
2100873,2015,Araguanã,15018
2100873,2016,Araguanã,15182
2100873,2017,Araguanã,15332
2100873,2018,Araguanã,15297
2100873,2019,Araguanã,15426
2100873,2020,Araguanã,15551
2100873,2021,Araguanã,15675
2100873,2022,Araguanã,14232
2100873,2023,Araguanã,12790
2100873,2024,Araguanã,11347
2100873,2025,Araguanã,11297
2100873,2026,Araguanã,11297
2100907,2008,Araioses,38800
2100907,2009,Araioses,39166
2100907,2010,Araioses,41128
2100907,2011,Araioses,43089
2100907,2012,Araioses,43653
2100907,2013,Araioses,44317
2100907,2014,Araioses,44800
2100907,2015,Araioses,45255
2100907,2016,Araioses,45680
2100907,2017,Araioses,46074
2100907,2018,Araioses,46103
2100907,2019,Araioses,46440
2100907,2020,Araioses,46771
2100907,2021,Araioses,47095
2100907,2022,Araioses,44823
2100907,2023,Araioses,42550
2100907,2024,Araioses,40278
2100907,2025,Araioses,40231
2100907,2026,Araioses,40231
2100956,2008,Arame,27967
2100956,2009,Arame,27750
2100956,2010,Arame,29792
2100956,2011,Arame,31835
2100956,2012,Arame,31729
2100956,2013,Arame,31867
2100956,2014,Arame,31944
2100956,2015,Arame,32015
2100956,2016,Arame,32083
2100956,2017,Arame,32145
2100956,2018,Arame,32637
2100956,2019,Arame,32701
2100956,2020,Arame,32764
2100956,2021,Arame,32825
2100956,2022,Arame,30614
2100956,2023,Arame,28402
2100956,2024,Arame,26191
2100956,2025,Arame,26089
2100956,2026,Arame,26089
2101004,2008,Arari,28585
2101004,2009,Arari,28787
2101004,2010,Arari,28719
2101004,2011,Arari,28651
2101004,2012,Arari,28809
2101004,2013,Arari,28986
2101004,2014,Arari,29096
2101004,2015,Arari,29200
2101004,2016,Arari,29297
2101004,2017,Arari,29388
2101004,2018,Arari,29764
2101004,2019,Arari,29848
2101004,2020,Arari,29932
2101004,2021,Arari,30014
2101004,2022,Arari,30183
2101004,2023,Arari,30352
2101004,2024,Arari,30521
2101004,2025,Arari,30555
2101004,2026,Arari,30555
2101103,2008,Axixá,14743
2101103,2009,Axixá,15203
2101103,2010,Axixá,13354
2101103,2011,Axixá,11505
2101103,2012,Axixá,11599
2101103,2013,Axixá,11706
2101103,2014,Axixá,11780
2101103,2015,Axixá,11850
2101103,2016,Axixá,11915
2101103,2017,Axixá,11975
2101103,2018,Axixá,12076
2101103,2019,Axixá,12130
2101103,2020,Axixá,12183
2101103,2021,Axixá,12234
2101103,2022,Axixá,12182
2101103,2023,Axixá,12131
2101103,2024,Axixá,12079
2101103,2025,Axixá,12091
2101103,2026,Axixá,12091
2100055,2008,Açailândia,100017
2100055,2009,Açailândia,101130
2100055,2010,Açailândia,103192
2100055,2011,Açailândia,105255
2100055,2012,Açailândia,106422
2100055,2013,Açailândia,107790
2100055,2014,Açailândia,108765
2100055,2015,Açailândia,109685
2100055,2016,Açailândia,110543
2100055,2017,Açailândia,111339
2100055,2018,Açailândia,111757
2100055,2019,Açailândia,112445
2100055,2020,Açailândia,113121
2100055,2021,Açailândia,113783
2100055,2022,Açailândia,112691
2100055,2023,Açailândia,111598
2100055,2024,Açailândia,110506
2100055,2025,Açailândia,110611
2100055,2026,Açailândia,110611
2101202,2008,Bacabal,97946
2101202,2009,Bacabal,98489
2101202,2010,Bacabal,99552
2101202,2011,Bacabal,100615
2101202,2012,Bacabal,101195
2101202,2013,Bacabal,101851
2101202,2014,Bacabal,102265
2101202,2015,Bacabal,102656
2101202,2016,Bacabal,103020
2101202,2017,Bacabal,103359
2101202,2018,Bacabal,104633
2101202,2019,Bacabal,104949
2101202,2020,Bacabal,104790
2101202,2021,Bacabal,105094
2101202,2022,Bacabal,105936
2101202,2023,Bacabal,106778
2101202,2024,Bacabal,107620
2101202,2025,Bacabal,107755
2101202,2026,Bacabal,107755
2101251,2008,Bacabeira,15115
2101251,2009,Bacabeira,15574
2101251,2010,Bacabeira,15419
2101251,2011,Bacabeira,15264
2101251,2012,Bacabeira,15591
2101251,2013,Bacabeira,15982
2101251,2014,Bacabeira,16276
2101251,2015,Bacabeira,16553
2101251,2016,Bacabeira,16812
2101251,2017,Bacabeira,17053
2101251,2018,Bacabeira,16855
2101251,2019,Bacabeira,17055
2101251,2020,Bacabeira,17252
2101251,2021,Bacabeira,17446
2101251,2022,Bacabeira,17435
2101251,2023,Bacabeira,17425
2101251,2024,Bacabeira,17414
2101251,2025,Bacabeira,17459
2101251,2026,Bacabeira,17459
2101301,2008,Bacuri,16500
2101301,2009,Bacuri,16585
2101301,2010,Bacuri,16636
2101301,2011,Bacuri,16687
2101301,2012,Bacuri,17437
2101301,2013,Bacuri,17164
2101301,2014,Bacuri,17280
2101301,2015,Bacuri,17335
2101301,2016,Bacuri,17388
2101301,2017,Bacuri,17435
2101301,2018,Bacuri,18508
2101301,2019,Bacuri,18582
2101301,2020,Bacuri,18654
2101301,2021,Bacuri,18726
2101301,2022,Bacuri,18021
2101301,2023,Bacuri,17315
2101301,2024,Bacuri,16610
2101301,2025,Bacuri,16591
2101301,2026,Bacuri,16591
2101350,2008,Bacurituba,5597
2101350,2009,Bacurituba,5687
2101350,2010,Bacurituba,5514
2101350,2011,Bacurituba,5341
2101350,2012,Bacurituba,5387
2101350,2013,Bacurituba,5440
2101350,2014,Bacurituba,5477
2101350,2015,Bacurituba,5511
2101350,2016,Bacurituba,5544
2101350,2017,Bacurituba,5574
2101350,2018,Bacurituba,5617
2101350,2019,Bacurituba,5644
2101350,2020,Bacurituba,5670
2101350,2021,Bacurituba,5696
2101350,2022,Bacurituba,5589
2101350,2023,Bacurituba,5481
2101350,2024,Bacurituba,5374
2101350,2025,Bacurituba,5375
2101350,2026,Bacurituba,5375
2101400,2008,Balsas,81497
2101400,2009,Balsas,83617
2101400,2010,Balsas,84470
2101400,2011,Balsas,85322
2101400,2012,Balsas,87057
2101400,2013,Balsas,89126
2101400,2014,Balsas,90679
2101400,2015,Balsas,92144
2101400,2016,Balsas,93511
2101400,2017,Balsas,94779
2101400,2018,Balsas,93826
2101400,2019,Balsas,94887
2101400,2020,Balsas,95929
2101400,2021,Balsas,96951
2101400,2022,Balsas,99999
2101400,2023,Balsas,103046
2101400,2024,Balsas,106094
2101400,2025,Balsas,105974
2101400,2026,Balsas,105974
2101608,2008,Barra do Corda,81027
2101608,2009,Barra do Corda,81329
2101608,2010,Barra do Corda,82392
2101608,2011,Barra do Corda,83454
2101608,2012,Barra do Corda,84180
2101608,2013,Barra do Corda,85022
2101608,2014,Barra do Corda,85603
2101608,2015,Barra do Corda,86151
2101608,2016,Barra do Corda,86662
2101608,2017,Barra do Corda,87135
2101608,2018,Barra do Corda,87794
2101608,2019,Barra do Corda,88212
2101608,2020,Barra do Corda,88492
2101608,2021,Barra do Corda,88895
2101608,2022,Barra do Corda,88487
2101608,2023,Barra do Corda,88080
2101608,2024,Barra do Corda,87672
2101608,2025,Barra do Corda,87757
2101608,2026,Barra do Corda,87757
2101707,2008,Barreirinhas,49398
2101707,2009,Barreirinhas,50354
2101707,2010,Barreirinhas,53238
2101707,2011,Barreirinhas,56123
2101707,2012,Barreirinhas,58083
2101707,2013,Barreirinhas,58599
2101707,2014,Barreirinhas,59623
2101707,2015,Barreirinhas,60588
2101707,2016,Barreirinhas,61621
2101707,2017,Barreirinhas,62458
2101707,2018,Barreirinhas,61828
2101707,2019,Barreirinhas,62528
2101707,2020,Barreirinhas,63217
2101707,2021,Barreirinhas,63891
2101707,2022,Barreirinhas,65260
2101707,2023,Barreirinhas,66630
2101707,2024,Barreirinhas,67999
2101707,2025,Barreirinhas,68234
2101707,2026,Barreirinhas,68234
2101509,2008,Barão de Grajaú,17069
2101509,2009,Barão de Grajaú,17231
2101509,2010,Barão de Grajaú,17456
2101509,2011,Barão de Grajaú,17681
2101509,2012,Barão de Grajaú,17862
2101509,2013,Barão de Grajaú,18074
2101509,2014,Barão de Grajaú,18223
2101509,2015,Barão de Grajaú,18365
2101509,2016,Barão de Grajaú,18496
2101509,2017,Barão de Grajaú,18619
2101509,2018,Barão de Grajaú,18714
2101509,2019,Barão de Grajaú,18820
2101509,2020,Barão de Grajaú,18924
2101509,2021,Barão de Grajaú,19026
2101509,2022,Barão de Grajaú,19170
2101509,2023,Barão de Grajaú,19314
2101509,2024,Barão de Grajaú,19458
2101509,2025,Barão de Grajaú,19493
2101509,2026,Barão de Grajaú,19493
2101772,2008,Bela Vista do Maranhão,8850
2101772,2009,Bela Vista do Maranhão,8855
2101772,2010,Bela Vista do Maranhão,10524
2101772,2011,Bela Vista do Maranhão,12194
2101772,2012,Bela Vista do Maranhão,12335
2101772,2013,Bela Vista do Maranhão,10717
2101772,2014,Bela Vista do Maranhão,10836
2101772,2015,Bela Vista do Maranhão,10931
2101772,2016,Bela Vista do Maranhão,11020
2101772,2017,Bela Vista do Maranhão,11103
2101772,2018,Bela Vista do Maranhão,11138
2101772,2019,Bela Vista do Maranhão,11209
2101772,2020,Bela Vista do Maranhão,11279
2101772,2021,Bela Vista do Maranhão,11347
2101772,2022,Bela Vista do Maranhão,11589
2101772,2023,Bela Vista do Maranhão,11831
2101772,2024,Bela Vista do Maranhão,12073
2101772,2025,Bela Vista do Maranhão,12104
2101772,2026,Bela Vista do Maranhão,12104
2101731,2008,Belágua,5892
2101731,2009,Belágua,5953
2101731,2010,Belágua,6288
2101731,2011,Belágua,6622
2101731,2012,Belágua,6986
2101731,2013,Belágua,7105
2101731,2014,Belágua,7191
2101731,2015,Belágua,7273
2101731,2016,Belágua,7350
2101731,2017,Belágua,7422
2101731,2018,Belágua,7409
2101731,2019,Belágua,7469
2101731,2020,Belágua,7528
2101731,2021,Belágua,7586
2101731,2022,Belágua,7963
2101731,2023,Belágua,8339
2101731,2024,Belágua,8716
2101731,2025,Belágua,8751
2101731,2026,Belágua,8751
2101806,2008,Benedito Leite,5545
2101806,2009,Benedito Leite,5567
2101806,2010,Benedito Leite,5525
2101806,2011,Benedito Leite,5483
2101806,2012,Benedito Leite,5497
2101806,2013,Benedito Leite,5510
2101806,2014,Benedito Leite,5515
2101806,2015,Benedito Leite,5519
2101806,2016,Benedito Leite,5524
2101806,2017,Benedito Leite,5528
2101806,2018,Benedito Leite,5627
2101806,2019,Benedito Leite,5632
2101806,2020,Benedito Leite,5638
2101806,2021,Benedito Leite,5643
2101806,2022,Benedito Leite,5628
2101806,2023,Benedito Leite,5612
2101806,2024,Benedito Leite,5597
2101806,2025,Benedito Leite,5599
2101806,2026,Benedito Leite,5599
2101905,2008,Bequimão,21356
2101905,2009,Bequimão,21508
2101905,2010,Bequimão,21116
2101905,2011,Bequimão,20725
2101905,2012,Bequimão,20773
2101905,2013,Bequimão,20821
2101905,2014,Bequimão,20837
2101905,2015,Bequimão,20853
2101905,2016,Bequimão,20867
2101905,2017,Bequimão,20881
2101905,2018,Bequimão,21260
2101905,2019,Bequimão,21280
2101905,2020,Bequimão,21299
2101905,2021,Bequimão,21317
2101905,2022,Bequimão,20872
2101905,2023,Bequimão,20428
2101905,2024,Bequimão,19983
2101905,2025,Bequimão,19968
2101905,2026,Bequimão,19968
2101939,2008,Bernardo do Mearim,6160
2101939,2009,Bernardo do Mearim,6249
2101939,2010,Bernardo do Mearim,6152
2101939,2011,Bernardo do Mearim,6055
2101939,2012,Bernardo do Mearim,6111
2101939,2013,Bernardo do Mearim,6176
2101939,2014,Bernardo do Mearim,5860
2101939,2015,Bernardo do Mearim,5900
2101939,2016,Bernardo do Mearim,5938
2101939,2017,Bernardo do Mearim,5973
2101939,2018,Bernardo do Mearim,6011
2101939,2019,Bernardo do Mearim,6043
2101939,2020,Bernardo do Mearim,6073
2101939,2021,Bernardo do Mearim,6102
2101939,2022,Bernardo do Mearim,6062
2101939,2023,Bernardo do Mearim,6023
2101939,2024,Bernardo do Mearim,5983
2101939,2025,Bernardo do Mearim,5989
2101939,2026,Bernardo do Mearim,5989
2101970,2008,Boa Vista do Gurupi,7643
2101970,2009,Boa Vista do Gurupi,7895
2101970,2010,Boa Vista do Gurupi,8030
2101970,2011,Boa Vista do Gurupi,8166
2101970,2012,Boa Vista do Gurupi,8375
2101970,2013,Boa Vista do Gurupi,8626
2101970,2014,Boa Vista do Gurupi,8816
2101970,2015,Boa Vista do Gurupi,8996
2101970,2016,Boa Vista do Gurupi,9164
2101970,2017,Boa Vista do Gurupi,9320
2101970,2018,Boa Vista do Gurupi,9158
2101970,2019,Boa Vista do Gurupi,9287
2101970,2020,Boa Vista do Gurupi,8382
2101970,2021,Boa Vista do Gurupi,8494
2101970,2022,Boa Vista do Gurupi,8252
2101970,2023,Boa Vista do Gurupi,8011
2101970,2024,Boa Vista do Gurupi,7769
2101970,2025,Boa Vista do Gurupi,7781
2101970,2026,Boa Vista do Gurupi,7781
2102002,2008,Bom Jardim,38813
2102002,2009,Bom Jardim,39224
2102002,2010,Bom Jardim,39312
2102002,2011,Bom Jardim,39401
2102002,2012,Bom Jardim,39740
2102002,2013,Bom Jardim,40134
2102002,2014,Bom Jardim,40405
2102002,2015,Bom Jardim,40660
2102002,2016,Bom Jardim,40898
2102002,2017,Bom Jardim,41120
2102002,2018,Bom Jardim,41435
2102002,2019,Bom Jardim,41630
2102002,2020,Bom Jardim,41822
2102002,2021,Bom Jardim,42010
2102002,2022,Bom Jardim,39352
2102002,2023,Bom Jardim,36693
2102002,2024,Bom Jardim,34035
2102002,2025,Bom Jardim,33936
2102002,2026,Bom Jardim,33936
2102036,2008,Bom Jesus das Selvas,24661
2102036,2009,Bom Jesus das Selvas,25473
2102036,2010,Bom Jesus das Selvas,27424
2102036,2011,Bom Jesus das Selvas,29374
2102036,2012,Bom Jesus das Selvas,30259
2102036,2013,Bom Jesus das Selvas,31320
2102036,2014,Bom Jesus das Selvas,32133
2102036,2015,Bom Jesus das Selvas,32900
2102036,2016,Bom Jesus das Selvas,33615
2102036,2017,Bom Jesus das Selvas,34278
2102036,2018,Bom Jesus das Selvas,33479
2102036,2019,Bom Jesus das Selvas,34028
2102036,2020,Bom Jesus das Selvas,34567
2102036,2021,Bom Jesus das Selvas,35095
2102036,2022,Bom Jesus das Selvas,33259
2102036,2023,Bom Jesus das Selvas,31424
2102036,2024,Bom Jesus das Selvas,29588
2102036,2025,Bom Jesus das Selvas,29606
2102036,2026,Bom Jesus das Selvas,29606
2102077,2008,Bom Lugar,13222
2102077,2009,Bom Lugar,13384
2102077,2010,Bom Lugar,14228
2102077,2011,Bom Lugar,15071
2102077,2012,Bom Lugar,15314
2102077,2013,Bom Lugar,15604
2102077,2014,Bom Lugar,15655
2102077,2015,Bom Lugar,15855
2102077,2016,Bom Lugar,16041
2102077,2017,Bom Lugar,16214
2102077,2018,Bom Lugar,16148
2102077,2019,Bom Lugar,16294
2102077,2020,Bom Lugar,16438
2102077,2021,Bom Lugar,16578
2102077,2022,Bom Lugar,15190
2102077,2023,Bom Lugar,13802
2102077,2024,Bom Lugar,12414
2102077,2025,Bom Lugar,12371
2102077,2026,Bom Lugar,12371
2102101,2008,Brejo,32018
2102101,2009,Brejo,32453
2102101,2010,Brejo,33130
2102101,2011,Brejo,33808
2102101,2012,Brejo,34242
2102101,2013,Brejo,34754
2102101,2014,Brejo,35124
2102101,2015,Brejo,35473
2102101,2016,Brejo,35799
2102101,2017,Brejo,36102
2102101,2018,Brejo,36139
2102101,2019,Brejo,36397
2102101,2020,Brejo,36651
2102101,2021,Brejo,36900
2102101,2022,Brejo,36374
2102101,2023,Brejo,35848
2102101,2024,Brejo,35322
2102101,2025,Brejo,35354
2102101,2026,Brejo,35354
2102150,2008,Brejo de Areia,5896
2102150,2009,Brejo de Areia,5505
2102150,2010,Brejo de Areia,5385
2102150,2011,Brejo de Areia,5265
2102150,2012,Brejo de Areia,4962
2102150,2013,Brejo de Areia,4591
2102150,2014,Brejo de Areia,4291
2102150,2015,Brejo de Areia,9166
2102150,2016,Brejo de Areia,10444
2102150,2017,Brejo de Areia,8696
2102150,2018,Brejo de Areia,9367
2102150,2019,Brejo de Areia,9188
2102150,2020,Brejo de Areia,9014
2102150,2021,Brejo de Areia,8841
2102150,2022,Brejo de Areia,9023
2102150,2023,Brejo de Areia,9205
2102150,2024,Brejo de Areia,9387
2102150,2025,Brejo de Areia,9363
2102150,2026,Brejo de Areia,9363
2102200,2008,Buriti,26029
2102200,2009,Buriti,26202
2102200,2010,Buriti,26718
2102200,2011,Buriti,27235
2102200,2012,Buriti,27449
2102200,2013,Buriti,27697
2102200,2014,Buriti,27864
2102200,2015,Buriti,28022
2102200,2016,Buriti,28170
2102200,2017,Buriti,28306
2102200,2018,Buriti,28557
2102200,2019,Buriti,28678
2102200,2020,Buriti,28798
2102200,2021,Buriti,28916
2102200,2022,Buriti,29544
2102200,2023,Buriti,30171
2102200,2024,Buriti,30799
2102200,2025,Buriti,30866
2102200,2026,Buriti,30866
2102309,2008,Buriti Bravo,22941
2102309,2009,Buriti Bravo,23074
2102309,2010,Buriti Bravo,23042
2102309,2011,Buriti Bravo,23011
2102309,2012,Buriti Bravo,23119
2102309,2013,Buriti Bravo,23238
2102309,2014,Buriti Bravo,23308
2102309,2015,Buriti Bravo,23375
2102309,2016,Buriti Bravo,23437
2102309,2017,Buriti Bravo,23495
2102309,2018,Buriti Bravo,23827
2102309,2019,Buriti Bravo,23884
2102309,2020,Buriti Bravo,23939
2102309,2021,Buriti Bravo,23993
2102309,2022,Buriti Bravo,23642
2102309,2023,Buriti Bravo,23291
2102309,2024,Buriti Bravo,22940
2102309,2025,Buriti Bravo,22938
2102309,2026,Buriti Bravo,22938
2102325,2008,Buriticupu,63466
2102325,2009,Buriticupu,64685
2102325,2010,Buriticupu,65506
2102325,2011,Buriticupu,66326
2102325,2012,Buriticupu,67378
2102325,2013,Buriticupu,68626
2102325,2014,Buriticupu,69548
2102325,2015,Buriticupu,70417
2102325,2016,Buriticupu,71227
2102325,2017,Buriticupu,71979
2102325,2018,Buriticupu,71723
2102325,2019,Buriticupu,72358
2102325,2020,Buriticupu,72983
2102325,2021,Buriticupu,73595
2102325,2022,Buriticupu,68029
2102325,2023,Buriticupu,62462
2102325,2024,Buriticupu,56896
2102325,2025,Buriticupu,56733
2102325,2026,Buriticupu,56733
2102358,2008,Buritirana,15005
2102358,2009,Buritirana,15051
2102358,2010,Buritirana,14954
2102358,2011,Buritirana,14858
2102358,2012,Buritirana,14930
2102358,2013,Buritirana,15008
2102358,2014,Buritirana,15055
2102358,2015,Buritirana,15100
2102358,2016,Buritirana,15142
2102358,2017,Buritirana,15180
2102358,2018,Buritirana,15393
2102358,2019,Buritirana,15430
2102358,2020,Buritirana,15467
2102358,2021,Buritirana,15503
2102358,2022,Buritirana,14721
2102358,2023,Buritirana,13939
2102358,2024,Buritirana,13157
2102358,2025,Buritirana,13125
2102358,2026,Buritirana,13125
2102374,2008,Cachoeira Grande,9116
2102374,2009,Cachoeira Grande,9286
2102374,2010,Cachoeira Grande,8907
2102374,2011,Cachoeira Grande,8528
2102374,2012,Cachoeira Grande,8607
2102374,2013,Cachoeira Grande,8698
2102374,2014,Cachoeira Grande,8762
2102374,2015,Cachoeira Grande,8822
2102374,2016,Cachoeira Grande,8878
2102374,2017,Cachoeira Grande,8930
2102374,2018,Cachoeira Grande,9382
2102374,2019,Cachoeira Grande,9431
2102374,2020,Cachoeira Grande,9478
2102374,2021,Cachoeira Grande,9524
2102374,2022,Cachoeira Grande,9684
2102374,2023,Cachoeira Grande,9844
2102374,2024,Cachoeira Grande,10004
2102374,2025,Cachoeira Grande,10032
2102374,2026,Cachoeira Grande,10032
2102408,2008,Cajapió,10279
2102408,2009,Cajapió,10337
2102408,2010,Cajapió,10502
2102408,2011,Cajapió,10668
2102408,2012,Cajapió,10740
2102408,2013,Cajapió,10822
2102408,2014,Cajapió,10876
2102408,2015,Cajapió,10927
2102408,2016,Cajapió,10975
2102408,2017,Cajapió,11019
2102408,2018,Cajapió,11136
2102408,2019,Cajapió,11177
2102408,2020,Cajapió,11216
2102408,2021,Cajapió,11255
2102408,2022,Cajapió,10951
2102408,2023,Cajapió,10646
2102408,2024,Cajapió,10342
2102408,2025,Cajapió,10336
2102408,2026,Cajapió,10336
2102507,2008,Cajari,13203
2102507,2009,Cajari,13170
2102507,2010,Cajari,15822
2102507,2011,Cajari,18473
2102507,2012,Cajari,18603
2102507,2013,Cajari,18751
2102507,2014,Cajari,18850
2102507,2015,Cajari,18943
2102507,2016,Cajari,19030
2102507,2017,Cajari,19110
2102507,2018,Cajari,19307
2102507,2019,Cajari,19379
2102507,2020,Cajari,19451
2102507,2021,Cajari,19521
2102507,2022,Cajari,18584
2102507,2023,Cajari,17648
2102507,2024,Cajari,16711
2102507,2025,Cajari,16680
2102507,2026,Cajari,16680
2102556,2008,Campestre do Maranhão,12615
2102556,2009,Campestre do Maranhão,12716
2102556,2010,Campestre do Maranhão,13114
2102556,2011,Campestre do Maranhão,13511
2102556,2012,Campestre do Maranhão,13649
2102556,2013,Campestre do Maranhão,13808
2102556,2014,Campestre do Maranhão,13921
2102556,2015,Campestre do Maranhão,14028
2102556,2016,Campestre do Maranhão,14127
2102556,2017,Campestre do Maranhão,14219
2102556,2018,Campestre do Maranhão,14294
2102556,2019,Campestre do Maranhão,14374
2102556,2020,Campestre do Maranhão,14453
2102556,2021,Campestre do Maranhão,14530
2102556,2022,Campestre do Maranhão,13871
2102556,2023,Campestre do Maranhão,13212
2102556,2024,Campestre do Maranhão,12553
2102556,2025,Campestre do Maranhão,12536
2102556,2026,Campestre do Maranhão,12536
2102705,2008,Cantanhede,19396
2102705,2009,Cantanhede,19564
2102705,2010,Cantanhede,20116
2102705,2011,Cantanhede,20667
2102705,2012,Cantanhede,20879
2102705,2013,Cantanhede,21125
2102705,2014,Cantanhede,21299
2102705,2015,Cantanhede,21464
2102705,2016,Cantanhede,21617
2102705,2017,Cantanhede,21759
2102705,2018,Cantanhede,21872
2102705,2019,Cantanhede,21995
2102705,2020,Cantanhede,22117
2102705,2021,Cantanhede,22236
2102705,2022,Cantanhede,23149
2102705,2023,Cantanhede,24063
2102705,2024,Cantanhede,24976
2102705,2025,Cantanhede,25059
2102705,2026,Cantanhede,25059
2102754,2008,Capinzal do Norte,10683
2102754,2009,Capinzal do Norte,10688
2102754,2010,Capinzal do Norte,10699
2102754,2011,Capinzal do Norte,10710
2102754,2012,Capinzal do Norte,10722
2102754,2013,Capinzal do Norte,10729
2102754,2014,Capinzal do Norte,10725
2102754,2015,Capinzal do Norte,10720
2102754,2016,Capinzal do Norte,10716
2102754,2017,Capinzal do Norte,10713
2102754,2018,Capinzal do Norte,10932
2102754,2019,Capinzal do Norte,10934
2102754,2020,Capinzal do Norte,10935
2102754,2021,Capinzal do Norte,10937
2102754,2022,Capinzal do Norte,11179
2102754,2023,Capinzal do Norte,11422
2102754,2024,Capinzal do Norte,11664
2102754,2025,Capinzal do Norte,11681
2102754,2026,Capinzal do Norte,11681
2102804,2008,Carolina,25159
2102804,2009,Carolina,25257
2102804,2010,Carolina,24607
2102804,2011,Carolina,23957
2102804,2012,Carolina,23955
2102804,2013,Carolina,23939
2102804,2014,Carolina,23902
2102804,2015,Carolina,23866
2102804,2016,Carolina,23833
2102804,2017,Carolina,23803
2102804,2018,Carolina,24337
2102804,2019,Carolina,24322
2102804,2020,Carolina,24165
2102804,2021,Carolina,24151
2102804,2022,Carolina,24303
2102804,2023,Carolina,24454
2102804,2024,Carolina,24606
2102804,2025,Carolina,24619
2102804,2026,Carolina,24619
2102903,2008,Carutapera,20905
2102903,2009,Carutapera,21121
2102903,2010,Carutapera,21694
2102903,2011,Carutapera,22266
2102903,2012,Carutapera,22517
2102903,2013,Carutapera,22811
2102903,2014,Carutapera,23021
2102903,2015,Carutapera,23219
2102903,2016,Carutapera,23404
2102903,2017,Carutapera,23576
2102903,2018,Carutapera,23658
2102903,2019,Carutapera,23807
2102903,2020,Carutapera,23952
2102903,2021,Carutapera,24095
2102903,2022,Carutapera,24348
2102903,2023,Carutapera,24602
2102903,2024,Carutapera,24855
2102903,2025,Carutapera,24906
2102903,2026,Carutapera,24906
2103000,2008,Caxias,147416
2103000,2009,Caxias,148072
2103000,2010,Caxias,152200
2103000,2011,Caxias,156327
2103000,2012,Caxias,158059
2103000,2013,Caxias,159396
2103000,2014,Caxias,160291
2103000,2015,Caxias,161137
2103000,2016,Caxias,161926
2103000,2017,Caxias,162657
2103000,2018,Caxias,164224
2103000,2019,Caxias,164880
2103000,2020,Caxias,165525
2103000,2021,Caxias,166159
2103000,2022,Caxias,165249
2103000,2023,Caxias,164338
2103000,2024,Caxias,163428
2103000,2025,Caxias,163546
2103000,2026,Caxias,163546
2103109,2008,Cedral,10127
2103109,2009,Cedral,10152
2103109,2010,Cedral,10244
2103109,2011,Cedral,10336
2103109,2012,Cedral,10374
2103109,2013,Cedral,10414
2103109,2014,Cedral,10435
2103109,2015,Cedral,10455
2103109,2016,Cedral,10473
2103109,2017,Cedral,10490
2103109,2018,Cedral,10657
2103109,2019,Cedral,10675
2103109,2020,Cedral,10693
2103109,2021,Cedral,10711
2103109,2022,Cedral,10622
2103109,2023,Cedral,10533
2103109,2024,Cedral,10444
2103109,2025,Cedral,10446
2103109,2026,Cedral,10446
2103125,2008,Central do Maranhão,9062
2103125,2009,Central do Maranhão,9246
2103125,2010,Central do Maranhão,8626
2103125,2011,Central do Maranhão,8006
2103125,2012,Central do Maranhão,8120
2103125,2013,Central do Maranhão,8255
2103125,2014,Central do Maranhão,8354
2103125,2015,Central do Maranhão,8447
2103125,2016,Central do Maranhão,8534
2103125,2017,Central do Maranhão,8615
2103125,2018,Central do Maranhão,8604
2103125,2019,Central do Maranhão,8673
2103125,2020,Central do Maranhão,8740
2103125,2021,Central do Maranhão,8806
2103125,2022,Central do Maranhão,8282
2103125,2023,Central do Maranhão,7757
2103125,2024,Central do Maranhão,7233
2103125,2025,Central do Maranhão,7220
2103125,2026,Central do Maranhão,7220
2103174,2008,Centro Novo do Maranhão,15577
2103174,2009,Centro Novo do Maranhão,15668
2103174,2010,Centro Novo do Maranhão,17624
2103174,2011,Centro Novo do Maranhão,19581
2103174,2012,Centro Novo do Maranhão,19947
2103174,2013,Centro Novo do Maranhão,20382
2103174,2014,Centro Novo do Maranhão,20707
2103174,2015,Centro Novo do Maranhão,21013
2103174,2016,Centro Novo do Maranhão,21300
2103174,2017,Centro Novo do Maranhão,21565
2103174,2018,Centro Novo do Maranhão,21399
2103174,2019,Centro Novo do Maranhão,21622
2103174,2020,Centro Novo do Maranhão,21840
2103174,2021,Centro Novo do Maranhão,22056
2103174,2022,Centro Novo do Maranhão,20214
2103174,2023,Centro Novo do Maranhão,18371
2103174,2024,Centro Novo do Maranhão,16529
2103174,2025,Centro Novo do Maranhão,16477
2103174,2026,Centro Novo do Maranhão,16477
2103158,2008,Centro do Guilherme,7318
2103158,2009,Centro do Guilherme,7432
2103158,2010,Centro do Guilherme,9532
2103158,2011,Centro do Guilherme,11632
2103158,2012,Centro do Guilherme,11979
2103158,2013,Centro do Guilherme,12395
2103158,2014,Centro do Guilherme,12713
2103158,2015,Centro do Guilherme,13015
2103158,2016,Centro do Guilherme,13295
2103158,2017,Centro do Guilherme,13555
2103158,2018,Centro do Guilherme,13243
2103158,2019,Centro do Guilherme,13458
2103158,2020,Centro do Guilherme,13670
2103158,2021,Centro do Guilherme,13876
2103158,2022,Centro do Guilherme,13473
2103158,2023,Centro do Guilherme,13071
2103158,2024,Centro do Guilherme,12668
2103158,2025,Centro do Guilherme,12693
2103158,2026,Centro do Guilherme,12693
2103208,2008,Chapadinha,69734
2103208,2009,Chapadinha,70537
2103208,2010,Chapadinha,72406
2103208,2011,Chapadinha,74274
2103208,2012,Chapadinha,75167
2103208,2013,Chapadinha,76217
2103208,2014,Chapadinha,76972
2103208,2015,Chapadinha,77684
2103208,2016,Chapadinha,78348
2103208,2017,Chapadinha,78965
2103208,2018,Chapadinha,79145
2103208,2019,Chapadinha,79675
2103208,2020,Chapadinha,80195
2103208,2021,Chapadinha,80705
2103208,2022,Chapadinha,81871
2103208,2023,Chapadinha,83036
2103208,2024,Chapadinha,84202
2103208,2025,Chapadinha,84395
2103208,2026,Chapadinha,84395
2103257,2008,Cidelândia,12778
2103257,2009,Cidelândia,12866
2103257,2010,Cidelândia,13346
2103257,2011,Cidelândia,13825
2103257,2012,Cidelândia,13963
2103257,2013,Cidelândia,14125
2103257,2014,Cidelândia,14238
2103257,2015,Cidelândia,14346
2103257,2016,Cidelândia,14446
2103257,2017,Cidelândia,14539
2103257,2018,Cidelândia,14617
2103257,2019,Cidelândia,14697
2103257,2020,Cidelândia,14777
2103257,2021,Cidelândia,14855
2103257,2022,Cidelândia,14287
2103257,2023,Cidelândia,13720
2103257,2024,Cidelândia,13152
2103257,2025,Cidelândia,13141
2103257,2026,Cidelândia,13141
2103307,2008,Codó,113768
2103307,2009,Codó,113937
2103307,2010,Codó,116252
2103307,2011,Codó,118568
2103307,2012,Codó,119079
2103307,2013,Codó,119641
2103307,2014,Codó,119962
2103307,2015,Codó,120265
2103307,2016,Codó,120548
2103307,2017,Codó,120810
2103307,2018,Codó,122597
2103307,2019,Codó,122859
2103307,2020,Codó,123116
2103307,2021,Codó,123368
2103307,2022,Codó,121677
2103307,2023,Codó,119986
2103307,2024,Codó,118295
2103307,2025,Codó,118283
2103307,2026,Codó,118283
2103406,2008,Coelho Neto,45343
2103406,2009,Coelho Neto,45624
2103406,2010,Coelho Neto,46362
2103406,2011,Coelho Neto,47099
2103406,2012,Coelho Neto,47435
2103406,2013,Coelho Neto,47821
2103406,2014,Coelho Neto,48078
2103406,2015,Coelho Neto,48320
2103406,2016,Coelho Neto,48546
2103406,2017,Coelho Neto,48756
2103406,2018,Coelho Neto,49246
2103406,2019,Coelho Neto,49435
2103406,2020,Coelho Neto,49621
2103406,2021,Coelho Neto,49804
2103406,2022,Coelho Neto,47509
2103406,2023,Coelho Neto,45213
2103406,2024,Coelho Neto,42918
2103406,2025,Coelho Neto,42841
2103406,2026,Coelho Neto,42841
2103505,2008,Colinas,36725
2103505,2009,Colinas,36787
2103505,2010,Colinas,38088
2103505,2011,Colinas,39388
2103505,2012,Colinas,39635
2103505,2013,Colinas,39915
2103505,2014,Colinas,40097
2103505,2015,Colinas,40268
2103505,2016,Colinas,40427
2103505,2017,Colinas,40575
2103505,2018,Colinas,41042
2103505,2019,Colinas,41178
2103505,2020,Colinas,41312
2103505,2021,Colinas,41443
2103505,2022,Colinas,41544
2103505,2023,Colinas,41644
2103505,2024,Colinas,41745
2103505,2025,Colinas,41788
2103505,2026,Colinas,41788
2103554,2008,Conceição do Lago-Açu,14535
2103554,2009,Conceição do Lago-Açu,14909
2103554,2010,Conceição do Lago-Açu,14814
2103554,2011,Conceição do Lago-Açu,14718
2103554,2012,Conceição do Lago-Açu,14989
2103554,2013,Conceição do Lago-Açu,15313
2103554,2014,Conceição do Lago-Açu,15554
2103554,2015,Conceição do Lago-Açu,15782
2103554,2016,Conceição do Lago-Açu,15995
2103554,2017,Conceição do Lago-Açu,16192
2103554,2018,Conceição do Lago-Açu,16072
2103554,2019,Conceição do Lago-Açu,16237
2103554,2020,Conceição do Lago-Açu,16400
2103554,2021,Conceição do Lago-Açu,16559
2103554,2022,Conceição do Lago-Açu,16127
2103554,2023,Conceição do Lago-Açu,15696
2103554,2024,Conceição do Lago-Açu,15264
2103554,2025,Conceição do Lago-Açu,15278
2103554,2026,Conceição do Lago-Açu,15278
2103604,2008,Coroatá,62442
2103604,2009,Coroatá,63081
2103604,2010,Coroatá,62636
2103604,2011,Coroatá,62190
2103604,2012,Coroatá,62639
2103604,2013,Coroatá,63154
2103604,2014,Coroatá,63497
2103604,2015,Coroatá,63821
2103604,2016,Coroatá,64123
2103604,2017,Coroatá,64403
2103604,2018,Coroatá,65044
2103604,2019,Coroatá,65296
2103604,2020,Coroatá,65544
2103604,2021,Coroatá,65788
2103604,2022,Coroatá,64309
2103604,2023,Coroatá,62830
2103604,2024,Coroatá,61351
2103604,2025,Coroatá,61337
2103604,2026,Coroatá,61337
2103703,2008,Cururupu,35009
2103703,2009,Cururupu,35108
2103703,2010,Cururupu,33838
2103703,2011,Cururupu,32568
2103703,2012,Cururupu,32487
2103703,2013,Cururupu,31149
2103703,2014,Cururupu,31027
2103703,2015,Cururupu,30913
2103703,2016,Cururupu,30805
2103703,2017,Cururupu,30706
2103703,2018,Cururupu,32765
2103703,2019,Cururupu,32695
2103703,2020,Cururupu,32626
2103703,2021,Cururupu,32559
2103703,2022,Cururupu,32575
2103703,2023,Cururupu,32592
2103703,2024,Cururupu,32608
2103703,2025,Cururupu,32602
2103703,2026,Cururupu,32602
2102606,2008,Cândido Mendes,19409
2102606,2009,Cândido Mendes,19684
2102606,2010,Cândido Mendes,19365
2102606,2011,Cândido Mendes,19046
2102606,2012,Cândido Mendes,19222
2102606,2013,Cândido Mendes,19426
2102606,2014,Cândido Mendes,19567
2102606,2015,Cândido Mendes,19702
2102606,2016,Cândido Mendes,19827
2102606,2017,Cândido Mendes,19943
2102606,2018,Cândido Mendes,20076
2102606,2019,Cândido Mendes,20178
2102606,2020,Cândido Mendes,20278
2102606,2021,Cândido Mendes,20376
2102606,2022,Cândido Mendes,20388
2102606,2023,Cândido Mendes,20401
2102606,2024,Cândido Mendes,20413
2102606,2025,Cândido Mendes,20440
2102606,2026,Cândido Mendes,20440
2103752,2008,Davinópolis,12118
2103752,2009,Davinópolis,12091
2103752,2010,Davinópolis,12347
2103752,2011,Davinópolis,12603
2103752,2012,Davinópolis,12625
2103752,2013,Davinópolis,12646
2103752,2014,Davinópolis,12650
2103752,2015,Davinópolis,12653
2103752,2016,Davinópolis,12656
2103752,2017,Davinópolis,12659
2103752,2018,Davinópolis,12901
2103752,2019,Davinópolis,12908
2103752,2020,Davinópolis,12916
2103752,2021,Davinópolis,12923
2103752,2022,Davinópolis,13545
2103752,2023,Davinópolis,14166
2103752,2024,Davinópolis,14788
2103752,2025,Davinópolis,14828
2103752,2026,Davinópolis,14828
2103802,2008,Dom Pedro,22092
2103802,2009,Dom Pedro,22086
2103802,2010,Dom Pedro,22412
2103802,2011,Dom Pedro,22737
2103802,2012,Dom Pedro,22791
2103802,2013,Dom Pedro,22844
2103802,2014,Dom Pedro,22863
2103802,2015,Dom Pedro,22881
2103802,2016,Dom Pedro,22897
2103802,2017,Dom Pedro,22912
2103802,2018,Dom Pedro,23328
2103802,2019,Dom Pedro,23350
2103802,2020,Dom Pedro,23372
2103802,2021,Dom Pedro,23393
2103802,2022,Dom Pedro,23455
2103802,2023,Dom Pedro,23517
2103802,2024,Dom Pedro,23579
2103802,2025,Dom Pedro,23594
2103802,2026,Dom Pedro,23594
2103901,2008,Duque Bacelar,10704
2103901,2009,Duque Bacelar,10827
2103901,2010,Duque Bacelar,10786
2103901,2011,Duque Bacelar,10744
2103901,2012,Duque Bacelar,10836
2103901,2013,Duque Bacelar,10942
2103901,2014,Duque Bacelar,11015
2103901,2015,Duque Bacelar,11084
2103901,2016,Duque Bacelar,11148
2103901,2017,Duque Bacelar,11208
2103901,2018,Duque Bacelar,11296
2103901,2019,Duque Bacelar,11349
2103901,2020,Duque Bacelar,11401
2103901,2021,Duque Bacelar,11451
2103901,2022,Duque Bacelar,11117
2103901,2023,Duque Bacelar,10782
2103901,2024,Duque Bacelar,10448
2103901,2025,Duque Bacelar,10443
2103901,2026,Duque Bacelar,10443
2104008,2008,Esperantinópolis,19055
2104008,2009,Esperantinópolis,18815
2104008,2010,Esperantinópolis,18366
2104008,2011,Esperantinópolis,17917
2104008,2012,Esperantinópolis,17715
2104008,2013,Esperantinópolis,17460
2104008,2014,Esperantinópolis,17238
2104008,2015,Esperantinópolis,17029
2104008,2016,Esperantinópolis,16833
2104008,2017,Esperantinópolis,16653
2104008,2018,Esperantinópolis,17379
2104008,2019,Esperantinópolis,17241
2104008,2020,Esperantinópolis,17104
2104008,2021,Esperantinópolis,16971
2104008,2022,Esperantinópolis,17556
2104008,2023,Esperantinópolis,18140
2104008,2024,Esperantinópolis,18725
2104008,2025,Esperantinópolis,18734
2104008,2026,Esperantinópolis,18734
2104057,2008,Estreito,27328
2104057,2009,Estreito,27756
2104057,2010,Estreito,32291
2104057,2011,Estreito,36826
2104057,2012,Estreito,37784
2104057,2013,Estreito,38932
2104057,2014,Estreito,39805
2104057,2015,Estreito,40629
2104057,2016,Estreito,41397
2104057,2017,Estreito,42110
2104057,2018,Estreito,41355
2104057,2019,Estreito,41946
2104057,2020,Estreito,42527
2104057,2021,Estreito,43097
2104057,2022,Estreito,40182
2104057,2023,Estreito,37268
2104057,2024,Estreito,34353
2104057,2025,Estreito,34321
2104057,2026,Estreito,34321
2104073,2008,Feira Nova do Maranhão,7872
2104073,2009,Feira Nova do Maranhão,7899
2104073,2010,Feira Nova do Maranhão,8035
2104073,2011,Feira Nova do Maranhão,8171
2104073,2012,Feira Nova do Maranhão,8215
2104073,2013,Feira Nova do Maranhão,8263
2104073,2014,Feira Nova do Maranhão,8293
2104073,2015,Feira Nova do Maranhão,8321
2104073,2016,Feira Nova do Maranhão,8347
2104073,2017,Feira Nova do Maranhão,8372
2104073,2018,Feira Nova do Maranhão,8481
2104073,2019,Feira Nova do Maranhão,8504
2104073,2020,Feira Nova do Maranhão,8484
2104073,2021,Feira Nova do Maranhão,8506
2104073,2022,Feira Nova do Maranhão,8416
2104073,2023,Feira Nova do Maranhão,8326
2104073,2024,Feira Nova do Maranhão,8236
2104073,2025,Feira Nova do Maranhão,8237
2104073,2026,Feira Nova do Maranhão,8237
2104081,2008,Fernando Falcão,8404
2104081,2009,Fernando Falcão,8765
2104081,2010,Fernando Falcão,9090
2104081,2011,Fernando Falcão,9415
2104081,2012,Fernando Falcão,9584
2104081,2013,Fernando Falcão,9783
2104081,2014,Fernando Falcão,9932
2104081,2015,Fernando Falcão,10073
2104081,2016,Fernando Falcão,10204
2104081,2017,Fernando Falcão,10326
2104081,2018,Fernando Falcão,10258
2104081,2019,Fernando Falcão,10360
2104081,2020,Fernando Falcão,10460
2104081,2021,Fernando Falcão,10559
2104081,2022,Fernando Falcão,10767
2104081,2023,Fernando Falcão,10976
2104081,2024,Fernando Falcão,11184
2104081,2025,Fernando Falcão,11219
2104081,2026,Fernando Falcão,11219
2104099,2008,Formosa da Serra Negra,17432
2104099,2009,Formosa da Serra Negra,17792
2104099,2010,Formosa da Serra Negra,17628
2104099,2011,Formosa da Serra Negra,17464
2104099,2012,Formosa da Serra Negra,17749
2104099,2013,Formosa da Serra Negra,18087
2104099,2014,Formosa da Serra Negra,18337
2104099,2015,Formosa da Serra Negra,18573
2104099,2016,Formosa da Serra Negra,18793
2104099,2017,Formosa da Serra Negra,18997
2104099,2018,Formosa da Serra Negra,18917
2104099,2019,Formosa da Serra Negra,19089
2104099,2020,Formosa da Serra Negra,19258
2104099,2021,Formosa da Serra Negra,19425
2104099,2022,Formosa da Serra Negra,18994
2104099,2023,Formosa da Serra Negra,18564
2104099,2024,Formosa da Serra Negra,18133
2104099,2025,Formosa da Serra Negra,18150
2104099,2026,Formosa da Serra Negra,18150
2104107,2008,Fortaleza dos Nogueiras,11919
2104107,2009,Fortaleza dos Nogueiras,11972
2104107,2010,Fortaleza dos Nogueiras,12122
2104107,2011,Fortaleza dos Nogueiras,12271
2104107,2012,Fortaleza dos Nogueiras,12306
2104107,2013,Fortaleza dos Nogueiras,12343
2104107,2014,Fortaleza dos Nogueiras,12360
2104107,2015,Fortaleza dos Nogueiras,12375
2104107,2016,Fortaleza dos Nogueiras,12390
2104107,2017,Fortaleza dos Nogueiras,12403
2104107,2018,Fortaleza dos Nogueiras,12615
2104107,2019,Fortaleza dos Nogueiras,12631
2104107,2020,Fortaleza dos Nogueiras,12647
2104107,2021,Fortaleza dos Nogueiras,12662
2104107,2022,Fortaleza dos Nogueiras,12758
2104107,2023,Fortaleza dos Nogueiras,12855
2104107,2024,Fortaleza dos Nogueiras,12951
2104107,2025,Fortaleza dos Nogueiras,12963
2104107,2026,Fortaleza dos Nogueiras,12963
2104206,2008,Fortuna,14903
2104206,2009,Fortuna,14922
2104206,2010,Fortuna,15030
2104206,2011,Fortuna,15137
2104206,2012,Fortuna,15174
2104206,2013,Fortuna,15212
2104206,2014,Fortuna,15226
2104206,2015,Fortuna,15239
2104206,2016,Fortuna,15251
2104206,2017,Fortuna,15262
2104206,2018,Fortuna,15536
2104206,2019,Fortuna,15552
2104206,2020,Fortuna,17790
2104206,2021,Fortuna,17812
2104206,2022,Fortuna,17657
2104206,2023,Fortuna,17501
2104206,2024,Fortuna,17346
2104206,2025,Fortuna,17347
2104206,2026,Fortuna,17347
2104305,2008,Godofredo Viana,10823
2104305,2009,Godofredo Viana,11207
2104305,2010,Godofredo Viana,10865
2104305,2011,Godofredo Viana,10523
2104305,2012,Godofredo Viana,10762
2104305,2013,Godofredo Viana,11046
2104305,2014,Godofredo Viana,11262
2104305,2015,Godofredo Viana,11464
2104305,2016,Godofredo Viana,11654
2104305,2017,Godofredo Viana,11830
2104305,2018,Godofredo Viana,11672
2104305,2019,Godofredo Viana,11819
2104305,2020,Godofredo Viana,11963
2104305,2021,Godofredo Viana,12104
2104305,2022,Godofredo Viana,11543
2104305,2023,Godofredo Viana,10983
2104305,2024,Godofredo Viana,10422
2104305,2025,Godofredo Viana,10424
2104305,2026,Godofredo Viana,10424
2104404,2008,Gonçalves Dias,16914
2104404,2009,Gonçalves Dias,16911
2104404,2010,Gonçalves Dias,17212
2104404,2011,Gonçalves Dias,17514
2104404,2012,Gonçalves Dias,17545
2104404,2013,Gonçalves Dias,17572
2104404,2014,Gonçalves Dias,17576
2104404,2015,Gonçalves Dias,17579
2104404,2016,Gonçalves Dias,17583
2104404,2017,Gonçalves Dias,17586
2104404,2018,Gonçalves Dias,17924
2104404,2019,Gonçalves Dias,17934
2104404,2020,Gonçalves Dias,17944
2104404,2021,Gonçalves Dias,17953
2104404,2022,Gonçalves Dias,17828
2104404,2023,Gonçalves Dias,17704
2104404,2024,Gonçalves Dias,17579
2104404,2025,Gonçalves Dias,17580
2104404,2026,Gonçalves Dias,17580
2104503,2008,Governador Archer,10224
2104503,2009,Governador Archer,10330
2104503,2010,Governador Archer,10310
2104503,2011,Governador Archer,10290
2104503,2012,Governador Archer,10372
2104503,2013,Governador Archer,10466
2104503,2014,Governador Archer,10531
2104503,2015,Governador Archer,10591
2104503,2016,Governador Archer,10648
2104503,2017,Governador Archer,10700
2104503,2018,Governador Archer,10793
2104503,2019,Governador Archer,10840
2104503,2020,Governador Archer,10886
2104503,2021,Governador Archer,10931
2104503,2022,Governador Archer,10778
2104503,2023,Governador Archer,10625
2104503,2024,Governador Archer,10472
2104503,2025,Governador Archer,10476
2104503,2026,Governador Archer,10476
2104552,2008,Governador Edison Lobão,14557
2104552,2009,Governador Edison Lobão,14921
2104552,2010,Governador Edison Lobão,15600
2104552,2011,Governador Edison Lobão,16280
2104552,2012,Governador Edison Lobão,16651
2104552,2013,Governador Edison Lobão,17094
2104552,2014,Governador Edison Lobão,17430
2104552,2015,Governador Edison Lobão,17747
2104552,2016,Governador Edison Lobão,18042
2104552,2017,Governador Edison Lobão,18316
2104552,2018,Governador Edison Lobão,18068
2104552,2019,Governador Edison Lobão,18296
2104552,2020,Governador Edison Lobão,18520
2104552,2021,Governador Edison Lobão,18740
2104552,2022,Governador Edison Lobão,18796
2104552,2023,Governador Edison Lobão,18852
2104552,2024,Governador Edison Lobão,18908
2104552,2025,Governador Edison Lobão,18963
2104552,2026,Governador Edison Lobão,18963
2104602,2008,Governador Eugênio Barros,16341
2104602,2009,Governador Eugênio Barros,16503
2104602,2010,Governador Eugênio Barros,16300
2104602,2011,Governador Eugênio Barros,16096
2104602,2012,Governador Eugênio Barros,16197
2104602,2013,Governador Eugênio Barros,16312
2104602,2014,Governador Eugênio Barros,16386
2104602,2015,Governador Eugênio Barros,16456
2104602,2016,Governador Eugênio Barros,16522
2104602,2017,Governador Eugênio Barros,16582
2104602,2018,Governador Eugênio Barros,16772
2104602,2019,Governador Eugênio Barros,16828
2104602,2020,Governador Eugênio Barros,14656
2104602,2021,Governador Eugênio Barros,14703
2104602,2022,Governador Eugênio Barros,14555
2104602,2023,Governador Eugênio Barros,14406
2104602,2024,Governador Eugênio Barros,14258
2104602,2025,Governador Eugênio Barros,14264
2104602,2026,Governador Eugênio Barros,14264
2104628,2008,Governador Luiz Rocha,7091
2104628,2009,Governador Luiz Rocha,7144
2104628,2010,Governador Luiz Rocha,7272
2104628,2011,Governador Luiz Rocha,7401
2104628,2012,Governador Luiz Rocha,7462
2104628,2013,Governador Luiz Rocha,7532
2104628,2014,Governador Luiz Rocha,7580
2104628,2015,Governador Luiz Rocha,7626
2104628,2016,Governador Luiz Rocha,7668
2104628,2017,Governador Luiz Rocha,7708
2104628,2018,Governador Luiz Rocha,7772
2104628,2019,Governador Luiz Rocha,7807
2104628,2020,Governador Luiz Rocha,7844
2104628,2021,Governador Luiz Rocha,7878
2104628,2022,Governador Luiz Rocha,7658
2104628,2023,Governador Luiz Rocha,7439
2104628,2024,Governador Luiz Rocha,7219
2104628,2025,Governador Luiz Rocha,7216
2104628,2026,Governador Luiz Rocha,7216
2104651,2008,Governador Newton Bello,11666
2104651,2009,Governador Newton Bello,11642
2104651,2010,Governador Newton Bello,10924
2104651,2011,Governador Newton Bello,10205
2104651,2012,Governador Newton Bello,10166
2104651,2013,Governador Newton Bello,10113
2104651,2014,Governador Newton Bello,10060
2104651,2015,Governador Newton Bello,10011
2104651,2016,Governador Newton Bello,9965
2104651,2017,Governador Newton Bello,9921
2104651,2018,Governador Newton Bello,10211
2104651,2019,Governador Newton Bello,10180
2104651,2020,Governador Newton Bello,10151
2104651,2021,Governador Newton Bello,10121
2104651,2022,Governador Newton Bello,10408
2104651,2023,Governador Newton Bello,10694
2104651,2024,Governador Newton Bello,10981
2104651,2025,Governador Newton Bello,10993
2104651,2026,Governador Newton Bello,10993
2104677,2008,Governador Nunes Freire,24671
2104677,2009,Governador Nunes Freire,24520
2104677,2010,Governador Nunes Freire,24941
2104677,2011,Governador Nunes Freire,25362
2104677,2012,Governador Nunes Freire,25323
2104677,2013,Governador Nunes Freire,25262
2104677,2014,Governador Nunes Freire,25188
2104677,2015,Governador Nunes Freire,25117
2104677,2016,Governador Nunes Freire,25052
2104677,2017,Governador Nunes Freire,24991
2104677,2018,Governador Nunes Freire,25616
2104677,2019,Governador Nunes Freire,25577
2104677,2020,Governador Nunes Freire,25539
2104677,2021,Governador Nunes Freire,25502
2104677,2022,Governador Nunes Freire,24856
2104677,2023,Governador Nunes Freire,24209
2104677,2024,Governador Nunes Freire,23563
2104677,2025,Governador Nunes Freire,23526
2104677,2026,Governador Nunes Freire,23526
2104800,2008,Grajaú,55833
2104800,2009,Grajaú,56633
2104800,2010,Grajaú,59918
2104800,2011,Grajaú,63203
2104800,2012,Grajaú,64510
2104800,2013,Grajaú,65078
2104800,2014,Grajaú,66732
2104800,2015,Grajaú,67626
2104800,2016,Grajaú,68458
2104800,2017,Grajaú,69232
2104800,2018,Grajaú,68876
2104800,2019,Grajaú,69527
2104800,2020,Grajaú,70065
2104800,2021,Grajaú,70692
2104800,2022,Grajaú,72654
2104800,2023,Grajaú,74616
2104800,2024,Grajaú,76578
2104800,2025,Grajaú,76837
2104800,2026,Grajaú,76837
2104701,2008,Graça Aranha,6439
2104701,2009,Graça Aranha,6470
2104701,2010,Graça Aranha,6308
2104701,2011,Graça Aranha,6145
2104701,2012,Graça Aranha,6150
2104701,2013,Graça Aranha,6151
2104701,2014,Graça Aranha,6147
2104701,2015,Graça Aranha,6142
2104701,2016,Graça Aranha,6138
2104701,2017,Graça Aranha,6134
2104701,2018,Graça Aranha,6263
2104701,2019,Graça Aranha,6262
2104701,2020,Graça Aranha,6261
2104701,2021,Graça Aranha,6261
2104701,2022,Graça Aranha,6228
2104701,2023,Graça Aranha,6194
2104701,2024,Graça Aranha,6161
2104701,2025,Graça Aranha,6160
2104701,2026,Graça Aranha,6160
2104909,2008,Guimarães,12741
2104909,2009,Guimarães,12740
2104909,2010,Guimarães,12390
2104909,2011,Guimarães,12039
2104909,2012,Guimarães,11997
2104909,2013,Guimarães,11939
2104909,2014,Guimarães,11881
2104909,2015,Guimarães,11827
2104909,2016,Guimarães,11776
2104909,2017,Guimarães,11728
2104909,2018,Guimarães,12063
2104909,2019,Guimarães,12030
2104909,2020,Guimarães,11997
2104909,2021,Guimarães,11966
2104909,2022,Guimarães,11467
2104909,2023,Guimarães,10969
2104909,2024,Guimarães,10470
2104909,2025,Guimarães,10439
2104909,2026,Guimarães,10439
2105005,2008,Humberto de Campos,25037
2105005,2009,Humberto de Campos,25403
2105005,2010,Humberto de Campos,25985
2105005,2011,Humberto de Campos,26567
2105005,2012,Humberto de Campos,26933
2105005,2013,Humberto de Campos,27364
2105005,2014,Humberto de Campos,27679
2105005,2015,Humberto de Campos,27976
2105005,2016,Humberto de Campos,28252
2105005,2017,Humberto de Campos,28509
2105005,2018,Humberto de Campos,28498
2105005,2019,Humberto de Campos,28717
2105005,2020,Humberto de Campos,28932
2105005,2021,Humberto de Campos,29143
2105005,2022,Humberto de Campos,28277
2105005,2023,Humberto de Campos,27412
2105005,2024,Humberto de Campos,26546
2105005,2025,Humberto de Campos,26550
2105005,2026,Humberto de Campos,26550
2105104,2008,Icatu,25198
2105104,2009,Icatu,25557
2105104,2010,Icatu,25492
2105104,2011,Icatu,25426
2105104,2012,Icatu,25698
2105104,2013,Icatu,26014
2105104,2014,Icatu,26240
2105104,2015,Icatu,26452
2105104,2016,Icatu,26651
2105104,2017,Icatu,26835
2105104,2018,Icatu,26953
2105104,2019,Icatu,27113
2105104,2020,Icatu,27269
2105104,2021,Icatu,27423
2105104,2022,Icatu,26726
2105104,2023,Icatu,26029
2105104,2024,Icatu,25332
2105104,2025,Icatu,25332
2105104,2026,Icatu,25332
2105203,2008,Igarapé Grande,11003
2105203,2009,Igarapé Grande,11121
2105203,2010,Igarapé Grande,11144
2105203,2011,Igarapé Grande,11167
2105203,2012,Igarapé Grande,11289
2105203,2013,Igarapé Grande,11431
2105203,2014,Igarapé Grande,11533
2105203,2015,Igarapé Grande,11628
2105203,2016,Igarapé Grande,11718
2105203,2017,Igarapé Grande,11206
2105203,2018,Igarapé Grande,11252
2105203,2019,Igarapé Grande,11320
2105203,2020,Igarapé Grande,11387
2105203,2021,Igarapé Grande,11453
2105203,2022,Igarapé Grande,11123
2105203,2023,Igarapé Grande,10793
2105203,2024,Igarapé Grande,10463
2105203,2025,Igarapé Grande,10461
2105203,2026,Igarapé Grande,10461
2105153,2008,Igarapé do Meio,12073
2105153,2009,Igarapé do Meio,12291
2105153,2010,Igarapé do Meio,12548
2105153,2011,Igarapé do Meio,12806
2105153,2012,Igarapé do Meio,13052
2105153,2013,Igarapé do Meio,13347
2105153,2014,Igarapé do Meio,13567
2105153,2015,Igarapé do Meio,13774
2105153,2016,Igarapé do Meio,13968
2105153,2017,Igarapé do Meio,14147
2105153,2018,Igarapé do Meio,14026
2105153,2019,Igarapé do Meio,14177
2105153,2020,Igarapé do Meio,14324
2105153,2021,Igarapé do Meio,14470
2105153,2022,Igarapé do Meio,14430
2105153,2023,Igarapé do Meio,14390
2105153,2024,Igarapé do Meio,14350
2105153,2025,Igarapé do Meio,14383
2105153,2026,Igarapé do Meio,14383
2105302,2008,Imperatriz,236311
2105302,2009,Imperatriz,236691
2105302,2010,Imperatriz,242748
2105302,2011,Imperatriz,248806
2105302,2012,Imperatriz,250063
2105302,2013,Imperatriz,251468
2105302,2014,Imperatriz,252320
2105302,2015,Imperatriz,253123
2105302,2016,Imperatriz,253873
2105302,2017,Imperatriz,254569
2105302,2018,Imperatriz,258016
2105302,2019,Imperatriz,258682
2105302,2020,Imperatriz,259337
2105302,2021,Imperatriz,259980
2105302,2022,Imperatriz,268369
2105302,2023,Imperatriz,276757
2105302,2024,Imperatriz,285146
2105302,2025,Imperatriz,285806
2105302,2026,Imperatriz,285806
2105351,2008,Itaipava do Grajaú,13636
2105351,2009,Itaipava do Grajaú,13964
2105351,2010,Itaipava do Grajaú,13150
2105351,2011,Itaipava do Grajaú,12337
2105351,2012,Itaipava do Grajaú,13103
2105351,2013,Itaipava do Grajaú,14084
2105351,2014,Itaipava do Grajaú,13579
2105351,2015,Itaipava do Grajaú,15609
2105351,2016,Itaipava do Grajaú,15817
2105351,2017,Itaipava do Grajaú,16009
2105351,2018,Itaipava do Grajaú,15897
2105351,2019,Itaipava do Grajaú,16057
2105351,2020,Itaipava do Grajaú,16005
2105351,2021,Itaipava do Grajaú,16158
2105351,2022,Itaipava do Grajaú,15486
2105351,2023,Itaipava do Grajaú,14815
2105351,2024,Itaipava do Grajaú,14143
2105351,2025,Itaipava do Grajaú,14142
2105351,2026,Itaipava do Grajaú,14142
2105401,2008,Itapecuru Mirim,56241
2105401,2009,Itapecuru Mirim,56810
2105401,2010,Itapecuru Mirim,59917
2105401,2011,Itapecuru Mirim,63024
2105401,2012,Itapecuru Mirim,63907
2105401,2013,Itapecuru Mirim,64951
2105401,2014,Itapecuru Mirim,65713
2105401,2015,Itapecuru Mirim,66433
2105401,2016,Itapecuru Mirim,67104
2105401,2017,Itapecuru Mirim,67726
2105401,2018,Itapecuru Mirim,67673
2105401,2019,Itapecuru Mirim,68203
2105401,2020,Itapecuru Mirim,68723
2105401,2021,Itapecuru Mirim,69233
2105401,2022,Itapecuru Mirim,66912
2105401,2023,Itapecuru Mirim,64590
2105401,2024,Itapecuru Mirim,62269
2105401,2025,Itapecuru Mirim,62264
2105401,2026,Itapecuru Mirim,62264
2105427,2008,Itinga do Maranhão,25866
2105427,2009,Itinga do Maranhão,26125
2105427,2010,Itinga do Maranhão,25561
2105427,2011,Itinga do Maranhão,24997
2105427,2012,Itinga do Maranhão,25125
2105427,2013,Itinga do Maranhão,25269
2105427,2014,Itinga do Maranhão,25357
2105427,2015,Itinga do Maranhão,25440
2105427,2016,Itinga do Maranhão,25518
2105427,2017,Itinga do Maranhão,25589
2105427,2018,Itinga do Maranhão,25932
2105427,2019,Itinga do Maranhão,26000
2105427,2020,Itinga do Maranhão,26068
2105427,2021,Itinga do Maranhão,26134
2105427,2022,Itinga do Maranhão,25067
2105427,2023,Itinga do Maranhão,24001
2105427,2024,Itinga do Maranhão,22934
2105427,2025,Itinga do Maranhão,22896
2105427,2026,Itinga do Maranhão,22896
2105450,2008,Jatobá,8557
2105450,2009,Jatobá,8909
2105450,2010,Jatobá,8851
2105450,2011,Jatobá,8793
2105450,2012,Jatobá,9051
2105450,2013,Jatobá,9360
2105450,2014,Jatobá,9596
2105450,2015,Jatobá,9819
2105450,2016,Jatobá,10027
2105450,2017,Jatobá,10221
2105450,2018,Jatobá,9993
2105450,2019,Jatobá,10153
2105450,2020,Jatobá,10310
2105450,2021,Jatobá,10464
2105450,2022,Jatobá,9513
2105450,2023,Jatobá,8561
2105450,2024,Jatobá,7610
2105450,2025,Jatobá,7593
2105450,2026,Jatobá,7593
2105476,2008,Jenipapo dos Vieiras,15270
2105476,2009,Jenipapo dos Vieiras,15438
2105476,2010,Jenipapo dos Vieiras,15514
2105476,2011,Jenipapo dos Vieiras,15589
2105476,2012,Jenipapo dos Vieiras,15733
2105476,2013,Jenipapo dos Vieiras,15899
2105476,2014,Jenipapo dos Vieiras,16015
2105476,2015,Jenipapo dos Vieiras,16124
2105476,2016,Jenipapo dos Vieiras,16226
2105476,2017,Jenipapo dos Vieiras,16321
2105476,2018,Jenipapo dos Vieiras,16432
2105476,2019,Jenipapo dos Vieiras,16515
2105476,2020,Jenipapo dos Vieiras,17040
2105476,2021,Jenipapo dos Vieiras,17123
2105476,2022,Jenipapo dos Vieiras,17248
2105476,2023,Jenipapo dos Vieiras,17374
2105476,2024,Jenipapo dos Vieiras,17499
2105476,2025,Jenipapo dos Vieiras,17529
2105476,2026,Jenipapo dos Vieiras,17529
2105609,2008,Joselândia,16054
2105609,2009,Joselândia,16188
2105609,2010,Joselândia,15907
2105609,2011,Joselândia,15626
2105609,2012,Joselândia,15688
2105609,2013,Joselândia,15755
2105609,2014,Joselândia,15792
2105609,2015,Joselândia,15827
2105609,2016,Joselândia,15861
2105609,2017,Joselândia,15891
2105609,2018,Joselândia,16136
2105609,2019,Joselândia,16168
2105609,2020,Joselândia,16198
2105609,2021,Joselândia,16228
2105609,2022,Joselândia,15897
2105609,2023,Joselândia,15566
2105609,2024,Joselândia,15235
2105609,2025,Joselândia,15227
2105609,2026,Joselândia,15227
2105500,2008,João Lisboa,20482
2105500,2009,João Lisboa,20395
2105500,2010,João Lisboa,22018
2105500,2011,João Lisboa,23641
2105500,2012,João Lisboa,23561
2105500,2013,João Lisboa,23450
2105500,2014,João Lisboa,23338
2105500,2015,João Lisboa,23232
2105500,2016,João Lisboa,23133
2105500,2017,João Lisboa,23042
2105500,2018,João Lisboa,23696
2105500,2019,João Lisboa,23632
2105500,2020,João Lisboa,23740
2105500,2021,João Lisboa,23677
2105500,2022,João Lisboa,24214
2105500,2023,João Lisboa,24750
2105500,2024,João Lisboa,25287
2105500,2025,João Lisboa,25311
2105500,2026,João Lisboa,25311
2105658,2008,Junco do Maranhão,4101
2105658,2009,Junco do Maranhão,3950
2105658,2010,Junco do Maranhão,3927
2105658,2011,Junco do Maranhão,3904
2105658,2012,Junco do Maranhão,3792
2105658,2013,Junco do Maranhão,3653
2105658,2014,Junco do Maranhão,3539
2105658,2015,Junco do Maranhão,3431
2105658,2016,Junco do Maranhão,3330
2105658,2017,Junco do Maranhão,3237
2105658,2018,Junco do Maranhão,3506
2105658,2019,Junco do Maranhão,3432
2105658,2020,Junco do Maranhão,4392
2105658,2021,Junco do Maranhão,4334
2105658,2022,Junco do Maranhão,4648
2105658,2023,Junco do Maranhão,4961
2105658,2024,Junco do Maranhão,5275
2105658,2025,Junco do Maranhão,5282
2105658,2026,Junco do Maranhão,5282
2105906,2008,Lago Verde,15014
2105906,2009,Lago Verde,15103
2105906,2010,Lago Verde,15312
2105906,2011,Lago Verde,15520
2105906,2012,Lago Verde,15624
2105906,2013,Lago Verde,15742
2105906,2014,Lago Verde,15820
2105906,2015,Lago Verde,15893
2105906,2016,Lago Verde,15962
2105906,2017,Lago Verde,16025
2105906,2018,Lago Verde,16199
2105906,2019,Lago Verde,16257
2105906,2020,Lago Verde,16314
2105906,2021,Lago Verde,16369
2105906,2022,Lago Verde,15938
2105906,2023,Lago Verde,15508
2105906,2024,Lago Verde,15077
2105906,2025,Lago Verde,15069
2105906,2026,Lago Verde,15069
2105708,2008,Lago da Pedra,43947
2105708,2009,Lago da Pedra,44272
2105708,2010,Lago da Pedra,45486
2105708,2011,Lago da Pedra,46701
2105708,2012,Lago da Pedra,47298
2105708,2013,Lago da Pedra,48002
2105708,2014,Lago da Pedra,48511
2105708,2015,Lago da Pedra,48992
2105708,2016,Lago da Pedra,49440
2105708,2017,Lago da Pedra,49856
2105708,2018,Lago da Pedra,49911
2105708,2019,Lago da Pedra,50266
2105708,2020,Lago da Pedra,50616
2105708,2021,Lago da Pedra,50959
2105708,2022,Lago da Pedra,49264
2105708,2023,Lago da Pedra,47570
2105708,2024,Lago da Pedra,45875
2105708,2025,Lago da Pedra,45865
2105708,2026,Lago da Pedra,45865
2105807,2008,Lago do Junco,9890
2105807,2009,Lago do Junco,9888
2105807,2010,Lago do Junco,10343
2105807,2011,Lago do Junco,10798
2105807,2012,Lago do Junco,10865
2105807,2013,Lago do Junco,9873
2105807,2014,Lago do Junco,10565
2105807,2015,Lago do Junco,10602
2105807,2016,Lago do Junco,10638
2105807,2017,Lago do Junco,10672
2105807,2018,Lago do Junco,10808
2105807,2019,Lago do Junco,10840
2105807,2020,Lago do Junco,10869
2105807,2021,Lago do Junco,10900
2105807,2022,Lago do Junco,10500
2105807,2023,Lago do Junco,10100
2105807,2024,Lago do Junco,9700
2105807,2025,Lago do Junco,9687
2105807,2026,Lago do Junco,9687
2105948,2008,Lago dos Rodrigues,7993
2105948,2009,Lago dos Rodrigues,7940
2105948,2010,Lago dos Rodrigues,7854
2105948,2011,Lago dos Rodrigues,7769
2105948,2012,Lago dos Rodrigues,7744
2105948,2013,Lago dos Rodrigues,8775
2105948,2014,Lago dos Rodrigues,8745
2105948,2015,Lago dos Rodrigues,8716
2105948,2016,Lago dos Rodrigues,8689
2105948,2017,Lago dos Rodrigues,8664
2105948,2018,Lago dos Rodrigues,8889
2105948,2019,Lago dos Rodrigues,8873
2105948,2020,Lago dos Rodrigues,8857
2105948,2021,Lago dos Rodrigues,8841
2105948,2022,Lago dos Rodrigues,8881
2105948,2023,Lago dos Rodrigues,8921
2105948,2024,Lago dos Rodrigues,8961
2105948,2025,Lago dos Rodrigues,8962
2105948,2026,Lago dos Rodrigues,8962
2105963,2008,Lagoa Grande do Maranhão,9287
2105963,2009,Lagoa Grande do Maranhão,9363
2105963,2010,Lagoa Grande do Maranhão,11121
2105963,2011,Lagoa Grande do Maranhão,12879
2105963,2012,Lagoa Grande do Maranhão,12501
2105963,2013,Lagoa Grande do Maranhão,12687
2105963,2014,Lagoa Grande do Maranhão,12822
2105963,2015,Lagoa Grande do Maranhão,11111
2105963,2016,Lagoa Grande do Maranhão,11202
2105963,2017,Lagoa Grande do Maranhão,11286
2105963,2018,Lagoa Grande do Maranhão,11320
2105963,2019,Lagoa Grande do Maranhão,11394
2105963,2020,Lagoa Grande do Maranhão,11464
2105963,2021,Lagoa Grande do Maranhão,11534
2105963,2022,Lagoa Grande do Maranhão,11593
2105963,2023,Lagoa Grande do Maranhão,11651
2105963,2024,Lagoa Grande do Maranhão,11710
2105963,2025,Lagoa Grande do Maranhão,11731
2105963,2026,Lagoa Grande do Maranhão,11731
2105922,2008,Lagoa do Mato,10536
2105922,2009,Lagoa do Mato,10639
2105922,2010,Lagoa do Mato,10780
2105922,2011,Lagoa do Mato,10922
2105922,2012,Lagoa do Mato,10955
2105922,2013,Lagoa do Mato,10989
2105922,2014,Lagoa do Mato,11005
2105922,2015,Lagoa do Mato,11020
2105922,2016,Lagoa do Mato,11034
2105922,2017,Lagoa do Mato,11048
2105922,2018,Lagoa do Mato,11235
2105922,2019,Lagoa do Mato,11250
2105922,2020,Lagoa do Mato,11265
2105922,2021,Lagoa do Mato,11280
2105922,2022,Lagoa do Mato,11123
2105922,2023,Lagoa do Mato,10966
2105922,2024,Lagoa do Mato,10809
2105922,2025,Lagoa do Mato,10806
2105922,2026,Lagoa do Mato,10806
2105989,2008,Lajeado Novo,6829
2105989,2009,Lajeado Novo,6937
2105989,2010,Lajeado Novo,6976
2105989,2011,Lajeado Novo,7016
2105989,2012,Lajeado Novo,7106
2105989,2013,Lajeado Novo,7211
2105989,2014,Lajeado Novo,7287
2105989,2015,Lajeado Novo,7359
2105989,2016,Lajeado Novo,7427
2105989,2017,Lajeado Novo,7489
2105989,2018,Lajeado Novo,7496
2105989,2019,Lajeado Novo,7550
2105989,2020,Lajeado Novo,7602
2105989,2021,Lajeado Novo,7653
2105989,2022,Lajeado Novo,7511
2105989,2023,Lajeado Novo,7369
2105989,2024,Lajeado Novo,7227
2105989,2025,Lajeado Novo,7232
2105989,2026,Lajeado Novo,7232
2106003,2008,Lima Campos,11706
2106003,2009,Lima Campos,11794
2106003,2010,Lima Campos,11634
2106003,2011,Lima Campos,11475
2106003,2012,Lima Campos,11525
2106003,2013,Lima Campos,11580
2106003,2014,Lima Campos,11612
2106003,2015,Lima Campos,11642
2106003,2016,Lima Campos,11670
2106003,2017,Lima Campos,11695
2106003,2018,Lima Campos,11867
2106003,2019,Lima Campos,11893
2106003,2020,Lima Campos,11918
2106003,2021,Lima Campos,11943
2106003,2022,Lima Campos,11815
2106003,2023,Lima Campos,11686
2106003,2024,Lima Campos,11558
2106003,2025,Lima Campos,11559
2106003,2026,Lima Campos,11559
2106102,2008,Loreto,10646
2106102,2009,Loreto,10701
2106102,2010,Loreto,11098
2106102,2011,Loreto,11495
2106102,2012,Loreto,11597
2106102,2013,Loreto,11714
2106102,2014,Loreto,11795
2106102,2015,Loreto,11871
2106102,2016,Loreto,11943
2106102,2017,Loreto,12009
2106102,2018,Loreto,12098
2106102,2019,Loreto,12157
2106102,2020,Loreto,12214
2106102,2021,Loreto,12271
2106102,2022,Loreto,12139
2106102,2023,Loreto,12008
2106102,2024,Loreto,11876
2106102,2025,Loreto,11884
2106102,2026,Loreto,11884
2106201,2008,Luís Domingues,6884
2106201,2009,Luís Domingues,6997
2106201,2010,Luís Domingues,6784
2106201,2011,Luís Domingues,6571
2106201,2012,Luís Domingues,6629
2106201,2013,Luís Domingues,6697
2106201,2014,Luís Domingues,6744
2106201,2015,Luís Domingues,6788
2106201,2016,Luís Domingues,6829
2106201,2017,Luís Domingues,6867
2106201,2018,Luís Domingues,6917
2106201,2019,Luís Domingues,6951
2106201,2020,Luís Domingues,6984
2106201,2021,Luís Domingues,7016
2106201,2022,Luís Domingues,7128
2106201,2023,Luís Domingues,7239
2106201,2024,Luís Domingues,7351
2106201,2025,Luís Domingues,7366
2106201,2026,Luís Domingues,7366
2106300,2008,Magalhães de Almeida,14653
2106300,2009,Magalhães de Almeida,14808
2106300,2010,Magalhães de Almeida,16373
2106300,2011,Magalhães de Almeida,17938
2106300,2012,Magalhães de Almeida,18277
2106300,2013,Magalhães de Almeida,18680
2106300,2014,Magalhães de Almeida,18982
2106300,2015,Magalhães de Almeida,19267
2106300,2016,Magalhães de Almeida,19532
2106300,2017,Magalhães de Almeida,19779
2106300,2018,Magalhães de Almeida,19620
2106300,2019,Magalhães de Almeida,19826
2106300,2020,Magalhães de Almeida,20029
2106300,2021,Magalhães de Almeida,20228
2106300,2022,Magalhães de Almeida,18152
2106300,2023,Magalhães de Almeida,16077
2106300,2024,Magalhães de Almeida,14001
2106300,2025,Magalhães de Almeida,13933
2106300,2026,Magalhães de Almeida,13933
2106326,2008,Maracaçumé,18098
2106326,2009,Maracaçumé,18414
2106326,2010,Maracaçumé,18990
2106326,2011,Maracaçumé,19566
2106326,2012,Maracaçumé,19887
2106326,2013,Maracaçumé,20268
2106326,2014,Maracaçumé,20549
2106326,2015,Maracaçumé,20815
2106326,2016,Maracaçumé,21063
2106326,2017,Maracaçumé,21293
2106326,2018,Maracaçumé,21201
2106326,2019,Maracaçumé,21395
2106326,2020,Maracaçumé,21586
2106326,2021,Maracaçumé,21773
2106326,2022,Maracaçumé,21744
2106326,2023,Maracaçumé,21715
2106326,2024,Maracaçumé,21686
2106326,2025,Maracaçumé,21730
2106326,2026,Maracaçumé,21730
2106359,2008,Marajá do Sena,6979
2106359,2009,Marajá do Sena,6954
2106359,2010,Marajá do Sena,7363
2106359,2011,Marajá do Sena,7772
2106359,2012,Marajá do Sena,7751
2106359,2013,Marajá do Sena,7721
2106359,2014,Marajá do Sena,7689
2106359,2015,Marajá do Sena,7658
2106359,2016,Marajá do Sena,7630
2106359,2017,Marajá do Sena,7604
2106359,2018,Marajá do Sena,7810
2106359,2019,Marajá do Sena,7792
2106359,2020,Marajá do Sena,7775
2106359,2021,Marajá do Sena,7757
2106359,2022,Marajá do Sena,7560
2106359,2023,Marajá do Sena,7362
2106359,2024,Marajá do Sena,7165
2106359,2025,Marajá do Sena,7153
2106359,2026,Marajá do Sena,7153
2106375,2008,Maranhãozinho,12299
2106375,2009,Maranhãozinho,12684
2106375,2010,Maranhãozinho,13401
2106375,2011,Maranhãozinho,14118
2106375,2012,Maranhãozinho,14524
2106375,2013,Maranhãozinho,15011
2106375,2014,Maranhãozinho,15384
2106375,2015,Maranhãozinho,15734
2106375,2016,Maranhãozinho,16062
2106375,2017,Maranhãozinho,16366
2106375,2018,Maranhãozinho,16013
2106375,2019,Maranhãozinho,16265
2106375,2020,Maranhãozinho,16511
2106375,2021,Maranhãozinho,16754
2106375,2022,Maranhãozinho,15865
2106375,2023,Maranhãozinho,14975
2106375,2024,Maranhãozinho,14086
2106375,2025,Maranhãozinho,14092
2106375,2026,Maranhãozinho,14092
2106409,2008,Mata Roma,14252
2106409,2009,Mata Roma,14491
2106409,2010,Mata Roma,14950
2106409,2011,Mata Roma,15408
2106409,2012,Mata Roma,15657
2106409,2013,Mata Roma,15951
2106409,2014,Mata Roma,16169
2106409,2015,Mata Roma,16375
2106409,2016,Mata Roma,16567
2106409,2017,Mata Roma,16745
2106409,2018,Mata Roma,16679
2106409,2019,Mata Roma,16829
2106409,2020,Mata Roma,16977
2106409,2021,Mata Roma,17122
2106409,2022,Mata Roma,17260
2106409,2023,Mata Roma,17399
2106409,2024,Mata Roma,17537
2106409,2025,Mata Roma,17581
2106409,2026,Mata Roma,17581
2106508,2008,Matinha,21037
2106508,2009,Matinha,21204
2106508,2010,Matinha,21646
2106508,2011,Matinha,22089
2106508,2012,Matinha,22286
2106508,2013,Matinha,22515
2106508,2014,Matinha,22673
2106508,2015,Matinha,22822
2106508,2016,Matinha,22962
2106508,2017,Matinha,23091
2106508,2018,Matinha,23256
2106508,2019,Matinha,23370
2106508,2020,Matinha,23482
2106508,2021,Matinha,23591
2106508,2022,Matinha,23237
2106508,2023,Matinha,22884
2106508,2024,Matinha,22530
2106508,2025,Matinha,22540
2106508,2026,Matinha,22540
2106607,2008,Matões,29134
2106607,2009,Matões,29386
2106607,2010,Matões,30346
2106607,2011,Matões,31307
2106607,2012,Matões,32216
2106607,2013,Matões,32545
2106607,2014,Matões,32773
2106607,2015,Matões,32988
2106607,2016,Matões,33188
2106607,2017,Matões,33374
2106607,2018,Matões,33615
2106607,2019,Matões,33782
2106607,2020,Matões,33943
2106607,2021,Matões,34099
2106607,2022,Matões,33833
2106607,2023,Matões,33566
2106607,2024,Matões,33300
2106607,2025,Matões,33327
2106607,2026,Matões,33327
2106631,2008,Matões do Norte,10944
2106631,2009,Matões do Norte,11295
2106631,2010,Matões do Norte,12789
2106631,2011,Matões do Norte,14283
2106631,2012,Matões do Norte,14755
2106631,2013,Matões do Norte,15322
2106631,2014,Matões do Norte,15758
2106631,2015,Matões do Norte,16169
2106631,2016,Matões do Norte,16552
2106631,2017,Matões do Norte,16908
2106631,2018,Matões do Norte,16451
2106631,2019,Matões do Norte,16745
2106631,2020,Matões do Norte,17033
2106631,2021,Matões do Norte,17316
2106631,2022,Matões do Norte,17526
2106631,2023,Matões do Norte,17735
2106631,2024,Matões do Norte,17945
2106631,2025,Matões do Norte,18021
2106631,2026,Matões do Norte,18021
2106672,2008,Milagres do Maranhão,7838
2106672,2009,Milagres do Maranhão,7854
2106672,2010,Milagres do Maranhão,8006
2106672,2011,Milagres do Maranhão,8157
2106672,2012,Milagres do Maranhão,8195
2106672,2013,Milagres do Maranhão,8237
2106672,2014,Milagres do Maranhão,8261
2106672,2015,Milagres do Maranhão,8284
2106672,2016,Milagres do Maranhão,8306
2106672,2017,Milagres do Maranhão,8326
2106672,2018,Milagres do Maranhão,8445
2106672,2019,Milagres do Maranhão,8464
2106672,2020,Milagres do Maranhão,8483
2106672,2021,Milagres do Maranhão,8502
2106672,2022,Milagres do Maranhão,8684
2106672,2023,Milagres do Maranhão,8866
2106672,2024,Milagres do Maranhão,9048
2106672,2025,Milagres do Maranhão,9065
2106672,2026,Milagres do Maranhão,9065
2106706,2008,Mirador,19999
2106706,2009,Mirador,19991
2106706,2010,Mirador,20243
2106706,2011,Mirador,20495
2106706,2012,Mirador,20537
2106706,2013,Mirador,20576
2106706,2014,Mirador,20586
2106706,2015,Mirador,20596
2106706,2016,Mirador,20605
2106706,2017,Mirador,20613
2106706,2018,Mirador,21000
2106706,2019,Mirador,21015
2106706,2020,Mirador,21031
2106706,2021,Mirador,21045
2106706,2022,Mirador,21203
2106706,2023,Mirador,21360
2106706,2024,Mirador,21518
2106706,2025,Mirador,21536
2106706,2026,Mirador,21536
2106755,2008,Miranda do Norte,18288
2106755,2009,Miranda do Norte,18494
2106755,2010,Miranda do Norte,21780
2106755,2011,Miranda do Norte,25065
2106755,2012,Miranda do Norte,25681
2106755,2013,Miranda do Norte,26419
2106755,2014,Miranda do Norte,26979
2106755,2015,Miranda do Norte,27507
2106755,2016,Miranda do Norte,27999
2106755,2017,Miranda do Norte,28456
2106755,2018,Miranda do Norte,28001
2106755,2019,Miranda do Norte,28381
2106755,2020,Miranda do Norte,28754
2106755,2021,Miranda do Norte,29121
2106755,2022,Miranda do Norte,27540
2106755,2023,Miranda do Norte,25958
2106755,2024,Miranda do Norte,24377
2106755,2025,Miranda do Norte,24373
2106755,2026,Miranda do Norte,24373
2106805,2008,Mirinzal,14201
2106805,2009,Mirinzal,14311
2106805,2010,Mirinzal,14312
2106805,2011,Mirinzal,14312
2106805,2012,Mirinzal,14402
2106805,2013,Mirinzal,14504
2106805,2014,Mirinzal,14570
2106805,2015,Mirinzal,14632
2106805,2016,Mirinzal,14690
2106805,2017,Mirinzal,14744
2106805,2018,Mirinzal,14913
2106805,2019,Mirinzal,14962
2106805,2020,Mirinzal,15011
2106805,2021,Mirinzal,15059
2106805,2022,Mirinzal,14805
2106805,2023,Mirinzal,14551
2106805,2024,Mirinzal,14297
2106805,2025,Mirinzal,14298
2106805,2026,Mirinzal,14298
2107001,2008,Montes Altos,9055
2107001,2009,Montes Altos,8914
2107001,2010,Montes Altos,9128
2107001,2011,Montes Altos,9342
2107001,2012,Montes Altos,9272
2107001,2013,Montes Altos,9183
2107001,2014,Montes Altos,9102
2107001,2015,Montes Altos,9026
2107001,2016,Montes Altos,8955
2107001,2017,Montes Altos,8889
2107001,2018,Montes Altos,9209
2107001,2019,Montes Altos,9160
2107001,2020,Montes Altos,9111
2107001,2021,Montes Altos,9064
2107001,2022,Montes Altos,9146
2107001,2023,Montes Altos,9227
2107001,2024,Montes Altos,9309
2107001,2025,Montes Altos,9306
2107001,2026,Montes Altos,9306
2106904,2008,Monção,28386
2106904,2009,Monção,28602
2106904,2010,Monção,30380
2106904,2011,Monção,32157
2106904,2012,Monção,31717
2106904,2013,Monção,32180
2106904,2014,Monção,32516
2106904,2015,Monção,32833
2106904,2016,Monção,32884
2106904,2017,Monção,33156
2106904,2018,Monção,33201
2106904,2019,Monção,33434
2106904,2020,Monção,33664
2106904,2021,Monção,33888
2106904,2022,Monção,32127
2106904,2023,Monção,30367
2106904,2024,Monção,28606
2106904,2025,Monção,28563
2106904,2026,Monção,28563
2107100,2008,Morros,17620
2107100,2009,Morros,17916
2107100,2010,Morros,17972
2107100,2011,Morros,18028
2107100,2012,Morros,18265
2107100,2013,Morros,18544
2107100,2014,Morros,18747
2107100,2015,Morros,18938
2107100,2016,Morros,19116
2107100,2017,Morros,19282
2107100,2018,Morros,19292
2107100,2019,Morros,19433
2107100,2020,Morros,19572
2107100,2021,Morros,19708
2107100,2022,Morros,19470
2107100,2023,Morros,19232
2107100,2024,Morros,18994
2107100,2025,Morros,19015
2107100,2026,Morros,19015
2107209,2008,Nina Rodrigues,10326
2107209,2009,Nina Rodrigues,10527
2107209,2010,Nina Rodrigues,11656
2107209,2011,Nina Rodrigues,12785
2107209,2012,Nina Rodrigues,13095
2107209,2013,Nina Rodrigues,13465
2107209,2014,Nina Rodrigues,13746
2107209,2015,Nina Rodrigues,14012
2107209,2016,Nina Rodrigues,14259
2107209,2017,Nina Rodrigues,14489
2107209,2018,Nina Rodrigues,14264
2107209,2019,Nina Rodrigues,14454
2107209,2020,Nina Rodrigues,14642
2107209,2021,Nina Rodrigues,14826
2107209,2022,Nina Rodrigues,14734
2107209,2023,Nina Rodrigues,14643
2107209,2024,Nina Rodrigues,14551
2107209,2025,Nina Rodrigues,14589
2107209,2026,Nina Rodrigues,14589
2107258,2008,Nova Colinas,4987
2107258,2009,Nova Colinas,5094
2107258,2010,Nova Colinas,5028
2107258,2011,Nova Colinas,4961
2107258,2012,Nova Colinas,5034
2107258,2013,Nova Colinas,5120
2107258,2014,Nova Colinas,5183
2107258,2015,Nova Colinas,5243
2107258,2016,Nova Colinas,5298
2107258,2017,Nova Colinas,5350
2107258,2018,Nova Colinas,5340
2107258,2019,Nova Colinas,5384
2107258,2020,Nova Colinas,5427
2107258,2021,Nova Colinas,5469
2107258,2022,Nova Colinas,5361
2107258,2023,Nova Colinas,5252
2107258,2024,Nova Colinas,5144
2107258,2025,Nova Colinas,5148
2107258,2026,Nova Colinas,5148
2107308,2008,Nova Iorque,5041
2107308,2009,Nova Iorque,5087
2107308,2010,Nova Iorque,4840
2107308,2011,Nova Iorque,4594
2107308,2012,Nova Iorque,4598
2107308,2013,Nova Iorque,4599
2107308,2014,Nova Iorque,4595
2107308,2015,Nova Iorque,4592
2107308,2016,Nova Iorque,4589
2107308,2017,Nova Iorque,4586
2107308,2018,Nova Iorque,4683
2107308,2019,Nova Iorque,4683
2107308,2020,Nova Iorque,4682
2107308,2021,Nova Iorque,4682
2107308,2022,Nova Iorque,4592
2107308,2023,Nova Iorque,4502
2107308,2024,Nova Iorque,4412
2107308,2025,Nova Iorque,4409
2107308,2026,Nova Iorque,4409
2107357,2008,Nova Olinda do Maranhão,17646
2107357,2009,Nova Olinda do Maranhão,17835
2107357,2010,Nova Olinda do Maranhão,18618
2107357,2011,Nova Olinda do Maranhão,19401
2107357,2012,Nova Olinda do Maranhão,19659
2107357,2013,Nova Olinda do Maranhão,19963
2107357,2014,Nova Olinda do Maranhão,20184
2107357,2015,Nova Olinda do Maranhão,20393
2107357,2016,Nova Olinda do Maranhão,20588
2107357,2017,Nova Olinda do Maranhão,20768
2107357,2018,Nova Olinda do Maranhão,20774
2107357,2019,Nova Olinda do Maranhão,20928
2107357,2020,Nova Olinda do Maranhão,21080
2107357,2021,Nova Olinda do Maranhão,21228
2107357,2022,Nova Olinda do Maranhão,18975
2107357,2023,Nova Olinda do Maranhão,16721
2107357,2024,Nova Olinda do Maranhão,14468
2107357,2025,Nova Olinda do Maranhão,14379
2107357,2026,Nova Olinda do Maranhão,14379
2107407,2008,Olho d'Água das Cunhãs,17868
2107407,2009,Olho d'Água das Cunhãs,17923
2107407,2010,Olho d'Água das Cunhãs,18317
2107407,2011,Olho d'Água das Cunhãs,18711
2107407,2012,Olho d'Água das Cunhãs,18816
2107407,2013,Olho d'Água das Cunhãs,18934
2107407,2014,Olho d'Água das Cunhãs,19009
2107407,2015,Olho d'Água das Cunhãs,19080
2107407,2016,Olho d'Água das Cunhãs,19145
2107407,2017,Olho d'Água das Cunhãs,19206
2107407,2018,Olho d'Água das Cunhãs,19448
2107407,2019,Olho d'Água das Cunhãs,19505
2107407,2020,Olho d'Água das Cunhãs,19561
2107407,2021,Olho d'Água das Cunhãs,19616
2107407,2022,Olho d'Água das Cunhãs,19176
2107407,2023,Olho d'Água das Cunhãs,18735
2107407,2024,Olho d'Água das Cunhãs,18295
2107407,2025,Olho d'Água das Cunhãs,18288
2107407,2026,Olho d'Água das Cunhãs,18288
2107456,2008,Olinda Nova do Maranhão,12456
2107456,2009,Olinda Nova do Maranhão,12684
2107456,2010,Olinda Nova do Maranhão,13050
2107456,2011,Olinda Nova do Maranhão,13416
2107456,2012,Olinda Nova do Maranhão,13643
2107456,2013,Olinda Nova do Maranhão,13911
2107456,2014,Olinda Nova do Maranhão,14110
2107456,2015,Olinda Nova do Maranhão,14299
2107456,2016,Olinda Nova do Maranhão,14474
2107456,2017,Olinda Nova do Maranhão,14637
2107456,2018,Olinda Nova do Maranhão,14563
2107456,2019,Olinda Nova do Maranhão,14701
2107456,2020,Olinda Nova do Maranhão,14836
2107456,2021,Olinda Nova do Maranhão,14968
2107456,2022,Olinda Nova do Maranhão,14615
2107456,2023,Olinda Nova do Maranhão,14262
2107456,2024,Olinda Nova do Maranhão,13909
2107456,2025,Olinda Nova do Maranhão,13921
2107456,2026,Olinda Nova do Maranhão,13921
2107605,2008,Palmeirândia,18646
2107605,2009,Palmeirândia,18772
2107605,2010,Palmeirândia,18834
2107605,2011,Palmeirândia,18896
2107605,2012,Palmeirândia,19007
2107605,2013,Palmeirândia,19133
2107605,2014,Palmeirândia,19213
2107605,2015,Palmeirândia,19288
2107605,2016,Palmeirândia,19359
2107605,2017,Palmeirândia,19424
2107605,2018,Palmeirândia,19661
2107605,2019,Palmeirândia,19722
2107605,2020,Palmeirândia,19781
2107605,2021,Palmeirândia,19840
2107605,2022,Palmeirândia,20429
2107605,2023,Palmeirândia,21017
2107605,2024,Palmeirândia,21606
2107605,2025,Palmeirândia,21657
2107605,2026,Palmeirândia,21657
2107704,2008,Paraibano,20048
2107704,2009,Paraibano,20255
2107704,2010,Paraibano,20266
2107704,2011,Paraibano,20276
2107704,2012,Paraibano,20443
2107704,2013,Paraibano,20636
2107704,2014,Paraibano,20768
2107704,2015,Paraibano,20892
2107704,2016,Paraibano,21008
2107704,2017,Paraibano,21116
2107704,2018,Paraibano,21290
2107704,2019,Paraibano,21386
2107704,2020,Paraibano,21479
2107704,2021,Paraibano,21571
2107704,2022,Paraibano,20587
2107704,2023,Paraibano,19603
2107704,2024,Paraibano,18619
2107704,2025,Paraibano,18589
2107704,2026,Paraibano,18589
2107803,2008,Parnarama,35972
2107803,2009,Parnarama,36300
2107803,2010,Parnarama,35546
2107803,2011,Parnarama,34791
2107803,2012,Parnarama,33669
2107803,2013,Parnarama,33883
2107803,2014,Parnarama,34018
2107803,2015,Parnarama,34146
2107803,2016,Parnarama,34265
2107803,2017,Parnarama,34375
2107803,2018,Parnarama,34805
2107803,2019,Parnarama,34907
2107803,2020,Parnarama,35008
2107803,2021,Parnarama,35108
2107803,2022,Parnarama,34157
2107803,2023,Parnarama,33207
2107803,2024,Parnarama,32256
2107803,2025,Parnarama,32232
2107803,2026,Parnarama,32232
2107902,2008,Passagem Franca,17625
2107902,2009,Passagem Franca,17898
2107902,2010,Passagem Franca,17836
2107902,2011,Passagem Franca,17773
2107902,2012,Passagem Franca,17977
2107902,2013,Passagem Franca,18216
2107902,2014,Passagem Franca,18387
2107902,2015,Passagem Franca,18549
2107902,2016,Passagem Franca,18699
2107902,2017,Passagem Franca,18839
2107902,2018,Passagem Franca,18898
2107902,2019,Passagem Franca,19019
2107902,2020,Passagem Franca,19137
2107902,2021,Passagem Franca,19253
2107902,2022,Passagem Franca,18699
2107902,2023,Passagem Franca,18146
2107902,2024,Passagem Franca,17592
2107902,2025,Passagem Franca,17591
2107902,2026,Passagem Franca,17591
2108009,2008,Pastos Bons,18055
2108009,2009,Pastos Bons,18306
2108009,2010,Pastos Bons,18287
2108009,2011,Pastos Bons,18268
2108009,2012,Pastos Bons,18461
2108009,2013,Pastos Bons,18687
2108009,2014,Pastos Bons,18848
2108009,2015,Pastos Bons,18999
2108009,2016,Pastos Bons,19140
2108009,2017,Pastos Bons,19271
2108009,2018,Pastos Bons,19358
2108009,2019,Pastos Bons,19472
2108009,2020,Pastos Bons,19583
2108009,2021,Pastos Bons,19693
2108009,2022,Pastos Bons,19544
2108009,2023,Pastos Bons,19395
2108009,2024,Pastos Bons,19246
2108009,2025,Pastos Bons,19266
2108009,2026,Pastos Bons,19266
2108058,2008,Paulino Neves,13195
2108058,2009,Paulino Neves,13355
2108058,2010,Paulino Neves,14052
2108058,2011,Paulino Neves,14749
2108058,2012,Paulino Neves,14971
2108058,2013,Paulino Neves,15234
2108058,2014,Paulino Neves,15427
2108058,2015,Paulino Neves,15609
2108058,2016,Paulino Neves,15779
2108058,2017,Paulino Neves,15937
2108058,2018,Paulino Neves,15901
2108058,2019,Paulino Neves,16035
2108058,2020,Paulino Neves,16166
2108058,2021,Paulino Neves,16295
2108058,2022,Paulino Neves,16704
2108058,2023,Paulino Neves,17114
2108058,2024,Paulino Neves,17523
2108058,2025,Paulino Neves,17578
2108058,2026,Paulino Neves,17578
2108108,2008,Paulo Ramos,16534
2108108,2009,Paulo Ramos,16236
2108108,2010,Paulo Ramos,18316
2108108,2011,Paulo Ramos,20396
2108108,2012,Paulo Ramos,20454
2108108,2013,Paulo Ramos,20514
2108108,2014,Paulo Ramos,20539
2108108,2015,Paulo Ramos,20612
2108108,2016,Paulo Ramos,20635
2108108,2017,Paulo Ramos,20657
2108108,2018,Paulo Ramos,21015
2108108,2019,Paulo Ramos,21040
2108108,2020,Paulo Ramos,21066
2108108,2021,Paulo Ramos,21092
2108108,2022,Paulo Ramos,20992
2108108,2023,Paulo Ramos,20892
2108108,2024,Paulo Ramos,20792
2108108,2025,Paulo Ramos,20798
2108108,2026,Paulo Ramos,20798
2107506,2008,Paço do Lumiar,101452
2107506,2009,Paço do Lumiar,103958
2107506,2010,Paço do Lumiar,105861
2107506,2011,Paço do Lumiar,107764
2107506,2012,Paço do Lumiar,110321
2107506,2013,Paço do Lumiar,113378
2107506,2014,Paço do Lumiar,115693
2107506,2015,Paço do Lumiar,117877
2107506,2016,Paço do Lumiar,119915
2107506,2017,Paço do Lumiar,122420
2107506,2018,Paço do Lumiar,120621
2107506,2019,Paço do Lumiar,122197
2107506,2020,Paço do Lumiar,123747
2107506,2021,Paço do Lumiar,125265
2107506,2022,Paço do Lumiar,134279
2107506,2023,Paço do Lumiar,143292
2107506,2024,Paço do Lumiar,152306
2107506,2025,Paço do Lumiar,153158
2107506,2026,Paço do Lumiar,153158
2108207,2008,Pedreiras,39049
2108207,2009,Pedreiras,38934
2108207,2010,Pedreiras,39176
2108207,2011,Pedreiras,39419
2108207,2012,Pedreiras,39391
2108207,2013,Pedreiras,39337
2108207,2014,Pedreiras,38582
2108207,2015,Pedreiras,38506
2108207,2016,Pedreiras,38433
2108207,2017,Pedreiras,38365
2108207,2018,Pedreiras,39267
2108207,2019,Pedreiras,39229
2108207,2020,Pedreiras,39191
2108207,2021,Pedreiras,39153
2108207,2022,Pedreiras,38858
2108207,2023,Pedreiras,38562
2108207,2024,Pedreiras,38267
2108207,2025,Pedreiras,38252
2108207,2026,Pedreiras,38252
2108256,2008,Pedro do Rosário,22417
2108256,2009,Pedro do Rosário,22856
2108256,2010,Pedro do Rosário,22978
2108256,2011,Pedro do Rosário,23099
2108256,2012,Pedro do Rosário,23454
2108256,2013,Pedro do Rosário,23874
2108256,2014,Pedro do Rosário,24183
2108256,2015,Pedro do Rosário,24475
2108256,2016,Pedro do Rosário,24748
2108256,2017,Pedro do Rosário,25000
2108256,2018,Pedro do Rosário,24930
2108256,2019,Pedro do Rosário,25144
2108256,2020,Pedro do Rosário,25354
2108256,2021,Pedro do Rosário,25560
2108256,2022,Pedro do Rosário,25346
2108256,2023,Pedro do Rosário,25131
2108256,2024,Pedro do Rosário,24917
2108256,2025,Pedro do Rosário,24955
2108256,2026,Pedro do Rosário,24955
2108306,2008,Penalva,34505
2108306,2009,Penalva,34907
2108306,2010,Penalva,34812
2108306,2011,Penalva,34717
2108306,2012,Penalva,35996
2108306,2013,Penalva,36520
2108306,2014,Penalva,36899
2108306,2015,Penalva,37255
2108306,2016,Penalva,37833
2108306,2017,Penalva,38144
2108306,2018,Penalva,38203
2108306,2019,Penalva,38470
2108306,2020,Penalva,38731
2108306,2021,Penalva,38987
2108306,2022,Penalva,37169
2108306,2023,Penalva,35352
2108306,2024,Penalva,33534
2108306,2025,Penalva,33496
2108306,2026,Penalva,33496
2108405,2008,Peri Mirim,12556
2108405,2009,Peri Mirim,12492
2108405,2010,Peri Mirim,13168
2108405,2011,Peri Mirim,13844
2108405,2012,Peri Mirim,13898
2108405,2013,Peri Mirim,13956
2108405,2014,Peri Mirim,13989
2108405,2015,Peri Mirim,14019
2108405,2016,Peri Mirim,14048
2108405,2017,Peri Mirim,14074
2108405,2018,Peri Mirim,14291
2108405,2019,Peri Mirim,14318
2108405,2020,Peri Mirim,14345
2108405,2021,Peri Mirim,14371
2108405,2022,Peri Mirim,13340
2108405,2023,Peri Mirim,12308
2108405,2024,Peri Mirim,11277
2108405,2025,Peri Mirim,11229
2108405,2026,Peri Mirim,11229
2108454,2008,Peritoró,19601
2108454,2009,Peritoró,19817
2108454,2010,Peritoró,20658
2108454,2011,Peritoró,21498
2108454,2012,Peritoró,21785
2108454,2013,Peritoró,22123
2108454,2014,Peritoró,22369
2108454,2015,Peritoró,22602
2108454,2016,Peritoró,22818
2108454,2017,Peritoró,23019
2108454,2018,Peritoró,23025
2108454,2019,Peritoró,23196
2108454,2020,Peritoró,23364
2108454,2021,Peritoró,23530
2108454,2022,Peritoró,22657
2108454,2023,Peritoró,21783
2108454,2024,Peritoró,20910
2108454,2025,Peritoró,20903
2108454,2026,Peritoró,20903
2108504,2008,Pindaré-Mirim,31879
2108504,2009,Pindaré-Mirim,32236
2108504,2010,Pindaré-Mirim,31810
2108504,2011,Pindaré-Mirim,31384
2108504,2012,Pindaré-Mirim,31609
2108504,2013,Pindaré-Mirim,31866
2108504,2014,Pindaré-Mirim,32037
2108504,2015,Pindaré-Mirim,32198
2108504,2016,Pindaré-Mirim,32348
2108504,2017,Pindaré-Mirim,32488
2108504,2018,Pindaré-Mirim,32815
2108504,2019,Pindaré-Mirim,32941
2108504,2020,Pindaré-Mirim,33065
2108504,2021,Pindaré-Mirim,33186
2108504,2022,Pindaré-Mirim,32964
2108504,2023,Pindaré-Mirim,32743
2108504,2024,Pindaré-Mirim,32521
2108504,2025,Pindaré-Mirim,32542
2108504,2026,Pindaré-Mirim,32542
2108603,2008,Pinheiro,76391
2108603,2009,Pinheiro,77182
2108603,2010,Pinheiro,78029
2108603,2011,Pinheiro,78876
2108603,2012,Pinheiro,79566
2108603,2013,Pinheiro,80365
2108603,2014,Pinheiro,80917
2108603,2015,Pinheiro,81438
2108603,2016,Pinheiro,81924
2108603,2017,Pinheiro,82374
2108603,2018,Pinheiro,82990
2108603,2019,Pinheiro,83387
2108603,2020,Pinheiro,83777
2108603,2021,Pinheiro,84160
2108603,2022,Pinheiro,85413
2108603,2023,Pinheiro,86666
2108603,2024,Pinheiro,87919
2108603,2025,Pinheiro,88091
2108603,2026,Pinheiro,88091
2108702,2008,Pio XII,22410
2108702,2009,Pio XII,22220
2108702,2010,Pio XII,22040
2108702,2011,Pio XII,21860
2108702,2012,Pio XII,21708
2108702,2013,Pio XII,21512
2108702,2014,Pio XII,21333
2108702,2015,Pio XII,21164
2108702,2016,Pio XII,21007
2108702,2017,Pio XII,20861
2108702,2018,Pio XII,21594
2108702,2019,Pio XII,21485
2108702,2020,Pio XII,21379
2108702,2021,Pio XII,21274
2108702,2022,Pio XII,21639
2108702,2023,Pio XII,22004
2108702,2024,Pio XII,22369
2108702,2025,Pio XII,22374
2108702,2026,Pio XII,22374
2108801,2008,Pirapemas,15477
2108801,2009,Pirapemas,15500
2108801,2010,Pirapemas,16528
2108801,2011,Pirapemas,17555
2108801,2012,Pirapemas,17722
2108801,2013,Pirapemas,17917
2108801,2014,Pirapemas,18053
2108801,2015,Pirapemas,18182
2108801,2016,Pirapemas,18302
2108801,2017,Pirapemas,18413
2108801,2018,Pirapemas,18527
2108801,2019,Pirapemas,18625
2108801,2020,Pirapemas,18720
2108801,2021,Pirapemas,18814
2108801,2022,Pirapemas,18583
2108801,2023,Pirapemas,18351
2108801,2024,Pirapemas,18120
2108801,2025,Pirapemas,18132
2108801,2026,Pirapemas,18132
2109007,2008,Porto Franco,19271
2109007,2009,Porto Franco,19503
2109007,2010,Porto Franco,20696
2109007,2011,Porto Franco,21890
2109007,2012,Porto Franco,22239
2109007,2013,Porto Franco,22651
2109007,2014,Porto Franco,22956
2109007,2015,Porto Franco,23243
2109007,2016,Porto Franco,23511
2109007,2017,Porto Franco,23760
2109007,2018,Porto Franco,23675
2109007,2019,Porto Franco,23885
2109007,2020,Porto Franco,24092
2109007,2021,Porto Franco,24294
2109007,2022,Porto Franco,24368
2109007,2023,Porto Franco,24443
2109007,2024,Porto Franco,24517
2109007,2025,Porto Franco,24571
2109007,2026,Porto Franco,24571
2109056,2008,Porto Rico do Maranhão,7110
2109056,2009,Porto Rico do Maranhão,7179
2109056,2010,Porto Rico do Maranhão,6592
2109056,2011,Porto Rico do Maranhão,6004
2109056,2012,Porto Rico do Maranhão,5978
2109056,2013,Porto Rico do Maranhão,5943
2109056,2014,Porto Rico do Maranhão,5909
2109056,2015,Porto Rico do Maranhão,5877
2109056,2016,Porto Rico do Maranhão,5847
2109056,2017,Porto Rico do Maranhão,5819
2109056,2018,Porto Rico do Maranhão,5995
2109056,2019,Porto Rico do Maranhão,5975
2109056,2020,Porto Rico do Maranhão,5955
2109056,2021,Porto Rico do Maranhão,5936
2109056,2022,Porto Rico do Maranhão,5988
2109056,2023,Porto Rico do Maranhão,6039
2109056,2024,Porto Rico do Maranhão,6091
2109056,2025,Porto Rico do Maranhão,6092
2109056,2026,Porto Rico do Maranhão,6092
2108900,2008,Poção de Pedras,16184
2108900,2009,Poção de Pedras,15533
2108900,2010,Poção de Pedras,17562
2108900,2011,Poção de Pedras,19592
2108900,2012,Poção de Pedras,19165
2108900,2013,Poção de Pedras,18633
2108900,2014,Poção de Pedras,18191
2108900,2015,Poção de Pedras,17773
2108900,2016,Poção de Pedras,17384
2108900,2017,Poção de Pedras,17023
2108900,2018,Poção de Pedras,18157
2108900,2019,Poção de Pedras,17873
2108900,2020,Poção de Pedras,17595
2108900,2021,Poção de Pedras,17321
2108900,2022,Poção de Pedras,17362
2108900,2023,Poção de Pedras,17403
2108900,2024,Poção de Pedras,17444
2108900,2025,Poção de Pedras,17394
2108900,2026,Poção de Pedras,17394
2109106,2008,Presidente Dutra,41173
2109106,2009,Presidente Dutra,41303
2109106,2010,Presidente Dutra,43229
2109106,2011,Presidente Dutra,45155
2109106,2012,Presidente Dutra,45564
2109106,2013,Presidente Dutra,46039
2109106,2014,Presidente Dutra,46369
2109106,2015,Presidente Dutra,46680
2109106,2016,Presidente Dutra,46970
2109106,2017,Presidente Dutra,47239
2109106,2018,Presidente Dutra,47567
2109106,2019,Presidente Dutra,47804
2109106,2020,Presidente Dutra,48036
2109106,2021,Presidente Dutra,48264
2109106,2022,Presidente Dutra,47702
2109106,2023,Presidente Dutra,47140
2109106,2024,Presidente Dutra,46578
2109106,2025,Presidente Dutra,46606
2109106,2026,Presidente Dutra,46606
2109205,2008,Presidente Juscelino,12094
2109205,2009,Presidente Juscelino,12382
2109205,2010,Presidente Juscelino,12052
2109205,2011,Presidente Juscelino,11722
2109205,2012,Presidente Juscelino,11897
2109205,2013,Presidente Juscelino,12103
2109205,2014,Presidente Juscelino,12255
2109205,2015,Presidente Juscelino,12398
2109205,2016,Presidente Juscelino,12532
2109205,2017,Presidente Juscelino,12656
2109205,2018,Presidente Juscelino,12629
2109205,2019,Presidente Juscelino,12734
2109205,2020,Presidente Juscelino,12838
2109205,2021,Presidente Juscelino,12939
2109205,2022,Presidente Juscelino,12498
2109205,2023,Presidente Juscelino,12057
2109205,2024,Presidente Juscelino,11616
2109205,2025,Presidente Juscelino,11616
2109205,2026,Presidente Juscelino,11616
2109239,2008,Presidente Médici,6252
2109239,2009,Presidente Médici,6363
2109239,2010,Presidente Médici,6417
2109239,2011,Presidente Médici,6471
2109239,2012,Presidente Médici,6564
2109239,2013,Presidente Médici,6674
2109239,2014,Presidente Médici,6755
2109239,2015,Presidente Médici,6831
2109239,2016,Presidente Médici,6902
2109239,2017,Presidente Médici,6968
2109239,2018,Presidente Médici,6959
2109239,2019,Presidente Médici,7015
2109239,2020,Presidente Médici,7070
2109239,2021,Presidente Médici,7124
2109239,2022,Presidente Médici,6332
2109239,2023,Presidente Médici,5540
2109239,2024,Presidente Médici,4748
2109239,2025,Presidente Médici,4717
2109239,2026,Presidente Médici,4717
2109270,2008,Presidente Sarney,16095
2109270,2009,Presidente Sarney,16325
2109270,2010,Presidente Sarney,16878
2109270,2011,Presidente Sarney,17430
2109270,2012,Presidente Sarney,17686
2109270,2013,Presidente Sarney,17988
2109270,2014,Presidente Sarney,18210
2109270,2015,Presidente Sarney,18420
2109270,2016,Presidente Sarney,18615
2109270,2017,Presidente Sarney,18797
2109270,2018,Presidente Sarney,18764
2109270,2019,Presidente Sarney,18918
2109270,2020,Presidente Sarney,19069
2109270,2021,Presidente Sarney,19217
2109270,2022,Presidente Sarney,18782
2109270,2023,Presidente Sarney,18348
2109270,2024,Presidente Sarney,17913
2109270,2025,Presidente Sarney,17925
2109270,2026,Presidente Sarney,17925
2109304,2008,Presidente Vargas,10096
2109304,2009,Presidente Vargas,10191
2109304,2010,Presidente Vargas,10517
2109304,2011,Presidente Vargas,10843
2109304,2012,Presidente Vargas,10964
2109304,2013,Presidente Vargas,11105
2109304,2014,Presidente Vargas,11206
2109304,2015,Presidente Vargas,11302
2109304,2016,Presidente Vargas,11391
2109304,2017,Presidente Vargas,11474
2109304,2018,Presidente Vargas,11124
2109304,2019,Presidente Vargas,11193
2109304,2020,Presidente Vargas,11261
2109304,2021,Presidente Vargas,11328
2109304,2022,Presidente Vargas,11149
2109304,2023,Presidente Vargas,10970
2109304,2024,Presidente Vargas,10791
2109304,2025,Presidente Vargas,10791
2109304,2026,Presidente Vargas,10791
2109403,2008,Primeira Cruz,12366
2109403,2009,Primeira Cruz,12493
2109403,2010,Primeira Cruz,13326
2109403,2011,Primeira Cruz,14158
2109403,2012,Primeira Cruz,14355
2109403,2013,Primeira Cruz,14588
2109403,2014,Primeira Cruz,14758
2109403,2015,Primeira Cruz,14918
2109403,2016,Primeira Cruz,15068
2109403,2017,Primeira Cruz,15207
2109403,2018,Primeira Cruz,15197
2109403,2019,Primeira Cruz,15315
2109403,2020,Primeira Cruz,15431
2109403,2021,Primeira Cruz,15545
2109403,2022,Primeira Cruz,15004
2109403,2023,Primeira Cruz,14463
2109403,2024,Primeira Cruz,13922
2109403,2025,Primeira Cruz,13920
2109403,2026,Primeira Cruz,13920
2109452,2008,Raposa,25042
2109452,2009,Raposa,25837
2109452,2010,Raposa,26437
2109452,2011,Raposa,27037
2109452,2012,Raposa,27723
2109452,2013,Raposa,28543
2109452,2014,Raposa,29167
2109452,2015,Raposa,29755
2109452,2016,Raposa,30304
2109452,2017,Raposa,30863
2109452,2018,Raposa,30337
2109452,2019,Raposa,30761
2109452,2020,Raposa,31177
2109452,2021,Raposa,31586
2109452,2022,Raposa,31742
2109452,2023,Raposa,31898
2109452,2024,Raposa,32054
2109452,2025,Raposa,32156
2109452,2026,Raposa,32156
2109502,2008,Riachão,21626
2109502,2009,Riachão,21672
2109502,2010,Riachão,20911
2109502,2011,Riachão,20150
2109502,2012,Riachão,20093
2109502,2013,Riachão,20011
2109502,2014,Riachão,19926
2109502,2015,Riachão,19846
2109502,2016,Riachão,19771
2109502,2017,Riachão,19701
2109502,2018,Riachão,20243
2109502,2019,Riachão,20195
2109502,2020,Riachão,20334
2109502,2021,Riachão,20288
2109502,2022,Riachão,21092
2109502,2023,Riachão,21895
2109502,2024,Riachão,22699
2109502,2025,Riachão,22740
2109502,2026,Riachão,22740
2109551,2008,Ribamar Fiquene,7391
2109551,2009,Ribamar Fiquene,7477
2109551,2010,Ribamar Fiquene,7430
2109551,2011,Ribamar Fiquene,7382
2109551,2012,Ribamar Fiquene,7444
2109551,2013,Ribamar Fiquene,7514
2109551,2014,Ribamar Fiquene,7563
2109551,2015,Ribamar Fiquene,7609
2109551,2016,Ribamar Fiquene,7652
2109551,2017,Ribamar Fiquene,7691
2109551,2018,Ribamar Fiquene,7755
2109551,2019,Ribamar Fiquene,7791
2109551,2020,Ribamar Fiquene,7825
2109551,2021,Ribamar Fiquene,7859
2109551,2022,Ribamar Fiquene,7772
2109551,2023,Ribamar Fiquene,7684
2109551,2024,Ribamar Fiquene,7597
2109551,2025,Ribamar Fiquene,7601
2109551,2026,Ribamar Fiquene,7601
2109601,2008,Rosário,39103
2109601,2009,Rosário,39627
2109601,2010,Rosário,39828
2109601,2011,Rosário,40030
2109601,2012,Rosário,40469
2109601,2013,Rosário,40983
2109601,2014,Rosário,41349
2109601,2015,Rosário,41694
2109601,2016,Rosário,42016
2109601,2017,Rosário,42314
2109601,2018,Rosário,42482
2109601,2019,Rosário,42740
2109601,2020,Rosário,42994
2109601,2021,Rosário,43243
2109601,2022,Rosário,42083
2109601,2023,Rosário,40923
2109601,2024,Rosário,39763
2109601,2025,Rosário,39761
2109601,2026,Rosário,39761
2109700,2008,Sambaíba,5971
2109700,2009,Sambaíba,6038
2109700,2010,Sambaíba,5772
2109700,2011,Sambaíba,5505
2109700,2012,Sambaíba,5522
2109700,2013,Sambaíba,5538
2109700,2014,Sambaíba,5546
2109700,2015,Sambaíba,5554
2109700,2016,Sambaíba,5561
2109700,2017,Sambaíba,5568
2109700,2018,Sambaíba,5663
2109700,2019,Sambaíba,5671
2109700,2020,Sambaíba,5679
2109700,2021,Sambaíba,5686
2109700,2022,Sambaíba,5691
2109700,2023,Sambaíba,5696
2109700,2024,Sambaíba,5701
2109700,2025,Sambaíba,6234
2109700,2026,Sambaíba,6234
2109759,2008,Santa Filomena do Maranhão,5703
2109759,2009,Santa Filomena do Maranhão,5804
2109759,2010,Santa Filomena do Maranhão,6480
2109759,2011,Santa Filomena do Maranhão,7155
2109759,2012,Santa Filomena do Maranhão,7246
2109759,2013,Santa Filomena do Maranhão,7426
2109759,2014,Santa Filomena do Maranhão,7503
2109759,2015,Santa Filomena do Maranhão,7576
2109759,2016,Santa Filomena do Maranhão,7645
2109759,2017,Santa Filomena do Maranhão,7708
2109759,2018,Santa Filomena do Maranhão,7719
2109759,2019,Santa Filomena do Maranhão,7773
2109759,2020,Santa Filomena do Maranhão,7826
2109759,2021,Santa Filomena do Maranhão,7878
2109759,2022,Santa Filomena do Maranhão,7532
2109759,2023,Santa Filomena do Maranhão,7185
2109759,2024,Santa Filomena do Maranhão,6839
2109759,2025,Santa Filomena do Maranhão,6833
2109759,2026,Santa Filomena do Maranhão,6833
2109809,2008,Santa Helena,35070
2109809,2009,Santa Helena,35472
2109809,2010,Santa Helena,37608
2109809,2011,Santa Helena,39744
2109809,2012,Santa Helena,40356
2109809,2013,Santa Helena,41081
2109809,2014,Santa Helena,40518
2109809,2015,Santa Helena,41009
2109809,2016,Santa Helena,41466
2109809,2017,Santa Helena,41891
2109809,2018,Santa Helena,41770
2109809,2019,Santa Helena,42130
2109809,2020,Santa Helena,42483
2109809,2021,Santa Helena,42829
2109809,2022,Santa Helena,42923
2109809,2023,Santa Helena,43018
2109809,2024,Santa Helena,43112
2109809,2025,Santa Helena,43200
2109809,2026,Santa Helena,43200
2109908,2008,Santa Inês,84582
2109908,2009,Santa Inês,85701
2109908,2010,Santa Inês,81860
2109908,2011,Santa Inês,78020
2109908,2012,Santa Inês,78733
2109908,2013,Santa Inês,82106
2109908,2014,Santa Inês,82680
2109908,2015,Santa Inês,83238
2109908,2016,Santa Inês,83759
2109908,2017,Santa Inês,88013
2109908,2018,Santa Inês,88590
2109908,2019,Santa Inês,89044
2109908,2020,Santa Inês,89489
2109908,2021,Santa Inês,89927
2109908,2022,Santa Inês,89340
2109908,2023,Santa Inês,88754
2109908,2024,Santa Inês,88167
2109908,2025,Santa Inês,88249
2109908,2026,Santa Inês,88249
2110005,2008,Santa Luzia,71314
2110005,2009,Santa Luzia,71455
2110005,2010,Santa Luzia,72978
2110005,2011,Santa Luzia,74501
2110005,2012,Santa Luzia,74943
2110005,2013,Santa Luzia,75444
2110005,2014,Santa Luzia,75762
2110005,2015,Santa Luzia,71067
2110005,2016,Santa Luzia,71329
2110005,2017,Santa Luzia,71576
2110005,2018,Santa Luzia,72440
2110005,2019,Santa Luzia,72667
2110005,2020,Santa Luzia,72887
2110005,2021,Santa Luzia,73105
2110005,2022,Santa Luzia,68416
2110005,2023,Santa Luzia,63726
2110005,2024,Santa Luzia,59037
2110005,2025,Santa Luzia,58839
2110005,2026,Santa Luzia,58839
2110039,2008,Santa Luzia do Paruá,20194
2110039,2009,Santa Luzia do Paruá,20190
2110039,2010,Santa Luzia do Paruá,21516
2110039,2011,Santa Luzia do Paruá,22843
2110039,2012,Santa Luzia do Paruá,23035
2110039,2013,Santa Luzia do Paruá,23256
2110039,2014,Santa Luzia do Paruá,24507
2110039,2015,Santa Luzia do Paruá,24663
2110039,2016,Santa Luzia do Paruá,24810
2110039,2017,Santa Luzia do Paruá,24946
2110039,2018,Santa Luzia do Paruá,25134
2110039,2019,Santa Luzia do Paruá,25254
2110039,2020,Santa Luzia do Paruá,25371
2110039,2021,Santa Luzia do Paruá,25487
2110039,2022,Santa Luzia do Paruá,25281
2110039,2023,Santa Luzia do Paruá,25076
2110039,2024,Santa Luzia do Paruá,24870
2110039,2025,Santa Luzia do Paruá,24890
2110039,2026,Santa Luzia do Paruá,24890
2110104,2008,Santa Quitéria do Maranhão,29215
2110104,2009,Santa Quitéria do Maranhão,29551
2110104,2010,Santa Quitéria do Maranhão,29506
2110104,2011,Santa Quitéria do Maranhão,29460
2110104,2012,Santa Quitéria do Maranhão,28914
2110104,2013,Santa Quitéria do Maranhão,24706
2110104,2014,Santa Quitéria do Maranhão,24879
2110104,2015,Santa Quitéria do Maranhão,25041
2110104,2016,Santa Quitéria do Maranhão,25192
2110104,2017,Santa Quitéria do Maranhão,25334
2110104,2018,Santa Quitéria do Maranhão,25519
2110104,2019,Santa Quitéria do Maranhão,25642
2110104,2020,Santa Quitéria do Maranhão,25764
2110104,2021,Santa Quitéria do Maranhão,25884
2110104,2022,Santa Quitéria do Maranhão,25419
2110104,2023,Santa Quitéria do Maranhão,24954
2110104,2024,Santa Quitéria do Maranhão,24489
2110104,2025,Santa Quitéria do Maranhão,24495
2110104,2026,Santa Quitéria do Maranhão,24495
2110203,2008,Santa Rita,31940
2110203,2009,Santa Rita,32872
2110203,2010,Santa Rita,32994
2110203,2011,Santa Rita,33117
2110203,2012,Santa Rita,33843
2110203,2013,Santa Rita,34710
2110203,2014,Santa Rita,35364
2110203,2015,Santa Rita,35980
2110203,2016,Santa Rita,36556
2110203,2017,Santa Rita,37090
2110203,2018,Santa Rita,37404
2110203,2019,Santa Rita,37855
2110203,2020,Santa Rita,38298
2110203,2021,Santa Rita,38732
2110203,2022,Santa Rita,38637
2110203,2023,Santa Rita,38541
2110203,2024,Santa Rita,38446
2110203,2025,Santa Rita,38542
2110203,2026,Santa Rita,38542
2110237,2008,Santana do Maranhão,10890
2110237,2009,Santana do Maranhão,11170
2110237,2010,Santana do Maranhão,11554
2110237,2011,Santana do Maranhão,11937
2110237,2012,Santana do Maranhão,12203
2110237,2013,Santana do Maranhão,12521
2110237,2014,Santana do Maranhão,12761
2110237,2015,Santana do Maranhão,12987
2110237,2016,Santana do Maranhão,13199
2110237,2017,Santana do Maranhão,13395
2110237,2018,Santana do Maranhão,13223
2110237,2019,Santana do Maranhão,13386
2110237,2020,Santana do Maranhão,13547
2110237,2021,Santana do Maranhão,13704
2110237,2022,Santana do Maranhão,12728
2110237,2023,Santana do Maranhão,11753
2110237,2024,Santana do Maranhão,10777
2110237,2025,Santana do Maranhão,10759
2110237,2026,Santana do Maranhão,10759
2110278,2008,Santo Amaro do Maranhão,11509
2110278,2009,Santo Amaro do Maranhão,11693
2110278,2010,Santo Amaro do Maranhão,12918
2110278,2011,Santo Amaro do Maranhão,14143
2110278,2012,Santo Amaro do Maranhão,14456
2110278,2013,Santo Amaro do Maranhão,14828
2110278,2014,Santo Amaro do Maranhão,15110
2110278,2015,Santo Amaro do Maranhão,15375
2110278,2016,Santo Amaro do Maranhão,15623
2110278,2017,Santo Amaro do Maranhão,15853
2110278,2018,Santo Amaro do Maranhão,15654
2110278,2019,Santo Amaro do Maranhão,15846
2110278,2020,Santo Amaro do Maranhão,16034
2110278,2021,Santo Amaro do Maranhão,16219
2110278,2022,Santo Amaro do Maranhão,15573
2110278,2023,Santo Amaro do Maranhão,14926
2110278,2024,Santo Amaro do Maranhão,14280
2110278,2025,Santo Amaro do Maranhão,14287
2110278,2026,Santo Amaro do Maranhão,14287
2110302,2008,Santo Antônio dos Lopes,14637
2110302,2009,Santo Antônio dos Lopes,14663
2110302,2010,Santo Antônio dos Lopes,14477
2110302,2011,Santo Antônio dos Lopes,14291
2110302,2012,Santo Antônio dos Lopes,14294
2110302,2013,Santo Antônio dos Lopes,14289
2110302,2014,Santo Antônio dos Lopes,14270
2110302,2015,Santo Antônio dos Lopes,14253
2110302,2016,Santo Antônio dos Lopes,14237
2110302,2017,Santo Antônio dos Lopes,14222
2110302,2018,Santo Antônio dos Lopes,14534
2110302,2019,Santo Antônio dos Lopes,14528
2110302,2020,Santo Antônio dos Lopes,14522
2110302,2021,Santo Antônio dos Lopes,14516
2110302,2022,Santo Antônio dos Lopes,14552
2110302,2023,Santo Antônio dos Lopes,14587
2110302,2024,Santo Antônio dos Lopes,14623
2110302,2025,Santo Antônio dos Lopes,14628
2110302,2026,Santo Antônio dos Lopes,14628
2111722,2008,Satubinha,8651
2111722,2009,Satubinha,8715
2111722,2010,Satubinha,10508
2111722,2011,Satubinha,12301
2111722,2012,Satubinha,12600
2111722,2013,Satubinha,12959
2111722,2014,Satubinha,13231
2111722,2015,Satubinha,13487
2111722,2016,Satubinha,13727
2111722,2017,Satubinha,13949
2111722,2018,Satubinha,13730
2111722,2019,Satubinha,13914
2111722,2020,Satubinha,14096
2111722,2021,Satubinha,14274
2111722,2022,Satubinha,12476
2111722,2023,Satubinha,10678
2111722,2024,Satubinha,8880
2111722,2025,Satubinha,8821
2111722,2026,Satubinha,8821
2111748,2008,Senador Alexandre Costa,9343
2111748,2009,Senador Alexandre Costa,9414
2111748,2010,Senador Alexandre Costa,9900
2111748,2011,Senador Alexandre Costa,10386
2111748,2012,Senador Alexandre Costa,10511
2111748,2013,Senador Alexandre Costa,10657
2111748,2014,Senador Alexandre Costa,10763
2111748,2015,Senador Alexandre Costa,10862
2111748,2016,Senador Alexandre Costa,10955
2111748,2017,Senador Alexandre Costa,11042
2111748,2018,Senador Alexandre Costa,11067
2111748,2019,Senador Alexandre Costa,11141
2111748,2020,Senador Alexandre Costa,11214
2111748,2021,Senador Alexandre Costa,11285
2111748,2022,Senador Alexandre Costa,11005
2111748,2023,Senador Alexandre Costa,10725
2111748,2024,Senador Alexandre Costa,10445
2111748,2025,Senador Alexandre Costa,10447
2111748,2026,Senador Alexandre Costa,10447
2111763,2008,Senador La Rocque,19349
2111763,2009,Senador La Rocque,19359
2111763,2010,Senador La Rocque,16954
2111763,2011,Senador La Rocque,14550
2111763,2012,Senador La Rocque,14447
2111763,2013,Senador La Rocque,14315
2111763,2014,Senador La Rocque,14195
2111763,2015,Senador La Rocque,14081
2111763,2016,Senador La Rocque,13975
2111763,2017,Senador La Rocque,13877
2111763,2018,Senador La Rocque,14367
2111763,2019,Senador La Rocque,14293
2111763,2020,Senador La Rocque,14050
2111763,2021,Senador La Rocque,13981
2111763,2022,Senador La Rocque,14332
2111763,2023,Senador La Rocque,14684
2111763,2024,Senador La Rocque,15035
2111763,2025,Senador La Rocque,15044
2111763,2026,Senador La Rocque,15044
2111789,2008,Serrano do Maranhão,10911
2111789,2009,Serrano do Maranhão,11085
2111789,2010,Serrano do Maranhão,11082
2111789,2011,Serrano do Maranhão,11080
2111789,2012,Serrano do Maranhão,10545
2111789,2013,Serrano do Maranhão,10693
2111789,2014,Serrano do Maranhão,10758
2111789,2015,Serrano do Maranhão,10859
2111789,2016,Serrano do Maranhão,10953
2111789,2017,Serrano do Maranhão,11040
2111789,2018,Serrano do Maranhão,10206
2111789,2019,Serrano do Maranhão,10253
2111789,2020,Serrano do Maranhão,10299
2111789,2021,Serrano do Maranhão,10343
2111789,2022,Serrano do Maranhão,10382
2111789,2023,Serrano do Maranhão,10422
2111789,2024,Serrano do Maranhão,10461
2111789,2025,Serrano do Maranhão,10475
2111789,2026,Serrano do Maranhão,10475
2111904,2008,Sucupira do Norte,10529
2111904,2009,Sucupira do Norte,10535
2111904,2010,Sucupira do Norte,10492
2111904,2011,Sucupira do Norte,10450
2111904,2012,Sucupira do Norte,10454
2111904,2013,Sucupira do Norte,10454
2111904,2014,Sucupira do Norte,10444
2111904,2015,Sucupira do Norte,10434
2111904,2016,Sucupira do Norte,10425
2111904,2017,Sucupira do Norte,10416
2111904,2018,Sucupira do Norte,10639
2111904,2019,Sucupira do Norte,10636
2111904,2020,Sucupira do Norte,10634
2111904,2021,Sucupira do Norte,10631
2111904,2022,Sucupira do Norte,10578
2111904,2023,Sucupira do Norte,10524
2111904,2024,Sucupira do Norte,10471
2111904,2025,Sucupira do Norte,10471
2111904,2026,Sucupira do Norte,10471
2111953,2008,Sucupira do Riachão,4818
2111953,2009,Sucupira do Riachão,4869
2111953,2010,Sucupira do Riachão,5153
2111953,2011,Sucupira do Riachão,5437
2111953,2012,Sucupira do Riachão,5466
2111953,2013,Sucupira do Riachão,5498
2111953,2014,Sucupira do Riachão,5519
2111953,2015,Sucupira do Riachão,5537
2111953,2016,Sucupira do Riachão,5556
2111953,2017,Sucupira do Riachão,5571
2111953,2018,Sucupira do Riachão,5645
2111953,2019,Sucupira do Riachão,5660
2111953,2020,Sucupira do Riachão,5676
2111953,2021,Sucupira do Riachão,5692
2111953,2022,Sucupira do Riachão,5491
2111953,2023,Sucupira do Riachão,5289
2111953,2024,Sucupira do Riachão,5088
2111953,2025,Sucupira do Riachão,5081
2111953,2026,Sucupira do Riachão,5081
2110401,2008,São Benedito do Rio Preto,17704
2110401,2009,São Benedito do Rio Preto,17818
2110401,2010,São Benedito do Rio Preto,17861
2110401,2011,São Benedito do Rio Preto,17904
2110401,2012,São Benedito do Rio Preto,18004
2110401,2013,São Benedito do Rio Preto,18118
2110401,2014,São Benedito do Rio Preto,18189
2110401,2015,São Benedito do Rio Preto,18256
2110401,2016,São Benedito do Rio Preto,18319
2110401,2017,São Benedito do Rio Preto,18377
2110401,2018,São Benedito do Rio Preto,18608
2110401,2019,São Benedito do Rio Preto,18663
2110401,2020,São Benedito do Rio Preto,18717
2110401,2021,São Benedito do Rio Preto,18769
2110401,2022,São Benedito do Rio Preto,18777
2110401,2023,São Benedito do Rio Preto,18785
2110401,2024,São Benedito do Rio Preto,18793
2110401,2025,São Benedito do Rio Preto,18810
2110401,2026,São Benedito do Rio Preto,18810
2110500,2008,São Bento,38645
2110500,2009,São Bento,39312
2110500,2010,São Bento,40366
2110500,2011,São Bento,41421
2110500,2012,São Bento,42083
2110500,2013,São Bento,42867
2110500,2014,São Bento,43447
2110500,2015,São Bento,45044
2110500,2016,São Bento,45560
2110500,2017,São Bento,46039
2110500,2018,São Bento,44811
2110500,2019,São Bento,45211
2110500,2020,São Bento,45604
2110500,2021,São Bento,45989
2110500,2022,São Bento,46671
2110500,2023,São Bento,47354
2110500,2024,São Bento,48036
2110500,2025,São Bento,48166
2110500,2026,São Bento,48166
2110609,2008,São Bernardo,26273
2110609,2009,São Bernardo,26615
2110609,2010,São Bernardo,26690
2110609,2011,São Bernardo,26765
2110609,2012,São Bernardo,27044
2110609,2013,São Bernardo,27369
2110609,2014,São Bernardo,27599
2110609,2015,São Bernardo,27817
2110609,2016,São Bernardo,28020
2110609,2017,São Bernardo,28208
2110609,2018,São Bernardo,28343
2110609,2019,São Bernardo,28507
2110609,2020,São Bernardo,28667
2110609,2021,São Bernardo,28825
2110609,2022,São Bernardo,28512
2110609,2023,São Bernardo,28200
2110609,2024,São Bernardo,27887
2110609,2025,São Bernardo,27910
2110609,2026,São Bernardo,27910
2110658,2008,São Domingos do Azeitão,7168
2110658,2009,São Domingos do Azeitão,7252
2110658,2010,São Domingos do Azeitão,7144
2110658,2011,São Domingos do Azeitão,7037
2110658,2012,São Domingos do Azeitão,7088
2110658,2013,São Domingos do Azeitão,7147
2110658,2014,São Domingos do Azeitão,7187
2110658,2015,São Domingos do Azeitão,7224
2110658,2016,São Domingos do Azeitão,7259
2110658,2017,São Domingos do Azeitão,7291
2110658,2018,São Domingos do Azeitão,7363
2110658,2019,São Domingos do Azeitão,7392
2110658,2020,São Domingos do Azeitão,7420
2110658,2021,São Domingos do Azeitão,7448
2110658,2022,São Domingos do Azeitão,7703
2110658,2023,São Domingos do Azeitão,7958
2110658,2024,São Domingos do Azeitão,8213
2110658,2025,São Domingos do Azeitão,8236
2110658,2026,São Domingos do Azeitão,8236
2110708,2008,São Domingos do Maranhão,33491
2110708,2009,São Domingos do Maranhão,33506
2110708,2010,São Domingos do Maranhão,33578
2110708,2011,São Domingos do Maranhão,33650
2110708,2012,São Domingos do Maranhão,33692
2110708,2013,São Domingos do Maranhão,33725
2110708,2014,São Domingos do Maranhão,33716
2110708,2015,São Domingos do Maranhão,33707
2110708,2016,São Domingos do Maranhão,33699
2110708,2017,São Domingos do Maranhão,33691
2110708,2018,São Domingos do Maranhão,34368
2110708,2019,São Domingos do Maranhão,34376
2110708,2020,São Domingos do Maranhão,34384
2110708,2021,São Domingos do Maranhão,34391
2110708,2022,São Domingos do Maranhão,34668
2110708,2023,São Domingos do Maranhão,34944
2110708,2024,São Domingos do Maranhão,35221
2110708,2025,São Domingos do Maranhão,35247
2110708,2026,São Domingos do Maranhão,35247
2110856,2008,São Francisco do Brejão,8702
2110856,2009,São Francisco do Brejão,8863
2110856,2010,São Francisco do Brejão,9685
2110856,2011,São Francisco do Brejão,10507
2110856,2012,São Francisco do Brejão,10745
2110856,2013,São Francisco do Brejão,11027
2110856,2014,São Francisco do Brejão,11242
2110856,2015,São Francisco do Brejão,11444
2110856,2016,São Francisco do Brejão,11633
2110856,2017,São Francisco do Brejão,11808
2110856,2018,São Francisco do Brejão,11652
2110856,2019,São Francisco do Brejão,11798
2110856,2020,São Francisco do Brejão,11941
2110856,2021,São Francisco do Brejão,12082
2110856,2022,São Francisco do Brejão,11129
2110856,2023,São Francisco do Brejão,10175
2110856,2024,São Francisco do Brejão,9222
2110856,2025,São Francisco do Brejão,9202
2110856,2026,São Francisco do Brejão,9202
2110906,2008,São Francisco do Maranhão,14632
2110906,2009,São Francisco do Maranhão,14801
2110906,2010,São Francisco do Maranhão,13354
2110906,2011,São Francisco do Maranhão,11908
2110906,2012,São Francisco do Maranhão,11932
2110906,2013,São Francisco do Maranhão,11955
2110906,2014,São Francisco do Maranhão,11961
2110906,2015,São Francisco do Maranhão,11966
2110906,2016,São Francisco do Maranhão,11971
2110906,2017,São Francisco do Maranhão,11976
2110906,2018,São Francisco do Maranhão,12201
2110906,2019,São Francisco do Maranhão,12210
2110906,2020,São Francisco do Maranhão,12218
2110906,2021,São Francisco do Maranhão,12226
2110906,2022,São Francisco do Maranhão,12268
2110906,2023,São Francisco do Maranhão,12311
2110906,2024,São Francisco do Maranhão,12353
2110906,2025,São Francisco do Maranhão,12360
2110906,2026,São Francisco do Maranhão,12360
2110807,2008,São Félix de Balsas,4511
2110807,2009,São Félix de Balsas,4442
2110807,2010,São Félix de Balsas,4556
2110807,2011,São Félix de Balsas,4669
2110807,2012,São Félix de Balsas,4636
2110807,2013,São Félix de Balsas,4593
2110807,2014,São Félix de Balsas,4554
2110807,2015,São Félix de Balsas,4518
2110807,2016,São Félix de Balsas,4484
2110807,2017,São Félix de Balsas,4453
2110807,2018,São Félix de Balsas,4609
2110807,2019,São Félix de Balsas,4585
2110807,2020,São Félix de Balsas,4562
2110807,2021,São Félix de Balsas,4540
2110807,2022,São Félix de Balsas,4525
2110807,2023,São Félix de Balsas,4510
2110807,2024,São Félix de Balsas,4495
2110807,2025,São Félix de Balsas,4491
2110807,2026,São Félix de Balsas,4491
2111201,2008,São José de Ribamar,135821
2111201,2009,São José de Ribamar,139473
2111201,2010,São José de Ribamar,152446
2111201,2011,São José de Ribamar,165418
2111201,2012,São José de Ribamar,167714
2111201,2013,São José de Ribamar,170423
2111201,2014,São José de Ribamar,172402
2111201,2015,São José de Ribamar,174267
2111201,2016,São José de Ribamar,176008
2111201,2017,São José de Ribamar,176418
2111201,2018,São José de Ribamar,176321
2111201,2019,São José de Ribamar,177687
2111201,2020,São José de Ribamar,179028
2111201,2021,São José de Ribamar,180345
2111201,2022,São José de Ribamar,206035
2111201,2023,São José de Ribamar,231724
2111201,2024,São José de Ribamar,257414
2111201,2025,São José de Ribamar,259164
2111201,2026,São José de Ribamar,259164
2111250,2008,São José dos Basílios,7490
2111250,2009,São José dos Basílios,7489
2111250,2010,São José dos Basílios,7495
2111250,2011,São José dos Basílios,7501
2111250,2012,São José dos Basílios,7506
2111250,2013,São José dos Basílios,7507
2111250,2014,São José dos Basílios,7501
2111250,2015,São José dos Basílios,7495
2111250,2016,São José dos Basílios,7489
2111250,2017,São José dos Basílios,7484
2111250,2018,São José dos Basílios,7642
2111250,2019,São José dos Basílios,7641
2111250,2020,São José dos Basílios,7640
2111250,2021,São José dos Basílios,7639
2111250,2022,São José dos Basílios,7460
2111250,2023,São José dos Basílios,7281
2111250,2024,São José dos Basílios,7102
2111250,2025,São José dos Basílios,7094
2111250,2026,São José dos Basílios,7094
2111003,2008,São João Batista,18617
2111003,2009,São João Batista,18570
2111003,2010,São João Batista,19284
2111003,2011,São João Batista,19997
2111003,2012,São João Batista,20072
2111003,2013,São João Batista,20152
2111003,2014,São João Batista,20195
2111003,2015,São João Batista,20235
2111003,2016,São João Batista,20272
2111003,2017,São João Batista,20307
2111003,2018,São João Batista,20629
2111003,2019,São João Batista,20665
2111003,2020,São João Batista,20701
2111003,2021,São João Batista,20736
2111003,2022,São João Batista,20127
2111003,2023,São João Batista,19518
2111003,2024,São João Batista,18909
2111003,2025,São João Batista,18889
2111003,2026,São João Batista,18889
2111029,2008,São João do Carú,12613
2111029,2009,São João do Carú,12511
2111029,2010,São João do Carú,14080
2111029,2011,São João do Carú,15649
2111029,2012,São João do Carú,15631
2111029,2013,São João do Carú,15599
2111029,2014,São João do Carú,15558
2111029,2015,São João do Carú,15520
2111029,2016,São João do Carú,15483
2111029,2017,São João do Carú,15450
2111029,2018,São João do Carú,15828
2111029,2019,São João do Carú,15808
2111029,2020,São João do Carú,15787
2111029,2021,São João do Carú,15768
2111029,2022,São João do Carú,14652
2111029,2023,São João do Carú,13537
2111029,2024,São João do Carú,12421
2111029,2025,São João do Carú,12360
2111029,2026,São João do Carú,12360
2111052,2008,São João do Paraíso,11611
2111052,2009,São João do Paraíso,11729
2111052,2010,São João do Paraíso,11289
2111052,2011,São João do Paraíso,10849
2111052,2012,São João do Paraíso,10882
2111052,2013,São João do Paraíso,10917
2111052,2014,São João do Paraíso,10933
2111052,2015,São João do Paraíso,10949
2111052,2016,São João do Paraíso,10963
2111052,2017,São João do Paraíso,10977
2111052,2018,São João do Paraíso,11162
2111052,2019,São João do Paraíso,11177
2111052,2020,São João do Paraíso,11193
2111052,2021,São João do Paraíso,11207
2111052,2022,São João do Paraíso,10840
2111052,2023,São João do Paraíso,10472
2111052,2024,São João do Paraíso,10105
2111052,2025,São João do Paraíso,10091
2111052,2026,São João do Paraíso,10091
2111078,2008,São João do Soter,17108
2111078,2009,São João do Soter,17326
2111078,2010,São João do Soter,17374
2111078,2011,São João do Soter,17423
2111078,2012,São João do Soter,17602
2111078,2013,São João do Soter,17809
2111078,2014,São João do Soter,17956
2111078,2015,São João do Soter,18095
2111078,2016,São João do Soter,18225
2111078,2017,São João do Soter,18345
2111078,2018,São João do Soter,18438
2111078,2019,São João do Soter,18543
2111078,2020,São João do Soter,18645
2111078,2021,São João do Soter,18746
2111078,2022,São João do Soter,18249
2111078,2023,São João do Soter,17751
2111078,2024,São João do Soter,17254
2111078,2025,São João do Soter,17253
2111078,2026,São João do Soter,17253
2111102,2008,São João dos Patos,24267
2111102,2009,São João dos Patos,24357
2111102,2010,São João dos Patos,24642
2111102,2011,São João dos Patos,24927
2111102,2012,São João dos Patos,25056
2111102,2013,São João dos Patos,25199
2111102,2014,São João dos Patos,25287
2111102,2015,São João dos Patos,25371
2111102,2016,São João dos Patos,25448
2111102,2017,São João dos Patos,25520
2111102,2018,São João dos Patos,25860
2111102,2019,São João dos Patos,25929
2111102,2020,São João dos Patos,25996
2111102,2021,São João dos Patos,26063
2111102,2022,São João dos Patos,26006
2111102,2023,São João dos Patos,25948
2111102,2024,São João dos Patos,25891
2111102,2025,São João dos Patos,25910
2111102,2026,São João dos Patos,25910
2111300,2008,São Luís,986825
2111300,2009,São Luís,997098
2111300,2010,São Luís,1012264
2111300,2011,São Luís,1027430
2111300,2012,São Luís,1039610
2111300,2013,São Luís,1053922
2111300,2014,São Luís,1064197
2111300,2015,São Luís,1073893
2111300,2016,São Luís,1082935
2111300,2017,São Luís,1091868
2111300,2018,São Luís,1094667
2111300,2019,São Luís,1101884
2111300,2020,São Luís,1108975
2111300,2021,São Luís,1115932
2111300,2022,São Luís,1106640
2111300,2023,São Luís,1097349
2111300,2024,São Luís,1088057
2111300,2025,São Luís,1089215
2111300,2026,São Luís,1089215
2111409,2008,São Luís Gonzaga do Maranhão,20163
2111409,2009,São Luís Gonzaga do Maranhão,19877
2111409,2010,São Luís Gonzaga do Maranhão,19914
2111409,2011,São Luís Gonzaga do Maranhão,19952
2111409,2012,São Luís Gonzaga do Maranhão,19758
2111409,2013,São Luís Gonzaga do Maranhão,19510
2111409,2014,São Luís Gonzaga do Maranhão,18807
2111409,2015,São Luís Gonzaga do Maranhão,18607
2111409,2016,São Luís Gonzaga do Maranhão,18421
2111409,2017,São Luís Gonzaga do Maranhão,18247
2111409,2018,São Luís Gonzaga do Maranhão,18988
2111409,2019,São Luís Gonzaga do Maranhão,18856
2111409,2020,São Luís Gonzaga do Maranhão,18727
2111409,2021,São Luís Gonzaga do Maranhão,18600
2111409,2022,São Luís Gonzaga do Maranhão,18451
2111409,2023,São Luís Gonzaga do Maranhão,18302
2111409,2024,São Luís Gonzaga do Maranhão,18153
2111409,2025,São Luís Gonzaga do Maranhão,18123
2111409,2026,São Luís Gonzaga do Maranhão,18123
2111508,2008,São Mateus do Maranhão,39210
2111508,2009,São Mateus do Maranhão,39622
2111508,2010,São Mateus do Maranhão,39520
2111508,2011,São Mateus do Maranhão,39418
2111508,2012,São Mateus do Maranhão,39733
2111508,2013,São Mateus do Maranhão,40095
2111508,2014,São Mateus do Maranhão,40341
2111508,2015,São Mateus do Maranhão,40574
2111508,2016,São Mateus do Maranhão,40791
2111508,2017,São Mateus do Maranhão,40992
2111508,2018,São Mateus do Maranhão,41350
2111508,2019,São Mateus do Maranhão,41529
2111508,2020,São Mateus do Maranhão,41579
2111508,2021,São Mateus do Maranhão,41750
2111508,2022,São Mateus do Maranhão,41220
2111508,2023,São Mateus do Maranhão,40690
2111508,2024,São Mateus do Maranhão,40160
2111508,2025,São Mateus do Maranhão,40177
2111508,2026,São Mateus do Maranhão,40177
2111532,2008,São Pedro da Água Branca,11439
2111532,2009,São Pedro da Água Branca,11481
2111532,2010,São Pedro da Água Branca,11797
2111532,2011,São Pedro da Água Branca,12113
2111532,2012,São Pedro da Água Branca,12195
2111532,2013,São Pedro da Água Branca,12287
2111532,2014,São Pedro da Água Branca,12349
2111532,2015,São Pedro da Água Branca,12407
2111532,2016,São Pedro da Água Branca,12461
2111532,2017,São Pedro da Água Branca,12511
2111532,2018,São Pedro da Água Branca,12645
2111532,2019,São Pedro da Água Branca,12690
2111532,2020,São Pedro da Água Branca,12735
2111532,2021,São Pedro da Água Branca,12779
2111532,2022,São Pedro da Água Branca,13431
2111532,2023,São Pedro da Água Branca,14084
2111532,2024,São Pedro da Água Branca,14736
2111532,2025,São Pedro da Água Branca,14786
2111532,2026,São Pedro da Água Branca,14786
2111573,2008,São Pedro dos Crentes,4136
2111573,2009,São Pedro dos Crentes,4144
2111573,2010,São Pedro dos Crentes,4300
2111573,2011,São Pedro dos Crentes,4456
2111573,2012,São Pedro dos Crentes,4486
2111573,2013,São Pedro dos Crentes,4520
2111573,2014,São Pedro dos Crentes,4542
2111573,2015,São Pedro dos Crentes,4563
2111573,2016,São Pedro dos Crentes,4583
2111573,2017,São Pedro dos Crentes,4601
2111573,2018,São Pedro dos Crentes,4651
2111573,2019,São Pedro dos Crentes,4668
2111573,2020,São Pedro dos Crentes,4684
2111573,2021,São Pedro dos Crentes,4700
2111573,2022,São Pedro dos Crentes,5122
2111573,2023,São Pedro dos Crentes,5543
2111573,2024,São Pedro dos Crentes,5965
2111573,2025,São Pedro dos Crentes,5993
2111573,2026,São Pedro dos Crentes,5993
2111607,2008,São Raimundo das Mangabeiras,16447
2111607,2009,São Raimundo das Mangabeiras,16594
2111607,2010,São Raimundo das Mangabeiras,17134
2111607,2011,São Raimundo das Mangabeiras,17674
2111607,2012,São Raimundo das Mangabeiras,17868
2111607,2013,São Raimundo das Mangabeiras,18093
2111607,2014,São Raimundo das Mangabeiras,18255
2111607,2015,São Raimundo das Mangabeiras,18406
2111607,2016,São Raimundo das Mangabeiras,18548
2111607,2017,São Raimundo das Mangabeiras,18680
2111607,2018,São Raimundo das Mangabeiras,18755
2111607,2019,São Raimundo das Mangabeiras,18868
2111607,2020,São Raimundo das Mangabeiras,18980
2111607,2021,São Raimundo das Mangabeiras,19090
2111607,2022,São Raimundo das Mangabeiras,19103
2111607,2023,São Raimundo das Mangabeiras,19116
2111607,2024,São Raimundo das Mangabeiras,19129
2111607,2025,São Raimundo das Mangabeiras,19158
2111607,2026,São Raimundo das Mangabeiras,19158
2111631,2008,São Raimundo do Doca Bezerra,4590
2111631,2009,São Raimundo do Doca Bezerra,4372
2111631,2010,São Raimundo do Doca Bezerra,5146
2111631,2011,São Raimundo do Doca Bezerra,5921
2111631,2012,São Raimundo do Doca Bezerra,5757
2111631,2013,São Raimundo do Doca Bezerra,5554
2111631,2014,São Raimundo do Doca Bezerra,5387
2111631,2015,São Raimundo do Doca Bezerra,5230
2111631,2016,São Raimundo do Doca Bezerra,5082
2111631,2017,São Raimundo do Doca Bezerra,4946
2111631,2018,São Raimundo do Doca Bezerra,5345
2111631,2019,São Raimundo do Doca Bezerra,5237
2111631,2020,São Raimundo do Doca Bezerra,5131
2111631,2021,São Raimundo do Doca Bezerra,5028
2111631,2022,São Raimundo do Doca Bezerra,5274
2111631,2023,São Raimundo do Doca Bezerra,5521
2111631,2024,São Raimundo do Doca Bezerra,5767
2111631,2025,São Raimundo do Doca Bezerra,5761
2111631,2026,São Raimundo do Doca Bezerra,5761
2111672,2008,São Roberto,5145
2111672,2009,São Roberto,5217
2111672,2010,São Roberto,5647
2111672,2011,São Roberto,6077
2111672,2012,São Roberto,6193
2111672,2013,São Roberto,6329
2111672,2014,São Roberto,6432
2111672,2015,São Roberto,6529
2111672,2016,São Roberto,6620
2111672,2017,São Roberto,6704
2111672,2018,São Roberto,6649
2111672,2019,São Roberto,6719
2111672,2020,São Roberto,6789
2111672,2021,São Roberto,6856
2111672,2022,São Roberto,6105
2111672,2023,São Roberto,5353
2111672,2024,São Roberto,4602
2111672,2025,São Roberto,4577
2111672,2026,São Roberto,4577
2111706,2008,São Vicente Ferrer,20288
2111706,2009,São Vicente Ferrer,20463
2111706,2010,São Vicente Ferrer,20758
2111706,2011,São Vicente Ferrer,21052
2111706,2012,São Vicente Ferrer,21235
2111706,2013,São Vicente Ferrer,21445
2111706,2014,São Vicente Ferrer,21591
2111706,2015,São Vicente Ferrer,20678
2111706,2016,São Vicente Ferrer,20800
2111706,2017,São Vicente Ferrer,20913
2111706,2018,São Vicente Ferrer,22142
2111706,2019,São Vicente Ferrer,22247
2111706,2020,São Vicente Ferrer,22350
2111706,2021,São Vicente Ferrer,22452
2111706,2022,São Vicente Ferrer,21596
2111706,2023,São Vicente Ferrer,20741
2111706,2024,São Vicente Ferrer,19885
2111706,2025,São Vicente Ferrer,19865
2111706,2026,São Vicente Ferrer,19865
2111805,2008,Sítio Novo,16009
2111805,2009,Sítio Novo,16086
2111805,2010,Sítio Novo,16616
2111805,2011,Sítio Novo,17147
2111805,2012,Sítio Novo,17288
2111805,2013,Sítio Novo,17449
2111805,2014,Sítio Novo,17559
2111805,2015,Sítio Novo,17663
2111805,2016,Sítio Novo,17760
2111805,2017,Sítio Novo,17851
2111805,2018,Sítio Novo,18001
2111805,2019,Sítio Novo,18081
2111805,2020,Sítio Novo,18160
2111805,2021,Sítio Novo,18237
2111805,2022,Sítio Novo,17977
2111805,2023,Sítio Novo,17717
2111805,2024,Sítio Novo,17457
2111805,2025,Sítio Novo,17464
2111805,2026,Sítio Novo,17464
2112001,2008,Tasso Fragoso,6850
2112001,2009,Tasso Fragoso,6890
2112001,2010,Tasso Fragoso,7397
2112001,2011,Tasso Fragoso,7904
2112001,2012,Tasso Fragoso,8008
2112001,2013,Tasso Fragoso,8130
2112001,2014,Tasso Fragoso,8219
2112001,2015,Tasso Fragoso,8303
2112001,2016,Tasso Fragoso,8382
2112001,2017,Tasso Fragoso,8455
2112001,2018,Tasso Fragoso,8459
2112001,2019,Tasso Fragoso,8521
2112001,2020,Tasso Fragoso,8582
2112001,2021,Tasso Fragoso,8642
2112001,2022,Tasso Fragoso,8797
2112001,2023,Tasso Fragoso,8951
2112001,2024,Tasso Fragoso,9106
2112001,2025,Tasso Fragoso,9130
2112001,2026,Tasso Fragoso,9130
2112100,2008,Timbiras,26884
2112100,2009,Timbiras,26909
2112100,2010,Timbiras,27514
2112100,2011,Timbiras,28120
2112100,2012,Timbiras,28238
2112100,2013,Timbiras,28368
2112100,2014,Timbiras,28442
2112100,2015,Timbiras,28511
2112100,2016,Timbiras,28575
2112100,2017,Timbiras,28635
2112100,2018,Timbiras,29064
2112100,2019,Timbiras,29124
2112100,2020,Timbiras,29183
2112100,2021,Timbiras,29241
2112100,2022,Timbiras,28609
2112100,2023,Timbiras,27976
2112100,2024,Timbiras,27344
2112100,2025,Timbiras,27328
2112100,2026,Timbiras,27328
2112209,2008,Timon,148804
2112209,2009,Timon,150635
2112209,2010,Timon,154036
2112209,2011,Timon,157438
2112209,2012,Timon,159471
2112209,2013,Timon,161721
2112209,2014,Timon,163342
2112209,2015,Timon,164869
2112209,2016,Timon,166295
2112209,2017,Timon,167619
2112209,2018,Timon,167973
2112209,2019,Timon,169107
2112209,2020,Timon,170222
2112209,2021,Timon,171317
2112209,2022,Timon,174958
2112209,2023,Timon,178600
2112209,2024,Timon,182241
2112209,2025,Timon,182711
2112209,2026,Timon,182711
2112233,2008,Trizidela do Vale,18867
2112233,2009,Trizidela do Vale,19104
2112233,2010,Trizidela do Vale,19126
2112233,2011,Trizidela do Vale,19149
2112233,2012,Trizidela do Vale,19339
2112233,2013,Trizidela do Vale,19559
2112233,2014,Trizidela do Vale,20747
2112233,2015,Trizidela do Vale,20891
2112233,2016,Trizidela do Vale,21028
2112233,2017,Trizidela do Vale,21749
2112233,2018,Trizidela do Vale,21885
2112233,2019,Trizidela do Vale,21998
2112233,2020,Trizidela do Vale,22112
2112233,2021,Trizidela do Vale,22223
2112233,2022,Trizidela do Vale,22499
2112233,2023,Trizidela do Vale,22776
2112233,2024,Trizidela do Vale,23052
2112233,2025,Trizidela do Vale,23097
2112233,2026,Trizidela do Vale,23097
2112274,2008,Tufilândia,5677
2112274,2009,Tufilândia,5687
2112274,2010,Tufilândia,5656
2112274,2011,Tufilândia,5624
2112274,2012,Tufilândia,5651
2112274,2013,Tufilândia,5681
2112274,2014,Tufilândia,5699
2112274,2015,Tufilândia,5716
2112274,2016,Tufilândia,5731
2112274,2017,Tufilândia,5746
2112274,2018,Tufilândia,5826
2112274,2019,Tufilândia,5840
2112274,2020,Tufilândia,5854
2112274,2021,Tufilândia,5868
2112274,2022,Tufilândia,5790
2112274,2023,Tufilândia,5711
2112274,2024,Tufilândia,5633
2112274,2025,Tufilândia,5633
2112274,2026,Tufilândia,5633
2112308,2008,Tuntum,39041
2112308,2009,Tuntum,39380
2112308,2010,Tuntum,39470
2112308,2011,Tuntum,39560
2112308,2012,Tuntum,39924
2112308,2013,Tuntum,40273
2112308,2014,Tuntum,40566
2112308,2015,Tuntum,40844
2112308,2016,Tuntum,41102
2112308,2017,Tuntum,41342
2112308,2018,Tuntum,41621
2112308,2019,Tuntum,41832
2112308,2020,Tuntum,42040
2112308,2021,Tuntum,42242
2112308,2022,Tuntum,40628
2112308,2023,Tuntum,39015
2112308,2024,Tuntum,37401
2112308,2025,Tuntum,37364
2112308,2026,Tuntum,37364
2112407,2008,Turiaçu,33456
2112407,2009,Turiaçu,33649
2112407,2010,Turiaçu,33892
2112407,2011,Turiaçu,34136
2112407,2012,Turiaçu,34333
2112407,2013,Turiaçu,34554
2112407,2014,Turiaçu,34694
2112407,2015,Turiaçu,34826
2112407,2016,Turiaçu,34949
2112407,2017,Turiaçu,35063
2112407,2018,Turiaçu,35497
2112407,2019,Turiaçu,35604
2112407,2020,Turiaçu,35709
2112407,2021,Turiaçu,35811
2112407,2022,Turiaçu,36842
2112407,2023,Turiaçu,37874
2112407,2024,Turiaçu,38905
2112407,2025,Turiaçu,38993
2112407,2026,Turiaçu,38993
2112456,2008,Turilândia,20758
2112456,2009,Turilândia,21102
2112456,2010,Turilândia,22190
2112456,2011,Turilândia,23277
2112456,2012,Turilândia,23694
2112456,2013,Turilândia,24190
2112456,2014,Turilândia,24559
2112456,2015,Turilândia,24907
2112456,2016,Turilândia,25232
2112456,2017,Turilândia,25533
2112456,2018,Turilândia,25365
2112456,2019,Turilândia,25619
2112456,2020,Turilândia,25868
2112456,2021,Turilândia,26112
2112456,2022,Turilândia,28419
2112456,2023,Turilândia,30725
2112456,2024,Turilândia,33032
2112456,2025,Turilândia,33219
2112456,2026,Turilândia,33219
2112506,2008,Tutóia,47733
2112506,2009,Tutóia,48424
2112506,2010,Tutóia,51074
2112506,2011,Tutóia,53724
2112506,2012,Tutóia,54629
2112506,2013,Tutóia,55705
2112506,2014,Tutóia,56501
2112506,2015,Tutóia,57253
2112506,2016,Tutóia,57955
2112506,2017,Tutóia,58605
2112506,2018,Tutóia,58311
2112506,2019,Tutóia,58860
2112506,2020,Tutóia,59398
2112506,2021,Tutóia,59927
2112506,2022,Tutóia,58298
2112506,2023,Tutóia,56670
2112506,2024,Tutóia,55041
2112506,2025,Tutóia,55076
2112506,2026,Tutóia,55076
2112605,2008,Urbano Santos,22459
2112605,2009,Urbano Santos,22938
2112605,2010,Urbano Santos,24023
2112605,2011,Urbano Santos,25108
2112605,2012,Urbano Santos,25356
2112605,2013,Urbano Santos,31335
2112605,2014,Urbano Santos,31840
2112605,2015,Urbano Santos,32316
2112605,2016,Urbano Santos,32629
2112605,2017,Urbano Santos,33038
2112605,2018,Urbano Santos,32775
2112605,2019,Urbano Santos,33122
2112605,2020,Urbano Santos,33459
2112605,2021,Urbano Santos,33791
2112605,2022,Urbano Santos,33881
2112605,2023,Urbano Santos,33970
2112605,2024,Urbano Santos,34060
2112605,2025,Urbano Santos,34143
2112605,2026,Urbano Santos,34143
2112704,2008,Vargem Grande,44648
2112704,2009,Vargem Grande,45630
2112704,2010,Vargem Grande,48086
2112704,2011,Vargem Grande,50541
2112704,2012,Vargem Grande,51633
2112704,2013,Vargem Grande,52937
2112704,2014,Vargem Grande,53918
2112704,2015,Vargem Grande,54845
2112704,2016,Vargem Grande,55710
2112704,2017,Vargem Grande,56511
2112704,2018,Vargem Grande,55841
2112704,2019,Vargem Grande,56510
2112704,2020,Vargem Grande,57168
2112704,2021,Vargem Grande,57813
2112704,2022,Vargem Grande,53389
2112704,2023,Vargem Grande,48964
2112704,2024,Vargem Grande,44540
2112704,2025,Vargem Grande,44444
2112704,2026,Vargem Grande,44444
2112803,2008,Viana,48907
2112803,2009,Viana,49348
2112803,2010,Viana,49616
2112803,2011,Viana,49883
2112803,2012,Viana,50257
2112803,2013,Viana,50687
2112803,2014,Viana,50976
2112803,2015,Viana,51249
2112803,2016,Viana,51503
2112803,2017,Viana,51738
2112803,2018,Viana,52229
2112803,2019,Viana,52441
2112803,2020,Viana,52649
2112803,2021,Viana,52852
2112803,2022,Viana,52940
2112803,2023,Viana,53027
2112803,2024,Viana,53115
2112803,2025,Viana,53176
2112803,2026,Viana,53176
2112852,2008,Vila Nova dos Martírios,8961
2112852,2009,Vila Nova dos Martírios,9185
2112852,2010,Vila Nova dos Martírios,10396
2112852,2011,Vila Nova dos Martírios,11608
2112852,2012,Vila Nova dos Martírios,11946
2112852,2013,Vila Nova dos Martírios,12352
2112852,2014,Vila Nova dos Martírios,12661
2112852,2015,Vila Nova dos Martírios,12954
2112852,2016,Vila Nova dos Martírios,13227
2112852,2017,Vila Nova dos Martírios,13480
2112852,2018,Vila Nova dos Martírios,13183
2112852,2019,Vila Nova dos Martírios,13392
2112852,2020,Vila Nova dos Martírios,13598
2112852,2021,Vila Nova dos Martírios,13800
2112852,2022,Vila Nova dos Martírios,12725
2112852,2023,Vila Nova dos Martírios,11650
2112852,2024,Vila Nova dos Martírios,10575
2112852,2025,Vila Nova dos Martírios,10561
2112852,2026,Vila Nova dos Martírios,10561
2113009,2008,Vitorino Freire,31107
2113009,2009,Vitorino Freire,31144
2113009,2010,Vitorino Freire,31414
2113009,2011,Vitorino Freire,31684
2113009,2012,Vitorino Freire,31709
2113009,2013,Vitorino Freire,30959
2113009,2014,Vitorino Freire,30937
2113009,2015,Vitorino Freire,30917
2113009,2016,Vitorino Freire,30897
2113009,2017,Vitorino Freire,30879
2113009,2018,Vitorino Freire,31525
2113009,2019,Vitorino Freire,31523
2113009,2020,Vitorino Freire,31522
2113009,2021,Vitorino Freire,31520
2113009,2022,Vitorino Freire,31649
2113009,2023,Vitorino Freire,31777
2113009,2024,Vitorino Freire,31906
2113009,2025,Vitorino Freire,31920
2113009,2026,Vitorino Freire,31920
2112902,2008,Vitória do Mearim,31851
2112902,2009,Vitória do Mearim,32018
2112902,2010,Vitória do Mearim,31712
2112902,2011,Vitória do Mearim,31406
2112902,2012,Vitória do Mearim,31588
2112902,2013,Vitória do Mearim,31793
2112902,2014,Vitória do Mearim,31923
2112902,2015,Vitória do Mearim,32046
2112902,2016,Vitória do Mearim,32161
2112902,2017,Vitória do Mearim,32267
2112902,2018,Vitória do Mearim,32664
2112902,2019,Vitória do Mearim,32764
2112902,2020,Vitória do Mearim,32861
2112902,2021,Vitória do Mearim,32956
2112902,2022,Vitória do Mearim,32588
2112902,2023,Vitória do Mearim,32219
2112902,2024,Vitória do Mearim,31851
2112902,2025,Vitória do Mearim,31859
2112902,2026,Vitória do Mearim,31859
2114007,2008,Zé Doca,46290
2114007,2009,Zé Doca,46265
2114007,2010,Zé Doca,48940
2114007,2011,Zé Doca,51615
2114007,2012,Zé Doca,49355
2114007,2013,Zé Doca,49848
2114007,2014,Zé Doca,50190
2114007,2015,Zé Doca,50507
2114007,2016,Zé Doca,50806
2114007,2017,Zé Doca,51084
2114007,2018,Zé Doca,51471
2114007,2019,Zé Doca,51714
2114007,2020,Zé Doca,51956
2114007,2021,Zé Doca,52190
2114007,2022,Zé Doca,48774
2114007,2023,Zé Doca,45359
2114007,2024,Zé Doca,41943
2114007,2025,Zé Doca,41815
2114007,2026,Zé Doca,41815
2100154,2008,Água Doce do Maranhão,12213
2100154,2009,Água Doce do Maranhão,12460
2100154,2010,Água Doce do Maranhão,12093
2100154,2011,Água Doce do Maranhão,11726
2100154,2012,Água Doce do Maranhão,11865
2100154,2013,Água Doce do Maranhão,12028
2100154,2014,Água Doce do Maranhão,12146
2100154,2015,Água Doce do Maranhão,12257
2100154,2016,Água Doce do Maranhão,12360
2100154,2017,Água Doce do Maranhão,12457
2100154,2018,Água Doce do Maranhão,12488
2100154,2019,Água Doce do Maranhão,12571
2100154,2020,Água Doce do Maranhão,12652
2100154,2021,Água Doce do Maranhão,12731
2100154,2022,Água Doce do Maranhão,12636
2100154,2023,Água Doce do Maranhão,12541
2100154,2024,Água Doce do Maranhão,12446
2100154,2025,Água Doce do Maranhão,12461
2100154,2026,Água Doce do Maranhão,12461
