cod6,ano,faixa,obitos_a00a09,obitos_mal_definidos,obitos_total
210005,2008,0a4,3,0,44
210005,2008,20a59,0,8,147
210005,2008,5a19,0,0,38
210005,2008,60mais,3,11,213
210005,2009,0a4,1,1,46
210005,2009,20a59,1,8,188
210005,2009,5a19,0,2,15
210005,2009,60mais,3,14,217
210005,2010,0a4,3,0,35
210005,2010,20a59,0,3,192
210005,2010,5a19,0,0,17
210005,2010,60mais,1,9,195
210005,2011,0a4,1,2,41
210005,2011,20a59,0,5,155
210005,2011,5a19,0,0,14
210005,2011,60mais,1,16,245
210005,2012,0a4,0,0,23
210005,2012,20a59,0,4,180
210005,2012,5a19,0,1,20
210005,2012,60mais,3,12,231
210005,2013,0a4,1,0,42
210005,2013,20a59,0,3,180
210005,2013,5a19,0,0,20
210005,2013,60mais,2,12,233
210005,2014,0a4,0,0,41
210005,2014,20a59,1,3,186
210005,2014,5a19,0,0,8
210005,2014,60mais,1,15,253
210005,2015,0a4,0,1,42
210005,2015,20a59,0,7,179
210005,2015,5a19,0,0,16
210005,2015,60mais,2,10,310
210005,2016,0a4,2,2,42
210005,2016,20a59,0,3,188
210005,2016,5a19,0,0,24
210005,2016,60mais,0,1,310
210005,2017,0a4,0,2,33
210005,2017,20a59,0,5,214
210005,2017,5a19,0,0,22
210005,2017,60mais,0,9,335
210005,2018,0a4,1,2,34
210005,2018,20a59,0,2,164
210005,2018,5a19,0,0,14
210005,2018,60mais,0,7,307
210005,2019,0a4,1,0,24
210005,2019,20a59,0,4,195
210005,2019,5a19,1,0,14
210005,2019,60mais,0,5,367
210005,2020,0a4,0,0,26
210005,2020,20a59,1,8,242
210005,2020,5a19,0,0,17
210005,2020,60mais,1,8,490
210005,2021,0a4,0,2,23
210005,2021,20a59,1,5,279
210005,2021,5a19,0,0,13
210005,2021,60mais,1,7,485
210005,2022,0a4,1,0,30
210005,2022,20a59,0,10,209
210005,2022,5a19,0,1,18
210005,2022,60mais,0,4,422
210005,2023,0a4,0,0,22
210005,2023,20a59,3,7,216
210005,2023,5a19,0,0,17
210005,2023,60mais,5,6,397
210005,2024,0a4,1,0,19
210005,2024,20a59,1,5,230
210005,2024,5a19,0,1,12
210005,2024,60mais,6,6,408
210010,2008,0a4,0,2,2
210010,2008,20a59,0,2,4
210010,2008,5a19,0,1,1
210010,2008,60mais,0,4,6
210010,2009,0a4,0,1,3
210010,2009,20a59,0,5,5
210010,2009,60mais,0,1,2
210010,2010,0a4,0,2,2
210010,2010,20a59,0,2,5
210010,2010,5a19,0,0,1
210010,2010,60mais,0,12,13
210010,2011,0a4,0,0,3
210010,2011,20a59,0,2,6
210010,2011,60mais,0,6,8
210010,2012,0a4,0,0,1
210010,2012,20a59,0,3,9
210010,2012,5a19,0,1,1
210010,2012,60mais,0,4,5
210010,2013,0a4,0,0,2
210010,2013,20a59,0,2,6
210010,2013,60mais,0,2,18
210010,2014,0a4,0,1,3
210010,2014,20a59,0,1,8
210010,2014,5a19,0,0,1
210010,2014,60mais,0,1,11
210010,2015,0a4,0,0,4
210010,2015,20a59,0,0,9
210010,2015,5a19,0,0,2
210010,2015,60mais,0,0,17
210010,2016,0a4,0,0,1
210010,2016,20a59,0,0,7
210010,2016,5a19,0,0,2
210010,2016,60mais,0,0,16
210010,2017,0a4,0,1,8
210010,2017,20a59,0,2,12
210010,2017,5a19,0,0,2
210010,2017,60mais,0,2,14
210010,2018,0a4,0,0,2
210010,2018,20a59,0,1,13
210010,2018,60mais,0,0,14
210010,2019,20a59,0,0,5
210010,2019,5a19,0,0,2
210010,2019,60mais,0,1,12
210010,2020,0a4,0,0,1
210010,2020,20a59,0,1,6
210010,2020,60mais,0,2,15
210010,2021,0a4,0,0,1
210010,2021,20a59,1,0,7
210010,2021,60mais,0,1,13
210010,2022,0a4,0,0,1
210010,2022,20a59,0,1,6
210010,2022,5a19,0,0,1
210010,2022,60mais,0,4,12
210010,2023,20a59,0,2,8
210010,2023,5a19,0,0,1
210010,2023,60mais,0,2,16
210010,2024,0a4,0,0,3
210010,2024,20a59,1,0,8
210010,2024,5a19,0,0,2
210010,2024,60mais,0,5,22
210015,2008,0a4,0,1,2
210015,2008,20a59,0,2,6
210015,2008,5a19,0,0,1
210015,2008,60mais,0,2,30
210015,2009,0a4,0,0,3
210015,2009,20a59,0,0,8
210015,2009,60mais,0,1,19
210015,2010,0a4,0,0,2
210015,2010,20a59,0,0,11
210015,2010,60mais,0,2,32
210015,2011,0a4,0,0,4
210015,2011,20a59,0,1,9
210015,2011,5a19,0,0,2
210015,2011,60mais,0,3,27
210015,2012,0a4,0,0,1
210015,2012,20a59,0,1,6
210015,2012,5a19,0,0,2
210015,2012,60mais,0,6,13
210015,2013,0a4,0,0,1
210015,2013,20a59,0,0,5
210015,2013,60mais,0,1,27
210015,2014,0a4,0,0,2
210015,2014,20a59,0,0,10
210015,2014,5a19,0,0,1
210015,2014,60mais,0,0,23
210015,2015,0a4,0,0,3
210015,2015,20a59,0,3,22
210015,2015,5a19,0,1,5
210015,2015,60mais,0,3,39
210015,2016,0a4,0,0,1
210015,2016,20a59,0,1,16
210015,2016,60mais,0,3,42
210015,2017,0a4,0,0,3
210015,2017,20a59,0,2,14
210015,2017,60mais,0,5,29
210015,2018,0a4,0,1,4
210015,2018,20a59,0,3,14
210015,2018,5a19,0,0,2
210015,2018,60mais,0,6,35
210015,2019,0a4,0,0,2
210015,2019,20a59,0,1,6
210015,2019,5a19,0,1,1
210015,2019,60mais,0,9,34
210015,2020,20a59,0,2,13
210015,2020,5a19,0,0,2
210015,2020,60mais,0,12,49
210015,2021,0a4,0,0,3
210015,2021,20a59,0,4,15
210015,2021,60mais,0,5,28
210015,2022,0a4,0,0,2
210015,2022,20a59,0,3,14
210015,2022,5a19,0,0,2
210015,2022,60mais,0,8,60
210015,2023,0a4,0,0,2
210015,2023,20a59,0,2,11
210015,2023,5a19,0,0,2
210015,2023,60mais,1,5,40
210015,2024,0a4,0,0,5
210015,2024,20a59,0,1,14
210015,2024,5a19,1,1,2
210015,2024,60mais,0,7,50
210020,2008,0a4,0,2,8
210020,2008,20a59,0,1,16
210020,2008,5a19,0,2,6
210020,2008,60mais,0,12,54
210020,2009,0a4,0,0,8
210020,2009,20a59,0,1,18
210020,2009,5a19,0,0,3
210020,2009,60mais,1,11,57
210020,2010,0a4,1,1,11
210020,2010,20a59,0,3,20
210020,2010,5a19,0,1,3
210020,2010,60mais,1,14,50
210020,2011,0a4,0,0,2
210020,2011,20a59,0,3,18
210020,2011,5a19,0,1,4
210020,2011,60mais,0,15,37
210020,2012,0a4,0,0,7
210020,2012,20a59,0,4,15
210020,2012,5a19,0,0,1
210020,2012,60mais,1,13,48
210020,2013,0a4,0,0,5
210020,2013,20a59,0,7,29
210020,2013,5a19,0,0,3
210020,2013,60mais,0,15,53
210020,2014,0a4,0,0,3
210020,2014,20a59,0,6,24
210020,2014,5a19,0,1,4
210020,2014,60mais,0,9,47
210020,2015,0a4,0,0,6
210020,2015,20a59,0,2,31
210020,2015,5a19,0,0,5
210020,2015,60mais,0,1,38
210020,2016,0a4,0,0,4
210020,2016,20a59,0,3,18
210020,2016,5a19,0,0,2
210020,2016,60mais,0,6,63
210020,2017,0a4,0,0,2
210020,2017,20a59,0,1,19
210020,2017,5a19,0,0,2
210020,2017,60mais,0,10,62
210020,2018,0a4,0,0,3
210020,2018,20a59,0,4,24
210020,2018,5a19,0,2,2
210020,2018,60mais,0,1,71
210020,2019,0a4,0,0,2
210020,2019,20a59,0,4,21
210020,2019,5a19,0,0,1
210020,2019,60mais,0,4,59
210020,2020,0a4,0,0,1
210020,2020,20a59,0,5,29
210020,2020,5a19,0,1,2
210020,2020,60mais,0,2,59
210020,2021,0a4,0,0,4
210020,2021,20a59,0,2,28
210020,2021,5a19,0,0,2
210020,2021,60mais,0,8,76
210020,2022,0a4,0,0,6
210020,2022,20a59,0,2,23
210020,2022,5a19,0,0,2
210020,2022,60mais,0,4,67
210020,2023,0a4,0,0,4
210020,2023,20a59,0,1,24
210020,2023,5a19,0,0,1
210020,2023,60mais,0,5,76
210020,2024,0a4,0,0,3
210020,2024,20a59,0,1,26
210020,2024,5a19,0,0,3
210020,2024,60mais,0,9,73
210030,2008,0a4,0,0,17
210030,2008,20a59,0,4,31
210030,2008,5a19,0,0,3
210030,2008,60mais,1,8,25
210030,2009,0a4,0,0,13
210030,2009,20a59,1,8,29
210030,2009,5a19,0,0,2
210030,2009,60mais,0,12,35
210030,2010,0a4,0,0,9
210030,2010,20a59,0,7,31
210030,2010,5a19,1,1,3
210030,2010,60mais,1,28,53
210030,2011,0a4,0,0,11
210030,2011,20a59,0,6,21
210030,2011,5a19,0,1,2
210030,2011,60mais,0,18,38
210030,2012,0a4,0,0,6
210030,2012,20a59,0,9,28
210030,2012,5a19,0,1,5
210030,2012,60mais,0,33,48
210030,2013,0a4,1,2,11
210030,2013,20a59,1,0,33
210030,2013,5a19,0,0,1
210030,2013,60mais,0,14,42
210030,2014,0a4,0,1,17
210030,2014,20a59,0,6,38
210030,2014,5a19,0,1,2
210030,2014,60mais,0,11,52
210030,2015,0a4,0,1,4
210030,2015,20a59,0,6,38
210030,2015,5a19,0,0,5
210030,2015,60mais,0,16,54
210030,2016,0a4,0,0,7
210030,2016,20a59,0,9,47
210030,2016,5a19,0,0,2
210030,2016,60mais,1,23,64
210030,2017,0a4,0,0,7
210030,2017,20a59,0,5,42
210030,2017,5a19,0,0,6
210030,2017,60mais,0,24,55
210030,2018,0a4,0,0,5
210030,2018,20a59,0,5,29
210030,2018,5a19,0,0,4
210030,2018,60mais,0,5,38
210030,2019,0a4,1,1,17
210030,2019,20a59,0,5,32
210030,2019,60mais,0,9,53
210030,2020,0a4,1,0,5
210030,2020,20a59,0,10,40
210030,2020,5a19,0,0,5
210030,2020,60mais,1,22,81
210030,2021,0a4,1,0,7
210030,2021,20a59,0,7,40
210030,2021,5a19,0,0,4
210030,2021,60mais,1,23,87
210030,2022,0a4,0,1,3
210030,2022,20a59,0,5,26
210030,2022,5a19,0,0,3
210030,2022,60mais,1,12,81
210030,2023,0a4,0,0,6
210030,2023,20a59,1,6,43
210030,2023,5a19,0,0,2
210030,2023,60mais,0,6,65
210030,2024,0a4,0,0,10
210030,2024,20a59,0,3,49
210030,2024,5a19,0,0,2
210030,2024,60mais,3,2,72
210040,2008,0a4,1,1,4
210040,2008,20a59,0,3,8
210040,2008,5a19,0,1,1
210040,2008,60mais,0,7,17
210040,2009,0a4,0,1,3
210040,2009,20a59,0,3,13
210040,2009,5a19,0,0,1
210040,2009,60mais,0,5,14
210040,2010,0a4,0,3,3
210040,2010,20a59,0,5,9
210040,2010,5a19,0,0,2
210040,2010,60mais,0,9,17
210040,2011,0a4,0,1,1
210040,2011,20a59,0,3,13
210040,2011,60mais,0,2,8
210040,2012,0a4,0,0,2
210040,2012,20a59,0,1,4
210040,2012,5a19,0,0,1
210040,2012,60mais,0,1,12
210040,2013,20a59,0,1,10
210040,2013,60mais,0,1,17
210040,2014,0a4,0,0,1
210040,2014,20a59,0,0,7
210040,2014,5a19,0,0,1
210040,2014,60mais,0,1,21
210040,2015,0a4,0,0,3
210040,2015,20a59,0,0,8
210040,2015,60mais,0,1,14
210040,2016,0a4,0,0,1
210040,2016,20a59,0,1,10
210040,2016,5a19,0,0,1
210040,2016,60mais,0,2,18
210040,2017,0a4,0,0,3
210040,2017,20a59,0,1,14
210040,2017,60mais,0,1,18
210040,2018,20a59,0,0,8
210040,2018,60mais,0,0,17
210040,2019,0a4,0,0,1
210040,2019,20a59,0,1,16
210040,2019,5a19,0,0,1
210040,2019,60mais,0,0,19
210040,2020,20a59,0,1,12
210040,2020,5a19,0,0,1
210040,2020,60mais,0,1,21
210040,2021,0a4,0,0,1
210040,2021,20a59,0,0,13
210040,2021,60mais,0,1,23
210040,2022,0a4,0,0,1
210040,2022,20a59,0,0,14
210040,2022,5a19,0,0,1
210040,2022,60mais,1,1,24
210040,2023,20a59,0,0,3
210040,2023,60mais,0,2,13
210040,2024,20a59,0,2,6
210040,2024,5a19,0,0,2
210040,2024,60mais,0,2,18
210043,2008,0a4,2,0,7
210043,2008,20a59,0,2,33
210043,2008,5a19,0,1,6
210043,2008,60mais,1,3,37
210043,2009,0a4,0,0,9
210043,2009,20a59,1,0,38
210043,2009,5a19,0,0,4
210043,2009,60mais,0,0,38
210043,2010,0a4,0,1,6
210043,2010,20a59,0,2,38
210043,2010,5a19,0,0,2
210043,2010,60mais,0,1,38
210043,2011,0a4,0,0,10
210043,2011,20a59,0,7,48
210043,2011,5a19,0,0,3
210043,2011,60mais,0,3,51
210043,2012,0a4,0,0,3
210043,2012,20a59,0,10,47
210043,2012,5a19,0,0,3
210043,2012,60mais,0,6,29
210043,2013,0a4,0,0,10
210043,2013,20a59,0,12,52
210043,2013,5a19,0,0,2
210043,2013,60mais,0,18,62
210043,2014,0a4,0,0,14
210043,2014,20a59,0,1,37
210043,2014,5a19,0,0,5
210043,2014,60mais,0,3,70
210043,2015,0a4,1,0,11
210043,2015,20a59,0,1,43
210043,2015,5a19,0,0,5
210043,2015,60mais,0,1,56
210043,2016,0a4,0,0,8
210043,2016,20a59,0,1,54
210043,2016,5a19,0,0,3
210043,2016,60mais,0,1,69
210043,2017,0a4,0,0,7
210043,2017,20a59,0,2,51
210043,2017,5a19,0,0,6
210043,2017,60mais,0,2,81
210043,2018,0a4,0,0,6
210043,2018,20a59,0,2,40
210043,2018,5a19,0,0,3
210043,2018,60mais,2,5,70
210043,2019,0a4,0,0,3
210043,2019,20a59,0,2,42
210043,2019,5a19,0,0,2
210043,2019,60mais,0,4,92
210043,2020,0a4,0,0,8
210043,2020,20a59,0,3,61
210043,2020,5a19,0,0,5
210043,2020,60mais,0,6,91
210043,2021,0a4,0,0,7
210043,2021,20a59,0,0,57
210043,2021,5a19,0,0,3
210043,2021,60mais,0,8,95
210043,2022,0a4,1,0,7
210043,2022,20a59,0,3,61
210043,2022,5a19,0,1,6
210043,2022,60mais,0,12,90
210043,2023,0a4,0,0,7
210043,2023,20a59,0,2,58
210043,2023,5a19,0,0,4
210043,2023,60mais,0,5,78
210043,2024,0a4,0,0,3
210043,2024,20a59,0,4,64
210043,2024,5a19,0,0,12
210043,2024,60mais,0,8,107
210047,2008,0a4,1,0,10
210047,2008,20a59,1,0,23
210047,2008,5a19,0,0,3
210047,2008,60mais,1,1,52
210047,2009,0a4,2,0,9
210047,2009,20a59,1,0,36
210047,2009,5a19,0,1,3
210047,2009,60mais,0,0,51
210047,2010,0a4,1,1,6
210047,2010,20a59,0,2,35
210047,2010,5a19,0,0,7
210047,2010,60mais,0,2,68
210047,2011,0a4,0,0,11
210047,2011,20a59,0,5,39
210047,2011,5a19,0,0,9
210047,2011,60mais,0,2,77
210047,2012,0a4,0,2,10
210047,2012,20a59,0,2,39
210047,2012,5a19,0,0,6
210047,2012,60mais,0,6,71
210047,2013,0a4,2,1,8
210047,2013,20a59,0,2,37
210047,2013,5a19,0,0,4
210047,2013,60mais,0,4,78
210047,2014,0a4,0,1,7
210047,2014,20a59,0,0,48
210047,2014,5a19,0,0,5
210047,2014,60mais,0,1,74
210047,2015,0a4,0,0,11
210047,2015,20a59,0,2,26
210047,2015,5a19,0,1,7
210047,2015,60mais,0,0,85
210047,2016,0a4,0,0,8
210047,2016,20a59,0,6,38
210047,2016,5a19,0,0,6
210047,2016,60mais,0,3,82
210047,2017,0a4,0,1,7
210047,2017,20a59,0,0,34
210047,2017,5a19,0,1,8
210047,2017,60mais,0,4,110
210047,2018,0a4,0,0,6
210047,2018,20a59,0,5,29
210047,2018,5a19,0,0,6
210047,2018,60mais,1,12,108
210047,2019,0a4,0,1,6
210047,2019,20a59,0,1,37
210047,2019,5a19,0,1,3
210047,2019,60mais,0,3,95
210047,2020,0a4,0,0,9
210047,2020,20a59,0,5,41
210047,2020,5a19,0,1,7
210047,2020,60mais,0,3,106
210047,2021,0a4,0,0,9
210047,2021,20a59,0,3,50
210047,2021,5a19,0,0,6
210047,2021,60mais,0,5,112
210047,2022,0a4,0,0,8
210047,2022,20a59,0,4,38
210047,2022,5a19,0,0,5
210047,2022,60mais,0,8,103
210047,2023,0a4,1,0,13
210047,2023,20a59,0,1,32
210047,2023,5a19,0,0,1
210047,2023,60mais,0,1,123
210047,2024,0a4,0,0,4
210047,2024,20a59,0,3,43
210047,2024,5a19,0,0,3
210047,2024,60mais,0,0,98
210050,2008,0a4,0,1,4
210050,2008,20a59,0,2,13
210050,2008,5a19,0,0,1
210050,2008,60mais,0,2,29
210050,2009,0a4,0,0,2
210050,2009,20a59,0,1,8
210050,2009,5a19,0,0,2
210050,2009,60mais,0,0,17
210050,2010,0a4,0,0,4
210050,2010,20a59,0,0,14
210050,2010,5a19,0,0,2
210050,2010,60mais,0,0,22
210050,2011,0a4,0,0,2
210050,2011,20a59,0,0,7
210050,2011,5a19,0,0,3
210050,2011,60mais,0,0,17
210050,2012,0a4,0,0,2
210050,2012,20a59,0,0,8
210050,2012,5a19,0,1,3
210050,2012,60mais,0,0,25
210050,2013,0a4,0,0,1
210050,2013,20a59,0,1,14
210050,2013,60mais,0,1,34
210050,2014,0a4,0,1,2
210050,2014,20a59,0,0,14
210050,2014,5a19,0,0,1
210050,2014,60mais,0,2,24
210050,2015,0a4,0,0,3
210050,2015,20a59,0,2,12
210050,2015,5a19,0,0,1
210050,2015,60mais,0,1,22
210050,2016,0a4,0,0,2
210050,2016,20a59,0,0,10
210050,2016,5a19,0,0,4
210050,2016,60mais,0,3,34
210050,2017,0a4,0,0,4
210050,2017,20a59,0,0,13
210050,2017,5a19,0,0,3
210050,2017,60mais,0,2,39
210050,2018,0a4,0,1,4
210050,2018,20a59,0,2,16
210050,2018,5a19,0,0,4
210050,2018,60mais,0,0,44
210050,2019,0a4,0,1,8
210050,2019,20a59,0,1,18
210050,2019,5a19,0,0,1
210050,2019,60mais,0,1,39
210050,2020,0a4,0,0,5
210050,2020,20a59,0,0,19
210050,2020,5a19,0,0,1
210050,2020,60mais,0,3,42
210050,2021,0a4,0,0,2
210050,2021,20a59,0,0,20
210050,2021,60mais,0,3,48
210050,2022,0a4,0,0,2
210050,2022,20a59,0,2,21
210050,2022,5a19,0,0,3
210050,2022,60mais,0,9,41
210050,2023,0a4,0,0,4
210050,2023,20a59,0,3,17
210050,2023,5a19,0,0,2
210050,2023,60mais,0,8,30
210050,2024,0a4,0,0,4
210050,2024,20a59,0,4,18
210050,2024,5a19,0,0,1
210050,2024,60mais,0,7,40
210055,2008,0a4,0,0,3
210055,2008,20a59,0,2,9
210055,2008,5a19,0,0,2
210055,2008,60mais,0,0,5
210055,2009,0a4,0,0,4
210055,2009,20a59,0,0,10
210055,2009,5a19,0,0,1
210055,2009,60mais,0,1,9
210055,2010,0a4,0,0,1
210055,2010,20a59,0,0,6
210055,2010,5a19,0,0,2
210055,2010,60mais,0,0,9
210055,2011,0a4,0,0,3
210055,2011,20a59,0,0,11
210055,2011,5a19,0,0,1
210055,2011,60mais,0,2,7
210055,2012,20a59,0,0,7
210055,2012,5a19,0,1,3
210055,2012,60mais,0,2,8
210055,2013,0a4,0,0,1
210055,2013,20a59,0,0,5
210055,2013,60mais,0,1,19
210055,2014,0a4,0,0,3
210055,2014,20a59,0,0,9
210055,2014,5a19,0,0,1
210055,2014,60mais,0,0,8
210055,2015,0a4,0,0,1
210055,2015,20a59,0,2,19
210055,2015,5a19,0,0,4
210055,2015,60mais,0,1,17
210055,2016,0a4,0,0,3
210055,2016,20a59,0,0,11
210055,2016,5a19,0,0,2
210055,2016,60mais,0,0,16
210055,2017,20a59,0,0,7
210055,2017,5a19,0,0,1
210055,2017,60mais,0,1,13
210055,2018,0a4,0,0,1
210055,2018,20a59,0,0,5
210055,2018,5a19,0,1,3
210055,2018,60mais,0,2,17
210055,2019,0a4,0,0,1
210055,2019,20a59,0,3,14
210055,2019,5a19,0,0,4
210055,2019,60mais,0,4,14
210055,2020,0a4,0,0,2
210055,2020,20a59,0,0,9
210055,2020,60mais,0,0,11
210055,2021,20a59,0,1,10
210055,2021,60mais,0,2,16
210055,2022,0a4,0,0,2
210055,2022,20a59,0,0,6
210055,2022,5a19,0,0,1
210055,2022,60mais,1,0,24
210055,2023,0a4,0,0,1
210055,2023,20a59,0,1,8
210055,2023,5a19,0,0,1
210055,2023,60mais,0,0,18
210055,2024,0a4,0,0,2
210055,2024,20a59,0,2,9
210055,2024,5a19,0,0,1
210055,2024,60mais,0,2,17
210060,2008,0a4,1,1,24
210060,2008,20a59,0,2,41
210060,2008,5a19,0,0,3
210060,2008,60mais,0,7,55
210060,2009,0a4,3,0,19
210060,2009,20a59,0,3,46
210060,2009,5a19,0,0,4
210060,2009,60mais,0,3,61
210060,2010,0a4,1,1,15
210060,2010,20a59,0,0,49
210060,2010,5a19,0,0,6
210060,2010,60mais,1,3,64
210060,2011,0a4,2,0,23
210060,2011,20a59,1,4,51
210060,2011,5a19,0,1,11
210060,2011,60mais,0,2,85
210060,2012,0a4,0,2,22
210060,2012,20a59,1,2,50
210060,2012,5a19,0,2,11
210060,2012,60mais,0,5,88
210060,2013,0a4,4,1,31
210060,2013,20a59,0,2,51
210060,2013,5a19,0,1,7
210060,2013,60mais,0,9,75
210060,2014,0a4,5,0,25
210060,2014,20a59,0,1,55
210060,2014,5a19,0,1,11
210060,2014,60mais,0,5,79
210060,2015,0a4,0,0,21
210060,2015,20a59,0,0,57
210060,2015,5a19,0,0,7
210060,2015,60mais,0,0,95
210060,2016,0a4,0,0,11
210060,2016,20a59,0,1,59
210060,2016,5a19,0,4,17
210060,2016,60mais,0,2,86
210060,2017,0a4,3,0,20
210060,2017,20a59,0,3,58
210060,2017,5a19,0,0,12
210060,2017,60mais,2,3,104
210060,2018,0a4,0,2,19
210060,2018,20a59,0,0,56
210060,2018,5a19,0,1,5
210060,2018,60mais,0,2,96
210060,2019,0a4,1,1,26
210060,2019,20a59,0,3,59
210060,2019,5a19,0,0,10
210060,2019,60mais,0,6,112
210060,2020,0a4,2,2,17
210060,2020,20a59,0,3,72
210060,2020,5a19,0,0,6
210060,2020,60mais,1,9,152
210060,2021,0a4,1,2,16
210060,2021,20a59,0,7,72
210060,2021,5a19,0,1,7
210060,2021,60mais,0,7,146
210060,2022,0a4,0,0,12
210060,2022,20a59,0,8,61
210060,2022,5a19,0,0,9
210060,2022,60mais,0,4,109
210060,2023,0a4,0,1,21
210060,2023,20a59,1,6,67
210060,2023,5a19,1,0,8
210060,2023,60mais,1,14,119
210060,2024,0a4,3,2,16
210060,2024,20a59,0,5,62
210060,2024,5a19,0,2,11
210060,2024,60mais,0,7,112
210070,2008,0a4,0,0,4
210070,2008,20a59,1,2,16
210070,2008,5a19,0,0,1
210070,2008,60mais,0,3,21
210070,2009,0a4,0,1,6
210070,2009,20a59,0,1,13
210070,2009,60mais,1,2,47
210070,2010,0a4,0,0,3
210070,2010,20a59,0,0,31
210070,2010,5a19,0,1,2
210070,2010,60mais,0,7,55
210070,2011,0a4,0,0,3
210070,2011,20a59,0,4,30
210070,2011,5a19,0,0,4
210070,2011,60mais,0,5,55
210070,2012,0a4,0,1,6
210070,2012,20a59,0,1,23
210070,2012,5a19,0,0,1
210070,2012,60mais,0,2,47
210070,2013,0a4,0,0,2
210070,2013,20a59,0,4,20
210070,2013,5a19,0,0,4
210070,2013,60mais,1,2,52
210070,2014,0a4,0,0,3
210070,2014,20a59,1,2,21
210070,2014,5a19,0,0,2
210070,2014,60mais,0,2,60
210070,2015,0a4,0,0,3
210070,2015,20a59,0,1,29
210070,2015,5a19,0,0,1
210070,2015,60mais,0,1,83
210070,2016,0a4,0,0,6
210070,2016,20a59,0,0,32
210070,2016,5a19,0,0,7
210070,2016,60mais,1,1,74
210070,2017,0a4,0,0,8
210070,2017,20a59,0,1,29
210070,2017,5a19,0,0,1
210070,2017,60mais,0,2,64
210070,2018,0a4,0,0,5
210070,2018,20a59,0,3,22
210070,2018,5a19,0,0,4
210070,2018,60mais,0,5,63
210070,2019,0a4,0,0,2
210070,2019,20a59,0,3,28
210070,2019,5a19,0,0,2
210070,2019,60mais,1,5,66
210070,2020,0a4,0,0,7
210070,2020,20a59,0,1,32
210070,2020,5a19,0,0,3
210070,2020,60mais,0,0,102
210070,2021,0a4,0,0,5
210070,2021,20a59,0,1,36
210070,2021,5a19,0,0,6
210070,2021,60mais,1,1,103
210070,2022,0a4,0,0,9
210070,2022,20a59,0,2,31
210070,2022,5a19,0,0,3
210070,2022,60mais,1,5,103
210070,2023,0a4,0,0,3
210070,2023,20a59,0,1,36
210070,2023,5a19,0,0,2
210070,2023,60mais,0,3,89
210070,2024,0a4,0,0,4
210070,2024,20a59,1,5,40
210070,2024,5a19,0,0,1
210070,2024,60mais,1,5,82
210080,2008,0a4,1,0,6
210080,2008,20a59,0,0,15
210080,2008,5a19,0,0,4
210080,2008,60mais,0,1,33
210080,2009,0a4,1,0,8
210080,2009,20a59,0,0,19
210080,2009,5a19,0,0,4
210080,2009,60mais,0,0,24
210080,2010,0a4,0,0,6
210080,2010,20a59,0,0,20
210080,2010,5a19,0,0,2
210080,2010,60mais,0,1,27
210080,2011,0a4,0,0,2
210080,2011,20a59,0,0,9
210080,2011,5a19,0,0,1
210080,2011,60mais,0,2,30
210080,2012,0a4,0,0,3
210080,2012,20a59,0,0,20
210080,2012,60mais,0,0,26
210080,2013,0a4,1,0,3
210080,2013,20a59,0,0,18
210080,2013,5a19,0,0,2
210080,2013,60mais,0,0,25
210080,2014,0a4,0,0,7
210080,2014,20a59,0,1,23
210080,2014,5a19,0,0,2
210080,2014,60mais,0,0,30
210080,2015,0a4,0,0,3
210080,2015,20a59,0,0,20
210080,2015,60mais,0,0,26
210080,2016,0a4,0,0,2
210080,2016,20a59,0,0,24
210080,2016,5a19,0,0,4
210080,2016,60mais,0,0,42
210080,2017,0a4,0,0,4
210080,2017,20a59,0,1,17
210080,2017,5a19,0,0,3
210080,2017,60mais,0,0,34
210080,2018,0a4,0,0,6
210080,2018,20a59,0,0,14
210080,2018,60mais,0,6,46
210080,2019,0a4,0,0,3
210080,2019,20a59,0,2,21
210080,2019,5a19,0,0,1
210080,2019,60mais,0,3,31
210080,2020,0a4,0,0,3
210080,2020,20a59,0,0,18
210080,2020,60mais,0,1,47
210080,2021,0a4,0,0,6
210080,2021,20a59,0,0,34
210080,2021,5a19,0,0,6
210080,2021,60mais,0,1,59
210080,2022,0a4,0,0,4
210080,2022,20a59,0,1,18
210080,2022,5a19,0,0,2
210080,2022,60mais,0,2,34
210080,2023,0a4,0,0,4
210080,2023,20a59,0,2,19
210080,2023,5a19,0,0,4
210080,2023,60mais,1,7,48
210080,2024,0a4,1,0,7
210080,2024,20a59,0,0,29
210080,2024,5a19,0,0,3
210080,2024,60mais,1,1,41
210083,2008,0a4,0,0,4
210083,2008,20a59,0,2,14
210083,2008,5a19,0,0,1
210083,2008,60mais,0,1,21
210083,2009,0a4,0,0,7
210083,2009,20a59,0,5,14
210083,2009,5a19,0,1,2
210083,2009,60mais,0,8,26
210083,2010,0a4,0,1,4
210083,2010,20a59,0,0,14
210083,2010,5a19,0,0,2
210083,2010,60mais,0,3,25
210083,2011,0a4,0,1,7
210083,2011,20a59,0,4,15
210083,2011,5a19,0,0,6
210083,2011,60mais,0,4,31
210083,2012,0a4,0,0,6
210083,2012,20a59,0,2,19
210083,2012,5a19,0,3,6
210083,2012,60mais,0,2,19
210083,2013,0a4,0,0,5
210083,2013,20a59,0,0,17
210083,2013,5a19,0,0,1
210083,2013,60mais,2,2,26
210083,2014,0a4,0,0,9
210083,2014,20a59,0,4,22
210083,2014,5a19,0,0,3
210083,2014,60mais,0,3,30
210083,2015,0a4,0,0,4
210083,2015,20a59,0,0,12
210083,2015,5a19,0,0,3
210083,2015,60mais,0,0,28
210083,2016,0a4,0,0,8
210083,2016,20a59,0,1,30
210083,2016,5a19,0,0,5
210083,2016,60mais,2,0,22
210083,2017,0a4,1,0,5
210083,2017,20a59,0,1,17
210083,2017,5a19,0,0,3
210083,2017,60mais,0,2,46
210083,2018,0a4,1,1,5
210083,2018,20a59,0,1,15
210083,2018,5a19,0,0,1
210083,2018,60mais,0,0,44
210083,2019,0a4,1,0,3
210083,2019,20a59,0,2,24
210083,2019,5a19,0,0,1
210083,2019,60mais,0,6,46
210083,2020,0a4,0,0,5
210083,2020,20a59,0,3,24
210083,2020,5a19,0,0,3
210083,2020,60mais,1,14,58
210083,2021,0a4,0,0,4
210083,2021,20a59,0,3,20
210083,2021,5a19,0,0,3
210083,2021,60mais,0,4,44
210083,2022,0a4,0,0,3
210083,2022,20a59,0,2,21
210083,2022,5a19,0,0,2
210083,2022,60mais,0,3,27
210083,2023,0a4,0,0,4
210083,2023,20a59,0,0,24
210083,2023,60mais,0,4,69
210083,2024,0a4,0,0,2
210083,2024,20a59,0,3,29
210083,2024,5a19,0,0,1
210083,2024,60mais,0,3,39
210087,2008,0a4,0,0,3
210087,2008,20a59,0,6,13
210087,2008,60mais,0,6,14
210087,2009,0a4,0,0,4
210087,2009,20a59,0,0,10
210087,2009,60mais,0,4,18
210087,2010,0a4,0,0,3
210087,2010,20a59,0,3,16
210087,2010,60mais,0,1,12
210087,2011,0a4,0,0,4
210087,2011,20a59,0,0,10
210087,2011,60mais,0,1,13
210087,2012,0a4,0,0,1
210087,2012,20a59,0,0,9
210087,2012,5a19,0,0,1
210087,2012,60mais,0,2,13
210087,2013,0a4,0,0,4
210087,2013,20a59,0,1,9
210087,2013,5a19,0,1,4
210087,2013,60mais,0,5,22
210087,2014,20a59,0,0,10
210087,2014,5a19,0,0,2
210087,2014,60mais,0,3,20
210087,2015,0a4,0,0,4
210087,2015,20a59,0,0,17
210087,2015,60mais,0,4,19
210087,2016,0a4,0,0,3
210087,2016,20a59,0,4,17
210087,2016,5a19,0,0,1
210087,2016,60mais,0,3,25
210087,2017,0a4,0,0,2
210087,2017,20a59,0,1,15
210087,2017,5a19,0,0,1
210087,2017,60mais,0,6,25
210087,2018,0a4,0,0,2
210087,2018,20a59,0,0,4
210087,2018,60mais,0,0,7
210087,2019,0a4,0,0,2
210087,2019,20a59,0,0,7
210087,2019,60mais,0,0,9
210087,2020,0a4,0,1,4
210087,2020,20a59,0,1,15
210087,2020,60mais,0,2,39
210087,2021,0a4,0,1,3
210087,2021,20a59,0,1,14
210087,2021,5a19,0,0,2
210087,2021,60mais,1,2,29
210087,2022,0a4,0,0,3
210087,2022,20a59,0,3,15
210087,2022,5a19,0,0,2
210087,2022,60mais,0,0,22
210087,2023,0a4,0,1,3
210087,2023,20a59,0,0,11
210087,2023,5a19,0,0,1
210087,2023,60mais,0,1,17
210087,2024,0a4,0,0,2
210087,2024,20a59,0,2,15
210087,2024,5a19,0,0,2
210087,2024,60mais,0,3,20
210090,2008,0a4,2,1,14
210090,2008,20a59,0,6,23
210090,2008,5a19,0,1,2
210090,2008,60mais,1,26,91
210090,2009,0a4,0,0,24
210090,2009,20a59,0,4,22
210090,2009,5a19,0,1,4
210090,2009,60mais,0,9,46
210090,2010,0a4,1,1,10
210090,2010,20a59,1,0,23
210090,2010,5a19,0,1,3
210090,2010,60mais,0,9,56
210090,2011,0a4,0,1,12
210090,2011,20a59,0,3,41
210090,2011,5a19,0,1,4
210090,2011,60mais,1,10,84
210090,2012,0a4,0,1,7
210090,2012,20a59,0,4,41
210090,2012,5a19,0,0,2
210090,2012,60mais,1,14,89
210090,2013,0a4,1,1,10
210090,2013,20a59,0,2,35
210090,2013,5a19,0,1,5
210090,2013,60mais,1,11,112
210090,2014,0a4,0,0,6
210090,2014,20a59,0,2,41
210090,2014,5a19,0,0,5
210090,2014,60mais,2,11,110
210090,2015,0a4,0,0,8
210090,2015,20a59,1,0,33
210090,2015,5a19,0,0,6
210090,2015,60mais,1,3,131
210090,2016,0a4,0,2,13
210090,2016,20a59,0,4,42
210090,2016,5a19,0,1,6
210090,2016,60mais,1,19,149
210090,2017,0a4,0,0,18
210090,2017,20a59,0,1,37
210090,2017,5a19,0,1,7
210090,2017,60mais,3,17,138
210090,2018,0a4,0,1,11
210090,2018,20a59,0,2,48
210090,2018,5a19,0,0,5
210090,2018,60mais,2,11,158
210090,2019,0a4,1,1,7
210090,2019,20a59,1,4,33
210090,2019,5a19,0,0,3
210090,2019,60mais,3,18,150
210090,2020,0a4,0,1,8
210090,2020,20a59,0,12,62
210090,2020,5a19,0,1,8
210090,2020,60mais,2,34,175
210090,2021,0a4,0,0,4
210090,2021,20a59,0,1,49
210090,2021,5a19,0,1,5
210090,2021,60mais,1,26,173
210090,2022,0a4,0,0,12
210090,2022,20a59,0,7,54
210090,2022,5a19,0,0,5
210090,2022,60mais,1,40,171
210090,2023,0a4,1,0,4
210090,2023,20a59,0,7,46
210090,2023,5a19,0,2,8
210090,2023,60mais,1,46,171
210090,2024,0a4,0,2,6
210090,2024,20a59,1,14,54
210090,2024,5a19,0,0,1
210090,2024,60mais,1,54,144
210095,2008,0a4,1,0,2
210095,2008,20a59,0,2,27
210095,2008,5a19,0,0,6
210095,2008,60mais,0,5,20
210095,2009,0a4,0,1,13
210095,2009,20a59,0,0,39
210095,2009,5a19,0,0,5
210095,2009,60mais,0,0,41
210095,2010,0a4,1,0,9
210095,2010,20a59,0,3,31
210095,2010,5a19,0,2,5
210095,2010,60mais,0,3,20
210095,2011,0a4,0,0,13
210095,2011,20a59,0,1,32
210095,2011,5a19,1,0,7
210095,2011,60mais,0,3,50
210095,2012,0a4,1,0,13
210095,2012,20a59,0,0,34
210095,2012,5a19,0,0,14
210095,2012,60mais,0,2,59
210095,2013,0a4,1,1,8
210095,2013,20a59,1,6,34
210095,2013,5a19,0,0,3
210095,2013,60mais,0,6,57
210095,2014,0a4,1,1,13
210095,2014,20a59,0,2,38
210095,2014,5a19,0,1,5
210095,2014,60mais,0,11,70
210095,2015,0a4,0,0,13
210095,2015,20a59,0,1,38
210095,2015,5a19,1,0,7
210095,2015,60mais,0,2,53
210095,2016,0a4,0,0,10
210095,2016,20a59,0,0,39
210095,2016,5a19,0,0,8
210095,2016,60mais,1,4,64
210095,2017,0a4,0,0,13
210095,2017,20a59,0,3,40
210095,2017,5a19,0,1,8
210095,2017,60mais,1,6,66
210095,2018,0a4,0,1,23
210095,2018,20a59,0,2,40
210095,2018,5a19,0,1,6
210095,2018,60mais,0,8,78
210095,2019,0a4,0,1,16
210095,2019,20a59,0,2,62
210095,2019,5a19,0,0,6
210095,2019,60mais,0,9,69
210095,2020,0a4,1,4,20
210095,2020,20a59,0,1,35
210095,2020,5a19,0,0,3
210095,2020,60mais,0,3,83
210095,2021,0a4,0,0,5
210095,2021,20a59,0,1,52
210095,2021,5a19,0,0,8
210095,2021,60mais,1,11,87
210095,2022,0a4,0,0,11
210095,2022,20a59,0,5,59
210095,2022,5a19,0,0,6
210095,2022,60mais,0,16,84
210095,2023,0a4,1,0,13
210095,2023,20a59,0,2,54
210095,2023,5a19,0,2,9
210095,2023,60mais,0,2,78
210095,2024,0a4,1,2,11
210095,2024,20a59,0,3,51
210095,2024,5a19,0,0,10
210095,2024,60mais,0,6,78
210100,2008,0a4,1,0,7
210100,2008,20a59,0,2,45
210100,2008,5a19,0,0,4
210100,2008,60mais,2,7,64
210100,2009,0a4,0,0,5
210100,2009,20a59,0,5,32
210100,2009,5a19,0,2,5
210100,2009,60mais,0,11,67
210100,2010,0a4,0,0,7
210100,2010,20a59,0,1,36
210100,2010,5a19,0,1,4
210100,2010,60mais,0,11,72
210100,2011,0a4,0,0,3
210100,2011,20a59,0,0,41
210100,2011,5a19,0,0,6
210100,2011,60mais,0,9,82
210100,2012,0a4,0,0,12
210100,2012,20a59,1,9,38
210100,2012,5a19,0,1,3
210100,2012,60mais,0,4,61
210100,2013,0a4,0,0,9
210100,2013,20a59,0,4,41
210100,2013,5a19,0,0,5
210100,2013,60mais,0,11,83
210100,2014,0a4,1,0,7
210100,2014,20a59,0,4,41
210100,2014,5a19,0,3,6
210100,2014,60mais,0,7,82
210100,2015,0a4,0,0,4
210100,2015,20a59,0,1,61
210100,2015,5a19,0,1,7
210100,2015,60mais,0,3,77
210100,2016,0a4,0,0,4
210100,2016,20a59,0,4,46
210100,2016,5a19,0,0,5
210100,2016,60mais,1,5,73
210100,2017,0a4,0,1,8
210100,2017,20a59,0,6,48
210100,2017,5a19,0,1,3
210100,2017,60mais,0,3,107
210100,2018,0a4,0,0,7
210100,2018,20a59,0,1,46
210100,2018,5a19,0,0,8
210100,2018,60mais,0,2,110
210100,2019,0a4,0,0,10
210100,2019,20a59,0,2,37
210100,2019,5a19,0,0,3
210100,2019,60mais,0,7,103
210100,2020,0a4,0,0,7
210100,2020,20a59,0,8,68
210100,2020,5a19,0,0,3
210100,2020,60mais,0,21,141
210100,2021,0a4,0,1,6
210100,2021,20a59,0,1,56
210100,2021,5a19,0,0,2
210100,2021,60mais,1,4,120
210100,2022,0a4,0,0,2
210100,2022,20a59,0,3,38
210100,2022,5a19,0,0,2
210100,2022,60mais,1,13,113
210100,2023,0a4,0,1,7
210100,2023,20a59,0,2,42
210100,2023,5a19,0,0,2
210100,2023,60mais,0,17,93
210100,2024,0a4,0,0,4
210100,2024,20a59,0,8,55
210100,2024,5a19,0,0,5
210100,2024,60mais,1,14,109
210110,2008,0a4,0,0,3
210110,2008,20a59,0,0,7
210110,2008,5a19,0,0,1
210110,2008,60mais,0,4,22
210110,2009,0a4,0,0,2
210110,2009,20a59,0,2,6
210110,2009,5a19,0,0,2
210110,2009,60mais,0,3,21
210110,2010,0a4,0,0,3
210110,2010,20a59,0,2,14
210110,2010,60mais,0,4,21
210110,2011,0a4,0,0,2
210110,2011,20a59,0,1,13
210110,2011,5a19,0,1,1
210110,2011,60mais,1,0,24
210110,2012,0a4,1,0,4
210110,2012,20a59,0,0,12
210110,2012,5a19,0,0,2
210110,2012,60mais,0,3,17
210110,2013,0a4,0,0,5
210110,2013,20a59,0,1,19
210110,2013,60mais,1,1,28
210110,2014,0a4,0,0,3
210110,2014,20a59,0,0,14
210110,2014,60mais,0,4,40
210110,2015,0a4,0,0,1
210110,2015,20a59,0,0,15
210110,2015,5a19,0,0,3
210110,2015,60mais,0,2,35
210110,2016,0a4,0,0,1
210110,2016,20a59,0,0,10
210110,2016,5a19,0,0,2
210110,2016,60mais,0,4,33
210110,2017,0a4,0,1,5
210110,2017,20a59,0,3,16
210110,2017,60mais,0,0,24
210110,2018,0a4,0,0,3
210110,2018,20a59,0,0,16
210110,2018,5a19,0,0,3
210110,2018,60mais,0,2,32
210110,2019,0a4,0,0,2
210110,2019,20a59,0,1,11
210110,2019,60mais,0,1,36
210110,2020,0a4,0,0,2
210110,2020,20a59,0,1,19
210110,2020,5a19,0,1,2
210110,2020,60mais,0,4,54
210110,2021,0a4,0,0,3
210110,2021,20a59,0,0,21
210110,2021,5a19,0,0,1
210110,2021,60mais,0,2,36
210110,2022,0a4,0,0,6
210110,2022,20a59,0,2,20
210110,2022,5a19,0,0,1
210110,2022,60mais,0,1,36
210110,2023,0a4,0,0,2
210110,2023,20a59,0,1,15
210110,2023,5a19,0,0,2
210110,2023,60mais,0,6,38
210110,2024,0a4,0,0,1
210110,2024,20a59,0,2,25
210110,2024,5a19,0,0,4
210110,2024,60mais,0,3,41
210120,2008,0a4,6,3,53
210120,2008,20a59,0,7,141
210120,2008,5a19,0,0,23
210120,2008,60mais,2,14,224
210120,2009,0a4,2,0,33
210120,2009,20a59,1,6,170
210120,2009,5a19,0,0,11
210120,2009,60mais,3,5,238
210120,2010,0a4,0,0,35
210120,2010,20a59,1,9,163
210120,2010,5a19,0,1,15
210120,2010,60mais,1,20,279
210120,2011,0a4,1,0,31
210120,2011,20a59,2,6,149
210120,2011,5a19,1,1,18
210120,2011,60mais,2,21,276
210120,2012,0a4,1,0,23
210120,2012,20a59,1,22,157
210120,2012,5a19,0,3,21
210120,2012,60mais,0,44,322
210120,2013,0a4,0,1,34
210120,2013,20a59,1,5,181
210120,2013,5a19,1,0,17
210120,2013,60mais,2,6,325
210120,2014,0a4,2,1,34
210120,2014,20a59,0,1,216
210120,2014,5a19,0,1,21
210120,2014,60mais,4,1,365
210120,2015,0a4,0,1,31
210120,2015,20a59,2,2,184
210120,2015,5a19,0,0,17
210120,2015,60mais,1,12,391
210120,2016,0a4,2,1,25
210120,2016,20a59,2,11,203
210120,2016,5a19,0,2,19
210120,2016,60mais,4,22,355
210120,2017,0a4,0,1,16
210120,2017,20a59,0,22,196
210120,2017,5a19,0,0,17
210120,2017,60mais,2,49,391
210120,2018,0a4,0,3,27
210120,2018,20a59,0,5,196
210120,2018,5a19,0,1,19
210120,2018,60mais,0,23,375
210120,2019,0a4,0,1,29
210120,2019,20a59,1,5,180
210120,2019,5a19,1,1,21
210120,2019,60mais,2,8,406
210120,2020,0a4,0,0,26
210120,2020,20a59,0,7,215
210120,2020,5a19,0,1,25
210120,2020,60mais,2,18,489
210120,2021,0a4,0,1,26
210120,2021,20a59,0,1,263
210120,2021,5a19,0,0,15
210120,2021,60mais,2,8,513
210120,2022,0a4,0,0,19
210120,2022,20a59,0,7,213
210120,2022,5a19,0,1,20
210120,2022,60mais,4,17,473
210120,2023,0a4,1,0,19
210120,2023,20a59,0,4,200
210120,2023,5a19,0,0,17
210120,2023,60mais,2,7,468
210120,2024,0a4,2,1,21
210120,2024,20a59,1,6,218
210120,2024,5a19,0,0,13
210120,2024,60mais,3,17,487
210125,2008,0a4,0,2,8
210125,2008,20a59,0,3,19
210125,2008,5a19,0,1,4
210125,2008,60mais,0,13,37
210125,2009,0a4,0,2,3
210125,2009,20a59,0,6,29
210125,2009,5a19,0,1,4
210125,2009,60mais,0,6,26
210125,2010,0a4,0,0,6
210125,2010,20a59,1,0,21
210125,2010,5a19,0,0,2
210125,2010,60mais,0,10,46
210125,2011,0a4,0,0,4
210125,2011,20a59,0,1,21
210125,2011,5a19,0,0,2
210125,2011,60mais,1,11,49
210125,2012,0a4,0,0,6
210125,2012,20a59,0,1,14
210125,2012,5a19,0,0,3
210125,2012,60mais,0,1,33
210125,2013,0a4,0,1,4
210125,2013,20a59,1,0,20
210125,2013,5a19,0,0,3
210125,2013,60mais,0,4,39
210125,2014,0a4,0,0,4
210125,2014,20a59,0,0,31
210125,2014,5a19,0,0,4
210125,2014,60mais,0,2,36
210125,2015,0a4,0,0,4
210125,2015,20a59,0,0,37
210125,2015,5a19,0,0,3
210125,2015,60mais,0,1,43
210125,2016,0a4,0,0,3
210125,2016,20a59,0,0,18
210125,2016,5a19,0,0,1
210125,2016,60mais,0,2,43
210125,2017,0a4,0,0,2
210125,2017,20a59,0,3,41
210125,2017,5a19,0,1,6
210125,2017,60mais,1,1,48
210125,2018,0a4,0,0,2
210125,2018,20a59,0,0,21
210125,2018,60mais,0,5,47
210125,2019,0a4,0,0,3
210125,2019,20a59,0,1,24
210125,2019,60mais,0,3,50
210125,2020,0a4,0,0,7
210125,2020,20a59,0,0,41
210125,2020,5a19,0,1,5
210125,2020,60mais,0,2,67
210125,2021,0a4,0,0,4
210125,2021,20a59,0,3,44
210125,2021,5a19,0,1,3
210125,2021,60mais,0,1,52
210125,2022,0a4,0,0,2
210125,2022,20a59,0,1,13
210125,2022,5a19,0,0,2
210125,2022,60mais,0,3,53
210125,2023,0a4,0,0,8
210125,2023,20a59,0,1,30
210125,2023,60mais,0,2,50
210125,2024,0a4,0,0,3
210125,2024,20a59,0,0,31
210125,2024,5a19,0,0,3
210125,2024,60mais,0,1,49
210130,2008,0a4,0,0,1
210130,2008,20a59,0,0,18
210130,2008,5a19,0,0,3
210130,2008,60mais,0,2,37
210130,2009,0a4,0,1,4
210130,2009,20a59,0,0,13
210130,2009,5a19,0,0,3
210130,2009,60mais,0,4,34
210130,2010,0a4,0,0,1
210130,2010,20a59,0,2,12
210130,2010,5a19,0,0,3
210130,2010,60mais,0,2,33
210130,2011,0a4,0,1,5
210130,2011,20a59,0,1,15
210130,2011,60mais,0,0,19
210130,2012,0a4,1,0,4
210130,2012,20a59,1,1,22
210130,2012,5a19,0,0,4
210130,2012,60mais,0,0,36
210130,2013,0a4,0,0,4
210130,2013,20a59,0,1,17
210130,2013,5a19,0,0,2
210130,2013,60mais,0,1,33
210130,2014,0a4,0,0,2
210130,2014,20a59,0,3,25
210130,2014,5a19,0,1,12
210130,2014,60mais,0,3,35
210130,2015,0a4,0,0,6
210130,2015,20a59,0,4,25
210130,2015,5a19,0,1,3
210130,2015,60mais,0,2,38
210130,2016,0a4,0,0,3
210130,2016,20a59,0,0,23
210130,2016,5a19,0,0,2
210130,2016,60mais,0,2,37
210130,2017,0a4,0,1,6
210130,2017,20a59,0,1,29
210130,2017,5a19,0,0,3
210130,2017,60mais,0,1,47
210130,2018,0a4,0,0,3
210130,2018,20a59,0,3,22
210130,2018,5a19,0,1,3
210130,2018,60mais,0,4,51
210130,2019,0a4,0,0,2
210130,2019,20a59,0,1,28
210130,2019,5a19,0,0,2
210130,2019,60mais,0,2,61
210130,2020,0a4,0,0,2
210130,2020,20a59,0,1,37
210130,2020,5a19,0,0,2
210130,2020,60mais,0,3,68
210130,2021,0a4,0,0,4
210130,2021,20a59,0,0,31
210130,2021,5a19,0,0,3
210130,2021,60mais,0,1,53
210130,2022,0a4,0,0,3
210130,2022,20a59,0,2,33
210130,2022,5a19,0,0,2
210130,2022,60mais,0,0,57
210130,2023,20a59,0,1,29
210130,2023,5a19,0,0,2
210130,2023,60mais,0,8,54
210130,2024,0a4,0,0,2
210130,2024,20a59,0,1,30
210130,2024,5a19,0,0,1
210130,2024,60mais,1,3,59
210135,2008,20a59,0,2,4
210135,2008,5a19,0,0,1
210135,2008,60mais,0,4,8
210135,2009,20a59,0,0,6
210135,2009,60mais,1,1,12
210135,2010,0a4,0,0,2
210135,2010,20a59,0,1,2
210135,2010,60mais,0,0,7
210135,2011,20a59,0,1,6
210135,2011,5a19,0,0,1
210135,2011,60mais,0,1,14
210135,2012,0a4,0,0,1
210135,2012,20a59,0,0,3
210135,2012,60mais,0,0,6
210135,2013,20a59,0,0,6
210135,2013,5a19,0,0,1
210135,2013,60mais,0,3,12
210135,2014,20a59,0,0,4
210135,2014,5a19,0,0,2
210135,2014,60mais,0,0,15
210135,2015,0a4,0,0,1
210135,2015,20a59,0,0,5
210135,2015,60mais,0,1,20
210135,2016,20a59,0,1,3
210135,2016,60mais,0,2,15
210135,2017,20a59,0,1,9
210135,2017,60mais,0,2,15
210135,2018,0a4,0,0,1
210135,2018,20a59,1,0,3
210135,2018,5a19,0,0,1
210135,2018,60mais,0,3,25
210135,2019,0a4,1,0,4
210135,2019,20a59,0,0,4
210135,2019,5a19,0,0,1
210135,2019,60mais,0,2,24
210135,2020,0a4,0,0,1
210135,2020,20a59,0,2,5
210135,2020,60mais,1,0,18
210135,2021,0a4,0,0,2
210135,2021,20a59,0,1,4
210135,2021,60mais,1,0,25
210135,2022,0a4,0,0,1
210135,2022,20a59,0,0,4
210135,2022,5a19,0,0,1
210135,2022,60mais,0,4,26
210135,2023,20a59,0,0,6
210135,2023,5a19,0,0,1
210135,2023,60mais,0,3,26
210135,2024,20a59,0,2,9
210135,2024,60mais,0,1,20
210140,2008,0a4,2,0,46
210140,2008,20a59,0,14,110
210140,2008,5a19,0,1,13
210140,2008,60mais,0,36,140
210140,2009,0a4,1,0,46
210140,2009,20a59,0,10,110
210140,2009,5a19,0,3,29
210140,2009,60mais,1,33,189
210140,2010,0a4,2,3,61
210140,2010,20a59,0,8,117
210140,2010,5a19,0,1,19
210140,2010,60mais,0,18,188
210140,2011,0a4,0,0,25
210140,2011,20a59,0,6,115
210140,2011,5a19,0,3,26
210140,2011,60mais,0,16,188
210140,2012,0a4,1,3,29
210140,2012,20a59,0,8,130
210140,2012,5a19,0,3,18
210140,2012,60mais,0,30,195
210140,2013,0a4,1,2,37
210140,2013,20a59,0,18,145
210140,2013,5a19,0,0,23
210140,2013,60mais,0,44,223
210140,2014,0a4,2,1,61
210140,2014,20a59,1,26,177
210140,2014,5a19,0,1,23
210140,2014,60mais,1,50,196
210140,2015,0a4,0,2,36
210140,2015,20a59,1,20,168
210140,2015,5a19,0,2,28
210140,2015,60mais,0,52,231
210140,2016,0a4,0,3,51
210140,2016,20a59,0,20,172
210140,2016,5a19,0,5,28
210140,2016,60mais,0,38,221
210140,2017,0a4,0,4,46
210140,2017,20a59,0,17,160
210140,2017,5a19,0,4,31
210140,2017,60mais,1,31,260
210140,2018,0a4,0,2,44
210140,2018,20a59,0,10,168
210140,2018,5a19,0,1,19
210140,2018,60mais,0,6,288
210140,2019,0a4,0,0,40
210140,2019,20a59,0,5,192
210140,2019,5a19,0,0,31
210140,2019,60mais,0,12,273
210140,2020,0a4,0,0,27
210140,2020,20a59,0,18,235
210140,2020,5a19,0,1,26
210140,2020,60mais,0,30,316
210140,2021,0a4,1,1,43
210140,2021,20a59,0,13,282
210140,2021,5a19,0,5,27
210140,2021,60mais,0,26,363
210140,2022,0a4,1,1,27
210140,2022,20a59,1,13,217
210140,2022,5a19,0,1,21
210140,2022,60mais,0,47,366
210140,2023,0a4,0,1,34
210140,2023,20a59,0,16,199
210140,2023,5a19,0,0,22
210140,2023,60mais,0,47,329
210140,2024,0a4,0,0,28
210140,2024,20a59,0,13,229
210140,2024,5a19,0,0,24
210140,2024,60mais,3,25,332
210150,2008,0a4,0,0,5
210150,2008,20a59,0,1,14
210150,2008,5a19,0,0,1
210150,2008,60mais,0,7,47
210150,2009,0a4,0,0,2
210150,2009,20a59,0,2,26
210150,2009,5a19,0,1,3
210150,2009,60mais,0,8,49
210150,2010,0a4,0,1,9
210150,2010,20a59,0,4,26
210150,2010,60mais,0,2,49
210150,2011,0a4,0,0,1
210150,2011,20a59,0,2,20
210150,2011,5a19,0,0,2
210150,2011,60mais,0,10,42
210150,2012,0a4,0,0,3
210150,2012,20a59,0,2,25
210150,2012,5a19,0,0,2
210150,2012,60mais,0,15,53
210150,2013,0a4,0,0,5
210150,2013,20a59,0,1,28
210150,2013,5a19,0,0,5
210150,2013,60mais,0,7,55
210150,2014,0a4,0,1,7
210150,2014,20a59,1,1,26
210150,2014,5a19,0,0,3
210150,2014,60mais,1,0,57
210150,2015,0a4,0,0,5
210150,2015,20a59,0,1,28
210150,2015,5a19,0,0,2
210150,2015,60mais,0,4,59
210150,2016,0a4,0,0,1
210150,2016,20a59,0,0,20
210150,2016,5a19,0,0,3
210150,2016,60mais,2,0,68
210150,2017,0a4,0,0,6
210150,2017,20a59,0,3,25
210150,2017,5a19,0,0,7
210150,2017,60mais,0,2,91
210150,2018,0a4,0,0,2
210150,2018,20a59,0,1,20
210150,2018,5a19,0,0,7
210150,2018,60mais,1,4,62
210150,2019,0a4,0,0,2
210150,2019,20a59,0,1,34
210150,2019,5a19,0,0,1
210150,2019,60mais,0,4,70
210150,2020,0a4,0,0,4
210150,2020,20a59,0,3,31
210150,2020,5a19,0,0,1
210150,2020,60mais,0,4,105
210150,2021,0a4,0,0,7
210150,2021,20a59,0,4,33
210150,2021,5a19,0,0,5
210150,2021,60mais,0,22,116
210150,2022,0a4,0,0,3
210150,2022,20a59,1,1,37
210150,2022,5a19,0,0,1
210150,2022,60mais,1,15,97
210150,2023,0a4,0,0,2
210150,2023,20a59,0,1,30
210150,2023,5a19,0,0,1
210150,2023,60mais,1,17,95
210150,2024,0a4,0,0,6
210150,2024,20a59,1,6,37
210150,2024,5a19,0,0,4
210150,2024,60mais,3,14,103
210160,2008,0a4,10,0,47
210160,2008,20a59,0,2,130
210160,2008,5a19,0,1,25
210160,2008,60mais,2,4,182
210160,2009,0a4,5,0,33
210160,2009,20a59,1,1,113
210160,2009,5a19,0,1,11
210160,2009,60mais,3,1,173
210160,2010,0a4,2,0,47
210160,2010,20a59,1,2,114
210160,2010,5a19,0,0,15
210160,2010,60mais,4,1,212
210160,2011,0a4,4,0,53
210160,2011,20a59,2,0,160
210160,2011,5a19,0,0,26
210160,2011,60mais,3,1,239
210160,2012,0a4,2,0,31
210160,2012,20a59,0,1,136
210160,2012,5a19,0,1,14
210160,2012,60mais,1,2,216
210160,2013,0a4,2,1,33
210160,2013,20a59,2,2,134
210160,2013,5a19,1,0,24
210160,2013,60mais,5,3,278
210160,2014,0a4,4,0,37
210160,2014,20a59,0,2,143
210160,2014,5a19,0,0,13
210160,2014,60mais,3,1,257
210160,2015,0a4,0,0,33
210160,2015,20a59,2,1,146
210160,2015,5a19,0,0,23
210160,2015,60mais,5,3,272
210160,2016,0a4,1,1,38
210160,2016,20a59,1,2,162
210160,2016,5a19,1,1,18
210160,2016,60mais,5,2,312
210160,2017,0a4,1,3,41
210160,2017,20a59,0,8,128
210160,2017,5a19,0,2,13
210160,2017,60mais,2,5,288
210160,2018,0a4,1,1,41
210160,2018,20a59,0,4,143
210160,2018,5a19,0,3,13
210160,2018,60mais,3,8,302
210160,2019,0a4,0,2,22
210160,2019,20a59,0,6,120
210160,2019,5a19,0,2,18
210160,2019,60mais,5,9,270
210160,2020,0a4,1,3,28
210160,2020,20a59,1,15,173
210160,2020,5a19,0,0,12
210160,2020,60mais,1,19,406
210160,2021,0a4,1,0,19
210160,2021,20a59,0,2,166
210160,2021,5a19,0,2,11
210160,2021,60mais,2,6,354
210160,2022,0a4,1,0,25
210160,2022,20a59,1,1,130
210160,2022,5a19,0,0,9
210160,2022,60mais,2,4,355
210160,2023,0a4,1,0,26
210160,2023,20a59,1,1,168
210160,2023,5a19,0,0,18
210160,2023,60mais,3,2,356
210160,2024,0a4,2,0,24
210160,2024,20a59,1,1,155
210160,2024,5a19,0,0,16
210160,2024,60mais,2,2,339
210170,2008,0a4,1,0,20
210170,2008,20a59,0,0,45
210170,2008,5a19,0,0,8
210170,2008,60mais,4,6,92
210170,2009,0a4,0,2,17
210170,2009,20a59,1,4,42
210170,2009,5a19,0,0,5
210170,2009,60mais,0,4,84
210170,2010,0a4,1,2,18
210170,2010,20a59,0,3,50
210170,2010,5a19,0,0,9
210170,2010,60mais,0,13,97
210170,2011,0a4,0,0,28
210170,2011,20a59,1,0,40
210170,2011,5a19,0,2,8
210170,2011,60mais,0,4,106
210170,2012,0a4,1,1,22
210170,2012,20a59,0,2,58
210170,2012,5a19,0,0,5
210170,2012,60mais,0,5,102
210170,2013,0a4,0,0,21
210170,2013,20a59,0,1,58
210170,2013,5a19,0,0,8
210170,2013,60mais,3,2,117
210170,2014,0a4,1,0,14
210170,2014,20a59,0,1,54
210170,2014,5a19,0,0,6
210170,2014,60mais,1,2,129
210170,2015,0a4,0,0,19
210170,2015,20a59,0,0,67
210170,2015,5a19,1,0,14
210170,2015,60mais,0,3,144
210170,2016,0a4,0,0,21
210170,2016,20a59,0,3,54
210170,2016,5a19,0,0,7
210170,2016,60mais,0,6,165
210170,2017,0a4,0,1,20
210170,2017,20a59,0,1,74
210170,2017,5a19,0,0,7
210170,2017,60mais,3,2,145
210170,2018,0a4,1,0,23
210170,2018,20a59,1,3,66
210170,2018,5a19,0,0,7
210170,2018,60mais,1,5,140
210170,2019,0a4,2,1,25
210170,2019,20a59,1,2,70
210170,2019,5a19,0,0,9
210170,2019,60mais,0,6,164
210170,2020,0a4,0,0,18
210170,2020,20a59,0,5,73
210170,2020,5a19,0,1,9
210170,2020,60mais,0,9,200
210170,2021,0a4,0,1,18
210170,2021,20a59,0,5,97
210170,2021,5a19,0,0,8
210170,2021,60mais,0,7,169
210170,2022,0a4,0,0,19
210170,2022,20a59,2,5,87
210170,2022,5a19,0,0,8
210170,2022,60mais,1,7,212
210170,2023,0a4,0,0,28
210170,2023,20a59,0,3,86
210170,2023,5a19,0,2,16
210170,2023,60mais,0,1,162
210170,2024,0a4,0,0,28
210170,2024,20a59,1,3,116
210170,2024,5a19,1,0,10
210170,2024,60mais,1,6,203
210173,2008,0a4,0,1,5
210173,2008,20a59,0,1,3
210173,2008,60mais,0,3,6
210173,2009,0a4,0,1,7
210173,2009,20a59,0,0,3
210173,2009,5a19,0,0,1
210173,2009,60mais,0,0,1
210173,2010,0a4,1,0,5
210173,2010,20a59,0,0,4
210173,2010,60mais,0,1,5
210173,2011,0a4,0,0,1
210173,2011,20a59,0,0,7
210173,2011,60mais,0,0,7
210173,2012,0a4,1,0,6
210173,2012,20a59,0,1,6
210173,2012,60mais,0,0,7
210173,2013,0a4,0,0,3
210173,2013,20a59,0,2,6
210173,2013,5a19,0,0,1
210173,2013,60mais,0,0,7
210173,2014,0a4,0,0,1
210173,2014,20a59,0,2,6
210173,2014,5a19,0,0,1
210173,2014,60mais,0,0,13
210173,2015,0a4,0,0,5
210173,2015,20a59,0,0,3
210173,2015,5a19,0,0,2
210173,2015,60mais,0,0,10
210173,2016,0a4,0,0,4
210173,2016,20a59,0,0,4
210173,2016,5a19,0,1,2
210173,2016,60mais,0,2,8
210173,2017,0a4,1,1,7
210173,2017,20a59,0,0,9
210173,2017,5a19,0,0,3
210173,2017,60mais,0,0,7
210173,2018,0a4,0,0,3
210173,2018,20a59,0,0,10
210173,2018,5a19,0,0,3
210173,2018,60mais,0,0,5
210173,2019,0a4,0,0,6
210173,2019,20a59,0,0,6
210173,2019,5a19,0,0,4
210173,2019,60mais,0,0,10
210173,2020,0a4,0,0,2
210173,2020,20a59,0,0,5
210173,2020,5a19,0,0,1
210173,2020,60mais,0,0,11
210173,2021,0a4,1,0,3
210173,2021,20a59,0,1,8
210173,2021,60mais,0,0,9
210173,2022,0a4,0,2,8
210173,2022,20a59,0,0,10
210173,2022,60mais,0,0,14
210173,2023,0a4,0,0,1
210173,2023,20a59,0,0,7
210173,2023,5a19,0,0,2
210173,2023,60mais,0,0,8
210173,2024,0a4,0,0,2
210173,2024,20a59,0,0,10
210173,2024,5a19,0,0,1
210173,2024,60mais,0,0,22
210177,2008,0a4,0,0,6
210177,2008,20a59,0,1,8
210177,2008,60mais,0,0,13
210177,2009,0a4,0,0,4
210177,2009,20a59,0,1,11
210177,2009,5a19,1,0,1
210177,2009,60mais,0,0,13
210177,2010,0a4,0,0,5
210177,2010,20a59,0,0,10
210177,2010,5a19,0,0,4
210177,2010,60mais,0,1,17
210177,2011,0a4,0,0,7
210177,2011,20a59,0,0,8
210177,2011,60mais,0,1,18
210177,2012,0a4,0,0,3
210177,2012,20a59,0,1,12
210177,2012,5a19,0,0,1
210177,2012,60mais,1,0,24
210177,2013,0a4,0,1,4
210177,2013,20a59,0,1,14
210177,2013,60mais,0,2,30
210177,2014,0a4,0,0,7
210177,2014,20a59,1,0,22
210177,2014,5a19,0,0,2
210177,2014,60mais,0,0,41
210177,2015,0a4,0,0,3
210177,2015,20a59,0,0,11
210177,2015,5a19,0,0,3
210177,2015,60mais,0,0,33
210177,2016,0a4,0,0,2
210177,2016,20a59,0,0,14
210177,2016,5a19,0,0,2
210177,2016,60mais,0,0,37
210177,2017,0a4,0,0,4
210177,2017,20a59,0,0,12
210177,2017,5a19,0,0,4
210177,2017,60mais,0,0,44
210177,2018,0a4,0,0,4
210177,2018,20a59,0,1,22
210177,2018,60mais,0,0,34
210177,2019,0a4,0,0,1
210177,2019,20a59,0,1,19
210177,2019,5a19,0,0,2
210177,2019,60mais,0,1,44
210177,2020,0a4,0,0,3
210177,2020,20a59,0,0,17
210177,2020,5a19,0,0,1
210177,2020,60mais,0,0,48
210177,2021,20a59,0,2,19
210177,2021,5a19,0,0,2
210177,2021,60mais,0,1,42
210177,2022,0a4,0,0,4
210177,2022,20a59,0,1,21
210177,2022,5a19,0,0,3
210177,2022,60mais,0,6,47
210177,2023,0a4,0,0,1
210177,2023,20a59,1,2,23
210177,2023,5a19,0,0,2
210177,2023,60mais,0,2,45
210177,2024,20a59,0,2,19
210177,2024,5a19,0,0,1
210177,2024,60mais,0,2,45
210180,2008,20a59,0,0,4
210180,2008,5a19,0,0,1
210180,2008,60mais,0,1,18
210180,2009,0a4,0,0,2
210180,2009,20a59,0,0,10
210180,2009,60mais,0,0,8
210180,2010,20a59,0,0,2
210180,2010,60mais,0,1,9
210180,2011,20a59,0,2,7
210180,2011,60mais,0,1,20
210180,2012,20a59,0,1,5
210180,2012,60mais,0,0,15
210180,2013,20a59,0,1,5
210180,2013,60mais,0,1,14
210180,2014,0a4,0,0,1
210180,2014,20a59,2,0,9
210180,2014,60mais,0,0,10
210180,2015,0a4,0,0,1
210180,2015,20a59,0,0,6
210180,2015,60mais,0,0,13
210180,2016,0a4,1,0,1
210180,2016,20a59,0,0,4
210180,2016,5a19,0,0,3
210180,2016,60mais,0,2,13
210180,2017,0a4,0,0,2
210180,2017,20a59,0,2,7
210180,2017,5a19,0,0,1
210180,2017,60mais,0,1,22
210180,2018,0a4,0,0,1
210180,2018,20a59,0,2,11
210180,2018,60mais,0,0,16
210180,2019,20a59,0,0,6
210180,2019,5a19,0,0,2
210180,2019,60mais,0,0,19
210180,2020,0a4,0,0,1
210180,2020,20a59,0,0,6
210180,2020,60mais,0,0,23
210180,2021,0a4,0,0,1
210180,2021,20a59,0,0,2
210180,2021,5a19,0,0,1
210180,2021,60mais,1,1,26
210180,2022,0a4,0,0,2
210180,2022,20a59,0,5,15
210180,2022,5a19,0,0,1
210180,2022,60mais,1,1,30
210180,2023,20a59,0,0,12
210180,2023,5a19,0,0,1
210180,2023,60mais,0,0,27
210180,2024,0a4,0,0,2
210180,2024,20a59,0,0,11
210180,2024,5a19,0,0,1
210180,2024,60mais,0,2,22
210190,2008,0a4,0,0,1
210190,2008,20a59,0,1,15
210190,2008,5a19,0,1,7
210190,2008,60mais,0,12,48
210190,2009,0a4,0,0,6
210190,2009,20a59,0,1,16
210190,2009,60mais,0,0,14
210190,2010,0a4,0,0,7
210190,2010,20a59,0,10,21
210190,2010,5a19,0,2,4
210190,2010,60mais,0,10,19
210190,2011,0a4,0,2,5
210190,2011,20a59,0,1,14
210190,2011,5a19,0,0,1
210190,2011,60mais,0,2,21
210190,2012,0a4,0,1,5
210190,2012,20a59,0,4,17
210190,2012,5a19,0,0,2
210190,2012,60mais,0,5,24
210190,2013,0a4,0,0,4
210190,2013,20a59,0,1,19
210190,2013,5a19,0,0,4
210190,2013,60mais,0,1,32
210190,2014,0a4,0,0,7
210190,2014,20a59,0,1,14
210190,2014,5a19,0,0,3
210190,2014,60mais,0,3,36
210190,2015,0a4,0,0,4
210190,2015,20a59,0,0,24
210190,2015,5a19,0,0,4
210190,2015,60mais,0,2,35
210190,2016,0a4,0,0,2
210190,2016,20a59,0,2,23
210190,2016,5a19,0,1,2
210190,2016,60mais,0,0,52
210190,2017,0a4,0,0,6
210190,2017,20a59,0,4,26
210190,2017,5a19,0,0,1
210190,2017,60mais,0,2,77
210190,2018,0a4,0,1,9
210190,2018,20a59,0,0,28
210190,2018,5a19,0,0,1
210190,2018,60mais,1,4,73
210190,2019,0a4,0,0,4
210190,2019,20a59,0,0,32
210190,2019,5a19,0,0,3
210190,2019,60mais,0,0,62
210190,2020,0a4,1,0,3
210190,2020,20a59,0,3,37
210190,2020,5a19,0,0,1
210190,2020,60mais,0,4,78
210190,2021,0a4,0,0,3
210190,2021,20a59,0,1,44
210190,2021,5a19,0,0,5
210190,2021,60mais,0,4,78
210190,2022,0a4,0,1,6
210190,2022,20a59,1,1,28
210190,2022,5a19,0,0,1
210190,2022,60mais,0,5,86
210190,2023,0a4,1,0,1
210190,2023,20a59,0,2,41
210190,2023,5a19,0,0,2
210190,2023,60mais,0,6,82
210190,2024,0a4,0,0,2
210190,2024,20a59,0,1,28
210190,2024,5a19,0,0,4
210190,2024,60mais,0,5,99
210193,2008,0a4,0,0,2
210193,2008,20a59,0,0,8
210193,2008,60mais,0,3,15
210193,2009,0a4,0,1,5
210193,2009,20a59,0,0,5
210193,2009,5a19,0,0,1
210193,2009,60mais,1,1,10
210193,2010,0a4,0,0,3
210193,2010,20a59,0,1,5
210193,2010,60mais,0,1,11
210193,2011,0a4,0,0,2
210193,2011,20a59,0,1,9
210193,2011,60mais,1,1,18
210193,2012,0a4,0,0,1
210193,2012,20a59,0,2,13
210193,2012,5a19,0,0,2
210193,2012,60mais,0,1,9
210193,2013,20a59,0,2,5
210193,2013,5a19,0,0,1
210193,2013,60mais,0,0,9
210193,2014,0a4,0,0,2
210193,2014,20a59,0,0,6
210193,2014,5a19,0,0,2
210193,2014,60mais,0,3,10
210193,2015,0a4,0,0,1
210193,2015,20a59,0,0,5
210193,2015,60mais,1,1,11
210193,2016,0a4,0,0,3
210193,2016,20a59,0,0,9
210193,2016,5a19,0,0,1
210193,2016,60mais,0,0,16
210193,2017,20a59,0,1,1
210193,2017,60mais,0,0,14
210193,2018,0a4,0,0,1
210193,2018,20a59,0,2,11
210193,2018,5a19,0,1,2
210193,2018,60mais,0,5,20
210193,2019,20a59,0,0,5
210193,2019,60mais,0,4,20
210193,2020,20a59,0,1,9
210193,2020,5a19,0,0,1
210193,2020,60mais,0,2,18
210193,2021,0a4,0,0,2
210193,2021,20a59,0,3,13
210193,2021,60mais,0,7,32
210193,2022,20a59,1,3,9
210193,2022,60mais,0,2,24
210193,2023,20a59,0,2,11
210193,2023,60mais,0,3,26
210193,2024,20a59,0,2,19
210193,2024,60mais,0,7,36
210197,2008,0a4,0,1,4
210197,2008,20a59,0,0,5
210197,2008,5a19,0,0,1
210197,2008,60mais,0,1,9
210197,2009,0a4,0,2,6
210197,2009,20a59,0,2,11
210197,2009,5a19,0,0,3
210197,2009,60mais,0,3,14
210197,2010,0a4,0,1,5
210197,2010,20a59,0,3,20
210197,2010,5a19,0,0,2
210197,2010,60mais,0,3,11
210197,2011,0a4,0,0,2
210197,2011,20a59,0,0,8
210197,2011,5a19,0,0,3
210197,2011,60mais,0,3,15
210197,2012,0a4,0,0,2
210197,2012,20a59,0,0,10
210197,2012,5a19,0,0,5
210197,2012,60mais,0,3,11
210197,2013,0a4,0,0,3
210197,2013,20a59,0,3,8
210197,2013,60mais,0,1,8
210197,2014,0a4,0,0,3
210197,2014,20a59,0,1,9
210197,2014,5a19,0,0,2
210197,2014,60mais,0,0,11
210197,2015,0a4,0,0,2
210197,2015,20a59,0,0,8
210197,2015,60mais,0,1,10
210197,2016,0a4,0,0,4
210197,2016,20a59,0,0,7
210197,2016,5a19,0,0,1
210197,2016,60mais,0,1,17
210197,2017,0a4,0,0,2
210197,2017,20a59,0,0,9
210197,2017,5a19,0,0,1
210197,2017,60mais,0,5,10
210197,2018,0a4,0,1,3
210197,2018,20a59,0,0,10
210197,2018,5a19,0,0,2
210197,2018,60mais,0,2,18
210197,2019,0a4,0,0,1
210197,2019,20a59,0,1,5
210197,2019,60mais,0,1,16
210197,2020,20a59,0,2,10
210197,2020,5a19,0,0,4
210197,2020,60mais,0,4,30
210197,2021,20a59,0,7,13
210197,2021,5a19,0,0,1
210197,2021,60mais,0,2,22
210197,2022,20a59,0,0,10
210197,2022,5a19,0,1,1
210197,2022,60mais,0,1,19
210197,2023,0a4,0,0,1
210197,2023,20a59,0,1,21
210197,2023,60mais,0,1,16
210197,2024,0a4,0,0,2
210197,2024,20a59,0,1,12
210197,2024,5a19,0,0,1
210197,2024,60mais,0,3,18
210200,2008,0a4,0,0,11
210200,2008,20a59,0,1,40
210200,2008,5a19,0,0,5
210200,2008,60mais,0,2,72
210200,2009,0a4,0,3,13
210200,2009,20a59,0,5,56
210200,2009,5a19,0,0,6
210200,2009,60mais,0,6,65
210200,2010,0a4,0,0,13
210200,2010,20a59,1,2,40
210200,2010,5a19,0,0,2
210200,2010,60mais,2,6,56
210200,2011,0a4,0,0,17
210200,2011,20a59,0,1,46
210200,2011,5a19,0,1,2
210200,2011,60mais,0,4,82
210200,2012,0a4,0,1,13
210200,2012,20a59,0,4,59
210200,2012,5a19,0,0,5
210200,2012,60mais,0,4,82
210200,2013,0a4,0,0,10
210200,2013,20a59,0,3,60
210200,2013,5a19,0,0,3
210200,2013,60mais,0,9,72
210200,2014,0a4,1,0,7
210200,2014,20a59,0,3,46
210200,2014,5a19,0,0,6
210200,2014,60mais,0,2,79
210200,2015,0a4,0,1,13
210200,2015,20a59,0,8,64
210200,2015,5a19,0,0,4
210200,2015,60mais,1,7,88
210200,2016,0a4,0,0,10
210200,2016,20a59,0,5,57
210200,2016,5a19,0,1,5
210200,2016,60mais,1,6,104
210200,2017,0a4,0,0,12
210200,2017,20a59,1,3,64
210200,2017,5a19,0,0,5
210200,2017,60mais,0,7,98
210200,2018,0a4,0,0,16
210200,2018,20a59,0,2,63
210200,2018,5a19,0,0,9
210200,2018,60mais,1,8,124
210200,2019,0a4,1,0,7
210200,2019,20a59,2,3,54
210200,2019,5a19,0,1,5
210200,2019,60mais,1,4,122
210200,2020,0a4,0,0,13
210200,2020,20a59,0,1,58
210200,2020,5a19,0,0,7
210200,2020,60mais,0,11,161
210200,2021,0a4,0,0,11
210200,2021,20a59,0,2,64
210200,2021,5a19,0,0,8
210200,2021,60mais,0,5,146
210200,2022,0a4,1,0,14
210200,2022,20a59,0,8,60
210200,2022,5a19,0,1,5
210200,2022,60mais,1,13,115
210200,2023,0a4,0,1,7
210200,2023,20a59,0,7,58
210200,2023,5a19,0,0,4
210200,2023,60mais,2,11,105
210200,2024,0a4,0,1,10
210200,2024,20a59,3,5,56
210200,2024,5a19,0,1,8
210200,2024,60mais,0,13,116
210203,2008,0a4,0,0,7
210203,2008,20a59,0,2,39
210203,2008,5a19,0,0,3
210203,2008,60mais,0,1,25
210203,2009,0a4,1,0,15
210203,2009,20a59,1,5,41
210203,2009,5a19,0,0,3
210203,2009,60mais,0,1,32
210203,2010,0a4,1,0,14
210203,2010,20a59,0,2,29
210203,2010,5a19,0,0,4
210203,2010,60mais,1,1,39
210203,2011,0a4,2,0,11
210203,2011,20a59,0,0,31
210203,2011,5a19,0,0,6
210203,2011,60mais,0,4,47
210203,2012,0a4,0,1,13
210203,2012,20a59,0,4,47
210203,2012,5a19,0,0,4
210203,2012,60mais,0,6,32
210203,2013,0a4,0,0,18
210203,2013,20a59,0,3,31
210203,2013,5a19,0,0,4
210203,2013,60mais,0,2,36
210203,2014,0a4,2,0,14
210203,2014,20a59,0,7,49
210203,2014,5a19,0,1,3
210203,2014,60mais,0,3,38
210203,2015,0a4,0,1,13
210203,2015,20a59,0,3,41
210203,2015,5a19,0,1,11
210203,2015,60mais,1,4,39
210203,2016,0a4,0,1,16
210203,2016,20a59,1,3,51
210203,2016,5a19,0,0,10
210203,2016,60mais,0,6,52
210203,2017,0a4,2,0,18
210203,2017,20a59,0,3,48
210203,2017,5a19,0,0,7
210203,2017,60mais,0,5,61
210203,2018,0a4,0,0,14
210203,2018,20a59,0,4,47
210203,2018,5a19,0,1,7
210203,2018,60mais,0,5,66
210203,2019,0a4,0,0,15
210203,2019,20a59,0,3,52
210203,2019,5a19,0,0,8
210203,2019,60mais,1,3,72
210203,2020,0a4,0,2,15
210203,2020,20a59,0,5,59
210203,2020,5a19,0,1,6
210203,2020,60mais,0,8,90
210203,2021,0a4,0,0,6
210203,2021,20a59,0,3,55
210203,2021,5a19,0,0,6
210203,2021,60mais,2,7,109
210203,2022,0a4,0,0,9
210203,2022,20a59,0,6,55
210203,2022,5a19,0,0,6
210203,2022,60mais,1,10,98
210203,2023,0a4,0,0,9
210203,2023,20a59,0,3,45
210203,2023,5a19,0,0,6
210203,2023,60mais,0,10,77
210203,2024,0a4,0,0,6
210203,2024,20a59,0,5,64
210203,2024,5a19,0,0,4
210203,2024,60mais,0,10,74
210207,2008,0a4,2,0,4
210207,2008,20a59,0,4,13
210207,2008,5a19,0,0,1
210207,2008,60mais,0,2,12
210207,2009,0a4,1,0,3
210207,2009,20a59,0,0,12
210207,2009,60mais,1,2,20
210207,2010,20a59,0,1,3
210207,2010,5a19,0,0,3
210207,2010,60mais,0,2,20
210207,2011,0a4,0,0,3
210207,2011,20a59,0,2,14
210207,2011,5a19,0,0,1
210207,2011,60mais,0,1,17
210207,2012,0a4,0,0,2
210207,2012,20a59,0,0,18
210207,2012,5a19,0,0,3
210207,2012,60mais,0,2,19
210207,2013,0a4,0,0,2
210207,2013,20a59,0,1,12
210207,2013,60mais,0,1,23
210207,2014,0a4,0,0,2
210207,2014,20a59,0,0,21
210207,2014,5a19,0,0,1
210207,2014,60mais,0,0,28
210207,2015,0a4,0,0,4
210207,2015,20a59,0,2,21
210207,2015,5a19,0,0,1
210207,2015,60mais,0,0,27
210207,2016,0a4,0,0,4
210207,2016,20a59,0,3,19
210207,2016,5a19,1,1,3
210207,2016,60mais,0,1,24
210207,2017,0a4,0,0,3
210207,2017,20a59,0,0,12
210207,2017,5a19,0,1,3
210207,2017,60mais,0,2,34
210207,2018,0a4,0,1,2
210207,2018,20a59,0,0,13
210207,2018,5a19,0,1,3
210207,2018,60mais,0,3,27
210207,2019,20a59,0,0,16
210207,2019,5a19,0,0,2
210207,2019,60mais,0,2,37
210207,2020,0a4,0,0,1
210207,2020,20a59,0,0,13
210207,2020,5a19,0,0,2
210207,2020,60mais,0,2,42
210207,2021,0a4,0,0,1
210207,2021,20a59,0,1,23
210207,2021,5a19,0,0,2
210207,2021,60mais,0,1,35
210207,2022,0a4,0,0,1
210207,2022,20a59,1,0,19
210207,2022,60mais,0,1,31
210207,2023,0a4,0,0,1
210207,2023,20a59,0,1,14
210207,2023,5a19,0,0,2
210207,2023,60mais,0,2,53
210207,2024,0a4,0,0,1
210207,2024,20a59,0,1,24
210207,2024,5a19,0,0,1
210207,2024,60mais,0,0,38
210210,2008,0a4,1,1,16
210210,2008,20a59,0,4,46
210210,2008,5a19,0,0,1
210210,2008,60mais,0,4,59
210210,2009,0a4,0,1,10
210210,2009,20a59,0,3,30
210210,2009,5a19,0,2,4
210210,2009,60mais,0,6,64
210210,2010,0a4,0,1,15
210210,2010,20a59,0,4,27
210210,2010,5a19,0,0,1
210210,2010,60mais,0,7,50
210210,2011,0a4,0,0,12
210210,2011,20a59,0,1,28
210210,2011,5a19,0,0,4
210210,2011,60mais,0,7,88
210210,2012,0a4,0,1,4
210210,2012,20a59,0,3,34
210210,2012,5a19,0,0,1
210210,2012,60mais,1,3,93
210210,2013,0a4,0,0,9
210210,2013,20a59,0,1,29
210210,2013,5a19,0,0,5
210210,2013,60mais,1,3,89
210210,2014,0a4,0,0,13
210210,2014,20a59,0,1,27
210210,2014,5a19,0,1,4
210210,2014,60mais,1,8,91
210210,2015,0a4,1,0,7
210210,2015,20a59,0,0,29
210210,2015,5a19,0,0,3
210210,2015,60mais,0,11,104
210210,2016,0a4,0,0,9
210210,2016,20a59,0,1,45
210210,2016,5a19,0,0,5
210210,2016,60mais,1,3,89
210210,2017,0a4,0,1,5
210210,2017,20a59,0,5,52
210210,2017,5a19,0,0,7
210210,2017,60mais,0,20,130
210210,2018,0a4,0,1,7
210210,2018,20a59,0,1,41
210210,2018,5a19,0,0,4
210210,2018,60mais,0,5,95
210210,2019,0a4,0,0,11
210210,2019,20a59,0,0,43
210210,2019,5a19,0,0,1
210210,2019,60mais,0,4,105
210210,2020,0a4,0,0,2
210210,2020,20a59,0,0,50
210210,2020,5a19,0,0,2
210210,2020,60mais,0,1,121
210210,2021,0a4,0,1,11
210210,2021,20a59,0,0,52
210210,2021,5a19,0,0,6
210210,2021,60mais,2,3,152
210210,2022,0a4,0,1,8
210210,2022,20a59,0,1,34
210210,2022,5a19,0,0,4
210210,2022,60mais,0,13,153
210210,2023,0a4,0,1,9
210210,2023,20a59,0,1,39
210210,2023,5a19,0,0,7
210210,2023,60mais,2,1,120
210210,2024,0a4,0,0,3
210210,2024,20a59,0,1,66
210210,2024,5a19,0,0,4
210210,2024,60mais,1,7,131
210215,2008,0a4,1,0,7
210215,2008,20a59,0,3,16
210215,2008,5a19,0,0,1
210215,2008,60mais,1,2,7
210215,2009,0a4,0,1,5
210215,2009,20a59,0,3,10
210215,2009,5a19,0,0,2
210215,2009,60mais,1,8,27
210215,2010,0a4,1,0,2
210215,2010,20a59,0,2,12
210215,2010,5a19,0,0,3
210215,2010,60mais,0,2,14
210215,2011,0a4,0,1,4
210215,2011,20a59,0,0,7
210215,2011,60mais,0,1,23
210215,2012,20a59,0,3,14
210215,2012,60mais,0,4,24
210215,2013,20a59,0,0,5
210215,2013,5a19,0,0,1
210215,2013,60mais,0,4,15
210215,2014,0a4,0,0,2
210215,2014,20a59,0,0,5
210215,2014,5a19,0,0,1
210215,2014,60mais,0,1,15
210215,2015,20a59,0,0,7
210215,2015,60mais,0,2,13
210215,2016,0a4,0,0,1
210215,2016,20a59,0,6,16
210215,2016,5a19,0,0,1
210215,2016,60mais,0,2,17
210215,2017,20a59,0,1,7
210215,2017,5a19,0,0,1
210215,2017,60mais,0,8,26
210215,2018,0a4,0,1,4
210215,2018,20a59,0,4,12
210215,2018,60mais,0,6,26
210215,2019,0a4,0,0,2
210215,2019,20a59,0,2,12
210215,2019,60mais,0,1,11
210215,2020,0a4,0,1,2
210215,2020,20a59,0,0,13
210215,2020,5a19,0,0,2
210215,2020,60mais,0,2,33
210215,2021,0a4,0,0,2
210215,2021,20a59,0,1,12
210215,2021,5a19,0,0,3
210215,2021,60mais,0,1,25
210215,2022,0a4,0,1,2
210215,2022,20a59,0,0,12
210215,2022,5a19,0,0,1
210215,2022,60mais,0,0,24
210215,2023,0a4,0,0,2
210215,2023,20a59,0,1,13
210215,2023,5a19,0,1,4
210215,2023,60mais,0,4,18
210215,2024,0a4,0,0,2
210215,2024,20a59,0,0,10
210215,2024,5a19,0,0,1
210215,2024,60mais,0,1,18
210220,2008,0a4,2,1,15
210220,2008,20a59,0,0,26
210220,2008,5a19,0,1,5
210220,2008,60mais,1,1,45
210220,2009,0a4,1,0,20
210220,2009,20a59,0,4,19
210220,2009,5a19,0,1,6
210220,2009,60mais,0,3,53
210220,2010,0a4,0,2,15
210220,2010,20a59,0,1,27
210220,2010,5a19,0,3,4
210220,2010,60mais,0,6,56
210220,2011,0a4,0,2,14
210220,2011,20a59,0,1,38
210220,2011,5a19,0,1,2
210220,2011,60mais,0,3,57
210220,2012,0a4,0,1,13
210220,2012,20a59,0,1,33
210220,2012,5a19,0,0,3
210220,2012,60mais,0,8,62
210220,2013,0a4,0,0,16
210220,2013,20a59,0,5,28
210220,2013,5a19,0,0,3
210220,2013,60mais,1,8,67
210220,2014,0a4,0,0,15
210220,2014,20a59,0,2,35
210220,2014,5a19,0,0,5
210220,2014,60mais,0,3,64
210220,2015,0a4,0,0,5
210220,2015,20a59,0,3,32
210220,2015,5a19,0,0,5
210220,2015,60mais,0,3,45
210220,2016,0a4,0,0,11
210220,2016,20a59,0,1,36
210220,2016,5a19,0,2,4
210220,2016,60mais,0,6,62
210220,2017,0a4,2,0,11
210220,2017,20a59,0,2,38
210220,2017,5a19,0,0,5
210220,2017,60mais,0,5,76
210220,2018,0a4,0,0,12
210220,2018,20a59,0,3,29
210220,2018,5a19,0,0,1
210220,2018,60mais,0,2,78
210220,2019,0a4,0,0,7
210220,2019,20a59,0,3,32
210220,2019,5a19,0,1,9
210220,2019,60mais,1,8,84
210220,2020,0a4,0,0,5
210220,2020,20a59,0,6,44
210220,2020,5a19,0,0,6
210220,2020,60mais,0,17,113
210220,2021,0a4,0,0,7
210220,2021,20a59,0,2,41
210220,2021,5a19,0,0,3
210220,2021,60mais,0,0,94
210220,2022,0a4,0,0,11
210220,2022,20a59,0,8,38
210220,2022,5a19,0,0,4
210220,2022,60mais,0,5,98
210220,2023,0a4,0,0,11
210220,2023,20a59,1,5,40
210220,2023,5a19,0,1,3
210220,2023,60mais,1,8,69
210220,2024,0a4,0,0,7
210220,2024,20a59,0,2,48
210220,2024,5a19,0,0,4
210220,2024,60mais,1,2,85
210230,2008,0a4,1,0,5
210230,2008,20a59,0,1,20
210230,2008,5a19,0,0,2
210230,2008,60mais,1,0,65
210230,2009,0a4,0,0,5
210230,2009,20a59,0,0,32
210230,2009,5a19,0,0,6
210230,2009,60mais,1,0,61
210230,2010,0a4,1,0,11
210230,2010,20a59,0,1,13
210230,2010,5a19,0,0,1
210230,2010,60mais,0,0,47
210230,2011,0a4,0,0,5
210230,2011,20a59,0,0,32
210230,2011,5a19,0,0,7
210230,2011,60mais,0,0,66
210230,2012,0a4,0,0,7
210230,2012,20a59,0,1,30
210230,2012,5a19,0,1,4
210230,2012,60mais,0,1,51
210230,2013,0a4,0,0,7
210230,2013,20a59,0,1,33
210230,2013,5a19,0,0,5
210230,2013,60mais,0,2,61
210230,2014,0a4,0,1,11
210230,2014,20a59,0,1,38
210230,2014,5a19,0,0,3
210230,2014,60mais,0,2,60
210230,2015,0a4,0,0,7
210230,2015,20a59,0,2,37
210230,2015,5a19,0,1,2
210230,2015,60mais,1,1,69
210230,2016,0a4,0,0,6
210230,2016,20a59,1,2,44
210230,2016,5a19,0,1,3
210230,2016,60mais,0,3,95
210230,2017,0a4,0,0,6
210230,2017,20a59,0,4,39
210230,2017,5a19,0,1,7
210230,2017,60mais,1,6,61
210230,2018,0a4,0,0,6
210230,2018,20a59,0,1,37
210230,2018,5a19,0,0,4
210230,2018,60mais,0,14,71
210230,2019,0a4,0,0,5
210230,2019,20a59,0,4,44
210230,2019,5a19,0,0,1
210230,2019,60mais,0,14,89
210230,2020,0a4,0,2,9
210230,2020,20a59,0,1,51
210230,2020,5a19,0,0,2
210230,2020,60mais,0,3,122
210230,2021,0a4,0,0,7
210230,2021,20a59,0,2,44
210230,2021,5a19,0,0,3
210230,2021,60mais,0,7,122
210230,2022,0a4,0,0,5
210230,2022,20a59,0,7,42
210230,2022,5a19,0,0,3
210230,2022,60mais,0,14,107
210230,2023,0a4,0,0,3
210230,2023,20a59,0,4,59
210230,2023,5a19,0,0,7
210230,2023,60mais,0,20,104
210230,2024,0a4,0,0,5
210230,2024,20a59,0,3,51
210230,2024,5a19,0,0,4
210230,2024,60mais,1,7,110
210232,2008,0a4,1,3,32
210232,2008,20a59,0,7,91
210232,2008,5a19,0,2,9
210232,2008,60mais,2,19,92
210232,2009,0a4,5,5,37
210232,2009,20a59,0,15,110
210232,2009,5a19,0,5,29
210232,2009,60mais,0,25,78
210232,2010,0a4,2,0,27
210232,2010,20a59,0,13,103
210232,2010,5a19,0,1,18
210232,2010,60mais,0,30,100
210232,2011,0a4,0,4,23
210232,2011,20a59,0,10,100
210232,2011,5a19,2,4,21
210232,2011,60mais,1,25,92
210232,2012,0a4,3,0,24
210232,2012,20a59,0,9,107
210232,2012,5a19,0,0,11
210232,2012,60mais,1,28,118
210232,2013,0a4,0,2,26
210232,2013,20a59,0,9,108
210232,2013,5a19,0,2,15
210232,2013,60mais,0,34,120
210232,2014,0a4,1,2,29
210232,2014,20a59,1,11,117
210232,2014,5a19,0,1,20
210232,2014,60mais,1,25,128
210232,2015,0a4,2,2,32
210232,2015,20a59,0,3,94
210232,2015,5a19,0,2,15
210232,2015,60mais,0,25,111
210232,2016,0a4,1,0,19
210232,2016,20a59,0,5,117
210232,2016,5a19,0,0,18
210232,2016,60mais,0,14,138
210232,2017,0a4,2,1,36
210232,2017,20a59,0,9,113
210232,2017,5a19,0,2,10
210232,2017,60mais,1,25,139
210232,2018,0a4,0,2,20
210232,2018,20a59,1,7,118
210232,2018,5a19,0,1,20
210232,2018,60mais,1,8,107
210232,2019,0a4,0,2,24
210232,2019,20a59,0,4,112
210232,2019,5a19,0,1,9
210232,2019,60mais,1,33,153
210232,2020,0a4,0,0,16
210232,2020,20a59,0,18,127
210232,2020,5a19,1,0,13
210232,2020,60mais,1,46,193
210232,2021,0a4,0,1,22
210232,2021,20a59,1,13,149
210232,2021,5a19,0,0,13
210232,2021,60mais,1,41,221
210232,2022,0a4,0,0,22
210232,2022,20a59,0,14,109
210232,2022,5a19,0,1,17
210232,2022,60mais,0,40,182
210232,2023,0a4,0,0,12
210232,2023,20a59,0,5,104
210232,2023,5a19,0,0,11
210232,2023,60mais,2,34,206
210232,2024,0a4,0,1,15
210232,2024,20a59,1,5,101
210232,2024,5a19,0,0,17
210232,2024,60mais,2,40,195
210235,2008,0a4,1,0,4
210235,2008,20a59,0,6,12
210235,2008,5a19,0,0,5
210235,2008,60mais,0,11,25
210235,2009,0a4,0,0,4
210235,2009,20a59,0,0,6
210235,2009,5a19,0,0,1
210235,2009,60mais,0,3,12
210235,2010,0a4,0,0,2
210235,2010,20a59,0,5,9
210235,2010,5a19,0,0,1
210235,2010,60mais,0,10,18
210235,2011,0a4,0,0,3
210235,2011,20a59,0,5,11
210235,2011,60mais,0,16,32
210235,2012,0a4,0,0,6
210235,2012,20a59,0,3,13
210235,2012,5a19,0,0,1
210235,2012,60mais,0,16,28
210235,2013,0a4,0,0,3
210235,2013,20a59,0,10,21
210235,2013,5a19,0,1,2
210235,2013,60mais,0,16,38
210235,2014,0a4,0,0,2
210235,2014,20a59,0,6,15
210235,2014,5a19,0,0,1
210235,2014,60mais,0,16,32
210235,2015,0a4,0,1,5
210235,2015,20a59,0,4,25
210235,2015,5a19,0,0,2
210235,2015,60mais,0,18,34
210235,2016,0a4,0,1,2
210235,2016,20a59,0,3,22
210235,2016,5a19,0,0,2
210235,2016,60mais,0,10,55
210235,2017,0a4,0,0,8
210235,2017,20a59,0,2,27
210235,2017,5a19,0,0,2
210235,2017,60mais,0,10,51
210235,2018,0a4,0,0,5
210235,2018,20a59,0,1,23
210235,2018,5a19,0,0,2
210235,2018,60mais,0,6,49
210235,2019,0a4,0,1,7
210235,2019,20a59,0,1,21
210235,2019,5a19,0,0,1
210235,2019,60mais,0,7,55
210235,2020,0a4,0,1,6
210235,2020,20a59,0,1,24
210235,2020,5a19,0,0,4
210235,2020,60mais,0,10,72
210235,2021,0a4,0,0,4
210235,2021,20a59,0,0,26
210235,2021,60mais,0,10,74
210235,2022,0a4,0,0,10
210235,2022,20a59,0,2,23
210235,2022,5a19,0,0,1
210235,2022,60mais,1,7,61
210235,2023,0a4,0,0,2
210235,2023,20a59,0,1,19
210235,2023,5a19,0,0,2
210235,2023,60mais,0,11,51
210235,2024,0a4,0,0,1
210235,2024,20a59,0,1,23
210235,2024,5a19,0,0,4
210235,2024,60mais,0,16,63
210237,2008,0a4,0,0,2
210237,2008,20a59,0,1,4
210237,2008,5a19,0,0,1
210237,2008,60mais,0,7,14
210237,2009,0a4,1,1,6
210237,2009,20a59,0,0,6
210237,2009,5a19,0,0,1
210237,2009,60mais,0,2,8
210237,2010,0a4,0,0,1
210237,2010,20a59,1,1,13
210237,2010,5a19,0,0,2
210237,2010,60mais,0,2,15
210237,2011,0a4,0,0,4
210237,2011,20a59,0,0,9
210237,2011,60mais,0,4,26
210237,2012,0a4,0,0,3
210237,2012,20a59,0,1,11
210237,2012,5a19,0,0,2
210237,2012,60mais,0,0,17
210237,2013,0a4,0,1,3
210237,2013,20a59,0,0,9
210237,2013,5a19,0,0,1
210237,2013,60mais,0,1,10
210237,2014,0a4,0,0,2
210237,2014,20a59,0,0,6
210237,2014,5a19,0,0,1
210237,2014,60mais,0,1,14
210237,2015,20a59,0,0,3
210237,2015,5a19,0,0,2
210237,2015,60mais,0,1,16
210237,2016,0a4,0,0,2
210237,2016,20a59,0,2,11
210237,2016,60mais,0,0,16
210237,2017,0a4,0,0,3
210237,2017,20a59,0,2,13
210237,2017,5a19,0,2,3
210237,2017,60mais,0,4,22
210237,2018,0a4,0,0,2
210237,2018,20a59,0,3,14
210237,2018,60mais,0,7,27
210237,2019,0a4,0,0,3
210237,2019,20a59,0,1,9
210237,2019,5a19,0,0,1
210237,2019,60mais,0,0,20
210237,2020,0a4,0,0,3
210237,2020,20a59,0,1,18
210237,2020,5a19,0,0,1
210237,2020,60mais,0,1,24
210237,2021,0a4,0,0,5
210237,2021,20a59,0,3,14
210237,2021,5a19,0,0,1
210237,2021,60mais,0,2,10
210237,2022,0a4,0,0,2
210237,2022,20a59,0,2,11
210237,2022,5a19,0,0,3
210237,2022,60mais,0,1,15
210237,2023,0a4,0,0,1
210237,2023,20a59,0,0,9
210237,2023,60mais,1,0,14
210237,2024,0a4,0,0,3
210237,2024,20a59,0,0,12
210237,2024,60mais,0,1,26
210240,2008,0a4,0,1,3
210240,2008,20a59,0,1,6
210240,2008,5a19,0,0,1
210240,2008,60mais,0,5,11
210240,2009,0a4,0,0,2
210240,2009,20a59,0,1,4
210240,2009,5a19,0,0,1
210240,2009,60mais,0,4,15
210240,2010,0a4,0,1,5
210240,2010,20a59,0,2,12
210240,2010,5a19,0,1,1
210240,2010,60mais,0,12,33
210240,2011,0a4,0,0,6
210240,2011,20a59,0,0,2
210240,2011,5a19,0,0,2
210240,2011,60mais,0,0,7
210240,2012,0a4,0,1,2
210240,2012,20a59,0,0,11
210240,2012,5a19,0,1,2
210240,2012,60mais,0,2,17
210240,2013,0a4,0,0,8
210240,2013,20a59,0,9,17
210240,2013,5a19,0,0,1
210240,2013,60mais,0,7,31
210240,2014,0a4,0,0,1
210240,2014,20a59,0,2,12
210240,2014,5a19,0,0,1
210240,2014,60mais,1,4,23
210240,2015,0a4,0,0,2
210240,2015,20a59,0,4,19
210240,2015,60mais,1,7,31
210240,2016,0a4,0,0,2
210240,2016,20a59,0,0,10
210240,2016,5a19,0,0,4
210240,2016,60mais,0,0,32
210240,2017,0a4,0,0,6
210240,2017,20a59,0,0,13
210240,2017,5a19,0,0,1
210240,2017,60mais,0,3,33
210240,2018,0a4,0,0,1
210240,2018,20a59,0,2,17
210240,2018,5a19,0,0,1
210240,2018,60mais,0,5,34
210240,2019,0a4,0,0,1
210240,2019,20a59,0,2,7
210240,2019,5a19,0,0,1
210240,2019,60mais,0,6,35
210240,2020,20a59,0,3,15
210240,2020,5a19,0,0,3
210240,2020,60mais,0,10,34
210240,2021,20a59,0,1,16
210240,2021,5a19,0,0,1
210240,2021,60mais,0,5,35
210240,2022,0a4,0,0,3
210240,2022,20a59,0,1,14
210240,2022,60mais,0,6,38
210240,2023,0a4,0,0,2
210240,2023,20a59,0,4,13
210240,2023,5a19,0,0,2
210240,2023,60mais,0,5,40
210240,2024,0a4,1,0,2
210240,2024,20a59,0,0,16
210240,2024,60mais,0,2,34
210250,2008,0a4,1,0,4
210250,2008,20a59,0,1,8
210250,2008,5a19,0,1,2
210250,2008,60mais,0,2,14
210250,2009,0a4,0,0,2
210250,2009,20a59,0,2,19
210250,2009,5a19,0,1,3
210250,2009,60mais,0,2,29
210250,2010,0a4,0,0,8
210250,2010,20a59,0,2,25
210250,2010,5a19,0,0,2
210250,2010,60mais,0,0,33
210250,2011,0a4,0,0,4
210250,2011,20a59,0,1,25
210250,2011,60mais,0,0,37
210250,2012,0a4,0,0,3
210250,2012,20a59,0,5,17
210250,2012,5a19,1,1,2
210250,2012,60mais,0,4,33
210250,2013,0a4,0,0,4
210250,2013,20a59,0,1,17
210250,2013,5a19,0,0,2
210250,2013,60mais,0,11,32
210250,2014,0a4,0,0,9
210250,2014,20a59,1,1,32
210250,2014,5a19,0,0,7
210250,2014,60mais,0,7,35
210250,2015,0a4,0,0,5
210250,2015,20a59,0,5,21
210250,2015,5a19,0,0,2
210250,2015,60mais,0,3,37
210250,2016,0a4,0,0,2
210250,2016,20a59,0,2,26
210250,2016,5a19,0,0,1
210250,2016,60mais,0,4,45
210250,2017,0a4,0,0,4
210250,2017,20a59,0,2,23
210250,2017,5a19,0,0,3
210250,2017,60mais,1,3,45
210250,2018,0a4,0,0,4
210250,2018,20a59,0,1,18
210250,2018,5a19,0,0,3
210250,2018,60mais,0,4,39
210250,2019,0a4,0,1,8
210250,2019,20a59,0,4,26
210250,2019,5a19,0,0,4
210250,2019,60mais,0,5,44
210250,2020,0a4,1,0,6
210250,2020,20a59,0,2,28
210250,2020,5a19,0,0,3
210250,2020,60mais,0,1,41
210250,2021,0a4,0,1,4
210250,2021,20a59,0,3,23
210250,2021,5a19,0,0,2
210250,2021,60mais,0,7,48
210250,2022,0a4,0,0,7
210250,2022,20a59,0,2,24
210250,2022,5a19,0,0,3
210250,2022,60mais,0,5,63
210250,2023,0a4,0,0,5
210250,2023,20a59,0,3,22
210250,2023,60mais,0,2,44
210250,2024,0a4,0,0,3
210250,2024,20a59,0,1,20
210250,2024,5a19,0,0,2
210250,2024,60mais,0,6,62
210255,2008,0a4,0,0,1
210255,2008,20a59,0,0,10
210255,2008,60mais,0,3,31
210255,2009,0a4,0,0,7
210255,2009,20a59,0,0,12
210255,2009,5a19,0,0,3
210255,2009,60mais,0,0,8
210255,2010,0a4,1,0,7
210255,2010,20a59,0,0,19
210255,2010,5a19,1,0,1
210255,2010,60mais,0,0,23
210255,2011,0a4,1,0,6
210255,2011,20a59,0,2,21
210255,2011,5a19,0,0,2
210255,2011,60mais,0,2,36
210255,2012,0a4,0,0,4
210255,2012,20a59,0,1,19
210255,2012,5a19,0,1,2
210255,2012,60mais,0,6,41
210255,2013,0a4,0,0,5
210255,2013,20a59,0,0,20
210255,2013,5a19,0,0,2
210255,2013,60mais,0,2,31
210255,2014,0a4,0,0,7
210255,2014,20a59,0,1,23
210255,2014,60mais,0,2,26
210255,2015,0a4,0,0,1
210255,2015,20a59,0,1,28
210255,2015,5a19,0,1,5
210255,2015,60mais,0,3,37
210255,2016,0a4,1,0,4
210255,2016,20a59,0,0,21
210255,2016,60mais,0,2,31
210255,2017,0a4,0,0,3
210255,2017,20a59,0,0,24
210255,2017,5a19,0,1,5
210255,2017,60mais,0,2,52
210255,2018,0a4,0,1,6
210255,2018,20a59,0,1,25
210255,2018,5a19,0,0,1
210255,2018,60mais,1,1,53
210255,2019,0a4,0,0,2
210255,2019,20a59,0,0,30
210255,2019,5a19,0,1,3
210255,2019,60mais,0,3,46
210255,2020,0a4,0,0,2
210255,2020,20a59,0,2,26
210255,2020,5a19,0,0,1
210255,2020,60mais,0,1,52
210255,2021,0a4,0,0,5
210255,2021,20a59,0,1,28
210255,2021,5a19,0,0,2
210255,2021,60mais,0,2,63
210255,2022,0a4,0,0,3
210255,2022,20a59,0,1,26
210255,2022,5a19,0,0,6
210255,2022,60mais,0,6,47
210255,2023,0a4,0,0,2
210255,2023,20a59,0,3,17
210255,2023,5a19,0,0,2
210255,2023,60mais,0,4,37
210255,2024,0a4,0,0,6
210255,2024,20a59,0,1,25
210255,2024,5a19,0,0,1
210255,2024,60mais,0,2,54
210260,2008,0a4,0,1,2
210260,2008,20a59,0,2,9
210260,2008,5a19,0,0,2
210260,2008,60mais,0,5,9
210260,2009,0a4,0,0,5
210260,2009,20a59,0,1,14
210260,2009,60mais,0,6,12
210260,2010,0a4,0,0,2
210260,2010,20a59,0,2,20
210260,2010,5a19,0,0,5
210260,2010,60mais,0,5,14
210260,2011,0a4,0,0,7
210260,2011,20a59,0,4,15
210260,2011,5a19,0,0,1
210260,2011,60mais,0,12,21
210260,2012,0a4,0,0,5
210260,2012,20a59,0,3,20
210260,2012,5a19,0,0,2
210260,2012,60mais,0,10,27
210260,2013,0a4,0,1,3
210260,2013,20a59,0,4,11
210260,2013,5a19,0,2,2
210260,2013,60mais,0,8,21
210260,2014,0a4,0,0,2
210260,2014,20a59,0,5,15
210260,2014,5a19,0,0,2
210260,2014,60mais,0,4,26
210260,2015,0a4,1,0,1
210260,2015,20a59,0,1,15
210260,2015,5a19,0,0,2
210260,2015,60mais,0,1,39
210260,2016,0a4,0,1,4
210260,2016,20a59,0,1,23
210260,2016,5a19,0,0,2
210260,2016,60mais,0,2,36
210260,2017,0a4,0,2,5
210260,2017,20a59,1,0,19
210260,2017,60mais,0,1,28
210260,2018,20a59,1,1,26
210260,2018,5a19,0,0,4
210260,2018,60mais,0,1,32
210260,2019,0a4,0,0,10
210260,2019,20a59,0,1,22
210260,2019,5a19,0,0,1
210260,2019,60mais,0,3,47
210260,2020,0a4,0,0,9
210260,2020,20a59,0,0,22
210260,2020,5a19,0,0,1
210260,2020,60mais,0,0,52
210260,2021,0a4,0,0,4
210260,2021,20a59,0,3,30
210260,2021,5a19,0,0,1
210260,2021,60mais,0,6,45
210260,2022,0a4,1,1,8
210260,2022,20a59,0,4,23
210260,2022,5a19,0,0,1
210260,2022,60mais,0,5,55
210260,2023,0a4,0,0,3
210260,2023,20a59,0,4,29
210260,2023,5a19,0,0,2
210260,2023,60mais,0,9,39
210260,2024,0a4,0,0,2
210260,2024,20a59,0,4,25
210260,2024,5a19,0,0,2
210260,2024,60mais,0,10,51
210270,2008,0a4,1,1,5
210270,2008,20a59,0,1,18
210270,2008,5a19,0,0,3
210270,2008,60mais,2,4,47
210270,2009,0a4,0,0,5
210270,2009,20a59,1,0,18
210270,2009,5a19,0,0,6
210270,2009,60mais,1,1,59
210270,2010,0a4,0,0,7
210270,2010,20a59,0,3,24
210270,2010,5a19,0,0,3
210270,2010,60mais,0,6,51
210270,2011,0a4,0,2,13
210270,2011,20a59,0,0,27
210270,2011,5a19,0,0,1
210270,2011,60mais,0,3,55
210270,2012,0a4,0,0,7
210270,2012,20a59,0,2,27
210270,2012,5a19,0,0,4
210270,2012,60mais,0,6,49
210270,2013,0a4,0,1,10
210270,2013,20a59,0,0,19
210270,2013,5a19,0,0,3
210270,2013,60mais,0,4,61
210270,2014,0a4,0,0,7
210270,2014,20a59,0,0,23
210270,2014,5a19,0,0,4
210270,2014,60mais,0,6,48
210270,2015,0a4,0,0,11
210270,2015,20a59,0,1,23
210270,2015,5a19,0,1,6
210270,2015,60mais,0,0,64
210270,2016,0a4,0,0,2
210270,2016,20a59,0,1,27
210270,2016,5a19,0,0,4
210270,2016,60mais,0,0,67
210270,2017,0a4,0,0,5
210270,2017,20a59,0,0,29
210270,2017,5a19,0,0,2
210270,2017,60mais,1,1,61
210270,2018,0a4,0,0,4
210270,2018,20a59,0,1,23
210270,2018,60mais,0,1,63
210270,2019,0a4,0,0,4
210270,2019,20a59,1,2,19
210270,2019,5a19,0,0,1
210270,2019,60mais,0,0,52
210270,2020,0a4,0,1,4
210270,2020,20a59,0,0,34
210270,2020,5a19,0,0,3
210270,2020,60mais,0,2,69
210270,2021,0a4,0,0,4
210270,2021,20a59,1,2,39
210270,2021,60mais,0,2,72
210270,2022,0a4,1,0,3
210270,2022,20a59,0,0,21
210270,2022,5a19,0,0,2
210270,2022,60mais,0,1,58
210270,2023,0a4,1,0,4
210270,2023,20a59,0,2,33
210270,2023,5a19,0,0,1
210270,2023,60mais,1,2,78
210270,2024,0a4,0,0,3
210270,2024,20a59,0,1,35
210270,2024,5a19,0,0,1
210270,2024,60mais,0,3,69
210275,2008,0a4,0,0,1
210275,2008,20a59,0,1,14
210275,2008,5a19,0,0,1
210275,2008,60mais,0,0,20
210275,2009,0a4,0,0,2
210275,2009,20a59,0,0,20
210275,2009,5a19,0,0,2
210275,2009,60mais,0,1,30
210275,2010,0a4,0,0,2
210275,2010,20a59,0,0,11
210275,2010,5a19,0,0,2
210275,2010,60mais,0,3,21
210275,2011,0a4,0,0,3
210275,2011,20a59,0,1,18
210275,2011,5a19,0,0,3
210275,2011,60mais,0,3,32
210275,2012,0a4,0,1,4
210275,2012,20a59,0,0,24
210275,2012,60mais,0,1,30
210275,2013,0a4,0,0,2
210275,2013,20a59,0,0,11
210275,2013,5a19,0,0,4
210275,2013,60mais,0,0,27
210275,2014,20a59,0,2,22
210275,2014,5a19,0,0,1
210275,2014,60mais,0,0,19
210275,2015,0a4,0,0,6
210275,2015,20a59,0,0,14
210275,2015,5a19,0,0,2
210275,2015,60mais,0,6,42
210275,2016,0a4,0,0,5
210275,2016,20a59,0,1,12
210275,2016,5a19,0,0,1
210275,2016,60mais,0,2,33
210275,2017,0a4,0,0,4
210275,2017,20a59,0,0,19
210275,2017,5a19,0,0,1
210275,2017,60mais,0,2,48
210275,2018,0a4,0,0,4
210275,2018,20a59,0,2,23
210275,2018,5a19,0,1,1
210275,2018,60mais,0,7,40
210275,2019,0a4,0,0,1
210275,2019,20a59,0,2,18
210275,2019,5a19,0,1,1
210275,2019,60mais,0,2,35
210275,2020,0a4,0,0,5
210275,2020,20a59,0,1,17
210275,2020,5a19,0,0,1
210275,2020,60mais,0,10,56
210275,2021,0a4,0,1,7
210275,2021,20a59,0,0,23
210275,2021,5a19,0,0,2
210275,2021,60mais,0,6,57
210275,2022,0a4,0,0,3
210275,2022,20a59,0,2,21
210275,2022,5a19,0,0,4
210275,2022,60mais,0,8,43
210275,2023,0a4,0,0,1
210275,2023,20a59,0,1,25
210275,2023,60mais,1,4,44
210275,2024,0a4,0,0,1
210275,2024,20a59,0,0,17
210275,2024,60mais,1,3,52
210280,2008,0a4,0,1,5
210280,2008,20a59,0,2,33
210280,2008,5a19,0,0,6
210280,2008,60mais,1,1,75
210280,2009,0a4,0,1,5
210280,2009,20a59,0,1,34
210280,2009,5a19,0,0,7
210280,2009,60mais,0,2,76
210280,2010,0a4,0,0,4
210280,2010,20a59,0,7,40
210280,2010,5a19,0,0,3
210280,2010,60mais,0,8,88
210280,2011,0a4,0,0,9
210280,2011,20a59,0,0,37
210280,2011,5a19,0,1,3
210280,2011,60mais,0,0,92
210280,2012,0a4,0,0,4
210280,2012,20a59,0,1,37
210280,2012,5a19,1,0,4
210280,2012,60mais,0,3,85
210280,2013,0a4,0,0,11
210280,2013,20a59,0,2,38
210280,2013,5a19,0,1,3
210280,2013,60mais,1,6,91
210280,2014,0a4,1,0,3
210280,2014,20a59,0,0,49
210280,2014,5a19,0,0,5
210280,2014,60mais,0,4,112
210280,2015,0a4,0,0,7
210280,2015,20a59,0,1,45
210280,2015,5a19,0,0,2
210280,2015,60mais,0,4,95
210280,2016,0a4,0,0,8
210280,2016,20a59,0,3,46
210280,2016,5a19,0,0,4
210280,2016,60mais,0,9,103
210280,2017,0a4,0,0,5
210280,2017,20a59,0,6,44
210280,2017,5a19,0,0,2
210280,2017,60mais,0,15,96
210280,2018,0a4,0,1,11
210280,2018,20a59,0,3,38
210280,2018,5a19,0,0,3
210280,2018,60mais,1,13,96
210280,2019,0a4,0,0,5
210280,2019,20a59,0,0,38
210280,2019,5a19,0,0,2
210280,2019,60mais,0,4,98
210280,2020,0a4,0,1,5
210280,2020,20a59,0,5,60
210280,2020,5a19,0,0,6
210280,2020,60mais,0,7,112
210280,2021,0a4,0,0,8
210280,2021,20a59,0,3,48
210280,2021,5a19,0,0,5
210280,2021,60mais,0,16,141
210280,2022,0a4,0,0,6
210280,2022,20a59,1,6,48
210280,2022,5a19,0,0,4
210280,2022,60mais,0,18,134
210280,2023,0a4,0,1,5
210280,2023,20a59,0,4,49
210280,2023,5a19,0,1,3
210280,2023,60mais,1,13,116
210280,2024,0a4,0,0,5
210280,2024,20a59,0,7,50
210280,2024,5a19,0,0,1
210280,2024,60mais,0,12,109
210290,2008,0a4,0,0,9
210290,2008,20a59,0,2,25
210290,2008,5a19,0,0,2
210290,2008,60mais,0,3,39
210290,2009,0a4,1,4,12
210290,2009,20a59,0,0,18
210290,2009,5a19,0,2,6
210290,2009,60mais,1,3,50
210290,2010,0a4,1,0,7
210290,2010,20a59,0,4,24
210290,2010,60mais,1,4,33
210290,2011,0a4,0,0,9
210290,2011,20a59,0,2,20
210290,2011,5a19,0,1,3
210290,2011,60mais,0,19,53
210290,2012,0a4,0,0,6
210290,2012,20a59,0,3,29
210290,2012,5a19,0,0,3
210290,2012,60mais,1,12,54
210290,2013,0a4,0,2,11
210290,2013,20a59,0,6,25
210290,2013,5a19,0,2,7
210290,2013,60mais,0,11,37
210290,2014,0a4,1,0,12
210290,2014,20a59,0,1,20
210290,2014,5a19,0,1,4
210290,2014,60mais,1,17,54
210290,2015,0a4,0,0,5
210290,2015,20a59,1,5,25
210290,2015,5a19,0,0,2
210290,2015,60mais,0,8,66
210290,2016,0a4,0,2,6
210290,2016,20a59,0,1,37
210290,2016,5a19,0,0,1
210290,2016,60mais,2,2,50
210290,2017,0a4,0,1,8
210290,2017,20a59,0,1,28
210290,2017,5a19,0,0,5
210290,2017,60mais,2,3,62
210290,2018,0a4,0,0,4
210290,2018,20a59,0,2,27
210290,2018,5a19,0,0,3
210290,2018,60mais,0,3,58
210290,2019,0a4,1,2,10
210290,2019,20a59,1,1,27
210290,2019,5a19,0,0,3
210290,2019,60mais,0,2,52
210290,2020,0a4,1,0,8
210290,2020,20a59,0,4,22
210290,2020,5a19,0,0,1
210290,2020,60mais,0,6,75
210290,2021,0a4,0,0,4
210290,2021,20a59,0,1,52
210290,2021,5a19,0,0,5
210290,2021,60mais,0,4,80
210290,2022,0a4,0,0,4
210290,2022,20a59,0,2,45
210290,2022,60mais,0,3,77
210290,2023,0a4,0,0,7
210290,2023,20a59,0,4,36
210290,2023,5a19,0,0,4
210290,2023,60mais,1,6,73
210290,2024,0a4,0,0,3
210290,2024,20a59,0,8,47
210290,2024,5a19,0,1,3
210290,2024,60mais,1,5,68
210300,2008,0a4,5,0,80
210300,2008,20a59,1,2,214
210300,2008,5a19,0,0,17
210300,2008,60mais,4,11,354
210300,2009,0a4,1,2,74
210300,2009,20a59,0,7,224
210300,2009,5a19,1,1,19
210300,2009,60mais,4,15,409
210300,2010,0a4,1,1,77
210300,2010,20a59,0,2,239
210300,2010,5a19,0,0,20
210300,2010,60mais,4,22,452
210300,2011,0a4,2,1,106
210300,2011,20a59,1,11,305
210300,2011,5a19,0,0,35
210300,2011,60mais,6,17,439
210300,2012,0a4,1,0,60
210300,2012,20a59,1,7,312
210300,2012,5a19,0,1,36
210300,2012,60mais,4,29,486
210300,2013,0a4,2,1,82
210300,2013,20a59,3,5,267
210300,2013,5a19,0,0,30
210300,2013,60mais,4,29,467
210300,2014,0a4,0,0,55
210300,2014,20a59,0,5,291
210300,2014,5a19,0,1,40
210300,2014,60mais,5,27,518
210300,2015,0a4,0,0,52
210300,2015,20a59,1,4,290
210300,2015,5a19,0,0,28
210300,2015,60mais,4,22,554
210300,2016,0a4,0,0,41
210300,2016,20a59,0,3,321
210300,2016,5a19,0,0,25
210300,2016,60mais,4,2,622
210300,2017,0a4,3,0,33
210300,2017,20a59,3,3,277
210300,2017,5a19,0,0,28
210300,2017,60mais,2,28,609
210300,2018,0a4,1,0,31
210300,2018,20a59,3,7,300
210300,2018,5a19,0,1,21
210300,2018,60mais,7,25,587
210300,2019,0a4,2,0,36
210300,2019,20a59,0,1,270
210300,2019,5a19,0,0,17
210300,2019,60mais,8,1,580
210300,2020,0a4,0,0,41
210300,2020,20a59,2,10,327
210300,2020,5a19,0,2,33
210300,2020,60mais,3,22,798
210300,2021,0a4,0,0,44
210300,2021,20a59,1,12,408
210300,2021,5a19,0,0,27
210300,2021,60mais,11,35,791
210300,2022,0a4,1,0,42
210300,2022,20a59,4,12,335
210300,2022,5a19,0,0,22
210300,2022,60mais,9,31,681
210300,2023,0a4,1,3,43
210300,2023,20a59,5,16,348
210300,2023,5a19,0,0,31
210300,2023,60mais,15,45,677
210300,2024,0a4,0,0,27
210300,2024,20a59,3,9,305
210300,2024,5a19,0,0,23
210300,2024,60mais,17,51,725
210310,2008,0a4,1,0,5
210310,2008,20a59,0,1,5
210310,2008,5a19,0,0,1
210310,2008,60mais,0,6,20
210310,2009,0a4,0,1,3
210310,2009,20a59,0,0,4
210310,2009,60mais,0,2,10
210310,2010,0a4,0,0,2
210310,2010,20a59,0,0,5
210310,2010,5a19,0,0,2
210310,2010,60mais,1,5,18
210310,2011,20a59,0,2,10
210310,2011,5a19,0,0,1
210310,2011,60mais,0,4,18
210310,2012,0a4,0,0,1
210310,2012,20a59,0,1,10
210310,2012,60mais,0,2,14
210310,2013,0a4,0,0,1
210310,2013,20a59,0,0,6
210310,2013,5a19,0,0,2
210310,2013,60mais,1,0,21
210310,2014,20a59,0,3,13
210310,2014,5a19,0,1,3
210310,2014,60mais,1,0,22
210310,2015,0a4,0,0,3
210310,2015,20a59,0,1,8
210310,2015,5a19,0,0,1
210310,2015,60mais,0,0,24
210310,2016,0a4,0,0,3
210310,2016,20a59,0,0,12
210310,2016,5a19,0,0,2
210310,2016,60mais,0,0,20
210310,2017,0a4,0,0,2
210310,2017,20a59,1,1,11
210310,2017,60mais,0,3,35
210310,2018,0a4,0,0,3
210310,2018,20a59,0,2,11
210310,2018,5a19,0,0,1
210310,2018,60mais,1,1,27
210310,2019,0a4,0,0,3
210310,2019,20a59,0,0,12
210310,2019,60mais,0,1,40
210310,2020,0a4,0,0,1
210310,2020,20a59,0,1,15
210310,2020,60mais,0,1,24
210310,2021,0a4,0,0,1
210310,2021,20a59,0,0,15
210310,2021,5a19,0,0,1
210310,2021,60mais,0,4,39
210310,2022,0a4,0,0,2
210310,2022,20a59,0,1,13
210310,2022,60mais,0,5,38
210310,2023,0a4,0,0,3
210310,2023,20a59,0,3,15
210310,2023,60mais,0,1,32
210310,2024,0a4,0,0,4
210310,2024,20a59,0,0,13
210310,2024,60mais,0,5,46
210312,2008,20a59,0,5,7
210312,2008,5a19,0,0,1
210312,2008,60mais,0,6,13
210312,2009,0a4,0,0,3
210312,2009,20a59,0,2,14
210312,2009,5a19,0,0,1
210312,2009,60mais,0,5,12
210312,2010,0a4,0,0,2
210312,2010,20a59,0,3,16
210312,2010,5a19,0,0,1
210312,2010,60mais,0,1,9
210312,2011,0a4,0,0,3
210312,2011,20a59,0,4,12
210312,2011,5a19,0,1,3
210312,2011,60mais,0,2,16
210312,2012,0a4,0,0,1
210312,2012,20a59,0,1,6
210312,2012,5a19,0,1,2
210312,2012,60mais,0,3,11
210312,2013,0a4,1,0,4
210312,2013,20a59,0,0,8
210312,2013,60mais,0,1,16
210312,2014,0a4,0,0,2
210312,2014,20a59,0,0,4
210312,2014,5a19,0,1,1
210312,2014,60mais,0,2,15
210312,2015,20a59,0,2,12
210312,2015,5a19,0,1,2
210312,2015,60mais,0,0,18
210312,2016,0a4,0,0,2
210312,2016,20a59,0,3,18
210312,2016,60mais,0,3,17
210312,2017,20a59,0,2,19
210312,2017,5a19,0,2,2
210312,2017,60mais,0,1,17
210312,2018,0a4,0,0,7
210312,2018,20a59,0,0,8
210312,2018,60mais,0,0,25
210312,2019,0a4,0,0,3
210312,2019,20a59,0,0,14
210312,2019,60mais,0,2,19
210312,2020,0a4,0,0,2
210312,2020,20a59,0,0,18
210312,2020,60mais,0,1,14
210312,2021,0a4,0,1,1
210312,2021,20a59,0,3,16
210312,2021,60mais,0,2,29
210312,2022,0a4,0,0,2
210312,2022,20a59,0,0,17
210312,2022,5a19,0,0,2
210312,2022,60mais,0,1,20
210312,2023,0a4,0,0,2
210312,2023,20a59,0,2,20
210312,2023,60mais,0,2,33
210312,2024,0a4,0,0,2
210312,2024,20a59,0,0,9
210312,2024,5a19,0,0,2
210312,2024,60mais,0,0,17
210315,2008,0a4,0,0,1
210315,2008,20a59,0,0,5
210315,2008,60mais,0,0,10
210315,2009,0a4,0,0,1
210315,2009,20a59,0,1,2
210315,2009,60mais,0,6,7
210315,2010,0a4,0,0,3
210315,2010,20a59,0,0,8
210315,2010,5a19,0,0,2
210315,2010,60mais,0,0,11
210315,2011,0a4,0,0,7
210315,2011,20a59,0,2,11
210315,2011,5a19,0,0,1
210315,2011,60mais,0,0,8
210315,2012,0a4,0,0,6
210315,2012,20a59,1,1,16
210315,2012,5a19,1,0,2
210315,2012,60mais,0,1,10
210315,2013,20a59,0,1,10
210315,2013,60mais,1,0,6
210315,2014,0a4,1,0,6
210315,2014,20a59,0,3,13
210315,2014,5a19,0,0,2
210315,2014,60mais,0,1,9
210315,2015,0a4,0,0,6
210315,2015,20a59,0,0,7
210315,2015,5a19,0,0,2
210315,2015,60mais,0,0,10
210315,2016,0a4,0,0,2
210315,2016,20a59,0,0,8
210315,2016,60mais,0,1,18
210315,2017,0a4,0,0,8
210315,2017,20a59,0,0,9
210315,2017,5a19,0,0,1
210315,2017,60mais,0,1,14
210315,2018,0a4,0,0,3
210315,2018,20a59,0,4,10
210315,2018,5a19,0,0,5
210315,2018,60mais,0,0,10
210315,2019,0a4,0,0,3
210315,2019,20a59,0,0,13
210315,2019,5a19,0,0,4
210315,2019,60mais,0,0,13
210315,2020,0a4,0,0,3
210315,2020,20a59,0,1,14
210315,2020,60mais,0,0,28
210315,2021,0a4,0,2,6
210315,2021,20a59,0,0,13
210315,2021,5a19,0,0,2
210315,2021,60mais,0,1,30
210315,2022,0a4,0,1,2
210315,2022,20a59,0,2,12
210315,2022,5a19,0,0,1
210315,2022,60mais,0,4,25
210315,2023,0a4,0,0,3
210315,2023,20a59,0,0,17
210315,2023,5a19,0,0,4
210315,2023,60mais,0,0,21
210315,2024,0a4,0,0,9
210315,2024,20a59,0,1,14
210315,2024,5a19,0,0,2
210315,2024,60mais,0,1,26
210317,2008,0a4,0,0,3
210317,2008,20a59,0,1,15
210317,2008,5a19,0,1,3
210317,2008,60mais,0,1,10
210317,2009,0a4,1,0,12
210317,2009,20a59,0,1,9
210317,2009,60mais,0,1,22
210317,2010,0a4,0,0,8
210317,2010,20a59,1,2,20
210317,2010,5a19,0,0,1
210317,2010,60mais,0,1,19
210317,2011,0a4,1,0,9
210317,2011,20a59,1,3,23
210317,2011,5a19,0,0,1
210317,2011,60mais,0,1,20
210317,2012,0a4,0,0,9
210317,2012,20a59,0,5,18
210317,2012,5a19,0,0,3
210317,2012,60mais,0,1,15
210317,2013,0a4,0,0,4
210317,2013,20a59,0,2,14
210317,2013,5a19,0,0,1
210317,2013,60mais,0,2,28
210317,2014,0a4,0,0,2
210317,2014,20a59,0,2,15
210317,2014,60mais,0,2,20
210317,2015,0a4,0,1,6
210317,2015,20a59,0,0,14
210317,2015,5a19,0,0,3
210317,2015,60mais,0,2,21
210317,2016,0a4,0,0,7
210317,2016,20a59,0,1,16
210317,2016,5a19,0,0,3
210317,2016,60mais,0,1,17
210317,2017,0a4,0,0,3
210317,2017,20a59,0,0,19
210317,2017,60mais,0,3,29
210317,2018,0a4,0,0,4
210317,2018,20a59,0,2,16
210317,2018,5a19,0,1,2
210317,2018,60mais,0,3,21
210317,2019,0a4,0,0,5
210317,2019,20a59,0,3,18
210317,2019,5a19,0,0,3
210317,2019,60mais,0,2,27
210317,2020,20a59,0,1,25
210317,2020,5a19,0,0,2
210317,2020,60mais,0,1,34
210317,2021,0a4,0,0,10
210317,2021,20a59,0,1,21
210317,2021,5a19,0,1,3
210317,2021,60mais,0,0,39
210317,2022,0a4,0,0,6
210317,2022,20a59,0,0,15
210317,2022,5a19,0,0,3
210317,2022,60mais,0,1,43
210317,2023,0a4,0,0,4
210317,2023,20a59,0,4,22
210317,2023,5a19,0,1,3
210317,2023,60mais,1,0,28
210317,2024,0a4,0,1,7
210317,2024,20a59,0,1,22
210317,2024,5a19,0,0,6
210317,2024,60mais,0,6,43
210320,2008,0a4,3,2,55
210320,2008,20a59,0,3,87
210320,2008,5a19,0,0,8
210320,2008,60mais,3,13,168
210320,2009,0a4,0,0,39
210320,2009,20a59,1,2,83
210320,2009,5a19,1,2,18
210320,2009,60mais,4,9,181
210320,2010,0a4,4,0,47
210320,2010,20a59,0,5,73
210320,2010,5a19,0,0,10
210320,2010,60mais,2,4,201
210320,2011,0a4,2,0,48
210320,2011,20a59,0,4,98
210320,2011,5a19,0,0,10
210320,2011,60mais,0,6,213
210320,2012,0a4,0,1,27
210320,2012,20a59,0,1,97
210320,2012,5a19,0,0,17
210320,2012,60mais,1,5,211
210320,2013,0a4,0,1,36
210320,2013,20a59,0,3,99
210320,2013,5a19,0,2,14
210320,2013,60mais,0,12,233
210320,2014,0a4,0,0,25
210320,2014,20a59,0,4,131
210320,2014,5a19,0,0,14
210320,2014,60mais,3,7,229
210320,2015,0a4,0,0,25
210320,2015,20a59,0,2,127
210320,2015,5a19,0,0,13
210320,2015,60mais,1,2,246
210320,2016,0a4,0,2,19
210320,2016,20a59,1,5,113
210320,2016,5a19,0,0,13
210320,2016,60mais,2,16,287
210320,2017,0a4,1,0,31
210320,2017,20a59,1,1,117
210320,2017,5a19,0,0,18
210320,2017,60mais,2,10,246
210320,2018,0a4,0,1,25
210320,2018,20a59,0,5,123
210320,2018,5a19,0,1,11
210320,2018,60mais,1,9,254
210320,2019,0a4,1,3,21
210320,2019,20a59,0,5,110
210320,2019,5a19,0,0,5
210320,2019,60mais,1,19,309
210320,2020,0a4,0,0,21
210320,2020,20a59,1,3,142
210320,2020,5a19,0,1,16
210320,2020,60mais,0,23,372
210320,2021,0a4,1,0,18
210320,2021,20a59,0,2,172
210320,2021,5a19,0,0,12
210320,2021,60mais,0,11,323
210320,2022,0a4,0,1,23
210320,2022,20a59,1,2,153
210320,2022,5a19,0,0,9
210320,2022,60mais,3,6,291
210320,2023,0a4,0,0,12
210320,2023,20a59,2,0,122
210320,2023,5a19,0,0,8
210320,2023,60mais,2,3,242
210320,2024,0a4,0,0,16
210320,2024,20a59,2,2,108
210320,2024,5a19,0,0,15
210320,2024,60mais,3,8,296
210325,2008,0a4,1,0,10
210325,2008,20a59,0,1,25
210325,2008,5a19,0,0,3
210325,2008,60mais,0,0,28
210325,2009,0a4,1,0,3
210325,2009,20a59,0,0,14
210325,2009,5a19,0,0,2
210325,2009,60mais,0,0,27
210325,2010,0a4,0,0,4
210325,2010,20a59,0,2,12
210325,2010,5a19,0,0,2
210325,2010,60mais,0,1,24
210325,2011,0a4,0,0,1
210325,2011,20a59,0,0,14
210325,2011,5a19,0,0,3
210325,2011,60mais,1,3,26
210325,2012,0a4,0,0,3
210325,2012,20a59,0,0,13
210325,2012,60mais,0,3,23
210325,2013,0a4,0,0,4
210325,2013,20a59,0,2,20
210325,2013,60mais,0,5,32
210325,2014,0a4,0,0,2
210325,2014,20a59,0,0,23
210325,2014,5a19,0,0,1
210325,2014,60mais,0,1,39
210325,2015,0a4,0,0,4
210325,2015,20a59,0,0,18
210325,2015,5a19,0,0,5
210325,2015,60mais,0,6,29
210325,2016,0a4,0,0,2
210325,2016,20a59,0,1,18
210325,2016,5a19,0,0,1
210325,2016,60mais,0,9,36
210325,2017,0a4,0,0,5
210325,2017,20a59,0,0,10
210325,2017,5a19,0,0,1
210325,2017,60mais,0,12,50
210325,2018,0a4,0,0,6
210325,2018,20a59,0,1,19
210325,2018,5a19,0,0,2
210325,2018,60mais,0,6,37
210325,2019,0a4,0,0,7
210325,2019,20a59,0,0,20
210325,2019,5a19,0,0,1
210325,2019,60mais,1,0,47
210325,2020,0a4,0,0,4
210325,2020,20a59,0,2,21
210325,2020,5a19,0,0,3
210325,2020,60mais,0,4,52
210325,2021,0a4,0,1,4
210325,2021,20a59,0,1,32
210325,2021,5a19,0,0,1
210325,2021,60mais,0,9,72
210325,2022,0a4,0,1,7
210325,2022,20a59,0,2,31
210325,2022,5a19,0,0,3
210325,2022,60mais,0,5,48
210325,2023,20a59,1,1,26
210325,2023,5a19,0,0,3
210325,2023,60mais,0,5,63
210325,2024,0a4,0,0,5
210325,2024,20a59,2,1,16
210325,2024,5a19,0,0,2
210325,2024,60mais,0,2,47
210330,2008,0a4,2,0,44
210330,2008,20a59,2,0,163
210330,2008,5a19,0,0,15
210330,2008,60mais,4,16,275
210330,2009,0a4,5,0,43
210330,2009,20a59,1,6,164
210330,2009,5a19,1,1,7
210330,2009,60mais,6,12,303
210330,2010,0a4,3,0,44
210330,2010,20a59,1,2,159
210330,2010,5a19,0,1,11
210330,2010,60mais,2,20,292
210330,2011,0a4,0,1,39
210330,2011,20a59,1,7,197
210330,2011,5a19,0,0,17
210330,2011,60mais,3,8,303
210330,2012,0a4,2,0,37
210330,2012,20a59,1,2,160
210330,2012,5a19,0,0,11
210330,2012,60mais,2,10,347
210330,2013,0a4,0,1,44
210330,2013,20a59,1,1,173
210330,2013,5a19,0,0,20
210330,2013,60mais,2,7,349
210330,2014,0a4,0,0,47
210330,2014,20a59,0,1,176
210330,2014,5a19,0,1,20
210330,2014,60mais,2,9,381
210330,2015,0a4,0,3,36
210330,2015,20a59,1,5,209
210330,2015,5a19,0,0,18
210330,2015,60mais,2,14,449
210330,2016,0a4,2,0,31
210330,2016,20a59,0,2,210
210330,2016,5a19,0,1,24
210330,2016,60mais,3,0,407
210330,2017,0a4,1,0,37
210330,2017,20a59,0,5,170
210330,2017,5a19,0,2,17
210330,2017,60mais,2,12,421
210330,2018,0a4,1,0,31
210330,2018,20a59,1,2,198
210330,2018,5a19,0,0,9
210330,2018,60mais,4,13,412
210330,2019,0a4,0,1,32
210330,2019,20a59,0,5,195
210330,2019,5a19,1,1,18
210330,2019,60mais,2,14,446
210330,2020,0a4,1,1,32
210330,2020,20a59,1,13,266
210330,2020,5a19,0,2,28
210330,2020,60mais,2,20,509
210330,2021,0a4,0,2,37
210330,2021,20a59,0,8,256
210330,2021,5a19,0,1,16
210330,2021,60mais,2,17,519
210330,2022,0a4,0,2,23
210330,2022,20a59,0,9,204
210330,2022,5a19,1,1,17
210330,2022,60mais,2,14,419
210330,2023,0a4,0,0,23
210330,2023,20a59,1,14,216
210330,2023,5a19,0,0,19
210330,2023,60mais,1,13,430
210330,2024,0a4,0,0,32
210330,2024,20a59,0,12,226
210330,2024,5a19,0,0,20
210330,2024,60mais,2,14,481
210340,2008,0a4,4,0,23
210340,2008,20a59,0,2,52
210340,2008,5a19,0,0,10
210340,2008,60mais,1,13,126
210340,2009,0a4,1,0,20
210340,2009,20a59,0,2,70
210340,2009,5a19,0,0,7
210340,2009,60mais,1,10,128
210340,2010,0a4,1,0,19
210340,2010,20a59,0,0,73
210340,2010,5a19,0,0,11
210340,2010,60mais,1,1,112
210340,2011,0a4,0,0,17
210340,2011,20a59,0,0,58
210340,2011,5a19,0,0,8
210340,2011,60mais,2,2,165
210340,2012,0a4,0,1,28
210340,2012,20a59,0,0,86
210340,2012,5a19,0,0,10
210340,2012,60mais,1,0,112
210340,2013,0a4,1,1,28
210340,2013,20a59,0,0,77
210340,2013,5a19,0,0,8
210340,2013,60mais,0,2,124
210340,2014,0a4,1,1,24
210340,2014,20a59,1,4,83
210340,2014,5a19,0,1,13
210340,2014,60mais,1,7,125
210340,2015,0a4,0,0,13
210340,2015,20a59,0,3,78
210340,2015,5a19,0,1,9
210340,2015,60mais,1,1,155
210340,2016,0a4,1,0,21
210340,2016,20a59,0,1,93
210340,2016,5a19,1,0,7
210340,2016,60mais,2,0,166
210340,2017,0a4,0,1,21
210340,2017,20a59,0,1,62
210340,2017,5a19,0,0,5
210340,2017,60mais,1,9,177
210340,2018,0a4,0,0,12
210340,2018,20a59,0,3,68
210340,2018,5a19,1,0,8
210340,2018,60mais,0,10,169
210340,2019,0a4,0,0,13
210340,2019,20a59,0,0,74
210340,2019,5a19,0,0,6
210340,2019,60mais,2,5,179
210340,2020,0a4,0,0,20
210340,2020,20a59,1,3,96
210340,2020,5a19,0,0,8
210340,2020,60mais,0,11,208
210340,2021,0a4,0,2,13
210340,2021,20a59,0,1,107
210340,2021,5a19,0,0,9
210340,2021,60mais,3,7,226
210340,2022,0a4,0,0,11
210340,2022,20a59,0,4,100
210340,2022,5a19,0,0,9
210340,2022,60mais,2,9,193
210340,2023,0a4,0,0,13
210340,2023,20a59,0,2,100
210340,2023,5a19,0,0,3
210340,2023,60mais,3,4,225
210340,2024,0a4,0,0,8
210340,2024,20a59,0,2,114
210340,2024,5a19,0,0,13
210340,2024,60mais,5,2,207
210350,2008,0a4,4,0,20
210350,2008,20a59,0,1,57
210350,2008,5a19,0,1,5
210350,2008,60mais,0,9,62
210350,2009,0a4,0,0,16
210350,2009,20a59,0,4,57
210350,2009,5a19,0,0,7
210350,2009,60mais,2,3,69
210350,2010,0a4,1,3,14
210350,2010,20a59,0,2,40
210350,2010,5a19,0,0,9
210350,2010,60mais,0,1,72
210350,2011,0a4,0,0,8
210350,2011,20a59,0,1,53
210350,2011,5a19,0,0,9
210350,2011,60mais,0,6,75
210350,2012,0a4,0,0,9
210350,2012,20a59,1,2,54
210350,2012,5a19,0,0,4
210350,2012,60mais,0,2,80
210350,2013,0a4,0,0,15
210350,2013,20a59,0,2,70
210350,2013,5a19,0,1,7
210350,2013,60mais,2,4,106
210350,2014,0a4,0,0,13
210350,2014,20a59,0,0,51
210350,2014,5a19,0,0,14
210350,2014,60mais,0,2,99
210350,2015,0a4,0,0,12
210350,2015,20a59,0,0,68
210350,2015,5a19,0,1,8
210350,2015,60mais,0,2,97
210350,2016,0a4,1,0,16
210350,2016,20a59,0,1,71
210350,2016,5a19,0,0,13
210350,2016,60mais,1,1,100
210350,2017,0a4,0,0,8
210350,2017,20a59,0,2,62
210350,2017,5a19,0,0,6
210350,2017,60mais,1,1,122
210350,2018,0a4,0,0,11
210350,2018,20a59,0,2,65
210350,2018,5a19,0,0,6
210350,2018,60mais,1,11,110
210350,2019,0a4,0,0,10
210350,2019,20a59,0,3,77
210350,2019,5a19,0,0,2
210350,2019,60mais,2,3,85
210350,2020,0a4,0,0,7
210350,2020,20a59,0,10,110
210350,2020,5a19,0,0,7
210350,2020,60mais,1,14,154
210350,2021,0a4,1,0,15
210350,2021,20a59,0,7,68
210350,2021,5a19,0,0,7
210350,2021,60mais,1,17,141
210350,2022,0a4,1,0,18
210350,2022,20a59,0,4,82
210350,2022,5a19,0,0,4
210350,2022,60mais,0,21,158
210350,2023,0a4,0,2,11
210350,2023,20a59,0,8,68
210350,2023,5a19,0,0,4
210350,2023,60mais,0,15,149
210350,2024,0a4,1,0,9
210350,2024,20a59,0,6,80
210350,2024,5a19,0,0,7
210350,2024,60mais,1,7,147
210355,2008,0a4,1,0,3
210355,2008,20a59,0,4,15
210355,2008,5a19,0,0,1
210355,2008,60mais,0,3,7
210355,2009,0a4,2,0,3
210355,2009,20a59,0,1,15
210355,2009,5a19,0,0,6
210355,2009,60mais,0,1,11
210355,2010,0a4,0,2,4
210355,2010,20a59,0,1,14
210355,2010,5a19,0,0,2
210355,2010,60mais,0,2,18
210355,2011,0a4,0,0,6
210355,2011,20a59,0,2,16
210355,2011,5a19,0,0,1
210355,2011,60mais,0,1,16
210355,2012,0a4,0,0,2
210355,2012,20a59,0,3,21
210355,2012,5a19,0,0,2
210355,2012,60mais,0,2,23
210355,2013,0a4,0,1,5
210355,2013,20a59,0,0,13
210355,2013,5a19,0,0,2
210355,2013,60mais,0,0,21
210355,2014,0a4,0,0,1
210355,2014,20a59,0,1,25
210355,2014,5a19,0,0,2
210355,2014,60mais,0,0,21
210355,2015,0a4,0,0,5
210355,2015,20a59,0,0,13
210355,2015,5a19,0,0,1
210355,2015,60mais,0,0,21
210355,2016,0a4,0,0,2
210355,2016,20a59,0,0,24
210355,2016,5a19,0,0,1
210355,2016,60mais,0,0,25
210355,2017,0a4,0,0,7
210355,2017,20a59,0,0,9
210355,2017,60mais,0,0,27
210355,2018,0a4,0,0,4
210355,2018,20a59,0,2,17
210355,2018,5a19,0,0,1
210355,2018,60mais,0,1,28
210355,2019,0a4,0,0,4
210355,2019,20a59,0,3,19
210355,2019,5a19,0,0,3
210355,2019,60mais,0,1,21
210355,2020,0a4,0,0,6
210355,2020,20a59,0,4,28
210355,2020,5a19,0,0,1
210355,2020,60mais,1,0,54
210355,2021,0a4,0,0,6
210355,2021,20a59,0,0,15
210355,2021,5a19,0,1,1
210355,2021,60mais,0,2,29
210355,2022,0a4,0,0,4
210355,2022,20a59,0,1,17
210355,2022,5a19,0,1,1
210355,2022,60mais,0,0,24
210355,2023,0a4,0,0,2
210355,2023,20a59,0,2,24
210355,2023,5a19,0,1,2
210355,2023,60mais,0,1,32
210355,2024,0a4,0,0,3
210355,2024,20a59,0,3,25
210355,2024,5a19,0,1,4
210355,2024,60mais,1,1,25
210360,2008,0a4,1,0,30
210360,2008,20a59,2,2,82
210360,2008,5a19,0,0,8
210360,2008,60mais,4,2,122
210360,2009,0a4,0,0,27
210360,2009,20a59,1,3,74
210360,2009,5a19,0,0,4
210360,2009,60mais,2,1,134
210360,2010,0a4,1,0,23
210360,2010,20a59,0,0,62
210360,2010,5a19,0,0,4
210360,2010,60mais,0,1,80
210360,2011,0a4,0,1,19
210360,2011,20a59,0,5,75
210360,2011,5a19,0,0,4
210360,2011,60mais,4,0,117
210360,2012,0a4,0,0,25
210360,2012,20a59,1,3,110
210360,2012,5a19,0,0,8
210360,2012,60mais,1,9,156
210360,2013,0a4,1,0,21
210360,2013,20a59,0,16,84
210360,2013,5a19,0,2,7
210360,2013,60mais,1,53,205
210360,2014,0a4,2,0,13
210360,2014,20a59,0,4,115
210360,2014,5a19,0,0,9
210360,2014,60mais,1,12,198
210360,2015,0a4,0,2,20
210360,2015,20a59,2,13,129
210360,2015,5a19,0,2,11
210360,2015,60mais,1,34,212
210360,2016,0a4,1,0,20
210360,2016,20a59,0,5,124
210360,2016,5a19,0,0,18
210360,2016,60mais,3,27,204
210360,2017,0a4,0,0,16
210360,2017,20a59,1,5,100
210360,2017,5a19,1,1,22
210360,2017,60mais,2,15,244
210360,2018,0a4,0,2,10
210360,2018,20a59,0,4,127
210360,2018,5a19,0,0,11
210360,2018,60mais,6,16,235
210360,2019,0a4,0,0,9
210360,2019,20a59,0,1,112
210360,2019,5a19,0,0,8
210360,2019,60mais,2,12,224
210360,2020,0a4,1,0,17
210360,2020,20a59,0,9,111
210360,2020,5a19,0,0,9
210360,2020,60mais,1,16,283
210360,2021,0a4,0,2,24
210360,2021,20a59,2,5,129
210360,2021,5a19,0,0,9
210360,2021,60mais,0,6,281
210360,2022,0a4,0,0,12
210360,2022,20a59,2,5,118
210360,2022,5a19,0,0,13
210360,2022,60mais,4,11,277
210360,2023,0a4,2,1,16
210360,2023,20a59,1,4,119
210360,2023,5a19,0,1,8
210360,2023,60mais,0,12,253
210360,2024,0a4,1,0,11
210360,2024,20a59,0,8,127
210360,2024,5a19,0,0,8
210360,2024,60mais,2,10,234
210370,2008,0a4,1,1,22
210370,2008,20a59,3,8,49
210370,2008,5a19,0,0,4
210370,2008,60mais,0,27,102
210370,2009,0a4,1,0,25
210370,2009,20a59,1,3,47
210370,2009,5a19,0,0,8
210370,2009,60mais,3,21,133
210370,2010,0a4,3,1,21
210370,2010,20a59,0,8,42
210370,2010,5a19,0,0,4
210370,2010,60mais,3,29,94
210370,2011,0a4,0,1,15
210370,2011,20a59,0,13,55
210370,2011,5a19,0,0,2
210370,2011,60mais,1,33,110
210370,2012,0a4,3,0,16
210370,2012,20a59,0,11,48
210370,2012,5a19,0,1,2
210370,2012,60mais,2,37,92
210370,2013,0a4,1,2,15
210370,2013,20a59,1,7,47
210370,2013,5a19,0,2,9
210370,2013,60mais,2,48,117
210370,2014,0a4,0,1,11
210370,2014,20a59,0,8,53
210370,2014,5a19,0,1,8
210370,2014,60mais,1,12,102
210370,2015,0a4,0,1,8
210370,2015,20a59,0,7,57
210370,2015,5a19,0,0,6
210370,2015,60mais,1,13,151
210370,2016,0a4,0,0,8
210370,2016,20a59,0,4,46
210370,2016,5a19,0,0,5
210370,2016,60mais,3,16,138
210370,2017,0a4,0,0,10
210370,2017,20a59,0,2,54
210370,2017,5a19,0,0,8
210370,2017,60mais,0,17,138
210370,2018,0a4,0,0,18
210370,2018,20a59,0,8,59
210370,2018,5a19,0,0,4
210370,2018,60mais,0,18,125
210370,2019,0a4,0,0,5
210370,2019,20a59,0,7,55
210370,2019,5a19,0,1,4
210370,2019,60mais,2,4,117
210370,2020,0a4,0,0,3
210370,2020,20a59,0,1,66
210370,2020,5a19,0,0,3
210370,2020,60mais,0,8,148
210370,2021,0a4,0,1,8
210370,2021,20a59,0,4,68
210370,2021,5a19,0,0,3
210370,2021,60mais,0,10,144
210370,2022,0a4,0,0,4
210370,2022,20a59,0,4,71
210370,2022,5a19,0,0,1
210370,2022,60mais,0,8,137
210370,2023,0a4,0,0,12
210370,2023,20a59,0,3,52
210370,2023,5a19,0,1,2
210370,2023,60mais,0,12,115
210370,2024,0a4,0,1,8
210370,2024,20a59,0,4,59
210370,2024,5a19,0,0,1
210370,2024,60mais,1,7,131
210375,2008,0a4,0,1,2
210375,2008,20a59,0,1,26
210375,2008,5a19,0,0,3
210375,2008,60mais,1,6,39
210375,2009,0a4,0,0,8
210375,2009,20a59,0,1,14
210375,2009,60mais,0,1,17
210375,2010,0a4,0,0,4
210375,2010,20a59,0,4,27
210375,2010,5a19,0,0,2
210375,2010,60mais,0,1,23
210375,2011,0a4,0,1,4
210375,2011,20a59,0,1,20
210375,2011,5a19,0,2,2
210375,2011,60mais,1,3,43
210375,2012,0a4,0,0,1
210375,2012,20a59,0,1,18
210375,2012,5a19,0,0,2
210375,2012,60mais,0,1,42
210375,2013,0a4,1,0,3
210375,2013,20a59,0,2,24
210375,2013,5a19,0,0,3
210375,2013,60mais,0,7,53
210375,2014,0a4,0,0,6
210375,2014,20a59,0,0,23
210375,2014,5a19,0,0,2
210375,2014,60mais,0,3,38
210375,2015,0a4,0,0,8
210375,2015,20a59,0,1,21
210375,2015,5a19,0,0,4
210375,2015,60mais,1,0,50
210375,2016,0a4,0,0,4
210375,2016,20a59,0,0,22
210375,2016,60mais,0,4,51
210375,2017,0a4,0,0,2
210375,2017,20a59,0,1,22
210375,2017,5a19,0,0,2
210375,2017,60mais,2,2,54
210375,2018,0a4,0,1,3
210375,2018,20a59,0,0,29
210375,2018,5a19,0,0,4
210375,2018,60mais,0,1,46
210375,2019,0a4,0,0,3
210375,2019,20a59,0,0,25
210375,2019,5a19,0,0,2
210375,2019,60mais,0,4,56
210375,2020,0a4,0,0,2
210375,2020,20a59,0,2,36
210375,2020,5a19,0,0,6
210375,2020,60mais,0,1,66
210375,2021,0a4,0,1,8
210375,2021,20a59,0,2,41
210375,2021,5a19,0,0,1
210375,2021,60mais,0,0,69
210375,2022,0a4,0,0,2
210375,2022,20a59,0,1,33
210375,2022,5a19,0,0,5
210375,2022,60mais,1,5,55
210375,2023,0a4,0,0,2
210375,2023,20a59,0,1,37
210375,2023,5a19,0,0,4
210375,2023,60mais,0,3,55
210375,2024,0a4,0,0,7
210375,2024,20a59,0,0,23
210375,2024,5a19,0,0,3
210375,2024,60mais,0,4,68
210380,2008,0a4,0,0,1
210380,2008,20a59,0,0,28
210380,2008,5a19,0,0,4
210380,2008,60mais,0,1,28
210380,2009,0a4,0,0,4
210380,2009,20a59,0,3,31
210380,2009,5a19,1,1,4
210380,2009,60mais,0,0,30
210380,2010,0a4,0,0,7
210380,2010,20a59,0,3,32
210380,2010,5a19,0,1,3
210380,2010,60mais,1,4,34
210380,2011,0a4,0,0,5
210380,2011,20a59,0,2,31
210380,2011,5a19,0,3,10
210380,2011,60mais,0,4,43
210380,2012,0a4,0,0,3
210380,2012,20a59,0,5,52
210380,2012,5a19,0,0,3
210380,2012,60mais,0,5,54
210380,2013,0a4,0,0,6
210380,2013,20a59,0,1,49
210380,2013,5a19,0,0,3
210380,2013,60mais,0,3,53
210380,2014,0a4,0,0,9
210380,2014,20a59,0,1,36
210380,2014,5a19,0,0,2
210380,2014,60mais,0,3,68
210380,2015,0a4,0,0,3
210380,2015,20a59,0,3,42
210380,2015,5a19,0,0,8
210380,2015,60mais,0,3,52
210380,2016,0a4,0,0,3
210380,2016,20a59,0,5,50
210380,2016,5a19,0,1,7
210380,2016,60mais,0,2,71
210380,2017,0a4,0,0,7
210380,2017,20a59,1,4,48
210380,2017,5a19,0,1,3
210380,2017,60mais,0,3,90
210380,2018,0a4,0,0,6
210380,2018,20a59,0,4,40
210380,2018,5a19,0,0,2
210380,2018,60mais,1,4,68
210380,2019,0a4,0,0,2
210380,2019,20a59,0,1,20
210380,2019,5a19,0,0,2
210380,2019,60mais,0,4,81
210380,2020,0a4,0,0,6
210380,2020,20a59,0,3,42
210380,2020,5a19,0,0,5
210380,2020,60mais,0,5,100
210380,2021,0a4,0,0,5
210380,2021,20a59,0,3,73
210380,2021,5a19,0,0,2
210380,2021,60mais,0,5,105
210380,2022,0a4,0,1,6
210380,2022,20a59,0,3,53
210380,2022,5a19,0,0,3
210380,2022,60mais,0,10,107
210380,2023,0a4,0,0,1
210380,2023,20a59,0,3,41
210380,2023,5a19,0,0,2
210380,2023,60mais,0,11,84
210380,2024,0a4,1,0,3
210380,2024,20a59,0,6,59
210380,2024,5a19,0,0,4
210380,2024,60mais,0,11,95
210390,2008,0a4,0,0,5
210390,2008,20a59,1,1,12
210390,2008,5a19,0,0,4
210390,2008,60mais,0,1,15
210390,2009,0a4,0,0,4
210390,2009,20a59,1,0,15
210390,2009,5a19,0,0,2
210390,2009,60mais,0,0,30
210390,2010,0a4,1,0,2
210390,2010,20a59,0,1,13
210390,2010,60mais,0,1,23
210390,2011,0a4,0,0,5
210390,2011,20a59,0,0,11
210390,2011,5a19,0,0,1
210390,2011,60mais,1,0,16
210390,2012,0a4,0,0,4
210390,2012,20a59,0,2,15
210390,2012,5a19,0,0,1
210390,2012,60mais,0,3,31
210390,2013,0a4,0,0,3
210390,2013,20a59,0,0,14
210390,2013,60mais,1,5,35
210390,2014,0a4,0,0,2
210390,2014,20a59,0,1,13
210390,2014,5a19,0,0,1
210390,2014,60mais,0,1,27
210390,2015,0a4,0,0,5
210390,2015,20a59,0,1,14
210390,2015,5a19,0,0,2
210390,2015,60mais,0,0,33
210390,2016,0a4,0,0,2
210390,2016,20a59,0,0,13
210390,2016,5a19,1,0,2
210390,2016,60mais,0,1,33
210390,2017,0a4,0,0,1
210390,2017,20a59,0,0,14
210390,2017,5a19,0,2,3
210390,2017,60mais,0,3,31
210390,2018,0a4,0,0,2
210390,2018,20a59,0,0,9
210390,2018,60mais,0,8,36
210390,2019,0a4,0,0,4
210390,2019,20a59,0,2,17
210390,2019,60mais,1,5,46
210390,2020,0a4,0,1,1
210390,2020,20a59,0,3,17
210390,2020,5a19,0,0,1
210390,2020,60mais,0,7,49
210390,2021,0a4,0,0,1
210390,2021,20a59,0,6,20
210390,2021,5a19,0,0,3
210390,2021,60mais,0,8,38
210390,2022,0a4,0,1,4
210390,2022,20a59,1,3,16
210390,2022,5a19,0,0,1
210390,2022,60mais,0,20,52
210390,2023,0a4,0,0,5
210390,2023,20a59,0,1,13
210390,2023,60mais,2,12,40
210390,2024,0a4,0,0,1
210390,2024,20a59,1,2,13
210390,2024,5a19,0,1,2
210390,2024,60mais,0,8,30
210400,2008,0a4,1,0,9
210400,2008,20a59,0,0,20
210400,2008,5a19,0,0,3
210400,2008,60mais,0,0,51
210400,2009,0a4,0,0,4
210400,2009,20a59,0,0,31
210400,2009,5a19,0,1,4
210400,2009,60mais,0,0,34
210400,2010,0a4,0,1,10
210400,2010,20a59,0,0,27
210400,2010,5a19,0,0,4
210400,2010,60mais,0,1,43
210400,2011,0a4,1,0,7
210400,2011,20a59,1,0,23
210400,2011,60mais,0,0,28
210400,2012,0a4,0,0,7
210400,2012,20a59,0,1,22
210400,2012,5a19,0,0,1
210400,2012,60mais,0,2,43
210400,2013,0a4,1,1,7
210400,2013,20a59,0,2,19
210400,2013,5a19,0,0,2
210400,2013,60mais,0,6,56
210400,2014,0a4,0,1,2
210400,2014,20a59,0,0,38
210400,2014,5a19,0,0,4
210400,2014,60mais,0,4,51
210400,2015,0a4,0,0,5
210400,2015,20a59,0,2,32
210400,2015,5a19,0,0,7
210400,2015,60mais,0,2,76
210400,2016,0a4,0,0,2
210400,2016,20a59,0,1,35
210400,2016,5a19,0,1,4
210400,2016,60mais,1,4,68
210400,2017,0a4,0,0,7
210400,2017,20a59,0,0,43
210400,2017,5a19,0,0,5
210400,2017,60mais,0,5,77
210400,2018,0a4,0,0,1
210400,2018,20a59,0,1,32
210400,2018,5a19,0,0,2
210400,2018,60mais,0,4,63
210400,2019,0a4,0,0,3
210400,2019,20a59,0,0,35
210400,2019,5a19,0,0,1
210400,2019,60mais,0,0,80
210400,2020,0a4,0,0,7
210400,2020,20a59,0,2,40
210400,2020,60mais,0,2,82
210400,2021,0a4,0,0,8
210400,2021,20a59,0,2,35
210400,2021,5a19,0,0,2
210400,2021,60mais,0,4,89
210400,2022,0a4,0,0,4
210400,2022,20a59,0,1,27
210400,2022,5a19,0,1,2
210400,2022,60mais,0,4,79
210400,2023,0a4,1,0,4
210400,2023,20a59,0,3,17
210400,2023,5a19,0,0,5
210400,2023,60mais,0,6,89
210400,2024,0a4,0,0,2
210400,2024,20a59,0,0,29
210400,2024,5a19,0,0,2
210400,2024,60mais,1,7,75
210405,2008,0a4,0,0,10
210405,2008,20a59,1,1,43
210405,2008,5a19,0,0,3
210405,2008,60mais,0,1,63
210405,2009,0a4,0,1,18
210405,2009,20a59,0,2,56
210405,2009,5a19,0,0,6
210405,2009,60mais,0,10,63
210405,2010,0a4,0,0,10
210405,2010,20a59,0,5,70
210405,2010,5a19,0,1,7
210405,2010,60mais,0,11,82
210405,2011,0a4,0,1,10
210405,2011,20a59,0,3,58
210405,2011,5a19,0,0,11
210405,2011,60mais,0,14,81
210405,2012,0a4,1,1,14
210405,2012,20a59,0,4,49
210405,2012,5a19,0,0,6
210405,2012,60mais,0,14,57
210405,2013,0a4,0,0,10
210405,2013,20a59,0,3,60
210405,2013,5a19,0,0,6
210405,2013,60mais,0,3,76
210405,2014,0a4,0,1,8
210405,2014,20a59,0,5,57
210405,2014,5a19,0,2,14
210405,2014,60mais,0,11,89
210405,2015,0a4,1,1,16
210405,2015,20a59,0,2,59
210405,2015,5a19,0,0,8
210405,2015,60mais,0,9,82
210405,2016,0a4,1,2,8
210405,2016,20a59,0,2,45
210405,2016,5a19,0,1,10
210405,2016,60mais,1,8,93
210405,2017,0a4,0,0,12
210405,2017,20a59,0,5,61
210405,2017,5a19,0,0,8
210405,2017,60mais,0,3,110
210405,2018,0a4,0,0,12
210405,2018,20a59,0,2,62
210405,2018,5a19,0,1,12
210405,2018,60mais,0,5,98
210405,2019,0a4,1,1,14
210405,2019,20a59,0,2,46
210405,2019,5a19,0,0,6
210405,2019,60mais,0,9,111
210405,2020,0a4,0,0,8
210405,2020,20a59,0,3,80
210405,2020,5a19,0,0,7
210405,2020,60mais,0,5,134
210405,2021,0a4,0,0,4
210405,2021,20a59,0,2,95
210405,2021,5a19,0,0,8
210405,2021,60mais,0,12,162
210405,2022,0a4,0,0,11
210405,2022,20a59,0,3,76
210405,2022,5a19,0,0,10
210405,2022,60mais,0,8,115
210405,2023,0a4,0,0,6
210405,2023,20a59,0,2,79
210405,2023,5a19,0,0,4
210405,2023,60mais,0,7,132
210405,2024,0a4,1,0,7
210405,2024,20a59,0,2,61
210405,2024,5a19,0,0,3
210405,2024,60mais,0,1,129
210407,2008,0a4,0,0,5
210407,2008,20a59,0,0,9
210407,2008,5a19,0,0,5
210407,2008,60mais,0,0,17
210407,2009,0a4,0,0,6
210407,2009,20a59,0,0,4
210407,2009,60mais,0,1,19
210407,2010,0a4,0,0,3
210407,2010,20a59,0,0,6
210407,2010,5a19,0,0,1
210407,2010,60mais,0,0,9
210407,2011,0a4,0,0,1
210407,2011,20a59,0,1,5
210407,2011,60mais,0,1,27
210407,2012,0a4,0,0,1
210407,2012,20a59,0,0,6
210407,2012,5a19,0,0,3
210407,2012,60mais,0,1,20
210407,2013,0a4,0,1,3
210407,2013,20a59,0,0,7
210407,2013,5a19,0,0,2
210407,2013,60mais,0,1,15
210407,2014,0a4,0,0,4
210407,2014,20a59,0,0,9
210407,2014,60mais,0,1,28
210407,2015,0a4,0,0,2
210407,2015,20a59,0,0,7
210407,2015,5a19,0,0,1
210407,2015,60mais,0,2,25
210407,2016,0a4,0,0,2
210407,2016,20a59,0,0,9
210407,2016,5a19,0,0,2
210407,2016,60mais,0,1,22
210407,2017,0a4,0,0,1
210407,2017,20a59,0,1,8
210407,2017,5a19,0,1,1
210407,2017,60mais,0,1,22
210407,2018,0a4,0,0,2
210407,2018,20a59,0,0,8
210407,2018,60mais,0,5,24
210407,2019,0a4,0,1,5
210407,2019,20a59,0,3,10
210407,2019,5a19,0,0,3
210407,2019,60mais,0,6,31
210407,2020,0a4,0,0,1
210407,2020,20a59,0,2,13
210407,2020,5a19,0,0,2
210407,2020,60mais,0,3,35
210407,2021,0a4,0,0,1
210407,2021,20a59,0,3,18
210407,2021,5a19,0,0,1
210407,2021,60mais,0,8,31
210407,2022,0a4,0,1,1
210407,2022,20a59,0,3,10
210407,2022,60mais,0,11,33
210407,2023,0a4,0,0,2
210407,2023,20a59,0,3,16
210407,2023,5a19,0,1,1
210407,2023,60mais,0,7,24
210407,2024,0a4,0,1,2
210407,2024,20a59,0,1,11
210407,2024,5a19,0,0,1
210407,2024,60mais,1,12,35
210408,2008,0a4,3,3,16
210408,2008,20a59,0,0,7
210408,2008,5a19,0,1,1
210408,2008,60mais,0,1,18
210408,2009,0a4,0,0,3
210408,2009,20a59,0,0,5
210408,2009,5a19,0,0,1
210408,2009,60mais,1,0,8
210408,2010,0a4,1,6,9
210408,2010,20a59,0,3,7
210408,2010,60mais,0,4,8
210408,2011,0a4,0,0,3
210408,2011,20a59,0,0,12
210408,2011,5a19,0,0,1
210408,2011,60mais,0,0,9
210408,2012,0a4,0,0,5
210408,2012,20a59,0,1,4
210408,2012,5a19,0,0,1
210408,2012,60mais,0,0,7
210408,2013,0a4,2,0,6
210408,2013,20a59,0,0,5
210408,2013,5a19,0,0,1
210408,2013,60mais,0,1,9
210408,2014,0a4,2,1,15
210408,2014,20a59,0,0,7
210408,2014,5a19,0,0,3
210408,2014,60mais,0,0,6
210408,2015,0a4,1,0,14
210408,2015,20a59,0,1,11
210408,2015,60mais,0,0,12
210408,2016,0a4,1,0,12
210408,2016,20a59,0,1,12
210408,2016,5a19,0,0,2
210408,2016,60mais,0,0,15
210408,2017,0a4,0,0,6
210408,2017,20a59,1,0,10
210408,2017,5a19,0,0,2
210408,2017,60mais,0,1,15
210408,2018,0a4,3,1,9
210408,2018,20a59,0,1,9
210408,2018,5a19,0,0,3
210408,2018,60mais,0,1,26
210408,2019,0a4,0,0,5
210408,2019,20a59,0,0,13
210408,2019,5a19,0,0,3
210408,2019,60mais,0,0,26
210408,2020,0a4,0,0,7
210408,2020,20a59,0,3,25
210408,2020,5a19,0,0,1
210408,2020,60mais,1,2,37
210408,2021,0a4,1,0,10
210408,2021,20a59,0,1,7
210408,2021,5a19,0,0,3
210408,2021,60mais,0,6,28
210408,2022,0a4,0,0,10
210408,2022,20a59,1,0,18
210408,2022,5a19,0,1,1
210408,2022,60mais,0,0,21
210408,2023,0a4,1,1,10
210408,2023,20a59,0,0,18
210408,2023,5a19,0,0,2
210408,2023,60mais,0,2,21
210408,2024,0a4,0,0,4
210408,2024,20a59,0,1,16
210408,2024,5a19,0,0,1
210408,2024,60mais,1,1,31
210409,2008,0a4,0,2,3
210409,2008,20a59,0,8,18
210409,2008,5a19,0,1,1
210409,2008,60mais,0,15,27
210409,2009,0a4,0,1,18
210409,2009,20a59,0,8,24
210409,2009,5a19,0,0,2
210409,2009,60mais,0,8,14
210409,2010,0a4,0,2,9
210409,2010,20a59,0,2,7
210409,2010,5a19,0,1,2
210409,2010,60mais,0,8,31
210409,2011,0a4,0,3,10
210409,2011,20a59,0,5,10
210409,2011,5a19,0,0,2
210409,2011,60mais,0,15,32
210409,2012,0a4,0,0,3
210409,2012,20a59,0,6,16
210409,2012,5a19,0,1,4
210409,2012,60mais,0,8,26
210409,2013,0a4,0,1,8
210409,2013,20a59,0,0,11
210409,2013,5a19,0,0,4
210409,2013,60mais,0,2,28
210409,2014,0a4,0,0,5
210409,2014,20a59,0,0,13
210409,2014,5a19,0,0,3
210409,2014,60mais,0,7,37
210409,2015,0a4,0,0,6
210409,2015,20a59,0,0,12
210409,2015,5a19,0,2,4
210409,2015,60mais,0,10,43
210409,2016,0a4,0,0,1
210409,2016,20a59,0,2,19
210409,2016,5a19,0,0,1
210409,2016,60mais,0,1,35
210409,2017,0a4,0,0,4
210409,2017,20a59,0,2,17
210409,2017,5a19,0,0,2
210409,2017,60mais,0,4,42
210409,2018,0a4,0,0,5
210409,2018,20a59,0,1,20
210409,2018,5a19,0,0,1
210409,2018,60mais,0,3,32
210409,2019,0a4,1,0,5
210409,2019,20a59,0,0,24
210409,2019,5a19,0,2,6
210409,2019,60mais,0,3,54
210409,2020,0a4,0,0,4
210409,2020,20a59,0,2,26
210409,2020,5a19,0,1,3
210409,2020,60mais,0,2,50
210409,2021,0a4,0,0,4
210409,2021,20a59,0,3,29
210409,2021,5a19,0,1,2
210409,2021,60mais,0,5,60
210409,2022,0a4,0,0,5
210409,2022,20a59,0,2,22
210409,2022,5a19,0,0,3
210409,2022,60mais,0,0,52
210409,2023,0a4,0,0,2
210409,2023,20a59,0,3,27
210409,2023,5a19,0,0,5
210409,2023,60mais,0,2,39
210409,2024,0a4,0,0,2
210409,2024,20a59,0,0,25
210409,2024,5a19,0,0,2
210409,2024,60mais,1,4,63
210410,2008,0a4,0,1,9
210410,2008,20a59,0,2,11
210410,2008,60mais,0,2,13
210410,2009,0a4,0,1,8
210410,2009,20a59,0,4,12
210410,2009,5a19,0,0,1
210410,2009,60mais,0,1,17
210410,2010,0a4,0,2,4
210410,2010,20a59,0,3,15
210410,2010,5a19,0,0,1
210410,2010,60mais,0,5,24
210410,2011,0a4,0,0,2
210410,2011,20a59,0,5,12
210410,2011,5a19,0,0,1
210410,2011,60mais,0,11,27
210410,2012,0a4,0,0,2
210410,2012,20a59,0,5,14
210410,2012,5a19,0,1,2
210410,2012,60mais,0,11,22
210410,2013,0a4,0,0,3
210410,2013,20a59,0,3,21
210410,2013,5a19,0,0,2
210410,2013,60mais,0,5,25
210410,2014,0a4,0,0,5
210410,2014,20a59,0,5,26
210410,2014,5a19,0,0,3
210410,2014,60mais,0,6,27
210410,2015,0a4,0,0,1
210410,2015,20a59,0,0,14
210410,2015,5a19,0,0,3
210410,2015,60mais,0,6,31
210410,2016,0a4,0,0,2
210410,2016,20a59,0,2,20
210410,2016,60mais,0,5,38
210410,2017,0a4,0,0,5
210410,2017,20a59,0,2,17
210410,2017,5a19,0,1,6
210410,2017,60mais,0,1,39
210410,2018,0a4,0,0,4
210410,2018,20a59,0,1,16
210410,2018,5a19,0,0,1
210410,2018,60mais,0,0,39
210410,2019,0a4,0,0,3
210410,2019,20a59,0,0,12
210410,2019,5a19,0,0,1
210410,2019,60mais,0,2,39
210410,2020,20a59,0,0,17
210410,2020,5a19,0,0,4
210410,2020,60mais,0,1,48
210410,2021,0a4,0,0,4
210410,2021,20a59,0,2,28
210410,2021,5a19,0,0,2
210410,2021,60mais,0,2,65
210410,2022,0a4,0,1,4
210410,2022,20a59,0,1,24
210410,2022,5a19,0,0,2
210410,2022,60mais,0,0,38
210410,2023,0a4,0,0,4
210410,2023,20a59,0,2,29
210410,2023,60mais,0,1,65
210410,2024,0a4,0,0,4
210410,2024,20a59,0,2,24
210410,2024,5a19,0,0,3
210410,2024,60mais,0,1,59
210420,2008,0a4,2,1,10
210420,2008,20a59,0,0,19
210420,2008,5a19,0,0,6
210420,2008,60mais,0,3,53
210420,2009,0a4,0,2,10
210420,2009,20a59,0,1,20
210420,2009,5a19,0,0,7
210420,2009,60mais,1,3,40
210420,2010,0a4,0,0,2
210420,2010,20a59,0,4,14
210420,2010,5a19,0,0,2
210420,2010,60mais,0,14,31
210420,2011,0a4,0,0,5
210420,2011,20a59,0,3,25
210420,2011,5a19,0,2,6
210420,2011,60mais,0,3,45
210420,2012,0a4,0,0,3
210420,2012,20a59,0,0,20
210420,2012,5a19,0,0,2
210420,2012,60mais,0,3,53
210420,2013,0a4,0,1,5
210420,2013,20a59,0,0,33
210420,2013,5a19,0,0,4
210420,2013,60mais,0,1,49
210420,2014,0a4,0,0,9
210420,2014,20a59,0,1,26
210420,2014,5a19,0,0,5
210420,2014,60mais,0,1,49
210420,2015,0a4,0,0,5
210420,2015,20a59,0,0,30
210420,2015,5a19,0,0,4
210420,2015,60mais,0,1,57
210420,2016,20a59,0,2,25
210420,2016,5a19,0,1,4
210420,2016,60mais,0,3,57
210420,2017,0a4,0,0,3
210420,2017,20a59,0,0,25
210420,2017,5a19,0,0,2
210420,2017,60mais,0,3,57
210420,2018,0a4,0,0,4
210420,2018,20a59,0,0,20
210420,2018,5a19,0,0,6
210420,2018,60mais,0,1,45
210420,2019,0a4,0,1,4
210420,2019,20a59,0,1,22
210420,2019,5a19,0,0,1
210420,2019,60mais,0,2,58
210420,2020,0a4,0,0,4
210420,2020,20a59,0,0,34
210420,2020,5a19,0,0,7
210420,2020,60mais,1,2,75
210420,2021,0a4,0,0,4
210420,2021,20a59,0,0,33
210420,2021,5a19,0,0,2
210420,2021,60mais,0,1,89
210420,2022,0a4,0,0,2
210420,2022,20a59,0,1,23
210420,2022,5a19,0,0,3
210420,2022,60mais,0,6,61
210420,2023,0a4,0,0,1
210420,2023,20a59,0,1,30
210420,2023,5a19,0,0,3
210420,2023,60mais,0,2,67
210420,2024,0a4,0,0,4
210420,2024,20a59,0,1,23
210420,2024,60mais,0,2,70
210430,2008,0a4,0,1,1
210430,2008,20a59,0,0,2
210430,2008,5a19,0,1,1
210430,2008,60mais,0,3,12
210430,2009,0a4,0,1,4
210430,2009,20a59,0,3,9
210430,2009,60mais,0,9,10
210430,2010,20a59,0,3,4
210430,2010,60mais,0,7,11
210430,2011,0a4,0,1,2
210430,2011,20a59,0,5,9
210430,2011,5a19,0,0,1
210430,2011,60mais,0,13,18
210430,2012,0a4,0,0,6
210430,2012,20a59,0,4,14
210430,2012,5a19,0,1,2
210430,2012,60mais,0,8,12
210430,2013,0a4,0,0,4
210430,2013,20a59,0,3,6
210430,2013,5a19,0,0,2
210430,2013,60mais,0,4,10
210430,2014,0a4,0,1,1
210430,2014,20a59,0,3,12
210430,2014,60mais,0,4,13
210430,2015,20a59,0,1,5
210430,2015,5a19,0,0,1
210430,2015,60mais,0,0,11
210430,2016,0a4,0,0,3
210430,2016,20a59,0,2,13
210430,2016,5a19,0,0,2
210430,2016,60mais,0,0,15
210430,2017,0a4,0,0,2
210430,2017,20a59,0,1,13
210430,2017,5a19,0,0,1
210430,2017,60mais,0,0,13
210430,2018,0a4,0,0,3
210430,2018,20a59,0,0,13
210430,2018,5a19,0,0,2
210430,2018,60mais,0,1,11
210430,2019,0a4,0,0,1
210430,2019,20a59,0,0,9
210430,2019,5a19,0,0,2
210430,2019,60mais,0,0,13
210430,2020,0a4,0,0,3
210430,2020,20a59,0,0,12
210430,2020,5a19,0,1,2
210430,2020,60mais,0,0,23
210430,2021,0a4,0,0,1
210430,2021,20a59,0,2,14
210430,2021,5a19,0,0,2
210430,2021,60mais,0,0,25
210430,2022,0a4,0,0,4
210430,2022,20a59,0,0,13
210430,2022,5a19,0,0,1
210430,2022,60mais,0,2,26
210430,2023,0a4,0,0,3
210430,2023,20a59,0,2,12
210430,2023,60mais,0,2,22
210430,2024,0a4,0,0,1
210430,2024,20a59,0,0,19
210430,2024,5a19,0,0,2
210430,2024,60mais,0,0,22
210440,2008,0a4,1,0,4
210440,2008,20a59,0,0,14
210440,2008,5a19,0,0,1
210440,2008,60mais,0,0,14
210440,2009,0a4,0,0,3
210440,2009,20a59,0,0,15
210440,2009,5a19,1,0,1
210440,2009,60mais,1,0,25
210440,2010,0a4,0,0,2
210440,2010,20a59,0,1,24
210440,2010,5a19,0,0,1
210440,2010,60mais,0,0,19
210440,2011,20a59,0,0,20
210440,2011,5a19,0,0,1
210440,2011,60mais,0,0,37
210440,2012,0a4,0,0,4
210440,2012,20a59,0,0,22
210440,2012,5a19,0,0,6
210440,2012,60mais,0,0,38
210440,2013,0a4,0,0,2
210440,2013,20a59,0,1,12
210440,2013,5a19,0,0,2
210440,2013,60mais,0,1,35
210440,2014,0a4,0,0,1
210440,2014,20a59,0,1,28
210440,2014,5a19,0,0,2
210440,2014,60mais,1,1,38
210440,2015,0a4,0,0,1
210440,2015,20a59,0,0,27
210440,2015,5a19,0,0,5
210440,2015,60mais,0,0,59
210440,2016,0a4,0,0,2
210440,2016,20a59,0,0,25
210440,2016,5a19,0,0,5
210440,2016,60mais,1,0,32
210440,2017,0a4,0,0,9
210440,2017,20a59,0,1,23
210440,2017,5a19,0,0,3
210440,2017,60mais,0,3,56
210440,2018,0a4,0,1,4
210440,2018,20a59,0,1,19
210440,2018,5a19,0,0,2
210440,2018,60mais,0,4,56
210440,2019,0a4,0,0,7
210440,2019,20a59,0,1,24
210440,2019,5a19,0,0,1
210440,2019,60mais,0,2,53
210440,2020,0a4,0,0,3
210440,2020,20a59,0,3,29
210440,2020,5a19,0,1,4
210440,2020,60mais,1,1,76
210440,2021,20a59,0,1,42
210440,2021,5a19,0,0,3
210440,2021,60mais,0,1,94
210440,2022,0a4,0,0,2
210440,2022,20a59,0,0,39
210440,2022,60mais,1,4,75
210440,2023,0a4,0,0,1
210440,2023,20a59,0,0,34
210440,2023,5a19,0,0,1
210440,2023,60mais,0,5,67
210440,2024,0a4,0,0,2
210440,2024,20a59,0,3,29
210440,2024,5a19,0,0,2
210440,2024,60mais,0,5,81
210450,2008,0a4,0,0,2
210450,2008,20a59,0,0,6
210450,2008,60mais,0,2,14
210450,2009,0a4,0,0,6
210450,2009,20a59,0,1,9
210450,2009,5a19,0,0,1
210450,2009,60mais,0,2,15
210450,2010,0a4,0,0,4
210450,2010,20a59,0,0,8
210450,2010,5a19,0,0,1
210450,2010,60mais,0,1,17
210450,2011,0a4,0,0,4
210450,2011,20a59,0,0,10
210450,2011,5a19,0,0,1
210450,2011,60mais,0,2,23
210450,2012,0a4,0,0,2
210450,2012,20a59,0,1,7
210450,2012,5a19,0,0,2
210450,2012,60mais,0,0,29
210450,2013,0a4,0,0,6
210450,2013,20a59,0,0,12
210450,2013,60mais,1,3,45
210450,2014,0a4,0,0,3
210450,2014,20a59,0,0,22
210450,2014,5a19,0,0,1
210450,2014,60mais,0,0,34
210450,2015,0a4,0,0,1
210450,2015,20a59,0,0,14
210450,2015,5a19,0,0,2
210450,2015,60mais,0,0,31
210450,2016,0a4,0,0,4
210450,2016,20a59,0,1,16
210450,2016,5a19,0,0,2
210450,2016,60mais,0,2,46
210450,2017,0a4,0,0,2
210450,2017,20a59,0,1,16
210450,2017,5a19,0,0,1
210450,2017,60mais,0,4,41
210450,2018,0a4,0,0,1
210450,2018,20a59,0,1,24
210450,2018,5a19,0,0,1
210450,2018,60mais,0,3,36
210450,2019,0a4,0,0,2
210450,2019,20a59,0,0,18
210450,2019,5a19,0,0,3
210450,2019,60mais,0,2,40
210450,2020,0a4,0,0,3
210450,2020,20a59,0,1,19
210450,2020,5a19,0,0,1
210450,2020,60mais,0,6,50
210450,2021,0a4,0,0,2
210450,2021,20a59,0,0,20
210450,2021,5a19,0,0,1
210450,2021,60mais,0,1,56
210450,2022,0a4,0,0,2
210450,2022,20a59,0,0,16
210450,2022,5a19,0,0,1
210450,2022,60mais,0,3,48
210450,2023,0a4,0,0,2
210450,2023,20a59,0,2,23
210450,2023,5a19,0,0,1
210450,2023,60mais,0,2,46
210450,2024,0a4,0,0,2
210450,2024,20a59,0,0,27
210450,2024,5a19,0,1,3
210450,2024,60mais,0,3,67
210455,2008,0a4,0,0,5
210455,2008,20a59,0,4,29
210455,2008,5a19,0,0,2
210455,2008,60mais,0,3,25
210455,2009,0a4,0,0,5
210455,2009,20a59,0,0,11
210455,2009,5a19,0,0,1
210455,2009,60mais,0,3,26
210455,2010,0a4,1,0,5
210455,2010,20a59,1,0,28
210455,2010,5a19,0,0,3
210455,2010,60mais,0,5,39
210455,2011,0a4,1,1,8
210455,2011,20a59,0,0,17
210455,2011,5a19,0,0,1
210455,2011,60mais,0,2,29
210455,2012,0a4,0,0,12
210455,2012,20a59,0,2,32
210455,2012,5a19,0,0,1
210455,2012,60mais,0,3,44
210455,2013,0a4,0,0,4
210455,2013,20a59,0,0,21
210455,2013,5a19,0,0,4
210455,2013,60mais,0,4,42
210455,2014,0a4,0,0,4
210455,2014,20a59,0,0,32
210455,2014,5a19,0,0,7
210455,2014,60mais,1,2,43
210455,2015,0a4,0,0,1
210455,2015,20a59,0,0,29
210455,2015,5a19,0,0,7
210455,2015,60mais,0,1,43
210455,2016,0a4,0,0,4
210455,2016,20a59,0,1,41
210455,2016,5a19,0,0,3
210455,2016,60mais,0,3,58
210455,2017,0a4,0,0,2
210455,2017,20a59,0,4,31
210455,2017,5a19,0,0,2
210455,2017,60mais,0,4,64
210455,2018,0a4,0,0,4
210455,2018,20a59,0,0,35
210455,2018,5a19,0,0,6
210455,2018,60mais,0,3,64
210455,2019,0a4,0,0,5
210455,2019,20a59,0,3,33
210455,2019,5a19,0,0,8
210455,2019,60mais,0,2,50
210455,2020,0a4,0,0,7
210455,2020,20a59,0,2,30
210455,2020,5a19,0,0,5
210455,2020,60mais,0,0,62
210455,2021,0a4,0,0,5
210455,2021,20a59,0,1,53
210455,2021,5a19,0,0,5
210455,2021,60mais,0,3,104
210455,2022,0a4,0,1,8
210455,2022,20a59,0,1,46
210455,2022,5a19,0,0,2
210455,2022,60mais,0,1,71
210455,2023,0a4,0,0,6
210455,2023,20a59,0,2,36
210455,2023,5a19,0,0,4
210455,2023,60mais,0,4,67
210455,2024,0a4,0,0,3
210455,2024,20a59,0,0,40
210455,2024,5a19,0,0,2
210455,2024,60mais,0,2,78
210460,2008,0a4,0,0,6
210460,2008,20a59,0,0,16
210460,2008,5a19,0,1,2
210460,2008,60mais,0,0,40
210460,2009,0a4,0,0,1
210460,2009,20a59,0,0,15
210460,2009,5a19,0,0,1
210460,2009,60mais,0,3,37
210460,2010,0a4,0,0,2
210460,2010,20a59,0,0,11
210460,2010,60mais,0,1,19
210460,2011,0a4,0,0,5
210460,2011,20a59,1,0,14
210460,2011,5a19,0,0,1
210460,2011,60mais,0,0,29
210460,2012,0a4,0,0,3
210460,2012,20a59,0,0,14
210460,2012,5a19,0,0,2
210460,2012,60mais,0,0,28
210460,2013,0a4,2,0,6
210460,2013,20a59,0,0,20
210460,2013,60mais,1,0,33
210460,2014,0a4,0,0,4
210460,2014,20a59,0,1,15
210460,2014,5a19,0,1,3
210460,2014,60mais,0,1,40
210460,2015,0a4,0,0,4
210460,2015,20a59,0,0,23
210460,2015,5a19,0,0,1
210460,2015,60mais,0,1,36
210460,2016,0a4,0,0,3
210460,2016,20a59,0,0,17
210460,2016,5a19,0,1,5
210460,2016,60mais,0,0,48
210460,2017,0a4,0,0,3
210460,2017,20a59,0,0,16
210460,2017,5a19,0,0,2
210460,2017,60mais,0,1,40
210460,2018,0a4,0,0,6
210460,2018,20a59,0,0,24
210460,2018,5a19,0,0,1
210460,2018,60mais,0,0,57
210460,2019,0a4,0,0,2
210460,2019,20a59,0,1,32
210460,2019,60mais,0,2,51
210460,2020,0a4,0,0,7
210460,2020,20a59,1,1,19
210460,2020,60mais,0,1,64
210460,2021,0a4,0,0,1
210460,2021,20a59,0,0,22
210460,2021,5a19,0,0,1
210460,2021,60mais,0,1,59
210460,2022,0a4,0,0,3
210460,2022,20a59,0,1,27
210460,2022,60mais,0,1,57
210460,2023,0a4,1,0,6
210460,2023,20a59,0,0,16
210460,2023,60mais,0,3,65
210460,2024,0a4,0,0,3
210460,2024,20a59,0,0,23
210460,2024,5a19,0,0,1
210460,2024,60mais,0,5,75
210462,2008,0a4,0,0,4
210462,2008,20a59,0,1,13
210462,2008,5a19,0,0,2
210462,2008,60mais,0,1,16
210462,2009,0a4,0,0,1
210462,2009,20a59,0,0,5
210462,2009,5a19,0,0,1
210462,2009,60mais,1,0,15
210462,2010,0a4,0,0,2
210462,2010,20a59,0,0,7
210462,2010,5a19,0,0,2
210462,2010,60mais,1,1,13
210462,2011,0a4,0,0,1
210462,2011,20a59,0,0,8
210462,2011,5a19,0,1,2
210462,2011,60mais,0,0,28
210462,2012,0a4,0,0,2
210462,2012,20a59,0,1,8
210462,2012,60mais,0,2,17
210462,2013,0a4,0,0,3
210462,2013,20a59,0,0,11
210462,2013,5a19,0,0,2
210462,2013,60mais,0,1,18
210462,2014,0a4,0,0,1
210462,2014,20a59,0,0,8
210462,2014,5a19,0,0,2
210462,2014,60mais,0,0,18
210462,2015,20a59,0,3,14
210462,2015,5a19,0,1,2
210462,2015,60mais,0,3,19
210462,2016,0a4,0,0,1
210462,2016,20a59,0,0,4
210462,2016,5a19,0,0,3
210462,2016,60mais,0,0,20
210462,2017,0a4,0,0,4
210462,2017,20a59,0,0,8
210462,2017,5a19,0,0,1
210462,2017,60mais,0,3,25
210462,2018,20a59,0,2,10
210462,2018,5a19,0,0,1
210462,2018,60mais,0,1,28
210462,2019,0a4,0,0,1
210462,2019,20a59,0,2,12
210462,2019,60mais,0,2,24
210462,2020,0a4,0,0,2
210462,2020,20a59,0,0,11
210462,2020,5a19,0,0,3
210462,2020,60mais,0,6,39
210462,2021,0a4,0,0,1
210462,2021,20a59,0,1,12
210462,2021,5a19,0,0,2
210462,2021,60mais,0,15,43
210462,2022,20a59,0,3,11
210462,2022,5a19,0,0,1
210462,2022,60mais,0,8,25
210462,2023,20a59,0,3,20
210462,2023,5a19,0,0,1
210462,2023,60mais,0,6,32
210462,2024,0a4,0,1,2
210462,2024,20a59,0,0,17
210462,2024,60mais,1,3,42
210465,2008,0a4,1,0,4
210465,2008,20a59,0,1,6
210465,2008,5a19,0,0,1
210465,2008,60mais,0,0,13
210465,2009,0a4,0,0,2
210465,2009,20a59,0,2,6
210465,2009,5a19,0,0,1
210465,2009,60mais,0,0,17
210465,2010,0a4,0,1,6
210465,2010,20a59,0,0,11
210465,2010,5a19,0,0,1
210465,2010,60mais,0,6,27
210465,2011,0a4,1,1,3
210465,2011,20a59,0,1,10
210465,2011,5a19,0,1,1
210465,2011,60mais,0,1,20
210465,2012,0a4,0,1,2
210465,2012,20a59,0,1,8
210465,2012,5a19,0,0,1
210465,2012,60mais,0,2,26
210465,2013,0a4,0,1,5
210465,2013,20a59,0,0,8
210465,2013,60mais,0,0,32
210465,2014,0a4,0,0,1
210465,2014,20a59,0,1,16
210465,2014,5a19,0,0,2
210465,2014,60mais,0,0,16
210465,2015,0a4,0,0,3
210465,2015,20a59,0,0,13
210465,2015,5a19,0,0,1
210465,2015,60mais,0,1,33
210465,2016,0a4,0,0,1
210465,2016,20a59,0,0,11
210465,2016,5a19,1,0,2
210465,2016,60mais,0,0,24
210465,2017,0a4,1,0,4
210465,2017,20a59,0,1,8
210465,2017,5a19,0,0,2
210465,2017,60mais,0,0,27
210465,2018,0a4,0,1,6
210465,2018,20a59,0,1,14
210465,2018,5a19,0,0,1
210465,2018,60mais,0,0,28
210465,2019,0a4,0,0,1
210465,2019,20a59,0,0,13
210465,2019,60mais,0,1,29
210465,2020,20a59,0,2,18
210465,2020,5a19,0,0,2
210465,2020,60mais,1,1,41
210465,2021,20a59,0,0,7
210465,2021,5a19,0,0,1
210465,2021,60mais,0,0,34
210465,2022,0a4,0,0,2
210465,2022,20a59,0,0,9
210465,2022,5a19,0,0,1
210465,2022,60mais,0,3,27
210465,2023,0a4,0,0,3
210465,2023,20a59,0,0,14
210465,2023,5a19,0,0,1
210465,2023,60mais,0,2,40
210465,2024,0a4,0,0,3
210465,2024,20a59,0,0,9
210465,2024,5a19,0,0,1
210465,2024,60mais,0,3,41
210467,2008,0a4,1,0,12
210467,2008,20a59,0,1,27
210467,2008,5a19,0,1,7
210467,2008,60mais,1,1,41
210467,2009,0a4,4,1,21
210467,2009,20a59,0,2,35
210467,2009,5a19,0,0,5
210467,2009,60mais,0,2,38
210467,2010,0a4,0,0,10
210467,2010,20a59,0,2,45
210467,2010,5a19,0,0,4
210467,2010,60mais,0,3,46
210467,2011,0a4,0,0,10
210467,2011,20a59,0,2,28
210467,2011,5a19,0,0,4
210467,2011,60mais,0,1,34
210467,2012,0a4,0,0,8
210467,2012,20a59,0,1,43
210467,2012,5a19,0,0,7
210467,2012,60mais,0,1,34
210467,2013,0a4,2,1,16
210467,2013,20a59,0,1,34
210467,2013,5a19,0,0,10
210467,2013,60mais,0,2,34
210467,2014,0a4,0,0,7
210467,2014,20a59,0,4,45
210467,2014,5a19,0,1,5
210467,2014,60mais,0,7,62
210467,2015,0a4,1,0,10
210467,2015,20a59,0,2,39
210467,2015,5a19,0,0,4
210467,2015,60mais,1,2,60
210467,2016,0a4,1,0,4
210467,2016,20a59,0,1,27
210467,2016,5a19,0,0,5
210467,2016,60mais,0,2,49
210467,2017,0a4,0,0,10
210467,2017,20a59,0,0,44
210467,2017,5a19,0,0,6
210467,2017,60mais,0,4,45
210467,2018,0a4,0,1,9
210467,2018,20a59,0,0,39
210467,2018,5a19,0,0,2
210467,2018,60mais,0,1,53
210467,2019,0a4,0,0,3
210467,2019,20a59,0,2,34
210467,2019,5a19,0,0,2
210467,2019,60mais,0,7,48
210467,2020,0a4,0,1,4
210467,2020,20a59,0,1,47
210467,2020,5a19,0,0,1
210467,2020,60mais,0,3,71
210467,2021,0a4,0,0,4
210467,2021,20a59,0,1,32
210467,2021,5a19,0,0,7
210467,2021,60mais,0,4,85
210467,2022,0a4,0,0,7
210467,2022,20a59,0,1,36
210467,2022,5a19,0,0,4
210467,2022,60mais,0,3,69
210467,2023,0a4,0,1,8
210467,2023,20a59,0,6,42
210467,2023,5a19,0,0,5
210467,2023,60mais,0,3,66
210467,2024,0a4,0,0,5
210467,2024,20a59,0,5,36
210467,2024,5a19,0,0,1
210467,2024,60mais,0,3,56
210470,2008,0a4,0,0,2
210470,2008,20a59,0,2,9
210470,2008,60mais,0,0,9
210470,2009,20a59,0,0,2
210470,2009,60mais,0,0,12
210470,2010,0a4,0,1,3
210470,2010,20a59,0,1,3
210470,2010,60mais,0,3,5
210470,2011,0a4,0,0,1
210470,2011,20a59,0,2,11
210470,2011,5a19,0,0,3
210470,2011,60mais,0,2,21
210470,2012,0a4,0,0,1
210470,2012,20a59,0,1,8
210470,2012,5a19,0,0,1
210470,2012,60mais,0,0,9
210470,2013,20a59,0,0,12
210470,2013,5a19,0,0,1
210470,2013,60mais,0,0,17
210470,2014,0a4,0,0,1
210470,2014,20a59,0,0,8
210470,2014,5a19,0,0,2
210470,2014,60mais,0,0,20
210470,2015,0a4,0,0,2
210470,2015,20a59,0,0,11
210470,2015,5a19,0,0,1
210470,2015,60mais,0,0,13
210470,2016,0a4,0,0,2
210470,2016,20a59,0,0,11
210470,2016,5a19,0,0,1
210470,2016,60mais,0,4,20
210470,2017,0a4,1,0,4
210470,2017,20a59,0,1,11
210470,2017,60mais,0,1,28
210470,2018,20a59,0,1,7
210470,2018,5a19,0,0,1
210470,2018,60mais,0,3,20
210470,2019,0a4,0,0,1
210470,2019,20a59,1,1,13
210470,2019,60mais,0,1,21
210470,2020,0a4,0,0,3
210470,2020,20a59,0,0,11
210470,2020,5a19,0,0,1
210470,2020,60mais,0,2,32
210470,2021,0a4,0,0,1
210470,2021,20a59,1,0,9
210470,2021,60mais,0,3,44
210470,2022,20a59,0,2,11
210470,2022,5a19,0,0,2
210470,2022,60mais,0,1,31
210470,2023,0a4,0,0,1
210470,2023,20a59,0,1,12
210470,2023,5a19,0,0,1
210470,2023,60mais,0,1,34
210470,2024,0a4,0,0,1
210470,2024,20a59,0,0,13
210470,2024,60mais,0,3,33
210480,2008,0a4,3,3,33
210480,2008,20a59,0,5,81
210480,2008,5a19,0,1,17
210480,2008,60mais,0,13,77
210480,2009,0a4,1,4,35
210480,2009,20a59,0,11,91
210480,2009,5a19,0,1,15
210480,2009,60mais,0,14,105
210480,2010,0a4,1,2,30
210480,2010,20a59,0,9,99
210480,2010,5a19,0,2,19
210480,2010,60mais,0,13,100
210480,2011,0a4,1,1,40
210480,2011,20a59,0,5,93
210480,2011,5a19,0,2,13
210480,2011,60mais,0,18,130
210480,2012,0a4,3,1,32
210480,2012,20a59,0,6,75
210480,2012,5a19,0,2,20
210480,2012,60mais,0,17,129
210480,2013,0a4,3,4,35
210480,2013,20a59,0,12,106
210480,2013,5a19,0,1,11
210480,2013,60mais,2,11,136
210480,2014,0a4,0,8,45
210480,2014,20a59,0,18,106
210480,2014,5a19,0,3,22
210480,2014,60mais,0,18,163
210480,2015,0a4,1,3,33
210480,2015,20a59,0,10,121
210480,2015,5a19,0,1,16
210480,2015,60mais,1,14,162
210480,2016,0a4,0,7,47
210480,2016,20a59,0,14,110
210480,2016,5a19,0,4,19
210480,2016,60mais,1,36,188
210480,2017,0a4,4,7,43
210480,2017,20a59,0,16,119
210480,2017,5a19,0,1,21
210480,2017,60mais,1,32,218
210480,2018,0a4,2,6,47
210480,2018,20a59,0,11,134
210480,2018,5a19,0,1,17
210480,2018,60mais,2,25,195
210480,2019,0a4,2,2,42
210480,2019,20a59,0,8,106
210480,2019,5a19,0,1,15
210480,2019,60mais,0,17,177
210480,2020,0a4,2,6,31
210480,2020,20a59,0,12,168
210480,2020,5a19,0,1,22
210480,2020,60mais,2,34,283
210480,2021,0a4,3,1,34
210480,2021,20a59,0,12,155
210480,2021,5a19,0,1,19
210480,2021,60mais,0,25,266
210480,2022,0a4,2,5,40
210480,2022,20a59,2,11,156
210480,2022,5a19,0,2,20
210480,2022,60mais,2,20,238
210480,2023,0a4,0,1,26
210480,2023,20a59,0,9,165
210480,2023,5a19,0,3,16
210480,2023,60mais,0,29,253
210480,2024,0a4,4,1,24
210480,2024,20a59,0,10,165
210480,2024,5a19,0,2,22
210480,2024,60mais,1,38,264
210490,2008,0a4,0,0,7
210490,2008,20a59,0,2,10
210490,2008,5a19,0,0,1
210490,2008,60mais,0,0,28
210490,2009,0a4,0,0,1
210490,2009,20a59,0,0,8
210490,2009,5a19,0,0,5
210490,2009,60mais,0,1,24
210490,2010,0a4,0,0,4
210490,2010,20a59,0,0,12
210490,2010,60mais,0,1,27
210490,2011,0a4,0,0,6
210490,2011,20a59,0,2,13
210490,2011,60mais,0,3,47
210490,2012,0a4,0,0,5
210490,2012,20a59,0,1,10
210490,2012,60mais,0,0,39
210490,2013,0a4,0,0,2
210490,2013,20a59,0,0,12
210490,2013,60mais,1,1,46
210490,2014,0a4,0,0,3
210490,2014,20a59,0,2,19
210490,2014,5a19,0,0,2
210490,2014,60mais,0,0,35
210490,2015,0a4,0,0,1
210490,2015,20a59,0,4,18
210490,2015,5a19,0,1,1
210490,2015,60mais,0,1,53
210490,2016,0a4,0,0,5
210490,2016,20a59,0,0,20
210490,2016,60mais,1,2,48
210490,2017,0a4,0,0,6
210490,2017,20a59,0,0,9
210490,2017,60mais,0,1,44
210490,2018,0a4,0,0,3
210490,2018,20a59,0,1,13
210490,2018,5a19,0,0,2
210490,2018,60mais,0,8,56
210490,2019,0a4,0,0,6
210490,2019,20a59,0,2,14
210490,2019,5a19,0,0,3
210490,2019,60mais,0,1,53
210490,2020,0a4,0,0,1
210490,2020,20a59,0,1,17
210490,2020,60mais,1,3,47
210490,2021,0a4,0,0,2
210490,2021,20a59,0,0,13
210490,2021,5a19,0,0,4
210490,2021,60mais,0,6,70
210490,2022,0a4,0,0,1
210490,2022,20a59,1,0,22
210490,2022,5a19,0,0,2
210490,2022,60mais,0,2,59
210490,2023,0a4,0,0,1
210490,2023,20a59,0,1,16
210490,2023,5a19,0,0,1
210490,2023,60mais,0,8,51
210490,2024,0a4,0,0,2
210490,2024,20a59,0,1,16
210490,2024,5a19,0,0,2
210490,2024,60mais,0,0,45
210500,2008,0a4,3,3,15
210500,2008,20a59,0,4,38
210500,2008,5a19,0,0,6
210500,2008,60mais,2,7,56
210500,2009,0a4,0,4,15
210500,2009,20a59,0,4,23
210500,2009,5a19,0,2,3
210500,2009,60mais,0,11,46
210500,2010,0a4,1,2,13
210500,2010,20a59,0,7,27
210500,2010,5a19,0,0,3
210500,2010,60mais,0,17,64
210500,2011,0a4,1,4,11
210500,2011,20a59,1,4,28
210500,2011,5a19,1,1,6
210500,2011,60mais,0,11,52
210500,2012,0a4,1,2,6
210500,2012,20a59,0,5,30
210500,2012,5a19,1,0,2
210500,2012,60mais,1,5,52
210500,2013,0a4,0,2,12
210500,2013,20a59,0,7,41
210500,2013,5a19,0,0,3
210500,2013,60mais,1,11,58
210500,2014,0a4,1,0,10
210500,2014,20a59,0,5,34
210500,2014,5a19,0,2,6
210500,2014,60mais,0,6,67
210500,2015,0a4,1,2,11
210500,2015,20a59,0,6,32
210500,2015,5a19,0,1,6
210500,2015,60mais,1,10,53
210500,2016,0a4,0,2,14
210500,2016,20a59,0,7,38
210500,2016,5a19,0,0,6
210500,2016,60mais,1,11,67
210500,2017,0a4,0,0,8
210500,2017,20a59,0,6,33
210500,2017,5a19,0,0,4
210500,2017,60mais,0,4,44
210500,2018,0a4,0,0,1
210500,2018,20a59,0,6,35
210500,2018,5a19,0,1,10
210500,2018,60mais,0,9,82
210500,2019,0a4,0,1,5
210500,2019,20a59,0,3,31
210500,2019,60mais,0,4,66
210500,2020,0a4,1,1,10
210500,2020,20a59,0,4,36
210500,2020,5a19,0,1,5
210500,2020,60mais,2,13,97
210500,2021,0a4,0,4,8
210500,2021,20a59,0,5,43
210500,2021,5a19,0,0,3
210500,2021,60mais,0,21,65
210500,2022,0a4,0,0,10
210500,2022,20a59,0,3,31
210500,2022,5a19,0,0,1
210500,2022,60mais,0,20,76
210500,2023,0a4,0,1,9
210500,2023,20a59,0,9,31
210500,2023,5a19,0,2,4
210500,2023,60mais,0,17,76
210500,2024,0a4,0,1,6
210500,2024,20a59,0,2,22
210500,2024,5a19,0,0,3
210500,2024,60mais,0,7,67
210510,2008,0a4,1,1,13
210510,2008,20a59,0,1,16
210510,2008,5a19,0,0,1
210510,2008,60mais,0,5,42
210510,2009,0a4,0,0,7
210510,2009,20a59,0,5,22
210510,2009,5a19,0,0,3
210510,2009,60mais,2,5,43
210510,2010,0a4,0,0,7
210510,2010,20a59,0,1,16
210510,2010,5a19,0,0,2
210510,2010,60mais,0,8,31
210510,2011,0a4,1,1,8
210510,2011,20a59,0,4,24
210510,2011,5a19,0,0,1
210510,2011,60mais,0,12,43
210510,2012,0a4,1,3,5
210510,2012,20a59,0,2,18
210510,2012,5a19,0,0,1
210510,2012,60mais,0,17,48
210510,2013,0a4,0,0,7
210510,2013,20a59,0,4,29
210510,2013,5a19,0,0,1
210510,2013,60mais,1,5,55
210510,2014,0a4,0,0,8
210510,2014,20a59,0,2,23
210510,2014,5a19,0,1,5
210510,2014,60mais,1,3,38
210510,2015,0a4,0,0,4
210510,2015,20a59,1,1,27
210510,2015,5a19,0,0,3
210510,2015,60mais,0,2,48
210510,2016,0a4,0,0,6
210510,2016,20a59,0,0,18
210510,2016,5a19,0,0,3
210510,2016,60mais,0,1,46
210510,2017,0a4,0,1,8
210510,2017,20a59,0,3,22
210510,2017,5a19,0,0,4
210510,2017,60mais,0,3,49
210510,2018,0a4,0,0,3
210510,2018,20a59,0,5,22
210510,2018,5a19,0,0,4
210510,2018,60mais,0,1,44
210510,2019,0a4,0,0,8
210510,2019,20a59,0,1,30
210510,2019,5a19,0,1,5
210510,2019,60mais,1,2,58
210510,2020,0a4,0,0,6
210510,2020,20a59,0,2,34
210510,2020,5a19,0,0,3
210510,2020,60mais,0,2,71
210510,2021,0a4,1,0,10
210510,2021,20a59,0,1,30
210510,2021,5a19,0,0,5
210510,2021,60mais,0,2,71
210510,2022,0a4,0,1,6
210510,2022,20a59,0,0,29
210510,2022,5a19,1,0,5
210510,2022,60mais,0,1,64
210510,2023,0a4,0,0,4
210510,2023,20a59,0,2,25
210510,2023,5a19,0,0,1
210510,2023,60mais,0,3,65
210510,2024,0a4,0,0,3
210510,2024,20a59,0,2,30
210510,2024,5a19,1,0,5
210510,2024,60mais,0,1,61
210515,2008,0a4,0,1,6
210515,2008,20a59,0,9,13
210515,2008,5a19,0,0,4
210515,2008,60mais,0,16,22
210515,2009,0a4,1,1,3
210515,2009,20a59,0,5,17
210515,2009,5a19,0,0,1
210515,2009,60mais,0,5,24
210515,2010,0a4,0,0,3
210515,2010,20a59,0,2,14
210515,2010,5a19,0,0,2
210515,2010,60mais,0,1,23
210515,2011,0a4,0,0,4
210515,2011,20a59,0,3,19
210515,2011,5a19,0,0,2
210515,2011,60mais,0,7,29
210515,2012,0a4,0,1,3
210515,2012,20a59,0,2,14
210515,2012,60mais,0,8,32
210515,2013,0a4,2,1,10
210515,2013,20a59,1,1,16
210515,2013,5a19,0,0,2
210515,2013,60mais,0,1,26
210515,2014,0a4,0,0,8
210515,2014,20a59,0,2,21
210515,2014,5a19,0,2,3
210515,2014,60mais,0,0,24
210515,2015,0a4,0,0,6
210515,2015,20a59,0,0,19
210515,2015,5a19,0,0,2
210515,2015,60mais,1,1,52
210515,2016,0a4,1,0,3
210515,2016,20a59,0,0,17
210515,2016,60mais,0,1,36
210515,2017,0a4,0,0,3
210515,2017,20a59,0,5,30
210515,2017,5a19,0,0,2
210515,2017,60mais,0,4,42
210515,2018,0a4,0,1,4
210515,2018,20a59,0,2,16
210515,2018,5a19,0,0,2
210515,2018,60mais,1,5,37
210515,2019,0a4,0,0,7
210515,2019,20a59,0,0,31
210515,2019,5a19,0,0,2
210515,2019,60mais,0,2,39
210515,2020,0a4,0,1,2
210515,2020,20a59,0,1,17
210515,2020,5a19,0,0,5
210515,2020,60mais,0,0,45
210515,2021,0a4,1,0,5
210515,2021,20a59,0,1,31
210515,2021,5a19,0,0,2
210515,2021,60mais,0,6,58
210515,2022,0a4,0,0,3
210515,2022,20a59,0,1,16
210515,2022,5a19,0,0,3
210515,2022,60mais,0,1,38
210515,2023,0a4,0,0,3
210515,2023,20a59,0,0,23
210515,2023,5a19,0,0,1
210515,2023,60mais,0,3,51
210515,2024,0a4,0,0,3
210515,2024,20a59,0,2,22
210515,2024,5a19,0,1,4
210515,2024,60mais,0,1,37
210520,2008,0a4,1,0,5
210520,2008,20a59,0,1,14
210520,2008,5a19,0,0,4
210520,2008,60mais,0,4,30
210520,2009,0a4,0,0,4
210520,2009,20a59,0,2,20
210520,2009,5a19,0,0,1
210520,2009,60mais,2,0,39
210520,2010,0a4,0,0,2
210520,2010,20a59,0,0,21
210520,2010,5a19,0,0,1
210520,2010,60mais,0,2,27
210520,2011,0a4,0,0,3
210520,2011,20a59,0,0,15
210520,2011,60mais,1,1,29
210520,2012,0a4,0,0,3
210520,2012,20a59,0,2,13
210520,2012,5a19,0,0,3
210520,2012,60mais,0,1,24
210520,2013,0a4,0,0,3
210520,2013,20a59,0,1,12
210520,2013,5a19,0,0,1
210520,2013,60mais,0,2,28
210520,2014,0a4,0,0,4
210520,2014,20a59,0,0,17
210520,2014,5a19,0,0,2
210520,2014,60mais,0,3,29
210520,2015,0a4,0,0,2
210520,2015,20a59,0,0,8
210520,2015,5a19,0,1,3
210520,2015,60mais,0,2,45
210520,2016,0a4,0,0,1
210520,2016,20a59,0,0,9
210520,2016,5a19,0,0,4
210520,2016,60mais,0,2,42
210520,2017,0a4,0,0,5
210520,2017,20a59,0,0,17
210520,2017,5a19,0,0,2
210520,2017,60mais,1,2,40
210520,2018,0a4,0,0,2
210520,2018,20a59,0,3,16
210520,2018,60mais,1,1,32
210520,2019,0a4,0,0,3
210520,2019,20a59,0,0,23
210520,2019,5a19,0,0,1
210520,2019,60mais,0,1,35
210520,2020,0a4,0,0,3
210520,2020,20a59,0,1,20
210520,2020,5a19,1,0,4
210520,2020,60mais,0,0,66
210520,2021,0a4,0,1,2
210520,2021,20a59,0,0,26
210520,2021,60mais,1,0,59
210520,2022,0a4,0,0,3
210520,2022,20a59,0,0,24
210520,2022,60mais,0,3,59
210520,2023,0a4,0,0,2
210520,2023,20a59,1,0,19
210520,2023,5a19,0,0,1
210520,2023,60mais,0,2,34
210520,2024,0a4,0,0,2
210520,2024,20a59,0,0,21
210520,2024,5a19,0,0,3
210520,2024,60mais,1,3,59
210530,2008,0a4,6,1,131
210530,2008,20a59,0,8,480
210530,2008,5a19,1,3,79
210530,2008,60mais,8,49,714
210530,2009,0a4,0,2,93
210530,2009,20a59,2,5,444
210530,2009,5a19,0,0,45
210530,2009,60mais,5,26,739
210530,2010,0a4,0,2,87
210530,2010,20a59,1,7,478
210530,2010,5a19,0,3,40
210530,2010,60mais,2,29,689
210530,2011,0a4,1,0,71
210530,2011,20a59,1,16,522
210530,2011,5a19,0,1,49
210530,2011,60mais,3,43,838
210530,2012,0a4,0,0,66
210530,2012,20a59,0,5,546
210530,2012,5a19,0,0,59
210530,2012,60mais,2,54,820
210530,2013,0a4,3,2,81
210530,2013,20a59,0,8,500
210530,2013,5a19,0,1,44
210530,2013,60mais,3,38,800
210530,2014,0a4,0,2,62
210530,2014,20a59,0,6,561
210530,2014,5a19,0,0,42
210530,2014,60mais,2,39,832
210530,2015,0a4,0,1,61
210530,2015,20a59,0,11,526
210530,2015,5a19,0,1,44
210530,2015,60mais,3,60,956
210530,2016,0a4,2,1,72
210530,2016,20a59,3,8,561
210530,2016,5a19,0,2,59
210530,2016,60mais,4,80,939
210530,2017,0a4,0,1,79
210530,2017,20a59,1,20,571
210530,2017,5a19,0,1,36
210530,2017,60mais,4,85,1080
210530,2018,0a4,0,1,65
210530,2018,20a59,0,6,544
210530,2018,5a19,0,0,48
210530,2018,60mais,2,60,942
210530,2019,0a4,0,2,71
210530,2019,20a59,1,12,528
210530,2019,5a19,0,1,51
210530,2019,60mais,8,48,1029
210530,2020,0a4,0,1,58
210530,2020,20a59,1,6,612
210530,2020,5a19,0,1,57
210530,2020,60mais,0,23,1399
210530,2021,0a4,0,1,66
210530,2021,20a59,1,15,775
210530,2021,5a19,0,0,50
210530,2021,60mais,5,27,1501
210530,2022,0a4,3,1,72
210530,2022,20a59,2,13,532
210530,2022,5a19,0,0,30
210530,2022,60mais,6,18,1216
210530,2023,0a4,1,1,67
210530,2023,20a59,2,13,556
210530,2023,5a19,0,1,53
210530,2023,60mais,5,22,1033
210530,2024,0a4,1,2,43
210530,2024,20a59,0,14,586
210530,2024,5a19,2,1,44
210530,2024,60mais,8,26,1151
210535,2008,0a4,1,0,7
210535,2008,20a59,1,1,10
210535,2008,5a19,0,1,3
210535,2008,60mais,1,2,25
210535,2009,0a4,0,0,3
210535,2009,20a59,0,2,16
210535,2009,5a19,0,0,2
210535,2009,60mais,0,0,11
210535,2010,0a4,0,0,5
210535,2010,20a59,0,0,10
210535,2010,5a19,0,0,2
210535,2010,60mais,1,0,27
210535,2011,0a4,0,0,2
210535,2011,20a59,0,1,12
210535,2011,5a19,0,0,3
210535,2011,60mais,0,0,16
210535,2012,0a4,1,0,2
210535,2012,20a59,0,0,10
210535,2012,5a19,0,0,3
210535,2012,60mais,0,0,28
210535,2013,0a4,1,0,6
210535,2013,20a59,0,0,13
210535,2013,5a19,0,0,1
210535,2013,60mais,0,1,25
210535,2014,0a4,0,0,2
210535,2014,20a59,0,0,17
210535,2014,5a19,0,0,2
210535,2014,60mais,0,1,16
210535,2015,0a4,1,0,5
210535,2015,20a59,0,0,10
210535,2015,60mais,0,0,21
210535,2016,0a4,0,0,5
210535,2016,20a59,0,0,16
210535,2016,5a19,0,0,4
210535,2016,60mais,0,0,21
210535,2017,0a4,0,1,4
210535,2017,20a59,0,2,20
210535,2017,5a19,0,0,2
210535,2017,60mais,0,1,32
210535,2018,0a4,0,0,5
210535,2018,20a59,0,0,10
210535,2018,5a19,0,0,3
210535,2018,60mais,0,0,27
210535,2019,0a4,0,0,9
210535,2019,20a59,0,0,10
210535,2019,5a19,0,0,2
210535,2019,60mais,0,0,31
210535,2020,0a4,0,0,4
210535,2020,20a59,0,2,26
210535,2020,5a19,0,2,5
210535,2020,60mais,0,0,35
210535,2021,0a4,1,1,7
210535,2021,20a59,0,0,22
210535,2021,5a19,0,1,5
210535,2021,60mais,0,2,32
210535,2022,0a4,0,0,1
210535,2022,20a59,0,1,16
210535,2022,60mais,0,5,45
210535,2023,0a4,0,0,3
210535,2023,20a59,2,0,23
210535,2023,60mais,0,0,28
210535,2024,0a4,0,1,7
210535,2024,20a59,0,1,20
210535,2024,5a19,0,0,2
210535,2024,60mais,0,2,36
210540,2008,0a4,0,0,19
210540,2008,20a59,0,2,91
210540,2008,5a19,0,0,20
210540,2008,60mais,3,2,164
210540,2009,0a4,1,0,26
210540,2009,20a59,0,3,79
210540,2009,5a19,0,1,14
210540,2009,60mais,0,4,141
210540,2010,0a4,3,0,27
210540,2010,20a59,0,4,83
210540,2010,5a19,0,0,6
210540,2010,60mais,0,6,152
210540,2011,0a4,1,0,37
210540,2011,20a59,0,2,83
210540,2011,5a19,0,2,11
210540,2011,60mais,1,7,175
210540,2012,0a4,3,1,16
210540,2012,20a59,0,4,86
210540,2012,5a19,0,0,10
210540,2012,60mais,1,5,179
210540,2013,0a4,0,2,29
210540,2013,20a59,0,5,108
210540,2013,5a19,0,1,14
210540,2013,60mais,2,5,172
210540,2014,0a4,0,1,19
210540,2014,20a59,0,2,85
210540,2014,5a19,0,1,20
210540,2014,60mais,1,4,168
210540,2015,0a4,1,0,18
210540,2015,20a59,0,4,108
210540,2015,5a19,0,0,15
210540,2015,60mais,0,6,195
210540,2016,0a4,0,0,16
210540,2016,20a59,0,3,106
210540,2016,5a19,1,0,9
210540,2016,60mais,1,2,204
210540,2017,0a4,1,0,20
210540,2017,20a59,0,0,89
210540,2017,5a19,0,1,10
210540,2017,60mais,0,7,194
210540,2018,0a4,1,0,17
210540,2018,20a59,0,8,81
210540,2018,5a19,0,1,13
210540,2018,60mais,0,9,179
210540,2019,0a4,0,0,24
210540,2019,20a59,0,5,96
210540,2019,5a19,0,3,10
210540,2019,60mais,2,20,189
210540,2020,0a4,0,0,16
210540,2020,20a59,1,3,105
210540,2020,5a19,0,2,15
210540,2020,60mais,0,7,190
210540,2021,0a4,0,0,11
210540,2021,20a59,1,6,144
210540,2021,5a19,0,0,10
210540,2021,60mais,1,22,217
210540,2022,0a4,0,0,16
210540,2022,20a59,0,12,112
210540,2022,5a19,0,1,14
210540,2022,60mais,2,15,231
210540,2023,0a4,1,1,23
210540,2023,20a59,0,5,117
210540,2023,5a19,0,2,7
210540,2023,60mais,1,22,205
210540,2024,0a4,0,0,21
210540,2024,20a59,0,3,109
210540,2024,5a19,0,0,13
210540,2024,60mais,1,32,211
210542,2008,0a4,1,0,17
210542,2008,20a59,0,3,41
210542,2008,5a19,0,0,6
210542,2008,60mais,0,5,43
210542,2009,0a4,0,0,6
210542,2009,20a59,0,3,52
210542,2009,5a19,0,3,8
210542,2009,60mais,0,1,48
210542,2010,0a4,0,1,11
210542,2010,20a59,0,4,53
210542,2010,5a19,1,0,13
210542,2010,60mais,0,3,33
210542,2011,0a4,0,1,8
210542,2011,20a59,1,1,28
210542,2011,5a19,0,1,3
210542,2011,60mais,1,5,46
210542,2012,0a4,0,0,5
210542,2012,20a59,0,2,43
210542,2012,5a19,0,1,8
210542,2012,60mais,0,5,64
210542,2013,0a4,0,0,4
210542,2013,20a59,0,0,47
210542,2013,5a19,0,1,4
210542,2013,60mais,0,6,54
210542,2014,0a4,0,0,6
210542,2014,20a59,0,6,53
210542,2014,5a19,0,0,9
210542,2014,60mais,0,4,48
210542,2015,0a4,0,0,7
210542,2015,20a59,0,5,47
210542,2015,5a19,0,1,3
210542,2015,60mais,1,11,50
210542,2016,0a4,0,0,4
210542,2016,20a59,0,6,48
210542,2016,5a19,0,0,2
210542,2016,60mais,0,20,59
210542,2017,0a4,0,0,6
210542,2017,20a59,0,3,43
210542,2017,5a19,0,0,5
210542,2017,60mais,0,11,65
210542,2018,0a4,0,0,7
210542,2018,20a59,0,3,44
210542,2018,5a19,0,0,4
210542,2018,60mais,0,4,57
210542,2019,0a4,0,0,5
210542,2019,20a59,1,3,35
210542,2019,5a19,0,1,6
210542,2019,60mais,1,10,65
210542,2020,0a4,0,0,7
210542,2020,20a59,0,3,62
210542,2020,5a19,0,1,9
210542,2020,60mais,0,13,113
210542,2021,0a4,1,1,4
210542,2021,20a59,0,2,44
210542,2021,5a19,0,1,5
210542,2021,60mais,1,27,110
210542,2022,0a4,0,1,6
210542,2022,20a59,0,4,52
210542,2022,5a19,0,0,5
210542,2022,60mais,1,24,82
210542,2023,0a4,0,0,1
210542,2023,20a59,0,2,72
210542,2023,5a19,0,0,6
210542,2023,60mais,0,16,82
210542,2024,0a4,0,0,6
210542,2024,20a59,2,7,67
210542,2024,5a19,1,0,3
210542,2024,60mais,1,25,78
210545,2008,0a4,2,0,4
210545,2008,20a59,0,0,4
210545,2008,5a19,0,0,1
210545,2008,60mais,0,1,13
210545,2009,0a4,0,0,2
210545,2009,20a59,0,0,6
210545,2009,5a19,0,0,3
210545,2009,60mais,0,0,12
210545,2010,0a4,0,0,2
210545,2010,20a59,0,0,7
210545,2010,5a19,0,0,1
210545,2010,60mais,0,2,8
210545,2011,0a4,0,0,2
210545,2011,20a59,0,0,11
210545,2011,5a19,0,0,1
210545,2011,60mais,0,0,15
210545,2012,20a59,0,0,8
210545,2012,5a19,0,0,3
210545,2012,60mais,0,0,14
210545,2013,0a4,0,0,4
210545,2013,20a59,0,0,11
210545,2013,5a19,0,1,2
210545,2013,60mais,0,0,9
210545,2014,0a4,0,0,2
210545,2014,20a59,0,0,12
210545,2014,5a19,0,1,3
210545,2014,60mais,0,0,19
210545,2015,0a4,0,0,2
210545,2015,20a59,0,1,13
210545,2015,60mais,0,2,16
210545,2016,20a59,0,0,14
210545,2016,5a19,0,0,1
210545,2016,60mais,0,2,21
210545,2017,0a4,0,0,2
210545,2017,20a59,0,0,7
210545,2017,5a19,0,0,3
210545,2017,60mais,0,1,22
210545,2018,20a59,0,0,6
210545,2018,5a19,0,0,3
210545,2018,60mais,0,0,23
210545,2019,0a4,0,0,1
210545,2019,20a59,0,1,9
210545,2019,5a19,0,0,1
210545,2019,60mais,0,3,15
210545,2020,0a4,0,0,3
210545,2020,20a59,0,2,25
210545,2020,60mais,0,0,28
210545,2021,0a4,0,0,3
210545,2021,20a59,0,1,9
210545,2021,5a19,0,0,3
210545,2021,60mais,0,2,27
210545,2022,0a4,0,0,5
210545,2022,20a59,0,0,16
210545,2022,5a19,0,0,3
210545,2022,60mais,0,2,21
210545,2023,0a4,0,0,2
210545,2023,20a59,0,2,14
210545,2023,5a19,0,0,1
210545,2023,60mais,0,1,33
210545,2024,0a4,0,0,2
210545,2024,20a59,0,1,21
210545,2024,5a19,0,0,2
210545,2024,60mais,0,1,26
210547,2008,0a4,2,0,11
210547,2008,20a59,0,1,8
210547,2008,5a19,0,0,3
210547,2008,60mais,0,0,13
210547,2009,0a4,0,0,9
210547,2009,20a59,0,1,14
210547,2009,60mais,0,0,17
210547,2010,0a4,0,0,6
210547,2010,20a59,0,0,13
210547,2010,5a19,0,0,3
210547,2010,60mais,0,1,14
210547,2011,0a4,0,0,8
210547,2011,20a59,0,0,17
210547,2011,5a19,0,0,4
210547,2011,60mais,0,1,22
210547,2012,0a4,2,0,10
210547,2012,20a59,0,0,8
210547,2012,5a19,0,0,1
210547,2012,60mais,0,0,24
210547,2013,0a4,0,0,7
210547,2013,20a59,0,0,7
210547,2013,5a19,0,2,3
210547,2013,60mais,0,3,26
210547,2014,0a4,1,1,12
210547,2014,20a59,0,4,22
210547,2014,5a19,0,0,3
210547,2014,60mais,0,5,26
210547,2015,0a4,0,0,10
210547,2015,20a59,0,2,13
210547,2015,5a19,0,0,6
210547,2015,60mais,0,3,22
210547,2016,0a4,1,0,18
210547,2016,20a59,0,5,15
210547,2016,5a19,0,1,4
210547,2016,60mais,0,6,33
210547,2017,0a4,2,1,13
210547,2017,20a59,0,6,26
210547,2017,5a19,0,1,2
210547,2017,60mais,0,8,36
210547,2018,0a4,0,1,12
210547,2018,20a59,0,2,19
210547,2018,5a19,0,1,5
210547,2018,60mais,0,5,23
210547,2019,0a4,0,1,7
210547,2019,20a59,0,2,27
210547,2019,5a19,0,1,2
210547,2019,60mais,0,5,28
210547,2020,0a4,0,2,10
210547,2020,20a59,0,0,16
210547,2020,5a19,0,0,3
210547,2020,60mais,0,1,49
210547,2021,0a4,1,0,13
210547,2021,20a59,0,1,15
210547,2021,5a19,0,1,3
210547,2021,60mais,0,1,53
210547,2022,0a4,3,2,20
210547,2022,20a59,0,4,32
210547,2022,5a19,0,0,1
210547,2022,60mais,1,6,48
210547,2023,0a4,1,1,23
210547,2023,20a59,0,0,15
210547,2023,5a19,0,0,2
210547,2023,60mais,0,4,26
210547,2024,0a4,1,1,9
210547,2024,20a59,0,2,22
210547,2024,5a19,0,0,8
210547,2024,60mais,0,2,32
210550,2008,0a4,0,1,20
210550,2008,20a59,0,3,29
210550,2008,5a19,0,0,4
210550,2008,60mais,0,3,35
210550,2009,0a4,1,0,6
210550,2009,20a59,0,1,28
210550,2009,5a19,0,0,3
210550,2009,60mais,1,3,42
210550,2010,0a4,0,1,9
210550,2010,20a59,0,3,33
210550,2010,60mais,1,3,46
210550,2011,0a4,1,0,5
210550,2011,20a59,0,1,42
210550,2011,5a19,0,0,4
210550,2011,60mais,0,6,69
210550,2012,0a4,0,1,7
210550,2012,20a59,0,2,40
210550,2012,5a19,0,1,4
210550,2012,60mais,0,4,55
210550,2013,0a4,0,2,8
210550,2013,20a59,1,5,35
210550,2013,5a19,0,1,6
210550,2013,60mais,0,21,84
210550,2014,0a4,0,0,7
210550,2014,20a59,0,7,43
210550,2014,5a19,0,0,5
210550,2014,60mais,1,25,82
210550,2015,0a4,0,0,4
210550,2015,20a59,0,4,45
210550,2015,5a19,0,0,3
210550,2015,60mais,0,10,78
210550,2016,0a4,0,0,8
210550,2016,20a59,0,5,71
210550,2016,5a19,0,0,6
210550,2016,60mais,0,8,86
210550,2017,0a4,0,0,5
210550,2017,20a59,0,2,30
210550,2017,5a19,0,0,5
210550,2017,60mais,1,6,96
210550,2018,0a4,0,0,7
210550,2018,20a59,0,3,43
210550,2018,5a19,0,0,5
210550,2018,60mais,1,8,91
210550,2019,0a4,0,0,9
210550,2019,20a59,0,7,55
210550,2019,5a19,0,1,9
210550,2019,60mais,0,16,79
210550,2020,0a4,0,0,9
210550,2020,20a59,0,1,57
210550,2020,5a19,0,0,7
210550,2020,60mais,0,12,108
210550,2021,0a4,0,0,9
210550,2021,20a59,0,1,68
210550,2021,5a19,0,0,4
210550,2021,60mais,0,6,130
210550,2022,0a4,1,0,7
210550,2022,20a59,0,1,53
210550,2022,5a19,0,0,4
210550,2022,60mais,0,3,108
210550,2023,0a4,0,0,12
210550,2023,20a59,0,0,60
210550,2023,5a19,0,0,3
210550,2023,60mais,0,10,112
210550,2024,0a4,0,0,3
210550,2024,20a59,0,1,51
210550,2024,5a19,0,0,7
210550,2024,60mais,1,10,119
210560,2008,0a4,3,0,8
210560,2008,20a59,0,0,13
210560,2008,60mais,0,3,40
210560,2009,0a4,0,0,6
210560,2009,20a59,0,0,21
210560,2009,5a19,0,0,2
210560,2009,60mais,0,2,45
210560,2010,0a4,0,1,6
210560,2010,20a59,0,1,17
210560,2010,5a19,0,0,1
210560,2010,60mais,0,6,35
210560,2011,0a4,1,0,5
210560,2011,20a59,0,2,22
210560,2011,5a19,0,0,4
210560,2011,60mais,1,6,46
210560,2012,0a4,0,0,4
210560,2012,20a59,0,0,18
210560,2012,5a19,0,0,3
210560,2012,60mais,0,3,65
210560,2013,0a4,0,1,6
210560,2013,20a59,1,0,28
210560,2013,5a19,0,0,3
210560,2013,60mais,0,1,42
210560,2014,0a4,0,0,2
210560,2014,20a59,0,0,17
210560,2014,60mais,0,0,54
210560,2015,0a4,0,0,4
210560,2015,20a59,0,1,28
210560,2015,60mais,0,2,40
210560,2016,0a4,0,0,4
210560,2016,20a59,0,0,29
210560,2016,5a19,0,0,1
210560,2016,60mais,0,1,40
210560,2017,0a4,1,0,4
210560,2017,20a59,0,0,26
210560,2017,5a19,0,0,3
210560,2017,60mais,0,2,52
210560,2018,0a4,1,0,3
210560,2018,20a59,0,0,20
210560,2018,5a19,0,1,4
210560,2018,60mais,0,4,53
210560,2019,0a4,0,0,4
210560,2019,20a59,0,0,15
210560,2019,5a19,0,0,6
210560,2019,60mais,0,5,72
210560,2020,0a4,0,1,5
210560,2020,20a59,0,0,28
210560,2020,5a19,0,0,2
210560,2020,60mais,0,2,76
210560,2021,0a4,0,0,3
210560,2021,20a59,0,0,33
210560,2021,5a19,0,0,3
210560,2021,60mais,0,4,70
210560,2022,0a4,0,0,4
210560,2022,20a59,0,2,28
210560,2022,5a19,0,1,4
210560,2022,60mais,0,1,44
210560,2023,0a4,0,0,4
210560,2023,20a59,0,0,12
210560,2023,5a19,0,0,2
210560,2023,60mais,0,5,54
210560,2024,0a4,0,1,3
210560,2024,20a59,0,3,26
210560,2024,5a19,0,0,4
210560,2024,60mais,0,5,70
210565,2008,0a4,0,0,1
210565,2008,20a59,0,0,4
210565,2008,5a19,0,0,1
210565,2008,60mais,0,2,9
210565,2009,0a4,0,0,5
210565,2009,20a59,0,0,5
210565,2009,5a19,0,0,2
210565,2009,60mais,0,0,12
210565,2010,0a4,1,0,2
210565,2010,20a59,0,0,11
210565,2010,5a19,0,0,2
210565,2010,60mais,0,1,10
210565,2011,20a59,0,0,10
210565,2011,60mais,0,1,9
210565,2012,0a4,0,0,1
210565,2012,20a59,0,0,7
210565,2012,5a19,0,0,1
210565,2012,60mais,0,0,13
210565,2013,0a4,0,0,3
210565,2013,20a59,0,0,9
210565,2013,5a19,0,0,1
210565,2013,60mais,0,0,8
210565,2014,0a4,0,0,2
210565,2014,20a59,0,1,9
210565,2014,5a19,0,0,2
210565,2014,60mais,0,0,24
210565,2015,0a4,0,0,3
210565,2015,20a59,0,0,13
210565,2015,60mais,0,0,17
210565,2016,20a59,0,2,13
210565,2016,5a19,0,0,3
210565,2016,60mais,0,1,12
210565,2017,0a4,0,0,1
210565,2017,20a59,0,0,9
210565,2017,60mais,0,4,17
210565,2018,0a4,0,0,1
210565,2018,20a59,0,3,8
210565,2018,5a19,0,0,2
210565,2018,60mais,0,0,11
210565,2019,0a4,0,0,1
210565,2019,20a59,0,1,7
210565,2019,5a19,0,0,1
210565,2019,60mais,0,1,9
210565,2020,20a59,0,0,2
210565,2020,5a19,0,0,1
210565,2020,60mais,0,0,7
210565,2021,20a59,0,1,16
210565,2021,5a19,0,0,3
210565,2021,60mais,1,1,20
210565,2022,0a4,0,0,1
210565,2022,20a59,0,1,9
210565,2022,60mais,0,0,11
210565,2023,20a59,0,1,6
210565,2023,5a19,0,0,2
210565,2023,60mais,0,0,15
210565,2024,0a4,0,0,1
210565,2024,20a59,0,0,8
210565,2024,5a19,0,0,2
210565,2024,60mais,0,0,15
210570,2008,0a4,0,1,17
210570,2008,20a59,1,2,42
210570,2008,5a19,0,1,5
210570,2008,60mais,1,1,54
210570,2009,0a4,1,1,28
210570,2009,20a59,0,9,70
210570,2009,5a19,0,0,9
210570,2009,60mais,0,1,108
210570,2010,0a4,0,0,14
210570,2010,20a59,0,0,55
210570,2010,5a19,0,1,15
210570,2010,60mais,1,3,113
210570,2011,0a4,2,0,15
210570,2011,20a59,0,2,73
210570,2011,5a19,0,0,6
210570,2011,60mais,0,3,110
210570,2012,0a4,1,1,19
210570,2012,20a59,0,1,56
210570,2012,5a19,0,0,8
210570,2012,60mais,3,3,116
210570,2013,0a4,0,1,19
210570,2013,20a59,0,1,64
210570,2013,5a19,0,0,8
210570,2013,60mais,0,11,134
210570,2014,0a4,0,0,15
210570,2014,20a59,0,0,76
210570,2014,5a19,0,0,4
210570,2014,60mais,1,3,149
210570,2015,0a4,1,0,11
210570,2015,20a59,0,11,73
210570,2015,5a19,0,1,9
210570,2015,60mais,1,6,173
210570,2016,0a4,1,1,12
210570,2016,20a59,0,5,67
210570,2016,5a19,0,0,9
210570,2016,60mais,1,6,123
210570,2017,0a4,0,1,8
210570,2017,20a59,0,0,70
210570,2017,5a19,0,0,14
210570,2017,60mais,0,6,146
210570,2018,0a4,0,0,14
210570,2018,20a59,0,2,74
210570,2018,5a19,0,0,7
210570,2018,60mais,0,7,157
210570,2019,0a4,0,0,11
210570,2019,20a59,1,4,76
210570,2019,5a19,0,0,7
210570,2019,60mais,0,3,159
210570,2020,0a4,0,0,10
210570,2020,20a59,0,2,97
210570,2020,5a19,0,0,7
210570,2020,60mais,0,6,188
210570,2021,0a4,0,0,2
210570,2021,20a59,0,2,106
210570,2021,5a19,0,0,12
210570,2021,60mais,1,3,217
210570,2022,0a4,0,1,14
210570,2022,20a59,0,1,82
210570,2022,5a19,0,1,9
210570,2022,60mais,1,2,221
210570,2023,0a4,0,0,13
210570,2023,20a59,2,2,89
210570,2023,5a19,0,1,9
210570,2023,60mais,1,2,195
210570,2024,0a4,1,0,7
210570,2024,20a59,0,1,81
210570,2024,5a19,0,1,8
210570,2024,60mais,1,3,218
210580,2008,0a4,0,0,3
210580,2008,20a59,0,1,12
210580,2008,5a19,0,0,1
210580,2008,60mais,1,0,8
210580,2009,0a4,0,0,2
210580,2009,20a59,0,1,11
210580,2009,5a19,0,0,2
210580,2009,60mais,1,2,21
210580,2010,0a4,0,0,2
210580,2010,20a59,0,0,11
210580,2010,60mais,1,3,15
210580,2011,0a4,0,0,3
210580,2011,20a59,0,3,11
210580,2011,5a19,0,0,3
210580,2011,60mais,0,6,25
210580,2012,0a4,0,0,2
210580,2012,20a59,0,2,16
210580,2012,5a19,0,0,1
210580,2012,60mais,0,10,23
210580,2013,20a59,0,3,17
210580,2013,5a19,0,1,3
210580,2013,60mais,1,1,23
210580,2014,0a4,0,0,2
210580,2014,20a59,0,3,11
210580,2014,5a19,0,0,1
210580,2014,60mais,0,4,25
210580,2015,0a4,0,0,4
210580,2015,20a59,0,1,15
210580,2015,5a19,0,0,1
210580,2015,60mais,0,1,27
210580,2016,0a4,0,0,2
210580,2016,20a59,0,2,21
210580,2016,5a19,0,0,1
210580,2016,60mais,0,5,31
210580,2017,0a4,0,0,3
210580,2017,20a59,0,0,20
210580,2017,5a19,0,1,1
210580,2017,60mais,0,3,37
210580,2018,20a59,0,2,16
210580,2018,5a19,0,0,1
210580,2018,60mais,0,1,30
210580,2019,0a4,0,0,1
210580,2019,20a59,0,0,16
210580,2019,5a19,0,0,1
210580,2019,60mais,1,2,42
210580,2020,0a4,0,0,1
210580,2020,20a59,1,0,9
210580,2020,60mais,0,0,32
210580,2021,0a4,0,1,2
210580,2021,20a59,0,0,12
210580,2021,5a19,0,0,3
210580,2021,60mais,1,0,41
210580,2022,0a4,0,0,3
210580,2022,20a59,0,0,11
210580,2022,5a19,0,1,2
210580,2022,60mais,0,2,42
210580,2023,0a4,0,0,3
210580,2023,20a59,0,1,18
210580,2023,5a19,0,0,1
210580,2023,60mais,0,1,30
210580,2024,0a4,0,0,2
210580,2024,20a59,0,1,15
210580,2024,60mais,0,2,34
210590,2008,0a4,0,0,7
210590,2008,20a59,0,1,12
210590,2008,5a19,0,0,1
210590,2008,60mais,0,2,21
210590,2009,0a4,0,0,3
210590,2009,20a59,0,0,20
210590,2009,5a19,0,0,1
210590,2009,60mais,0,0,28
210590,2010,0a4,0,2,7
210590,2010,20a59,0,1,23
210590,2010,5a19,0,1,2
210590,2010,60mais,0,1,17
210590,2011,0a4,0,0,12
210590,2011,20a59,0,0,16
210590,2011,5a19,0,0,6
210590,2011,60mais,0,1,24
210590,2012,0a4,0,0,3
210590,2012,20a59,0,1,19
210590,2012,5a19,0,0,3
210590,2012,60mais,0,0,29
210590,2013,0a4,0,0,6
210590,2013,20a59,0,0,16
210590,2013,5a19,0,0,1
210590,2013,60mais,0,1,33
210590,2014,0a4,0,0,2
210590,2014,20a59,0,0,15
210590,2014,5a19,1,0,2
210590,2014,60mais,0,1,33
210590,2015,0a4,0,0,1
210590,2015,20a59,0,0,22
210590,2015,60mais,0,1,34
210590,2016,0a4,0,0,5
210590,2016,20a59,0,0,24
210590,2016,5a19,0,0,1
210590,2016,60mais,1,3,32
210590,2017,0a4,0,0,5
210590,2017,20a59,0,1,27
210590,2017,5a19,0,0,1
210590,2017,60mais,2,0,53
210590,2018,0a4,0,0,2
210590,2018,20a59,0,0,24
210590,2018,5a19,0,0,4
210590,2018,60mais,0,4,43
210590,2019,0a4,0,0,4
210590,2019,20a59,0,0,24
210590,2019,5a19,0,1,5
210590,2019,60mais,1,2,51
210590,2020,0a4,0,0,3
210590,2020,20a59,0,1,21
210590,2020,5a19,1,0,4
210590,2020,60mais,0,1,54
210590,2021,0a4,0,0,1
210590,2021,20a59,0,0,32
210590,2021,5a19,0,0,3
210590,2021,60mais,0,2,57
210590,2022,0a4,1,0,3
210590,2022,20a59,0,2,27
210590,2022,5a19,0,0,1
210590,2022,60mais,0,4,52
210590,2023,0a4,0,0,7
210590,2023,20a59,0,1,27
210590,2023,5a19,0,0,2
210590,2023,60mais,0,3,47
210590,2024,0a4,1,1,7
210590,2024,20a59,0,0,20
210590,2024,5a19,0,0,2
210590,2024,60mais,0,5,49
210592,2008,0a4,1,2,6
210592,2008,20a59,1,2,10
210592,2008,5a19,0,0,1
210592,2008,60mais,1,1,17
210592,2009,0a4,0,1,4
210592,2009,20a59,0,1,14
210592,2009,60mais,0,3,22
210592,2010,0a4,0,1,3
210592,2010,20a59,0,0,15
210592,2010,5a19,0,0,1
210592,2010,60mais,0,2,14
210592,2011,0a4,0,0,2
210592,2011,20a59,0,0,8
210592,2011,5a19,0,0,2
210592,2011,60mais,0,0,24
210592,2012,0a4,0,0,3
210592,2012,20a59,0,1,9
210592,2012,5a19,0,0,1
210592,2012,60mais,0,1,17
210592,2013,20a59,0,0,13
210592,2013,60mais,0,1,28
210592,2014,0a4,0,0,2
210592,2014,20a59,0,0,7
210592,2014,5a19,0,0,2
210592,2014,60mais,0,0,34
210592,2015,0a4,0,0,5
210592,2015,20a59,0,1,15
210592,2015,5a19,0,0,1
210592,2015,60mais,0,0,32
210592,2016,0a4,0,0,3
210592,2016,20a59,0,0,10
210592,2016,5a19,0,0,1
210592,2016,60mais,0,0,29
210592,2017,0a4,0,0,1
210592,2017,20a59,0,0,13
210592,2017,5a19,0,0,1
210592,2017,60mais,0,0,35
210592,2018,0a4,0,0,1
210592,2018,20a59,0,0,10
210592,2018,60mais,0,0,45
210592,2019,0a4,0,1,5
210592,2019,20a59,0,0,15
210592,2019,5a19,0,0,2
210592,2019,60mais,0,1,35
210592,2020,0a4,0,0,4
210592,2020,20a59,0,0,17
210592,2020,5a19,0,0,3
210592,2020,60mais,0,1,30
210592,2021,0a4,0,0,2
210592,2021,20a59,0,0,24
210592,2021,5a19,0,0,2
210592,2021,60mais,0,0,44
210592,2022,0a4,0,0,3
210592,2022,20a59,0,0,21
210592,2022,5a19,0,0,1
210592,2022,60mais,0,1,35
210592,2023,0a4,0,0,4
210592,2023,20a59,0,0,11
210592,2023,60mais,0,1,36
210592,2024,0a4,0,0,2
210592,2024,20a59,0,0,18
210592,2024,5a19,0,0,2
210592,2024,60mais,1,0,39
210594,2008,0a4,0,0,2
210594,2008,20a59,0,5,10
210594,2008,5a19,0,0,1
210594,2008,60mais,0,14,15
210594,2009,0a4,0,0,2
210594,2009,20a59,0,5,12
210594,2009,60mais,0,12,24
210594,2010,0a4,0,0,3
210594,2010,20a59,0,4,13
210594,2010,5a19,0,1,1
210594,2010,60mais,0,7,20
210594,2011,0a4,0,0,1
210594,2011,20a59,0,1,8
210594,2011,60mais,0,2,23
210594,2012,0a4,0,0,2
210594,2012,20a59,0,0,12
210594,2012,5a19,0,0,1
210594,2012,60mais,0,3,26
210594,2013,0a4,0,1,1
210594,2013,20a59,0,5,20
210594,2013,5a19,0,0,1
210594,2013,60mais,0,5,23
210594,2014,0a4,0,0,1
210594,2014,20a59,0,2,15
210594,2014,5a19,0,0,2
210594,2014,60mais,1,2,20
210594,2015,0a4,0,0,1
210594,2015,20a59,0,2,9
210594,2015,5a19,0,0,2
210594,2015,60mais,0,3,28
210594,2016,0a4,0,0,1
210594,2016,20a59,0,5,22
210594,2016,5a19,0,1,1
210594,2016,60mais,0,2,35
210594,2017,0a4,0,0,3
210594,2017,20a59,0,1,14
210594,2017,5a19,0,0,1
210594,2017,60mais,0,0,39
210594,2018,0a4,0,0,2
210594,2018,20a59,0,0,23
210594,2018,5a19,0,0,2
210594,2018,60mais,1,0,34
210594,2019,0a4,1,0,3
210594,2019,20a59,0,0,22
210594,2019,60mais,0,0,35
210594,2020,0a4,0,0,2
210594,2020,20a59,0,0,22
210594,2020,5a19,0,0,4
210594,2020,60mais,0,0,49
210594,2021,0a4,0,0,2
210594,2021,20a59,0,1,19
210594,2021,5a19,0,0,2
210594,2021,60mais,0,1,44
210594,2022,20a59,0,0,16
210594,2022,5a19,0,0,1
210594,2022,60mais,0,1,40
210594,2023,0a4,0,0,1
210594,2023,20a59,0,1,25
210594,2023,5a19,0,0,1
210594,2023,60mais,0,0,36
210594,2024,0a4,0,0,1
210594,2024,20a59,0,0,16
210594,2024,5a19,0,0,3
210594,2024,60mais,0,1,45
210596,2008,0a4,0,0,6
210596,2008,20a59,0,1,8
210596,2008,5a19,0,0,4
210596,2008,60mais,0,0,8
210596,2009,0a4,3,1,9
210596,2009,20a59,1,1,13
210596,2009,5a19,0,1,3
210596,2009,60mais,2,0,14
210596,2010,0a4,2,0,8
210596,2010,20a59,0,0,16
210596,2010,5a19,0,0,1
210596,2010,60mais,0,0,10
210596,2011,0a4,0,1,1
210596,2011,20a59,0,0,11
210596,2011,5a19,0,0,2
210596,2011,60mais,0,0,20
210596,2012,0a4,0,0,4
210596,2012,20a59,0,1,17
210596,2012,5a19,0,0,3
210596,2012,60mais,0,1,16
210596,2013,0a4,0,1,6
210596,2013,20a59,0,1,15
210596,2013,5a19,0,0,1
210596,2013,60mais,0,0,15
210596,2014,0a4,0,0,2
210596,2014,20a59,0,2,8
210596,2014,5a19,0,1,1
210596,2014,60mais,0,3,18
210596,2015,0a4,0,0,1
210596,2015,20a59,0,2,3
210596,2015,5a19,0,3,5
210596,2015,60mais,0,2,19
210596,2016,0a4,1,0,5
210596,2016,20a59,0,0,10
210596,2016,60mais,2,1,26
210596,2017,0a4,1,0,5
210596,2017,20a59,0,1,16
210596,2017,5a19,0,0,1
210596,2017,60mais,0,1,25
210596,2018,0a4,0,0,2
210596,2018,20a59,0,0,9
210596,2018,5a19,0,0,3
210596,2018,60mais,0,7,41
210596,2019,0a4,0,1,5
210596,2019,20a59,0,1,16
210596,2019,5a19,0,0,4
210596,2019,60mais,0,6,36
210596,2020,0a4,0,0,1
210596,2020,20a59,0,0,18
210596,2020,5a19,0,0,1
210596,2020,60mais,0,5,31
210596,2021,0a4,0,0,7
210596,2021,20a59,0,2,27
210596,2021,5a19,0,0,3
210596,2021,60mais,0,0,38
210596,2022,0a4,0,0,7
210596,2022,20a59,0,2,20
210596,2022,5a19,0,0,2
210596,2022,60mais,0,2,41
210596,2023,0a4,0,0,1
210596,2023,20a59,0,0,25
210596,2023,5a19,0,0,2
210596,2023,60mais,0,0,29
210596,2024,0a4,0,0,4
210596,2024,20a59,0,1,19
210596,2024,5a19,0,1,1
210596,2024,60mais,0,0,39
210598,2008,0a4,0,0,1
210598,2008,20a59,0,2,11
210598,2008,5a19,0,0,2
210598,2008,60mais,0,5,6
210598,2009,20a59,0,0,2
210598,2009,5a19,0,0,1
210598,2009,60mais,0,0,11
210598,2010,0a4,0,0,3
210598,2010,20a59,0,2,12
210598,2010,60mais,0,4,6
210598,2011,0a4,0,2,3
210598,2011,20a59,0,2,12
210598,2011,5a19,0,0,3
210598,2011,60mais,0,2,14
210598,2012,0a4,0,0,2
210598,2012,20a59,0,4,12
210598,2012,5a19,0,1,2
210598,2012,60mais,0,1,13
210598,2013,0a4,0,0,4
210598,2013,20a59,0,1,9
210598,2013,5a19,0,0,1
210598,2013,60mais,0,1,19
210598,2014,0a4,0,0,4
210598,2014,20a59,0,0,3
210598,2014,5a19,0,0,1
210598,2014,60mais,0,1,19
210598,2015,20a59,0,0,7
210598,2015,60mais,0,1,17
210598,2016,0a4,0,0,3
210598,2016,20a59,0,0,11
210598,2016,60mais,1,1,28
210598,2017,0a4,0,0,2
210598,2017,20a59,0,1,7
210598,2017,5a19,0,0,1
210598,2017,60mais,0,0,13
210598,2018,0a4,0,0,1
210598,2018,20a59,0,1,10
210598,2018,5a19,0,0,2
210598,2018,60mais,0,0,17
210598,2019,0a4,0,0,3
210598,2019,20a59,0,0,10
210598,2019,5a19,0,0,1
210598,2019,60mais,0,0,18
210598,2020,0a4,0,0,1
210598,2020,20a59,0,0,9
210598,2020,5a19,0,0,2
210598,2020,60mais,0,0,35
210598,2021,0a4,0,0,5
210598,2021,20a59,0,2,12
210598,2021,60mais,0,1,31
210598,2022,0a4,0,0,1
210598,2022,20a59,0,0,10
210598,2022,60mais,0,2,22
210598,2023,0a4,0,0,1
210598,2023,20a59,0,0,14
210598,2023,5a19,0,0,1
210598,2023,60mais,0,1,19
210598,2024,20a59,0,0,13
210598,2024,5a19,0,0,3
210598,2024,60mais,0,2,29
210600,2008,0a4,1,0,3
210600,2008,20a59,0,1,15
210600,2008,5a19,0,0,1
210600,2008,60mais,0,0,19
210600,2009,0a4,0,0,6
210600,2009,20a59,0,2,11
210600,2009,5a19,0,1,4
210600,2009,60mais,0,1,22
210600,2010,0a4,0,0,5
210600,2010,20a59,0,3,15
210600,2010,5a19,0,0,1
210600,2010,60mais,0,2,23
210600,2011,0a4,0,0,4
210600,2011,20a59,0,1,25
210600,2011,5a19,0,1,3
210600,2011,60mais,0,3,38
210600,2012,0a4,0,0,2
210600,2012,20a59,0,2,13
210600,2012,5a19,0,0,2
210600,2012,60mais,0,1,33
210600,2013,0a4,1,0,2
210600,2013,20a59,0,1,18
210600,2013,5a19,0,0,3
210600,2013,60mais,1,2,40
210600,2014,20a59,0,1,23
210600,2014,5a19,0,0,2
210600,2014,60mais,0,0,48
210600,2015,0a4,0,0,3
210600,2015,20a59,0,0,17
210600,2015,5a19,0,0,3
210600,2015,60mais,0,2,61
210600,2016,0a4,1,0,2
210600,2016,20a59,0,2,25
210600,2016,5a19,0,0,1
210600,2016,60mais,0,2,47
210600,2017,0a4,0,0,2
210600,2017,20a59,0,0,19
210600,2017,5a19,0,0,2
210600,2017,60mais,0,3,57
210600,2018,0a4,0,0,6
210600,2018,20a59,0,0,18
210600,2018,5a19,0,0,3
210600,2018,60mais,0,0,64
210600,2019,0a4,0,0,2
210600,2019,20a59,0,1,20
210600,2019,5a19,0,1,1
210600,2019,60mais,0,6,54
210600,2020,0a4,0,0,2
210600,2020,20a59,0,1,26
210600,2020,5a19,1,0,1
210600,2020,60mais,0,8,85
210600,2021,0a4,0,0,1
210600,2021,20a59,0,0,32
210600,2021,5a19,0,0,2
210600,2021,60mais,1,1,70
210600,2022,0a4,0,0,3
210600,2022,20a59,0,1,18
210600,2022,5a19,0,0,2
210600,2022,60mais,1,1,68
210600,2023,0a4,0,0,3
210600,2023,20a59,0,1,26
210600,2023,5a19,0,0,3
210600,2023,60mais,0,8,66
210600,2024,0a4,1,0,2
210600,2024,20a59,1,1,33
210600,2024,5a19,0,0,2
210600,2024,60mais,0,0,67
210610,2008,20a59,0,0,8
210610,2008,5a19,0,0,3
210610,2008,60mais,0,0,22
210610,2009,0a4,0,0,5
210610,2009,20a59,0,1,12
210610,2009,5a19,0,0,3
210610,2009,60mais,0,2,23
210610,2010,0a4,0,0,4
210610,2010,20a59,0,4,11
210610,2010,5a19,0,0,3
210610,2010,60mais,0,3,23
210610,2011,0a4,0,0,2
210610,2011,20a59,0,4,11
210610,2011,60mais,0,6,26
210610,2012,0a4,0,0,2
210610,2012,20a59,1,0,15
210610,2012,5a19,0,1,2
210610,2012,60mais,0,3,22
210610,2013,20a59,0,1,12
210610,2013,60mais,0,1,21
210610,2014,0a4,0,0,2
210610,2014,20a59,0,3,10
210610,2014,5a19,0,1,3
210610,2014,60mais,0,1,15
210610,2015,0a4,0,0,4
210610,2015,20a59,0,2,18
210610,2015,5a19,0,0,1
210610,2015,60mais,0,7,30
210610,2016,0a4,0,0,5
210610,2016,20a59,0,3,15
210610,2016,5a19,0,0,3
210610,2016,60mais,0,9,28
210610,2017,0a4,0,0,5
210610,2017,20a59,0,1,23
210610,2017,5a19,0,0,1
210610,2017,60mais,0,3,37
210610,2018,0a4,0,0,3
210610,2018,20a59,0,1,18
210610,2018,5a19,0,0,2
210610,2018,60mais,0,3,32
210610,2019,0a4,0,1,2
210610,2019,20a59,0,3,16
210610,2019,5a19,0,0,3
210610,2019,60mais,0,0,43
210610,2020,0a4,0,0,1
210610,2020,20a59,0,2,25
210610,2020,5a19,0,0,1
210610,2020,60mais,0,3,39
210610,2021,0a4,0,0,2
210610,2021,20a59,0,0,14
210610,2021,5a19,0,0,3
210610,2021,60mais,0,2,36
210610,2022,0a4,0,0,3
210610,2022,20a59,0,1,20
210610,2022,5a19,0,0,1
210610,2022,60mais,0,2,47
210610,2023,0a4,0,0,2
210610,2023,20a59,0,1,15
210610,2023,5a19,0,0,1
210610,2023,60mais,0,2,56
210610,2024,0a4,0,0,2
210610,2024,20a59,0,0,16
210610,2024,5a19,0,0,1
210610,2024,60mais,0,3,43
210620,2008,0a4,0,0,5
210620,2008,20a59,0,1,5
210620,2008,60mais,0,1,8
210620,2009,0a4,0,0,1
210620,2009,20a59,0,2,7
210620,2009,5a19,0,2,2
210620,2009,60mais,0,0,11
210620,2010,0a4,0,0,1
210620,2010,20a59,0,2,7
210620,2010,60mais,0,1,11
210620,2011,0a4,1,0,1
210620,2011,20a59,0,1,6
210620,2011,5a19,0,0,1
210620,2011,60mais,0,5,18
210620,2012,0a4,0,0,4
210620,2012,20a59,0,3,6
210620,2012,60mais,0,3,20
210620,2013,0a4,0,0,1
210620,2013,20a59,0,1,6
210620,2013,60mais,0,1,15
210620,2014,20a59,0,1,5
210620,2014,60mais,0,1,16
210620,2015,0a4,0,0,2
210620,2015,20a59,0,0,11
210620,2015,5a19,0,0,1
210620,2015,60mais,0,0,17
210620,2016,20a59,0,0,6
210620,2016,60mais,0,0,14
210620,2017,0a4,0,0,1
210620,2017,20a59,1,0,10
210620,2017,5a19,0,0,1
210620,2017,60mais,0,0,6
210620,2018,0a4,0,0,3
210620,2018,20a59,0,1,8
210620,2018,5a19,0,0,1
210620,2018,60mais,0,1,27
210620,2019,0a4,0,0,1
210620,2019,20a59,0,1,8
210620,2019,5a19,0,1,1
210620,2019,60mais,0,2,15
210620,2020,0a4,0,0,4
210620,2020,20a59,1,0,12
210620,2020,60mais,1,0,16
210620,2021,0a4,0,0,2
210620,2021,20a59,0,1,16
210620,2021,60mais,0,1,35
210620,2022,0a4,0,0,1
210620,2022,20a59,0,0,10
210620,2022,5a19,0,0,1
210620,2022,60mais,0,0,21
210620,2023,0a4,1,0,3
210620,2023,20a59,0,0,12
210620,2023,60mais,0,2,15
210620,2024,20a59,0,2,11
210620,2024,60mais,0,0,13
210630,2008,0a4,0,0,5
210630,2008,20a59,0,1,19
210630,2008,60mais,0,3,40
210630,2009,0a4,1,0,5
210630,2009,20a59,0,0,15
210630,2009,5a19,0,0,1
210630,2009,60mais,0,4,30
210630,2010,0a4,0,0,5
210630,2010,20a59,0,1,16
210630,2010,5a19,1,0,2
210630,2010,60mais,0,1,34
210630,2011,0a4,0,0,7
210630,2011,20a59,1,2,15
210630,2011,5a19,0,0,1
210630,2011,60mais,0,1,30
210630,2012,0a4,1,0,4
210630,2012,20a59,0,2,20
210630,2012,60mais,0,12,39
210630,2013,0a4,0,0,5
210630,2013,20a59,0,2,20
210630,2013,5a19,0,1,4
210630,2013,60mais,1,4,54
210630,2014,0a4,0,0,4
210630,2014,20a59,0,2,20
210630,2014,5a19,0,0,2
210630,2014,60mais,0,6,46
210630,2015,0a4,0,0,2
210630,2015,20a59,0,0,17
210630,2015,5a19,0,0,2
210630,2015,60mais,1,4,51
210630,2016,0a4,0,0,1
210630,2016,20a59,0,2,15
210630,2016,5a19,0,0,1
210630,2016,60mais,0,8,44
210630,2017,0a4,0,0,4
210630,2017,20a59,0,2,12
210630,2017,5a19,0,0,1
210630,2017,60mais,0,8,52
210630,2018,0a4,0,1,8
210630,2018,20a59,0,0,15
210630,2018,5a19,0,0,3
210630,2018,60mais,0,7,49
210630,2019,0a4,0,0,3
210630,2019,20a59,0,3,17
210630,2019,5a19,0,1,4
210630,2019,60mais,0,2,46
210630,2020,0a4,0,0,4
210630,2020,20a59,0,0,12
210630,2020,5a19,0,0,4
210630,2020,60mais,0,7,64
210630,2021,0a4,0,0,4
210630,2021,20a59,0,6,30
210630,2021,5a19,0,0,2
210630,2021,60mais,0,18,72
210630,2022,0a4,0,0,3
210630,2022,20a59,0,3,18
210630,2022,5a19,0,0,2
210630,2022,60mais,0,11,64
210630,2023,0a4,0,0,1
210630,2023,20a59,0,1,23
210630,2023,5a19,0,0,1
210630,2023,60mais,1,8,50
210630,2024,0a4,0,0,2
210630,2024,20a59,0,0,11
210630,2024,5a19,0,0,1
210630,2024,60mais,0,2,52
210632,2008,0a4,0,0,4
210632,2008,20a59,0,3,13
210632,2008,5a19,0,0,3
210632,2008,60mais,0,2,19
210632,2009,0a4,2,0,13
210632,2009,20a59,0,2,16
210632,2009,5a19,0,0,2
210632,2009,60mais,0,1,31
210632,2010,0a4,0,0,9
210632,2010,20a59,0,1,22
210632,2010,5a19,0,0,4
210632,2010,60mais,0,4,29
210632,2011,0a4,1,0,11
210632,2011,20a59,0,2,26
210632,2011,5a19,0,0,8
210632,2011,60mais,0,3,33
210632,2012,0a4,0,0,10
210632,2012,20a59,0,1,30
210632,2012,5a19,0,1,6
210632,2012,60mais,0,4,40
210632,2013,0a4,0,3,8
210632,2013,20a59,0,1,27
210632,2013,5a19,0,0,3
210632,2013,60mais,0,1,37
210632,2014,0a4,0,0,5
210632,2014,20a59,0,3,31
210632,2014,5a19,0,1,3
210632,2014,60mais,1,0,46
210632,2015,0a4,0,0,5
210632,2015,20a59,0,0,27
210632,2015,5a19,0,1,3
210632,2015,60mais,1,2,49
210632,2016,0a4,0,0,9
210632,2016,20a59,0,2,28
210632,2016,5a19,0,0,1
210632,2016,60mais,0,0,32
210632,2017,0a4,0,1,7
210632,2017,20a59,0,1,21
210632,2017,5a19,0,1,4
210632,2017,60mais,1,2,33
210632,2018,0a4,0,0,2
210632,2018,20a59,0,1,30
210632,2018,5a19,0,0,1
210632,2018,60mais,0,4,38
210632,2019,0a4,0,1,12
210632,2019,20a59,1,3,29
210632,2019,5a19,0,1,6
210632,2019,60mais,1,3,47
210632,2020,0a4,0,0,2
210632,2020,20a59,0,2,29
210632,2020,5a19,0,0,3
210632,2020,60mais,0,4,66
210632,2021,0a4,1,0,7
210632,2021,20a59,0,4,32
210632,2021,5a19,0,0,4
210632,2021,60mais,0,4,55
210632,2022,0a4,1,1,8
210632,2022,20a59,0,2,37
210632,2022,5a19,0,0,2
210632,2022,60mais,0,8,58
210632,2023,0a4,0,0,4
210632,2023,20a59,0,3,45
210632,2023,5a19,0,0,3
210632,2023,60mais,0,11,74
210632,2024,0a4,0,0,2
210632,2024,20a59,0,1,34
210632,2024,5a19,0,1,6
210632,2024,60mais,1,6,54
210635,2008,0a4,0,0,2
210635,2008,20a59,0,0,1
210635,2008,5a19,0,0,1
210635,2008,60mais,0,0,2
210635,2009,0a4,0,1,3
210635,2009,20a59,0,2,7
210635,2009,5a19,0,0,1
210635,2009,60mais,0,3,7
210635,2010,0a4,1,0,4
210635,2010,20a59,0,0,3
210635,2010,60mais,0,0,6
210635,2011,0a4,0,0,5
210635,2011,20a59,0,1,8
210635,2011,5a19,0,0,2
210635,2011,60mais,0,0,5
210635,2012,0a4,0,2,6
210635,2012,20a59,0,3,9
210635,2012,60mais,0,1,8
210635,2013,0a4,0,0,1
210635,2013,20a59,0,4,11
210635,2013,5a19,0,0,1
210635,2013,60mais,0,3,10
210635,2014,0a4,1,0,7
210635,2014,20a59,0,1,7
210635,2014,60mais,0,0,3
210635,2015,20a59,0,1,10
210635,2015,60mais,0,0,9
210635,2016,0a4,0,1,1
210635,2016,20a59,0,0,10
210635,2016,5a19,0,2,3
210635,2016,60mais,0,0,4
210635,2017,0a4,0,0,1
210635,2017,20a59,0,0,6
210635,2017,5a19,0,0,1
210635,2017,60mais,0,0,3
210635,2018,0a4,0,0,2
210635,2018,20a59,0,0,15
210635,2018,5a19,0,0,1
210635,2018,60mais,0,0,5
210635,2019,20a59,0,2,10
210635,2019,60mais,0,0,9
210635,2020,0a4,0,0,2
210635,2020,20a59,0,0,6
210635,2020,5a19,0,1,3
210635,2020,60mais,0,0,11
210635,2021,0a4,0,1,2
210635,2021,20a59,0,1,13
210635,2021,60mais,0,0,7
210635,2022,0a4,0,0,3
210635,2022,20a59,0,0,10
210635,2022,5a19,0,0,1
210635,2022,60mais,0,0,9
210635,2023,0a4,0,0,3
210635,2023,20a59,0,0,6
210635,2023,60mais,1,0,19
210635,2024,0a4,0,0,1
210635,2024,20a59,0,0,13
210635,2024,5a19,0,1,4
210635,2024,60mais,0,2,7
210637,2008,0a4,1,0,3
210637,2008,20a59,0,0,7
210637,2008,60mais,0,2,21
210637,2009,0a4,0,0,4
210637,2009,20a59,0,1,11
210637,2009,5a19,0,0,2
210637,2009,60mais,0,1,26
210637,2010,0a4,0,0,4
210637,2010,20a59,0,2,11
210637,2010,60mais,0,0,16
210637,2011,0a4,1,3,9
210637,2011,20a59,0,2,8
210637,2011,5a19,0,0,1
210637,2011,60mais,0,3,21
210637,2012,0a4,0,1,8
210637,2012,20a59,0,3,12
210637,2012,60mais,0,2,31
210637,2013,0a4,0,0,6
210637,2013,20a59,0,1,14
210637,2013,5a19,0,0,2
210637,2013,60mais,0,1,27
210637,2014,0a4,1,0,2
210637,2014,20a59,0,4,13
210637,2014,60mais,0,1,27
210637,2015,0a4,0,1,5
210637,2015,20a59,0,3,16
210637,2015,60mais,0,2,27
210637,2016,0a4,1,0,5
210637,2016,20a59,0,1,13
210637,2016,5a19,0,1,1
210637,2016,60mais,0,2,23
210637,2017,0a4,0,0,3
210637,2017,20a59,0,0,16
210637,2017,5a19,0,1,4
210637,2017,60mais,0,3,29
210637,2018,0a4,0,0,3
210637,2018,20a59,0,1,12
210637,2018,5a19,0,0,1
210637,2018,60mais,0,0,29
210637,2019,0a4,0,0,4
210637,2019,20a59,0,0,13
210637,2019,5a19,0,0,3
210637,2019,60mais,0,2,42
210637,2020,0a4,0,0,2
210637,2020,20a59,0,1,19
210637,2020,60mais,0,2,39
210637,2021,0a4,0,0,3
210637,2021,20a59,0,0,10
210637,2021,5a19,0,0,3
210637,2021,60mais,0,1,42
210637,2022,0a4,0,0,2
210637,2022,20a59,0,1,19
210637,2022,5a19,0,0,2
210637,2022,60mais,0,6,31
210637,2023,0a4,0,0,4
210637,2023,20a59,0,0,22
210637,2023,5a19,0,0,2
210637,2023,60mais,0,0,31
210637,2024,0a4,0,1,4
210637,2024,20a59,0,4,25
210637,2024,5a19,0,0,2
210637,2024,60mais,0,1,27
210640,2008,0a4,3,0,10
210640,2008,20a59,0,0,17
210640,2008,5a19,0,1,6
210640,2008,60mais,0,0,23
210640,2009,0a4,0,1,5
210640,2009,20a59,0,0,9
210640,2009,5a19,0,0,5
210640,2009,60mais,0,0,18
210640,2010,0a4,1,0,7
210640,2010,20a59,0,0,12
210640,2010,5a19,0,0,1
210640,2010,60mais,1,1,34
210640,2011,0a4,0,0,10
210640,2011,20a59,0,0,7
210640,2011,5a19,0,0,1
210640,2011,60mais,2,1,30
210640,2012,0a4,0,0,2
210640,2012,20a59,0,0,12
210640,2012,5a19,0,0,2
210640,2012,60mais,0,0,25
210640,2013,0a4,0,0,9
210640,2013,20a59,0,0,14
210640,2013,5a19,0,0,3
210640,2013,60mais,0,1,37
210640,2014,0a4,0,0,1
210640,2014,20a59,0,0,13
210640,2014,5a19,0,0,3
210640,2014,60mais,1,1,32
210640,2015,0a4,0,0,7
210640,2015,20a59,0,0,17
210640,2015,5a19,0,0,1
210640,2015,60mais,1,3,62
210640,2016,0a4,0,0,8
210640,2016,20a59,0,0,13
210640,2016,5a19,0,0,2
210640,2016,60mais,0,1,36
210640,2017,0a4,1,0,9
210640,2017,20a59,0,0,21
210640,2017,5a19,0,1,4
210640,2017,60mais,0,0,37
210640,2018,0a4,0,0,5
210640,2018,20a59,0,0,17
210640,2018,5a19,0,0,2
210640,2018,60mais,0,2,43
210640,2019,0a4,0,0,3
210640,2019,20a59,0,0,12
210640,2019,5a19,0,1,2
210640,2019,60mais,0,1,48
210640,2020,0a4,0,0,5
210640,2020,20a59,0,0,32
210640,2020,5a19,0,0,1
210640,2020,60mais,1,1,55
210640,2021,0a4,0,0,1
210640,2021,20a59,0,0,22
210640,2021,5a19,0,0,5
210640,2021,60mais,0,6,68
210640,2022,0a4,0,0,1
210640,2022,20a59,0,1,22
210640,2022,5a19,0,0,2
210640,2022,60mais,0,6,77
210640,2023,0a4,0,0,4
210640,2023,20a59,0,0,24
210640,2023,5a19,0,0,1
210640,2023,60mais,0,1,50
210640,2024,0a4,0,0,3
210640,2024,20a59,0,4,38
210640,2024,5a19,0,1,4
210640,2024,60mais,2,3,49
210650,2008,0a4,0,0,9
210650,2008,20a59,0,0,17
210650,2008,5a19,0,0,2
210650,2008,60mais,0,2,32
210650,2009,0a4,0,0,5
210650,2009,20a59,0,1,23
210650,2009,5a19,0,0,2
210650,2009,60mais,0,4,54
210650,2010,0a4,0,0,8
210650,2010,20a59,0,1,22
210650,2010,5a19,0,0,2
210650,2010,60mais,1,3,46
210650,2011,0a4,0,0,4
210650,2011,20a59,0,1,29
210650,2011,5a19,0,0,1
210650,2011,60mais,0,1,51
210650,2012,0a4,0,0,5
210650,2012,20a59,1,0,30
210650,2012,5a19,0,0,1
210650,2012,60mais,0,0,40
210650,2013,0a4,0,0,8
210650,2013,20a59,0,3,32
210650,2013,5a19,0,1,5
210650,2013,60mais,0,5,62
210650,2014,0a4,0,0,8
210650,2014,20a59,0,1,35
210650,2014,5a19,0,1,3
210650,2014,60mais,0,2,45
210650,2015,0a4,0,0,5
210650,2015,20a59,0,0,31
210650,2015,5a19,0,0,3
210650,2015,60mais,0,3,68
210650,2016,0a4,0,0,4
210650,2016,20a59,0,2,33
210650,2016,5a19,0,0,3
210650,2016,60mais,0,0,40
210650,2017,0a4,0,1,7
210650,2017,20a59,0,0,30
210650,2017,5a19,0,0,3
210650,2017,60mais,1,8,72
210650,2018,0a4,1,0,12
210650,2018,20a59,0,0,37
210650,2018,5a19,0,0,4
210650,2018,60mais,1,5,62
210650,2019,0a4,0,1,4
210650,2019,20a59,1,0,33
210650,2019,5a19,0,1,6
210650,2019,60mais,0,0,71
210650,2020,0a4,0,0,8
210650,2020,20a59,0,2,47
210650,2020,5a19,0,0,2
210650,2020,60mais,0,0,73
210650,2021,0a4,0,0,6
210650,2021,20a59,0,0,42
210650,2021,5a19,0,0,4
210650,2021,60mais,0,2,80
210650,2022,0a4,0,0,3
210650,2022,20a59,0,2,37
210650,2022,5a19,0,0,4
210650,2022,60mais,0,3,90
210650,2023,0a4,0,0,4
210650,2023,20a59,0,0,42
210650,2023,5a19,0,0,3
210650,2023,60mais,0,2,83
210650,2024,0a4,0,0,3
210650,2024,20a59,0,0,44
210650,2024,5a19,0,0,4
210650,2024,60mais,0,4,81
210660,2008,0a4,1,0,11
210660,2008,20a59,0,1,25
210660,2008,5a19,0,0,8
210660,2008,60mais,2,0,42
210660,2009,0a4,0,0,10
210660,2009,20a59,1,0,16
210660,2009,5a19,0,0,6
210660,2009,60mais,0,3,49
210660,2010,0a4,2,0,17
210660,2010,20a59,0,1,25
210660,2010,5a19,0,0,7
210660,2010,60mais,0,2,54
210660,2011,0a4,0,1,13
210660,2011,20a59,0,3,40
210660,2011,5a19,0,0,5
210660,2011,60mais,0,10,53
210660,2012,0a4,0,1,14
210660,2012,20a59,0,4,28
210660,2012,5a19,0,0,3
210660,2012,60mais,0,16,59
210660,2013,0a4,0,0,16
210660,2013,20a59,1,5,33
210660,2013,5a19,0,0,4
210660,2013,60mais,1,14,71
210660,2014,0a4,1,0,9
210660,2014,20a59,0,3,31
210660,2014,5a19,0,0,4
210660,2014,60mais,0,12,66
210660,2015,0a4,0,0,11
210660,2015,20a59,0,7,35
210660,2015,5a19,0,0,2
210660,2015,60mais,0,9,62
210660,2016,0a4,0,1,9
210660,2016,20a59,0,12,40
210660,2016,5a19,0,0,3
210660,2016,60mais,0,10,74
210660,2017,0a4,0,0,13
210660,2017,20a59,0,6,50
210660,2017,5a19,0,0,3
210660,2017,60mais,1,5,59
210660,2018,0a4,0,1,10
210660,2018,20a59,0,7,42
210660,2018,5a19,0,1,2
210660,2018,60mais,0,7,63
210660,2019,0a4,0,0,17
210660,2019,20a59,0,2,27
210660,2019,5a19,0,0,5
210660,2019,60mais,1,13,95
210660,2020,0a4,1,0,9
210660,2020,20a59,1,11,60
210660,2020,5a19,0,0,4
210660,2020,60mais,0,33,108
210660,2021,0a4,0,2,16
210660,2021,20a59,0,9,61
210660,2021,5a19,0,0,4
210660,2021,60mais,0,39,127
210660,2022,0a4,0,1,6
210660,2022,20a59,0,5,46
210660,2022,5a19,0,1,2
210660,2022,60mais,0,32,98
210660,2023,0a4,0,2,10
210660,2023,20a59,0,9,41
210660,2023,5a19,0,2,7
210660,2023,60mais,0,39,113
210660,2024,0a4,0,2,10
210660,2024,20a59,1,11,48
210660,2024,5a19,0,1,2
210660,2024,60mais,3,45,125
210663,2008,0a4,0,0,3
210663,2008,20a59,0,0,11
210663,2008,5a19,0,2,6
210663,2008,60mais,0,2,21
210663,2009,0a4,0,0,2
210663,2009,20a59,0,1,8
210663,2009,60mais,0,1,10
210663,2010,0a4,1,0,2
210663,2010,20a59,1,1,9
210663,2010,5a19,0,1,1
210663,2010,60mais,0,3,14
210663,2011,20a59,0,1,12
210663,2011,5a19,0,0,1
210663,2011,60mais,0,0,15
210663,2012,0a4,0,0,3
210663,2012,20a59,0,0,10
210663,2012,60mais,0,1,16
210663,2013,0a4,0,0,1
210663,2013,20a59,0,1,8
210663,2013,60mais,0,1,16
210663,2014,20a59,0,0,12
210663,2014,5a19,0,0,1
210663,2014,60mais,1,0,22
210663,2015,0a4,0,0,1
210663,2015,20a59,0,0,12
210663,2015,5a19,0,0,1
210663,2015,60mais,0,1,20
210663,2016,0a4,0,0,2
210663,2016,20a59,0,0,11
210663,2016,60mais,0,0,24
210663,2017,0a4,0,1,2
210663,2017,20a59,0,2,12
210663,2017,60mais,0,4,23
210663,2018,0a4,0,0,1
210663,2018,20a59,0,0,18
210663,2018,60mais,0,0,27
210663,2019,0a4,0,0,1
210663,2019,20a59,0,0,11
210663,2019,5a19,0,0,2
210663,2019,60mais,0,2,15
210663,2020,0a4,0,0,3
210663,2020,20a59,0,0,15
210663,2020,60mais,0,0,30
210663,2021,0a4,1,0,5
210663,2021,20a59,0,1,8
210663,2021,5a19,0,0,1
210663,2021,60mais,0,0,22
210663,2022,0a4,0,0,3
210663,2022,20a59,0,0,9
210663,2022,5a19,0,0,2
210663,2022,60mais,0,1,11
210663,2023,0a4,0,0,4
210663,2023,20a59,0,1,13
210663,2023,5a19,0,0,1
210663,2023,60mais,0,0,15
210663,2024,0a4,0,0,1
210663,2024,20a59,0,1,15
210663,2024,60mais,0,0,10
210667,2008,0a4,0,0,2
210667,2008,20a59,0,0,3
210667,2008,5a19,0,0,2
210667,2008,60mais,0,2,12
210667,2009,0a4,0,0,1
210667,2009,20a59,0,0,2
210667,2009,60mais,0,2,14
210667,2010,0a4,0,0,1
210667,2010,20a59,0,0,7
210667,2010,60mais,0,2,10
210667,2011,20a59,0,0,2
210667,2011,5a19,0,0,1
210667,2011,60mais,0,1,17
210667,2012,20a59,0,1,5
210667,2012,60mais,0,1,10
210667,2013,0a4,0,0,1
210667,2013,20a59,0,0,5
210667,2013,60mais,0,3,7
210667,2014,20a59,0,1,10
210667,2014,60mais,0,0,9
210667,2015,20a59,0,0,5
210667,2015,5a19,0,0,2
210667,2015,60mais,0,0,13
210667,2016,20a59,0,1,4
210667,2016,60mais,0,0,13
210667,2017,0a4,0,0,1
210667,2017,20a59,0,1,7
210667,2017,60mais,0,0,11
210667,2018,20a59,0,0,2
210667,2018,60mais,0,2,16
210667,2019,20a59,0,0,5
210667,2019,5a19,0,0,1
210667,2019,60mais,0,0,12
210667,2020,0a4,0,0,1
210667,2020,20a59,0,0,6
210667,2020,60mais,1,0,13
210667,2021,20a59,0,0,10
210667,2021,5a19,0,1,1
210667,2021,60mais,1,2,22
210667,2022,20a59,0,0,13
210667,2022,5a19,0,0,1
210667,2022,60mais,0,1,17
210667,2023,0a4,0,0,1
210667,2023,20a59,0,1,13
210667,2023,5a19,0,0,2
210667,2023,60mais,0,2,18
210667,2024,0a4,0,0,2
210667,2024,20a59,0,1,6
210667,2024,60mais,0,0,16
210670,2008,0a4,0,2,7
210670,2008,20a59,0,3,28
210670,2008,5a19,0,0,1
210670,2008,60mais,0,5,42
210670,2009,0a4,0,2,10
210670,2009,20a59,0,2,19
210670,2009,5a19,0,0,1
210670,2009,60mais,1,3,29
210670,2010,0a4,0,0,7
210670,2010,20a59,0,2,23
210670,2010,5a19,0,0,1
210670,2010,60mais,0,2,28
210670,2011,0a4,0,0,3
210670,2011,20a59,0,1,23
210670,2011,5a19,0,0,2
210670,2011,60mais,0,3,27
210670,2012,0a4,0,0,11
210670,2012,20a59,0,8,35
210670,2012,5a19,0,2,5
210670,2012,60mais,0,11,34
210670,2013,0a4,0,0,4
210670,2013,20a59,0,5,19
210670,2013,5a19,0,1,6
210670,2013,60mais,0,13,38
210670,2014,0a4,0,0,4
210670,2014,20a59,0,0,26
210670,2014,5a19,0,0,2
210670,2014,60mais,0,5,30
210670,2015,0a4,0,0,6
210670,2015,20a59,0,2,25
210670,2015,5a19,0,0,2
210670,2015,60mais,1,2,46
210670,2016,0a4,0,0,3
210670,2016,20a59,0,4,27
210670,2016,5a19,0,0,2
210670,2016,60mais,0,5,38
210670,2017,0a4,0,0,3
210670,2017,20a59,0,3,38
210670,2017,5a19,0,0,1
210670,2017,60mais,0,2,44
210670,2018,0a4,0,3,7
210670,2018,20a59,0,0,34
210670,2018,5a19,0,0,1
210670,2018,60mais,0,7,42
210670,2019,0a4,2,1,10
210670,2019,20a59,0,6,29
210670,2019,5a19,0,0,1
210670,2019,60mais,0,24,38
210670,2020,0a4,0,0,3
210670,2020,20a59,0,3,25
210670,2020,5a19,0,0,3
210670,2020,60mais,0,12,55
210670,2021,0a4,0,0,4
210670,2021,20a59,0,1,21
210670,2021,5a19,0,0,9
210670,2021,60mais,0,4,74
210670,2022,0a4,0,0,13
210670,2022,20a59,0,0,30
210670,2022,5a19,0,0,3
210670,2022,60mais,0,5,74
210670,2023,0a4,0,0,9
210670,2023,20a59,0,2,36
210670,2023,5a19,0,0,1
210670,2023,60mais,0,0,57
210670,2024,0a4,0,0,5
210670,2024,20a59,0,1,30
210670,2024,5a19,0,0,2
210670,2024,60mais,0,3,72
210675,2008,0a4,0,3,7
210675,2008,20a59,0,1,23
210675,2008,5a19,0,0,2
210675,2008,60mais,1,1,35
210675,2009,0a4,0,0,8
210675,2009,20a59,0,3,19
210675,2009,5a19,0,0,1
210675,2009,60mais,0,5,32
210675,2010,0a4,0,1,6
210675,2010,20a59,0,4,33
210675,2010,5a19,0,0,2
210675,2010,60mais,0,2,27
210675,2011,0a4,0,0,4
210675,2011,20a59,0,2,31
210675,2011,5a19,0,0,3
210675,2011,60mais,0,5,65
210675,2012,0a4,0,0,7
210675,2012,20a59,0,2,37
210675,2012,5a19,0,0,3
210675,2012,60mais,0,3,61
210675,2013,0a4,0,0,5
210675,2013,20a59,0,0,36
210675,2013,5a19,0,0,4
210675,2013,60mais,1,5,61
210675,2014,0a4,0,1,7
210675,2014,20a59,0,2,34
210675,2014,5a19,0,0,1
210675,2014,60mais,0,6,61
210675,2015,0a4,0,0,8
210675,2015,20a59,0,2,37
210675,2015,5a19,0,0,4
210675,2015,60mais,0,1,59
210675,2016,0a4,1,0,3
210675,2016,20a59,1,1,44
210675,2016,5a19,0,0,8
210675,2016,60mais,3,7,72
210675,2017,0a4,0,1,3
210675,2017,20a59,2,2,35
210675,2017,5a19,0,0,2
210675,2017,60mais,0,3,66
210675,2018,0a4,0,0,5
210675,2018,20a59,0,2,38
210675,2018,5a19,0,1,2
210675,2018,60mais,0,4,64
210675,2019,0a4,0,0,3
210675,2019,20a59,0,2,48
210675,2019,5a19,0,0,1
210675,2019,60mais,0,3,60
210675,2020,0a4,1,0,3
210675,2020,20a59,0,2,45
210675,2020,5a19,0,2,4
210675,2020,60mais,0,6,87
210675,2021,0a4,0,0,2
210675,2021,20a59,0,5,46
210675,2021,5a19,0,1,2
210675,2021,60mais,0,11,90
210675,2022,0a4,0,0,7
210675,2022,20a59,0,2,31
210675,2022,5a19,0,0,4
210675,2022,60mais,0,4,81
210675,2023,0a4,0,0,7
210675,2023,20a59,0,6,51
210675,2023,5a19,0,1,2
210675,2023,60mais,1,3,64
210675,2024,20a59,0,2,26
210675,2024,5a19,0,0,2
210675,2024,60mais,0,14,69
210680,2008,0a4,0,2,7
210680,2008,20a59,0,2,8
210680,2008,5a19,0,1,4
210680,2008,60mais,0,8,29
210680,2009,0a4,0,3,7
210680,2009,20a59,0,4,17
210680,2009,60mais,0,5,31
210680,2010,0a4,0,1,5
210680,2010,20a59,0,9,18
210680,2010,5a19,0,1,3
210680,2010,60mais,0,5,22
210680,2011,0a4,0,2,6
210680,2011,20a59,0,1,10
210680,2011,60mais,0,4,17
210680,2012,0a4,0,0,1
210680,2012,20a59,0,1,17
210680,2012,60mais,0,3,24
210680,2013,0a4,0,0,4
210680,2013,20a59,0,0,17
210680,2013,60mais,1,1,32
210680,2014,0a4,0,0,3
210680,2014,20a59,0,2,19
210680,2014,5a19,0,0,3
210680,2014,60mais,0,2,31
210680,2015,0a4,0,0,2
210680,2015,20a59,0,1,30
210680,2015,5a19,0,0,1
210680,2015,60mais,1,4,44
210680,2016,0a4,0,0,2
210680,2016,20a59,0,1,28
210680,2016,5a19,0,0,3
210680,2016,60mais,0,2,34
210680,2017,0a4,0,0,3
210680,2017,20a59,0,0,25
210680,2017,5a19,0,0,4
210680,2017,60mais,0,2,41
210680,2018,0a4,0,0,4
210680,2018,20a59,0,1,15
210680,2018,5a19,0,1,1
210680,2018,60mais,0,3,48
210680,2019,0a4,0,0,6
210680,2019,20a59,0,4,29
210680,2019,5a19,0,0,2
210680,2019,60mais,0,1,41
210680,2020,0a4,0,0,1
210680,2020,20a59,0,2,13
210680,2020,5a19,0,0,2
210680,2020,60mais,0,6,63
210680,2021,0a4,0,0,3
210680,2021,20a59,0,1,33
210680,2021,5a19,0,0,4
210680,2021,60mais,0,1,39
210680,2022,0a4,0,0,7
210680,2022,20a59,0,2,18
210680,2022,5a19,0,0,1
210680,2022,60mais,0,0,46
210680,2023,0a4,0,0,3
210680,2023,20a59,0,2,23
210680,2023,5a19,0,0,1
210680,2023,60mais,0,1,46
210680,2024,0a4,0,0,4
210680,2024,20a59,0,3,27
210680,2024,5a19,0,0,1
210680,2024,60mais,0,1,48
210690,2008,0a4,0,2,15
210690,2008,20a59,0,7,31
210690,2008,5a19,0,0,5
210690,2008,60mais,1,5,39
210690,2009,0a4,0,1,10
210690,2009,20a59,0,8,29
210690,2009,5a19,0,2,7
210690,2009,60mais,0,7,44
210690,2010,0a4,0,1,10
210690,2010,20a59,0,4,33
210690,2010,5a19,0,0,1
210690,2010,60mais,1,6,43
210690,2011,0a4,0,1,12
210690,2011,20a59,0,4,30
210690,2011,5a19,0,0,3
210690,2011,60mais,0,4,64
210690,2012,0a4,1,1,18
210690,2012,20a59,0,3,40
210690,2012,5a19,0,1,2
210690,2012,60mais,0,3,71
210690,2013,0a4,0,0,8
210690,2013,20a59,0,2,48
210690,2013,5a19,1,0,8
210690,2013,60mais,1,3,85
210690,2014,0a4,0,0,14
210690,2014,20a59,0,3,40
210690,2014,5a19,0,1,7
210690,2014,60mais,1,15,94
210690,2015,0a4,0,0,13
210690,2015,20a59,0,4,40
210690,2015,5a19,0,0,5
210690,2015,60mais,0,11,87
210690,2016,0a4,0,0,14
210690,2016,20a59,0,4,47
210690,2016,5a19,0,0,5
210690,2016,60mais,1,7,82
210690,2017,0a4,0,0,10
210690,2017,20a59,0,4,53
210690,2017,5a19,0,1,9
210690,2017,60mais,0,5,73
210690,2018,0a4,0,1,9
210690,2018,20a59,0,7,49
210690,2018,5a19,0,3,5
210690,2018,60mais,0,11,84
210690,2019,0a4,1,0,10
210690,2019,20a59,0,9,49
210690,2019,5a19,0,0,2
210690,2019,60mais,2,11,88
210690,2020,0a4,1,2,9
210690,2020,20a59,0,2,40
210690,2020,5a19,0,1,3
210690,2020,60mais,1,5,99
210690,2021,0a4,0,0,8
210690,2021,20a59,0,1,56
210690,2021,5a19,0,2,5
210690,2021,60mais,2,5,90
210690,2022,0a4,0,0,14
210690,2022,20a59,1,1,55
210690,2022,5a19,0,0,5
210690,2022,60mais,3,11,119
210690,2023,0a4,0,0,5
210690,2023,20a59,0,3,51
210690,2023,5a19,0,0,5
210690,2023,60mais,1,5,95
210690,2024,0a4,1,0,11
210690,2024,20a59,0,4,44
210690,2024,5a19,0,0,4
210690,2024,60mais,0,4,91
210700,2008,0a4,0,0,6
210700,2008,20a59,0,0,16
210700,2008,5a19,0,0,1
210700,2008,60mais,0,2,16
210700,2009,0a4,0,0,5
210700,2009,20a59,0,1,8
210700,2009,5a19,0,0,1
210700,2009,60mais,1,4,19
210700,2010,0a4,0,1,4
210700,2010,20a59,0,1,9
210700,2010,5a19,0,0,2
210700,2010,60mais,0,8,24
210700,2011,0a4,0,0,3
210700,2011,20a59,0,1,15
210700,2011,5a19,0,0,1
210700,2011,60mais,0,0,29
210700,2012,0a4,0,0,1
210700,2012,20a59,0,1,13
210700,2012,5a19,0,0,2
210700,2012,60mais,0,2,24
210700,2013,0a4,0,1,6
210700,2013,20a59,0,2,15
210700,2013,5a19,0,1,2
210700,2013,60mais,0,10,31
210700,2014,0a4,0,0,2
210700,2014,20a59,0,2,11
210700,2014,5a19,0,0,3
210700,2014,60mais,1,15,34
210700,2015,0a4,1,0,3
210700,2015,20a59,0,0,16
210700,2015,5a19,0,1,5
210700,2015,60mais,0,14,37
210700,2016,0a4,0,0,3
210700,2016,20a59,0,1,22
210700,2016,60mais,0,6,25
210700,2017,0a4,1,0,3
210700,2017,20a59,0,2,21
210700,2017,5a19,0,1,4
210700,2017,60mais,0,3,44
210700,2018,0a4,0,0,1
210700,2018,20a59,0,1,13
210700,2018,5a19,0,1,2
210700,2018,60mais,0,1,42
210700,2019,0a4,0,0,2
210700,2019,20a59,0,0,15
210700,2019,5a19,0,0,4
210700,2019,60mais,0,1,41
210700,2020,0a4,0,0,3
210700,2020,20a59,0,1,17
210700,2020,5a19,0,0,3
210700,2020,60mais,0,2,49
210700,2021,0a4,1,0,3
210700,2021,20a59,0,1,18
210700,2021,5a19,0,0,1
210700,2021,60mais,0,0,47
210700,2022,0a4,0,0,5
210700,2022,20a59,0,0,22
210700,2022,5a19,0,0,3
210700,2022,60mais,0,4,40
210700,2023,0a4,0,0,1
210700,2023,20a59,0,1,17
210700,2023,5a19,0,0,2
210700,2023,60mais,0,2,23
210700,2024,20a59,0,2,13
210700,2024,5a19,0,0,1
210700,2024,60mais,0,6,39
210710,2008,0a4,1,0,6
210710,2008,20a59,0,2,21
210710,2008,60mais,0,1,27
210710,2009,0a4,0,0,3
210710,2009,20a59,0,3,20
210710,2009,5a19,0,0,2
210710,2009,60mais,0,1,19
210710,2010,0a4,1,0,10
210710,2010,20a59,0,2,17
210710,2010,5a19,0,0,4
210710,2010,60mais,0,0,26
210710,2011,0a4,0,0,9
210710,2011,20a59,0,1,13
210710,2011,60mais,0,0,18
210710,2012,0a4,0,0,3
210710,2012,20a59,0,1,16
210710,2012,5a19,0,0,4
210710,2012,60mais,0,2,23
210710,2013,0a4,1,1,5
210710,2013,20a59,0,1,12
210710,2013,5a19,0,0,4
210710,2013,60mais,0,0,20
210710,2014,0a4,3,0,5
210710,2014,20a59,0,0,9
210710,2014,5a19,0,0,1
210710,2014,60mais,0,1,41
210710,2015,0a4,0,0,3
210710,2015,20a59,0,1,18
210710,2015,60mais,0,0,40
210710,2016,0a4,0,0,2
210710,2016,20a59,0,0,9
210710,2016,60mais,0,1,32
210710,2017,0a4,0,0,9
210710,2017,20a59,0,0,21
210710,2017,5a19,0,0,4
210710,2017,60mais,0,1,18
210710,2018,0a4,0,0,6
210710,2018,20a59,0,1,23
210710,2018,5a19,0,0,4
210710,2018,60mais,0,1,24
210710,2019,0a4,0,0,6
210710,2019,20a59,1,1,17
210710,2019,5a19,0,0,1
210710,2019,60mais,0,3,26
210710,2020,0a4,0,1,8
210710,2020,20a59,0,1,18
210710,2020,5a19,0,0,1
210710,2020,60mais,0,3,38
210710,2021,0a4,0,0,4
210710,2021,20a59,0,0,14
210710,2021,5a19,0,0,1
210710,2021,60mais,0,0,31
210710,2022,0a4,0,0,2
210710,2022,20a59,0,1,17
210710,2022,5a19,0,0,3
210710,2022,60mais,0,5,41
210710,2023,0a4,0,0,6
210710,2023,20a59,0,0,27
210710,2023,5a19,0,0,3
210710,2023,60mais,0,1,48
210710,2024,0a4,0,0,4
210710,2024,20a59,0,0,30
210710,2024,5a19,0,0,1
210710,2024,60mais,1,0,41
210720,2008,0a4,1,0,6
210720,2008,20a59,0,0,7
210720,2008,5a19,0,0,1
210720,2008,60mais,0,1,19
210720,2009,0a4,0,1,9
210720,2009,20a59,0,2,6
210720,2009,5a19,0,0,3
210720,2009,60mais,0,1,19
210720,2010,0a4,0,1,6
210720,2010,20a59,0,0,14
210720,2010,5a19,0,0,2
210720,2010,60mais,0,0,16
210720,2011,0a4,1,0,7
210720,2011,20a59,0,0,5
210720,2011,5a19,0,1,3
210720,2011,60mais,0,2,16
210720,2012,0a4,0,0,7
210720,2012,20a59,0,0,9
210720,2012,5a19,0,1,2
210720,2012,60mais,0,0,16
210720,2013,0a4,0,0,3
210720,2013,20a59,0,1,11
210720,2013,5a19,0,0,2
210720,2013,60mais,0,0,22
210720,2014,0a4,0,0,4
210720,2014,20a59,0,1,15
210720,2014,5a19,0,1,4
210720,2014,60mais,0,1,26
210720,2015,20a59,0,0,16
210720,2015,5a19,0,0,1
210720,2015,60mais,0,0,18
210720,2016,0a4,0,0,2
210720,2016,20a59,0,0,9
210720,2016,60mais,0,2,26
210720,2017,0a4,0,0,6
210720,2017,20a59,0,0,12
210720,2017,5a19,0,0,1
210720,2017,60mais,1,2,31
210720,2018,0a4,0,2,3
210720,2018,20a59,0,0,16
210720,2018,5a19,0,0,3
210720,2018,60mais,0,0,25
210720,2019,0a4,0,0,6
210720,2019,20a59,0,0,10
210720,2019,5a19,0,0,1
210720,2019,60mais,0,1,40
210720,2020,0a4,0,0,2
210720,2020,20a59,0,3,20
210720,2020,5a19,0,1,4
210720,2020,60mais,0,1,27
210720,2021,0a4,0,0,4
210720,2021,20a59,0,0,14
210720,2021,60mais,0,1,37
210720,2022,0a4,0,0,4
210720,2022,20a59,0,0,13
210720,2022,5a19,0,0,1
210720,2022,60mais,0,1,33
210720,2023,0a4,1,0,4
210720,2023,20a59,0,2,21
210720,2023,5a19,0,0,2
210720,2023,60mais,0,1,37
210720,2024,0a4,0,0,1
210720,2024,20a59,0,0,18
210720,2024,5a19,0,0,4
210720,2024,60mais,0,1,36
210725,2008,0a4,0,1,5
210725,2008,20a59,0,1,7
210725,2008,5a19,0,0,3
210725,2008,60mais,0,0,5
210725,2009,0a4,0,1,2
210725,2009,20a59,0,1,5
210725,2009,60mais,0,0,7
210725,2010,0a4,0,0,1
210725,2010,20a59,0,0,3
210725,2010,60mais,0,0,4
210725,2011,0a4,1,0,6
210725,2011,20a59,0,0,4
210725,2011,5a19,0,0,1
210725,2011,60mais,0,0,4
210725,2012,20a59,0,0,3
210725,2012,5a19,0,1,1
210725,2012,60mais,0,0,18
210725,2013,20a59,0,0,2
210725,2013,5a19,0,0,1
210725,2013,60mais,0,1,5
210725,2014,0a4,0,0,1
210725,2014,20a59,0,3,9
210725,2014,5a19,0,0,1
210725,2014,60mais,0,3,12
210725,2015,0a4,0,0,3
210725,2015,20a59,0,4,5
210725,2015,60mais,0,8,17
210725,2016,0a4,0,0,2
210725,2016,20a59,0,2,8
210725,2016,5a19,0,0,3
210725,2016,60mais,0,5,10
210725,2017,0a4,0,0,1
210725,2017,20a59,0,0,9
210725,2017,60mais,0,1,15
210725,2018,0a4,0,0,1
210725,2018,20a59,0,1,6
210725,2018,5a19,0,0,1
210725,2018,60mais,0,1,11
210725,2019,0a4,0,0,1
210725,2019,20a59,0,1,7
210725,2019,5a19,0,0,2
210725,2019,60mais,0,1,15
210725,2020,0a4,0,0,2
210725,2020,20a59,0,0,6
210725,2020,5a19,0,0,1
210725,2020,60mais,0,1,22
210725,2021,0a4,0,1,3
210725,2021,20a59,0,0,5
210725,2021,60mais,0,0,24
210725,2022,20a59,0,0,14
210725,2022,5a19,0,0,1
210725,2022,60mais,0,0,14
210725,2023,0a4,0,0,1
210725,2023,20a59,0,0,13
210725,2023,60mais,0,1,16
210725,2024,20a59,0,1,7
210725,2024,60mais,0,1,19
210730,2008,0a4,0,1,1
210730,2008,20a59,0,2,5
210730,2008,60mais,0,6,20
210730,2009,0a4,0,0,2
210730,2009,20a59,0,0,3
210730,2009,5a19,0,0,1
210730,2009,60mais,0,1,7
210730,2010,0a4,0,0,2
210730,2010,20a59,0,3,7
210730,2010,5a19,0,1,1
210730,2010,60mais,0,5,16
210730,2011,20a59,0,1,6
210730,2011,5a19,0,1,1
210730,2011,60mais,0,4,6
210730,2012,0a4,0,0,2
210730,2012,20a59,0,0,4
210730,2012,5a19,0,1,2
210730,2012,60mais,0,5,11
210730,2013,0a4,0,0,2
210730,2013,20a59,0,0,3
210730,2013,60mais,0,6,16
210730,2014,20a59,0,2,6
210730,2014,5a19,0,0,1
210730,2014,60mais,0,1,14
210730,2015,0a4,0,0,2
210730,2015,20a59,1,1,8
210730,2015,60mais,0,3,14
210730,2016,0a4,0,0,1
210730,2016,20a59,0,0,6
210730,2016,60mais,0,2,18
210730,2017,0a4,0,0,1
210730,2017,20a59,0,0,3
210730,2017,5a19,0,0,2
210730,2017,60mais,0,1,17
210730,2018,0a4,0,0,1
210730,2018,20a59,0,1,7
210730,2018,5a19,0,0,1
210730,2018,60mais,0,1,19
210730,2019,0a4,0,0,2
210730,2019,20a59,0,0,2
210730,2019,60mais,0,2,16
210730,2020,20a59,0,0,10
210730,2020,60mais,0,1,25
210730,2021,0a4,0,0,1
210730,2021,20a59,0,0,16
210730,2021,5a19,0,0,1
210730,2021,60mais,0,1,20
210730,2022,20a59,0,0,6
210730,2022,60mais,0,0,12
210730,2023,20a59,0,0,3
210730,2023,60mais,0,0,12
210730,2024,0a4,0,1,2
210730,2024,20a59,0,1,16
210730,2024,60mais,0,4,20
210735,2008,0a4,0,0,8
210735,2008,20a59,0,1,16
210735,2008,5a19,0,1,2
210735,2008,60mais,0,14,36
210735,2009,0a4,0,0,3
210735,2009,20a59,0,6,25
210735,2009,60mais,0,6,32
210735,2010,0a4,0,0,3
210735,2010,20a59,0,1,16
210735,2010,5a19,0,0,5
210735,2010,60mais,0,2,30
210735,2011,0a4,0,0,5
210735,2011,20a59,0,2,23
210735,2011,5a19,0,0,3
210735,2011,60mais,0,1,35
210735,2012,0a4,0,0,2
210735,2012,20a59,0,1,20
210735,2012,5a19,0,0,2
210735,2012,60mais,1,2,40
210735,2013,0a4,0,0,5
210735,2013,20a59,0,4,22
210735,2013,5a19,0,0,4
210735,2013,60mais,0,2,39
210735,2014,0a4,0,0,3
210735,2014,20a59,0,2,29
210735,2014,5a19,0,0,1
210735,2014,60mais,0,3,41
210735,2015,0a4,0,0,5
210735,2015,20a59,0,2,32
210735,2015,5a19,0,1,6
210735,2015,60mais,1,1,45
210735,2016,0a4,0,0,5
210735,2016,20a59,0,4,30
210735,2016,5a19,0,1,5
210735,2016,60mais,0,4,47
210735,2017,0a4,0,0,3
210735,2017,20a59,0,0,24
210735,2017,5a19,0,1,5
210735,2017,60mais,1,2,22
210735,2018,0a4,0,0,2
210735,2018,20a59,0,4,40
210735,2018,5a19,0,2,8
210735,2018,60mais,1,3,39
210735,2019,0a4,0,0,3
210735,2019,20a59,0,2,25
210735,2019,5a19,0,0,3
210735,2019,60mais,0,1,58
210735,2020,0a4,0,0,2
210735,2020,20a59,0,1,22
210735,2020,5a19,0,1,4
210735,2020,60mais,1,1,61
210735,2021,0a4,0,0,3
210735,2021,20a59,0,3,33
210735,2021,5a19,0,1,3
210735,2021,60mais,0,2,62
210735,2022,0a4,0,0,3
210735,2022,20a59,0,2,20
210735,2022,5a19,0,0,2
210735,2022,60mais,0,2,54
210735,2023,0a4,0,0,8
210735,2023,20a59,0,3,39
210735,2023,5a19,0,0,6
210735,2023,60mais,0,2,48
210735,2024,0a4,0,0,4
210735,2024,20a59,0,2,25
210735,2024,5a19,0,0,2
210735,2024,60mais,0,2,46
210740,2008,0a4,0,1,5
210740,2008,20a59,0,6,29
210740,2008,5a19,0,1,6
210740,2008,60mais,0,14,54
210740,2009,0a4,0,2,6
210740,2009,20a59,0,2,23
210740,2009,5a19,0,0,4
210740,2009,60mais,0,9,33
210740,2010,0a4,1,0,5
210740,2010,20a59,0,4,33
210740,2010,5a19,0,0,5
210740,2010,60mais,0,12,34
210740,2011,0a4,0,0,2
210740,2011,20a59,0,5,24
210740,2011,5a19,0,0,3
210740,2011,60mais,0,10,45
210740,2012,0a4,1,0,5
210740,2012,20a59,0,0,22
210740,2012,5a19,0,0,1
210740,2012,60mais,0,9,40
210740,2013,0a4,0,0,3
210740,2013,20a59,0,2,21
210740,2013,5a19,0,0,2
210740,2013,60mais,0,6,38
210740,2014,0a4,0,0,2
210740,2014,20a59,0,4,25
210740,2014,5a19,0,0,3
210740,2014,60mais,0,7,49
210740,2015,0a4,0,0,2
210740,2015,20a59,0,3,21
210740,2015,5a19,0,0,1
210740,2015,60mais,0,3,58
210740,2016,0a4,0,0,5
210740,2016,20a59,0,0,23
210740,2016,5a19,0,0,4
210740,2016,60mais,1,2,52
210740,2017,0a4,0,1,6
210740,2017,20a59,0,0,18
210740,2017,60mais,0,7,48
210740,2018,0a4,0,0,2
210740,2018,20a59,0,3,24
210740,2018,5a19,0,0,1
210740,2018,60mais,0,5,56
210740,2019,0a4,0,0,2
210740,2019,20a59,0,0,22
210740,2019,60mais,0,7,54
210740,2020,20a59,0,1,32
210740,2020,5a19,0,0,1
210740,2020,60mais,0,11,82
210740,2021,20a59,0,2,31
210740,2021,5a19,0,0,2
210740,2021,60mais,0,12,72
210740,2022,0a4,0,0,1
210740,2022,20a59,0,1,37
210740,2022,5a19,0,0,2
210740,2022,60mais,1,10,76
210740,2023,0a4,0,0,3
210740,2023,20a59,0,1,41
210740,2023,5a19,0,0,3
210740,2023,60mais,0,3,61
210740,2024,0a4,0,0,2
210740,2024,20a59,0,2,48
210740,2024,5a19,0,0,4
210740,2024,60mais,0,11,83
210745,2008,0a4,0,1,1
210745,2008,20a59,0,2,8
210745,2008,5a19,0,0,2
210745,2008,60mais,1,2,34
210745,2009,0a4,0,1,3
210745,2009,20a59,0,2,16
210745,2009,5a19,0,0,1
210745,2009,60mais,1,0,16
210745,2010,0a4,0,1,3
210745,2010,20a59,0,1,7
210745,2010,5a19,0,2,4
210745,2010,60mais,0,1,16
210745,2011,0a4,0,0,5
210745,2011,20a59,0,0,15
210745,2011,5a19,0,0,1
210745,2011,60mais,0,1,28
210745,2012,0a4,0,0,1
210745,2012,20a59,0,1,13
210745,2012,5a19,0,1,3
210745,2012,60mais,0,3,26
210745,2013,0a4,0,0,2
210745,2013,20a59,0,0,9
210745,2013,60mais,0,1,34
210745,2014,0a4,0,0,2
210745,2014,20a59,0,2,16
210745,2014,5a19,0,0,3
210745,2014,60mais,0,0,29
210745,2015,0a4,0,0,5
210745,2015,20a59,0,1,18
210745,2015,5a19,0,1,4
210745,2015,60mais,0,2,16
210745,2016,0a4,0,0,1
210745,2016,20a59,0,2,14
210745,2016,60mais,0,5,39
210745,2017,0a4,0,0,4
210745,2017,20a59,0,0,11
210745,2017,5a19,0,0,1
210745,2017,60mais,0,1,45
210745,2018,0a4,0,0,2
210745,2018,20a59,0,1,20
210745,2018,5a19,0,0,2
210745,2018,60mais,0,1,46
210745,2019,0a4,0,0,3
210745,2019,20a59,0,1,16
210745,2019,60mais,0,1,39
210745,2020,0a4,0,0,3
210745,2020,20a59,0,1,26
210745,2020,60mais,0,0,42
210745,2021,0a4,1,0,3
210745,2021,20a59,0,0,22
210745,2021,5a19,0,0,1
210745,2021,60mais,0,2,42
210745,2022,0a4,0,0,4
210745,2022,20a59,0,3,26
210745,2022,5a19,0,2,3
210745,2022,60mais,0,1,44
210745,2023,0a4,0,0,1
210745,2023,20a59,0,3,21
210745,2023,5a19,0,0,2
210745,2023,60mais,0,0,38
210745,2024,0a4,0,0,1
210745,2024,20a59,0,1,13
210745,2024,5a19,0,0,2
210745,2024,60mais,0,2,40
210750,2008,0a4,0,0,20
210750,2008,20a59,1,2,147
210750,2008,5a19,0,0,13
210750,2008,60mais,1,7,166
210750,2009,0a4,0,0,34
210750,2009,20a59,1,6,140
210750,2009,5a19,0,2,14
210750,2009,60mais,0,17,189
210750,2010,0a4,2,0,26
210750,2010,20a59,1,1,134
210750,2010,5a19,0,0,17
210750,2010,60mais,0,11,178
210750,2011,0a4,1,1,31
210750,2011,20a59,0,4,147
210750,2011,5a19,0,1,18
210750,2011,60mais,1,11,180
210750,2012,0a4,0,0,30
210750,2012,20a59,0,4,155
210750,2012,5a19,0,1,14
210750,2012,60mais,0,7,202
210750,2013,0a4,0,1,29
210750,2013,20a59,0,4,171
210750,2013,5a19,0,0,29
210750,2013,60mais,0,6,244
210750,2014,0a4,1,0,36
210750,2014,20a59,0,2,163
210750,2014,5a19,0,0,17
210750,2014,60mais,3,0,208
210750,2015,0a4,1,0,30
210750,2015,20a59,0,2,192
210750,2015,5a19,0,1,22
210750,2015,60mais,0,3,247
210750,2016,0a4,0,0,38
210750,2016,20a59,0,3,193
210750,2016,5a19,0,0,23
210750,2016,60mais,1,4,304
210750,2017,0a4,0,0,32
210750,2017,20a59,0,5,183
210750,2017,5a19,0,1,19
210750,2017,60mais,2,2,277
210750,2018,0a4,0,0,30
210750,2018,20a59,1,4,159
210750,2018,5a19,0,1,12
210750,2018,60mais,1,4,270
210750,2019,0a4,0,0,31
210750,2019,20a59,0,10,158
210750,2019,5a19,0,0,6
210750,2019,60mais,4,2,316
210750,2020,0a4,0,0,29
210750,2020,20a59,0,3,219
210750,2020,5a19,0,0,20
210750,2020,60mais,1,2,418
210750,2021,0a4,0,0,41
210750,2021,20a59,0,2,249
210750,2021,5a19,0,1,10
210750,2021,60mais,0,8,480
210750,2022,0a4,1,1,32
210750,2022,20a59,0,6,196
210750,2022,5a19,0,0,10
210750,2022,60mais,2,2,364
210750,2023,0a4,0,2,32
210750,2023,20a59,0,6,178
210750,2023,5a19,0,2,14
210750,2023,60mais,0,4,371
210750,2024,0a4,1,0,46
210750,2024,20a59,1,4,233
210750,2024,5a19,0,2,13
210750,2024,60mais,0,8,448
210760,2008,0a4,0,1,5
210760,2008,20a59,0,13,26
210760,2008,5a19,0,1,2
210760,2008,60mais,0,17,26
210760,2009,0a4,0,1,8
210760,2009,20a59,0,8,15
210760,2009,5a19,0,0,3
210760,2009,60mais,0,14,26
210760,2010,0a4,0,0,6
210760,2010,20a59,0,5,17
210760,2010,5a19,0,0,1
210760,2010,60mais,0,10,26
210760,2011,0a4,0,0,6
210760,2011,20a59,1,1,23
210760,2011,5a19,0,0,2
210760,2011,60mais,0,3,41
210760,2012,0a4,1,0,3
210760,2012,20a59,0,3,29
210760,2012,5a19,0,0,3
210760,2012,60mais,1,3,30
210760,2013,0a4,0,0,3
210760,2013,20a59,0,0,18
210760,2013,5a19,0,1,2
210760,2013,60mais,0,0,25
210760,2014,0a4,0,0,5
210760,2014,20a59,0,2,22
210760,2014,60mais,1,1,23
210760,2015,0a4,0,0,8
210760,2015,20a59,0,6,28
210760,2015,5a19,0,0,2
210760,2015,60mais,1,2,33
210760,2016,0a4,0,0,6
210760,2016,20a59,0,8,30
210760,2016,5a19,0,0,4
210760,2016,60mais,0,6,44
210760,2017,0a4,0,0,8
210760,2017,20a59,0,1,20
210760,2017,5a19,0,0,6
210760,2017,60mais,1,5,39
210760,2018,0a4,0,0,5
210760,2018,20a59,0,0,16
210760,2018,5a19,0,0,4
210760,2018,60mais,0,6,42
210760,2019,0a4,0,1,3
210760,2019,20a59,0,2,23
210760,2019,5a19,0,0,2
210760,2019,60mais,0,2,53
210760,2020,0a4,0,1,4
210760,2020,20a59,0,1,28
210760,2020,5a19,0,0,4
210760,2020,60mais,0,1,48
210760,2021,0a4,0,0,5
210760,2021,20a59,0,2,37
210760,2021,5a19,0,0,4
210760,2021,60mais,0,2,69
210760,2022,0a4,0,0,8
210760,2022,20a59,0,2,41
210760,2022,5a19,0,1,3
210760,2022,60mais,0,3,63
210760,2023,0a4,0,0,4
210760,2023,20a59,0,3,26
210760,2023,60mais,0,9,53
210760,2024,0a4,0,2,5
210760,2024,20a59,0,5,30
210760,2024,5a19,0,0,1
210760,2024,60mais,0,19,67
210770,2008,0a4,0,0,1
210770,2008,20a59,0,4,25
210770,2008,5a19,0,1,3
210770,2008,60mais,0,5,61
210770,2009,0a4,0,0,1
210770,2009,20a59,0,6,31
210770,2009,5a19,0,0,2
210770,2009,60mais,0,4,37
210770,2010,0a4,0,0,5
210770,2010,20a59,0,4,28
210770,2010,5a19,0,0,2
210770,2010,60mais,0,3,36
210770,2011,0a4,0,0,3
210770,2011,20a59,0,4,32
210770,2011,5a19,0,0,6
210770,2011,60mais,0,2,56
210770,2012,0a4,0,0,2
210770,2012,20a59,0,4,42
210770,2012,5a19,0,0,2
210770,2012,60mais,0,4,48
210770,2013,0a4,0,0,10
210770,2013,20a59,0,5,36
210770,2013,5a19,0,0,10
210770,2013,60mais,0,7,70
210770,2014,0a4,0,0,6
210770,2014,20a59,0,2,37
210770,2014,5a19,0,0,3
210770,2014,60mais,0,7,53
210770,2015,0a4,0,0,4
210770,2015,20a59,0,5,30
210770,2015,5a19,0,0,4
210770,2015,60mais,0,7,63
210770,2016,0a4,0,0,5
210770,2016,20a59,0,0,36
210770,2016,5a19,0,1,6
210770,2016,60mais,0,4,62
210770,2017,0a4,0,1,6
210770,2017,20a59,0,1,39
210770,2017,5a19,0,1,3
210770,2017,60mais,0,3,61
210770,2018,0a4,0,0,3
210770,2018,20a59,0,1,45
210770,2018,5a19,0,0,2
210770,2018,60mais,1,5,68
210770,2019,0a4,0,0,5
210770,2019,20a59,0,2,38
210770,2019,5a19,0,0,2
210770,2019,60mais,1,3,71
210770,2020,0a4,0,0,4
210770,2020,20a59,0,2,42
210770,2020,5a19,0,0,3
210770,2020,60mais,0,1,92
210770,2021,0a4,0,0,4
210770,2021,20a59,0,3,47
210770,2021,5a19,0,0,1
210770,2021,60mais,1,3,97
210770,2022,0a4,0,0,6
210770,2022,20a59,0,1,45
210770,2022,5a19,0,0,1
210770,2022,60mais,0,6,93
210770,2023,0a4,0,0,2
210770,2023,20a59,0,3,27
210770,2023,5a19,0,0,4
210770,2023,60mais,0,5,91
210770,2024,0a4,0,0,10
210770,2024,20a59,0,4,38
210770,2024,60mais,0,13,94
210780,2008,0a4,1,1,14
210780,2008,20a59,1,4,41
210780,2008,5a19,1,1,13
210780,2008,60mais,1,2,68
210780,2009,0a4,0,0,11
210780,2009,20a59,0,2,35
210780,2009,5a19,0,1,3
210780,2009,60mais,0,6,72
210780,2010,0a4,0,0,6
210780,2010,20a59,1,3,40
210780,2010,5a19,1,0,7
210780,2010,60mais,0,7,80
210780,2011,0a4,0,0,18
210780,2011,20a59,0,2,37
210780,2011,5a19,0,0,3
210780,2011,60mais,1,0,79
210780,2012,0a4,1,1,12
210780,2012,20a59,1,4,42
210780,2012,5a19,0,0,1
210780,2012,60mais,1,13,92
210780,2013,0a4,0,0,8
210780,2013,20a59,1,5,50
210780,2013,5a19,0,1,7
210780,2013,60mais,0,8,69
210780,2014,0a4,0,1,15
210780,2014,20a59,0,2,43
210780,2014,5a19,0,0,1
210780,2014,60mais,0,7,81
210780,2015,0a4,0,1,11
210780,2015,20a59,0,3,40
210780,2015,5a19,0,0,2
210780,2015,60mais,0,23,90
210780,2016,0a4,2,1,14
210780,2016,20a59,0,5,53
210780,2016,5a19,0,0,5
210780,2016,60mais,1,12,89
210780,2017,0a4,0,0,17
210780,2017,20a59,0,3,51
210780,2017,5a19,0,0,6
210780,2017,60mais,1,6,99
210780,2018,0a4,1,0,9
210780,2018,20a59,0,4,54
210780,2018,5a19,0,1,5
210780,2018,60mais,2,8,88
210780,2019,0a4,0,0,4
210780,2019,20a59,1,2,44
210780,2019,5a19,0,0,4
210780,2019,60mais,4,14,116
210780,2020,0a4,1,0,4
210780,2020,20a59,0,8,52
210780,2020,5a19,0,1,4
210780,2020,60mais,0,14,126
210780,2021,0a4,0,0,9
210780,2021,20a59,0,5,60
210780,2021,5a19,0,0,5
210780,2021,60mais,0,7,138
210780,2022,0a4,0,0,5
210780,2022,20a59,0,5,50
210780,2022,5a19,0,1,5
210780,2022,60mais,0,15,121
210780,2023,0a4,0,0,10
210780,2023,20a59,1,0,52
210780,2023,5a19,0,0,3
210780,2023,60mais,0,2,89
210780,2024,0a4,0,0,4
210780,2024,20a59,0,3,51
210780,2024,5a19,0,0,1
210780,2024,60mais,1,3,106
210790,2008,0a4,0,0,6
210790,2008,20a59,0,3,37
210790,2008,5a19,0,0,3
210790,2008,60mais,1,5,41
210790,2009,0a4,0,0,7
210790,2009,20a59,0,1,16
210790,2009,5a19,0,0,3
210790,2009,60mais,0,1,40
210790,2010,0a4,0,1,5
210790,2010,20a59,0,1,30
210790,2010,5a19,0,0,4
210790,2010,60mais,0,6,35
210790,2011,0a4,0,0,2
210790,2011,20a59,0,0,18
210790,2011,5a19,0,0,2
210790,2011,60mais,1,4,36
210790,2012,0a4,1,0,4
210790,2012,20a59,1,0,21
210790,2012,5a19,0,0,1
210790,2012,60mais,0,4,42
210790,2013,0a4,0,0,7
210790,2013,20a59,0,1,23
210790,2013,5a19,0,0,4
210790,2013,60mais,2,2,40
210790,2014,0a4,0,0,8
210790,2014,20a59,0,3,23
210790,2014,5a19,0,0,2
210790,2014,60mais,1,4,47
210790,2015,0a4,0,0,3
210790,2015,20a59,0,0,27
210790,2015,5a19,0,1,4
210790,2015,60mais,1,3,50
210790,2016,0a4,0,0,4
210790,2016,20a59,0,0,18
210790,2016,5a19,0,0,2
210790,2016,60mais,0,1,45
210790,2017,0a4,0,0,6
210790,2017,20a59,0,0,30
210790,2017,5a19,0,0,3
210790,2017,60mais,0,4,54
210790,2018,0a4,0,0,2
210790,2018,20a59,0,2,22
210790,2018,5a19,0,0,3
210790,2018,60mais,1,8,64
210790,2019,0a4,0,0,6
210790,2019,20a59,0,1,23
210790,2019,5a19,0,0,1
210790,2019,60mais,0,5,68
210790,2020,0a4,0,0,3
210790,2020,20a59,0,1,36
210790,2020,5a19,0,0,2
210790,2020,60mais,0,3,74
210790,2021,0a4,0,0,5
210790,2021,20a59,0,1,28
210790,2021,60mais,0,8,84
210790,2022,0a4,0,1,4
210790,2022,20a59,0,3,36
210790,2022,5a19,0,0,1
210790,2022,60mais,0,5,83
210790,2023,0a4,0,0,8
210790,2023,20a59,0,6,44
210790,2023,5a19,0,0,3
210790,2023,60mais,0,6,73
210790,2024,0a4,0,0,6
210790,2024,20a59,0,7,38
210790,2024,5a19,0,0,3
210790,2024,60mais,1,17,86
210800,2008,0a4,0,0,6
210800,2008,20a59,0,2,25
210800,2008,5a19,0,0,5
210800,2008,60mais,0,14,46
210800,2009,0a4,0,0,2
210800,2009,20a59,0,6,26
210800,2009,5a19,0,0,3
210800,2009,60mais,1,9,41
210800,2010,0a4,0,0,1
210800,2010,20a59,0,2,17
210800,2010,5a19,0,0,2
210800,2010,60mais,1,3,37
210800,2011,0a4,0,0,6
210800,2011,20a59,0,4,21
210800,2011,5a19,0,0,2
210800,2011,60mais,0,17,62
210800,2012,0a4,0,0,4
210800,2012,20a59,0,4,31
210800,2012,5a19,0,0,4
210800,2012,60mais,0,12,57
210800,2013,0a4,0,1,4
210800,2013,20a59,0,6,42
210800,2013,5a19,0,0,6
210800,2013,60mais,0,14,59
210800,2014,0a4,0,0,3
210800,2014,20a59,0,4,36
210800,2014,5a19,0,1,2
210800,2014,60mais,0,2,49
210800,2015,0a4,0,0,3
210800,2015,20a59,0,5,25
210800,2015,5a19,0,2,5
210800,2015,60mais,0,8,44
210800,2016,0a4,0,0,9
210800,2016,20a59,0,4,35
210800,2016,5a19,0,1,4
210800,2016,60mais,0,19,66
210800,2017,0a4,0,0,9
210800,2017,20a59,0,4,31
210800,2017,5a19,0,0,1
210800,2017,60mais,0,16,67
210800,2018,0a4,0,2,4
210800,2018,20a59,0,5,26
210800,2018,5a19,0,0,2
210800,2018,60mais,0,15,72
210800,2019,0a4,0,2,6
210800,2019,20a59,0,3,23
210800,2019,5a19,0,0,3
210800,2019,60mais,1,12,72
210800,2020,0a4,0,0,2
210800,2020,20a59,0,6,46
210800,2020,5a19,0,0,2
210800,2020,60mais,0,15,84
210800,2021,0a4,0,1,4
210800,2021,20a59,0,2,41
210800,2021,60mais,0,9,100
210800,2022,0a4,0,0,5
210800,2022,20a59,0,1,38
210800,2022,5a19,0,0,3
210800,2022,60mais,0,9,80
210800,2023,0a4,0,0,5
210800,2023,20a59,1,2,45
210800,2023,5a19,0,0,2
210800,2023,60mais,0,15,80
210800,2024,0a4,0,1,4
210800,2024,20a59,0,8,43
210800,2024,5a19,0,0,4
210800,2024,60mais,0,13,76
210805,2008,0a4,0,1,5
210805,2008,20a59,0,3,11
210805,2008,5a19,0,0,2
210805,2008,60mais,1,13,35
210805,2009,0a4,0,1,6
210805,2009,20a59,0,3,14
210805,2009,60mais,0,7,23
210805,2010,0a4,0,1,7
210805,2010,20a59,0,2,16
210805,2010,5a19,0,0,2
210805,2010,60mais,0,1,18
210805,2011,0a4,1,0,2
210805,2011,20a59,0,0,8
210805,2011,60mais,0,4,19
210805,2012,0a4,0,0,4
210805,2012,20a59,0,3,15
210805,2012,5a19,0,0,2
210805,2012,60mais,0,4,20
210805,2013,0a4,0,0,4
210805,2013,20a59,0,1,16
210805,2013,5a19,0,0,2
210805,2013,60mais,1,2,19
210805,2014,0a4,0,1,6
210805,2014,20a59,0,6,20
210805,2014,5a19,0,1,4
210805,2014,60mais,0,16,42
210805,2015,0a4,0,0,4
210805,2015,20a59,0,0,13
210805,2015,5a19,0,0,2
210805,2015,60mais,0,10,36
210805,2016,0a4,0,0,5
210805,2016,20a59,0,1,18
210805,2016,5a19,0,0,2
210805,2016,60mais,0,1,29
210805,2017,0a4,0,2,5
210805,2017,20a59,0,2,13
210805,2017,5a19,0,0,6
210805,2017,60mais,0,11,45
210805,2018,0a4,0,0,4
210805,2018,20a59,0,1,17
210805,2018,60mais,0,8,49
210805,2019,0a4,0,0,6
210805,2019,20a59,0,4,20
210805,2019,5a19,0,0,2
210805,2019,60mais,0,5,40
210805,2020,0a4,0,0,1
210805,2020,20a59,0,3,18
210805,2020,5a19,0,0,2
210805,2020,60mais,0,30,62
210805,2021,0a4,0,0,6
210805,2021,20a59,0,3,10
210805,2021,5a19,0,0,1
210805,2021,60mais,0,12,43
210805,2022,0a4,0,1,6
210805,2022,20a59,0,3,17
210805,2022,5a19,0,2,6
210805,2022,60mais,0,7,53
210805,2023,0a4,0,1,8
210805,2023,20a59,0,2,18
210805,2023,5a19,0,0,4
210805,2023,60mais,0,8,47
210805,2024,0a4,0,0,3
210805,2024,20a59,0,1,17
210805,2024,5a19,0,0,2
210805,2024,60mais,0,8,60
210810,2008,0a4,0,0,8
210810,2008,20a59,0,1,14
210810,2008,5a19,0,0,1
210810,2008,60mais,1,4,29
210810,2009,0a4,0,1,15
210810,2009,20a59,0,0,26
210810,2009,5a19,0,0,1
210810,2009,60mais,0,0,34
210810,2010,0a4,0,0,12
210810,2010,20a59,0,0,19
210810,2010,5a19,0,1,10
210810,2010,60mais,0,2,40
210810,2011,0a4,0,1,9
210810,2011,20a59,0,2,26
210810,2011,5a19,0,1,3
210810,2011,60mais,0,9,40
210810,2012,0a4,0,1,8
210810,2012,20a59,0,3,30
210810,2012,5a19,0,1,3
210810,2012,60mais,1,4,61
210810,2013,0a4,2,0,10
210810,2013,20a59,1,1,32
210810,2013,5a19,0,0,1
210810,2013,60mais,0,2,62
210810,2014,0a4,0,0,6
210810,2014,20a59,0,4,26
210810,2014,5a19,0,0,2
210810,2014,60mais,0,1,62
210810,2015,0a4,0,0,19
210810,2015,20a59,0,0,39
210810,2015,5a19,0,0,4
210810,2015,60mais,0,0,69
210810,2016,0a4,0,1,8
210810,2016,20a59,0,1,31
210810,2016,5a19,0,0,4
210810,2016,60mais,0,11,54
210810,2017,0a4,0,0,3
210810,2017,20a59,1,3,25
210810,2017,5a19,0,1,1
210810,2017,60mais,1,12,65
210810,2018,0a4,0,0,3
210810,2018,20a59,0,7,21
210810,2018,5a19,0,1,2
210810,2018,60mais,1,13,58
210810,2019,0a4,0,0,7
210810,2019,20a59,1,3,37
210810,2019,5a19,0,1,4
210810,2019,60mais,0,7,72
210810,2020,0a4,0,1,4
210810,2020,20a59,0,6,40
210810,2020,5a19,0,0,6
210810,2020,60mais,0,6,92
210810,2021,0a4,0,0,5
210810,2021,20a59,0,3,33
210810,2021,5a19,0,1,4
210810,2021,60mais,0,5,91
210810,2022,0a4,0,1,4
210810,2022,20a59,0,1,35
210810,2022,5a19,0,0,4
210810,2022,60mais,0,7,75
210810,2023,0a4,0,0,3
210810,2023,20a59,0,2,23
210810,2023,5a19,1,0,7
210810,2023,60mais,1,4,78
210810,2024,0a4,0,0,8
210810,2024,20a59,0,1,39
210810,2024,5a19,0,1,8
210810,2024,60mais,0,5,75
210820,2008,0a4,0,0,23
210820,2008,20a59,1,1,54
210820,2008,5a19,0,0,2
210820,2008,60mais,0,3,110
210820,2009,0a4,2,2,30
210820,2009,20a59,0,5,59
210820,2009,5a19,0,0,6
210820,2009,60mais,0,2,109
210820,2010,0a4,0,0,14
210820,2010,20a59,0,3,72
210820,2010,5a19,0,0,6
210820,2010,60mais,1,6,93
210820,2011,0a4,0,0,13
210820,2011,20a59,0,3,59
210820,2011,5a19,0,0,8
210820,2011,60mais,0,2,147
210820,2012,0a4,0,0,9
210820,2012,20a59,1,4,71
210820,2012,5a19,0,0,8
210820,2012,60mais,1,5,118
210820,2013,0a4,0,0,15
210820,2013,20a59,0,4,82
210820,2013,5a19,0,1,4
210820,2013,60mais,0,3,134
210820,2014,0a4,1,0,12
210820,2014,20a59,1,1,78
210820,2014,5a19,0,2,6
210820,2014,60mais,2,2,161
210820,2015,0a4,0,0,12
210820,2015,20a59,0,0,69
210820,2015,5a19,0,0,2
210820,2015,60mais,1,7,172
210820,2016,0a4,0,0,8
210820,2016,20a59,0,2,67
210820,2016,5a19,0,0,4
210820,2016,60mais,0,4,148
210820,2017,0a4,0,0,10
210820,2017,20a59,0,1,69
210820,2017,5a19,0,0,7
210820,2017,60mais,0,5,184
210820,2018,0a4,0,0,10
210820,2018,20a59,0,2,69
210820,2018,5a19,0,1,5
210820,2018,60mais,0,1,211
210820,2019,0a4,0,0,4
210820,2019,20a59,0,4,76
210820,2019,5a19,0,0,7
210820,2019,60mais,3,2,198
210820,2020,0a4,0,0,8
210820,2020,20a59,0,1,66
210820,2020,5a19,0,0,6
210820,2020,60mais,1,0,248
210820,2021,0a4,0,0,8
210820,2021,20a59,1,4,102
210820,2021,5a19,0,0,7
210820,2021,60mais,2,5,222
210820,2022,0a4,0,0,7
210820,2022,20a59,0,0,67
210820,2022,5a19,0,1,5
210820,2022,60mais,2,10,205
210820,2023,0a4,0,0,8
210820,2023,20a59,0,3,74
210820,2023,5a19,0,1,6
210820,2023,60mais,0,15,199
210820,2024,0a4,0,1,8
210820,2024,20a59,1,7,63
210820,2024,5a19,0,1,4
210820,2024,60mais,1,13,175
210825,2008,0a4,1,2,5
210825,2008,20a59,0,1,12
210825,2008,60mais,0,6,16
210825,2009,0a4,0,3,7
210825,2009,20a59,0,2,13
210825,2009,5a19,0,0,2
210825,2009,60mais,0,10,19
210825,2010,0a4,0,4,11
210825,2010,20a59,0,5,19
210825,2010,5a19,0,0,1
210825,2010,60mais,0,9,24
210825,2011,0a4,0,2,7
210825,2011,20a59,0,2,10
210825,2011,5a19,0,3,4
210825,2011,60mais,0,9,22
210825,2012,0a4,0,0,4
210825,2012,20a59,0,8,24
210825,2012,5a19,0,2,6
210825,2012,60mais,0,8,18
210825,2013,0a4,0,0,8
210825,2013,20a59,0,2,18
210825,2013,5a19,0,0,3
210825,2013,60mais,0,3,21
210825,2014,0a4,1,0,9
210825,2014,20a59,0,3,26
210825,2014,5a19,0,0,2
210825,2014,60mais,1,7,32
210825,2015,0a4,0,1,6
210825,2015,20a59,0,4,34
210825,2015,5a19,0,0,1
210825,2015,60mais,0,5,25
210825,2016,0a4,0,0,3
210825,2016,20a59,0,1,24
210825,2016,5a19,0,1,4
210825,2016,60mais,0,6,35
210825,2017,0a4,0,0,11
210825,2017,20a59,0,2,21
210825,2017,5a19,0,1,5
210825,2017,60mais,0,3,34
210825,2018,0a4,0,1,10
210825,2018,20a59,0,5,30
210825,2018,5a19,0,0,4
210825,2018,60mais,0,3,33
210825,2019,0a4,0,2,9
210825,2019,20a59,0,1,32
210825,2019,5a19,0,1,6
210825,2019,60mais,1,6,39
210825,2020,0a4,0,0,8
210825,2020,20a59,0,5,29
210825,2020,5a19,0,1,2
210825,2020,60mais,0,3,27
210825,2021,0a4,0,0,2
210825,2021,20a59,0,5,26
210825,2021,5a19,0,0,1
210825,2021,60mais,0,5,68
210825,2022,0a4,0,0,7
210825,2022,20a59,0,5,29
210825,2022,5a19,0,0,3
210825,2022,60mais,0,3,48
210825,2023,0a4,0,0,5
210825,2023,20a59,0,2,31
210825,2023,5a19,0,0,2
210825,2023,60mais,0,8,64
210825,2024,0a4,0,0,7
210825,2024,20a59,0,0,30
210825,2024,5a19,0,0,3
210825,2024,60mais,0,8,52
210830,2008,0a4,3,0,24
210830,2008,20a59,0,5,46
210830,2008,5a19,0,0,6
210830,2008,60mais,1,4,78
210830,2009,0a4,0,0,21
210830,2009,20a59,1,3,49
210830,2009,5a19,0,1,4
210830,2009,60mais,0,7,67
210830,2010,0a4,0,0,7
210830,2010,20a59,0,0,45
210830,2010,5a19,0,0,6
210830,2010,60mais,0,3,74
210830,2011,0a4,0,0,12
210830,2011,20a59,0,1,44
210830,2011,5a19,0,1,5
210830,2011,60mais,0,5,77
210830,2012,0a4,0,0,15
210830,2012,20a59,0,3,53
210830,2012,5a19,0,1,5
210830,2012,60mais,0,5,87
210830,2013,0a4,0,0,11
210830,2013,20a59,0,10,54
210830,2013,5a19,0,1,5
210830,2013,60mais,2,17,107
210830,2014,0a4,0,1,15
210830,2014,20a59,1,5,66
210830,2014,5a19,0,0,11
210830,2014,60mais,0,10,96
210830,2015,0a4,0,2,25
210830,2015,20a59,0,2,44
210830,2015,5a19,0,0,9
210830,2015,60mais,0,16,114
210830,2016,0a4,0,0,13
210830,2016,20a59,0,4,72
210830,2016,5a19,0,1,13
210830,2016,60mais,1,21,127
210830,2017,0a4,0,3,20
210830,2017,20a59,0,9,57
210830,2017,5a19,0,0,5
210830,2017,60mais,0,11,107
210830,2018,0a4,2,2,16
210830,2018,20a59,0,5,60
210830,2018,5a19,0,0,5
210830,2018,60mais,0,10,102
210830,2019,0a4,0,0,11
210830,2019,20a59,0,4,40
210830,2019,5a19,0,0,10
210830,2019,60mais,2,14,109
210830,2020,0a4,0,1,18
210830,2020,20a59,0,2,51
210830,2020,5a19,0,2,7
210830,2020,60mais,0,9,139
210830,2021,0a4,0,0,13
210830,2021,20a59,0,0,59
210830,2021,5a19,0,0,7
210830,2021,60mais,1,6,135
210830,2022,0a4,0,4,12
210830,2022,20a59,0,2,58
210830,2022,5a19,0,0,6
210830,2022,60mais,0,15,148
210830,2023,0a4,0,1,12
210830,2023,20a59,0,7,50
210830,2023,5a19,0,1,4
210830,2023,60mais,0,11,116
210830,2024,0a4,0,0,8
210830,2024,20a59,0,9,70
210830,2024,5a19,0,0,2
210830,2024,60mais,0,18,138
210840,2008,0a4,0,0,1
210840,2008,20a59,0,7,16
210840,2008,60mais,0,13,20
210840,2009,0a4,1,1,7
210840,2009,20a59,0,5,16
210840,2009,60mais,0,11,24
210840,2010,0a4,0,0,3
210840,2010,20a59,1,3,16
210840,2010,5a19,0,0,1
210840,2010,60mais,0,7,23
210840,2011,0a4,0,0,5
210840,2011,20a59,0,2,14
210840,2011,60mais,0,6,34
210840,2012,0a4,0,0,3
210840,2012,20a59,0,0,14
210840,2012,5a19,0,1,2
210840,2012,60mais,1,4,33
210840,2013,0a4,0,0,2
210840,2013,20a59,0,1,18
210840,2013,5a19,0,0,2
210840,2013,60mais,1,3,39
210840,2014,0a4,0,0,2
210840,2014,20a59,0,6,23
210840,2014,5a19,0,0,2
210840,2014,60mais,0,2,30
210840,2015,0a4,0,0,3
210840,2015,20a59,0,1,17
210840,2015,60mais,0,2,31
210840,2016,0a4,0,0,2
210840,2016,20a59,0,2,21
210840,2016,5a19,0,0,1
210840,2016,60mais,1,2,38
210840,2017,0a4,0,0,2
210840,2017,20a59,0,0,9
210840,2017,5a19,0,0,5
210840,2017,60mais,0,2,27
210840,2018,0a4,0,0,2
210840,2018,20a59,0,2,16
210840,2018,60mais,0,4,51
210840,2019,0a4,0,0,4
210840,2019,20a59,0,3,16
210840,2019,5a19,0,0,2
210840,2019,60mais,0,5,35
210840,2020,0a4,0,0,2
210840,2020,20a59,0,1,23
210840,2020,5a19,0,0,1
210840,2020,60mais,0,9,50
210840,2021,0a4,0,0,3
210840,2021,20a59,0,1,23
210840,2021,60mais,0,1,39
210840,2022,0a4,0,0,1
210840,2022,20a59,0,0,28
210840,2022,5a19,0,0,3
210840,2022,60mais,0,0,47
210840,2023,0a4,0,0,6
210840,2023,20a59,0,1,20
210840,2023,5a19,0,1,1
210840,2023,60mais,0,2,55
210840,2024,20a59,0,1,16
210840,2024,60mais,0,8,48
210845,2008,0a4,0,0,4
210845,2008,20a59,1,1,30
210845,2008,5a19,1,0,2
210845,2008,60mais,0,0,36
210845,2009,0a4,0,0,10
210845,2009,20a59,0,0,20
210845,2009,5a19,2,0,4
210845,2009,60mais,0,1,32
210845,2010,0a4,0,1,7
210845,2010,20a59,0,2,28
210845,2010,5a19,0,0,2
210845,2010,60mais,1,3,40
210845,2011,0a4,1,0,8
210845,2011,20a59,0,1,35
210845,2011,5a19,0,0,2
210845,2011,60mais,0,1,31
210845,2012,0a4,0,0,9
210845,2012,20a59,0,3,33
210845,2012,60mais,0,3,38
210845,2013,0a4,2,0,11
210845,2013,20a59,0,2,35
210845,2013,5a19,0,0,3
210845,2013,60mais,1,7,64
210845,2014,0a4,0,0,8
210845,2014,20a59,0,0,41
210845,2014,5a19,0,0,6
210845,2014,60mais,0,0,49
210845,2015,0a4,0,0,5
210845,2015,20a59,0,0,32
210845,2015,5a19,0,0,5
210845,2015,60mais,0,0,64
210845,2016,0a4,0,0,7
210845,2016,20a59,0,0,45
210845,2016,5a19,0,0,5
210845,2016,60mais,0,1,80
210845,2017,0a4,0,0,5
210845,2017,20a59,0,1,39
210845,2017,5a19,0,0,6
210845,2017,60mais,2,2,68
210845,2018,0a4,0,0,3
210845,2018,20a59,0,1,38
210845,2018,5a19,0,0,4
210845,2018,60mais,0,5,80
210845,2019,0a4,0,0,13
210845,2019,20a59,0,1,46
210845,2019,5a19,0,0,7
210845,2019,60mais,0,1,75
210845,2020,0a4,0,1,10
210845,2020,20a59,0,2,30
210845,2020,5a19,0,0,2
210845,2020,60mais,0,1,68
210845,2021,0a4,0,0,7
210845,2021,20a59,0,0,50
210845,2021,60mais,1,0,90
210845,2022,0a4,1,0,9
210845,2022,20a59,1,1,35
210845,2022,5a19,0,1,3
210845,2022,60mais,0,1,74
210845,2023,0a4,0,0,6
210845,2023,20a59,0,0,18
210845,2023,5a19,0,0,3
210845,2023,60mais,0,0,12
210845,2024,0a4,0,0,2
210845,2024,20a59,0,1,34
210845,2024,5a19,0,0,1
210845,2024,60mais,1,0,93
210850,2008,0a4,1,2,12
210850,2008,20a59,0,6,52
210850,2008,5a19,0,0,6
210850,2008,60mais,0,8,83
210850,2009,0a4,0,0,8
210850,2009,20a59,0,5,52
210850,2009,5a19,0,1,8
210850,2009,60mais,1,8,74
210850,2010,0a4,1,0,9
210850,2010,20a59,0,4,43
210850,2010,5a19,0,0,8
210850,2010,60mais,0,10,99
210850,2011,0a4,0,1,9
210850,2011,20a59,0,3,64
210850,2011,5a19,0,0,5
210850,2011,60mais,0,10,86
210850,2012,0a4,0,0,14
210850,2012,20a59,0,4,54
210850,2012,5a19,0,1,4
210850,2012,60mais,1,17,94
210850,2013,0a4,1,1,8
210850,2013,20a59,0,7,58
210850,2013,5a19,0,0,4
210850,2013,60mais,0,13,122
210850,2014,0a4,0,0,10
210850,2014,20a59,0,2,37
210850,2014,5a19,0,0,5
210850,2014,60mais,0,11,117
210850,2015,0a4,0,0,11
210850,2015,20a59,0,0,65
210850,2015,5a19,0,0,5
210850,2015,60mais,1,6,117
210850,2016,0a4,0,0,11
210850,2016,20a59,0,1,58
210850,2016,5a19,0,1,7
210850,2016,60mais,2,2,93
210850,2017,0a4,0,0,9
210850,2017,20a59,0,1,59
210850,2017,5a19,0,3,10
210850,2017,60mais,0,6,128
210850,2018,0a4,0,0,3
210850,2018,20a59,0,1,61
210850,2018,5a19,0,0,1
210850,2018,60mais,0,3,127
210850,2019,0a4,0,0,8
210850,2019,20a59,0,3,62
210850,2019,5a19,0,0,7
210850,2019,60mais,0,2,150
210850,2020,0a4,0,0,7
210850,2020,20a59,0,2,58
210850,2020,5a19,0,0,7
210850,2020,60mais,1,4,146
210850,2021,0a4,0,0,10
210850,2021,20a59,0,4,71
210850,2021,5a19,0,0,3
210850,2021,60mais,0,10,132
210850,2022,0a4,0,0,2
210850,2022,20a59,0,5,68
210850,2022,5a19,0,0,7
210850,2022,60mais,2,11,120
210850,2023,0a4,1,0,8
210850,2023,20a59,0,1,54
210850,2023,5a19,0,0,3
210850,2023,60mais,1,10,131
210850,2024,0a4,0,0,5
210850,2024,20a59,4,3,57
210850,2024,5a19,0,0,5
210850,2024,60mais,0,12,134
210860,2008,0a4,3,1,30
210860,2008,20a59,1,2,91
210860,2008,5a19,0,1,16
210860,2008,60mais,4,7,193
210860,2009,0a4,2,0,27
210860,2009,20a59,0,2,108
210860,2009,5a19,0,1,14
210860,2009,60mais,1,5,183
210860,2010,0a4,0,1,26
210860,2010,20a59,0,1,100
210860,2010,5a19,0,0,7
210860,2010,60mais,0,6,215
210860,2011,0a4,1,0,35
210860,2011,20a59,0,2,123
210860,2011,5a19,0,0,8
210860,2011,60mais,2,4,199
210860,2012,0a4,2,0,36
210860,2012,20a59,0,1,105
210860,2012,5a19,0,2,15
210860,2012,60mais,0,6,219
210860,2013,0a4,0,0,21
210860,2013,20a59,0,5,109
210860,2013,5a19,0,0,22
210860,2013,60mais,5,5,199
210860,2014,0a4,1,0,26
210860,2014,20a59,0,1,125
210860,2014,5a19,0,1,17
210860,2014,60mais,1,4,230
210860,2015,0a4,0,1,25
210860,2015,20a59,0,4,136
210860,2015,5a19,0,1,19
210860,2015,60mais,0,6,215
210860,2016,0a4,0,0,18
210860,2016,20a59,0,1,136
210860,2016,5a19,0,1,13
210860,2016,60mais,0,4,234
210860,2017,0a4,0,0,36
210860,2017,20a59,0,10,133
210860,2017,5a19,0,1,8
210860,2017,60mais,0,12,235
210860,2018,0a4,0,0,32
210860,2018,20a59,0,5,134
210860,2018,5a19,0,0,19
210860,2018,60mais,2,9,276
210860,2019,0a4,1,1,34
210860,2019,20a59,0,5,150
210860,2019,5a19,0,1,16
210860,2019,60mais,3,8,287
210860,2020,0a4,2,1,22
210860,2020,20a59,0,7,153
210860,2020,5a19,0,0,12
210860,2020,60mais,1,16,329
210860,2021,0a4,0,1,25
210860,2021,20a59,0,10,179
210860,2021,5a19,0,1,15
210860,2021,60mais,1,9,305
210860,2022,0a4,0,0,18
210860,2022,20a59,0,9,149
210860,2022,5a19,0,0,10
210860,2022,60mais,2,20,324
210860,2023,0a4,0,0,24
210860,2023,20a59,0,9,133
210860,2023,5a19,0,3,23
210860,2023,60mais,0,20,300
210860,2024,0a4,0,0,23
210860,2024,20a59,0,12,149
210860,2024,5a19,0,1,16
210860,2024,60mais,1,18,295
210870,2008,0a4,1,1,6
210870,2008,20a59,0,5,32
210870,2008,5a19,0,0,2
210870,2008,60mais,0,9,28
210870,2009,0a4,1,0,7
210870,2009,20a59,0,1,21
210870,2009,5a19,0,0,2
210870,2009,60mais,0,9,37
210870,2010,0a4,0,0,10
210870,2010,20a59,0,5,30
210870,2010,5a19,0,0,3
210870,2010,60mais,0,7,38
210870,2011,0a4,0,1,6
210870,2011,20a59,0,3,30
210870,2011,5a19,0,1,3
210870,2011,60mais,0,11,57
210870,2012,0a4,0,0,5
210870,2012,20a59,0,3,27
210870,2012,5a19,0,0,1
210870,2012,60mais,0,6,44
210870,2013,0a4,0,0,4
210870,2013,20a59,1,1,36
210870,2013,5a19,0,0,5
210870,2013,60mais,0,9,55
210870,2014,0a4,0,0,9
210870,2014,20a59,0,1,27
210870,2014,5a19,0,0,2
210870,2014,60mais,1,7,73
210870,2015,0a4,0,0,8
210870,2015,20a59,0,2,34
210870,2015,5a19,0,0,3
210870,2015,60mais,0,7,61
210870,2016,0a4,0,0,5
210870,2016,20a59,0,3,53
210870,2016,5a19,0,0,1
210870,2016,60mais,0,5,71
210870,2017,0a4,0,0,10
210870,2017,20a59,1,1,39
210870,2017,5a19,0,1,2
210870,2017,60mais,0,9,69
210870,2018,0a4,0,1,5
210870,2018,20a59,0,4,48
210870,2018,5a19,0,0,1
210870,2018,60mais,1,5,69
210870,2019,0a4,0,0,2
210870,2019,20a59,1,4,34
210870,2019,5a19,0,0,3
210870,2019,60mais,0,12,67
210870,2020,0a4,0,0,6
210870,2020,20a59,0,5,34
210870,2020,5a19,0,0,1
210870,2020,60mais,0,29,90
210870,2021,0a4,0,1,5
210870,2021,20a59,0,5,51
210870,2021,5a19,0,0,4
210870,2021,60mais,1,12,109
210870,2022,0a4,0,0,7
210870,2022,20a59,0,1,41
210870,2022,5a19,0,2,5
210870,2022,60mais,0,9,106
210870,2023,0a4,0,0,7
210870,2023,20a59,0,1,38
210870,2023,5a19,0,0,3
210870,2023,60mais,0,6,102
210870,2024,0a4,0,0,8
210870,2024,20a59,1,0,37
210870,2024,5a19,0,0,3
210870,2024,60mais,0,7,94
210880,2008,0a4,0,3,10
210880,2008,20a59,0,1,17
210880,2008,5a19,0,0,2
210880,2008,60mais,0,4,38
210880,2009,0a4,0,0,9
210880,2009,20a59,0,1,25
210880,2009,5a19,0,1,4
210880,2009,60mais,1,3,43
210880,2010,0a4,1,1,7
210880,2010,20a59,0,1,20
210880,2010,60mais,0,7,41
210880,2011,0a4,1,0,5
210880,2011,20a59,0,1,25
210880,2011,5a19,0,0,3
210880,2011,60mais,1,6,38
210880,2012,0a4,0,0,4
210880,2012,20a59,0,2,21
210880,2012,5a19,0,1,3
210880,2012,60mais,0,8,36
210880,2013,0a4,0,1,7
210880,2013,20a59,0,2,32
210880,2013,5a19,0,1,2
210880,2013,60mais,0,0,42
210880,2014,0a4,0,0,7
210880,2014,20a59,0,0,22
210880,2014,5a19,0,0,5
210880,2014,60mais,0,2,53
210880,2015,0a4,1,0,9
210880,2015,20a59,0,2,30
210880,2015,5a19,0,0,5
210880,2015,60mais,0,3,53
210880,2016,0a4,0,1,4
210880,2016,20a59,0,1,34
210880,2016,5a19,0,0,3
210880,2016,60mais,0,0,51
210880,2017,0a4,0,0,4
210880,2017,20a59,0,1,29
210880,2017,5a19,0,0,2
210880,2017,60mais,0,0,51
210880,2018,0a4,1,2,9
210880,2018,20a59,0,2,30
210880,2018,5a19,0,0,2
210880,2018,60mais,0,3,62
210880,2019,0a4,1,0,7
210880,2019,20a59,1,1,30
210880,2019,5a19,0,0,4
210880,2019,60mais,0,2,65
210880,2020,0a4,0,0,2
210880,2020,20a59,0,0,24
210880,2020,5a19,0,0,1
210880,2020,60mais,0,1,69
210880,2021,0a4,0,0,10
210880,2021,20a59,1,2,34
210880,2021,60mais,0,2,59
210880,2022,0a4,0,1,3
210880,2022,20a59,0,1,33
210880,2022,5a19,1,0,2
210880,2022,60mais,0,6,64
210880,2023,0a4,0,0,2
210880,2023,20a59,0,0,30
210880,2023,60mais,0,2,65
210880,2024,0a4,0,0,2
210880,2024,20a59,0,1,26
210880,2024,5a19,0,1,5
210880,2024,60mais,1,2,79
210890,2008,0a4,1,0,9
210890,2008,20a59,0,0,24
210890,2008,5a19,0,0,2
210890,2008,60mais,1,7,56
210890,2009,0a4,1,1,5
210890,2009,20a59,0,1,26
210890,2009,5a19,0,0,3
210890,2009,60mais,0,2,67
210890,2010,0a4,0,0,2
210890,2010,20a59,0,3,25
210890,2010,5a19,0,1,4
210890,2010,60mais,0,1,48
210890,2011,0a4,1,0,5
210890,2011,20a59,0,2,16
210890,2011,5a19,0,0,4
210890,2011,60mais,1,1,45
210890,2012,0a4,0,0,3
210890,2012,20a59,0,0,26
210890,2012,5a19,0,0,7
210890,2012,60mais,0,1,44
210890,2013,0a4,0,0,7
210890,2013,20a59,0,4,26
210890,2013,5a19,0,0,6
210890,2013,60mais,0,6,61
210890,2014,0a4,0,0,3
210890,2014,20a59,0,2,28
210890,2014,5a19,0,0,1
210890,2014,60mais,0,5,58
210890,2015,0a4,0,0,4
210890,2015,20a59,0,2,39
210890,2015,5a19,0,0,1
210890,2015,60mais,0,8,57
210890,2016,0a4,0,0,4
210890,2016,20a59,0,0,27
210890,2016,5a19,0,0,2
210890,2016,60mais,0,3,67
210890,2017,0a4,0,0,4
210890,2017,20a59,0,2,23
210890,2017,5a19,0,1,6
210890,2017,60mais,0,6,75
210890,2018,0a4,0,0,3
210890,2018,20a59,0,2,24
210890,2018,5a19,0,1,4
210890,2018,60mais,0,10,82
210890,2019,0a4,0,0,2
210890,2019,20a59,0,1,30
210890,2019,5a19,0,0,2
210890,2019,60mais,1,2,78
210890,2020,0a4,0,0,6
210890,2020,20a59,0,1,30
210890,2020,5a19,0,0,3
210890,2020,60mais,1,4,95
210890,2021,0a4,0,0,2
210890,2021,20a59,0,1,35
210890,2021,5a19,0,0,3
210890,2021,60mais,0,0,83
210890,2022,0a4,0,0,3
210890,2022,20a59,0,1,29
210890,2022,60mais,0,3,93
210890,2023,20a59,0,1,24
210890,2023,5a19,0,0,1
210890,2023,60mais,1,2,90
210890,2024,20a59,0,1,25
210890,2024,5a19,0,0,3
210890,2024,60mais,0,2,77
210900,2008,0a4,0,1,7
210900,2008,20a59,1,1,33
210900,2008,5a19,0,0,4
210900,2008,60mais,0,1,46
210900,2009,0a4,0,1,5
210900,2009,20a59,0,0,41
210900,2009,5a19,0,0,7
210900,2009,60mais,0,2,54
210900,2010,0a4,1,0,8
210900,2010,20a59,1,4,37
210900,2010,5a19,0,1,6
210900,2010,60mais,0,1,50
210900,2011,0a4,0,0,4
210900,2011,20a59,0,0,40
210900,2011,5a19,0,0,6
210900,2011,60mais,0,3,56
210900,2012,0a4,1,0,7
210900,2012,20a59,0,1,34
210900,2012,5a19,0,0,5
210900,2012,60mais,0,4,59
210900,2013,0a4,0,1,5
210900,2013,20a59,0,0,33
210900,2013,5a19,0,0,3
210900,2013,60mais,0,1,58
210900,2014,0a4,0,0,8
210900,2014,20a59,0,0,40
210900,2014,5a19,0,0,4
210900,2014,60mais,0,5,67
210900,2015,0a4,0,0,8
210900,2015,20a59,0,2,47
210900,2015,5a19,0,0,3
210900,2015,60mais,2,2,77
210900,2016,0a4,1,0,9
210900,2016,20a59,0,2,49
210900,2016,5a19,0,0,5
210900,2016,60mais,0,1,71
210900,2017,0a4,0,1,7
210900,2017,20a59,0,1,34
210900,2017,5a19,0,0,3
210900,2017,60mais,0,3,84
210900,2018,0a4,0,0,8
210900,2018,20a59,0,3,57
210900,2018,5a19,0,0,4
210900,2018,60mais,0,3,82
210900,2019,0a4,0,0,9
210900,2019,20a59,0,2,31
210900,2019,5a19,0,0,3
210900,2019,60mais,0,1,97
210900,2020,0a4,0,0,7
210900,2020,20a59,0,1,62
210900,2020,5a19,0,0,6
210900,2020,60mais,2,11,102
210900,2021,0a4,0,0,4
210900,2021,20a59,0,4,55
210900,2021,5a19,0,0,6
210900,2021,60mais,0,10,105
210900,2022,0a4,0,0,6
210900,2022,20a59,0,1,60
210900,2022,5a19,0,0,6
210900,2022,60mais,1,9,87
210900,2023,0a4,0,0,9
210900,2023,20a59,0,4,49
210900,2023,5a19,0,0,5
210900,2023,60mais,0,6,90
210900,2024,0a4,0,0,1
210900,2024,20a59,1,3,66
210900,2024,5a19,0,0,3
210900,2024,60mais,0,6,89
210905,2008,0a4,0,0,5
210905,2008,20a59,0,1,6
210905,2008,60mais,0,8,20
210905,2009,0a4,0,1,2
210905,2009,20a59,0,2,8
210905,2009,60mais,0,11,27
210905,2010,0a4,0,0,3
210905,2010,20a59,0,0,5
210905,2010,60mais,0,5,14
210905,2011,0a4,0,0,4
210905,2011,20a59,0,1,8
210905,2011,5a19,0,0,1
210905,2011,60mais,0,2,28
210905,2012,20a59,0,1,7
210905,2012,5a19,0,0,1
210905,2012,60mais,0,0,10
210905,2013,0a4,0,0,1
210905,2013,20a59,0,1,8
210905,2013,5a19,0,1,1
210905,2013,60mais,0,1,17
210905,2014,0a4,0,1,2
210905,2014,20a59,0,0,4
210905,2014,60mais,1,1,20
210905,2015,0a4,0,0,1
210905,2015,20a59,0,0,3
210905,2015,60mais,1,0,16
210905,2016,0a4,0,0,1
210905,2016,20a59,0,0,5
210905,2016,5a19,0,0,1
210905,2016,60mais,1,1,27
210905,2017,0a4,0,0,1
210905,2017,20a59,0,0,4
210905,2017,5a19,0,0,1
210905,2017,60mais,0,0,17
210905,2018,0a4,0,0,1
210905,2018,20a59,0,3,10
210905,2018,60mais,0,4,21
210905,2019,20a59,0,0,4
210905,2019,5a19,0,1,1
210905,2019,60mais,0,3,22
210905,2020,20a59,0,0,11
210905,2020,60mais,0,1,23
210905,2021,0a4,0,0,1
210905,2021,20a59,0,0,8
210905,2021,5a19,0,0,1
210905,2021,60mais,0,5,36
210905,2022,20a59,0,1,10
210905,2022,5a19,0,0,3
210905,2022,60mais,0,1,24
210905,2023,0a4,0,0,1
210905,2023,20a59,0,0,9
210905,2023,5a19,0,0,1
210905,2023,60mais,0,1,35
210905,2024,20a59,0,1,9
210905,2024,60mais,0,2,23
210910,2008,0a4,0,1,7
210910,2008,20a59,0,1,47
210910,2008,5a19,0,0,2
210910,2008,60mais,1,0,99
210910,2009,0a4,0,0,8
210910,2009,20a59,0,3,65
210910,2009,5a19,0,1,12
210910,2009,60mais,0,5,100
210910,2010,0a4,1,1,9
210910,2010,20a59,0,4,71
210910,2010,5a19,0,0,9
210910,2010,60mais,0,5,118
210910,2011,0a4,0,0,11
210910,2011,20a59,0,3,87
210910,2011,5a19,0,0,12
210910,2011,60mais,1,8,109
210910,2012,0a4,0,1,14
210910,2012,20a59,0,7,84
210910,2012,5a19,0,0,10
210910,2012,60mais,1,4,121
210910,2013,0a4,0,0,12
210910,2013,20a59,0,2,87
210910,2013,5a19,0,1,7
210910,2013,60mais,0,7,137
210910,2014,0a4,0,2,12
210910,2014,20a59,0,4,78
210910,2014,5a19,0,0,6
210910,2014,60mais,0,4,124
210910,2015,0a4,0,0,10
210910,2015,20a59,0,0,73
210910,2015,5a19,0,0,17
210910,2015,60mais,0,13,156
210910,2016,0a4,0,0,7
210910,2016,20a59,0,6,90
210910,2016,5a19,0,0,6
210910,2016,60mais,1,6,143
210910,2017,0a4,0,0,8
210910,2017,20a59,0,1,74
210910,2017,5a19,0,0,9
210910,2017,60mais,1,1,136
210910,2018,0a4,1,1,18
210910,2018,20a59,0,3,83
210910,2018,5a19,0,0,9
210910,2018,60mais,2,5,152
210910,2019,0a4,0,0,8
210910,2019,20a59,0,6,88
210910,2019,5a19,0,0,8
210910,2019,60mais,0,7,154
210910,2020,0a4,0,0,11
210910,2020,20a59,0,1,92
210910,2020,5a19,0,0,6
210910,2020,60mais,1,12,210
210910,2021,0a4,1,0,8
210910,2021,20a59,0,0,122
210910,2021,5a19,0,0,4
210910,2021,60mais,0,2,204
210910,2022,0a4,0,0,7
210910,2022,20a59,0,2,81
210910,2022,5a19,0,0,9
210910,2022,60mais,2,3,203
210910,2023,0a4,0,0,10
210910,2023,20a59,0,5,85
210910,2023,5a19,0,1,10
210910,2023,60mais,1,4,207
210910,2024,0a4,1,0,12
210910,2024,20a59,0,2,91
210910,2024,5a19,0,0,8
210910,2024,60mais,0,8,210
210920,2008,0a4,1,0,3
210920,2008,20a59,0,0,8
210920,2008,5a19,0,0,1
210920,2008,60mais,1,0,11
210920,2009,0a4,0,1,3
210920,2009,20a59,0,1,15
210920,2009,5a19,0,0,1
210920,2009,60mais,0,0,16
210920,2010,0a4,0,0,4
210920,2010,20a59,0,2,10
210920,2010,5a19,0,0,3
210920,2010,60mais,0,1,10
210920,2011,0a4,0,0,4
210920,2011,20a59,0,0,9
210920,2011,60mais,0,0,15
210920,2012,0a4,0,0,1
210920,2012,20a59,0,0,14
210920,2012,5a19,0,0,2
210920,2012,60mais,0,0,13
210920,2013,0a4,0,1,3
210920,2013,20a59,0,0,12
210920,2013,5a19,0,0,1
210920,2013,60mais,0,0,26
210920,2014,0a4,0,0,7
210920,2014,20a59,0,0,15
210920,2014,5a19,0,0,2
210920,2014,60mais,1,1,20
210920,2015,0a4,0,0,4
210920,2015,20a59,0,1,11
210920,2015,60mais,0,1,25
210920,2016,0a4,0,0,1
210920,2016,20a59,0,1,9
210920,2016,5a19,0,0,1
210920,2016,60mais,0,0,22
210920,2017,0a4,0,0,3
210920,2017,20a59,0,1,11
210920,2017,60mais,1,0,21
210920,2018,20a59,0,0,9
210920,2018,5a19,0,2,2
210920,2018,60mais,0,0,28
210920,2019,0a4,0,0,3
210920,2019,20a59,0,1,16
210920,2019,5a19,0,0,2
210920,2019,60mais,0,0,32
210920,2020,0a4,0,0,2
210920,2020,20a59,0,2,15
210920,2020,5a19,0,0,1
210920,2020,60mais,0,2,29
210920,2021,0a4,0,0,2
210920,2021,20a59,0,3,23
210920,2021,60mais,0,4,28
210920,2022,0a4,0,0,4
210920,2022,20a59,0,0,11
210920,2022,60mais,0,1,36
210920,2023,0a4,0,0,4
210920,2023,20a59,0,0,22
210920,2023,5a19,0,1,1
210920,2023,60mais,0,1,36
210920,2024,0a4,0,0,2
210920,2024,20a59,0,0,15
210920,2024,5a19,0,0,3
210920,2024,60mais,0,2,35
210923,2008,0a4,1,0,2
210923,2008,20a59,0,2,9
210923,2008,60mais,0,3,7
210923,2009,20a59,0,3,6
210923,2009,5a19,0,0,1
210923,2009,60mais,0,2,10
210923,2010,0a4,0,1,1
210923,2010,20a59,0,0,4
210923,2010,60mais,0,0,1
210923,2011,20a59,0,1,8
210923,2011,60mais,0,1,9
210923,2012,20a59,0,0,9
210923,2012,60mais,0,0,15
210923,2013,0a4,0,0,2
210923,2013,20a59,0,0,7
210923,2013,60mais,0,3,12
210923,2014,0a4,0,0,2
210923,2014,20a59,1,1,5
210923,2014,5a19,0,0,1
210923,2014,60mais,0,0,16
210923,2015,0a4,0,0,3
210923,2015,20a59,0,0,5
210923,2015,60mais,0,0,12
210923,2016,0a4,0,0,1
210923,2016,20a59,0,2,11
210923,2016,5a19,0,0,1
210923,2016,60mais,0,1,10
210923,2017,0a4,0,0,1
210923,2017,20a59,0,0,8
210923,2017,5a19,0,0,1
210923,2017,60mais,0,4,18
210923,2018,0a4,0,0,2
210923,2018,20a59,0,2,11
210923,2018,5a19,0,1,2
210923,2018,60mais,0,0,7
210923,2019,0a4,0,1,1
210923,2019,20a59,0,3,5
210923,2019,5a19,0,0,2
210923,2019,60mais,0,0,15
210923,2020,0a4,0,1,2
210923,2020,20a59,0,4,13
210923,2020,5a19,0,1,2
210923,2020,60mais,0,3,17
210923,2021,0a4,0,0,2
210923,2021,20a59,0,1,9
210923,2021,60mais,0,3,20
210923,2022,20a59,0,1,6
210923,2022,5a19,0,0,2
210923,2022,60mais,0,1,17
210923,2023,0a4,0,1,2
210923,2023,20a59,0,0,6
210923,2023,5a19,0,0,1
210923,2023,60mais,0,6,23
210923,2024,20a59,0,0,6
210923,2024,60mais,0,5,19
210927,2008,0a4,1,1,5
210927,2008,20a59,0,1,8
210927,2008,5a19,0,0,3
210927,2008,60mais,0,2,6
210927,2009,0a4,1,0,6
210927,2009,20a59,0,1,8
210927,2009,5a19,0,0,1
210927,2009,60mais,0,1,12
210927,2010,0a4,0,0,5
210927,2010,20a59,0,1,12
210927,2010,5a19,0,0,1
210927,2010,60mais,0,6,19
210927,2011,0a4,1,0,5
210927,2011,20a59,0,1,14
210927,2011,5a19,0,0,2
210927,2011,60mais,0,2,23
210927,2012,0a4,0,0,4
210927,2012,20a59,0,1,10
210927,2012,5a19,0,0,1
210927,2012,60mais,0,2,24
210927,2013,0a4,0,1,6
210927,2013,20a59,0,0,14
210927,2013,5a19,0,0,2
210927,2013,60mais,0,0,35
210927,2014,0a4,0,1,7
210927,2014,20a59,0,0,28
210927,2014,5a19,0,0,4
210927,2014,60mais,0,1,25
210927,2015,0a4,0,1,5
210927,2015,20a59,0,3,28
210927,2015,5a19,0,0,3
210927,2015,60mais,0,6,38
210927,2016,0a4,0,0,8
210927,2016,20a59,0,3,20
210927,2016,5a19,0,0,2
210927,2016,60mais,0,3,29
210927,2017,0a4,0,0,9
210927,2017,20a59,0,4,27
210927,2017,60mais,0,7,39
210927,2018,0a4,0,1,11
210927,2018,20a59,0,1,25
210927,2018,5a19,0,1,2
210927,2018,60mais,1,8,37
210927,2019,0a4,0,0,8
210927,2019,20a59,0,0,19
210927,2019,5a19,0,0,4
210927,2019,60mais,0,3,55
210927,2020,0a4,1,0,8
210927,2020,20a59,0,2,30
210927,2020,5a19,0,0,2
210927,2020,60mais,0,2,63
210927,2021,0a4,0,1,6
210927,2021,20a59,0,2,29
210927,2021,60mais,0,2,58
210927,2022,0a4,0,0,5
210927,2022,20a59,0,1,28
210927,2022,5a19,0,0,4
210927,2022,60mais,0,3,62
210927,2023,0a4,0,1,8
210927,2023,20a59,0,0,22
210927,2023,5a19,0,1,6
210927,2023,60mais,0,2,43
210927,2024,0a4,0,0,5
210927,2024,20a59,0,1,23
210927,2024,5a19,0,0,5
210927,2024,60mais,0,4,57
210930,2008,0a4,1,0,6
210930,2008,20a59,0,1,6
210930,2008,5a19,0,0,2
210930,2008,60mais,0,4,17
210930,2009,0a4,0,0,6
210930,2009,20a59,0,0,9
210930,2009,5a19,0,0,1
210930,2009,60mais,0,2,10
210930,2010,0a4,0,0,2
210930,2010,20a59,0,0,11
210930,2010,5a19,0,0,2
210930,2010,60mais,1,9,19
210930,2011,0a4,0,0,4
210930,2011,20a59,0,0,12
210930,2011,5a19,0,0,1
210930,2011,60mais,0,6,27
210930,2012,0a4,0,0,1
210930,2012,20a59,0,2,8
210930,2012,5a19,0,0,1
210930,2012,60mais,0,6,22
210930,2013,0a4,0,0,8
210930,2013,20a59,0,2,13
210930,2013,5a19,0,1,1
210930,2013,60mais,0,3,31
210930,2014,20a59,0,0,12
210930,2014,5a19,0,0,3
210930,2014,60mais,0,1,20
210930,2015,0a4,0,0,5
210930,2015,20a59,0,0,13
210930,2015,5a19,0,0,3
210930,2015,60mais,0,0,27
210930,2016,0a4,0,0,3
210930,2016,20a59,0,1,14
210930,2016,5a19,0,0,1
210930,2016,60mais,0,0,18
210930,2017,0a4,0,0,3
210930,2017,20a59,0,0,6
210930,2017,5a19,0,1,8
210930,2017,60mais,0,0,39
210930,2018,0a4,1,0,4
210930,2018,20a59,0,1,11
210930,2018,5a19,0,1,3
210930,2018,60mais,0,0,20
210930,2019,0a4,0,0,2
210930,2019,20a59,0,1,16
210930,2019,5a19,0,0,3
210930,2019,60mais,0,4,34
210930,2020,0a4,0,0,2
210930,2020,20a59,0,2,15
210930,2020,5a19,0,2,2
210930,2020,60mais,0,0,25
210930,2021,0a4,0,0,1
210930,2021,20a59,0,0,10
210930,2021,5a19,0,1,2
210930,2021,60mais,0,6,44
210930,2022,0a4,0,0,2
210930,2022,20a59,0,1,21
210930,2022,60mais,0,1,32
210930,2023,0a4,0,0,3
210930,2023,20a59,0,0,9
210930,2023,5a19,0,0,3
210930,2023,60mais,0,0,35
210930,2024,0a4,0,0,2
210930,2024,20a59,0,0,14
210930,2024,5a19,0,0,4
210930,2024,60mais,0,0,30
210940,2008,0a4,1,1,3
210940,2008,20a59,0,0,9
210940,2008,5a19,0,0,1
210940,2008,60mais,1,3,16
210940,2009,0a4,1,1,10
210940,2009,20a59,0,1,8
210940,2009,5a19,0,1,3
210940,2009,60mais,0,2,21
210940,2010,0a4,0,0,3
210940,2010,20a59,0,1,9
210940,2010,60mais,0,3,26
210940,2011,0a4,1,1,5
210940,2011,20a59,0,1,7
210940,2011,5a19,0,0,1
210940,2011,60mais,0,2,20
210940,2012,0a4,0,0,6
210940,2012,20a59,0,0,7
210940,2012,5a19,0,0,2
210940,2012,60mais,0,0,19
210940,2013,0a4,1,1,3
210940,2013,20a59,0,0,8
210940,2013,5a19,0,1,3
210940,2013,60mais,1,1,23
210940,2014,0a4,0,1,5
210940,2014,20a59,0,3,8
210940,2014,5a19,0,0,3
210940,2014,60mais,0,2,26
210940,2015,0a4,0,0,2
210940,2015,20a59,0,1,12
210940,2015,5a19,0,0,2
210940,2015,60mais,0,1,19
210940,2016,0a4,0,0,8
210940,2016,20a59,0,0,15
210940,2016,5a19,0,0,2
210940,2016,60mais,0,1,22
210940,2017,0a4,0,0,3
210940,2017,20a59,0,3,11
210940,2017,5a19,0,0,2
210940,2017,60mais,0,0,22
210940,2018,0a4,0,0,4
210940,2018,20a59,0,1,13
210940,2018,5a19,0,1,3
210940,2018,60mais,0,0,20
210940,2019,0a4,0,0,1
210940,2019,20a59,0,0,5
210940,2019,5a19,0,0,2
210940,2019,60mais,0,1,17
210940,2020,0a4,0,0,1
210940,2020,20a59,0,0,13
210940,2020,5a19,0,0,2
210940,2020,60mais,0,2,33
210940,2021,0a4,0,0,5
210940,2021,20a59,0,2,14
210940,2021,60mais,0,2,34
210940,2022,0a4,0,0,3
210940,2022,20a59,0,0,12
210940,2022,5a19,1,0,1
210940,2022,60mais,0,0,22
210940,2023,0a4,0,0,4
210940,2023,20a59,0,0,8
210940,2023,60mais,0,1,27
210940,2024,0a4,0,0,2
210940,2024,20a59,0,0,12
210940,2024,5a19,0,0,5
210940,2024,60mais,0,4,29
210945,2008,0a4,0,0,12
210945,2008,20a59,0,0,50
210945,2008,5a19,0,1,3
210945,2008,60mais,0,3,43
210945,2009,0a4,0,0,10
210945,2009,20a59,0,1,56
210945,2009,5a19,0,1,4
210945,2009,60mais,0,1,43
210945,2010,0a4,2,1,8
210945,2010,20a59,0,1,48
210945,2010,5a19,0,0,4
210945,2010,60mais,0,1,44
210945,2011,0a4,0,0,10
210945,2011,20a59,0,2,56
210945,2011,5a19,0,1,5
210945,2011,60mais,0,2,53
210945,2012,0a4,0,0,10
210945,2012,20a59,0,2,44
210945,2012,5a19,0,0,7
210945,2012,60mais,0,6,64
210945,2013,0a4,0,0,8
210945,2013,20a59,0,0,49
210945,2013,5a19,0,0,12
210945,2013,60mais,2,1,51
210945,2014,0a4,0,0,11
210945,2014,20a59,0,1,53
210945,2014,5a19,0,1,9
210945,2014,60mais,0,5,56
210945,2015,0a4,0,1,10
210945,2015,20a59,0,0,61
210945,2015,5a19,0,0,3
210945,2015,60mais,0,1,57
210945,2016,0a4,0,0,8
210945,2016,20a59,0,2,51
210945,2016,5a19,0,0,8
210945,2016,60mais,0,2,61
210945,2017,0a4,0,0,6
210945,2017,20a59,0,1,45
210945,2017,5a19,0,0,9
210945,2017,60mais,0,1,57
210945,2018,0a4,0,0,7
210945,2018,20a59,0,0,41
210945,2018,5a19,0,1,7
210945,2018,60mais,0,2,70
210945,2019,0a4,0,0,8
210945,2019,20a59,0,2,50
210945,2019,5a19,0,0,4
210945,2019,60mais,1,1,71
210945,2020,0a4,0,0,9
210945,2020,20a59,0,2,38
210945,2020,5a19,0,0,5
210945,2020,60mais,2,1,105
210945,2021,0a4,0,0,11
210945,2021,20a59,1,0,65
210945,2021,5a19,0,0,7
210945,2021,60mais,0,0,90
210945,2022,0a4,0,0,9
210945,2022,20a59,0,1,50
210945,2022,5a19,0,0,5
210945,2022,60mais,0,0,86
210945,2023,0a4,0,0,4
210945,2023,20a59,0,2,44
210945,2023,5a19,0,0,3
210945,2023,60mais,0,0,78
210945,2024,0a4,0,0,2
210945,2024,20a59,0,1,45
210945,2024,5a19,0,0,3
210945,2024,60mais,0,0,106
210950,2008,0a4,0,3,16
210950,2008,20a59,0,1,30
210950,2008,5a19,0,0,4
210950,2008,60mais,0,10,58
210950,2009,0a4,0,0,7
210950,2009,20a59,0,1,28
210950,2009,5a19,0,1,2
210950,2009,60mais,0,4,53
210950,2010,0a4,0,0,9
210950,2010,20a59,0,2,24
210950,2010,5a19,0,1,4
210950,2010,60mais,0,14,70
210950,2011,0a4,0,0,5
210950,2011,20a59,0,3,32
210950,2011,5a19,0,0,1
210950,2011,60mais,0,9,73
210950,2012,0a4,0,1,11
210950,2012,20a59,0,0,20
210950,2012,5a19,0,0,6
210950,2012,60mais,0,5,55
210950,2013,0a4,0,0,8
210950,2013,20a59,0,2,37
210950,2013,5a19,0,0,2
210950,2013,60mais,0,4,74
210950,2014,0a4,0,0,6
210950,2014,20a59,0,4,40
210950,2014,5a19,0,0,3
210950,2014,60mais,0,2,69
210950,2015,0a4,0,0,3
210950,2015,20a59,0,2,33
210950,2015,5a19,0,0,2
210950,2015,60mais,0,8,77
210950,2016,0a4,0,0,7
210950,2016,20a59,0,3,25
210950,2016,5a19,0,0,5
210950,2016,60mais,0,10,93
210950,2017,0a4,0,0,6
210950,2017,20a59,0,0,42
210950,2017,5a19,0,0,5
210950,2017,60mais,0,3,91
210950,2018,0a4,0,0,6
210950,2018,20a59,0,3,31
210950,2018,5a19,0,0,3
210950,2018,60mais,0,4,86
210950,2019,0a4,0,0,3
210950,2019,20a59,0,0,34
210950,2019,5a19,0,0,2
210950,2019,60mais,0,1,80
210950,2020,0a4,0,0,8
210950,2020,20a59,0,4,31
210950,2020,5a19,0,0,8
210950,2020,60mais,1,2,96
210950,2021,0a4,0,0,7
210950,2021,20a59,0,1,38
210950,2021,5a19,0,0,6
210950,2021,60mais,1,2,100
210950,2022,0a4,0,0,5
210950,2022,20a59,0,1,42
210950,2022,5a19,0,0,2
210950,2022,60mais,0,5,107
210950,2023,0a4,1,0,4
210950,2023,20a59,0,0,35
210950,2023,5a19,0,0,2
210950,2023,60mais,0,2,93
210950,2024,0a4,0,1,5
210950,2024,20a59,0,2,46
210950,2024,5a19,0,0,3
210950,2024,60mais,1,1,82
210955,2008,0a4,0,0,4
210955,2008,20a59,0,1,7
210955,2008,5a19,0,1,3
210955,2008,60mais,0,0,19
210955,2009,0a4,0,0,1
210955,2009,20a59,0,0,5
210955,2009,5a19,0,0,1
210955,2009,60mais,0,4,13
210955,2010,0a4,0,0,3
210955,2010,20a59,0,1,9
210955,2010,5a19,0,0,2
210955,2010,60mais,0,0,21
210955,2011,0a4,0,0,1
210955,2011,20a59,0,0,8
210955,2011,60mais,0,0,21
210955,2012,0a4,0,0,8
210955,2012,20a59,0,0,8
210955,2012,5a19,0,0,1
210955,2012,60mais,0,0,21
210955,2013,0a4,0,0,4
210955,2013,20a59,0,0,13
210955,2013,5a19,0,0,1
210955,2013,60mais,0,0,25
210955,2014,20a59,0,0,18
210955,2014,5a19,0,0,1
210955,2014,60mais,0,1,16
210955,2015,0a4,0,0,3
210955,2015,20a59,0,0,13
210955,2015,5a19,0,0,1
210955,2015,60mais,1,2,17
210955,2016,0a4,0,1,4
210955,2016,20a59,0,0,20
210955,2016,60mais,0,2,21
210955,2017,0a4,0,0,1
210955,2017,20a59,0,0,16
210955,2017,5a19,0,0,3
210955,2017,60mais,0,0,19
210955,2018,0a4,0,1,5
210955,2018,20a59,0,0,12
210955,2018,5a19,0,0,1
210955,2018,60mais,0,0,27
210955,2019,0a4,0,0,2
210955,2019,20a59,0,2,12
210955,2019,5a19,0,0,1
210955,2019,60mais,0,2,18
210955,2020,0a4,0,0,2
210955,2020,20a59,0,1,17
210955,2020,60mais,0,3,28
210955,2021,0a4,0,1,2
210955,2021,20a59,0,0,14
210955,2021,60mais,0,1,30
210955,2022,20a59,0,1,13
210955,2022,5a19,0,0,1
210955,2022,60mais,0,1,23
210955,2023,0a4,0,0,1
210955,2023,20a59,0,1,19
210955,2023,5a19,0,0,2
210955,2023,60mais,0,1,33
210955,2024,0a4,0,0,1
210955,2024,20a59,0,0,19
210955,2024,5a19,0,0,1
210955,2024,60mais,0,1,20
210960,2008,0a4,2,2,24
210960,2008,20a59,0,4,66
210960,2008,5a19,0,1,7
210960,2008,60mais,0,9,123
210960,2009,0a4,0,1,9
210960,2009,20a59,0,2,46
210960,2009,5a19,0,0,6
210960,2009,60mais,1,11,103
210960,2010,0a4,0,1,14
210960,2010,20a59,0,4,59
210960,2010,5a19,0,0,3
210960,2010,60mais,1,23,102
210960,2011,0a4,1,1,14
210960,2011,20a59,0,9,65
210960,2011,5a19,0,2,10
210960,2011,60mais,0,18,119
210960,2012,0a4,1,0,11
210960,2012,20a59,0,7,72
210960,2012,5a19,0,2,6
210960,2012,60mais,1,4,93
210960,2013,0a4,1,0,12
210960,2013,20a59,1,0,81
210960,2013,5a19,0,0,5
210960,2013,60mais,1,2,140
210960,2014,0a4,0,0,7
210960,2014,20a59,0,0,72
210960,2014,5a19,0,0,2
210960,2014,60mais,1,2,130
210960,2015,0a4,1,0,10
210960,2015,20a59,0,0,65
210960,2015,5a19,0,0,7
210960,2015,60mais,2,6,126
210960,2016,0a4,0,2,14
210960,2016,20a59,0,2,86
210960,2016,5a19,0,0,13
210960,2016,60mais,0,5,135
210960,2017,0a4,0,1,12
210960,2017,20a59,0,2,90
210960,2017,5a19,0,0,8
210960,2017,60mais,1,7,147
210960,2018,0a4,0,1,16
210960,2018,20a59,0,1,59
210960,2018,5a19,1,1,6
210960,2018,60mais,0,15,155
210960,2019,0a4,0,0,8
210960,2019,20a59,0,7,52
210960,2019,5a19,0,1,7
210960,2019,60mais,0,10,179
210960,2020,0a4,0,0,16
210960,2020,20a59,0,6,83
210960,2020,5a19,0,1,6
210960,2020,60mais,0,17,169
210960,2021,0a4,0,0,11
210960,2021,20a59,0,6,76
210960,2021,5a19,0,1,6
210960,2021,60mais,0,12,165
210960,2022,0a4,1,0,10
210960,2022,20a59,0,5,80
210960,2022,5a19,0,1,5
210960,2022,60mais,0,21,154
210960,2023,0a4,0,0,16
210960,2023,20a59,0,4,90
210960,2023,5a19,1,0,12
210960,2023,60mais,0,14,147
210960,2024,0a4,0,0,15
210960,2024,20a59,0,1,88
210960,2024,5a19,0,0,13
210960,2024,60mais,3,14,152
210970,2008,0a4,0,0,1
210970,2008,20a59,0,0,7
210970,2008,60mais,0,1,8
210970,2009,0a4,0,2,2
210970,2009,20a59,0,0,2
210970,2009,5a19,0,1,2
210970,2009,60mais,0,1,20
210970,2010,0a4,0,0,1
210970,2010,20a59,0,1,7
210970,2010,5a19,0,0,1
210970,2010,60mais,0,2,13
210970,2011,0a4,1,0,3
210970,2011,20a59,1,2,9
210970,2011,5a19,0,1,2
210970,2011,60mais,0,0,14
210970,2012,0a4,0,0,3
210970,2012,20a59,0,0,9
210970,2012,5a19,0,0,3
210970,2012,60mais,0,0,15
210970,2013,0a4,0,0,2
210970,2013,20a59,0,0,10
210970,2013,5a19,0,0,1
210970,2013,60mais,0,1,16
210970,2014,0a4,0,0,1
210970,2014,20a59,0,2,7
210970,2014,60mais,0,1,13
210970,2015,0a4,0,0,1
210970,2015,20a59,0,0,10
210970,2015,60mais,0,2,14
210970,2016,0a4,0,0,2
210970,2016,20a59,0,0,6
210970,2016,60mais,0,0,14
210970,2017,20a59,0,1,6
210970,2017,5a19,0,0,1
210970,2017,60mais,0,0,20
210970,2018,20a59,0,1,11
210970,2018,5a19,0,0,1
210970,2018,60mais,0,0,16
210970,2019,20a59,0,0,3
210970,2019,60mais,0,1,22
210970,2020,0a4,0,0,2
210970,2020,20a59,0,0,8
210970,2020,5a19,0,0,1
210970,2020,60mais,0,1,16
210970,2021,0a4,0,0,2
210970,2021,20a59,0,5,20
210970,2021,5a19,0,0,1
210970,2021,60mais,0,3,22
210970,2022,20a59,0,0,5
210970,2022,60mais,0,0,7
210970,2023,0a4,0,0,1
210970,2023,20a59,0,1,6
210970,2023,5a19,0,0,1
210970,2023,60mais,0,1,12
210970,2024,20a59,0,1,7
210970,2024,60mais,0,0,16
210975,2008,0a4,0,0,1
210975,2008,20a59,0,2,4
210975,2008,5a19,1,0,1
210975,2008,60mais,0,0,1
210975,2009,0a4,0,0,1
210975,2009,20a59,0,0,6
210975,2009,60mais,0,0,8
210975,2010,20a59,0,0,5
210975,2010,60mais,0,0,9
210975,2011,0a4,0,0,2
210975,2011,20a59,0,0,6
210975,2011,60mais,0,1,12
210975,2012,20a59,0,0,10
210975,2012,5a19,0,0,2
210975,2012,60mais,0,0,8
210975,2013,20a59,0,2,7
210975,2013,60mais,0,3,13
210975,2014,0a4,0,0,1
210975,2014,20a59,0,1,8
210975,2014,5a19,0,0,1
210975,2014,60mais,0,1,6
210975,2015,20a59,0,0,7
210975,2015,60mais,0,0,12
210975,2016,0a4,0,0,1
210975,2016,20a59,0,1,9
210975,2016,5a19,0,0,2
210975,2016,60mais,0,0,23
210975,2017,20a59,0,1,6
210975,2017,60mais,0,0,20
210975,2018,0a4,0,0,1
210975,2018,20a59,0,0,14
210975,2018,5a19,0,0,1
210975,2018,60mais,0,1,12
210975,2019,0a4,0,0,1
210975,2019,20a59,0,0,5
210975,2019,60mais,0,0,22
210975,2020,0a4,0,0,1
210975,2020,20a59,0,0,11
210975,2020,60mais,0,3,21
210975,2021,0a4,0,0,1
210975,2021,20a59,0,1,10
210975,2021,5a19,0,0,3
210975,2021,60mais,0,1,20
210975,2022,20a59,0,0,9
210975,2022,5a19,0,0,1
210975,2022,60mais,0,0,24
210975,2023,0a4,0,0,2
210975,2023,20a59,0,0,11
210975,2023,60mais,0,2,14
210975,2024,0a4,0,0,1
210975,2024,20a59,0,1,12
210975,2024,5a19,0,1,1
210975,2024,60mais,0,1,17
210980,2008,0a4,0,1,8
210980,2008,20a59,0,1,27
210980,2008,5a19,0,0,3
210980,2008,60mais,0,3,28
210980,2009,0a4,1,0,8
210980,2009,20a59,0,2,29
210980,2009,5a19,0,0,1
210980,2009,60mais,0,2,47
210980,2010,0a4,1,0,7
210980,2010,20a59,0,6,31
210980,2010,5a19,0,0,3
210980,2010,60mais,0,5,50
210980,2011,0a4,0,0,9
210980,2011,20a59,0,2,23
210980,2011,5a19,0,0,3
210980,2011,60mais,1,13,65
210980,2012,0a4,1,0,16
210980,2012,20a59,0,4,42
210980,2012,5a19,0,0,11
210980,2012,60mais,1,1,56
210980,2013,0a4,0,0,13
210980,2013,20a59,0,5,43
210980,2013,5a19,0,0,4
210980,2013,60mais,1,8,82
210980,2014,0a4,0,1,6
210980,2014,20a59,0,2,56
210980,2014,5a19,0,0,2
210980,2014,60mais,1,0,78
210980,2015,0a4,0,0,11
210980,2015,20a59,0,0,49
210980,2015,5a19,0,0,5
210980,2015,60mais,1,2,70
210980,2016,0a4,0,0,6
210980,2016,20a59,0,0,55
210980,2016,5a19,0,0,6
210980,2016,60mais,0,0,74
210980,2017,0a4,1,1,5
210980,2017,20a59,0,4,46
210980,2017,5a19,0,0,2
210980,2017,60mais,1,10,80
210980,2018,0a4,0,0,8
210980,2018,20a59,0,0,56
210980,2018,5a19,0,0,2
210980,2018,60mais,0,3,94
210980,2019,0a4,0,1,12
210980,2019,20a59,0,7,54
210980,2019,5a19,0,0,2
210980,2019,60mais,0,8,88
210980,2020,0a4,0,0,6
210980,2020,20a59,0,6,54
210980,2020,5a19,1,1,7
210980,2020,60mais,0,9,105
210980,2021,0a4,0,0,11
210980,2021,20a59,0,2,62
210980,2021,5a19,0,0,4
210980,2021,60mais,0,7,104
210980,2022,0a4,0,0,3
210980,2022,20a59,0,3,56
210980,2022,5a19,0,0,1
210980,2022,60mais,0,2,97
210980,2023,0a4,0,0,7
210980,2023,20a59,0,2,30
210980,2023,5a19,0,0,5
210980,2023,60mais,0,5,103
210980,2024,0a4,1,0,6
210980,2024,20a59,0,1,40
210980,2024,5a19,0,0,1
210980,2024,60mais,1,3,104
210990,2008,0a4,5,1,47
210990,2008,20a59,0,6,120
210990,2008,5a19,0,0,13
210990,2008,60mais,1,9,218
210990,2009,0a4,0,1,30
210990,2009,20a59,1,4,121
210990,2009,5a19,0,1,13
210990,2009,60mais,0,4,181
210990,2010,0a4,3,0,35
210990,2010,20a59,1,2,129
210990,2010,5a19,0,0,12
210990,2010,60mais,0,1,196
210990,2011,0a4,0,0,19
210990,2011,20a59,0,3,147
210990,2011,5a19,0,1,13
210990,2011,60mais,1,3,243
210990,2012,0a4,1,1,39
210990,2012,20a59,0,7,165
210990,2012,5a19,0,1,17
210990,2012,60mais,0,6,243
210990,2013,0a4,2,2,31
210990,2013,20a59,0,15,154
210990,2013,5a19,0,0,27
210990,2013,60mais,0,30,336
210990,2014,0a4,0,2,35
210990,2014,20a59,1,7,148
210990,2014,5a19,0,1,16
210990,2014,60mais,2,5,261
210990,2015,0a4,1,0,21
210990,2015,20a59,1,2,173
210990,2015,5a19,0,0,17
210990,2015,60mais,5,7,288
210990,2016,0a4,1,0,30
210990,2016,20a59,1,5,173
210990,2016,5a19,0,0,14
210990,2016,60mais,1,3,271
210990,2017,0a4,0,2,20
210990,2017,20a59,2,2,176
210990,2017,5a19,0,0,32
210990,2017,60mais,0,9,368
210990,2018,0a4,0,2,24
210990,2018,20a59,0,10,164
210990,2018,5a19,0,0,21
210990,2018,60mais,2,14,340
210990,2019,0a4,1,1,20
210990,2019,20a59,1,13,181
210990,2019,5a19,0,0,8
210990,2019,60mais,2,36,337
210990,2020,0a4,1,0,28
210990,2020,20a59,2,18,212
210990,2020,5a19,0,0,16
210990,2020,60mais,1,35,416
210990,2021,0a4,0,0,29
210990,2021,20a59,0,12,229
210990,2021,5a19,0,0,18
210990,2021,60mais,1,32,419
210990,2022,0a4,0,0,17
210990,2022,20a59,1,16,177
210990,2022,5a19,0,2,18
210990,2022,60mais,2,46,332
210990,2023,0a4,1,0,26
210990,2023,20a59,2,9,193
210990,2023,5a19,0,0,19
210990,2023,60mais,6,30,364
210990,2024,0a4,1,0,19
210990,2024,20a59,2,18,186
210990,2024,5a19,0,1,21
210990,2024,60mais,3,28,362
211000,2008,0a4,3,3,35
211000,2008,20a59,1,17,97
211000,2008,5a19,1,1,11
211000,2008,60mais,2,72,152
211000,2009,0a4,1,2,24
211000,2009,20a59,1,22,104
211000,2009,5a19,0,1,16
211000,2009,60mais,2,33,134
211000,2010,0a4,0,2,14
211000,2010,20a59,0,11,73
211000,2010,5a19,0,1,13
211000,2010,60mais,1,36,144
211000,2011,0a4,0,3,24
211000,2011,20a59,0,14,102
211000,2011,5a19,0,1,8
211000,2011,60mais,0,23,171
211000,2012,0a4,0,0,24
211000,2012,20a59,0,10,108
211000,2012,5a19,0,2,18
211000,2012,60mais,0,6,173
211000,2013,0a4,1,8,38
211000,2013,20a59,0,25,114
211000,2013,5a19,0,5,17
211000,2013,60mais,0,55,166
211000,2014,0a4,0,6,25
211000,2014,20a59,0,20,103
211000,2014,5a19,0,3,13
211000,2014,60mais,0,49,171
211000,2015,0a4,1,2,20
211000,2015,20a59,0,21,101
211000,2015,5a19,0,1,12
211000,2015,60mais,1,56,181
211000,2016,0a4,1,2,23
211000,2016,20a59,0,23,109
211000,2016,5a19,0,0,13
211000,2016,60mais,0,61,175
211000,2017,0a4,0,1,11
211000,2017,20a59,1,9,118
211000,2017,5a19,0,2,21
211000,2017,60mais,0,23,206
211000,2018,0a4,1,1,25
211000,2018,20a59,0,7,109
211000,2018,5a19,0,1,13
211000,2018,60mais,1,23,216
211000,2019,0a4,1,2,24
211000,2019,20a59,0,8,84
211000,2019,5a19,0,1,10
211000,2019,60mais,0,15,189
211000,2020,0a4,1,2,15
211000,2020,20a59,0,7,133
211000,2020,5a19,0,1,13
211000,2020,60mais,1,27,252
211000,2021,0a4,0,1,16
211000,2021,20a59,0,8,141
211000,2021,5a19,0,0,15
211000,2021,60mais,0,26,257
211000,2022,0a4,1,1,22
211000,2022,20a59,0,11,108
211000,2022,5a19,0,0,10
211000,2022,60mais,0,21,234
211000,2023,0a4,0,1,14
211000,2023,20a59,0,9,105
211000,2023,5a19,0,4,10
211000,2023,60mais,1,29,230
211000,2024,0a4,0,2,19
211000,2024,20a59,0,9,119
211000,2024,5a19,0,1,16
211000,2024,60mais,1,41,242
211003,2008,0a4,0,0,2
211003,2008,20a59,0,1,19
211003,2008,5a19,0,0,4
211003,2008,60mais,1,2,40
211003,2009,0a4,0,2,6
211003,2009,20a59,0,7,30
211003,2009,5a19,0,1,4
211003,2009,60mais,0,7,47
211003,2010,0a4,0,0,3
211003,2010,20a59,0,2,31
211003,2010,5a19,0,0,5
211003,2010,60mais,1,0,46
211003,2011,0a4,3,0,10
211003,2011,20a59,0,0,21
211003,2011,5a19,0,2,4
211003,2011,60mais,1,1,62
211003,2012,0a4,0,0,6
211003,2012,20a59,0,0,28
211003,2012,5a19,0,0,4
211003,2012,60mais,1,0,47
211003,2013,0a4,0,0,2
211003,2013,20a59,0,0,31
211003,2013,5a19,0,0,7
211003,2013,60mais,0,0,57
211003,2014,0a4,0,0,6
211003,2014,20a59,0,0,31
211003,2014,5a19,0,0,2
211003,2014,60mais,0,2,54
211003,2015,0a4,0,0,6
211003,2015,20a59,1,0,40
211003,2015,5a19,0,1,5
211003,2015,60mais,0,1,54
211003,2016,0a4,0,0,5
211003,2016,20a59,0,0,30
211003,2016,5a19,0,2,5
211003,2016,60mais,1,0,45
211003,2017,0a4,0,0,10
211003,2017,20a59,1,1,31
211003,2017,5a19,0,0,5
211003,2017,60mais,0,4,71
211003,2018,0a4,0,0,6
211003,2018,20a59,1,0,42
211003,2018,5a19,0,0,3
211003,2018,60mais,0,2,65
211003,2019,0a4,0,1,5
211003,2019,20a59,0,0,37
211003,2019,60mais,0,3,71
211003,2020,0a4,0,1,4
211003,2020,20a59,0,3,31
211003,2020,5a19,0,0,1
211003,2020,60mais,0,3,70
211003,2021,0a4,0,0,7
211003,2021,20a59,0,2,43
211003,2021,5a19,0,1,6
211003,2021,60mais,0,0,109
211003,2022,0a4,0,0,5
211003,2022,20a59,0,1,36
211003,2022,5a19,0,0,5
211003,2022,60mais,0,3,82
211003,2023,0a4,0,0,11
211003,2023,20a59,0,4,44
211003,2023,5a19,0,0,10
211003,2023,60mais,0,3,80
211003,2024,0a4,0,1,4
211003,2024,20a59,0,5,44
211003,2024,5a19,0,1,1
211003,2024,60mais,0,10,105
211010,2008,0a4,0,1,8
211010,2008,20a59,0,0,31
211010,2008,5a19,0,0,3
211010,2008,60mais,0,0,51
211010,2009,0a4,0,0,7
211010,2009,20a59,0,0,26
211010,2009,5a19,0,0,1
211010,2009,60mais,0,1,54
211010,2010,0a4,1,0,13
211010,2010,20a59,0,1,28
211010,2010,5a19,0,0,4
211010,2010,60mais,1,0,49
211010,2011,0a4,1,0,9
211010,2011,20a59,0,0,32
211010,2011,5a19,0,0,4
211010,2011,60mais,1,1,64
211010,2012,0a4,0,1,7
211010,2012,20a59,0,2,27
211010,2012,5a19,0,0,5
211010,2012,60mais,0,1,56
211010,2013,0a4,0,0,9
211010,2013,20a59,0,0,37
211010,2013,5a19,0,0,1
211010,2013,60mais,0,5,53
211010,2014,0a4,0,0,5
211010,2014,20a59,0,0,28
211010,2014,5a19,0,0,5
211010,2014,60mais,0,2,69
211010,2015,0a4,1,0,8
211010,2015,20a59,0,0,23
211010,2015,5a19,1,0,3
211010,2015,60mais,2,4,80
211010,2016,0a4,1,0,12
211010,2016,20a59,0,2,45
211010,2016,5a19,0,0,4
211010,2016,60mais,0,0,60
211010,2017,0a4,0,0,12
211010,2017,20a59,0,3,32
211010,2017,5a19,0,0,5
211010,2017,60mais,0,7,64
211010,2018,0a4,0,0,4
211010,2018,20a59,0,2,35
211010,2018,5a19,0,0,4
211010,2018,60mais,0,4,68
211010,2019,0a4,1,0,9
211010,2019,20a59,0,4,33
211010,2019,5a19,0,0,4
211010,2019,60mais,0,7,66
211010,2020,0a4,1,0,8
211010,2020,20a59,0,0,39
211010,2020,5a19,0,0,9
211010,2020,60mais,1,2,85
211010,2021,0a4,0,0,10
211010,2021,20a59,0,1,33
211010,2021,5a19,0,1,5
211010,2021,60mais,0,4,80
211010,2022,0a4,0,0,3
211010,2022,20a59,0,2,36
211010,2022,5a19,0,0,3
211010,2022,60mais,0,6,86
211010,2023,0a4,0,0,3
211010,2023,20a59,0,1,45
211010,2023,5a19,1,1,8
211010,2023,60mais,0,1,90
211010,2024,0a4,1,1,6
211010,2024,20a59,0,2,32
211010,2024,5a19,1,0,3
211010,2024,60mais,0,3,99
211020,2008,0a4,0,0,7
211020,2008,20a59,0,1,39
211020,2008,5a19,0,0,3
211020,2008,60mais,1,8,53
211020,2009,0a4,1,0,13
211020,2009,20a59,0,1,30
211020,2009,5a19,0,0,2
211020,2009,60mais,0,5,47
211020,2010,0a4,0,1,7
211020,2010,20a59,0,1,31
211020,2010,5a19,0,0,4
211020,2010,60mais,0,3,76
211020,2011,0a4,0,1,11
211020,2011,20a59,0,1,38
211020,2011,5a19,0,1,1
211020,2011,60mais,0,2,49
211020,2012,0a4,1,1,10
211020,2012,20a59,0,1,37
211020,2012,5a19,0,0,3
211020,2012,60mais,1,2,74
211020,2013,0a4,0,1,14
211020,2013,20a59,0,3,54
211020,2013,5a19,0,0,8
211020,2013,60mais,0,0,81
211020,2014,0a4,0,0,7
211020,2014,20a59,0,4,55
211020,2014,5a19,0,1,8
211020,2014,60mais,0,1,88
211020,2015,0a4,0,0,15
211020,2015,20a59,0,1,45
211020,2015,5a19,0,0,2
211020,2015,60mais,0,4,103
211020,2016,0a4,0,0,9
211020,2016,20a59,0,5,44
211020,2016,5a19,0,0,8
211020,2016,60mais,1,3,83
211020,2017,0a4,0,0,13
211020,2017,20a59,0,1,48
211020,2017,5a19,0,0,6
211020,2017,60mais,0,0,103
211020,2018,0a4,0,1,16
211020,2018,20a59,0,0,55
211020,2018,5a19,0,0,6
211020,2018,60mais,1,2,98
211020,2019,0a4,0,0,10
211020,2019,20a59,0,0,48
211020,2019,5a19,0,0,4
211020,2019,60mais,0,1,112
211020,2020,0a4,0,0,14
211020,2020,20a59,0,4,65
211020,2020,5a19,0,0,4
211020,2020,60mais,0,7,109
211020,2021,0a4,0,0,8
211020,2021,20a59,0,2,61
211020,2021,5a19,0,0,5
211020,2021,60mais,1,3,133
211020,2022,0a4,0,0,12
211020,2022,20a59,0,1,60
211020,2022,5a19,0,0,5
211020,2022,60mais,0,1,123
211020,2023,0a4,1,0,7
211020,2023,20a59,0,1,62
211020,2023,5a19,0,0,3
211020,2023,60mais,0,2,104
211020,2024,0a4,0,0,10
211020,2024,20a59,0,1,66
211020,2024,5a19,0,0,7
211020,2024,60mais,2,3,115
211023,2008,0a4,0,0,1
211023,2008,20a59,0,0,2
211023,2008,5a19,0,0,2
211023,2008,60mais,0,0,7
211023,2009,0a4,0,0,5
211023,2009,20a59,0,0,7
211023,2009,5a19,0,0,1
211023,2009,60mais,0,2,18
211023,2010,0a4,0,0,1
211023,2010,20a59,0,1,8
211023,2010,5a19,0,0,1
211023,2010,60mais,0,7,34
211023,2011,0a4,0,0,5
211023,2011,20a59,0,0,10
211023,2011,60mais,0,5,21
211023,2012,0a4,0,0,1
211023,2012,20a59,0,0,4
211023,2012,5a19,0,2,3
211023,2012,60mais,0,1,14
211023,2013,0a4,0,0,3
211023,2013,20a59,0,1,10
211023,2013,5a19,0,1,3
211023,2013,60mais,0,2,22
211023,2014,20a59,0,1,10
211023,2014,5a19,0,0,2
211023,2014,60mais,0,2,16
211023,2015,0a4,0,0,1
211023,2015,20a59,0,0,9
211023,2015,5a19,0,0,1
211023,2015,60mais,0,1,17
211023,2016,0a4,0,0,3
211023,2016,20a59,0,0,9
211023,2016,60mais,0,0,16
211023,2017,0a4,0,0,1
211023,2017,20a59,0,0,6
211023,2017,5a19,0,0,1
211023,2017,60mais,0,2,26
211023,2018,0a4,0,0,1
211023,2018,20a59,0,0,5
211023,2018,60mais,0,1,22
211023,2019,0a4,0,0,4
211023,2019,20a59,0,0,4
211023,2019,5a19,0,0,3
211023,2019,60mais,0,2,17
211023,2020,0a4,0,0,4
211023,2020,20a59,0,0,10
211023,2020,60mais,0,11,34
211023,2021,0a4,0,0,1
211023,2021,20a59,0,2,14
211023,2021,5a19,0,0,1
211023,2021,60mais,0,2,34
211023,2022,20a59,0,3,9
211023,2022,5a19,0,0,2
211023,2022,60mais,0,11,43
211023,2023,0a4,0,0,2
211023,2023,20a59,0,4,12
211023,2023,60mais,0,18,37
211023,2024,20a59,0,2,10
211023,2024,60mais,0,6,37
211027,2008,0a4,0,5,5
211027,2008,20a59,0,6,10
211027,2008,60mais,0,17,21
211027,2009,0a4,0,1,3
211027,2009,20a59,0,0,2
211027,2009,5a19,0,0,2
211027,2009,60mais,0,0,12
211027,2010,0a4,0,0,1
211027,2010,20a59,0,1,5
211027,2010,5a19,0,0,2
211027,2010,60mais,0,1,20
211027,2011,0a4,0,0,3
211027,2011,20a59,0,2,9
211027,2011,60mais,0,2,17
211027,2012,0a4,0,0,1
211027,2012,20a59,0,1,7
211027,2012,60mais,1,0,13
211027,2013,0a4,0,0,3
211027,2013,20a59,0,0,8
211027,2013,5a19,0,0,3
211027,2013,60mais,0,0,19
211027,2014,0a4,0,0,3
211027,2014,20a59,0,1,9
211027,2014,5a19,0,0,1
211027,2014,60mais,0,0,11
211027,2015,0a4,0,0,2
211027,2015,20a59,0,2,7
211027,2015,60mais,0,2,19
211027,2016,0a4,1,0,3
211027,2016,20a59,0,2,4
211027,2016,60mais,0,9,37
211027,2017,0a4,0,1,1
211027,2017,20a59,0,0,11
211027,2017,5a19,0,1,1
211027,2017,60mais,0,2,31
211027,2018,0a4,0,1,4
211027,2018,20a59,0,1,12
211027,2018,5a19,0,0,2
211027,2018,60mais,1,4,24
211027,2019,0a4,0,0,4
211027,2019,20a59,0,0,6
211027,2019,5a19,0,0,2
211027,2019,60mais,0,1,25
211027,2020,0a4,1,0,2
211027,2020,20a59,0,1,11
211027,2020,60mais,0,2,32
211027,2021,0a4,0,0,4
211027,2021,20a59,0,0,8
211027,2021,5a19,0,0,2
211027,2021,60mais,0,1,19
211027,2022,0a4,0,0,5
211027,2022,20a59,0,0,12
211027,2022,60mais,0,1,34
211027,2023,0a4,0,0,3
211027,2023,20a59,0,0,7
211027,2023,5a19,0,0,3
211027,2023,60mais,0,0,34
211027,2024,0a4,0,0,6
211027,2024,20a59,0,1,10
211027,2024,60mais,0,0,28
211030,2008,0a4,0,0,4
211030,2008,20a59,0,0,11
211030,2008,5a19,0,0,2
211030,2008,60mais,0,0,24
211030,2009,0a4,0,0,2
211030,2009,20a59,0,4,12
211030,2009,60mais,0,0,23
211030,2010,0a4,0,0,2
211030,2010,20a59,0,1,18
211030,2010,5a19,0,0,1
211030,2010,60mais,0,0,14
211030,2011,0a4,0,0,6
211030,2011,20a59,0,2,20
211030,2011,5a19,0,0,1
211030,2011,60mais,0,0,33
211030,2012,0a4,0,1,3
211030,2012,20a59,0,2,25
211030,2012,5a19,0,0,1
211030,2012,60mais,0,1,39
211030,2013,0a4,0,1,3
211030,2013,20a59,1,1,18
211030,2013,5a19,0,0,2
211030,2013,60mais,0,3,38
211030,2014,0a4,0,0,2
211030,2014,20a59,0,2,22
211030,2014,60mais,0,1,42
211030,2015,0a4,0,0,2
211030,2015,20a59,0,2,29
211030,2015,5a19,0,0,2
211030,2015,60mais,0,3,44
211030,2016,0a4,0,0,3
211030,2016,20a59,0,2,24
211030,2016,60mais,0,2,40
211030,2017,0a4,0,0,1
211030,2017,20a59,1,4,23
211030,2017,5a19,0,0,1
211030,2017,60mais,0,0,31
211030,2018,0a4,1,0,2
211030,2018,20a59,0,0,19
211030,2018,5a19,0,0,5
211030,2018,60mais,0,2,50
211030,2019,0a4,0,0,3
211030,2019,20a59,0,0,21
211030,2019,5a19,0,0,3
211030,2019,60mais,0,1,53
211030,2020,0a4,0,0,3
211030,2020,20a59,0,1,31
211030,2020,5a19,0,0,1
211030,2020,60mais,0,2,68
211030,2021,0a4,0,0,7
211030,2021,20a59,1,5,41
211030,2021,5a19,0,0,3
211030,2021,60mais,0,5,82
211030,2022,0a4,0,0,2
211030,2022,20a59,0,4,19
211030,2022,5a19,0,1,3
211030,2022,60mais,1,9,61
211030,2023,0a4,0,0,3
211030,2023,20a59,0,1,22
211030,2023,5a19,0,0,2
211030,2023,60mais,0,8,62
211030,2024,0a4,0,0,2
211030,2024,20a59,0,2,33
211030,2024,5a19,0,0,4
211030,2024,60mais,0,9,64
211040,2008,0a4,1,0,12
211040,2008,20a59,0,1,14
211040,2008,5a19,0,0,2
211040,2008,60mais,0,4,41
211040,2009,0a4,0,0,7
211040,2009,20a59,0,0,13
211040,2009,5a19,0,0,3
211040,2009,60mais,0,0,46
211040,2010,0a4,0,0,7
211040,2010,20a59,0,1,12
211040,2010,5a19,0,1,5
211040,2010,60mais,0,1,40
211040,2011,0a4,0,1,8
211040,2011,20a59,0,1,22
211040,2011,5a19,0,0,2
211040,2011,60mais,0,3,56
211040,2012,0a4,0,0,6
211040,2012,20a59,0,0,26
211040,2012,5a19,0,0,6
211040,2012,60mais,0,0,40
211040,2013,0a4,0,0,5
211040,2013,20a59,0,1,24
211040,2013,5a19,0,0,2
211040,2013,60mais,0,3,42
211040,2014,0a4,0,0,5
211040,2014,20a59,0,1,19
211040,2014,5a19,0,1,3
211040,2014,60mais,0,3,58
211040,2015,0a4,1,0,10
211040,2015,20a59,0,1,13
211040,2015,5a19,0,0,4
211040,2015,60mais,0,3,56
211040,2016,0a4,0,0,7
211040,2016,20a59,0,2,19
211040,2016,5a19,0,1,3
211040,2016,60mais,0,1,37
211040,2017,0a4,0,1,6
211040,2017,20a59,0,0,18
211040,2017,5a19,0,0,1
211040,2017,60mais,1,3,46
211040,2018,0a4,0,1,8
211040,2018,20a59,0,2,18
211040,2018,5a19,0,0,4
211040,2018,60mais,0,1,43
211040,2019,0a4,0,0,6
211040,2019,20a59,0,0,15
211040,2019,5a19,0,0,5
211040,2019,60mais,0,3,69
211040,2020,0a4,0,0,2
211040,2020,20a59,0,1,25
211040,2020,5a19,0,0,3
211040,2020,60mais,0,1,68
211040,2021,0a4,0,0,5
211040,2021,20a59,0,6,29
211040,2021,5a19,0,0,1
211040,2021,60mais,0,9,52
211040,2022,0a4,0,0,3
211040,2022,20a59,0,3,19
211040,2022,5a19,0,0,1
211040,2022,60mais,1,7,56
211040,2023,0a4,0,0,8
211040,2023,20a59,0,1,20
211040,2023,5a19,0,0,1
211040,2023,60mais,0,1,62
211040,2024,0a4,0,0,7
211040,2024,20a59,0,0,25
211040,2024,5a19,0,0,2
211040,2024,60mais,0,0,53
211050,2008,0a4,0,0,2
211050,2008,20a59,0,13,51
211050,2008,5a19,0,0,3
211050,2008,60mais,0,14,41
211050,2009,0a4,0,0,7
211050,2009,20a59,0,10,34
211050,2009,5a19,0,1,5
211050,2009,60mais,0,37,78
211050,2010,0a4,1,0,9
211050,2010,20a59,0,8,37
211050,2010,5a19,0,1,7
211050,2010,60mais,0,26,66
211050,2011,0a4,0,0,7
211050,2011,20a59,0,12,61
211050,2011,5a19,0,1,5
211050,2011,60mais,0,35,71
211050,2012,0a4,0,0,5
211050,2012,20a59,0,15,55
211050,2012,5a19,0,1,2
211050,2012,60mais,0,35,63
211050,2013,0a4,0,3,13
211050,2013,20a59,0,11,51
211050,2013,5a19,0,0,1
211050,2013,60mais,1,28,104
211050,2014,0a4,0,0,9
211050,2014,20a59,1,15,61
211050,2014,5a19,0,0,5
211050,2014,60mais,1,72,125
211050,2015,0a4,0,1,10
211050,2015,20a59,0,8,47
211050,2015,5a19,0,0,2
211050,2015,60mais,0,57,124
211050,2016,0a4,0,0,7
211050,2016,20a59,0,3,49
211050,2016,5a19,0,0,1
211050,2016,60mais,1,55,111
211050,2017,0a4,0,1,15
211050,2017,20a59,0,6,46
211050,2017,5a19,0,1,4
211050,2017,60mais,1,32,104
211050,2018,0a4,0,0,10
211050,2018,20a59,0,5,55
211050,2018,5a19,0,0,2
211050,2018,60mais,1,33,138
211050,2019,0a4,0,0,11
211050,2019,20a59,0,3,49
211050,2019,5a19,0,0,4
211050,2019,60mais,0,16,124
211050,2020,0a4,1,0,9
211050,2020,20a59,0,8,51
211050,2020,5a19,0,0,1
211050,2020,60mais,0,13,114
211050,2021,0a4,0,0,5
211050,2021,20a59,0,6,89
211050,2021,5a19,0,0,2
211050,2021,60mais,1,15,155
211050,2022,0a4,0,0,6
211050,2022,20a59,0,7,55
211050,2022,5a19,0,1,2
211050,2022,60mais,0,20,163
211050,2023,0a4,0,1,8
211050,2023,20a59,0,2,53
211050,2023,5a19,0,0,4
211050,2023,60mais,1,8,172
211050,2024,0a4,0,0,6
211050,2024,20a59,0,2,67
211050,2024,5a19,0,0,8
211050,2024,60mais,0,15,153
211060,2008,0a4,1,0,13
211060,2008,20a59,0,1,20
211060,2008,5a19,0,0,3
211060,2008,60mais,0,12,62
211060,2009,0a4,1,0,18
211060,2009,20a59,0,1,23
211060,2009,5a19,0,0,3
211060,2009,60mais,0,9,70
211060,2010,0a4,0,1,6
211060,2010,20a59,0,1,24
211060,2010,5a19,0,0,3
211060,2010,60mais,0,2,60
211060,2011,0a4,0,0,5
211060,2011,20a59,0,2,33
211060,2011,5a19,0,1,4
211060,2011,60mais,1,5,71
211060,2012,0a4,0,0,12
211060,2012,20a59,0,1,37
211060,2012,5a19,0,0,3
211060,2012,60mais,0,7,63
211060,2013,0a4,0,0,7
211060,2013,20a59,0,1,21
211060,2013,5a19,0,0,3
211060,2013,60mais,0,5,77
211060,2014,0a4,0,0,5
211060,2014,20a59,1,1,37
211060,2014,5a19,0,0,2
211060,2014,60mais,0,5,57
211060,2015,0a4,0,0,6
211060,2015,20a59,0,0,40
211060,2015,5a19,0,0,4
211060,2015,60mais,0,4,71
211060,2016,0a4,0,0,7
211060,2016,20a59,0,0,39
211060,2016,5a19,0,0,2
211060,2016,60mais,0,4,74
211060,2017,0a4,0,0,2
211060,2017,20a59,0,1,29
211060,2017,5a19,0,1,4
211060,2017,60mais,1,4,91
211060,2018,0a4,0,0,7
211060,2018,20a59,0,2,33
211060,2018,5a19,0,1,4
211060,2018,60mais,0,5,96
211060,2019,0a4,0,1,4
211060,2019,20a59,0,1,24
211060,2019,5a19,0,1,2
211060,2019,60mais,2,3,92
211060,2020,0a4,0,1,10
211060,2020,20a59,0,4,28
211060,2020,5a19,0,0,3
211060,2020,60mais,0,6,84
211060,2021,0a4,0,0,3
211060,2021,20a59,0,4,48
211060,2021,5a19,0,0,1
211060,2021,60mais,0,13,122
211060,2022,0a4,1,0,8
211060,2022,20a59,1,3,46
211060,2022,5a19,0,0,1
211060,2022,60mais,0,9,118
211060,2023,0a4,0,0,7
211060,2023,20a59,0,0,31
211060,2023,5a19,0,0,4
211060,2023,60mais,0,5,127
211060,2024,0a4,0,0,7
211060,2024,20a59,0,2,48
211060,2024,5a19,0,0,1
211060,2024,60mais,0,9,106
211065,2008,0a4,0,0,3
211065,2008,20a59,0,0,11
211065,2008,5a19,0,0,1
211065,2008,60mais,0,0,16
211065,2009,20a59,0,1,17
211065,2009,5a19,0,0,1
211065,2009,60mais,0,0,7
211065,2010,0a4,0,0,6
211065,2010,20a59,0,1,9
211065,2010,5a19,0,0,1
211065,2010,60mais,0,0,13
211065,2011,0a4,0,0,2
211065,2011,20a59,0,2,7
211065,2011,60mais,0,2,12
211065,2012,0a4,0,0,1
211065,2012,20a59,0,0,12
211065,2012,5a19,0,0,1
211065,2012,60mais,0,3,11
211065,2013,0a4,0,1,2
211065,2013,20a59,0,0,6
211065,2013,5a19,0,0,3
211065,2013,60mais,0,1,11
211065,2014,0a4,0,0,3
211065,2014,20a59,0,0,16
211065,2014,60mais,0,2,17
211065,2015,0a4,0,0,2
211065,2015,20a59,0,1,12
211065,2015,5a19,0,1,4
211065,2015,60mais,0,1,21
211065,2016,20a59,0,0,13
211065,2016,60mais,0,1,12
211065,2017,0a4,0,0,4
211065,2017,20a59,0,5,17
211065,2017,5a19,0,1,1
211065,2017,60mais,0,7,19
211065,2018,0a4,0,0,3
211065,2018,20a59,0,1,12
211065,2018,5a19,0,0,3
211065,2018,60mais,0,5,15
211065,2019,0a4,0,0,2
211065,2019,20a59,0,0,13
211065,2019,5a19,0,0,2
211065,2019,60mais,0,0,28
211065,2020,0a4,0,1,4
211065,2020,20a59,0,3,22
211065,2020,5a19,0,0,2
211065,2020,60mais,0,0,26
211065,2021,0a4,0,0,2
211065,2021,20a59,0,2,21
211065,2021,5a19,0,1,2
211065,2021,60mais,0,0,21
211065,2022,0a4,0,1,5
211065,2022,20a59,0,2,22
211065,2022,5a19,0,0,3
211065,2022,60mais,0,0,21
211065,2023,20a59,0,0,12
211065,2023,60mais,0,2,28
211065,2024,0a4,0,0,2
211065,2024,20a59,0,1,16
211065,2024,60mais,0,3,24
211070,2008,0a4,0,3,12
211070,2008,20a59,0,3,43
211070,2008,5a19,0,1,7
211070,2008,60mais,2,2,73
211070,2009,0a4,0,1,8
211070,2009,20a59,0,3,29
211070,2009,5a19,0,0,1
211070,2009,60mais,0,0,53
211070,2010,0a4,0,0,8
211070,2010,20a59,0,1,48
211070,2010,5a19,0,1,10
211070,2010,60mais,0,4,64
211070,2011,0a4,0,1,17
211070,2011,20a59,0,1,53
211070,2011,5a19,0,3,10
211070,2011,60mais,0,2,75
211070,2012,0a4,0,0,8
211070,2012,20a59,0,5,55
211070,2012,5a19,0,1,10
211070,2012,60mais,0,3,73
211070,2013,0a4,1,1,9
211070,2013,20a59,0,1,55
211070,2013,5a19,0,0,5
211070,2013,60mais,0,2,74
211070,2014,0a4,0,2,16
211070,2014,20a59,0,1,59
211070,2014,5a19,0,0,8
211070,2014,60mais,0,1,66
211070,2015,0a4,0,0,7
211070,2015,20a59,0,0,71
211070,2015,5a19,0,0,4
211070,2015,60mais,0,3,87
211070,2016,0a4,0,0,1
211070,2016,20a59,0,2,58
211070,2016,5a19,0,0,3
211070,2016,60mais,0,7,102
211070,2017,0a4,0,0,6
211070,2017,20a59,0,1,69
211070,2017,5a19,0,0,7
211070,2017,60mais,1,2,87
211070,2018,0a4,0,0,7
211070,2018,20a59,0,0,55
211070,2018,5a19,0,0,7
211070,2018,60mais,0,5,92
211070,2019,0a4,0,0,7
211070,2019,20a59,0,4,45
211070,2019,5a19,0,0,6
211070,2019,60mais,0,17,114
211070,2020,0a4,0,0,5
211070,2020,20a59,0,6,82
211070,2020,5a19,0,0,9
211070,2020,60mais,0,10,147
211070,2021,0a4,0,0,5
211070,2021,20a59,0,3,65
211070,2021,5a19,0,0,5
211070,2021,60mais,1,7,121
211070,2022,0a4,0,1,6
211070,2022,20a59,0,5,66
211070,2022,5a19,0,0,5
211070,2022,60mais,0,4,115
211070,2023,0a4,0,1,12
211070,2023,20a59,0,4,67
211070,2023,5a19,0,0,8
211070,2023,60mais,0,7,132
211070,2024,0a4,0,2,13
211070,2024,20a59,0,3,76
211070,2024,5a19,0,2,13
211070,2024,60mais,0,8,157
211080,2008,0a4,0,0,3
211080,2008,20a59,0,0,5
211080,2008,5a19,0,0,1
211080,2008,60mais,0,0,6
211080,2009,0a4,0,0,2
211080,2009,20a59,0,0,7
211080,2009,5a19,0,0,1
211080,2009,60mais,0,0,6
211080,2010,0a4,0,0,1
211080,2010,20a59,0,1,8
211080,2010,5a19,0,1,1
211080,2010,60mais,0,0,10
211080,2011,20a59,0,2,9
211080,2011,5a19,0,0,3
211080,2011,60mais,0,1,10
211080,2012,20a59,0,0,10
211080,2012,60mais,0,3,15
211080,2013,20a59,0,0,6
211080,2013,60mais,0,2,13
211080,2014,0a4,0,0,2
211080,2014,20a59,0,0,4
211080,2014,60mais,0,0,12
211080,2015,20a59,0,1,5
211080,2015,5a19,0,0,1
211080,2015,60mais,0,1,11
211080,2016,20a59,0,2,9
211080,2016,60mais,0,1,17
211080,2017,0a4,1,0,3
211080,2017,20a59,0,0,11
211080,2017,5a19,0,2,2
211080,2017,60mais,0,5,11
211080,2018,20a59,0,0,13
211080,2018,60mais,0,0,15
211080,2019,20a59,0,0,7
211080,2019,60mais,0,1,27
211080,2020,20a59,0,2,9
211080,2020,60mais,0,2,21
211080,2021,20a59,0,0,7
211080,2021,5a19,0,0,1
211080,2021,60mais,0,1,23
211080,2022,0a4,0,0,1
211080,2022,20a59,0,0,8
211080,2022,60mais,0,3,22
211080,2023,0a4,0,0,1
211080,2023,20a59,0,1,4
211080,2023,60mais,0,4,22
211080,2024,20a59,0,1,4
211080,2024,5a19,0,0,1
211080,2024,60mais,0,3,13
211085,2008,0a4,0,0,3
211085,2008,20a59,0,0,14
211085,2008,5a19,0,0,2
211085,2008,60mais,1,1,20
211085,2009,0a4,0,0,3
211085,2009,20a59,0,0,8
211085,2009,5a19,0,0,5
211085,2009,60mais,0,0,21
211085,2010,20a59,0,0,11
211085,2010,60mais,0,3,16
211085,2011,0a4,0,0,1
211085,2011,20a59,0,0,8
211085,2011,5a19,0,0,1
211085,2011,60mais,0,5,18
211085,2012,0a4,0,0,3
211085,2012,20a59,0,1,5
211085,2012,60mais,0,10,26
211085,2013,20a59,0,2,10
211085,2013,5a19,0,0,1
211085,2013,60mais,0,0,30
211085,2014,0a4,0,0,4
211085,2014,20a59,0,0,14
211085,2014,60mais,0,0,19
211085,2015,0a4,0,0,1
211085,2015,20a59,0,0,20
211085,2015,5a19,0,0,5
211085,2015,60mais,0,1,18
211085,2016,0a4,0,0,1
211085,2016,20a59,0,0,11
211085,2016,5a19,0,0,2
211085,2016,60mais,1,3,25
211085,2017,0a4,0,0,2
211085,2017,20a59,0,0,12
211085,2017,5a19,0,0,3
211085,2017,60mais,0,1,35
211085,2018,0a4,0,0,1
211085,2018,20a59,0,0,14
211085,2018,60mais,0,0,24
211085,2019,20a59,1,0,19
211085,2019,5a19,0,0,1
211085,2019,60mais,0,0,27
211085,2020,20a59,0,0,25
211085,2020,5a19,0,0,3
211085,2020,60mais,0,2,34
211085,2021,0a4,0,0,1
211085,2021,20a59,0,3,16
211085,2021,5a19,0,0,2
211085,2021,60mais,0,5,28
211085,2022,0a4,0,0,2
211085,2022,20a59,0,1,19
211085,2022,60mais,0,4,30
211085,2023,0a4,0,0,2
211085,2023,20a59,0,1,9
211085,2023,5a19,0,1,2
211085,2023,60mais,0,6,33
211085,2024,0a4,0,0,3
211085,2024,20a59,0,0,15
211085,2024,5a19,0,0,2
211085,2024,60mais,1,1,37
211090,2008,0a4,0,0,1
211090,2008,20a59,0,1,5
211090,2008,60mais,0,5,18
211090,2009,0a4,0,0,2
211090,2009,20a59,0,1,8
211090,2009,60mais,0,2,24
211090,2010,0a4,0,0,8
211090,2010,20a59,0,1,12
211090,2010,60mais,0,2,20
211090,2011,0a4,0,0,3
211090,2011,20a59,0,0,8
211090,2011,60mais,0,2,29
211090,2012,20a59,0,0,15
211090,2012,5a19,0,0,3
211090,2012,60mais,0,2,28
211090,2013,0a4,0,2,2
211090,2013,20a59,0,2,10
211090,2013,5a19,0,1,1
211090,2013,60mais,0,2,34
211090,2014,20a59,0,0,3
211090,2014,5a19,0,1,4
211090,2014,60mais,0,1,28
211090,2015,0a4,0,0,4
211090,2015,20a59,0,0,12
211090,2015,5a19,0,0,1
211090,2015,60mais,1,1,37
211090,2016,0a4,0,0,4
211090,2016,20a59,0,0,9
211090,2016,5a19,0,0,2
211090,2016,60mais,1,1,33
211090,2017,0a4,0,0,1
211090,2017,20a59,0,0,13
211090,2017,5a19,0,0,2
211090,2017,60mais,0,5,59
211090,2018,0a4,0,0,2
211090,2018,20a59,0,3,13
211090,2018,5a19,0,0,2
211090,2018,60mais,0,5,43
211090,2019,0a4,0,1,5
211090,2019,20a59,0,0,8
211090,2019,5a19,0,0,1
211090,2019,60mais,1,4,49
211090,2020,0a4,0,0,6
211090,2020,20a59,0,0,17
211090,2020,5a19,0,0,2
211090,2020,60mais,0,2,57
211090,2021,0a4,0,0,6
211090,2021,20a59,0,1,16
211090,2021,60mais,0,4,77
211090,2022,0a4,0,0,2
211090,2022,20a59,0,2,19
211090,2022,60mais,0,11,59
211090,2023,0a4,0,1,3
211090,2023,20a59,0,0,8
211090,2023,5a19,0,0,1
211090,2023,60mais,0,0,14
211090,2024,0a4,0,1,5
211090,2024,20a59,0,5,21
211090,2024,60mais,0,18,53
211100,2008,0a4,0,2,6
211100,2008,20a59,0,6,16
211100,2008,5a19,0,0,1
211100,2008,60mais,0,12,42
211100,2009,0a4,0,0,9
211100,2009,20a59,0,2,11
211100,2009,60mais,0,2,25
211100,2010,0a4,0,0,3
211100,2010,20a59,0,0,15
211100,2010,60mais,0,4,30
211100,2011,0a4,0,1,3
211100,2011,20a59,0,1,19
211100,2011,5a19,0,0,2
211100,2011,60mais,0,6,46
211100,2012,0a4,0,0,1
211100,2012,20a59,0,3,23
211100,2012,5a19,0,0,1
211100,2012,60mais,0,6,44
211100,2013,0a4,0,0,7
211100,2013,20a59,0,2,16
211100,2013,5a19,0,0,3
211100,2013,60mais,0,3,54
211100,2014,0a4,0,0,6
211100,2014,20a59,0,3,29
211100,2014,5a19,0,0,1
211100,2014,60mais,0,5,59
211100,2015,0a4,0,0,1
211100,2015,20a59,0,5,32
211100,2015,5a19,0,0,7
211100,2015,60mais,0,6,68
211100,2016,0a4,0,0,7
211100,2016,20a59,0,3,29
211100,2016,60mais,0,5,52
211100,2017,0a4,0,0,8
211100,2017,20a59,0,0,20
211100,2017,5a19,0,0,1
211100,2017,60mais,0,3,85
211100,2018,0a4,0,0,6
211100,2018,20a59,0,0,18
211100,2018,60mais,0,3,49
211100,2019,0a4,0,0,6
211100,2019,20a59,0,3,23
211100,2019,5a19,0,0,2
211100,2019,60mais,0,7,88
211100,2020,0a4,0,0,7
211100,2020,20a59,0,1,25
211100,2020,5a19,0,0,4
211100,2020,60mais,0,2,98
211100,2021,0a4,0,0,4
211100,2021,20a59,0,1,24
211100,2021,60mais,0,2,61
211100,2022,0a4,0,0,5
211100,2022,20a59,0,6,29
211100,2022,5a19,0,0,1
211100,2022,60mais,1,2,72
211100,2023,0a4,0,0,4
211100,2023,20a59,0,3,40
211100,2023,5a19,0,0,1
211100,2023,60mais,0,2,83
211100,2024,0a4,0,0,4
211100,2024,20a59,0,2,41
211100,2024,5a19,0,0,3
211100,2024,60mais,0,1,68
211102,2008,0a4,1,1,2
211102,2008,20a59,0,0,2
211102,2008,60mais,0,0,3
211102,2009,20a59,0,1,14
211102,2009,5a19,0,1,3
211102,2009,60mais,1,1,16
211102,2010,0a4,0,0,2
211102,2010,20a59,0,2,14
211102,2010,5a19,0,2,5
211102,2010,60mais,0,0,8
211102,2011,0a4,1,0,8
211102,2011,20a59,0,4,18
211102,2011,5a19,0,0,3
211102,2011,60mais,0,4,26
211102,2012,0a4,0,0,3
211102,2012,20a59,0,0,6
211102,2012,5a19,0,0,3
211102,2012,60mais,0,1,12
211102,2013,0a4,0,0,5
211102,2013,20a59,0,1,19
211102,2013,5a19,0,0,2
211102,2013,60mais,0,0,31
211102,2014,0a4,0,0,3
211102,2014,20a59,0,1,12
211102,2014,5a19,0,0,1
211102,2014,60mais,0,0,29
211102,2015,0a4,1,0,6
211102,2015,20a59,0,1,14
211102,2015,5a19,0,0,2
211102,2015,60mais,0,1,16
211102,2016,20a59,1,0,20
211102,2016,5a19,0,0,3
211102,2016,60mais,0,1,40
211102,2017,0a4,1,0,3
211102,2017,20a59,0,2,12
211102,2017,5a19,0,1,3
211102,2017,60mais,0,6,26
211102,2018,0a4,0,0,6
211102,2018,20a59,0,0,7
211102,2018,5a19,0,0,1
211102,2018,60mais,0,5,37
211102,2019,0a4,0,0,9
211102,2019,20a59,0,0,15
211102,2019,5a19,0,0,2
211102,2019,60mais,0,4,40
211102,2020,0a4,0,0,1
211102,2020,20a59,0,2,19
211102,2020,5a19,0,0,1
211102,2020,60mais,0,4,45
211102,2021,0a4,0,0,3
211102,2021,20a59,0,3,19
211102,2021,5a19,0,0,3
211102,2021,60mais,0,4,41
211102,2022,0a4,0,0,4
211102,2022,20a59,0,5,25
211102,2022,5a19,0,0,1
211102,2022,60mais,0,6,44
211102,2023,0a4,0,0,6
211102,2023,20a59,0,2,25
211102,2023,5a19,0,0,3
211102,2023,60mais,0,1,42
211102,2024,0a4,0,0,1
211102,2024,20a59,0,1,17
211102,2024,5a19,0,0,3
211102,2024,60mais,0,1,31
211105,2008,0a4,0,2,9
211105,2008,20a59,0,1,10
211105,2008,60mais,0,4,9
211105,2009,0a4,1,0,1
211105,2009,20a59,0,1,5
211105,2009,5a19,0,0,1
211105,2009,60mais,0,1,8
211105,2010,0a4,0,0,2
211105,2010,20a59,0,1,6
211105,2010,5a19,0,0,2
211105,2010,60mais,0,1,16
211105,2011,0a4,0,0,1
211105,2011,20a59,0,1,12
211105,2011,5a19,0,0,2
211105,2011,60mais,0,3,21
211105,2012,0a4,0,0,4
211105,2012,20a59,0,0,11
211105,2012,5a19,0,0,2
211105,2012,60mais,0,1,18
211105,2013,0a4,0,1,3
211105,2013,20a59,0,3,10
211105,2013,60mais,0,5,13
211105,2014,0a4,0,0,1
211105,2014,20a59,0,1,8
211105,2014,60mais,0,3,29
211105,2015,20a59,0,1,27
211105,2015,60mais,0,2,28
211105,2016,0a4,0,0,2
211105,2016,20a59,0,0,11
211105,2016,5a19,0,0,1
211105,2016,60mais,0,2,29
211105,2017,0a4,0,0,4
211105,2017,20a59,0,3,13
211105,2017,5a19,0,0,1
211105,2017,60mais,0,2,37
211105,2018,0a4,0,0,4
211105,2018,20a59,0,1,15
211105,2018,5a19,0,0,2
211105,2018,60mais,0,2,37
211105,2019,0a4,0,0,3
211105,2019,20a59,0,0,12
211105,2019,5a19,0,0,2
211105,2019,60mais,0,5,45
211105,2020,0a4,0,0,3
211105,2020,20a59,0,1,14
211105,2020,5a19,0,0,1
211105,2020,60mais,0,3,36
211105,2021,20a59,0,2,24
211105,2021,5a19,0,0,3
211105,2021,60mais,0,5,46
211105,2022,0a4,0,0,1
211105,2022,20a59,0,1,22
211105,2022,60mais,0,3,48
211105,2023,0a4,0,0,1
211105,2023,20a59,0,1,23
211105,2023,5a19,0,0,3
211105,2023,60mais,0,3,40
211105,2024,0a4,0,0,2
211105,2024,20a59,0,1,17
211105,2024,5a19,0,0,2
211105,2024,60mais,0,0,39
211107,2008,0a4,0,0,10
211107,2008,20a59,0,1,11
211107,2008,5a19,0,0,1
211107,2008,60mais,0,1,17
211107,2009,0a4,0,0,7
211107,2009,20a59,0,0,5
211107,2009,60mais,0,0,17
211107,2010,0a4,0,0,6
211107,2010,20a59,0,7,16
211107,2010,5a19,0,0,2
211107,2010,60mais,0,11,21
211107,2011,0a4,0,0,7
211107,2011,20a59,0,12,19
211107,2011,5a19,0,1,1
211107,2011,60mais,0,21,29
211107,2012,0a4,0,0,7
211107,2012,20a59,0,5,25
211107,2012,5a19,0,0,1
211107,2012,60mais,0,8,37
211107,2013,0a4,0,0,8
211107,2013,20a59,0,4,23
211107,2013,5a19,0,1,1
211107,2013,60mais,0,3,43
211107,2014,0a4,0,0,5
211107,2014,20a59,0,3,26
211107,2014,5a19,0,0,1
211107,2014,60mais,0,10,48
211107,2015,0a4,0,0,3
211107,2015,20a59,0,3,24
211107,2015,5a19,0,1,3
211107,2015,60mais,0,1,46
211107,2016,0a4,0,0,7
211107,2016,20a59,0,4,28
211107,2016,5a19,0,0,2
211107,2016,60mais,0,1,36
211107,2017,0a4,1,0,6
211107,2017,20a59,0,1,22
211107,2017,5a19,0,1,7
211107,2017,60mais,0,8,47
211107,2018,0a4,0,0,2
211107,2018,20a59,0,0,29
211107,2018,5a19,1,0,5
211107,2018,60mais,1,5,53
211107,2019,0a4,0,1,7
211107,2019,20a59,0,2,24
211107,2019,5a19,0,0,2
211107,2019,60mais,0,3,54
211107,2020,0a4,0,0,6
211107,2020,20a59,0,1,29
211107,2020,5a19,0,0,1
211107,2020,60mais,0,7,50
211107,2021,0a4,0,1,6
211107,2021,20a59,0,4,32
211107,2021,5a19,0,0,2
211107,2021,60mais,1,7,69
211107,2022,0a4,0,0,5
211107,2022,20a59,0,1,29
211107,2022,5a19,0,0,3
211107,2022,60mais,1,11,69
211107,2023,0a4,0,0,4
211107,2023,20a59,1,0,24
211107,2023,5a19,0,0,4
211107,2023,60mais,1,10,67
211107,2024,0a4,0,1,8
211107,2024,20a59,1,5,35
211107,2024,5a19,0,0,2
211107,2024,60mais,2,13,66
211110,2008,0a4,0,0,12
211110,2008,20a59,0,2,30
211110,2008,5a19,0,0,2
211110,2008,60mais,0,20,92
211110,2009,0a4,2,0,10
211110,2009,20a59,0,7,41
211110,2009,5a19,0,2,5
211110,2009,60mais,2,20,89
211110,2010,0a4,1,0,3
211110,2010,20a59,0,3,43
211110,2010,5a19,0,0,2
211110,2010,60mais,0,13,73
211110,2011,0a4,0,0,7
211110,2011,20a59,0,7,48
211110,2011,5a19,0,0,7
211110,2011,60mais,1,32,111
211110,2012,0a4,0,1,6
211110,2012,20a59,0,2,40
211110,2012,5a19,0,0,4
211110,2012,60mais,0,21,99
211110,2013,0a4,0,0,5
211110,2013,20a59,0,5,34
211110,2013,5a19,0,0,3
211110,2013,60mais,0,15,94
211110,2014,0a4,0,1,6
211110,2014,20a59,1,8,52
211110,2014,5a19,0,1,6
211110,2014,60mais,0,10,88
211110,2015,0a4,0,0,8
211110,2015,20a59,0,5,49
211110,2015,5a19,0,1,7
211110,2015,60mais,0,21,112
211110,2016,0a4,0,0,8
211110,2016,20a59,0,9,52
211110,2016,5a19,0,2,8
211110,2016,60mais,0,26,107
211110,2017,0a4,0,0,9
211110,2017,20a59,1,2,47
211110,2017,5a19,0,0,4
211110,2017,60mais,3,13,122
211110,2018,0a4,0,0,8
211110,2018,20a59,0,7,52
211110,2018,5a19,0,0,2
211110,2018,60mais,2,14,123
211110,2019,0a4,0,2,4
211110,2019,20a59,0,4,52
211110,2019,5a19,0,0,1
211110,2019,60mais,2,16,115
211110,2020,0a4,0,0,5
211110,2020,20a59,0,5,62
211110,2020,5a19,0,0,3
211110,2020,60mais,0,6,141
211110,2021,0a4,0,0,8
211110,2021,20a59,0,7,61
211110,2021,5a19,0,0,4
211110,2021,60mais,0,20,144
211110,2022,0a4,0,1,3
211110,2022,20a59,1,6,52
211110,2022,5a19,0,0,3
211110,2022,60mais,1,33,163
211110,2023,0a4,0,0,1
211110,2023,20a59,0,12,49
211110,2023,5a19,0,0,1
211110,2023,60mais,1,34,140
211110,2024,0a4,0,1,7
211110,2024,20a59,1,8,54
211110,2024,5a19,0,0,2
211110,2024,60mais,0,31,142
211120,2008,0a4,1,1,29
211120,2008,20a59,2,7,177
211120,2008,5a19,0,1,24
211120,2008,60mais,0,19,282
211120,2009,0a4,5,2,46
211120,2009,20a59,0,0,186
211120,2009,5a19,1,1,25
211120,2009,60mais,3,10,293
211120,2010,0a4,3,0,54
211120,2010,20a59,1,6,204
211120,2010,5a19,1,0,26
211120,2010,60mais,0,9,287
211120,2011,0a4,2,0,41
211120,2011,20a59,1,5,252
211120,2011,5a19,0,0,24
211120,2011,60mais,1,20,319
211120,2012,0a4,1,1,45
211120,2012,20a59,0,5,248
211120,2012,5a19,0,2,36
211120,2012,60mais,2,12,350
211120,2013,0a4,3,1,46
211120,2013,20a59,3,2,296
211120,2013,5a19,0,1,37
211120,2013,60mais,0,5,313
211120,2014,0a4,4,0,60
211120,2014,20a59,0,1,333
211120,2014,5a19,0,0,58
211120,2014,60mais,1,11,407
211120,2015,0a4,2,0,57
211120,2015,20a59,1,4,310
211120,2015,5a19,0,0,51
211120,2015,60mais,2,5,409
211120,2016,0a4,0,1,44
211120,2016,20a59,0,6,317
211120,2016,5a19,0,2,52
211120,2016,60mais,2,9,444
211120,2017,0a4,0,0,62
211120,2017,20a59,1,10,317
211120,2017,5a19,1,0,31
211120,2017,60mais,2,11,492
211120,2018,0a4,1,0,61
211120,2018,20a59,3,2,300
211120,2018,5a19,1,1,40
211120,2018,60mais,2,1,586
211120,2019,0a4,1,0,82
211120,2019,20a59,0,6,301
211120,2019,5a19,0,1,19
211120,2019,60mais,2,7,540
211120,2020,0a4,1,0,68
211120,2020,20a59,0,7,403
211120,2020,5a19,0,1,39
211120,2020,60mais,3,6,721
211120,2021,0a4,4,0,54
211120,2021,20a59,0,8,463
211120,2021,5a19,0,5,31
211120,2021,60mais,1,4,736
211120,2022,0a4,1,0,65
211120,2022,20a59,1,5,343
211120,2022,5a19,0,1,31
211120,2022,60mais,2,3,586
211120,2023,0a4,0,0,58
211120,2023,20a59,0,7,344
211120,2023,5a19,1,0,19
211120,2023,60mais,2,9,634
211120,2024,0a4,2,2,51
211120,2024,20a59,0,16,315
211120,2024,5a19,1,3,31
211120,2024,60mais,6,6,698
211125,2008,0a4,0,0,2
211125,2008,20a59,0,0,5
211125,2008,60mais,0,2,18
211125,2009,0a4,0,0,3
211125,2009,20a59,0,0,7
211125,2009,60mais,0,0,10
211125,2010,0a4,0,0,1
211125,2010,20a59,0,0,8
211125,2010,60mais,0,0,18
211125,2011,0a4,0,0,5
211125,2011,20a59,0,2,12
211125,2011,5a19,0,0,1
211125,2011,60mais,0,0,29
211125,2012,0a4,0,0,2
211125,2012,20a59,0,0,11
211125,2012,5a19,0,1,1
211125,2012,60mais,0,3,23
211125,2013,0a4,0,0,6
211125,2013,20a59,0,0,13
211125,2013,60mais,0,2,15
211125,2014,0a4,0,1,3
211125,2014,20a59,0,0,16
211125,2014,5a19,0,0,1
211125,2014,60mais,1,2,27
211125,2015,0a4,0,0,1
211125,2015,20a59,0,1,12
211125,2015,60mais,0,3,25
211125,2016,0a4,0,0,5
211125,2016,20a59,0,0,6
211125,2016,5a19,0,0,1
211125,2016,60mais,0,1,24
211125,2017,20a59,0,1,6
211125,2017,5a19,0,0,2
211125,2017,60mais,0,5,24
211125,2018,0a4,0,0,2
211125,2018,20a59,0,0,9
211125,2018,5a19,0,0,2
211125,2018,60mais,0,3,20
211125,2019,0a4,0,0,1
211125,2019,20a59,0,2,10
211125,2019,5a19,0,0,1
211125,2019,60mais,0,4,23
211125,2020,20a59,0,1,14
211125,2020,5a19,0,0,1
211125,2020,60mais,0,5,32
211125,2021,20a59,0,0,11
211125,2021,5a19,0,0,2
211125,2021,60mais,0,4,31
211125,2022,0a4,0,0,2
211125,2022,20a59,0,1,13
211125,2022,60mais,0,4,20
211125,2023,0a4,0,0,1
211125,2023,20a59,0,1,6
211125,2023,5a19,0,0,2
211125,2023,60mais,0,7,29
211125,2024,20a59,0,1,15
211125,2024,5a19,0,0,1
211125,2024,60mais,0,2,27
211130,2008,0a4,12,0,362
211130,2008,20a59,4,23,1686
211130,2008,5a19,2,5,182
211130,2008,60mais,19,46,2559
211130,2009,0a4,12,1,326
211130,2009,20a59,3,23,1822
211130,2009,5a19,4,4,173
211130,2009,60mais,19,41,2594
211130,2010,0a4,10,0,313
211130,2010,20a59,2,20,1867
211130,2010,5a19,0,4,164
211130,2010,60mais,19,32,2583
211130,2011,0a4,7,3,355
211130,2011,20a59,4,28,1978
211130,2011,5a19,1,5,165
211130,2011,60mais,18,45,2926
211130,2012,0a4,10,4,308
211130,2012,20a59,6,29,1907
211130,2012,5a19,2,6,193
211130,2012,60mais,18,46,2854
211130,2013,0a4,16,0,322
211130,2013,20a59,4,25,2137
211130,2013,5a19,0,2,237
211130,2013,60mais,15,29,3017
211130,2014,0a4,9,1,329
211130,2014,20a59,3,23,2205
211130,2014,5a19,0,7,250
211130,2014,60mais,10,42,3150
211130,2015,0a4,9,1,328
211130,2015,20a59,3,32,2151
211130,2015,5a19,0,6,267
211130,2015,60mais,11,35,3388
211130,2016,0a4,2,1,288
211130,2016,20a59,6,54,2089
211130,2016,5a19,1,15,220
211130,2016,60mais,15,37,3597
211130,2017,0a4,5,3,302
211130,2017,20a59,2,49,1900
211130,2017,5a19,1,14,244
211130,2017,60mais,15,37,3553
211130,2018,0a4,8,2,293
211130,2018,20a59,4,28,1742
211130,2018,5a19,0,6,147
211130,2018,60mais,13,32,3421
211130,2019,0a4,3,4,249
211130,2019,20a59,3,26,1679
211130,2019,5a19,0,4,145
211130,2019,60mais,7,35,3530
211130,2020,0a4,2,2,217
211130,2020,20a59,2,68,2146
211130,2020,5a19,0,13,148
211130,2020,60mais,10,41,5019
211130,2021,0a4,4,1,232
211130,2021,20a59,3,46,2319
211130,2021,5a19,1,7,126
211130,2021,60mais,6,21,4649
211130,2022,0a4,2,2,277
211130,2022,20a59,1,46,1922
211130,2022,5a19,0,5,138
211130,2022,60mais,11,33,4145
211130,2023,0a4,5,1,255
211130,2023,20a59,2,52,1688
211130,2023,5a19,0,5,106
211130,2023,60mais,13,32,4148
211130,2024,0a4,4,0,208
211130,2024,20a59,5,65,1786
211130,2024,5a19,0,5,90
211130,2024,60mais,19,32,4103
211140,2008,0a4,1,0,8
211140,2008,20a59,0,1,27
211140,2008,5a19,0,0,1
211140,2008,60mais,0,5,41
211140,2009,0a4,0,0,8
211140,2009,20a59,0,2,30
211140,2009,5a19,0,0,2
211140,2009,60mais,0,3,40
211140,2010,0a4,0,1,10
211140,2010,20a59,0,1,24
211140,2010,5a19,0,1,4
211140,2010,60mais,0,3,37
211140,2011,0a4,2,0,8
211140,2011,20a59,0,3,42
211140,2011,60mais,0,6,57
211140,2012,0a4,0,0,2
211140,2012,20a59,0,0,20
211140,2012,5a19,0,0,6
211140,2012,60mais,0,5,40
211140,2013,0a4,1,0,3
211140,2013,20a59,0,2,31
211140,2013,5a19,0,0,4
211140,2013,60mais,0,7,42
211140,2014,0a4,1,1,8
211140,2014,20a59,0,2,27
211140,2014,5a19,0,0,3
211140,2014,60mais,0,2,54
211140,2015,0a4,1,0,5
211140,2015,20a59,0,1,23
211140,2015,5a19,0,1,5
211140,2015,60mais,0,7,64
211140,2016,0a4,0,0,5
211140,2016,20a59,0,3,25
211140,2016,5a19,0,0,4
211140,2016,60mais,1,2,49
211140,2017,0a4,0,1,3
211140,2017,20a59,0,2,40
211140,2017,5a19,0,0,3
211140,2017,60mais,0,1,61
211140,2018,0a4,0,0,6
211140,2018,20a59,0,3,38
211140,2018,5a19,0,0,2
211140,2018,60mais,0,2,71
211140,2019,0a4,0,0,9
211140,2019,20a59,0,3,38
211140,2019,5a19,0,0,1
211140,2019,60mais,0,3,63
211140,2020,0a4,0,0,5
211140,2020,20a59,0,0,29
211140,2020,5a19,0,0,3
211140,2020,60mais,0,4,67
211140,2021,0a4,1,0,4
211140,2021,20a59,0,1,30
211140,2021,5a19,0,0,2
211140,2021,60mais,0,0,63
211140,2022,0a4,0,0,7
211140,2022,20a59,0,1,35
211140,2022,5a19,0,0,2
211140,2022,60mais,0,1,70
211140,2023,0a4,0,0,1
211140,2023,20a59,0,1,37
211140,2023,5a19,0,0,4
211140,2023,60mais,0,1,56
211140,2024,0a4,0,0,2
211140,2024,20a59,0,0,29
211140,2024,5a19,0,0,4
211140,2024,60mais,1,4,81
211150,2008,0a4,2,2,24
211150,2008,20a59,1,0,55
211150,2008,5a19,0,0,17
211150,2008,60mais,0,3,107
211150,2009,0a4,1,0,13
211150,2009,20a59,0,1,64
211150,2009,5a19,0,0,10
211150,2009,60mais,0,3,81
211150,2010,0a4,0,1,10
211150,2010,20a59,0,1,84
211150,2010,5a19,0,0,9
211150,2010,60mais,1,1,90
211150,2011,0a4,0,2,12
211150,2011,20a59,0,1,76
211150,2011,5a19,0,0,5
211150,2011,60mais,2,2,116
211150,2012,0a4,3,1,17
211150,2012,20a59,0,0,67
211150,2012,5a19,0,1,12
211150,2012,60mais,3,4,109
211150,2013,0a4,0,0,20
211150,2013,20a59,0,6,84
211150,2013,5a19,0,1,7
211150,2013,60mais,1,5,116
211150,2014,0a4,0,2,16
211150,2014,20a59,1,7,69
211150,2014,5a19,0,0,9
211150,2014,60mais,0,10,128
211150,2015,0a4,0,0,11
211150,2015,20a59,0,4,68
211150,2015,5a19,0,0,9
211150,2015,60mais,1,15,140
211150,2016,0a4,0,0,18
211150,2016,20a59,0,9,84
211150,2016,5a19,0,0,9
211150,2016,60mais,1,16,137
211150,2017,0a4,0,0,11
211150,2017,20a59,1,5,79
211150,2017,5a19,0,0,13
211150,2017,60mais,3,11,158
211150,2018,0a4,0,0,15
211150,2018,20a59,0,5,83
211150,2018,5a19,0,0,3
211150,2018,60mais,0,12,124
211150,2019,0a4,0,0,8
211150,2019,20a59,0,9,69
211150,2019,5a19,0,0,3
211150,2019,60mais,0,20,143
211150,2020,0a4,0,0,9
211150,2020,20a59,0,7,88
211150,2020,5a19,0,1,4
211150,2020,60mais,0,30,195
211150,2021,0a4,0,1,6
211150,2021,20a59,0,3,80
211150,2021,5a19,0,0,6
211150,2021,60mais,1,17,195
211150,2022,0a4,0,0,7
211150,2022,20a59,0,4,81
211150,2022,5a19,0,1,7
211150,2022,60mais,0,26,151
211150,2023,0a4,0,0,14
211150,2023,20a59,0,4,70
211150,2023,5a19,0,0,5
211150,2023,60mais,2,16,168
211150,2024,0a4,0,4,15
211150,2024,20a59,0,11,79
211150,2024,5a19,1,0,6
211150,2024,60mais,4,11,175
211153,2008,0a4,0,0,3
211153,2008,20a59,0,2,19
211153,2008,5a19,0,0,3
211153,2008,60mais,0,3,22
211153,2009,20a59,0,4,17
211153,2009,5a19,0,1,2
211153,2009,60mais,1,8,27
211153,2010,0a4,0,1,2
211153,2010,20a59,0,1,19
211153,2010,5a19,1,1,2
211153,2010,60mais,0,9,25
211153,2011,0a4,0,1,4
211153,2011,20a59,0,10,25
211153,2011,5a19,0,0,2
211153,2011,60mais,0,13,32
211153,2012,0a4,0,0,7
211153,2012,20a59,0,2,14
211153,2012,5a19,0,0,2
211153,2012,60mais,0,1,25
211153,2013,0a4,0,0,7
211153,2013,20a59,0,4,20
211153,2013,5a19,0,0,2
211153,2013,60mais,0,4,41
211153,2014,0a4,0,0,7
211153,2014,20a59,0,4,21
211153,2014,5a19,0,0,1
211153,2014,60mais,1,2,25
211153,2015,0a4,0,0,5
211153,2015,20a59,0,1,17
211153,2015,5a19,0,0,4
211153,2015,60mais,0,6,34
211153,2016,0a4,0,0,2
211153,2016,20a59,0,0,13
211153,2016,60mais,0,3,36
211153,2017,0a4,0,0,1
211153,2017,20a59,0,2,23
211153,2017,5a19,0,0,2
211153,2017,60mais,0,9,41
211153,2018,0a4,0,0,1
211153,2018,20a59,0,2,19
211153,2018,5a19,0,0,1
211153,2018,60mais,0,16,42
211153,2019,0a4,0,0,2
211153,2019,20a59,0,2,21
211153,2019,5a19,0,2,6
211153,2019,60mais,0,14,46
211153,2020,0a4,0,1,5
211153,2020,20a59,0,3,19
211153,2020,5a19,0,0,1
211153,2020,60mais,0,14,42
211153,2021,0a4,0,0,3
211153,2021,20a59,0,1,26
211153,2021,5a19,0,0,2
211153,2021,60mais,0,2,59
211153,2022,0a4,0,0,6
211153,2022,20a59,0,0,26
211153,2022,5a19,0,0,2
211153,2022,60mais,1,0,49
211153,2023,0a4,0,0,3
211153,2023,20a59,0,1,30
211153,2023,5a19,0,1,2
211153,2023,60mais,0,2,30
211153,2024,20a59,0,1,29
211153,2024,5a19,0,0,1
211153,2024,60mais,0,3,55
211157,2008,20a59,0,0,3
211157,2008,5a19,0,0,1
211157,2008,60mais,0,0,13
211157,2009,0a4,0,0,2
211157,2009,20a59,0,0,1
211157,2009,60mais,0,5,13
211157,2010,0a4,0,0,1
211157,2010,60mais,0,1,6
211157,2011,0a4,0,0,3
211157,2011,20a59,0,0,5
211157,2011,5a19,0,0,1
211157,2011,60mais,0,0,9
211157,2012,0a4,0,0,1
211157,2012,20a59,0,0,6
211157,2012,60mais,0,2,14
211157,2013,0a4,0,0,2
211157,2013,20a59,0,0,3
211157,2013,60mais,0,0,12
211157,2014,0a4,0,1,2
211157,2014,20a59,0,0,6
211157,2014,60mais,0,0,10
211157,2015,0a4,0,0,1
211157,2015,20a59,0,0,4
211157,2015,60mais,0,0,6
211157,2016,20a59,0,0,3
211157,2016,60mais,0,1,11
211157,2017,0a4,0,0,2
211157,2017,20a59,0,2,7
211157,2017,60mais,0,0,16
211157,2018,0a4,0,0,2
211157,2018,20a59,0,0,4
211157,2018,60mais,0,0,14
211157,2019,20a59,0,0,10
211157,2019,60mais,0,0,8
211157,2020,20a59,0,0,2
211157,2020,60mais,0,0,26
211157,2021,0a4,0,0,1
211157,2021,20a59,0,0,10
211157,2021,5a19,0,0,1
211157,2021,60mais,0,0,12
211157,2022,0a4,0,1,1
211157,2022,20a59,0,0,7
211157,2022,5a19,0,0,3
211157,2022,60mais,0,3,15
211157,2023,0a4,0,1,1
211157,2023,20a59,0,0,5
211157,2023,5a19,0,0,3
211157,2023,60mais,0,1,8
211157,2024,0a4,0,0,1
211157,2024,20a59,0,0,1
211157,2024,60mais,0,1,13
211160,2008,0a4,0,0,4
211160,2008,20a59,0,0,28
211160,2008,5a19,0,0,6
211160,2008,60mais,0,0,54
211160,2009,0a4,1,0,9
211160,2009,20a59,0,2,29
211160,2009,5a19,0,0,2
211160,2009,60mais,0,1,49
211160,2010,0a4,0,1,5
211160,2010,20a59,0,3,27
211160,2010,5a19,0,0,6
211160,2010,60mais,0,2,37
211160,2011,0a4,0,0,5
211160,2011,20a59,0,4,26
211160,2011,5a19,0,0,4
211160,2011,60mais,0,4,47
211160,2012,0a4,0,0,4
211160,2012,20a59,0,4,35
211160,2012,5a19,0,0,2
211160,2012,60mais,0,4,52
211160,2013,0a4,0,1,6
211160,2013,20a59,0,4,22
211160,2013,5a19,0,2,7
211160,2013,60mais,0,9,58
211160,2014,0a4,0,0,11
211160,2014,20a59,0,4,28
211160,2014,60mais,0,4,50
211160,2015,0a4,1,1,12
211160,2015,20a59,0,4,34
211160,2015,5a19,0,1,3
211160,2015,60mais,0,6,49
211160,2016,0a4,0,3,7
211160,2016,20a59,0,4,33
211160,2016,5a19,0,2,5
211160,2016,60mais,0,13,63
211160,2017,0a4,0,1,8
211160,2017,20a59,0,3,35
211160,2017,5a19,0,0,1
211160,2017,60mais,0,7,88
211160,2018,0a4,0,0,6
211160,2018,20a59,0,8,32
211160,2018,5a19,0,0,2
211160,2018,60mais,0,10,49
211160,2019,0a4,0,0,11
211160,2019,20a59,0,1,30
211160,2019,5a19,0,2,6
211160,2019,60mais,0,8,67
211160,2020,0a4,0,0,7
211160,2020,20a59,1,3,49
211160,2020,5a19,0,1,4
211160,2020,60mais,0,7,94
211160,2021,0a4,0,1,7
211160,2021,20a59,0,7,44
211160,2021,5a19,0,0,8
211160,2021,60mais,1,11,98
211160,2022,0a4,0,0,2
211160,2022,20a59,0,3,45
211160,2022,5a19,0,0,8
211160,2022,60mais,0,12,101
211160,2023,0a4,0,1,2
211160,2023,20a59,0,5,57
211160,2023,5a19,0,0,3
211160,2023,60mais,2,14,78
211160,2024,0a4,0,0,7
211160,2024,20a59,0,7,50
211160,2024,5a19,1,0,3
211160,2024,60mais,1,16,82
211163,2008,0a4,0,0,2
211163,2008,20a59,0,0,3
211163,2008,5a19,0,1,3
211163,2008,60mais,0,1,15
211163,2009,0a4,0,0,2
211163,2009,20a59,0,0,3
211163,2009,60mais,0,0,7
211163,2010,0a4,0,0,1
211163,2010,20a59,0,0,5
211163,2010,5a19,0,0,1
211163,2010,60mais,0,0,11
211163,2011,0a4,0,0,1
211163,2011,20a59,0,0,10
211163,2011,5a19,0,0,1
211163,2011,60mais,0,0,15
211163,2012,0a4,0,0,4
211163,2012,20a59,0,0,4
211163,2012,5a19,0,0,1
211163,2012,60mais,0,1,12
211163,2013,0a4,0,0,1
211163,2013,5a19,0,0,1
211163,2013,60mais,0,1,7
211163,2014,20a59,0,1,7
211163,2014,5a19,0,0,1
211163,2014,60mais,0,0,8
211163,2015,0a4,0,1,3
211163,2015,20a59,0,2,11
211163,2015,60mais,0,2,23
211163,2016,20a59,0,0,7
211163,2016,5a19,0,0,1
211163,2016,60mais,0,1,15
211163,2017,0a4,0,0,2
211163,2017,20a59,0,1,4
211163,2017,60mais,0,2,14
211163,2018,0a4,0,0,1
211163,2018,20a59,1,0,9
211163,2018,5a19,0,0,1
211163,2018,60mais,0,0,13
211163,2019,0a4,0,1,2
211163,2019,20a59,0,0,11
211163,2019,5a19,0,0,2
211163,2019,60mais,0,1,22
211163,2020,0a4,0,0,2
211163,2020,20a59,0,2,7
211163,2020,5a19,0,0,1
211163,2020,60mais,0,2,23
211163,2021,20a59,0,1,7
211163,2021,5a19,0,0,1
211163,2021,60mais,0,2,16
211163,2022,0a4,0,0,1
211163,2022,20a59,0,4,9
211163,2022,60mais,1,1,23
211163,2023,0a4,0,0,1
211163,2023,20a59,0,0,3
211163,2023,5a19,0,0,3
211163,2023,60mais,0,1,19
211163,2024,0a4,0,0,2
211163,2024,20a59,0,0,10
211163,2024,5a19,0,0,3
211163,2024,60mais,0,2,25
211167,2008,0a4,0,1,2
211167,2008,20a59,0,2,6
211167,2008,5a19,0,0,1
211167,2008,60mais,0,1,9
211167,2009,0a4,1,0,2
211167,2009,20a59,0,0,3
211167,2009,60mais,0,1,5
211167,2010,0a4,0,0,1
211167,2010,20a59,0,0,3
211167,2010,60mais,0,0,14
211167,2011,20a59,0,0,3
211167,2011,60mais,0,0,13
211167,2012,0a4,0,0,2
211167,2012,20a59,0,1,3
211167,2012,60mais,0,4,14
211167,2013,0a4,0,0,1
211167,2013,20a59,0,1,4
211167,2013,5a19,0,1,2
211167,2013,60mais,0,1,13
211167,2014,0a4,1,0,1
211167,2014,20a59,0,0,7
211167,2014,5a19,0,0,1
211167,2014,60mais,1,0,11
211167,2015,0a4,0,0,3
211167,2015,20a59,0,0,8
211167,2015,5a19,0,0,1
211167,2015,60mais,1,0,10
211167,2016,0a4,0,0,1
211167,2016,20a59,0,0,1
211167,2016,5a19,0,0,2
211167,2016,60mais,0,0,19
211167,2017,0a4,0,0,1
211167,2017,20a59,0,0,4
211167,2017,60mais,0,1,16
211167,2018,20a59,0,2,8
211167,2018,5a19,0,0,1
211167,2018,60mais,0,1,13
211167,2019,0a4,0,0,1
211167,2019,20a59,0,0,6
211167,2019,5a19,0,0,1
211167,2019,60mais,0,0,11
211167,2020,0a4,0,0,4
211167,2020,20a59,0,1,10
211167,2020,5a19,0,0,1
211167,2020,60mais,0,0,21
211167,2021,0a4,0,0,1
211167,2021,20a59,0,0,6
211167,2021,60mais,0,0,14
211167,2022,0a4,0,0,4
211167,2022,20a59,1,0,6
211167,2022,5a19,0,0,2
211167,2022,60mais,0,1,17
211167,2023,0a4,0,0,1
211167,2023,20a59,0,0,6
211167,2023,5a19,0,0,1
211167,2023,60mais,0,0,18
211167,2024,0a4,0,0,1
211167,2024,20a59,0,0,7
211167,2024,5a19,0,0,1
211167,2024,60mais,0,0,18
211170,2008,0a4,0,0,2
211170,2008,20a59,0,0,18
211170,2008,5a19,0,0,4
211170,2008,60mais,0,2,47
211170,2009,0a4,0,0,11
211170,2009,20a59,0,0,19
211170,2009,5a19,0,0,7
211170,2009,60mais,0,5,40
211170,2010,0a4,0,0,4
211170,2010,20a59,2,3,27
211170,2010,5a19,0,1,2
211170,2010,60mais,0,4,47
211170,2011,0a4,0,0,2
211170,2011,20a59,1,0,18
211170,2011,5a19,0,0,1
211170,2011,60mais,0,0,40
211170,2012,0a4,0,0,4
211170,2012,20a59,0,1,19
211170,2012,5a19,0,0,5
211170,2012,60mais,0,1,39
211170,2013,0a4,0,0,4
211170,2013,20a59,1,3,27
211170,2013,5a19,0,1,3
211170,2013,60mais,0,3,41
211170,2014,0a4,0,0,4
211170,2014,20a59,0,3,19
211170,2014,5a19,0,1,5
211170,2014,60mais,0,3,55
211170,2015,0a4,1,0,4
211170,2015,20a59,0,1,26
211170,2015,5a19,0,1,4
211170,2015,60mais,0,6,54
211170,2016,0a4,0,1,4
211170,2016,20a59,0,2,24
211170,2016,5a19,0,0,1
211170,2016,60mais,0,0,47
211170,2017,0a4,0,1,4
211170,2017,20a59,0,3,30
211170,2017,5a19,0,0,1
211170,2017,60mais,0,3,60
211170,2018,0a4,0,0,5
211170,2018,20a59,0,3,26
211170,2018,5a19,0,0,1
211170,2018,60mais,0,6,58
211170,2019,0a4,0,0,4
211170,2019,20a59,0,1,24
211170,2019,5a19,0,0,4
211170,2019,60mais,0,1,57
211170,2020,0a4,0,0,3
211170,2020,20a59,0,1,23
211170,2020,5a19,0,0,2
211170,2020,60mais,0,2,54
211170,2021,0a4,0,0,1
211170,2021,20a59,0,0,31
211170,2021,5a19,0,0,2
211170,2021,60mais,0,1,76
211170,2022,0a4,0,0,7
211170,2022,20a59,0,1,19
211170,2022,5a19,0,0,3
211170,2022,60mais,1,5,70
211170,2023,0a4,1,1,6
211170,2023,20a59,0,0,25
211170,2023,5a19,0,0,3
211170,2023,60mais,0,3,64
211170,2024,0a4,0,0,2
211170,2024,20a59,0,7,41
211170,2024,5a19,0,0,4
211170,2024,60mais,1,3,85
211172,2008,0a4,0,1,5
211172,2008,20a59,0,0,12
211172,2008,60mais,0,2,15
211172,2009,0a4,1,0,5
211172,2009,20a59,0,0,3
211172,2009,60mais,0,0,13
211172,2010,20a59,0,0,8
211172,2010,5a19,0,0,1
211172,2010,60mais,0,2,14
211172,2011,0a4,0,0,4
211172,2011,20a59,0,3,10
211172,2011,5a19,0,0,1
211172,2011,60mais,0,3,15
211172,2012,0a4,0,0,1
211172,2012,20a59,0,0,6
211172,2012,5a19,0,0,1
211172,2012,60mais,0,2,15
211172,2013,0a4,0,1,6
211172,2013,20a59,0,1,11
211172,2013,60mais,0,1,12
211172,2014,0a4,0,0,1
211172,2014,20a59,0,0,7
211172,2014,60mais,0,0,20
211172,2015,20a59,0,2,12
211172,2015,60mais,1,1,19
211172,2016,0a4,0,0,2
211172,2016,20a59,0,2,9
211172,2016,5a19,0,0,1
211172,2016,60mais,0,4,18
211172,2017,20a59,0,4,17
211172,2017,5a19,0,0,1
211172,2017,60mais,0,6,18
211172,2018,0a4,0,2,3
211172,2018,20a59,0,4,13
211172,2018,5a19,0,0,2
211172,2018,60mais,0,11,21
211172,2019,0a4,0,0,1
211172,2019,20a59,0,6,10
211172,2019,5a19,0,0,1
211172,2019,60mais,0,12,16
211172,2020,0a4,0,1,3
211172,2020,20a59,0,1,9
211172,2020,5a19,0,1,3
211172,2020,60mais,0,5,13
211172,2021,0a4,0,0,2
211172,2021,20a59,0,4,16
211172,2021,5a19,0,2,3
211172,2021,60mais,0,6,21
211172,2022,20a59,0,1,10
211172,2022,60mais,0,0,33
211172,2023,20a59,0,0,13
211172,2023,60mais,1,8,33
211172,2024,0a4,0,0,4
211172,2024,20a59,0,1,20
211172,2024,5a19,0,0,1
211172,2024,60mais,0,3,37
211174,2008,0a4,0,0,7
211174,2008,20a59,0,0,11
211174,2008,5a19,0,0,1
211174,2008,60mais,0,1,18
211174,2009,0a4,1,0,6
211174,2009,20a59,0,0,10
211174,2009,60mais,0,1,25
211174,2010,0a4,0,0,2
211174,2010,20a59,0,0,11
211174,2010,5a19,0,0,2
211174,2010,60mais,0,0,8
211174,2011,0a4,0,0,1
211174,2011,20a59,0,0,18
211174,2011,5a19,0,0,3
211174,2011,60mais,0,1,28
211174,2012,0a4,0,0,5
211174,2012,20a59,0,1,10
211174,2012,60mais,0,1,33
211174,2013,0a4,0,1,7
211174,2013,20a59,0,1,12
211174,2013,5a19,0,0,2
211174,2013,60mais,0,2,35
211174,2014,0a4,0,0,3
211174,2014,20a59,0,0,18
211174,2014,5a19,0,0,3
211174,2014,60mais,0,0,12
211174,2015,0a4,0,0,1
211174,2015,20a59,0,1,21
211174,2015,5a19,0,0,1
211174,2015,60mais,0,0,29
211174,2016,0a4,0,0,1
211174,2016,20a59,0,1,18
211174,2016,5a19,0,0,1
211174,2016,60mais,0,1,37
211174,2017,0a4,0,0,3
211174,2017,20a59,0,1,16
211174,2017,5a19,0,0,1
211174,2017,60mais,0,3,30
211174,2018,0a4,0,0,5
211174,2018,20a59,0,1,12
211174,2018,5a19,0,0,1
211174,2018,60mais,1,3,23
211174,2019,0a4,0,1,3
211174,2019,20a59,0,0,13
211174,2019,5a19,0,0,2
211174,2019,60mais,0,2,27
211174,2020,0a4,0,0,1
211174,2020,20a59,0,0,11
211174,2020,60mais,0,2,37
211174,2021,0a4,0,0,2
211174,2021,20a59,0,1,15
211174,2021,5a19,0,0,2
211174,2021,60mais,0,1,28
211174,2022,0a4,0,0,4
211174,2022,20a59,0,1,19
211174,2022,5a19,0,0,2
211174,2022,60mais,0,1,23
211174,2023,0a4,0,0,5
211174,2023,20a59,0,0,18
211174,2023,60mais,0,1,33
211174,2024,0a4,0,0,2
211174,2024,20a59,0,0,15
211174,2024,5a19,0,0,1
211174,2024,60mais,0,0,32
211176,2008,0a4,2,0,8
211176,2008,20a59,0,6,23
211176,2008,5a19,0,0,2
211176,2008,60mais,0,25,51
211176,2009,0a4,1,0,8
211176,2009,20a59,0,3,14
211176,2009,5a19,0,0,2
211176,2009,60mais,0,17,34
211176,2010,0a4,1,0,5
211176,2010,20a59,0,2,16
211176,2010,5a19,0,0,3
211176,2010,60mais,0,16,42
211176,2011,0a4,0,0,6
211176,2011,20a59,0,2,23
211176,2011,5a19,0,0,2
211176,2011,60mais,0,24,54
211176,2012,0a4,0,1,8
211176,2012,20a59,0,6,29
211176,2012,5a19,0,0,2
211176,2012,60mais,0,20,49
211176,2013,0a4,0,0,5
211176,2013,20a59,0,9,37
211176,2013,5a19,0,2,6
211176,2013,60mais,0,24,45
211176,2014,0a4,0,0,8
211176,2014,20a59,0,3,48
211176,2014,5a19,0,0,3
211176,2014,60mais,0,18,51
211176,2015,0a4,0,0,7
211176,2015,20a59,0,8,34
211176,2015,60mais,0,22,60
211176,2016,0a4,0,0,5
211176,2016,20a59,0,2,31
211176,2016,5a19,0,0,2
211176,2016,60mais,0,13,75
211176,2017,0a4,0,1,5
211176,2017,20a59,0,0,28
211176,2017,5a19,0,0,3
211176,2017,60mais,0,11,83
211176,2018,0a4,0,0,6
211176,2018,20a59,0,1,30
211176,2018,5a19,0,0,3
211176,2018,60mais,0,4,64
211176,2019,0a4,0,0,5
211176,2019,20a59,0,1,29
211176,2019,5a19,0,0,1
211176,2019,60mais,0,5,97
211176,2020,0a4,1,0,7
211176,2020,20a59,0,0,34
211176,2020,5a19,0,0,1
211176,2020,60mais,0,5,77
211176,2021,0a4,0,0,4
211176,2021,20a59,0,0,31
211176,2021,5a19,0,0,3
211176,2021,60mais,0,5,76
211176,2022,0a4,0,0,1
211176,2022,20a59,0,2,37
211176,2022,5a19,0,0,3
211176,2022,60mais,0,10,79
211176,2023,0a4,0,0,1
211176,2023,20a59,2,1,38
211176,2023,5a19,0,0,2
211176,2023,60mais,0,4,83
211176,2024,0a4,0,0,1
211176,2024,20a59,0,1,33
211176,2024,5a19,0,0,3
211176,2024,60mais,0,2,77
211178,2008,0a4,0,0,3
211178,2008,20a59,1,0,7
211178,2008,5a19,0,1,3
211178,2008,60mais,0,0,8
211178,2009,0a4,0,0,5
211178,2009,20a59,0,3,12
211178,2009,5a19,0,1,3
211178,2009,60mais,0,0,9
211178,2010,0a4,0,1,5
211178,2010,20a59,0,3,8
211178,2010,60mais,0,1,8
211178,2011,0a4,0,0,3
211178,2011,20a59,0,8,14
211178,2011,5a19,0,0,2
211178,2011,60mais,0,17,20
211178,2012,0a4,0,0,4
211178,2012,20a59,0,5,10
211178,2012,5a19,0,0,1
211178,2012,60mais,0,10,19
211178,2013,0a4,0,0,2
211178,2013,20a59,0,2,23
211178,2013,5a19,0,0,1
211178,2013,60mais,0,1,21
211178,2014,0a4,2,0,4
211178,2014,20a59,0,0,9
211178,2014,60mais,0,2,22
211178,2015,0a4,0,0,7
211178,2015,20a59,0,2,17
211178,2015,60mais,0,4,20
211178,2016,0a4,0,2,7
211178,2016,20a59,0,1,14
211178,2016,5a19,0,0,2
211178,2016,60mais,2,1,14
211178,2017,0a4,0,0,2
211178,2017,20a59,0,4,13
211178,2017,5a19,0,0,1
211178,2017,60mais,0,3,19
211178,2018,0a4,0,1,3
211178,2018,20a59,0,1,10
211178,2018,5a19,0,0,1
211178,2018,60mais,0,6,21
211178,2019,0a4,0,0,2
211178,2019,20a59,0,1,7
211178,2019,5a19,0,1,1
211178,2019,60mais,0,1,11
211178,2020,0a4,0,0,1
211178,2020,20a59,0,2,12
211178,2020,60mais,0,0,17
211178,2021,0a4,0,0,1
211178,2021,20a59,0,1,19
211178,2021,60mais,0,2,28
211178,2022,0a4,0,0,3
211178,2022,20a59,0,0,14
211178,2022,5a19,0,0,1
211178,2022,60mais,0,0,31
211178,2023,0a4,0,0,2
211178,2023,20a59,0,1,14
211178,2023,5a19,0,0,2
211178,2023,60mais,0,4,31
211178,2024,0a4,0,0,1
211178,2024,20a59,0,1,11
211178,2024,5a19,0,0,1
211178,2024,60mais,0,5,29
211180,2008,0a4,2,0,8
211180,2008,20a59,0,1,24
211180,2008,5a19,0,0,3
211180,2008,60mais,0,7,34
211180,2009,0a4,0,1,5
211180,2009,20a59,0,1,13
211180,2009,5a19,0,0,2
211180,2009,60mais,0,3,32
211180,2010,0a4,0,1,5
211180,2010,20a59,0,3,16
211180,2010,5a19,0,1,5
211180,2010,60mais,0,6,38
211180,2011,0a4,1,0,7
211180,2011,20a59,0,1,16
211180,2011,5a19,0,0,2
211180,2011,60mais,0,1,28
211180,2012,0a4,0,0,2
211180,2012,20a59,0,1,19
211180,2012,5a19,0,1,2
211180,2012,60mais,0,7,47
211180,2013,0a4,0,0,3
211180,2013,20a59,0,2,26
211180,2013,5a19,0,0,3
211180,2013,60mais,0,7,32
211180,2014,0a4,0,1,5
211180,2014,20a59,0,6,28
211180,2014,5a19,0,1,2
211180,2014,60mais,0,11,44
211180,2015,0a4,0,0,9
211180,2015,20a59,0,1,18
211180,2015,5a19,0,0,3
211180,2015,60mais,0,5,48
211180,2016,0a4,0,0,6
211180,2016,20a59,0,2,33
211180,2016,5a19,0,0,2
211180,2016,60mais,1,7,47
211180,2017,0a4,0,0,7
211180,2017,20a59,0,0,10
211180,2017,5a19,0,0,4
211180,2017,60mais,0,3,46
211180,2018,0a4,0,0,5
211180,2018,20a59,0,0,10
211180,2018,5a19,0,1,3
211180,2018,60mais,0,9,48
211180,2019,0a4,0,0,6
211180,2019,20a59,0,1,21
211180,2019,5a19,0,1,7
211180,2019,60mais,0,3,46
211180,2020,0a4,0,0,3
211180,2020,20a59,0,1,27
211180,2020,5a19,0,0,2
211180,2020,60mais,0,8,65
211180,2021,0a4,0,0,6
211180,2021,20a59,0,1,34
211180,2021,5a19,0,0,3
211180,2021,60mais,1,3,59
211180,2022,0a4,0,0,6
211180,2022,20a59,0,1,33
211180,2022,5a19,0,0,4
211180,2022,60mais,0,8,68
211180,2023,0a4,0,0,2
211180,2023,20a59,0,1,20
211180,2023,5a19,0,0,3
211180,2023,60mais,0,9,59
211180,2024,0a4,0,0,1
211180,2024,20a59,0,1,17
211180,2024,5a19,0,0,3
211180,2024,60mais,0,5,69
211190,2008,0a4,0,0,3
211190,2008,20a59,1,0,16
211190,2008,60mais,0,2,26
211190,2009,0a4,0,0,3
211190,2009,20a59,0,0,15
211190,2009,5a19,0,0,1
211190,2009,60mais,0,1,22
211190,2010,0a4,0,0,2
211190,2010,20a59,0,0,12
211190,2010,5a19,0,0,2
211190,2010,60mais,0,0,18
211190,2011,0a4,0,0,6
211190,2011,20a59,0,0,15
211190,2011,60mais,0,2,32
211190,2012,0a4,0,0,3
211190,2012,20a59,0,0,17
211190,2012,5a19,0,0,3
211190,2012,60mais,0,0,15
211190,2013,0a4,1,0,4
211190,2013,20a59,0,0,13
211190,2013,5a19,0,0,2
211190,2013,60mais,0,0,25
211190,2014,0a4,0,0,5
211190,2014,20a59,0,1,17
211190,2014,5a19,0,0,1
211190,2014,60mais,0,0,21
211190,2015,0a4,0,0,5
211190,2015,20a59,0,1,20
211190,2015,60mais,0,3,38
211190,2016,20a59,0,1,12
211190,2016,5a19,0,0,1
211190,2016,60mais,0,0,37
211190,2017,0a4,0,1,1
211190,2017,20a59,0,0,10
211190,2017,5a19,0,0,2
211190,2017,60mais,0,0,34
211190,2018,0a4,0,0,2
211190,2018,20a59,0,1,18
211190,2018,5a19,0,0,2
211190,2018,60mais,1,1,34
211190,2019,20a59,0,0,18
211190,2019,5a19,0,0,2
211190,2019,60mais,0,2,45
211190,2020,0a4,1,0,3
211190,2020,20a59,0,1,20
211190,2020,5a19,0,0,2
211190,2020,60mais,0,2,49
211190,2021,0a4,0,0,2
211190,2021,20a59,1,1,20
211190,2021,5a19,0,0,1
211190,2021,60mais,0,2,36
211190,2022,0a4,0,0,2
211190,2022,20a59,0,1,7
211190,2022,5a19,0,1,1
211190,2022,60mais,0,5,60
211190,2023,0a4,0,0,1
211190,2023,20a59,0,1,19
211190,2023,5a19,0,0,3
211190,2023,60mais,0,1,46
211190,2024,0a4,0,0,2
211190,2024,20a59,0,4,15
211190,2024,60mais,0,7,38
211195,2008,20a59,0,0,6
211195,2008,60mais,0,5,11
211195,2009,0a4,0,0,3
211195,2009,20a59,0,0,5
211195,2009,5a19,0,0,1
211195,2009,60mais,0,6,20
211195,2010,0a4,0,0,3
211195,2010,20a59,0,3,11
211195,2010,60mais,0,5,14
211195,2011,0a4,0,0,2
211195,2011,20a59,0,5,12
211195,2011,60mais,0,6,20
211195,2012,0a4,0,0,2
211195,2012,20a59,0,1,10
211195,2012,5a19,0,0,1
211195,2012,60mais,0,0,11
211195,2013,0a4,0,0,1
211195,2013,20a59,0,0,4
211195,2013,60mais,0,3,21
211195,2014,0a4,0,1,2
211195,2014,20a59,0,2,5
211195,2014,5a19,0,1,1
211195,2014,60mais,0,2,10
211195,2015,0a4,0,0,1
211195,2015,20a59,0,3,8
211195,2015,5a19,0,1,1
211195,2015,60mais,0,2,19
211195,2016,0a4,0,0,1
211195,2016,20a59,0,0,9
211195,2016,5a19,0,1,1
211195,2016,60mais,0,4,21
211195,2017,0a4,0,0,3
211195,2017,20a59,0,3,11
211195,2017,60mais,0,4,24
211195,2018,20a59,0,1,9
211195,2018,60mais,1,8,27
211195,2019,0a4,0,0,1
211195,2019,20a59,0,1,10
211195,2019,60mais,0,10,31
211195,2020,20a59,0,0,13
211195,2020,5a19,0,0,1
211195,2020,60mais,0,11,30
211195,2021,0a4,0,0,1
211195,2021,20a59,0,3,14
211195,2021,5a19,0,0,2
211195,2021,60mais,0,11,28
211195,2022,0a4,0,0,3
211195,2022,20a59,0,1,8
211195,2022,60mais,0,11,32
211195,2023,0a4,0,0,1
211195,2023,20a59,0,4,8
211195,2023,60mais,1,7,21
211195,2024,0a4,0,0,3
211195,2024,20a59,0,3,16
211195,2024,5a19,0,0,1
211195,2024,60mais,0,8,17
211200,2008,0a4,0,0,3
211200,2008,20a59,0,0,12
211200,2008,5a19,0,0,1
211200,2008,60mais,0,0,15
211200,2009,0a4,0,1,8
211200,2009,20a59,0,1,7
211200,2009,60mais,0,0,10
211200,2010,0a4,0,0,2
211200,2010,20a59,0,0,15
211200,2010,60mais,0,1,14
211200,2011,0a4,0,0,3
211200,2011,20a59,0,0,5
211200,2011,5a19,0,0,2
211200,2011,60mais,0,0,12
211200,2012,0a4,0,0,5
211200,2012,20a59,0,0,6
211200,2012,60mais,0,0,19
211200,2013,0a4,0,0,1
211200,2013,20a59,0,2,14
211200,2013,5a19,0,0,2
211200,2013,60mais,0,0,11
211200,2014,0a4,0,0,1
211200,2014,20a59,0,2,19
211200,2014,5a19,0,0,2
211200,2014,60mais,0,0,17
211200,2015,0a4,0,0,2
211200,2015,20a59,0,3,19
211200,2015,5a19,0,0,1
211200,2015,60mais,0,1,11
211200,2016,0a4,0,0,2
211200,2016,20a59,0,1,11
211200,2016,5a19,0,0,2
211200,2016,60mais,0,0,11
211200,2017,20a59,0,0,8
211200,2017,60mais,0,5,27
211200,2018,0a4,0,0,1
211200,2018,20a59,0,3,15
211200,2018,5a19,0,0,4
211200,2018,60mais,0,8,27
211200,2019,0a4,0,0,2
211200,2019,20a59,0,0,12
211200,2019,5a19,0,1,2
211200,2019,60mais,0,3,25
211200,2020,0a4,0,0,2
211200,2020,20a59,0,3,16
211200,2020,60mais,0,5,28
211200,2021,0a4,0,0,1
211200,2021,20a59,0,3,17
211200,2021,5a19,0,0,2
211200,2021,60mais,1,0,26
211200,2022,0a4,0,0,3
211200,2022,20a59,0,0,13
211200,2022,60mais,0,1,14
211200,2023,0a4,0,0,2
211200,2023,20a59,0,2,16
211200,2023,5a19,0,0,2
211200,2023,60mais,0,1,21
211200,2024,0a4,0,0,2
211200,2024,20a59,0,1,18
211200,2024,5a19,0,0,3
211200,2024,60mais,0,2,26
211210,2008,0a4,1,0,11
211210,2008,20a59,1,6,29
211210,2008,5a19,0,1,3
211210,2008,60mais,0,13,54
211210,2009,0a4,0,1,8
211210,2009,20a59,0,10,35
211210,2009,5a19,0,0,6
211210,2009,60mais,1,24,46
211210,2010,0a4,2,0,14
211210,2010,20a59,0,7,31
211210,2010,5a19,2,0,4
211210,2010,60mais,0,8,31
211210,2011,0a4,0,1,11
211210,2011,20a59,0,4,26
211210,2011,5a19,0,2,4
211210,2011,60mais,0,14,54
211210,2012,0a4,0,1,7
211210,2012,20a59,0,6,25
211210,2012,5a19,0,0,4
211210,2012,60mais,1,22,59
211210,2013,0a4,0,1,9
211210,2013,20a59,0,4,24
211210,2013,5a19,0,1,3
211210,2013,60mais,0,23,78
211210,2014,0a4,0,1,13
211210,2014,20a59,0,4,39
211210,2014,5a19,0,0,2
211210,2014,60mais,2,9,90
211210,2015,0a4,0,0,6
211210,2015,20a59,0,1,50
211210,2015,5a19,0,0,8
211210,2015,60mais,2,1,83
211210,2016,0a4,0,0,13
211210,2016,20a59,1,1,45
211210,2016,5a19,0,0,6
211210,2016,60mais,0,0,92
211210,2017,0a4,0,1,9
211210,2017,20a59,0,2,39
211210,2017,5a19,0,0,2
211210,2017,60mais,0,2,78
211210,2018,0a4,0,0,5
211210,2018,20a59,1,4,57
211210,2018,5a19,0,0,3
211210,2018,60mais,0,6,102
211210,2019,0a4,0,1,9
211210,2019,20a59,1,3,31
211210,2019,5a19,0,0,1
211210,2019,60mais,0,8,87
211210,2020,0a4,0,1,8
211210,2020,20a59,0,5,39
211210,2020,5a19,0,1,4
211210,2020,60mais,1,18,102
211210,2021,0a4,0,0,2
211210,2021,20a59,0,4,46
211210,2021,5a19,0,1,6
211210,2021,60mais,0,12,93
211210,2022,0a4,0,0,6
211210,2022,20a59,0,9,40
211210,2022,5a19,0,0,3
211210,2022,60mais,0,6,88
211210,2023,0a4,0,0,4
211210,2023,20a59,0,3,41
211210,2023,5a19,0,0,2
211210,2023,60mais,0,13,110
211210,2024,0a4,0,0,8
211210,2024,20a59,0,1,32
211210,2024,5a19,0,0,3
211210,2024,60mais,1,7,110
211220,2008,0a4,1,2,60
211220,2008,20a59,1,10,275
211220,2008,5a19,0,0,33
211220,2008,60mais,3,21,457
211220,2009,0a4,1,2,51
211220,2009,20a59,4,2,242
211220,2009,5a19,0,0,21
211220,2009,60mais,3,5,425
211220,2010,0a4,4,5,56
211220,2010,20a59,1,5,284
211220,2010,5a19,0,0,19
211220,2010,60mais,5,18,445
211220,2011,0a4,1,0,50
211220,2011,20a59,1,5,282
211220,2011,5a19,0,2,27
211220,2011,60mais,8,2,468
211220,2012,0a4,2,1,45
211220,2012,20a59,6,2,328
211220,2012,5a19,0,0,21
211220,2012,60mais,1,3,470
211220,2013,0a4,1,1,48
211220,2013,20a59,2,2,287
211220,2013,5a19,1,0,22
211220,2013,60mais,6,1,512
211220,2014,0a4,0,0,43
211220,2014,20a59,5,3,314
211220,2014,5a19,0,0,32
211220,2014,60mais,6,6,508
211220,2015,0a4,0,0,67
211220,2015,20a59,0,0,323
211220,2015,5a19,0,0,39
211220,2015,60mais,1,1,572
211220,2016,0a4,1,1,54
211220,2016,20a59,5,0,328
211220,2016,5a19,0,1,39
211220,2016,60mais,6,3,564
211220,2017,0a4,0,0,48
211220,2017,20a59,2,1,354
211220,2017,5a19,0,0,28
211220,2017,60mais,13,1,601
211220,2018,0a4,0,1,53
211220,2018,20a59,0,1,327
211220,2018,5a19,0,0,39
211220,2018,60mais,5,3,589
211220,2019,0a4,0,4,60
211220,2019,20a59,0,7,328
211220,2019,5a19,0,0,20
211220,2019,60mais,8,4,613
211220,2020,0a4,0,3,39
211220,2020,20a59,1,18,415
211220,2020,5a19,0,1,36
211220,2020,60mais,10,23,855
211220,2021,0a4,1,3,47
211220,2021,20a59,2,10,452
211220,2021,5a19,0,0,32
211220,2021,60mais,9,17,801
211220,2022,0a4,0,2,50
211220,2022,20a59,0,14,396
211220,2022,5a19,0,1,21
211220,2022,60mais,8,5,785
211220,2023,0a4,1,0,51
211220,2023,20a59,4,9,401
211220,2023,5a19,1,0,39
211220,2023,60mais,11,13,729
211220,2024,0a4,0,0,37
211220,2024,20a59,3,17,380
211220,2024,5a19,1,0,28
211220,2024,60mais,4,8,724
211223,2008,0a4,0,0,5
211223,2008,20a59,1,0,14
211223,2008,5a19,0,0,2
211223,2008,60mais,0,0,15
211223,2009,0a4,0,0,9
211223,2009,20a59,0,2,27
211223,2009,5a19,0,0,1
211223,2009,60mais,0,2,48
211223,2010,0a4,0,0,5
211223,2010,20a59,0,3,31
211223,2010,5a19,0,0,2
211223,2010,60mais,0,2,46
211223,2011,0a4,1,0,9
211223,2011,20a59,0,0,25
211223,2011,5a19,0,1,6
211223,2011,60mais,0,3,57
211223,2012,0a4,0,0,7
211223,2012,20a59,0,3,42
211223,2012,5a19,0,0,4
211223,2012,60mais,0,1,59
211223,2013,0a4,0,0,4
211223,2013,20a59,0,4,38
211223,2013,5a19,0,0,4
211223,2013,60mais,0,1,47
211223,2014,0a4,0,0,4
211223,2014,20a59,0,0,29
211223,2014,5a19,0,0,5
211223,2014,60mais,0,3,57
211223,2015,0a4,0,0,5
211223,2015,20a59,0,5,35
211223,2015,5a19,0,0,2
211223,2015,60mais,1,1,73
211223,2016,0a4,0,0,4
211223,2016,20a59,0,0,37
211223,2016,5a19,0,0,2
211223,2016,60mais,0,2,89
211223,2017,0a4,0,1,5
211223,2017,20a59,0,1,31
211223,2017,5a19,0,0,1
211223,2017,60mais,0,2,77
211223,2018,0a4,1,0,8
211223,2018,20a59,0,3,37
211223,2018,5a19,0,1,7
211223,2018,60mais,0,4,86
211223,2019,0a4,0,0,6
211223,2019,20a59,1,1,43
211223,2019,5a19,0,0,1
211223,2019,60mais,0,3,96
211223,2020,0a4,0,0,4
211223,2020,20a59,0,3,53
211223,2020,5a19,0,0,3
211223,2020,60mais,0,3,128
211223,2021,0a4,0,0,9
211223,2021,20a59,0,6,64
211223,2021,5a19,0,0,3
211223,2021,60mais,1,3,122
211223,2022,0a4,0,0,4
211223,2022,20a59,0,3,39
211223,2022,5a19,0,0,4
211223,2022,60mais,1,2,101
211223,2023,0a4,0,0,3
211223,2023,20a59,0,0,41
211223,2023,5a19,0,1,5
211223,2023,60mais,1,2,114
211223,2024,0a4,0,0,7
211223,2024,20a59,0,0,37
211223,2024,5a19,0,0,6
211223,2024,60mais,0,8,118
211227,2008,0a4,0,0,4
211227,2008,20a59,0,1,5
211227,2008,5a19,0,0,2
211227,2008,60mais,0,0,12
211227,2009,0a4,0,0,1
211227,2009,20a59,0,0,8
211227,2009,60mais,0,1,13
211227,2010,0a4,0,0,2
211227,2010,20a59,0,2,9
211227,2010,60mais,1,0,14
211227,2011,0a4,0,0,2
211227,2011,20a59,0,1,13
211227,2011,5a19,0,0,1
211227,2011,60mais,0,1,12
211227,2012,0a4,0,0,1
211227,2012,20a59,0,4,11
211227,2012,60mais,0,1,16
211227,2013,20a59,0,1,11
211227,2013,5a19,0,1,2
211227,2013,60mais,0,0,18
211227,2014,0a4,0,1,5
211227,2014,20a59,0,0,6
211227,2014,5a19,0,0,1
211227,2014,60mais,0,1,20
211227,2015,0a4,0,0,1
211227,2015,20a59,0,0,4
211227,2015,60mais,0,0,17
211227,2016,0a4,0,0,1
211227,2016,20a59,0,0,9
211227,2016,60mais,0,0,19
211227,2017,0a4,0,0,2
211227,2017,20a59,0,1,6
211227,2017,5a19,0,0,4
211227,2017,60mais,0,0,19
211227,2018,0a4,0,0,1
211227,2018,20a59,0,0,10
211227,2018,60mais,0,2,12
211227,2019,0a4,0,0,1
211227,2019,20a59,0,2,9
211227,2019,60mais,1,1,21
211227,2020,0a4,0,0,1
211227,2020,20a59,0,1,8
211227,2020,5a19,0,0,2
211227,2020,60mais,0,3,23
211227,2021,0a4,0,0,1
211227,2021,20a59,0,2,15
211227,2021,60mais,0,4,21
211227,2022,20a59,0,0,5
211227,2022,5a19,0,0,1
211227,2022,60mais,0,0,20
211227,2023,0a4,0,0,3
211227,2023,20a59,0,0,6
211227,2023,60mais,0,2,22
211227,2024,0a4,0,0,1
211227,2024,20a59,0,0,7
211227,2024,60mais,1,3,30
211230,2008,0a4,0,0,13
211230,2008,20a59,0,2,49
211230,2008,5a19,0,0,3
211230,2008,60mais,4,2,81
211230,2009,0a4,1,0,10
211230,2009,20a59,1,1,34
211230,2009,5a19,0,0,6
211230,2009,60mais,0,4,70
211230,2010,0a4,0,0,6
211230,2010,20a59,1,6,42
211230,2010,5a19,0,1,1
211230,2010,60mais,2,1,56
211230,2011,0a4,0,0,11
211230,2011,20a59,1,11,44
211230,2011,5a19,0,2,11
211230,2011,60mais,1,4,103
211230,2012,0a4,0,0,9
211230,2012,20a59,0,6,53
211230,2012,5a19,0,2,14
211230,2012,60mais,0,8,109
211230,2013,0a4,0,0,9
211230,2013,20a59,0,4,49
211230,2013,5a19,0,0,8
211230,2013,60mais,0,9,93
211230,2014,0a4,0,0,6
211230,2014,20a59,0,2,40
211230,2014,5a19,0,0,7
211230,2014,60mais,0,3,116
211230,2015,0a4,0,0,7
211230,2015,20a59,0,0,61
211230,2015,5a19,0,1,9
211230,2015,60mais,0,1,118
211230,2016,0a4,1,0,10
211230,2016,20a59,0,1,57
211230,2016,5a19,0,0,3
211230,2016,60mais,0,0,123
211230,2017,0a4,1,0,9
211230,2017,20a59,0,2,55
211230,2017,5a19,0,1,6
211230,2017,60mais,1,3,147
211230,2018,0a4,0,0,9
211230,2018,20a59,0,2,60
211230,2018,5a19,0,0,4
211230,2018,60mais,0,3,111
211230,2019,0a4,0,0,5
211230,2019,20a59,0,4,51
211230,2019,5a19,0,0,3
211230,2019,60mais,1,0,127
211230,2020,0a4,0,0,8
211230,2020,20a59,0,0,59
211230,2020,5a19,0,0,3
211230,2020,60mais,1,5,153
211230,2021,0a4,0,1,8
211230,2021,20a59,0,2,59
211230,2021,5a19,0,0,7
211230,2021,60mais,0,25,142
211230,2022,0a4,0,0,8
211230,2022,20a59,0,7,55
211230,2022,5a19,0,0,2
211230,2022,60mais,0,24,148
211230,2023,0a4,0,1,9
211230,2023,20a59,0,9,52
211230,2023,5a19,0,0,3
211230,2023,60mais,1,26,141
211230,2024,0a4,0,1,7
211230,2024,20a59,0,8,62
211230,2024,5a19,0,5,7
211230,2024,60mais,0,32,137
211240,2008,0a4,1,0,9
211240,2008,20a59,0,1,19
211240,2008,5a19,0,0,5
211240,2008,60mais,0,0,13
211240,2009,0a4,1,1,11
211240,2009,20a59,0,1,21
211240,2009,5a19,0,0,5
211240,2009,60mais,0,5,18
211240,2010,0a4,1,0,9
211240,2010,20a59,0,1,21
211240,2010,5a19,0,0,4
211240,2010,60mais,0,2,20
211240,2011,0a4,1,0,9
211240,2011,20a59,0,5,50
211240,2011,5a19,0,1,7
211240,2011,60mais,1,7,49
211240,2012,0a4,1,1,11
211240,2012,20a59,0,8,42
211240,2012,5a19,0,2,7
211240,2012,60mais,0,8,50
211240,2013,0a4,1,2,13
211240,2013,20a59,0,19,52
211240,2013,5a19,0,0,2
211240,2013,60mais,0,27,52
211240,2014,0a4,0,0,10
211240,2014,20a59,0,11,43
211240,2014,5a19,2,0,8
211240,2014,60mais,0,18,58
211240,2015,0a4,0,0,9
211240,2015,20a59,0,10,29
211240,2015,5a19,0,1,5
211240,2015,60mais,0,20,45
211240,2016,0a4,1,0,10
211240,2016,20a59,1,7,33
211240,2016,5a19,0,0,3
211240,2016,60mais,0,14,55
211240,2017,0a4,0,0,18
211240,2017,20a59,1,7,46
211240,2017,5a19,0,0,7
211240,2017,60mais,0,8,60
211240,2018,0a4,0,2,14
211240,2018,20a59,0,4,43
211240,2018,5a19,0,1,4
211240,2018,60mais,0,10,61
211240,2019,0a4,0,1,7
211240,2019,20a59,0,5,46
211240,2019,5a19,0,0,3
211240,2019,60mais,1,5,84
211240,2020,0a4,0,0,3
211240,2020,20a59,0,3,44
211240,2020,5a19,0,2,4
211240,2020,60mais,0,8,83
211240,2021,0a4,0,0,4
211240,2021,20a59,0,1,46
211240,2021,5a19,0,0,3
211240,2021,60mais,0,4,69
211240,2022,0a4,0,0,9
211240,2022,20a59,0,4,38
211240,2022,5a19,0,1,7
211240,2022,60mais,0,10,76
211240,2023,0a4,0,0,9
211240,2023,20a59,0,4,34
211240,2023,5a19,0,0,4
211240,2023,60mais,0,6,64
211240,2024,0a4,0,0,10
211240,2024,20a59,0,4,52
211240,2024,5a19,0,0,3
211240,2024,60mais,0,9,81
211245,2008,0a4,0,1,2
211245,2008,20a59,0,4,13
211245,2008,5a19,0,0,1
211245,2008,60mais,0,7,13
211245,2009,0a4,0,0,7
211245,2009,20a59,0,0,15
211245,2009,5a19,0,0,2
211245,2009,60mais,0,1,21
211245,2010,0a4,0,0,6
211245,2010,20a59,0,1,24
211245,2010,5a19,0,0,2
211245,2010,60mais,0,1,17
211245,2011,0a4,0,0,5
211245,2011,20a59,0,0,17
211245,2011,5a19,0,0,1
211245,2011,60mais,1,0,33
211245,2012,0a4,0,0,4
211245,2012,20a59,0,4,25
211245,2012,5a19,0,0,1
211245,2012,60mais,0,3,28
211245,2013,0a4,0,0,1
211245,2013,20a59,0,1,18
211245,2013,5a19,0,1,4
211245,2013,60mais,0,1,24
211245,2014,0a4,0,0,3
211245,2014,20a59,0,5,40
211245,2014,5a19,0,0,2
211245,2014,60mais,0,0,28
211245,2015,0a4,0,0,5
211245,2015,20a59,0,2,47
211245,2015,5a19,0,0,6
211245,2015,60mais,0,2,31
211245,2016,0a4,0,0,7
211245,2016,20a59,0,5,31
211245,2016,5a19,0,0,5
211245,2016,60mais,1,0,31
211245,2017,0a4,0,0,3
211245,2017,20a59,0,3,32
211245,2017,5a19,0,1,7
211245,2017,60mais,0,1,33
211245,2018,0a4,0,0,5
211245,2018,20a59,0,1,27
211245,2018,5a19,0,0,8
211245,2018,60mais,0,5,39
211245,2019,0a4,1,1,9
211245,2019,20a59,0,2,26
211245,2019,5a19,0,0,4
211245,2019,60mais,0,1,37
211245,2020,0a4,0,0,3
211245,2020,20a59,0,4,47
211245,2020,5a19,0,0,2
211245,2020,60mais,0,6,40
211245,2021,0a4,0,0,2
211245,2021,20a59,0,7,44
211245,2021,5a19,0,0,3
211245,2021,60mais,0,4,54
211245,2022,0a4,0,0,6
211245,2022,20a59,0,4,31
211245,2022,5a19,0,2,5
211245,2022,60mais,0,4,52
211245,2023,0a4,0,1,7
211245,2023,20a59,0,1,24
211245,2023,5a19,0,0,1
211245,2023,60mais,0,3,49
211245,2024,0a4,1,0,8
211245,2024,20a59,0,2,37
211245,2024,5a19,0,1,7
211245,2024,60mais,0,3,37
211250,2008,0a4,2,1,27
211250,2008,20a59,0,1,27
211250,2008,5a19,0,1,10
211250,2008,60mais,0,11,119
211250,2009,0a4,0,0,17
211250,2009,20a59,0,1,41
211250,2009,5a19,0,0,4
211250,2009,60mais,0,5,88
211250,2010,0a4,2,0,18
211250,2010,20a59,0,0,40
211250,2010,5a19,0,0,5
211250,2010,60mais,4,5,110
211250,2011,0a4,2,0,21
211250,2011,20a59,0,3,63
211250,2011,5a19,0,0,10
211250,2011,60mais,0,5,134
211250,2012,0a4,0,0,8
211250,2012,20a59,0,2,44
211250,2012,5a19,0,1,10
211250,2012,60mais,0,19,112
211250,2013,0a4,1,2,16
211250,2013,20a59,1,5,51
211250,2013,5a19,0,1,7
211250,2013,60mais,5,6,124
211250,2014,0a4,0,1,12
211250,2014,20a59,0,2,54
211250,2014,5a19,0,1,12
211250,2014,60mais,2,12,143
211250,2015,0a4,1,1,14
211250,2015,20a59,2,1,65
211250,2015,5a19,0,0,5
211250,2015,60mais,1,12,164
211250,2016,0a4,0,1,16
211250,2016,20a59,0,2,66
211250,2016,5a19,0,1,8
211250,2016,60mais,2,10,161
211250,2017,0a4,0,0,15
211250,2017,20a59,0,6,52
211250,2017,5a19,1,1,7
211250,2017,60mais,2,7,152
211250,2018,0a4,0,3,10
211250,2018,20a59,0,12,61
211250,2018,5a19,0,1,6
211250,2018,60mais,1,20,159
211250,2019,0a4,1,3,23
211250,2019,20a59,0,18,74
211250,2019,5a19,0,2,11
211250,2019,60mais,1,25,165
211250,2020,0a4,1,2,17
211250,2020,20a59,0,16,71
211250,2020,5a19,0,1,6
211250,2020,60mais,0,45,221
211250,2021,0a4,0,0,16
211250,2021,20a59,0,10,87
211250,2021,5a19,0,1,5
211250,2021,60mais,0,24,195
211250,2022,0a4,0,0,12
211250,2022,20a59,0,4,76
211250,2022,5a19,0,0,6
211250,2022,60mais,0,18,181
211250,2023,0a4,0,0,14
211250,2023,20a59,0,2,72
211250,2023,5a19,0,1,5
211250,2023,60mais,1,18,185
211250,2024,0a4,0,0,12
211250,2024,20a59,1,7,80
211250,2024,5a19,0,0,7
211250,2024,60mais,1,23,191
211260,2008,0a4,2,2,13
211260,2008,20a59,0,3,11
211260,2008,5a19,0,0,4
211260,2008,60mais,0,2,23
211260,2009,0a4,0,1,11
211260,2009,20a59,0,0,21
211260,2009,60mais,0,4,24
211260,2010,0a4,0,1,10
211260,2010,20a59,0,0,17
211260,2010,5a19,0,1,6
211260,2010,60mais,0,3,22
211260,2011,0a4,1,2,17
211260,2011,20a59,0,3,22
211260,2011,5a19,0,0,1
211260,2011,60mais,0,2,35
211260,2012,0a4,0,0,12
211260,2012,20a59,0,0,14
211260,2012,5a19,0,0,4
211260,2012,60mais,0,1,27
211260,2013,0a4,1,0,18
211260,2013,20a59,0,1,16
211260,2013,5a19,0,0,1
211260,2013,60mais,0,0,26
211260,2014,0a4,0,0,5
211260,2014,20a59,0,5,26
211260,2014,5a19,0,0,6
211260,2014,60mais,0,4,27
211260,2015,0a4,1,0,7
211260,2015,20a59,0,2,27
211260,2015,5a19,0,1,5
211260,2015,60mais,0,2,30
211260,2016,0a4,1,0,8
211260,2016,20a59,0,1,28
211260,2016,5a19,0,0,4
211260,2016,60mais,0,0,39
211260,2017,0a4,0,1,8
211260,2017,20a59,0,4,35
211260,2017,5a19,0,1,4
211260,2017,60mais,0,3,36
211260,2018,0a4,0,0,12
211260,2018,20a59,0,0,28
211260,2018,5a19,0,0,3
211260,2018,60mais,0,1,56
211260,2019,0a4,0,1,10
211260,2019,20a59,0,0,34
211260,2019,5a19,0,0,3
211260,2019,60mais,1,1,53
211260,2020,0a4,0,1,9
211260,2020,20a59,0,3,37
211260,2020,5a19,0,0,4
211260,2020,60mais,0,1,67
211260,2021,0a4,0,1,6
211260,2021,20a59,0,1,42
211260,2021,5a19,0,0,5
211260,2021,60mais,0,1,62
211260,2022,0a4,0,1,8
211260,2022,20a59,0,0,31
211260,2022,5a19,0,0,2
211260,2022,60mais,0,1,59
211260,2023,0a4,0,1,10
211260,2023,20a59,0,0,37
211260,2023,5a19,0,0,3
211260,2023,60mais,1,2,49
211260,2024,0a4,0,0,6
211260,2024,20a59,0,4,45
211260,2024,5a19,0,0,7
211260,2024,60mais,1,4,61
211270,2008,0a4,3,1,19
211270,2008,20a59,2,3,51
211270,2008,5a19,0,1,10
211270,2008,60mais,0,4,87
211270,2009,0a4,0,0,28
211270,2009,20a59,0,1,59
211270,2009,5a19,0,0,6
211270,2009,60mais,1,2,86
211270,2010,0a4,1,1,21
211270,2010,20a59,0,3,48
211270,2010,5a19,0,0,11
211270,2010,60mais,0,0,112
211270,2011,0a4,1,0,17
211270,2011,20a59,0,2,69
211270,2011,5a19,0,0,8
211270,2011,60mais,0,2,110
211270,2012,0a4,0,4,23
211270,2012,20a59,0,3,55
211270,2012,5a19,0,0,8
211270,2012,60mais,1,2,94
211270,2013,0a4,0,1,13
211270,2013,20a59,0,1,54
211270,2013,5a19,0,0,2
211270,2013,60mais,0,6,142
211270,2014,0a4,0,0,19
211270,2014,20a59,0,4,61
211270,2014,5a19,0,0,10
211270,2014,60mais,0,6,110
211270,2015,0a4,1,0,25
211270,2015,20a59,0,3,61
211270,2015,5a19,0,0,11
211270,2015,60mais,0,8,128
211270,2016,0a4,0,0,23
211270,2016,20a59,0,3,65
211270,2016,5a19,0,2,9
211270,2016,60mais,1,16,125
211270,2017,0a4,0,2,15
211270,2017,20a59,0,6,70
211270,2017,5a19,0,0,9
211270,2017,60mais,0,1,130
211270,2018,0a4,1,0,17
211270,2018,20a59,1,4,73
211270,2018,5a19,0,1,9
211270,2018,60mais,0,3,120
211270,2019,0a4,0,1,18
211270,2019,20a59,0,3,62
211270,2019,5a19,0,0,7
211270,2019,60mais,1,1,126
211270,2020,0a4,2,2,13
211270,2020,20a59,0,8,78
211270,2020,5a19,1,1,7
211270,2020,60mais,1,2,151
211270,2021,0a4,0,0,14
211270,2021,20a59,0,2,91
211270,2021,5a19,0,0,8
211270,2021,60mais,0,4,172
211270,2022,0a4,0,0,10
211270,2022,20a59,0,0,64
211270,2022,5a19,0,0,9
211270,2022,60mais,1,3,138
211270,2023,0a4,0,0,12
211270,2023,20a59,0,1,60
211270,2023,5a19,0,0,6
211270,2023,60mais,1,7,158
211270,2024,0a4,1,0,20
211270,2024,20a59,0,0,99
211270,2024,5a19,0,0,9
211270,2024,60mais,0,4,162
211280,2008,0a4,2,2,20
211280,2008,20a59,0,10,63
211280,2008,5a19,0,0,5
211280,2008,60mais,0,38,119
211280,2009,0a4,0,1,13
211280,2009,20a59,0,5,58
211280,2009,5a19,0,0,2
211280,2009,60mais,0,9,103
211280,2010,0a4,0,0,21
211280,2010,20a59,0,3,72
211280,2010,5a19,0,0,8
211280,2010,60mais,2,7,146
211280,2011,0a4,1,0,28
211280,2011,20a59,0,1,79
211280,2011,5a19,0,0,2
211280,2011,60mais,1,10,138
211280,2012,0a4,2,1,13
211280,2012,20a59,0,5,78
211280,2012,5a19,0,4,12
211280,2012,60mais,0,10,126
211280,2013,0a4,0,0,18
211280,2013,20a59,0,5,67
211280,2013,5a19,0,0,7
211280,2013,60mais,1,9,145
211280,2014,0a4,0,1,23
211280,2014,20a59,0,3,85
211280,2014,5a19,0,1,9
211280,2014,60mais,0,6,140
211280,2015,0a4,1,1,26
211280,2015,20a59,0,2,84
211280,2015,5a19,0,2,11
211280,2015,60mais,0,11,169
211280,2016,0a4,1,0,11
211280,2016,20a59,0,8,89
211280,2016,5a19,0,1,11
211280,2016,60mais,0,9,133
211280,2017,0a4,0,0,26
211280,2017,20a59,0,3,81
211280,2017,5a19,0,0,14
211280,2017,60mais,2,18,171
211280,2018,0a4,1,0,19
211280,2018,20a59,0,5,86
211280,2018,5a19,0,1,13
211280,2018,60mais,0,18,161
211280,2019,0a4,1,2,19
211280,2019,20a59,0,3,97
211280,2019,5a19,0,0,9
211280,2019,60mais,1,8,187
211280,2020,0a4,0,1,19
211280,2020,20a59,1,4,114
211280,2020,5a19,0,0,11
211280,2020,60mais,0,16,203
211280,2021,0a4,0,0,14
211280,2021,20a59,0,4,106
211280,2021,5a19,0,0,6
211280,2021,60mais,1,9,202
211280,2022,0a4,0,0,13
211280,2022,20a59,0,3,91
211280,2022,5a19,0,0,7
211280,2022,60mais,1,10,202
211280,2023,0a4,0,0,18
211280,2023,20a59,0,7,96
211280,2023,5a19,0,1,11
211280,2023,60mais,0,13,197
211280,2024,0a4,0,0,16
211280,2024,20a59,0,7,109
211280,2024,5a19,0,0,8
211280,2024,60mais,1,13,191
211285,2008,0a4,0,1,2
211285,2008,20a59,0,3,9
211285,2008,5a19,0,0,2
211285,2008,60mais,0,6,18
211285,2009,0a4,0,0,3
211285,2009,20a59,0,0,7
211285,2009,5a19,0,0,3
211285,2009,60mais,0,5,19
211285,2010,0a4,0,0,4
211285,2010,20a59,0,3,11
211285,2010,60mais,0,6,23
211285,2011,0a4,0,0,1
211285,2011,20a59,0,1,7
211285,2011,5a19,0,0,4
211285,2011,60mais,0,3,17
211285,2012,0a4,0,0,2
211285,2012,20a59,0,0,13
211285,2012,5a19,0,0,2
211285,2012,60mais,0,2,14
211285,2013,0a4,0,0,1
211285,2013,20a59,0,1,16
211285,2013,5a19,0,0,2
211285,2013,60mais,0,0,15
211285,2014,0a4,0,0,2
211285,2014,20a59,0,1,17
211285,2014,5a19,0,1,3
211285,2014,60mais,0,1,22
211285,2015,0a4,0,0,2
211285,2015,20a59,0,1,16
211285,2015,5a19,0,0,3
211285,2015,60mais,0,1,20
211285,2016,20a59,0,1,24
211285,2016,5a19,0,0,6
211285,2016,60mais,0,1,19
211285,2017,0a4,0,0,4
211285,2017,20a59,0,0,17
211285,2017,5a19,0,0,3
211285,2017,60mais,0,6,27
211285,2018,0a4,0,0,3
211285,2018,20a59,0,4,22
211285,2018,5a19,0,0,4
211285,2018,60mais,0,6,36
211285,2019,0a4,0,0,3
211285,2019,20a59,0,2,19
211285,2019,5a19,0,0,1
211285,2019,60mais,1,6,36
211285,2020,0a4,0,0,8
211285,2020,20a59,1,0,15
211285,2020,60mais,0,2,32
211285,2021,0a4,0,0,5
211285,2021,20a59,0,0,19
211285,2021,5a19,0,0,1
211285,2021,60mais,0,6,52
211285,2022,0a4,0,0,2
211285,2022,20a59,0,5,19
211285,2022,5a19,0,1,3
211285,2022,60mais,1,7,44
211285,2023,0a4,0,0,3
211285,2023,20a59,1,0,21
211285,2023,5a19,0,0,2
211285,2023,60mais,0,1,27
211285,2024,0a4,0,0,5
211285,2024,20a59,0,1,13
211285,2024,5a19,0,0,1
211285,2024,60mais,0,2,31
211290,2008,0a4,2,0,16
211290,2008,20a59,0,2,57
211290,2008,5a19,0,2,7
211290,2008,60mais,0,6,64
211290,2009,0a4,5,1,21
211290,2009,20a59,0,3,57
211290,2009,5a19,0,0,5
211290,2009,60mais,0,9,90
211290,2010,0a4,1,0,16
211290,2010,20a59,0,2,46
211290,2010,5a19,0,0,8
211290,2010,60mais,0,11,81
211290,2011,0a4,0,0,12
211290,2011,20a59,0,5,51
211290,2011,5a19,0,0,6
211290,2011,60mais,0,17,94
211290,2012,0a4,0,2,12
211290,2012,20a59,0,5,45
211290,2012,5a19,0,0,4
211290,2012,60mais,0,18,76
211290,2013,0a4,0,1,11
211290,2013,20a59,0,3,47
211290,2013,5a19,0,0,4
211290,2013,60mais,0,10,100
211290,2014,0a4,0,0,7
211290,2014,20a59,0,6,60
211290,2014,5a19,0,0,5
211290,2014,60mais,0,12,121
211290,2015,0a4,0,0,8
211290,2015,20a59,0,4,44
211290,2015,5a19,0,0,6
211290,2015,60mais,0,12,93
211290,2016,0a4,0,0,9
211290,2016,20a59,1,4,54
211290,2016,5a19,0,0,3
211290,2016,60mais,0,11,127
211290,2017,0a4,0,0,9
211290,2017,20a59,0,2,65
211290,2017,5a19,0,0,4
211290,2017,60mais,0,7,113
211290,2018,0a4,0,0,13
211290,2018,20a59,0,2,52
211290,2018,5a19,0,0,6
211290,2018,60mais,0,8,113
211290,2019,0a4,0,0,4
211290,2019,20a59,0,3,45
211290,2019,5a19,0,0,6
211290,2019,60mais,0,6,109
211290,2020,0a4,0,0,8
211290,2020,20a59,0,2,64
211290,2020,5a19,0,0,3
211290,2020,60mais,0,7,138
211290,2021,0a4,0,0,4
211290,2021,20a59,0,1,59
211290,2021,5a19,0,0,3
211290,2021,60mais,0,4,132
211290,2022,0a4,0,0,4
211290,2022,20a59,0,1,54
211290,2022,5a19,0,1,4
211290,2022,60mais,0,6,138
211290,2023,0a4,0,0,12
211290,2023,20a59,3,2,61
211290,2023,5a19,0,0,3
211290,2023,60mais,1,8,126
211290,2024,0a4,0,0,2
211290,2024,20a59,1,3,57
211290,2024,5a19,0,1,6
211290,2024,60mais,1,8,142
211300,2008,0a4,0,0,7
211300,2008,20a59,1,5,49
211300,2008,60mais,0,3,69
211300,2009,0a4,0,1,9
211300,2009,20a59,0,1,43
211300,2009,5a19,0,0,10
211300,2009,60mais,0,4,85
211300,2010,0a4,0,1,10
211300,2010,20a59,0,3,47
211300,2010,5a19,0,0,3
211300,2010,60mais,0,5,72
211300,2011,0a4,0,0,6
211300,2011,20a59,1,0,51
211300,2011,5a19,0,0,3
211300,2011,60mais,0,4,87
211300,2012,0a4,0,0,8
211300,2012,20a59,0,2,53
211300,2012,5a19,0,0,2
211300,2012,60mais,1,8,96
211300,2013,0a4,0,0,4
211300,2013,20a59,0,2,50
211300,2013,5a19,0,0,9
211300,2013,60mais,0,2,102
211300,2014,0a4,0,2,6
211300,2014,20a59,0,6,53
211300,2014,5a19,0,1,2
211300,2014,60mais,0,8,96
211300,2015,0a4,0,0,7
211300,2015,20a59,0,1,40
211300,2015,5a19,0,0,5
211300,2015,60mais,0,3,103
211300,2016,0a4,0,1,5
211300,2016,20a59,1,1,52
211300,2016,5a19,0,0,5
211300,2016,60mais,0,4,81
211300,2017,0a4,0,0,7
211300,2017,20a59,0,1,53
211300,2017,5a19,0,0,8
211300,2017,60mais,1,3,100
211300,2018,0a4,2,0,6
211300,2018,20a59,0,2,48
211300,2018,5a19,0,0,6
211300,2018,60mais,0,6,107
211300,2019,0a4,0,0,6
211300,2019,20a59,0,1,43
211300,2019,5a19,0,0,7
211300,2019,60mais,0,4,126
211300,2020,0a4,0,0,7
211300,2020,20a59,1,6,56
211300,2020,5a19,0,0,4
211300,2020,60mais,0,9,142
211300,2021,0a4,1,0,6
211300,2021,20a59,0,4,59
211300,2021,5a19,0,0,1
211300,2021,60mais,1,8,153
211300,2022,0a4,0,0,5
211300,2022,20a59,0,2,49
211300,2022,5a19,1,0,3
211300,2022,60mais,1,3,118
211300,2023,0a4,0,0,7
211300,2023,20a59,0,1,48
211300,2023,5a19,0,0,4
211300,2023,60mais,0,2,140
211300,2024,0a4,0,0,7
211300,2024,20a59,1,0,61
211300,2024,5a19,0,0,4
211300,2024,60mais,1,5,138
211400,2008,0a4,1,0,12
211400,2008,20a59,0,0,75
211400,2008,5a19,0,0,12
211400,2008,60mais,1,1,74
211400,2009,0a4,1,0,14
211400,2009,20a59,0,4,84
211400,2009,5a19,0,0,11
211400,2009,60mais,2,8,123
211400,2010,0a4,1,0,21
211400,2010,20a59,0,3,65
211400,2010,5a19,0,0,13
211400,2010,60mais,0,4,141
211400,2011,0a4,0,0,14
211400,2011,20a59,0,6,80
211400,2011,5a19,0,0,7
211400,2011,60mais,0,3,125
211400,2012,0a4,0,0,12
211400,2012,20a59,0,7,77
211400,2012,5a19,0,2,8
211400,2012,60mais,0,6,139
211400,2013,0a4,1,0,23
211400,2013,20a59,0,7,89
211400,2013,5a19,0,0,15
211400,2013,60mais,0,11,154
211400,2014,0a4,0,0,15
211400,2014,20a59,0,5,70
211400,2014,5a19,1,1,13
211400,2014,60mais,1,4,168
211400,2015,0a4,2,0,19
211400,2015,20a59,0,0,84
211400,2015,5a19,0,0,9
211400,2015,60mais,2,6,151
211400,2016,0a4,0,0,18
211400,2016,20a59,1,4,88
211400,2016,5a19,0,0,12
211400,2016,60mais,0,7,158
211400,2017,0a4,0,1,23
211400,2017,20a59,0,0,84
211400,2017,5a19,0,1,10
211400,2017,60mais,1,1,160
211400,2018,0a4,0,0,12
211400,2018,20a59,0,2,73
211400,2018,5a19,1,0,7
211400,2018,60mais,1,2,188
211400,2019,0a4,0,0,21
211400,2019,20a59,1,0,77
211400,2019,5a19,0,0,10
211400,2019,60mais,1,1,170
211400,2020,0a4,0,0,16
211400,2020,20a59,1,4,93
211400,2020,5a19,0,1,7
211400,2020,60mais,0,2,220
211400,2021,0a4,0,0,9
211400,2021,20a59,0,0,98
211400,2021,5a19,0,0,14
211400,2021,60mais,0,2,198
211400,2022,0a4,0,0,10
211400,2022,20a59,0,2,74
211400,2022,5a19,0,0,7
211400,2022,60mais,0,1,179
211400,2023,0a4,2,0,12
211400,2023,20a59,0,0,67
211400,2023,5a19,0,0,3
211400,2023,60mais,2,1,148
211400,2024,0a4,1,0,11
211400,2024,20a59,0,4,64
211400,2024,5a19,0,0,5
211400,2024,60mais,2,3,177
